ISO-10303-21;
HEADER;
/* Generated by software containing ST-Developer
 * from STEP Tools, Inc. (www.steptools.com) 
 */

FILE_DESCRIPTION(
/* description */ (''),
/* implementation_level */ '2;1');

FILE_NAME(
/* name */ '5015 Fan.stp',
/* time_stamp */ '2025-10-21T13:02:14+10:00',
/* author */ ('Jcw Drafting Lab 1'),
/* organization */ (''),
/* preprocessor_version */ 'ST-DEVELOPER v20',
/* originating_system */ 'Autodesk Inventor 2025',
/* authorisation */ '');

FILE_SCHEMA (('AUTOMOTIVE_DESIGN { 1 0 10303 214 3 1 1 }'));
ENDSEC;

DATA;
#10=MECHANICAL_DESIGN_GEOMETRIC_PRESENTATION_REPRESENTATION('',(#5218,#5219,
#5220,#5221,#5222,#5223,#5224,#5225,#5226,#5227,#5228,#5229,#5230,#5231,
#5232,#5233,#5234,#5235,#5236,#5237,#5238,#5239,#5240,#5241,#5242,#5243,
#5244,#5245,#5246,#5247,#5248,#5249,#5250,#5251,#5252,#5253,#5254,#5255,
#5256,#5257,#5258,#5259,#5260,#5261,#5262,#5263,#5264,#5265,#5266,#5267,
#5268,#5269,#5270,#5271,#5272,#5273,#5274,#5275,#5276,#5277,#5278,#5279,
#5280,#5281,#5282,#5283,#5284,#5285,#5286,#5287,#5288,#5289,#5290,#5291,
#5292,#5293,#5294,#5295,#5296,#5297,#5298,#5299,#5300,#5301,#5302,#5303,
#5304,#5305,#5306,#5307,#5308,#5309,#5310,#5311,#5312,#5313,#5314,#5315,
#5316,#5317,#5318,#5319,#5320,#5321,#5322,#5323,#5324,#5325,#5326,#5327,
#5328,#5329,#5330,#5331,#5332,#5333,#5334,#5335,#5336,#5337,#5338,#5339,
#5340,#5341,#5342,#5343,#5344,#5345,#5346,#5347,#5348,#5349,#5350,#5351,
#5352,#5353,#5354,#5355,#5356,#5357,#5358,#5359,#5360,#5361,#5362,#5363,
#5364,#5365,#5366,#5367,#5368,#5369,#5370,#5371,#5372,#5373,#5374,#5375,
#5376,#5377,#5378,#5379,#5380,#5381,#5382,#5383,#5384,#5385,#5386,#5387,
#5388,#5389,#5390,#5391,#5392,#5393,#5394,#5395,#5396,#5397,#5398,#5399,
#5400,#5401,#5402,#5403,#5404,#5405,#5406,#5407,#5408,#5409,#5410,#5411,
#5412,#5413,#5414,#5415,#5416,#5417,#5418,#5419,#5420,#5421,#5422,#5423,
#5424,#5425,#5426,#5427,#5428,#5429,#5430,#5431,#5432,#5433,#5434,#5435,
#5436,#5437,#5438,#5439,#5440,#5441,#5442,#5443,#5444,#5445,#5446,#5447,
#5448,#5449,#5450,#5451,#5452,#5453,#5454,#5455,#5456,#5457,#5458,#5459,
#5460,#5461,#5462,#5463,#5464,#5465,#5466,#5467,#5468,#5469,#5470,#5471,
#5472,#5473,#5474,#5475,#5476,#5477,#5478,#5479,#5480,#5481,#5482,#5483,
#5484,#5485,#5486,#5487,#5488,#5489,#5490,#5491,#5492,#5493,#5494,#5495,
#5496,#5497,#5498,#5499,#5500,#5501,#5502,#5503,#5504,#5505,#5506,#5507,
#5508,#5509,#5510,#5511,#5512,#5513,#5514,#5515,#5516,#5517,#5518,#5519,
#5520,#5521,#5522,#5523,#5524,#5525,#5526,#5527,#5528,#5529,#5530,#5531,
#5532,#5533,#5534,#5535,#5536),#10936);
#11=SHAPE_REPRESENTATION_RELATIONSHIP('SRR','None',#10943,#12);
#12=ADVANCED_BREP_SHAPE_REPRESENTATION('',(#14,#15,#16),#10935);
#13=(
BOUNDED_SURFACE()
B_SPLINE_SURFACE(2,2,((#10334,#10335,#10336,#10337,#10338),(#10339,#10340,
#10341,#10342,#10343),(#10344,#10345,#10346,#10347,#10348)),
 .UNSPECIFIED.,.F.,.F.,.F.)
B_SPLINE_SURFACE_WITH_KNOTS((3,3),(3,2,3),(-2.02182313859119,-1.57079632679487),
(-1.57079632890552,-0.0649231833182482,1.44094996226902),.UNSPECIFIED.)
GEOMETRIC_REPRESENTATION_ITEM()
RATIONAL_B_SPLINE_SURFACE(((1.,0.729684035070456,1.,0.729684035070456,1.),
(0.974679434480892,0.711208022652207,0.974679434480892,0.711208022652207,
0.974679434480892),(1.,0.729684035070456,1.,0.729684035070456,1.)))
REPRESENTATION_ITEM('')
SURFACE()
);
#14=MANIFOLD_SOLID_BREP('Solid1',#5854);
#15=MANIFOLD_SOLID_BREP('Solid2',#5855);
#16=MANIFOLD_SOLID_BREP('Solid3',#5856);
#17=FACE_BOUND('',#1351,.T.);
#18=FACE_BOUND('',#1468,.T.);
#19=FACE_BOUND('',#1535,.T.);
#20=FACE_BOUND('',#1544,.T.);
#21=FACE_BOUND('',#1559,.T.);
#22=FACE_BOUND('',#1560,.T.);
#23=FACE_BOUND('',#1561,.T.);
#24=FACE_BOUND('',#1566,.T.);
#25=FACE_BOUND('',#1577,.T.);
#26=FACE_BOUND('',#1587,.T.);
#27=FACE_BOUND('',#1605,.T.);
#28=FACE_BOUND('',#1606,.T.);
#29=FACE_BOUND('',#1607,.T.);
#30=FACE_BOUND('',#1608,.T.);
#31=FACE_BOUND('',#1609,.T.);
#32=FACE_BOUND('',#1610,.T.);
#33=FACE_BOUND('',#1611,.T.);
#34=FACE_BOUND('',#1612,.T.);
#35=FACE_BOUND('',#1613,.T.);
#36=FACE_BOUND('',#1614,.T.);
#37=FACE_BOUND('',#1615,.T.);
#38=PLANE('',#5962);
#39=PLANE('',#5963);
#40=PLANE('',#6064);
#41=PLANE('',#6078);
#42=PLANE('',#6088);
#43=PLANE('',#6098);
#44=PLANE('',#6108);
#45=PLANE('',#6118);
#46=PLANE('',#6128);
#47=PLANE('',#6138);
#48=PLANE('',#6148);
#49=PLANE('',#6158);
#50=PLANE('',#6168);
#51=PLANE('',#6178);
#52=PLANE('',#6188);
#53=PLANE('',#6198);
#54=PLANE('',#6208);
#55=PLANE('',#6218);
#56=PLANE('',#6228);
#57=PLANE('',#6238);
#58=PLANE('',#6248);
#59=PLANE('',#6258);
#60=PLANE('',#6268);
#61=PLANE('',#6274);
#62=PLANE('',#6280);
#63=PLANE('',#6282);
#64=PLANE('',#6284);
#65=PLANE('',#6286);
#66=PLANE('',#6288);
#67=PLANE('',#6290);
#68=PLANE('',#6296);
#69=PLANE('',#6302);
#70=PLANE('',#6308);
#71=PLANE('',#6314);
#72=PLANE('',#6324);
#73=PLANE('',#6325);
#74=PLANE('',#6359);
#75=PLANE('',#6360);
#76=PLANE('',#6362);
#77=PLANE('',#6364);
#78=PLANE('',#6366);
#79=PLANE('',#6368);
#80=PLANE('',#6370);
#81=PLANE('',#6372);
#82=PLANE('',#6374);
#83=PLANE('',#6376);
#84=PLANE('',#6378);
#85=PLANE('',#6380);
#86=PLANE('',#6382);
#87=PLANE('',#6384);
#88=PLANE('',#6386);
#89=PLANE('',#6388);
#90=PLANE('',#6390);
#91=PLANE('',#6392);
#92=PLANE('',#6394);
#93=PLANE('',#6396);
#94=PLANE('',#6398);
#95=PLANE('',#6400);
#96=PLANE('',#6402);
#97=PLANE('',#6405);
#98=PLANE('',#6406);
#99=PLANE('',#6408);
#100=PLANE('',#6410);
#101=PLANE('',#6412);
#102=PLANE('',#6414);
#103=PLANE('',#6416);
#104=PLANE('',#6418);
#105=PLANE('',#6420);
#106=PLANE('',#6422);
#107=PLANE('',#6423);
#108=PLANE('',#6424);
#109=PLANE('',#6425);
#110=PLANE('',#6426);
#111=PLANE('',#6427);
#112=PLANE('',#6428);
#113=PLANE('',#6429);
#114=PLANE('',#6430);
#115=PLANE('',#6431);
#116=PLANE('',#6467);
#117=PLANE('',#6468);
#118=PLANE('',#6469);
#119=PLANE('',#6480);
#120=PLANE('',#6483);
#121=PLANE('',#6484);
#122=PLANE('',#6487);
#123=PLANE('',#6488);
#124=PLANE('',#6495);
#125=PLANE('',#6498);
#126=PLANE('',#6499);
#127=PLANE('',#6501);
#128=PLANE('',#6509);
#129=PLANE('',#6510);
#130=PLANE('',#6511);
#131=PLANE('',#6512);
#132=PLANE('',#6513);
#133=PLANE('',#6523);
#134=PLANE('',#6526);
#135=PLANE('',#6529);
#136=PLANE('',#6532);
#137=PLANE('',#6535);
#138=PLANE('',#6538);
#139=PLANE('',#6541);
#140=PLANE('',#6542);
#141=PLANE('',#6543);
#142=PLANE('',#6544);
#143=PLANE('',#6566);
#144=PLANE('',#6573);
#145=PLANE('',#6576);
#146=PLANE('',#6577);
#147=PLANE('',#6580);
#148=PLANE('',#6585);
#149=PLANE('',#6588);
#150=PLANE('',#6591);
#151=PLANE('',#6594);
#152=PLANE('',#6597);
#153=PLANE('',#6600);
#154=PLANE('',#6601);
#155=PLANE('',#6604);
#156=PLANE('',#6605);
#157=PLANE('',#6608);
#158=PLANE('',#6611);
#159=PLANE('',#6614);
#160=PLANE('',#6618);
#161=PLANE('',#6619);
#162=PLANE('',#6621);
#163=PLANE('',#6622);
#164=PLANE('',#6623);
#165=PLANE('',#6624);
#166=PLANE('',#6625);
#167=PLANE('',#6626);
#168=PLANE('',#6627);
#169=PLANE('',#6628);
#170=PLANE('',#6629);
#171=PLANE('',#6630);
#172=PLANE('',#6631);
#173=CONICAL_SURFACE('',#5886,16.,0.785398163397444);
#174=CONICAL_SURFACE('',#5956,15.8,0.78539816339745);
#175=CONICAL_SURFACE('',#5996,16.,0.785398163397444);
#176=CONICAL_SURFACE('',#5998,16.,0.785398163397444);
#177=CONICAL_SURFACE('',#6000,16.,0.785398163397443);
#178=CONICAL_SURFACE('',#6002,16.,0.785398163397444);
#179=CONICAL_SURFACE('',#6004,16.,0.785398163397444);
#180=CONICAL_SURFACE('',#6006,16.,0.785398163397444);
#181=CONICAL_SURFACE('',#6008,16.,0.785398163397443);
#182=CONICAL_SURFACE('',#6010,16.,0.785398163397443);
#183=CONICAL_SURFACE('',#6012,16.,0.785398163397444);
#184=CONICAL_SURFACE('',#6014,16.,0.785398163397444);
#185=CONICAL_SURFACE('',#6016,16.,0.785398163397444);
#186=CONICAL_SURFACE('',#6018,16.,0.785398163397444);
#187=CONICAL_SURFACE('',#6020,16.,0.785398163397443);
#188=CONICAL_SURFACE('',#6022,16.,0.785398163397443);
#189=CONICAL_SURFACE('',#6024,16.,0.785398163397444);
#190=CONICAL_SURFACE('',#6026,16.,0.785398163397443);
#191=CONICAL_SURFACE('',#6028,16.,0.785398163397444);
#192=CONICAL_SURFACE('',#6030,16.,0.785398163397444);
#193=CONICAL_SURFACE('',#6032,16.,0.785398163397443);
#194=CONICAL_SURFACE('',#6034,16.,0.785398163397443);
#195=CONICAL_SURFACE('',#6036,16.,0.785398163397443);
#196=CONICAL_SURFACE('',#6038,16.,0.785398163397443);
#197=CONICAL_SURFACE('',#6040,16.,0.785398163397444);
#198=CONICAL_SURFACE('',#6042,16.,0.785398163397444);
#199=CONICAL_SURFACE('',#6044,16.,0.785398163397444);
#200=CONICAL_SURFACE('',#6046,16.,0.785398163397444);
#201=CONICAL_SURFACE('',#6048,16.,0.785398163397444);
#202=CONICAL_SURFACE('',#6050,16.,0.785398163397444);
#203=CONICAL_SURFACE('',#6052,16.,0.785398163397444);
#204=CONICAL_SURFACE('',#6054,16.,0.785398163397444);
#205=CONICAL_SURFACE('',#6056,16.,0.785398163397444);
#206=CONICAL_SURFACE('',#6058,16.,0.785398163397443);
#207=LINE('',#8833,#536);
#208=LINE('',#8860,#537);
#209=LINE('',#8873,#538);
#210=LINE('',#8876,#539);
#211=LINE('',#8882,#540);
#212=LINE('',#8895,#541);
#213=LINE('',#8898,#542);
#214=LINE('',#8904,#543);
#215=LINE('',#8908,#544);
#216=LINE('',#8918,#545);
#217=LINE('',#8924,#546);
#218=LINE('',#8937,#547);
#219=LINE('',#8940,#548);
#220=LINE('',#8946,#549);
#221=LINE('',#8950,#550);
#222=LINE('',#8960,#551);
#223=LINE('',#8975,#552);
#224=LINE('',#8982,#553);
#225=LINE('',#8986,#554);
#226=LINE('',#8996,#555);
#227=LINE('',#9011,#556);
#228=LINE('',#9018,#557);
#229=LINE('',#9022,#558);
#230=LINE('',#9032,#559);
#231=LINE('',#9047,#560);
#232=LINE('',#9063,#561);
#233=LINE('',#9070,#562);
#234=LINE('',#9083,#563);
#235=LINE('',#9086,#564);
#236=LINE('',#9092,#565);
#237=LINE('',#9105,#566);
#238=LINE('',#9108,#567);
#239=LINE('',#9114,#568);
#240=LINE('',#9127,#569);
#241=LINE('',#9130,#570);
#242=LINE('',#9136,#571);
#243=LINE('',#9149,#572);
#244=LINE('',#9152,#573);
#245=LINE('',#9158,#574);
#246=LINE('',#9172,#575);
#247=LINE('',#9175,#576);
#248=LINE('',#9180,#577);
#249=LINE('',#9186,#578);
#250=LINE('',#9686,#579);
#251=LINE('',#9690,#580);
#252=LINE('',#9694,#581);
#253=LINE('',#9702,#582);
#254=LINE('',#9704,#583);
#255=LINE('',#9708,#584);
#256=LINE('',#9713,#585);
#257=LINE('',#9716,#586);
#258=LINE('',#9720,#587);
#259=LINE('',#9726,#588);
#260=LINE('',#9734,#589);
#261=LINE('',#9737,#590);
#262=LINE('',#9741,#591);
#263=LINE('',#9747,#592);
#264=LINE('',#9755,#593);
#265=LINE('',#9758,#594);
#266=LINE('',#9762,#595);
#267=LINE('',#9768,#596);
#268=LINE('',#9776,#597);
#269=LINE('',#9779,#598);
#270=LINE('',#9783,#599);
#271=LINE('',#9789,#600);
#272=LINE('',#9797,#601);
#273=LINE('',#9800,#602);
#274=LINE('',#9804,#603);
#275=LINE('',#9810,#604);
#276=LINE('',#9818,#605);
#277=LINE('',#9821,#606);
#278=LINE('',#9825,#607);
#279=LINE('',#9831,#608);
#280=LINE('',#9839,#609);
#281=LINE('',#9842,#610);
#282=LINE('',#9846,#611);
#283=LINE('',#9852,#612);
#284=LINE('',#9860,#613);
#285=LINE('',#9863,#614);
#286=LINE('',#9867,#615);
#287=LINE('',#9873,#616);
#288=LINE('',#9881,#617);
#289=LINE('',#9884,#618);
#290=LINE('',#9888,#619);
#291=LINE('',#9894,#620);
#292=LINE('',#9902,#621);
#293=LINE('',#9905,#622);
#294=LINE('',#9909,#623);
#295=LINE('',#9915,#624);
#296=LINE('',#9923,#625);
#297=LINE('',#9926,#626);
#298=LINE('',#9930,#627);
#299=LINE('',#9936,#628);
#300=LINE('',#9944,#629);
#301=LINE('',#9947,#630);
#302=LINE('',#9951,#631);
#303=LINE('',#9957,#632);
#304=LINE('',#9965,#633);
#305=LINE('',#9968,#634);
#306=LINE('',#9972,#635);
#307=LINE('',#9978,#636);
#308=LINE('',#9986,#637);
#309=LINE('',#9989,#638);
#310=LINE('',#9993,#639);
#311=LINE('',#9999,#640);
#312=LINE('',#10007,#641);
#313=LINE('',#10010,#642);
#314=LINE('',#10014,#643);
#315=LINE('',#10020,#644);
#316=LINE('',#10028,#645);
#317=LINE('',#10031,#646);
#318=LINE('',#10035,#647);
#319=LINE('',#10041,#648);
#320=LINE('',#10049,#649);
#321=LINE('',#10052,#650);
#322=LINE('',#10056,#651);
#323=LINE('',#10062,#652);
#324=LINE('',#10070,#653);
#325=LINE('',#10073,#654);
#326=LINE('',#10077,#655);
#327=LINE('',#10083,#656);
#328=LINE('',#10091,#657);
#329=LINE('',#10094,#658);
#330=LINE('',#10098,#659);
#331=LINE('',#10104,#660);
#332=LINE('',#10112,#661);
#333=LINE('',#10120,#662);
#334=LINE('',#10128,#663);
#335=LINE('',#10137,#664);
#336=LINE('',#10156,#665);
#337=LINE('',#10165,#666);
#338=LINE('',#10174,#667);
#339=LINE('',#10183,#668);
#340=LINE('',#10186,#669);
#341=LINE('',#10190,#670);
#342=LINE('',#10306,#671);
#343=LINE('',#10308,#672);
#344=LINE('',#10310,#673);
#345=LINE('',#10311,#674);
#346=LINE('',#10314,#675);
#347=LINE('',#10316,#676);
#348=LINE('',#10317,#677);
#349=LINE('',#10320,#678);
#350=LINE('',#10321,#679);
#351=LINE('',#10324,#680);
#352=LINE('',#10325,#681);
#353=LINE('',#10327,#682);
#354=LINE('',#10370,#683);
#355=LINE('',#10377,#684);
#356=LINE('',#10380,#685);
#357=LINE('',#10386,#686);
#358=LINE('',#10389,#687);
#359=LINE('',#10395,#688);
#360=LINE('',#10398,#689);
#361=LINE('',#10402,#690);
#362=LINE('',#10407,#691);
#363=LINE('',#10413,#692);
#364=LINE('',#10420,#693);
#365=LINE('',#10423,#694);
#366=LINE('',#10429,#695);
#367=LINE('',#10441,#696);
#368=LINE('',#10447,#697);
#369=LINE('',#10451,#698);
#370=LINE('',#10454,#699);
#371=LINE('',#10458,#700);
#372=LINE('',#10460,#701);
#373=LINE('',#10462,#702);
#374=LINE('',#10464,#703);
#375=LINE('',#10466,#704);
#376=LINE('',#10468,#705);
#377=LINE('',#10470,#706);
#378=LINE('',#10472,#707);
#379=LINE('',#10474,#708);
#380=LINE('',#10475,#709);
#381=LINE('',#10478,#710);
#382=LINE('',#10480,#711);
#383=LINE('',#10482,#712);
#384=LINE('',#10484,#713);
#385=LINE('',#10485,#714);
#386=LINE('',#10489,#715);
#387=LINE('',#10494,#716);
#388=LINE('',#10496,#717);
#389=LINE('',#10500,#718);
#390=LINE('',#10502,#719);
#391=LINE('',#10509,#720);
#392=LINE('',#10513,#721);
#393=LINE('',#10516,#722);
#394=LINE('',#10519,#723);
#395=LINE('',#10520,#724);
#396=LINE('',#10523,#725);
#397=LINE('',#10527,#726);
#398=LINE('',#10528,#727);
#399=LINE('',#10530,#728);
#400=LINE('',#10532,#729);
#401=LINE('',#10533,#730);
#402=LINE('',#10536,#731);
#403=LINE('',#10538,#732);
#404=LINE('',#10540,#733);
#405=LINE('',#10541,#734);
#406=LINE('',#10544,#735);
#407=LINE('',#10545,#736);
#408=LINE('',#10550,#737);
#409=LINE('',#10551,#738);
#410=LINE('',#10554,#739);
#411=LINE('',#10555,#740);
#412=LINE('',#10558,#741);
#413=LINE('',#10562,#742);
#414=LINE('',#10565,#743);
#415=LINE('',#10570,#744);
#416=LINE('',#10573,#745);
#417=LINE('',#10577,#746);
#418=LINE('',#10578,#747);
#419=LINE('',#10580,#748);
#420=LINE('',#10583,#749);
#421=LINE('',#10584,#750);
#422=LINE('',#10593,#751);
#423=LINE('',#10597,#752);
#424=LINE('',#10599,#753);
#425=LINE('',#10600,#754);
#426=LINE('',#10602,#755);
#427=LINE('',#10603,#756);
#428=LINE('',#10605,#757);
#429=LINE('',#10610,#758);
#430=LINE('',#10614,#759);
#431=LINE('',#10618,#760);
#432=LINE('',#10622,#761);
#433=LINE('',#10626,#762);
#434=LINE('',#10630,#763);
#435=LINE('',#10633,#764);
#436=LINE('',#10638,#765);
#437=LINE('',#10639,#766);
#438=LINE('',#10640,#767);
#439=LINE('',#10644,#768);
#440=LINE('',#10647,#769);
#441=LINE('',#10648,#770);
#442=LINE('',#10652,#771);
#443=LINE('',#10655,#772);
#444=LINE('',#10656,#773);
#445=LINE('',#10660,#774);
#446=LINE('',#10663,#775);
#447=LINE('',#10664,#776);
#448=LINE('',#10668,#777);
#449=LINE('',#10671,#778);
#450=LINE('',#10672,#779);
#451=LINE('',#10676,#780);
#452=LINE('',#10679,#781);
#453=LINE('',#10680,#782);
#454=LINE('',#10684,#783);
#455=LINE('',#10688,#784);
#456=LINE('',#10690,#785);
#457=LINE('',#10692,#786);
#458=LINE('',#10693,#787);
#459=LINE('',#10694,#788);
#460=LINE('',#10695,#789);
#461=LINE('',#10701,#790);
#462=LINE('',#10705,#791);
#463=LINE('',#10709,#792);
#464=LINE('',#10714,#793);
#465=LINE('',#10718,#794);
#466=LINE('',#10724,#795);
#467=LINE('',#10727,#796);
#468=LINE('',#10730,#797);
#469=LINE('',#10734,#798);
#470=LINE('',#10738,#799);
#471=LINE('',#10742,#800);
#472=LINE('',#10746,#801);
#473=LINE('',#10750,#802);
#474=LINE('',#10753,#803);
#475=LINE('',#10755,#804);
#476=LINE('',#10761,#805);
#477=LINE('',#10764,#806);
#478=LINE('',#10769,#807);
#479=LINE('',#10772,#808);
#480=LINE('',#10775,#809);
#481=LINE('',#10782,#810);
#482=LINE('',#10786,#811);
#483=LINE('',#10788,#812);
#484=LINE('',#10790,#813);
#485=LINE('',#10793,#814);
#486=LINE('',#10796,#815);
#487=LINE('',#10799,#816);
#488=LINE('',#10800,#817);
#489=LINE('',#10804,#818);
#490=LINE('',#10806,#819);
#491=LINE('',#10809,#820);
#492=LINE('',#10811,#821);
#493=LINE('',#10812,#822);
#494=LINE('',#10816,#823);
#495=LINE('',#10819,#824);
#496=LINE('',#10820,#825);
#497=LINE('',#10825,#826);
#498=LINE('',#10828,#827);
#499=LINE('',#10831,#828);
#500=LINE('',#10832,#829);
#501=LINE('',#10836,#830);
#502=LINE('',#10838,#831);
#503=LINE('',#10841,#832);
#504=LINE('',#10844,#833);
#505=LINE('',#10847,#834);
#506=LINE('',#10848,#835);
#507=LINE('',#10852,#836);
#508=LINE('',#10854,#837);
#509=LINE('',#10857,#838);
#510=LINE('',#10860,#839);
#511=LINE('',#10863,#840);
#512=LINE('',#10864,#841);
#513=LINE('',#10868,#842);
#514=LINE('',#10870,#843);
#515=LINE('',#10873,#844);
#516=LINE('',#10874,#845);
#517=LINE('',#10878,#846);
#518=LINE('',#10880,#847);
#519=LINE('',#10883,#848);
#520=LINE('',#10885,#849);
#521=LINE('',#10886,#850);
#522=LINE('',#10890,#851);
#523=LINE('',#10893,#852);
#524=LINE('',#10894,#853);
#525=LINE('',#10899,#854);
#526=LINE('',#10901,#855);
#527=LINE('',#10902,#856);
#528=LINE('',#10906,#857);
#529=LINE('',#10909,#858);
#530=LINE('',#10910,#859);
#531=LINE('',#10914,#860);
#532=LINE('',#10915,#861);
#533=LINE('',#10918,#862);
#534=LINE('',#10920,#863);
#535=LINE('',#10931,#864);
#536=VECTOR('',#6648,12.25);
#537=VECTOR('',#6659,1000.);
#538=VECTOR('',#6662,1000.);
#539=VECTOR('',#6665,1000.);
#540=VECTOR('',#6670,1000.);
#541=VECTOR('',#6673,1000.);
#542=VECTOR('',#6676,1000.);
#543=VECTOR('',#6681,1000.);
#544=VECTOR('',#6684,1000.);
#545=VECTOR('',#6687,1000.);
#546=VECTOR('',#6692,1000.);
#547=VECTOR('',#6695,1000.);
#548=VECTOR('',#6698,1000.);
#549=VECTOR('',#6703,1000.);
#550=VECTOR('',#6706,1000.);
#551=VECTOR('',#6709,1000.);
#552=VECTOR('',#6716,1000.);
#553=VECTOR('',#6723,1000.);
#554=VECTOR('',#6726,1000.);
#555=VECTOR('',#6729,1000.);
#556=VECTOR('',#6736,1000.);
#557=VECTOR('',#6743,1000.);
#558=VECTOR('',#6746,1000.);
#559=VECTOR('',#6749,1000.);
#560=VECTOR('',#6756,1000.);
#561=VECTOR('',#6765,1000.);
#562=VECTOR('',#6772,1000.);
#563=VECTOR('',#6775,1000.);
#564=VECTOR('',#6778,1000.);
#565=VECTOR('',#6783,1000.);
#566=VECTOR('',#6786,1000.);
#567=VECTOR('',#6789,1000.);
#568=VECTOR('',#6794,1000.);
#569=VECTOR('',#6797,1000.);
#570=VECTOR('',#6800,1000.);
#571=VECTOR('',#6805,1000.);
#572=VECTOR('',#6808,1000.);
#573=VECTOR('',#6811,1000.);
#574=VECTOR('',#6818,1000.);
#575=VECTOR('',#6825,1000.);
#576=VECTOR('',#6828,1000.);
#577=VECTOR('',#6833,15.8);
#578=VECTOR('',#6840,11.4);
#579=VECTOR('',#7041,1000.);
#580=VECTOR('',#7044,1000.);
#581=VECTOR('',#7047,1000.);
#582=VECTOR('',#7058,1000.);
#583=VECTOR('',#7059,1000.);
#584=VECTOR('',#7062,1000.);
#585=VECTOR('',#7067,1000.);
#586=VECTOR('',#7070,1000.);
#587=VECTOR('',#7073,1000.);
#588=VECTOR('',#7080,1000.);
#589=VECTOR('',#7091,1000.);
#590=VECTOR('',#7094,1000.);
#591=VECTOR('',#7097,1000.);
#592=VECTOR('',#7104,1000.);
#593=VECTOR('',#7115,1000.);
#594=VECTOR('',#7118,1000.);
#595=VECTOR('',#7121,1000.);
#596=VECTOR('',#7128,1000.);
#597=VECTOR('',#7139,1000.);
#598=VECTOR('',#7142,1000.);
#599=VECTOR('',#7145,1000.);
#600=VECTOR('',#7152,1000.);
#601=VECTOR('',#7163,1000.);
#602=VECTOR('',#7166,1000.);
#603=VECTOR('',#7169,1000.);
#604=VECTOR('',#7176,1000.);
#605=VECTOR('',#7187,1000.);
#606=VECTOR('',#7190,1000.);
#607=VECTOR('',#7193,1000.);
#608=VECTOR('',#7200,1000.);
#609=VECTOR('',#7211,1000.);
#610=VECTOR('',#7214,1000.);
#611=VECTOR('',#7217,1000.);
#612=VECTOR('',#7224,1000.);
#613=VECTOR('',#7235,1000.);
#614=VECTOR('',#7238,1000.);
#615=VECTOR('',#7241,1000.);
#616=VECTOR('',#7248,1000.);
#617=VECTOR('',#7259,1000.);
#618=VECTOR('',#7262,1000.);
#619=VECTOR('',#7265,1000.);
#620=VECTOR('',#7272,1000.);
#621=VECTOR('',#7283,1000.);
#622=VECTOR('',#7286,1000.);
#623=VECTOR('',#7289,1000.);
#624=VECTOR('',#7296,1000.);
#625=VECTOR('',#7307,1000.);
#626=VECTOR('',#7310,1000.);
#627=VECTOR('',#7313,1000.);
#628=VECTOR('',#7320,1000.);
#629=VECTOR('',#7331,1000.);
#630=VECTOR('',#7334,1000.);
#631=VECTOR('',#7337,1000.);
#632=VECTOR('',#7344,1000.);
#633=VECTOR('',#7355,1000.);
#634=VECTOR('',#7358,1000.);
#635=VECTOR('',#7361,1000.);
#636=VECTOR('',#7368,1000.);
#637=VECTOR('',#7379,1000.);
#638=VECTOR('',#7382,1000.);
#639=VECTOR('',#7385,1000.);
#640=VECTOR('',#7392,1000.);
#641=VECTOR('',#7403,1000.);
#642=VECTOR('',#7406,1000.);
#643=VECTOR('',#7409,1000.);
#644=VECTOR('',#7416,1000.);
#645=VECTOR('',#7427,1000.);
#646=VECTOR('',#7430,1000.);
#647=VECTOR('',#7433,1000.);
#648=VECTOR('',#7440,1000.);
#649=VECTOR('',#7451,1000.);
#650=VECTOR('',#7454,1000.);
#651=VECTOR('',#7457,1000.);
#652=VECTOR('',#7464,1000.);
#653=VECTOR('',#7475,1000.);
#654=VECTOR('',#7478,1000.);
#655=VECTOR('',#7481,1000.);
#656=VECTOR('',#7488,1000.);
#657=VECTOR('',#7499,1000.);
#658=VECTOR('',#7502,1000.);
#659=VECTOR('',#7505,1000.);
#660=VECTOR('',#7512,1000.);
#661=VECTOR('',#7523,1000.);
#662=VECTOR('',#7534,1000.);
#663=VECTOR('',#7545,1000.);
#664=VECTOR('',#7558,1000.);
#665=VECTOR('',#7591,1000.);
#666=VECTOR('',#7604,1000.);
#667=VECTOR('',#7617,1000.);
#668=VECTOR('',#7630,1000.);
#669=VECTOR('',#7633,1000.);
#670=VECTOR('',#7636,1000.);
#671=VECTOR('',#7863,1000.);
#672=VECTOR('',#7864,1000.);
#673=VECTOR('',#7865,1000.);
#674=VECTOR('',#7866,1000.);
#675=VECTOR('',#7869,1000.);
#676=VECTOR('',#7870,1000.);
#677=VECTOR('',#7871,1000.);
#678=VECTOR('',#7874,1000.);
#679=VECTOR('',#7875,1000.);
#680=VECTOR('',#7878,1000.);
#681=VECTOR('',#7879,1000.);
#682=VECTOR('',#7882,1000.);
#683=VECTOR('',#7901,2.5);
#684=VECTOR('',#7908,1000.);
#685=VECTOR('',#7911,1000.);
#686=VECTOR('',#7916,1000.);
#687=VECTOR('',#7919,1000.);
#688=VECTOR('',#7924,1000.);
#689=VECTOR('',#7927,1000.);
#690=VECTOR('',#7932,2.25);
#691=VECTOR('',#7937,2.25);
#692=VECTOR('',#7944,16.);
#693=VECTOR('',#7951,1000.);
#694=VECTOR('',#7954,1000.);
#695=VECTOR('',#7959,1000.);
#696=VECTOR('',#7962,1000.);
#697=VECTOR('',#7967,1000.);
#698=VECTOR('',#7970,1000.);
#699=VECTOR('',#7973,1000.);
#700=VECTOR('',#7976,1000.);
#701=VECTOR('',#7977,1000.);
#702=VECTOR('',#7978,1000.);
#703=VECTOR('',#7979,1000.);
#704=VECTOR('',#7980,1000.);
#705=VECTOR('',#7981,1000.);
#706=VECTOR('',#7982,1000.);
#707=VECTOR('',#7983,1000.);
#708=VECTOR('',#7984,1000.);
#709=VECTOR('',#7985,1000.);
#710=VECTOR('',#7988,1000.);
#711=VECTOR('',#7989,1000.);
#712=VECTOR('',#7990,1000.);
#713=VECTOR('',#7991,1000.);
#714=VECTOR('',#7992,1000.);
#715=VECTOR('',#7995,1000.);
#716=VECTOR('',#8000,1000.);
#717=VECTOR('',#8001,1000.);
#718=VECTOR('',#8006,1000.);
#719=VECTOR('',#8007,1000.);
#720=VECTOR('',#8014,1000.);
#721=VECTOR('',#8019,1000.);
#722=VECTOR('',#8022,1000.);
#723=VECTOR('',#8025,1000.);
#724=VECTOR('',#8026,1000.);
#725=VECTOR('',#8029,1000.);
#726=VECTOR('',#8034,1000.);
#727=VECTOR('',#8035,1000.);
#728=VECTOR('',#8036,1000.);
#729=VECTOR('',#8037,1000.);
#730=VECTOR('',#8038,1000.);
#731=VECTOR('',#8039,1000.);
#732=VECTOR('',#8040,1000.);
#733=VECTOR('',#8041,1000.);
#734=VECTOR('',#8042,1000.);
#735=VECTOR('',#8045,1000.);
#736=VECTOR('',#8046,1000.);
#737=VECTOR('',#8053,1000.);
#738=VECTOR('',#8054,1000.);
#739=VECTOR('',#8057,1000.);
#740=VECTOR('',#8058,1000.);
#741=VECTOR('',#8061,1000.);
#742=VECTOR('',#8064,1000.);
#743=VECTOR('',#8067,1000.);
#744=VECTOR('',#8072,1000.);
#745=VECTOR('',#8077,999.999999999999);
#746=VECTOR('',#8084,1000.);
#747=VECTOR('',#8085,1000.);
#748=VECTOR('',#8088,1000.);
#749=VECTOR('',#8093,1000.);
#750=VECTOR('',#8094,1000.);
#751=VECTOR('',#8107,1000.);
#752=VECTOR('',#8112,1000.);
#753=VECTOR('',#8113,1000.);
#754=VECTOR('',#8114,1000.);
#755=VECTOR('',#8117,1000.);
#756=VECTOR('',#8118,1000.);
#757=VECTOR('',#8121,1000.);
#758=VECTOR('',#8128,1000.);
#759=VECTOR('',#8131,1000.);
#760=VECTOR('',#8134,1000.);
#761=VECTOR('',#8137,1000.);
#762=VECTOR('',#8140,1000.);
#763=VECTOR('',#8143,1000.);
#764=VECTOR('',#8146,1000.);
#765=VECTOR('',#8153,1000.);
#766=VECTOR('',#8154,1000.);
#767=VECTOR('',#8155,1000.);
#768=VECTOR('',#8160,1000.);
#769=VECTOR('',#8163,1000.);
#770=VECTOR('',#8164,1000.);
#771=VECTOR('',#8169,1000.);
#772=VECTOR('',#8172,1000.);
#773=VECTOR('',#8173,1000.);
#774=VECTOR('',#8178,1000.);
#775=VECTOR('',#8181,1000.);
#776=VECTOR('',#8182,1000.);
#777=VECTOR('',#8187,1000.);
#778=VECTOR('',#8190,1000.);
#779=VECTOR('',#8191,1000.);
#780=VECTOR('',#8196,1000.);
#781=VECTOR('',#8199,1000.);
#782=VECTOR('',#8200,1000.);
#783=VECTOR('',#8205,1000.);
#784=VECTOR('',#8208,1000.);
#785=VECTOR('',#8209,1000.);
#786=VECTOR('',#8210,1000.);
#787=VECTOR('',#8211,1000.);
#788=VECTOR('',#8212,1000.);
#789=VECTOR('',#8213,1000.);
#790=VECTOR('',#8220,1000.);
#791=VECTOR('',#8223,1000.);
#792=VECTOR('',#8226,1000.);
#793=VECTOR('',#8231,1000.);
#794=VECTOR('',#8234,1000.);
#795=VECTOR('',#8239,1000.);
#796=VECTOR('',#8242,1000.);
#797=VECTOR('',#8243,1000.);
#798=VECTOR('',#8246,1000.);
#799=VECTOR('',#8249,1000.);
#800=VECTOR('',#8252,1000.);
#801=VECTOR('',#8255,1000.);
#802=VECTOR('',#8258,1000.);
#803=VECTOR('',#8261,1000.);
#804=VECTOR('',#8262,1000.);
#805=VECTOR('',#8267,1000.);
#806=VECTOR('',#8270,1000.);
#807=VECTOR('',#8273,1000.);
#808=VECTOR('',#8276,1000.);
#809=VECTOR('',#8279,1000.);
#810=VECTOR('',#8286,1000.);
#811=VECTOR('',#8289,1000.);
#812=VECTOR('',#8292,1000.);
#813=VECTOR('',#8295,1000.);
#814=VECTOR('',#8298,1000.);
#815=VECTOR('',#8301,1000.);
#816=VECTOR('',#8304,1000.);
#817=VECTOR('',#8305,1000.);
#818=VECTOR('',#8310,1000.);
#819=VECTOR('',#8313,1000.);
#820=VECTOR('',#8316,1000.);
#821=VECTOR('',#8317,1000.);
#822=VECTOR('',#8318,1000.);
#823=VECTOR('',#8323,1000.);
#824=VECTOR('',#8326,1000.);
#825=VECTOR('',#8327,1000.);
#826=VECTOR('',#8334,1000.);
#827=VECTOR('',#8337,1000.);
#828=VECTOR('',#8340,1000.);
#829=VECTOR('',#8341,1000.);
#830=VECTOR('',#8346,1000.);
#831=VECTOR('',#8349,1000.);
#832=VECTOR('',#8352,1000.);
#833=VECTOR('',#8355,1000.);
#834=VECTOR('',#8358,1000.);
#835=VECTOR('',#8359,1000.);
#836=VECTOR('',#8364,1000.);
#837=VECTOR('',#8367,1000.);
#838=VECTOR('',#8370,1000.);
#839=VECTOR('',#8373,1000.);
#840=VECTOR('',#8376,1000.);
#841=VECTOR('',#8377,1000.);
#842=VECTOR('',#8382,1000.);
#843=VECTOR('',#8385,1000.);
#844=VECTOR('',#8388,1000.);
#845=VECTOR('',#8389,1000.);
#846=VECTOR('',#8394,1000.);
#847=VECTOR('',#8397,1000.);
#848=VECTOR('',#8400,1000.);
#849=VECTOR('',#8401,1000.);
#850=VECTOR('',#8402,1000.);
#851=VECTOR('',#8407,1000.);
#852=VECTOR('',#8410,1000.);
#853=VECTOR('',#8411,1000.);
#854=VECTOR('',#8418,1000.);
#855=VECTOR('',#8419,1000.);
#856=VECTOR('',#8420,1000.);
#857=VECTOR('',#8425,1000.);
#858=VECTOR('',#8428,1000.);
#859=VECTOR('',#8429,1000.);
#860=VECTOR('',#8436,1000.);
#861=VECTOR('',#8437,1000.);
#862=VECTOR('',#8442,1000.);
#863=VECTOR('',#8445,1000.);
#864=VECTOR('',#8466,1000.);
#865=CYLINDRICAL_SURFACE('',#5884,12.25);
#866=CYLINDRICAL_SURFACE('',#5889,2.92147224363201);
#867=CYLINDRICAL_SURFACE('',#5893,2.92147224363201);
#868=CYLINDRICAL_SURFACE('',#5897,5.72868060908004);
#869=CYLINDRICAL_SURFACE('',#5901,2.92147224363201);
#870=CYLINDRICAL_SURFACE('',#5905,5.72868060908004);
#871=CYLINDRICAL_SURFACE('',#5909,2.92147224363201);
#872=CYLINDRICAL_SURFACE('',#5913,5.72868060908004);
#873=CYLINDRICAL_SURFACE('',#5917,2.92147224363201);
#874=CYLINDRICAL_SURFACE('',#5921,5.72868060908004);
#875=CYLINDRICAL_SURFACE('',#5925,2.92147224363201);
#876=CYLINDRICAL_SURFACE('',#5929,2.92147224363201);
#877=CYLINDRICAL_SURFACE('',#5933,2.92147224363201);
#878=CYLINDRICAL_SURFACE('',#5937,2.92147224363201);
#879=CYLINDRICAL_SURFACE('',#5941,2.92147224363201);
#880=CYLINDRICAL_SURFACE('',#5945,2.92147224363201);
#881=CYLINDRICAL_SURFACE('',#5949,5.72868060908004);
#882=CYLINDRICAL_SURFACE('',#5953,18.);
#883=CYLINDRICAL_SURFACE('',#5959,11.4);
#884=CYLINDRICAL_SURFACE('',#6060,2.92147224363201);
#885=CYLINDRICAL_SURFACE('',#6067,5.72868060908004);
#886=CYLINDRICAL_SURFACE('',#6070,5.72868060908004);
#887=CYLINDRICAL_SURFACE('',#6074,2.92147224363201);
#888=CYLINDRICAL_SURFACE('',#6080,5.72868060908004);
#889=CYLINDRICAL_SURFACE('',#6084,2.92147224363201);
#890=CYLINDRICAL_SURFACE('',#6090,5.72868060908004);
#891=CYLINDRICAL_SURFACE('',#6094,2.92147224363201);
#892=CYLINDRICAL_SURFACE('',#6100,5.72868060908004);
#893=CYLINDRICAL_SURFACE('',#6104,2.92147224363201);
#894=CYLINDRICAL_SURFACE('',#6110,5.72868060908004);
#895=CYLINDRICAL_SURFACE('',#6114,2.92147224363201);
#896=CYLINDRICAL_SURFACE('',#6120,5.72868060908004);
#897=CYLINDRICAL_SURFACE('',#6124,2.92147224363201);
#898=CYLINDRICAL_SURFACE('',#6130,5.72868060908004);
#899=CYLINDRICAL_SURFACE('',#6134,2.92147224363201);
#900=CYLINDRICAL_SURFACE('',#6140,5.72868060908004);
#901=CYLINDRICAL_SURFACE('',#6144,2.92147224363201);
#902=CYLINDRICAL_SURFACE('',#6150,5.72868060908004);
#903=CYLINDRICAL_SURFACE('',#6154,2.92147224363201);
#904=CYLINDRICAL_SURFACE('',#6160,5.72868060908004);
#905=CYLINDRICAL_SURFACE('',#6164,2.92147224363201);
#906=CYLINDRICAL_SURFACE('',#6170,5.72868060908004);
#907=CYLINDRICAL_SURFACE('',#6174,2.92147224363201);
#908=CYLINDRICAL_SURFACE('',#6180,5.72868060908004);
#909=CYLINDRICAL_SURFACE('',#6184,2.92147224363201);
#910=CYLINDRICAL_SURFACE('',#6190,5.72868060908004);
#911=CYLINDRICAL_SURFACE('',#6194,2.92147224363201);
#912=CYLINDRICAL_SURFACE('',#6200,5.72868060908004);
#913=CYLINDRICAL_SURFACE('',#6204,2.92147224363201);
#914=CYLINDRICAL_SURFACE('',#6210,5.72868060908004);
#915=CYLINDRICAL_SURFACE('',#6214,2.92147224363201);
#916=CYLINDRICAL_SURFACE('',#6220,5.72868060908004);
#917=CYLINDRICAL_SURFACE('',#6224,2.92147224363201);
#918=CYLINDRICAL_SURFACE('',#6230,5.72868060908004);
#919=CYLINDRICAL_SURFACE('',#6234,2.92147224363201);
#920=CYLINDRICAL_SURFACE('',#6240,5.72868060908004);
#921=CYLINDRICAL_SURFACE('',#6244,2.92147224363201);
#922=CYLINDRICAL_SURFACE('',#6250,5.72868060908004);
#923=CYLINDRICAL_SURFACE('',#6254,2.92147224363201);
#924=CYLINDRICAL_SURFACE('',#6260,5.72868060908004);
#925=CYLINDRICAL_SURFACE('',#6264,2.92147224363201);
#926=CYLINDRICAL_SURFACE('',#6270,5.72868060908004);
#927=CYLINDRICAL_SURFACE('',#6276,5.72868060908004);
#928=CYLINDRICAL_SURFACE('',#6292,5.72868060908004);
#929=CYLINDRICAL_SURFACE('',#6298,5.72868060908004);
#930=CYLINDRICAL_SURFACE('',#6304,5.72868060908003);
#931=CYLINDRICAL_SURFACE('',#6310,5.72868060908004);
#932=CYLINDRICAL_SURFACE('',#6316,2.92147224363201);
#933=CYLINDRICAL_SURFACE('',#6320,5.72868060908004);
#934=CYLINDRICAL_SURFACE('',#6358,18.);
#935=CYLINDRICAL_SURFACE('',#6361,18.);
#936=CYLINDRICAL_SURFACE('',#6363,18.);
#937=CYLINDRICAL_SURFACE('',#6365,18.);
#938=CYLINDRICAL_SURFACE('',#6367,18.);
#939=CYLINDRICAL_SURFACE('',#6369,18.);
#940=CYLINDRICAL_SURFACE('',#6371,18.);
#941=CYLINDRICAL_SURFACE('',#6373,18.);
#942=CYLINDRICAL_SURFACE('',#6375,18.);
#943=CYLINDRICAL_SURFACE('',#6377,18.);
#944=CYLINDRICAL_SURFACE('',#6379,18.);
#945=CYLINDRICAL_SURFACE('',#6381,18.);
#946=CYLINDRICAL_SURFACE('',#6383,18.);
#947=CYLINDRICAL_SURFACE('',#6385,18.);
#948=CYLINDRICAL_SURFACE('',#6387,18.);
#949=CYLINDRICAL_SURFACE('',#6389,18.);
#950=CYLINDRICAL_SURFACE('',#6391,18.);
#951=CYLINDRICAL_SURFACE('',#6393,18.);
#952=CYLINDRICAL_SURFACE('',#6395,18.);
#953=CYLINDRICAL_SURFACE('',#6397,18.);
#954=CYLINDRICAL_SURFACE('',#6399,18.);
#955=CYLINDRICAL_SURFACE('',#6401,18.);
#956=CYLINDRICAL_SURFACE('',#6403,18.);
#957=CYLINDRICAL_SURFACE('',#6404,18.);
#958=CYLINDRICAL_SURFACE('',#6407,18.);
#959=CYLINDRICAL_SURFACE('',#6409,18.);
#960=CYLINDRICAL_SURFACE('',#6411,18.);
#961=CYLINDRICAL_SURFACE('',#6413,18.);
#962=CYLINDRICAL_SURFACE('',#6415,18.);
#963=CYLINDRICAL_SURFACE('',#6417,18.);
#964=CYLINDRICAL_SURFACE('',#6419,18.);
#965=CYLINDRICAL_SURFACE('',#6421,18.);
#966=CYLINDRICAL_SURFACE('',#6437,2.5);
#967=CYLINDRICAL_SURFACE('',#6440,21.8769158492144);
#968=CYLINDRICAL_SURFACE('',#6443,22.0680672268908);
#969=CYLINDRICAL_SURFACE('',#6446,3.3);
#970=CYLINDRICAL_SURFACE('',#6449,2.25);
#971=CYLINDRICAL_SURFACE('',#6451,2.25);
#972=CYLINDRICAL_SURFACE('',#6454,16.);
#973=CYLINDRICAL_SURFACE('',#6457,1.);
#974=CYLINDRICAL_SURFACE('',#6460,3.);
#975=CYLINDRICAL_SURFACE('',#6463,24.6500054997072);
#976=CYLINDRICAL_SURFACE('',#6478,3.3);
#977=CYLINDRICAL_SURFACE('',#6481,25.6500054997072);
#978=CYLINDRICAL_SURFACE('',#6485,2.);
#979=CYLINDRICAL_SURFACE('',#6489,22.0680672268907);
#980=CYLINDRICAL_SURFACE('',#6492,25.6500054997072);
#981=CYLINDRICAL_SURFACE('',#6496,1.);
#982=CYLINDRICAL_SURFACE('',#6502,1.);
#983=CYLINDRICAL_SURFACE('',#6504,1.);
#984=CYLINDRICAL_SURFACE('',#6506,21.0680672268907);
#985=CYLINDRICAL_SURFACE('',#6524,0.999999999999999);
#986=CYLINDRICAL_SURFACE('',#6527,0.999999999999999);
#987=CYLINDRICAL_SURFACE('',#6530,0.999999999999999);
#988=CYLINDRICAL_SURFACE('',#6533,0.999999999999999);
#989=CYLINDRICAL_SURFACE('',#6536,0.999999999999999);
#990=CYLINDRICAL_SURFACE('',#6539,0.999999999999999);
#991=CYLINDRICAL_SURFACE('',#6564,0.5);
#992=CYLINDRICAL_SURFACE('',#6570,0.5);
#993=CYLINDRICAL_SURFACE('',#6571,21.8769158492143);
#994=CYLINDRICAL_SURFACE('',#6574,12.);
#995=CYLINDRICAL_SURFACE('',#6578,12.);
#996=CYLINDRICAL_SURFACE('',#6581,21.8769158492144);
#997=CYLINDRICAL_SURFACE('',#6583,21.8769158492144);
#998=CYLINDRICAL_SURFACE('',#6586,12.);
#999=CYLINDRICAL_SURFACE('',#6589,21.8769158492144);
#1000=CYLINDRICAL_SURFACE('',#6592,12.);
#1001=CYLINDRICAL_SURFACE('',#6595,21.8769158492144);
#1002=CYLINDRICAL_SURFACE('',#6598,12.);
#1003=CYLINDRICAL_SURFACE('',#6602,12.);
#1004=CYLINDRICAL_SURFACE('',#6606,12.);
#1005=CYLINDRICAL_SURFACE('',#6609,21.8769158492144);
#1006=CYLINDRICAL_SURFACE('',#6612,12.);
#1007=CYLINDRICAL_SURFACE('',#6615,21.8769158492143);
#1008=CYLINDRICAL_SURFACE('',#6617,0.5);
#1009=CYLINDRICAL_SURFACE('',#6620,0.5);
#1010=FACE_OUTER_BOUND('',#1327,.T.);
#1011=FACE_OUTER_BOUND('',#1328,.T.);
#1012=FACE_OUTER_BOUND('',#1329,.T.);
#1013=FACE_OUTER_BOUND('',#1330,.T.);
#1014=FACE_OUTER_BOUND('',#1331,.T.);
#1015=FACE_OUTER_BOUND('',#1332,.T.);
#1016=FACE_OUTER_BOUND('',#1333,.T.);
#1017=FACE_OUTER_BOUND('',#1334,.T.);
#1018=FACE_OUTER_BOUND('',#1335,.T.);
#1019=FACE_OUTER_BOUND('',#1336,.T.);
#1020=FACE_OUTER_BOUND('',#1337,.T.);
#1021=FACE_OUTER_BOUND('',#1338,.T.);
#1022=FACE_OUTER_BOUND('',#1339,.T.);
#1023=FACE_OUTER_BOUND('',#1340,.T.);
#1024=FACE_OUTER_BOUND('',#1341,.T.);
#1025=FACE_OUTER_BOUND('',#1342,.T.);
#1026=FACE_OUTER_BOUND('',#1343,.T.);
#1027=FACE_OUTER_BOUND('',#1344,.T.);
#1028=FACE_OUTER_BOUND('',#1345,.T.);
#1029=FACE_OUTER_BOUND('',#1346,.T.);
#1030=FACE_OUTER_BOUND('',#1347,.T.);
#1031=FACE_OUTER_BOUND('',#1348,.T.);
#1032=FACE_OUTER_BOUND('',#1349,.T.);
#1033=FACE_OUTER_BOUND('',#1350,.T.);
#1034=FACE_OUTER_BOUND('',#1352,.T.);
#1035=FACE_OUTER_BOUND('',#1353,.T.);
#1036=FACE_OUTER_BOUND('',#1354,.T.);
#1037=FACE_OUTER_BOUND('',#1355,.T.);
#1038=FACE_OUTER_BOUND('',#1356,.T.);
#1039=FACE_OUTER_BOUND('',#1357,.T.);
#1040=FACE_OUTER_BOUND('',#1358,.T.);
#1041=FACE_OUTER_BOUND('',#1359,.T.);
#1042=FACE_OUTER_BOUND('',#1360,.T.);
#1043=FACE_OUTER_BOUND('',#1361,.T.);
#1044=FACE_OUTER_BOUND('',#1362,.T.);
#1045=FACE_OUTER_BOUND('',#1363,.T.);
#1046=FACE_OUTER_BOUND('',#1364,.T.);
#1047=FACE_OUTER_BOUND('',#1365,.T.);
#1048=FACE_OUTER_BOUND('',#1366,.T.);
#1049=FACE_OUTER_BOUND('',#1367,.T.);
#1050=FACE_OUTER_BOUND('',#1368,.T.);
#1051=FACE_OUTER_BOUND('',#1369,.T.);
#1052=FACE_OUTER_BOUND('',#1370,.T.);
#1053=FACE_OUTER_BOUND('',#1371,.T.);
#1054=FACE_OUTER_BOUND('',#1372,.T.);
#1055=FACE_OUTER_BOUND('',#1373,.T.);
#1056=FACE_OUTER_BOUND('',#1374,.T.);
#1057=FACE_OUTER_BOUND('',#1375,.T.);
#1058=FACE_OUTER_BOUND('',#1376,.T.);
#1059=FACE_OUTER_BOUND('',#1377,.T.);
#1060=FACE_OUTER_BOUND('',#1378,.T.);
#1061=FACE_OUTER_BOUND('',#1379,.T.);
#1062=FACE_OUTER_BOUND('',#1380,.T.);
#1063=FACE_OUTER_BOUND('',#1381,.T.);
#1064=FACE_OUTER_BOUND('',#1382,.T.);
#1065=FACE_OUTER_BOUND('',#1383,.T.);
#1066=FACE_OUTER_BOUND('',#1384,.T.);
#1067=FACE_OUTER_BOUND('',#1385,.T.);
#1068=FACE_OUTER_BOUND('',#1386,.T.);
#1069=FACE_OUTER_BOUND('',#1387,.T.);
#1070=FACE_OUTER_BOUND('',#1388,.T.);
#1071=FACE_OUTER_BOUND('',#1389,.T.);
#1072=FACE_OUTER_BOUND('',#1390,.T.);
#1073=FACE_OUTER_BOUND('',#1391,.T.);
#1074=FACE_OUTER_BOUND('',#1392,.T.);
#1075=FACE_OUTER_BOUND('',#1393,.T.);
#1076=FACE_OUTER_BOUND('',#1394,.T.);
#1077=FACE_OUTER_BOUND('',#1395,.T.);
#1078=FACE_OUTER_BOUND('',#1396,.T.);
#1079=FACE_OUTER_BOUND('',#1397,.T.);
#1080=FACE_OUTER_BOUND('',#1398,.T.);
#1081=FACE_OUTER_BOUND('',#1399,.T.);
#1082=FACE_OUTER_BOUND('',#1400,.T.);
#1083=FACE_OUTER_BOUND('',#1401,.T.);
#1084=FACE_OUTER_BOUND('',#1402,.T.);
#1085=FACE_OUTER_BOUND('',#1403,.T.);
#1086=FACE_OUTER_BOUND('',#1404,.T.);
#1087=FACE_OUTER_BOUND('',#1405,.T.);
#1088=FACE_OUTER_BOUND('',#1406,.T.);
#1089=FACE_OUTER_BOUND('',#1407,.T.);
#1090=FACE_OUTER_BOUND('',#1408,.T.);
#1091=FACE_OUTER_BOUND('',#1409,.T.);
#1092=FACE_OUTER_BOUND('',#1410,.T.);
#1093=FACE_OUTER_BOUND('',#1411,.T.);
#1094=FACE_OUTER_BOUND('',#1412,.T.);
#1095=FACE_OUTER_BOUND('',#1413,.T.);
#1096=FACE_OUTER_BOUND('',#1414,.T.);
#1097=FACE_OUTER_BOUND('',#1415,.T.);
#1098=FACE_OUTER_BOUND('',#1416,.T.);
#1099=FACE_OUTER_BOUND('',#1417,.T.);
#1100=FACE_OUTER_BOUND('',#1418,.T.);
#1101=FACE_OUTER_BOUND('',#1419,.T.);
#1102=FACE_OUTER_BOUND('',#1420,.T.);
#1103=FACE_OUTER_BOUND('',#1421,.T.);
#1104=FACE_OUTER_BOUND('',#1422,.T.);
#1105=FACE_OUTER_BOUND('',#1423,.T.);
#1106=FACE_OUTER_BOUND('',#1424,.T.);
#1107=FACE_OUTER_BOUND('',#1425,.T.);
#1108=FACE_OUTER_BOUND('',#1426,.T.);
#1109=FACE_OUTER_BOUND('',#1427,.T.);
#1110=FACE_OUTER_BOUND('',#1428,.T.);
#1111=FACE_OUTER_BOUND('',#1429,.T.);
#1112=FACE_OUTER_BOUND('',#1430,.T.);
#1113=FACE_OUTER_BOUND('',#1431,.T.);
#1114=FACE_OUTER_BOUND('',#1432,.T.);
#1115=FACE_OUTER_BOUND('',#1433,.T.);
#1116=FACE_OUTER_BOUND('',#1434,.T.);
#1117=FACE_OUTER_BOUND('',#1435,.T.);
#1118=FACE_OUTER_BOUND('',#1436,.T.);
#1119=FACE_OUTER_BOUND('',#1437,.T.);
#1120=FACE_OUTER_BOUND('',#1438,.T.);
#1121=FACE_OUTER_BOUND('',#1439,.T.);
#1122=FACE_OUTER_BOUND('',#1440,.T.);
#1123=FACE_OUTER_BOUND('',#1441,.T.);
#1124=FACE_OUTER_BOUND('',#1442,.T.);
#1125=FACE_OUTER_BOUND('',#1443,.T.);
#1126=FACE_OUTER_BOUND('',#1444,.T.);
#1127=FACE_OUTER_BOUND('',#1445,.T.);
#1128=FACE_OUTER_BOUND('',#1446,.T.);
#1129=FACE_OUTER_BOUND('',#1447,.T.);
#1130=FACE_OUTER_BOUND('',#1448,.T.);
#1131=FACE_OUTER_BOUND('',#1449,.T.);
#1132=FACE_OUTER_BOUND('',#1450,.T.);
#1133=FACE_OUTER_BOUND('',#1451,.T.);
#1134=FACE_OUTER_BOUND('',#1452,.T.);
#1135=FACE_OUTER_BOUND('',#1453,.T.);
#1136=FACE_OUTER_BOUND('',#1454,.T.);
#1137=FACE_OUTER_BOUND('',#1455,.T.);
#1138=FACE_OUTER_BOUND('',#1456,.T.);
#1139=FACE_OUTER_BOUND('',#1457,.T.);
#1140=FACE_OUTER_BOUND('',#1458,.T.);
#1141=FACE_OUTER_BOUND('',#1459,.T.);
#1142=FACE_OUTER_BOUND('',#1460,.T.);
#1143=FACE_OUTER_BOUND('',#1461,.T.);
#1144=FACE_OUTER_BOUND('',#1462,.T.);
#1145=FACE_OUTER_BOUND('',#1463,.T.);
#1146=FACE_OUTER_BOUND('',#1464,.T.);
#1147=FACE_OUTER_BOUND('',#1465,.T.);
#1148=FACE_OUTER_BOUND('',#1466,.T.);
#1149=FACE_OUTER_BOUND('',#1467,.T.);
#1150=FACE_OUTER_BOUND('',#1469,.T.);
#1151=FACE_OUTER_BOUND('',#1470,.T.);
#1152=FACE_OUTER_BOUND('',#1471,.T.);
#1153=FACE_OUTER_BOUND('',#1472,.T.);
#1154=FACE_OUTER_BOUND('',#1473,.T.);
#1155=FACE_OUTER_BOUND('',#1474,.T.);
#1156=FACE_OUTER_BOUND('',#1475,.T.);
#1157=FACE_OUTER_BOUND('',#1476,.T.);
#1158=FACE_OUTER_BOUND('',#1477,.T.);
#1159=FACE_OUTER_BOUND('',#1478,.T.);
#1160=FACE_OUTER_BOUND('',#1479,.T.);
#1161=FACE_OUTER_BOUND('',#1480,.T.);
#1162=FACE_OUTER_BOUND('',#1481,.T.);
#1163=FACE_OUTER_BOUND('',#1482,.T.);
#1164=FACE_OUTER_BOUND('',#1483,.T.);
#1165=FACE_OUTER_BOUND('',#1484,.T.);
#1166=FACE_OUTER_BOUND('',#1485,.T.);
#1167=FACE_OUTER_BOUND('',#1486,.T.);
#1168=FACE_OUTER_BOUND('',#1487,.T.);
#1169=FACE_OUTER_BOUND('',#1488,.T.);
#1170=FACE_OUTER_BOUND('',#1489,.T.);
#1171=FACE_OUTER_BOUND('',#1490,.T.);
#1172=FACE_OUTER_BOUND('',#1491,.T.);
#1173=FACE_OUTER_BOUND('',#1492,.T.);
#1174=FACE_OUTER_BOUND('',#1493,.T.);
#1175=FACE_OUTER_BOUND('',#1494,.T.);
#1176=FACE_OUTER_BOUND('',#1495,.T.);
#1177=FACE_OUTER_BOUND('',#1496,.T.);
#1178=FACE_OUTER_BOUND('',#1497,.T.);
#1179=FACE_OUTER_BOUND('',#1498,.T.);
#1180=FACE_OUTER_BOUND('',#1499,.T.);
#1181=FACE_OUTER_BOUND('',#1500,.T.);
#1182=FACE_OUTER_BOUND('',#1501,.T.);
#1183=FACE_OUTER_BOUND('',#1502,.T.);
#1184=FACE_OUTER_BOUND('',#1503,.T.);
#1185=FACE_OUTER_BOUND('',#1504,.T.);
#1186=FACE_OUTER_BOUND('',#1505,.T.);
#1187=FACE_OUTER_BOUND('',#1506,.T.);
#1188=FACE_OUTER_BOUND('',#1507,.T.);
#1189=FACE_OUTER_BOUND('',#1508,.T.);
#1190=FACE_OUTER_BOUND('',#1509,.T.);
#1191=FACE_OUTER_BOUND('',#1510,.T.);
#1192=FACE_OUTER_BOUND('',#1511,.T.);
#1193=FACE_OUTER_BOUND('',#1512,.T.);
#1194=FACE_OUTER_BOUND('',#1513,.T.);
#1195=FACE_OUTER_BOUND('',#1514,.T.);
#1196=FACE_OUTER_BOUND('',#1515,.T.);
#1197=FACE_OUTER_BOUND('',#1516,.T.);
#1198=FACE_OUTER_BOUND('',#1517,.T.);
#1199=FACE_OUTER_BOUND('',#1518,.T.);
#1200=FACE_OUTER_BOUND('',#1519,.T.);
#1201=FACE_OUTER_BOUND('',#1520,.T.);
#1202=FACE_OUTER_BOUND('',#1521,.T.);
#1203=FACE_OUTER_BOUND('',#1522,.T.);
#1204=FACE_OUTER_BOUND('',#1523,.T.);
#1205=FACE_OUTER_BOUND('',#1524,.T.);
#1206=FACE_OUTER_BOUND('',#1525,.T.);
#1207=FACE_OUTER_BOUND('',#1526,.T.);
#1208=FACE_OUTER_BOUND('',#1527,.T.);
#1209=FACE_OUTER_BOUND('',#1528,.T.);
#1210=FACE_OUTER_BOUND('',#1529,.T.);
#1211=FACE_OUTER_BOUND('',#1530,.T.);
#1212=FACE_OUTER_BOUND('',#1531,.T.);
#1213=FACE_OUTER_BOUND('',#1532,.T.);
#1214=FACE_OUTER_BOUND('',#1533,.T.);
#1215=FACE_OUTER_BOUND('',#1534,.T.);
#1216=FACE_OUTER_BOUND('',#1536,.T.);
#1217=FACE_OUTER_BOUND('',#1537,.T.);
#1218=FACE_OUTER_BOUND('',#1538,.T.);
#1219=FACE_OUTER_BOUND('',#1539,.T.);
#1220=FACE_OUTER_BOUND('',#1540,.T.);
#1221=FACE_OUTER_BOUND('',#1541,.T.);
#1222=FACE_OUTER_BOUND('',#1542,.T.);
#1223=FACE_OUTER_BOUND('',#1543,.T.);
#1224=FACE_OUTER_BOUND('',#1545,.T.);
#1225=FACE_OUTER_BOUND('',#1546,.T.);
#1226=FACE_OUTER_BOUND('',#1547,.T.);
#1227=FACE_OUTER_BOUND('',#1548,.T.);
#1228=FACE_OUTER_BOUND('',#1549,.T.);
#1229=FACE_OUTER_BOUND('',#1550,.T.);
#1230=FACE_OUTER_BOUND('',#1551,.T.);
#1231=FACE_OUTER_BOUND('',#1552,.T.);
#1232=FACE_OUTER_BOUND('',#1553,.T.);
#1233=FACE_OUTER_BOUND('',#1554,.T.);
#1234=FACE_OUTER_BOUND('',#1555,.T.);
#1235=FACE_OUTER_BOUND('',#1556,.T.);
#1236=FACE_OUTER_BOUND('',#1557,.T.);
#1237=FACE_OUTER_BOUND('',#1558,.T.);
#1238=FACE_OUTER_BOUND('',#1562,.T.);
#1239=FACE_OUTER_BOUND('',#1563,.T.);
#1240=FACE_OUTER_BOUND('',#1564,.T.);
#1241=FACE_OUTER_BOUND('',#1565,.T.);
#1242=FACE_OUTER_BOUND('',#1567,.T.);
#1243=FACE_OUTER_BOUND('',#1568,.T.);
#1244=FACE_OUTER_BOUND('',#1569,.T.);
#1245=FACE_OUTER_BOUND('',#1570,.T.);
#1246=FACE_OUTER_BOUND('',#1571,.T.);
#1247=FACE_OUTER_BOUND('',#1572,.T.);
#1248=FACE_OUTER_BOUND('',#1573,.T.);
#1249=FACE_OUTER_BOUND('',#1574,.T.);
#1250=FACE_OUTER_BOUND('',#1575,.T.);
#1251=FACE_OUTER_BOUND('',#1576,.T.);
#1252=FACE_OUTER_BOUND('',#1578,.T.);
#1253=FACE_OUTER_BOUND('',#1579,.T.);
#1254=FACE_OUTER_BOUND('',#1580,.T.);
#1255=FACE_OUTER_BOUND('',#1581,.T.);
#1256=FACE_OUTER_BOUND('',#1582,.T.);
#1257=FACE_OUTER_BOUND('',#1583,.T.);
#1258=FACE_OUTER_BOUND('',#1584,.T.);
#1259=FACE_OUTER_BOUND('',#1585,.T.);
#1260=FACE_OUTER_BOUND('',#1586,.T.);
#1261=FACE_OUTER_BOUND('',#1588,.T.);
#1262=FACE_OUTER_BOUND('',#1589,.T.);
#1263=FACE_OUTER_BOUND('',#1590,.T.);
#1264=FACE_OUTER_BOUND('',#1591,.T.);
#1265=FACE_OUTER_BOUND('',#1592,.T.);
#1266=FACE_OUTER_BOUND('',#1593,.T.);
#1267=FACE_OUTER_BOUND('',#1594,.T.);
#1268=FACE_OUTER_BOUND('',#1595,.T.);
#1269=FACE_OUTER_BOUND('',#1596,.T.);
#1270=FACE_OUTER_BOUND('',#1597,.T.);
#1271=FACE_OUTER_BOUND('',#1598,.T.);
#1272=FACE_OUTER_BOUND('',#1599,.T.);
#1273=FACE_OUTER_BOUND('',#1600,.T.);
#1274=FACE_OUTER_BOUND('',#1601,.T.);
#1275=FACE_OUTER_BOUND('',#1602,.T.);
#1276=FACE_OUTER_BOUND('',#1603,.T.);
#1277=FACE_OUTER_BOUND('',#1604,.T.);
#1278=FACE_OUTER_BOUND('',#1616,.T.);
#1279=FACE_OUTER_BOUND('',#1617,.T.);
#1280=FACE_OUTER_BOUND('',#1618,.T.);
#1281=FACE_OUTER_BOUND('',#1619,.T.);
#1282=FACE_OUTER_BOUND('',#1620,.T.);
#1283=FACE_OUTER_BOUND('',#1621,.T.);
#1284=FACE_OUTER_BOUND('',#1622,.T.);
#1285=FACE_OUTER_BOUND('',#1623,.T.);
#1286=FACE_OUTER_BOUND('',#1624,.T.);
#1287=FACE_OUTER_BOUND('',#1625,.T.);
#1288=FACE_OUTER_BOUND('',#1626,.T.);
#1289=FACE_OUTER_BOUND('',#1627,.T.);
#1290=FACE_OUTER_BOUND('',#1628,.T.);
#1291=FACE_OUTER_BOUND('',#1629,.T.);
#1292=FACE_OUTER_BOUND('',#1630,.T.);
#1293=FACE_OUTER_BOUND('',#1631,.T.);
#1294=FACE_OUTER_BOUND('',#1632,.T.);
#1295=FACE_OUTER_BOUND('',#1633,.T.);
#1296=FACE_OUTER_BOUND('',#1634,.T.);
#1297=FACE_OUTER_BOUND('',#1635,.T.);
#1298=FACE_OUTER_BOUND('',#1636,.T.);
#1299=FACE_OUTER_BOUND('',#1637,.T.);
#1300=FACE_OUTER_BOUND('',#1638,.T.);
#1301=FACE_OUTER_BOUND('',#1639,.T.);
#1302=FACE_OUTER_BOUND('',#1640,.T.);
#1303=FACE_OUTER_BOUND('',#1641,.T.);
#1304=FACE_OUTER_BOUND('',#1642,.T.);
#1305=FACE_OUTER_BOUND('',#1643,.T.);
#1306=FACE_OUTER_BOUND('',#1644,.T.);
#1307=FACE_OUTER_BOUND('',#1645,.T.);
#1308=FACE_OUTER_BOUND('',#1646,.T.);
#1309=FACE_OUTER_BOUND('',#1647,.T.);
#1310=FACE_OUTER_BOUND('',#1648,.T.);
#1311=FACE_OUTER_BOUND('',#1649,.T.);
#1312=FACE_OUTER_BOUND('',#1650,.T.);
#1313=FACE_OUTER_BOUND('',#1651,.T.);
#1314=FACE_OUTER_BOUND('',#1652,.T.);
#1315=FACE_OUTER_BOUND('',#1653,.T.);
#1316=FACE_OUTER_BOUND('',#1654,.T.);
#1317=FACE_OUTER_BOUND('',#1655,.T.);
#1318=FACE_OUTER_BOUND('',#1656,.T.);
#1319=FACE_OUTER_BOUND('',#1657,.T.);
#1320=FACE_OUTER_BOUND('',#1658,.T.);
#1321=FACE_OUTER_BOUND('',#1659,.T.);
#1322=FACE_OUTER_BOUND('',#1660,.T.);
#1323=FACE_OUTER_BOUND('',#1661,.T.);
#1324=FACE_OUTER_BOUND('',#1662,.T.);
#1325=FACE_OUTER_BOUND('',#1663,.T.);
#1326=FACE_OUTER_BOUND('',#1664,.T.);
#1327=EDGE_LOOP('',(#3544,#3545,#3546,#3547,#3548,#3549,#3550));
#1328=EDGE_LOOP('',(#3551,#3552,#3553,#3554,#3555));
#1329=EDGE_LOOP('',(#3556,#3557,#3558,#3559));
#1330=EDGE_LOOP('',(#3560,#3561,#3562,#3563,#3564,#3565,#3566));
#1331=EDGE_LOOP('',(#3567,#3568,#3569,#3570,#3571,#3572,#3573));
#1332=EDGE_LOOP('',(#3574,#3575,#3576,#3577,#3578,#3579,#3580));
#1333=EDGE_LOOP('',(#3581,#3582,#3583,#3584,#3585,#3586,#3587));
#1334=EDGE_LOOP('',(#3588,#3589,#3590,#3591,#3592,#3593,#3594));
#1335=EDGE_LOOP('',(#3595,#3596,#3597,#3598,#3599,#3600,#3601));
#1336=EDGE_LOOP('',(#3602,#3603,#3604,#3605,#3606,#3607,#3608));
#1337=EDGE_LOOP('',(#3609,#3610,#3611,#3612,#3613,#3614,#3615));
#1338=EDGE_LOOP('',(#3616,#3617,#3618,#3619,#3620,#3621,#3622));
#1339=EDGE_LOOP('',(#3623,#3624,#3625,#3626,#3627,#3628,#3629));
#1340=EDGE_LOOP('',(#3630,#3631,#3632,#3633,#3634,#3635,#3636));
#1341=EDGE_LOOP('',(#3637,#3638,#3639,#3640,#3641,#3642,#3643));
#1342=EDGE_LOOP('',(#3644,#3645,#3646,#3647,#3648,#3649,#3650));
#1343=EDGE_LOOP('',(#3651,#3652,#3653,#3654,#3655,#3656,#3657));
#1344=EDGE_LOOP('',(#3658,#3659,#3660,#3661,#3662,#3663,#3664));
#1345=EDGE_LOOP('',(#3665,#3666,#3667,#3668,#3669,#3670,#3671));
#1346=EDGE_LOOP('',(#3672,#3673,#3674,#3675));
#1347=EDGE_LOOP('',(#3676,#3677,#3678,#3679));
#1348=EDGE_LOOP('',(#3680,#3681,#3682,#3683));
#1349=EDGE_LOOP('',(#3684,#3685,#3686));
#1350=EDGE_LOOP('',(#3687,#3688,#3689,#3690,#3691,#3692,#3693,#3694,#3695,
#3696,#3697,#3698,#3699,#3700,#3701,#3702,#3703,#3704,#3705,#3706,#3707,
#3708,#3709,#3710,#3711,#3712,#3713,#3714,#3715,#3716,#3717,#3718,#3719));
#1351=EDGE_LOOP('',(#3720));
#1352=EDGE_LOOP('',(#3721,#3722,#3723,#3724));
#1353=EDGE_LOOP('',(#3725,#3726,#3727,#3728));
#1354=EDGE_LOOP('',(#3729,#3730,#3731,#3732));
#1355=EDGE_LOOP('',(#3733,#3734,#3735,#3736));
#1356=EDGE_LOOP('',(#3737,#3738,#3739,#3740));
#1357=EDGE_LOOP('',(#3741,#3742,#3743,#3744));
#1358=EDGE_LOOP('',(#3745,#3746,#3747,#3748));
#1359=EDGE_LOOP('',(#3749,#3750,#3751,#3752));
#1360=EDGE_LOOP('',(#3753,#3754,#3755,#3756));
#1361=EDGE_LOOP('',(#3757,#3758,#3759,#3760));
#1362=EDGE_LOOP('',(#3761,#3762,#3763,#3764));
#1363=EDGE_LOOP('',(#3765,#3766,#3767,#3768));
#1364=EDGE_LOOP('',(#3769,#3770,#3771,#3772));
#1365=EDGE_LOOP('',(#3773,#3774,#3775,#3776));
#1366=EDGE_LOOP('',(#3777,#3778,#3779,#3780));
#1367=EDGE_LOOP('',(#3781,#3782,#3783,#3784));
#1368=EDGE_LOOP('',(#3785,#3786,#3787,#3788));
#1369=EDGE_LOOP('',(#3789,#3790,#3791,#3792));
#1370=EDGE_LOOP('',(#3793,#3794,#3795,#3796));
#1371=EDGE_LOOP('',(#3797,#3798,#3799,#3800));
#1372=EDGE_LOOP('',(#3801,#3802,#3803,#3804));
#1373=EDGE_LOOP('',(#3805,#3806,#3807,#3808));
#1374=EDGE_LOOP('',(#3809,#3810,#3811,#3812));
#1375=EDGE_LOOP('',(#3813,#3814,#3815,#3816));
#1376=EDGE_LOOP('',(#3817,#3818,#3819,#3820));
#1377=EDGE_LOOP('',(#3821,#3822,#3823,#3824));
#1378=EDGE_LOOP('',(#3825,#3826,#3827,#3828));
#1379=EDGE_LOOP('',(#3829,#3830,#3831,#3832));
#1380=EDGE_LOOP('',(#3833,#3834,#3835,#3836));
#1381=EDGE_LOOP('',(#3837,#3838,#3839,#3840));
#1382=EDGE_LOOP('',(#3841,#3842,#3843,#3844));
#1383=EDGE_LOOP('',(#3845,#3846,#3847,#3848));
#1384=EDGE_LOOP('',(#3849,#3850,#3851,#3852,#3853,#3854,#3855));
#1385=EDGE_LOOP('',(#3856,#3857,#3858,#3859));
#1386=EDGE_LOOP('',(#3860,#3861,#3862,#3863,#3864,#3865,#3866));
#1387=EDGE_LOOP('',(#3867,#3868,#3869,#3870,#3871,#3872,#3873));
#1388=EDGE_LOOP('',(#3874,#3875,#3876,#3877,#3878,#3879,#3880));
#1389=EDGE_LOOP('',(#3881,#3882,#3883,#3884));
#1390=EDGE_LOOP('',(#3885,#3886,#3887,#3888,#3889,#3890,#3891));
#1391=EDGE_LOOP('',(#3892,#3893,#3894,#3895,#3896,#3897,#3898));
#1392=EDGE_LOOP('',(#3899,#3900,#3901,#3902));
#1393=EDGE_LOOP('',(#3903,#3904,#3905,#3906,#3907,#3908,#3909));
#1394=EDGE_LOOP('',(#3910,#3911,#3912,#3913,#3914,#3915,#3916));
#1395=EDGE_LOOP('',(#3917,#3918,#3919,#3920));
#1396=EDGE_LOOP('',(#3921,#3922,#3923,#3924,#3925,#3926,#3927));
#1397=EDGE_LOOP('',(#3928,#3929,#3930,#3931,#3932,#3933,#3934));
#1398=EDGE_LOOP('',(#3935,#3936,#3937,#3938));
#1399=EDGE_LOOP('',(#3939,#3940,#3941,#3942,#3943,#3944,#3945));
#1400=EDGE_LOOP('',(#3946,#3947,#3948,#3949,#3950,#3951,#3952));
#1401=EDGE_LOOP('',(#3953,#3954,#3955,#3956));
#1402=EDGE_LOOP('',(#3957,#3958,#3959,#3960,#3961,#3962,#3963));
#1403=EDGE_LOOP('',(#3964,#3965,#3966,#3967,#3968,#3969,#3970));
#1404=EDGE_LOOP('',(#3971,#3972,#3973,#3974));
#1405=EDGE_LOOP('',(#3975,#3976,#3977,#3978,#3979,#3980,#3981));
#1406=EDGE_LOOP('',(#3982,#3983,#3984,#3985,#3986,#3987,#3988));
#1407=EDGE_LOOP('',(#3989,#3990,#3991,#3992));
#1408=EDGE_LOOP('',(#3993,#3994,#3995,#3996,#3997,#3998,#3999));
#1409=EDGE_LOOP('',(#4000,#4001,#4002,#4003,#4004,#4005,#4006));
#1410=EDGE_LOOP('',(#4007,#4008,#4009,#4010));
#1411=EDGE_LOOP('',(#4011,#4012,#4013,#4014,#4015,#4016,#4017));
#1412=EDGE_LOOP('',(#4018,#4019,#4020,#4021,#4022,#4023,#4024));
#1413=EDGE_LOOP('',(#4025,#4026,#4027,#4028));
#1414=EDGE_LOOP('',(#4029,#4030,#4031,#4032,#4033,#4034,#4035));
#1415=EDGE_LOOP('',(#4036,#4037,#4038,#4039,#4040,#4041,#4042));
#1416=EDGE_LOOP('',(#4043,#4044,#4045,#4046));
#1417=EDGE_LOOP('',(#4047,#4048,#4049,#4050,#4051,#4052,#4053));
#1418=EDGE_LOOP('',(#4054,#4055,#4056,#4057,#4058,#4059,#4060));
#1419=EDGE_LOOP('',(#4061,#4062,#4063,#4064));
#1420=EDGE_LOOP('',(#4065,#4066,#4067,#4068,#4069,#4070,#4071));
#1421=EDGE_LOOP('',(#4072,#4073,#4074,#4075,#4076,#4077,#4078));
#1422=EDGE_LOOP('',(#4079,#4080,#4081,#4082));
#1423=EDGE_LOOP('',(#4083,#4084,#4085,#4086,#4087,#4088,#4089));
#1424=EDGE_LOOP('',(#4090,#4091,#4092,#4093,#4094,#4095,#4096));
#1425=EDGE_LOOP('',(#4097,#4098,#4099,#4100));
#1426=EDGE_LOOP('',(#4101,#4102,#4103,#4104,#4105,#4106,#4107));
#1427=EDGE_LOOP('',(#4108,#4109,#4110,#4111,#4112,#4113,#4114));
#1428=EDGE_LOOP('',(#4115,#4116,#4117,#4118));
#1429=EDGE_LOOP('',(#4119,#4120,#4121,#4122,#4123,#4124,#4125));
#1430=EDGE_LOOP('',(#4126,#4127,#4128,#4129,#4130,#4131,#4132));
#1431=EDGE_LOOP('',(#4133,#4134,#4135,#4136));
#1432=EDGE_LOOP('',(#4137,#4138,#4139,#4140,#4141,#4142,#4143));
#1433=EDGE_LOOP('',(#4144,#4145,#4146,#4147,#4148,#4149,#4150));
#1434=EDGE_LOOP('',(#4151,#4152,#4153,#4154));
#1435=EDGE_LOOP('',(#4155,#4156,#4157,#4158,#4159,#4160,#4161));
#1436=EDGE_LOOP('',(#4162,#4163,#4164,#4165,#4166,#4167,#4168));
#1437=EDGE_LOOP('',(#4169,#4170,#4171,#4172));
#1438=EDGE_LOOP('',(#4173,#4174,#4175,#4176,#4177,#4178,#4179));
#1439=EDGE_LOOP('',(#4180,#4181,#4182,#4183,#4184,#4185,#4186));
#1440=EDGE_LOOP('',(#4187,#4188,#4189,#4190));
#1441=EDGE_LOOP('',(#4191,#4192,#4193,#4194,#4195,#4196,#4197));
#1442=EDGE_LOOP('',(#4198,#4199,#4200,#4201,#4202,#4203,#4204));
#1443=EDGE_LOOP('',(#4205,#4206,#4207,#4208));
#1444=EDGE_LOOP('',(#4209,#4210,#4211,#4212,#4213,#4214,#4215));
#1445=EDGE_LOOP('',(#4216,#4217,#4218,#4219,#4220,#4221,#4222));
#1446=EDGE_LOOP('',(#4223,#4224,#4225,#4226));
#1447=EDGE_LOOP('',(#4227,#4228,#4229,#4230,#4231,#4232,#4233));
#1448=EDGE_LOOP('',(#4234,#4235,#4236,#4237));
#1449=EDGE_LOOP('',(#4238,#4239,#4240,#4241,#4242,#4243,#4244));
#1450=EDGE_LOOP('',(#4245,#4246,#4247,#4248));
#1451=EDGE_LOOP('',(#4249,#4250,#4251,#4252));
#1452=EDGE_LOOP('',(#4253,#4254,#4255,#4256));
#1453=EDGE_LOOP('',(#4257,#4258,#4259,#4260));
#1454=EDGE_LOOP('',(#4261,#4262,#4263,#4264));
#1455=EDGE_LOOP('',(#4265,#4266,#4267,#4268));
#1456=EDGE_LOOP('',(#4269,#4270,#4271,#4272,#4273,#4274,#4275));
#1457=EDGE_LOOP('',(#4276,#4277,#4278,#4279));
#1458=EDGE_LOOP('',(#4280,#4281,#4282,#4283,#4284,#4285,#4286));
#1459=EDGE_LOOP('',(#4287,#4288,#4289,#4290));
#1460=EDGE_LOOP('',(#4291,#4292,#4293,#4294,#4295,#4296,#4297));
#1461=EDGE_LOOP('',(#4298,#4299,#4300,#4301));
#1462=EDGE_LOOP('',(#4302,#4303,#4304,#4305,#4306,#4307,#4308));
#1463=EDGE_LOOP('',(#4309,#4310,#4311,#4312));
#1464=EDGE_LOOP('',(#4313,#4314,#4315,#4316,#4317,#4318,#4319));
#1465=EDGE_LOOP('',(#4320,#4321,#4322,#4323,#4324,#4325,#4326));
#1466=EDGE_LOOP('',(#4327,#4328));
#1467=EDGE_LOOP('',(#4329,#4330,#4331,#4332,#4333,#4334,#4335,#4336,#4337,
#4338,#4339,#4340,#4341,#4342,#4343,#4344,#4345,#4346,#4347,#4348,#4349,
#4350,#4351,#4352,#4353,#4354,#4355,#4356,#4357,#4358,#4359,#4360,#4361,
#4362,#4363,#4364,#4365,#4366,#4367,#4368,#4369,#4370,#4371,#4372,#4373,
#4374,#4375,#4376,#4377,#4378,#4379,#4380,#4381,#4382,#4383,#4384,#4385,
#4386,#4387,#4388,#4389,#4390,#4391,#4392,#4393,#4394,#4395,#4396,#4397,
#4398,#4399,#4400,#4401,#4402,#4403,#4404,#4405,#4406,#4407,#4408,#4409,
#4410,#4411,#4412,#4413,#4414,#4415,#4416,#4417,#4418,#4419,#4420,#4421,
#4422,#4423,#4424,#4425,#4426,#4427));
#1468=EDGE_LOOP('',(#4428));
#1469=EDGE_LOOP('',(#4429,#4430,#4431,#4432));
#1470=EDGE_LOOP('',(#4433,#4434));
#1471=EDGE_LOOP('',(#4435,#4436));
#1472=EDGE_LOOP('',(#4437,#4438,#4439,#4440));
#1473=EDGE_LOOP('',(#4441,#4442));
#1474=EDGE_LOOP('',(#4443,#4444,#4445,#4446));
#1475=EDGE_LOOP('',(#4447,#4448));
#1476=EDGE_LOOP('',(#4449,#4450,#4451,#4452));
#1477=EDGE_LOOP('',(#4453,#4454));
#1478=EDGE_LOOP('',(#4455,#4456,#4457,#4458));
#1479=EDGE_LOOP('',(#4459,#4460));
#1480=EDGE_LOOP('',(#4461,#4462,#4463,#4464));
#1481=EDGE_LOOP('',(#4465,#4466));
#1482=EDGE_LOOP('',(#4467,#4468,#4469,#4470));
#1483=EDGE_LOOP('',(#4471,#4472));
#1484=EDGE_LOOP('',(#4473,#4474,#4475,#4476));
#1485=EDGE_LOOP('',(#4477,#4478));
#1486=EDGE_LOOP('',(#4479,#4480,#4481,#4482));
#1487=EDGE_LOOP('',(#4483,#4484));
#1488=EDGE_LOOP('',(#4485,#4486,#4487,#4488));
#1489=EDGE_LOOP('',(#4489,#4490));
#1490=EDGE_LOOP('',(#4491,#4492,#4493,#4494));
#1491=EDGE_LOOP('',(#4495,#4496));
#1492=EDGE_LOOP('',(#4497,#4498,#4499,#4500));
#1493=EDGE_LOOP('',(#4501,#4502));
#1494=EDGE_LOOP('',(#4503,#4504,#4505,#4506));
#1495=EDGE_LOOP('',(#4507,#4508));
#1496=EDGE_LOOP('',(#4509,#4510,#4511,#4512));
#1497=EDGE_LOOP('',(#4513,#4514));
#1498=EDGE_LOOP('',(#4515,#4516,#4517,#4518));
#1499=EDGE_LOOP('',(#4519,#4520));
#1500=EDGE_LOOP('',(#4521,#4522,#4523,#4524));
#1501=EDGE_LOOP('',(#4525,#4526));
#1502=EDGE_LOOP('',(#4527,#4528,#4529,#4530));
#1503=EDGE_LOOP('',(#4531,#4532));
#1504=EDGE_LOOP('',(#4533,#4534,#4535,#4536));
#1505=EDGE_LOOP('',(#4537,#4538));
#1506=EDGE_LOOP('',(#4539,#4540,#4541,#4542));
#1507=EDGE_LOOP('',(#4543,#4544));
#1508=EDGE_LOOP('',(#4545,#4546,#4547,#4548));
#1509=EDGE_LOOP('',(#4549,#4550));
#1510=EDGE_LOOP('',(#4551,#4552,#4553,#4554));
#1511=EDGE_LOOP('',(#4555,#4556));
#1512=EDGE_LOOP('',(#4557,#4558,#4559,#4560));
#1513=EDGE_LOOP('',(#4561,#4562));
#1514=EDGE_LOOP('',(#4563,#4564,#4565,#4566));
#1515=EDGE_LOOP('',(#4567,#4568,#4569,#4570));
#1516=EDGE_LOOP('',(#4571,#4572));
#1517=EDGE_LOOP('',(#4573,#4574));
#1518=EDGE_LOOP('',(#4575,#4576,#4577,#4578));
#1519=EDGE_LOOP('',(#4579,#4580));
#1520=EDGE_LOOP('',(#4581,#4582,#4583,#4584));
#1521=EDGE_LOOP('',(#4585,#4586));
#1522=EDGE_LOOP('',(#4587,#4588,#4589,#4590));
#1523=EDGE_LOOP('',(#4591,#4592));
#1524=EDGE_LOOP('',(#4593,#4594,#4595,#4596));
#1525=EDGE_LOOP('',(#4597,#4598));
#1526=EDGE_LOOP('',(#4599,#4600,#4601,#4602));
#1527=EDGE_LOOP('',(#4603,#4604));
#1528=EDGE_LOOP('',(#4605,#4606,#4607,#4608));
#1529=EDGE_LOOP('',(#4609,#4610));
#1530=EDGE_LOOP('',(#4611,#4612,#4613,#4614));
#1531=EDGE_LOOP('',(#4615,#4616));
#1532=EDGE_LOOP('',(#4617,#4618,#4619,#4620));
#1533=EDGE_LOOP('',(#4621,#4622,#4623,#4624));
#1534=EDGE_LOOP('',(#4625));
#1535=EDGE_LOOP('',(#4626));
#1536=EDGE_LOOP('',(#4627));
#1537=EDGE_LOOP('',(#4628,#4629,#4630,#4631));
#1538=EDGE_LOOP('',(#4632,#4633,#4634,#4635));
#1539=EDGE_LOOP('',(#4636,#4637,#4638,#4639));
#1540=EDGE_LOOP('',(#4640,#4641,#4642,#4643));
#1541=EDGE_LOOP('',(#4644,#4645,#4646,#4647));
#1542=EDGE_LOOP('',(#4648,#4649,#4650,#4651));
#1543=EDGE_LOOP('',(#4652));
#1544=EDGE_LOOP('',(#4653));
#1545=EDGE_LOOP('',(#4654,#4655,#4656,#4657));
#1546=EDGE_LOOP('',(#4658,#4659,#4660,#4661));
#1547=EDGE_LOOP('',(#4662,#4663,#4664,#4665));
#1548=EDGE_LOOP('',(#4666,#4667,#4668,#4669));
#1549=EDGE_LOOP('',(#4670,#4671,#4672,#4673));
#1550=EDGE_LOOP('',(#4674,#4675,#4676,#4677));
#1551=EDGE_LOOP('',(#4678,#4679,#4680,#4681));
#1552=EDGE_LOOP('',(#4682,#4683,#4684,#4685));
#1553=EDGE_LOOP('',(#4686,#4687,#4688,#4689));
#1554=EDGE_LOOP('',(#4690,#4691,#4692,#4693,#4694));
#1555=EDGE_LOOP('',(#4695,#4696,#4697,#4698,#4699,#4700));
#1556=EDGE_LOOP('',(#4701,#4702,#4703,#4704,#4705,#4706,#4707,#4708,#4709,
#4710));
#1557=EDGE_LOOP('',(#4711,#4712,#4713,#4714,#4715,#4716));
#1558=EDGE_LOOP('',(#4717,#4718,#4719,#4720,#4721,#4722,#4723,#4724,#4725,
#4726,#4727,#4728,#4729,#4730,#4731,#4732,#4733,#4734));
#1559=EDGE_LOOP('',(#4735));
#1560=EDGE_LOOP('',(#4736));
#1561=EDGE_LOOP('',(#4737));
#1562=EDGE_LOOP('',(#4738,#4739,#4740,#4741));
#1563=EDGE_LOOP('',(#4742,#4743,#4744,#4745));
#1564=EDGE_LOOP('',(#4746,#4747,#4748,#4749));
#1565=EDGE_LOOP('',(#4750,#4751,#4752,#4753,#4754,#4755,#4756,#4757));
#1566=EDGE_LOOP('',(#4758,#4759,#4760,#4761));
#1567=EDGE_LOOP('',(#4762,#4763,#4764,#4765));
#1568=EDGE_LOOP('',(#4766,#4767,#4768,#4769));
#1569=EDGE_LOOP('',(#4770,#4771,#4772,#4773));
#1570=EDGE_LOOP('',(#4774,#4775,#4776,#4777));
#1571=EDGE_LOOP('',(#4778,#4779,#4780,#4781,#4782,#4783));
#1572=EDGE_LOOP('',(#4784,#4785,#4786,#4787,#4788,#4789));
#1573=EDGE_LOOP('',(#4790,#4791,#4792,#4793));
#1574=EDGE_LOOP('',(#4794,#4795,#4796,#4797));
#1575=EDGE_LOOP('',(#4798,#4799,#4800,#4801));
#1576=EDGE_LOOP('',(#4802,#4803,#4804,#4805,#4806,#4807));
#1577=EDGE_LOOP('',(#4808));
#1578=EDGE_LOOP('',(#4809,#4810,#4811,#4812,#4813,#4814));
#1579=EDGE_LOOP('',(#4815,#4816,#4817,#4818));
#1580=EDGE_LOOP('',(#4819,#4820,#4821,#4822));
#1581=EDGE_LOOP('',(#4823,#4824,#4825,#4826,#4827,#4828));
#1582=EDGE_LOOP('',(#4829,#4830,#4831,#4832));
#1583=EDGE_LOOP('',(#4833,#4834,#4835,#4836,#4837,#4838));
#1584=EDGE_LOOP('',(#4839,#4840,#4841,#4842));
#1585=EDGE_LOOP('',(#4843,#4844,#4845,#4846));
#1586=EDGE_LOOP('',(#4847,#4848,#4849,#4850,#4851,#4852,#4853,#4854,#4855,
#4856,#4857,#4858,#4859,#4860,#4861,#4862,#4863,#4864,#4865));
#1587=EDGE_LOOP('',(#4866));
#1588=EDGE_LOOP('',(#4867,#4868,#4869,#4870));
#1589=EDGE_LOOP('',(#4871,#4872,#4873,#4874,#4875,#4876));
#1590=EDGE_LOOP('',(#4877,#4878,#4879,#4880));
#1591=EDGE_LOOP('',(#4881,#4882,#4883,#4884));
#1592=EDGE_LOOP('',(#4885,#4886,#4887,#4888));
#1593=EDGE_LOOP('',(#4889,#4890,#4891,#4892));
#1594=EDGE_LOOP('',(#4893,#4894,#4895,#4896));
#1595=EDGE_LOOP('',(#4897,#4898,#4899,#4900));
#1596=EDGE_LOOP('',(#4901,#4902,#4903,#4904));
#1597=EDGE_LOOP('',(#4905,#4906,#4907,#4908));
#1598=EDGE_LOOP('',(#4909,#4910,#4911,#4912));
#1599=EDGE_LOOP('',(#4913,#4914,#4915,#4916));
#1600=EDGE_LOOP('',(#4917,#4918,#4919,#4920));
#1601=EDGE_LOOP('',(#4921,#4922,#4923,#4924,#4925,#4926,#4927,#4928,#4929,
#4930));
#1602=EDGE_LOOP('',(#4931,#4932,#4933,#4934,#4935));
#1603=EDGE_LOOP('',(#4936,#4937,#4938,#4939,#4940,#4941));
#1604=EDGE_LOOP('',(#4942,#4943,#4944,#4945,#4946,#4947,#4948,#4949,#4950,
#4951,#4952,#4953,#4954,#4955,#4956,#4957,#4958,#4959,#4960,#4961,#4962,
#4963,#4964,#4965,#4966,#4967,#4968,#4969,#4970,#4971,#4972,#4973,#4974,
#4975,#4976,#4977,#4978,#4979,#4980));
#1605=EDGE_LOOP('',(#4981,#4982,#4983,#4984));
#1606=EDGE_LOOP('',(#4985,#4986,#4987,#4988));
#1607=EDGE_LOOP('',(#4989,#4990,#4991,#4992));
#1608=EDGE_LOOP('',(#4993,#4994,#4995,#4996));
#1609=EDGE_LOOP('',(#4997,#4998,#4999,#5000));
#1610=EDGE_LOOP('',(#5001,#5002,#5003,#5004));
#1611=EDGE_LOOP('',(#5005,#5006,#5007,#5008));
#1612=EDGE_LOOP('',(#5009,#5010,#5011,#5012));
#1613=EDGE_LOOP('',(#5013));
#1614=EDGE_LOOP('',(#5014));
#1615=EDGE_LOOP('',(#5015));
#1616=EDGE_LOOP('',(#5016,#5017,#5018,#5019));
#1617=EDGE_LOOP('',(#5020,#5021,#5022,#5023,#5024,#5025,#5026,#5027));
#1618=EDGE_LOOP('',(#5028,#5029,#5030,#5031));
#1619=EDGE_LOOP('',(#5032,#5033,#5034,#5035));
#1620=EDGE_LOOP('',(#5036,#5037,#5038,#5039));
#1621=EDGE_LOOP('',(#5040,#5041,#5042,#5043));
#1622=EDGE_LOOP('',(#5044,#5045,#5046,#5047));
#1623=EDGE_LOOP('',(#5048,#5049,#5050,#5051));
#1624=EDGE_LOOP('',(#5052,#5053,#5054,#5055));
#1625=EDGE_LOOP('',(#5056,#5057,#5058,#5059));
#1626=EDGE_LOOP('',(#5060,#5061,#5062,#5063));
#1627=EDGE_LOOP('',(#5064,#5065,#5066,#5067));
#1628=EDGE_LOOP('',(#5068,#5069,#5070,#5071));
#1629=EDGE_LOOP('',(#5072,#5073,#5074,#5075));
#1630=EDGE_LOOP('',(#5076,#5077,#5078,#5079));
#1631=EDGE_LOOP('',(#5080,#5081,#5082,#5083));
#1632=EDGE_LOOP('',(#5084,#5085,#5086,#5087));
#1633=EDGE_LOOP('',(#5088,#5089,#5090,#5091));
#1634=EDGE_LOOP('',(#5092,#5093,#5094,#5095));
#1635=EDGE_LOOP('',(#5096,#5097,#5098,#5099));
#1636=EDGE_LOOP('',(#5100,#5101,#5102,#5103));
#1637=EDGE_LOOP('',(#5104,#5105,#5106,#5107));
#1638=EDGE_LOOP('',(#5108,#5109,#5110,#5111));
#1639=EDGE_LOOP('',(#5112,#5113,#5114,#5115));
#1640=EDGE_LOOP('',(#5116,#5117,#5118,#5119));
#1641=EDGE_LOOP('',(#5120,#5121,#5122,#5123));
#1642=EDGE_LOOP('',(#5124,#5125,#5126,#5127));
#1643=EDGE_LOOP('',(#5128,#5129,#5130,#5131));
#1644=EDGE_LOOP('',(#5132,#5133,#5134,#5135));
#1645=EDGE_LOOP('',(#5136,#5137,#5138,#5139));
#1646=EDGE_LOOP('',(#5140,#5141,#5142,#5143));
#1647=EDGE_LOOP('',(#5144,#5145,#5146,#5147));
#1648=EDGE_LOOP('',(#5148,#5149,#5150,#5151));
#1649=EDGE_LOOP('',(#5152,#5153,#5154,#5155));
#1650=EDGE_LOOP('',(#5156,#5157,#5158,#5159));
#1651=EDGE_LOOP('',(#5160,#5161,#5162,#5163));
#1652=EDGE_LOOP('',(#5164,#5165,#5166,#5167));
#1653=EDGE_LOOP('',(#5168,#5169,#5170,#5171));
#1654=EDGE_LOOP('',(#5172,#5173,#5174,#5175));
#1655=EDGE_LOOP('',(#5176,#5177,#5178,#5179));
#1656=EDGE_LOOP('',(#5180,#5181,#5182,#5183));
#1657=EDGE_LOOP('',(#5184,#5185,#5186,#5187));
#1658=EDGE_LOOP('',(#5188,#5189,#5190,#5191));
#1659=EDGE_LOOP('',(#5192,#5193,#5194,#5195));
#1660=EDGE_LOOP('',(#5196,#5197,#5198,#5199));
#1661=EDGE_LOOP('',(#5200,#5201,#5202,#5203));
#1662=EDGE_LOOP('',(#5204,#5205,#5206,#5207));
#1663=EDGE_LOOP('',(#5208,#5209,#5210,#5211));
#1664=EDGE_LOOP('',(#5212,#5213,#5214,#5215));
#1665=CIRCLE('',#5880,11.7491002333779);
#1666=CIRCLE('',#5881,0.500000000000003);
#1667=CIRCLE('',#5882,12.25);
#1668=CIRCLE('',#5883,12.25);
#1669=CIRCLE('',#5885,12.25);
#1670=CIRCLE('',#5887,14.5);
#1671=CIRCLE('',#5888,16.);
#1672=CIRCLE('',#5890,2.92147224363201);
#1673=CIRCLE('',#5891,2.92147224363201);
#1674=CIRCLE('',#5892,2.92147224363201);
#1675=CIRCLE('',#5894,2.92147224363201);
#1676=CIRCLE('',#5895,2.92147224363201);
#1677=CIRCLE('',#5896,2.92147224363201);
#1678=CIRCLE('',#5898,5.72868060908004);
#1679=CIRCLE('',#5899,5.72868060908004);
#1680=CIRCLE('',#5900,5.72868060908003);
#1681=CIRCLE('',#5902,2.92147224363201);
#1682=CIRCLE('',#5903,2.92147224363201);
#1683=CIRCLE('',#5904,2.92147224363201);
#1684=CIRCLE('',#5906,5.72868060908004);
#1685=CIRCLE('',#5907,5.72868060908004);
#1686=CIRCLE('',#5908,5.72868060908004);
#1687=CIRCLE('',#5910,2.92147224363201);
#1688=CIRCLE('',#5911,2.92147224363201);
#1689=CIRCLE('',#5912,2.92147224363201);
#1690=CIRCLE('',#5914,5.72868060908004);
#1691=CIRCLE('',#5915,5.72868060908004);
#1692=CIRCLE('',#5916,5.72868060908004);
#1693=CIRCLE('',#5918,2.92147224363201);
#1694=CIRCLE('',#5919,2.92147224363201);
#1695=CIRCLE('',#5920,2.92147224363201);
#1696=CIRCLE('',#5922,5.72868060908004);
#1697=CIRCLE('',#5923,5.72868060908004);
#1698=CIRCLE('',#5924,5.72868060908004);
#1699=CIRCLE('',#5926,2.92147224363201);
#1700=CIRCLE('',#5927,2.92147224363201);
#1701=CIRCLE('',#5928,2.92147224363201);
#1702=CIRCLE('',#5930,2.92147224363201);
#1703=CIRCLE('',#5931,2.92147224363201);
#1704=CIRCLE('',#5932,2.92147224363201);
#1705=CIRCLE('',#5934,2.92147224363201);
#1706=CIRCLE('',#5935,2.92147224363201);
#1707=CIRCLE('',#5936,2.92147224363201);
#1708=CIRCLE('',#5938,2.92147224363201);
#1709=CIRCLE('',#5939,2.92147224363201);
#1710=CIRCLE('',#5940,2.92147224363201);
#1711=CIRCLE('',#5942,2.92147224363201);
#1712=CIRCLE('',#5943,2.92147224363201);
#1713=CIRCLE('',#5944,2.92147224363201);
#1714=CIRCLE('',#5946,2.92147224363201);
#1715=CIRCLE('',#5947,2.92147224363201);
#1716=CIRCLE('',#5948,2.92147224363201);
#1717=CIRCLE('',#5950,5.72868060908004);
#1718=CIRCLE('',#5951,5.72868060908004);
#1719=CIRCLE('',#5952,5.72868060908004);
#1720=CIRCLE('',#5954,18.);
#1721=CIRCLE('',#5955,18.);
#1722=CIRCLE('',#5957,14.6);
#1723=CIRCLE('',#5958,15.8);
#1724=CIRCLE('',#5960,11.4);
#1725=CIRCLE('',#5961,11.4);
#1726=CIRCLE('',#5964,14.5);
#1727=CIRCLE('',#5965,14.5);
#1728=CIRCLE('',#5966,14.5);
#1729=CIRCLE('',#5967,14.5);
#1730=CIRCLE('',#5968,14.5);
#1731=CIRCLE('',#5969,14.5);
#1732=CIRCLE('',#5970,14.5);
#1733=CIRCLE('',#5971,14.5);
#1734=CIRCLE('',#5972,14.5);
#1735=CIRCLE('',#5973,14.5);
#1736=CIRCLE('',#5974,14.5);
#1737=CIRCLE('',#5975,14.5);
#1738=CIRCLE('',#5976,14.5);
#1739=CIRCLE('',#5977,14.5);
#1740=CIRCLE('',#5978,14.5);
#1741=CIRCLE('',#5979,14.5);
#1742=CIRCLE('',#5980,14.5);
#1743=CIRCLE('',#5981,14.5);
#1744=CIRCLE('',#5982,14.5);
#1745=CIRCLE('',#5983,14.5);
#1746=CIRCLE('',#5984,14.5);
#1747=CIRCLE('',#5985,14.5);
#1748=CIRCLE('',#5986,14.5);
#1749=CIRCLE('',#5987,14.5);
#1750=CIRCLE('',#5988,14.5);
#1751=CIRCLE('',#5989,14.5);
#1752=CIRCLE('',#5990,14.5);
#1753=CIRCLE('',#5991,14.5);
#1754=CIRCLE('',#5992,14.5);
#1755=CIRCLE('',#5993,14.5);
#1756=CIRCLE('',#5994,14.5);
#1757=CIRCLE('',#5995,14.5);
#1758=CIRCLE('',#5997,16.);
#1759=CIRCLE('',#5999,16.);
#1760=CIRCLE('',#6001,16.);
#1761=CIRCLE('',#6003,16.);
#1762=CIRCLE('',#6005,16.);
#1763=CIRCLE('',#6007,16.);
#1764=CIRCLE('',#6009,16.);
#1765=CIRCLE('',#6011,16.);
#1766=CIRCLE('',#6013,16.);
#1767=CIRCLE('',#6015,16.);
#1768=CIRCLE('',#6017,16.);
#1769=CIRCLE('',#6019,16.);
#1770=CIRCLE('',#6021,16.);
#1771=CIRCLE('',#6023,16.);
#1772=CIRCLE('',#6025,16.);
#1773=CIRCLE('',#6027,16.);
#1774=CIRCLE('',#6029,16.);
#1775=CIRCLE('',#6031,16.);
#1776=CIRCLE('',#6033,16.);
#1777=CIRCLE('',#6035,16.);
#1778=CIRCLE('',#6037,16.);
#1779=CIRCLE('',#6039,16.);
#1780=CIRCLE('',#6041,16.);
#1781=CIRCLE('',#6043,16.);
#1782=CIRCLE('',#6045,16.);
#1783=CIRCLE('',#6047,16.);
#1784=CIRCLE('',#6049,16.);
#1785=CIRCLE('',#6051,16.);
#1786=CIRCLE('',#6053,16.);
#1787=CIRCLE('',#6055,16.);
#1788=CIRCLE('',#6057,16.);
#1789=CIRCLE('',#6059,16.);
#1790=CIRCLE('',#6061,2.92147224363201);
#1791=CIRCLE('',#6062,2.92147224363201);
#1792=CIRCLE('',#6063,2.92147224363201);
#1793=CIRCLE('',#6065,18.);
#1794=CIRCLE('',#6066,5.72868060908003);
#1795=CIRCLE('',#6068,5.72868060908004);
#1796=CIRCLE('',#6069,5.72868060908004);
#1797=CIRCLE('',#6071,5.72868060908004);
#1798=CIRCLE('',#6072,5.72868060908004);
#1799=CIRCLE('',#6073,5.72868060908004);
#1800=CIRCLE('',#6075,2.92147224363201);
#1801=CIRCLE('',#6076,2.92147224363201);
#1802=CIRCLE('',#6077,2.92147224363201);
#1803=CIRCLE('',#6079,18.);
#1804=CIRCLE('',#6081,5.72868060908004);
#1805=CIRCLE('',#6082,5.72868060908004);
#1806=CIRCLE('',#6083,5.72868060908004);
#1807=CIRCLE('',#6085,2.92147224363201);
#1808=CIRCLE('',#6086,2.92147224363201);
#1809=CIRCLE('',#6087,2.92147224363201);
#1810=CIRCLE('',#6089,18.);
#1811=CIRCLE('',#6091,5.72868060908004);
#1812=CIRCLE('',#6092,5.72868060908004);
#1813=CIRCLE('',#6093,5.72868060908004);
#1814=CIRCLE('',#6095,2.92147224363201);
#1815=CIRCLE('',#6096,2.92147224363201);
#1816=CIRCLE('',#6097,2.92147224363201);
#1817=CIRCLE('',#6099,18.);
#1818=CIRCLE('',#6101,5.72868060908004);
#1819=CIRCLE('',#6102,5.72868060908004);
#1820=CIRCLE('',#6103,5.72868060908004);
#1821=CIRCLE('',#6105,2.92147224363201);
#1822=CIRCLE('',#6106,2.92147224363201);
#1823=CIRCLE('',#6107,2.92147224363201);
#1824=CIRCLE('',#6109,18.);
#1825=CIRCLE('',#6111,5.72868060908004);
#1826=CIRCLE('',#6112,5.72868060908004);
#1827=CIRCLE('',#6113,5.72868060908004);
#1828=CIRCLE('',#6115,2.92147224363201);
#1829=CIRCLE('',#6116,2.92147224363201);
#1830=CIRCLE('',#6117,2.92147224363201);
#1831=CIRCLE('',#6119,18.);
#1832=CIRCLE('',#6121,5.72868060908004);
#1833=CIRCLE('',#6122,5.72868060908004);
#1834=CIRCLE('',#6123,5.72868060908004);
#1835=CIRCLE('',#6125,2.92147224363201);
#1836=CIRCLE('',#6126,2.92147224363201);
#1837=CIRCLE('',#6127,2.92147224363201);
#1838=CIRCLE('',#6129,18.);
#1839=CIRCLE('',#6131,5.72868060908004);
#1840=CIRCLE('',#6132,5.72868060908004);
#1841=CIRCLE('',#6133,5.72868060908004);
#1842=CIRCLE('',#6135,2.92147224363201);
#1843=CIRCLE('',#6136,2.92147224363201);
#1844=CIRCLE('',#6137,2.92147224363201);
#1845=CIRCLE('',#6139,18.);
#1846=CIRCLE('',#6141,5.72868060908004);
#1847=CIRCLE('',#6142,5.72868060908004);
#1848=CIRCLE('',#6143,5.72868060908004);
#1849=CIRCLE('',#6145,2.92147224363201);
#1850=CIRCLE('',#6146,2.92147224363201);
#1851=CIRCLE('',#6147,2.92147224363201);
#1852=CIRCLE('',#6149,18.);
#1853=CIRCLE('',#6151,5.72868060908003);
#1854=CIRCLE('',#6152,5.72868060908004);
#1855=CIRCLE('',#6153,5.72868060908004);
#1856=CIRCLE('',#6155,2.92147224363201);
#1857=CIRCLE('',#6156,2.92147224363201);
#1858=CIRCLE('',#6157,2.92147224363201);
#1859=CIRCLE('',#6159,18.);
#1860=CIRCLE('',#6161,5.72868060908004);
#1861=CIRCLE('',#6162,5.72868060908004);
#1862=CIRCLE('',#6163,5.72868060908004);
#1863=CIRCLE('',#6165,2.92147224363201);
#1864=CIRCLE('',#6166,2.92147224363201);
#1865=CIRCLE('',#6167,2.92147224363201);
#1866=CIRCLE('',#6169,18.);
#1867=CIRCLE('',#6171,5.72868060908004);
#1868=CIRCLE('',#6172,5.72868060908004);
#1869=CIRCLE('',#6173,5.72868060908003);
#1870=CIRCLE('',#6175,2.92147224363201);
#1871=CIRCLE('',#6176,2.92147224363201);
#1872=CIRCLE('',#6177,2.92147224363201);
#1873=CIRCLE('',#6179,18.);
#1874=CIRCLE('',#6181,5.72868060908004);
#1875=CIRCLE('',#6182,5.72868060908004);
#1876=CIRCLE('',#6183,5.72868060908004);
#1877=CIRCLE('',#6185,2.92147224363201);
#1878=CIRCLE('',#6186,2.92147224363201);
#1879=CIRCLE('',#6187,2.92147224363201);
#1880=CIRCLE('',#6189,18.);
#1881=CIRCLE('',#6191,5.72868060908004);
#1882=CIRCLE('',#6192,5.72868060908004);
#1883=CIRCLE('',#6193,5.72868060908004);
#1884=CIRCLE('',#6195,2.92147224363201);
#1885=CIRCLE('',#6196,2.92147224363201);
#1886=CIRCLE('',#6197,2.92147224363201);
#1887=CIRCLE('',#6199,18.);
#1888=CIRCLE('',#6201,5.72868060908004);
#1889=CIRCLE('',#6202,5.72868060908004);
#1890=CIRCLE('',#6203,5.72868060908004);
#1891=CIRCLE('',#6205,2.92147224363201);
#1892=CIRCLE('',#6206,2.92147224363201);
#1893=CIRCLE('',#6207,2.92147224363201);
#1894=CIRCLE('',#6209,18.);
#1895=CIRCLE('',#6211,5.72868060908004);
#1896=CIRCLE('',#6212,5.72868060908004);
#1897=CIRCLE('',#6213,5.72868060908004);
#1898=CIRCLE('',#6215,2.92147224363201);
#1899=CIRCLE('',#6216,2.92147224363201);
#1900=CIRCLE('',#6217,2.92147224363201);
#1901=CIRCLE('',#6219,18.);
#1902=CIRCLE('',#6221,5.72868060908004);
#1903=CIRCLE('',#6222,5.72868060908004);
#1904=CIRCLE('',#6223,5.72868060908004);
#1905=CIRCLE('',#6225,2.92147224363201);
#1906=CIRCLE('',#6226,2.92147224363201);
#1907=CIRCLE('',#6227,2.92147224363201);
#1908=CIRCLE('',#6229,18.);
#1909=CIRCLE('',#6231,5.72868060908004);
#1910=CIRCLE('',#6232,5.72868060908004);
#1911=CIRCLE('',#6233,5.72868060908003);
#1912=CIRCLE('',#6235,2.92147224363201);
#1913=CIRCLE('',#6236,2.92147224363201);
#1914=CIRCLE('',#6237,2.92147224363201);
#1915=CIRCLE('',#6239,18.);
#1916=CIRCLE('',#6241,5.72868060908004);
#1917=CIRCLE('',#6242,5.72868060908004);
#1918=CIRCLE('',#6243,5.72868060908004);
#1919=CIRCLE('',#6245,2.92147224363201);
#1920=CIRCLE('',#6246,2.92147224363201);
#1921=CIRCLE('',#6247,2.92147224363201);
#1922=CIRCLE('',#6249,18.);
#1923=CIRCLE('',#6251,5.72868060908004);
#1924=CIRCLE('',#6252,5.72868060908004);
#1925=CIRCLE('',#6253,5.72868060908003);
#1926=CIRCLE('',#6255,2.92147224363201);
#1927=CIRCLE('',#6256,2.92147224363201);
#1928=CIRCLE('',#6257,2.92147224363201);
#1929=CIRCLE('',#6259,18.);
#1930=CIRCLE('',#6261,5.72868060908003);
#1931=CIRCLE('',#6262,5.72868060908004);
#1932=CIRCLE('',#6263,5.72868060908004);
#1933=CIRCLE('',#6265,2.92147224363201);
#1934=CIRCLE('',#6266,2.92147224363201);
#1935=CIRCLE('',#6267,2.92147224363201);
#1936=CIRCLE('',#6269,18.);
#1937=CIRCLE('',#6271,5.72868060908004);
#1938=CIRCLE('',#6272,5.72868060908004);
#1939=CIRCLE('',#6273,5.72868060908003);
#1940=CIRCLE('',#6275,18.);
#1941=CIRCLE('',#6277,5.72868060908004);
#1942=CIRCLE('',#6278,5.72868060908004);
#1943=CIRCLE('',#6279,5.72868060908004);
#1944=CIRCLE('',#6281,18.);
#1945=CIRCLE('',#6283,18.);
#1946=CIRCLE('',#6285,18.);
#1947=CIRCLE('',#6287,18.);
#1948=CIRCLE('',#6289,18.);
#1949=CIRCLE('',#6291,18.);
#1950=CIRCLE('',#6293,5.72868060908004);
#1951=CIRCLE('',#6294,5.72868060908004);
#1952=CIRCLE('',#6295,5.72868060908004);
#1953=CIRCLE('',#6297,18.);
#1954=CIRCLE('',#6299,5.72868060908003);
#1955=CIRCLE('',#6300,5.72868060908004);
#1956=CIRCLE('',#6301,5.72868060908004);
#1957=CIRCLE('',#6303,18.);
#1958=CIRCLE('',#6305,5.72868060908004);
#1959=CIRCLE('',#6306,5.72868060908003);
#1960=CIRCLE('',#6307,5.72868060908003);
#1961=CIRCLE('',#6309,18.);
#1962=CIRCLE('',#6311,5.72868060908004);
#1963=CIRCLE('',#6312,5.72868060908004);
#1964=CIRCLE('',#6313,5.72868060908003);
#1965=CIRCLE('',#6315,18.);
#1966=CIRCLE('',#6317,2.92147224363201);
#1967=CIRCLE('',#6318,2.92147224363201);
#1968=CIRCLE('',#6319,2.92147224363201);
#1969=CIRCLE('',#6321,5.72868060908003);
#1970=CIRCLE('',#6322,5.72868060908004);
#1971=CIRCLE('',#6323,5.72868060908004);
#1972=CIRCLE('',#6326,18.);
#1973=CIRCLE('',#6327,18.);
#1974=CIRCLE('',#6328,18.);
#1975=CIRCLE('',#6329,18.);
#1976=CIRCLE('',#6330,18.);
#1977=CIRCLE('',#6331,18.);
#1978=CIRCLE('',#6332,18.);
#1979=CIRCLE('',#6333,18.);
#1980=CIRCLE('',#6334,18.);
#1981=CIRCLE('',#6335,18.);
#1982=CIRCLE('',#6336,18.);
#1983=CIRCLE('',#6337,18.);
#1984=CIRCLE('',#6338,18.);
#1985=CIRCLE('',#6339,18.);
#1986=CIRCLE('',#6340,18.);
#1987=CIRCLE('',#6341,18.);
#1988=CIRCLE('',#6342,18.);
#1989=CIRCLE('',#6343,18.);
#1990=CIRCLE('',#6344,18.);
#1991=CIRCLE('',#6345,18.);
#1992=CIRCLE('',#6346,18.);
#1993=CIRCLE('',#6347,18.);
#1994=CIRCLE('',#6348,18.);
#1995=CIRCLE('',#6349,18.);
#1996=CIRCLE('',#6350,18.);
#1997=CIRCLE('',#6351,18.);
#1998=CIRCLE('',#6352,18.);
#1999=CIRCLE('',#6353,18.);
#2000=CIRCLE('',#6354,18.);
#2001=CIRCLE('',#6355,18.);
#2002=CIRCLE('',#6356,18.);
#2003=CIRCLE('',#6357,18.);
#2004=CIRCLE('',#6432,2.65000000000001);
#2005=CIRCLE('',#6433,2.25);
#2006=CIRCLE('',#6434,1.4076696830622);
#2007=CIRCLE('',#6435,0.100000000000003);
#2008=CIRCLE('',#6436,3.);
#2009=CIRCLE('',#6438,2.5);
#2010=CIRCLE('',#6439,2.5);
#2011=CIRCLE('',#6441,21.8769158492144);
#2012=CIRCLE('',#6442,21.8769158492144);
#2013=CIRCLE('',#6444,22.0680672268908);
#2014=CIRCLE('',#6445,22.0680672268908);
#2015=CIRCLE('',#6447,3.3);
#2016=CIRCLE('',#6448,3.3);
#2017=CIRCLE('',#6450,2.25);
#2018=CIRCLE('',#6452,2.25);
#2019=CIRCLE('',#6453,2.25);
#2020=CIRCLE('',#6455,16.);
#2021=CIRCLE('',#6456,16.);
#2022=CIRCLE('',#6458,1.);
#2023=CIRCLE('',#6459,1.);
#2024=CIRCLE('',#6461,3.);
#2025=CIRCLE('',#6462,3.);
#2026=CIRCLE('',#6464,24.6500054997072);
#2027=CIRCLE('',#6465,24.6500055543978);
#2028=CIRCLE('',#6466,24.6500055543978);
#2029=CIRCLE('',#6470,1.);
#2030=CIRCLE('',#6471,25.6500054997072);
#2031=CIRCLE('',#6472,2.);
#2032=CIRCLE('',#6473,1.);
#2033=CIRCLE('',#6474,1.);
#2034=CIRCLE('',#6475,22.0680672268907);
#2035=CIRCLE('',#6476,25.6500054997072);
#2036=CIRCLE('',#6477,3.3);
#2037=CIRCLE('',#6479,3.3);
#2038=CIRCLE('',#6482,25.6500054997072);
#2039=CIRCLE('',#6486,2.);
#2040=CIRCLE('',#6490,22.0680672268908);
#2041=CIRCLE('',#6491,22.0680672268907);
#2042=CIRCLE('',#6493,25.6500054997072);
#2043=CIRCLE('',#6494,25.6500054997072);
#2044=CIRCLE('',#6497,1.);
#2045=CIRCLE('',#6500,21.0680672268907);
#2046=CIRCLE('',#6503,1.);
#2047=CIRCLE('',#6505,1.);
#2048=CIRCLE('',#6507,21.0680672268907);
#2049=CIRCLE('',#6508,21.0680672268907);
#2050=CIRCLE('',#6514,22.3509962063873);
#2051=CIRCLE('',#6515,0.999999999999999);
#2052=CIRCLE('',#6516,0.999999999999999);
#2053=CIRCLE('',#6517,0.999999999999999);
#2054=CIRCLE('',#6518,0.999999999999999);
#2055=CIRCLE('',#6519,0.999999999999999);
#2056=CIRCLE('',#6520,0.999999999999999);
#2057=CIRCLE('',#6522,23.6586658894494);
#2058=CIRCLE('',#6525,1.);
#2059=CIRCLE('',#6528,1.);
#2060=CIRCLE('',#6531,1.);
#2061=CIRCLE('',#6534,1.);
#2062=CIRCLE('',#6537,1.);
#2063=CIRCLE('',#6540,1.);
#2064=CIRCLE('',#6545,0.5);
#2065=CIRCLE('',#6546,0.5);
#2066=CIRCLE('',#6547,0.5);
#2067=CIRCLE('',#6548,0.5);
#2068=CIRCLE('',#6549,21.8769158492144);
#2069=CIRCLE('',#6550,12.);
#2070=CIRCLE('',#6551,12.);
#2071=CIRCLE('',#6552,21.8769158492144);
#2072=CIRCLE('',#6553,21.8769158492144);
#2073=CIRCLE('',#6554,12.);
#2074=CIRCLE('',#6555,21.8769158492144);
#2075=CIRCLE('',#6556,12.);
#2076=CIRCLE('',#6557,21.8769158492144);
#2077=CIRCLE('',#6558,12.);
#2078=CIRCLE('',#6559,12.);
#2079=CIRCLE('',#6560,12.);
#2080=CIRCLE('',#6561,21.8769158492144);
#2081=CIRCLE('',#6562,12.);
#2082=CIRCLE('',#6563,21.8769158492144);
#2083=CIRCLE('',#6565,0.5);
#2084=CIRCLE('',#6567,0.5);
#2085=CIRCLE('',#6568,0.5);
#2086=CIRCLE('',#6569,0.5);
#2087=CIRCLE('',#6572,21.8769158492143);
#2088=CIRCLE('',#6575,12.);
#2089=CIRCLE('',#6579,12.);
#2090=CIRCLE('',#6582,21.8769158492144);
#2091=CIRCLE('',#6584,21.8769158492144);
#2092=CIRCLE('',#6587,12.);
#2093=CIRCLE('',#6590,21.8769158492144);
#2094=CIRCLE('',#6593,12.);
#2095=CIRCLE('',#6596,21.8769158492144);
#2096=CIRCLE('',#6599,12.);
#2097=CIRCLE('',#6603,12.);
#2098=CIRCLE('',#6607,12.);
#2099=CIRCLE('',#6610,21.8769158492144);
#2100=CIRCLE('',#6613,12.);
#2101=CIRCLE('',#6616,21.8769158492143);
#2102=B_SPLINE_CURVE_WITH_KNOTS('',3,(#8473,#8474,#8475,#8476,#8477,#8478,
#8479,#8480,#8481,#8482,#8483,#8484,#8485,#8486,#8487,#8488,#8489,#8490,
#8491,#8492,#8493,#8494,#8495,#8496,#8497,#8498,#8499,#8500,#8501,#8502,
#8503,#8504,#8505,#8506,#8507,#8508,#8509,#8510,#8511,#8512,#8513,#8514,
#8515,#8516,#8517,#8518,#8519,#8520,#8521,#8522,#8523,#8524,#8525,#8526,
#8527,#8528,#8529,#8530,#8531,#8532,#8533,#8534,#8535,#8536,#8537,#8538,
#8539,#8540,#8541,#8542,#8543,#8544,#8545,#8546,#8547,#8548,#8549,#8550,
#8551,#8552,#8553,#8554,#8555,#8556,#8557,#8558,#8559,#8560,#8561,#8562,
#8563,#8564,#8565,#8566,#8567,#8568,#8569,#8570,#8571,#8572,#8573,#8574,
#8575,#8576,#8577,#8578,#8579,#8580,#8581,#8582,#8583,#8584,#8585,#8586,
#8587,#8588,#8589,#8590,#8591,#8592,#8593,#8594,#8595,#8596,#8597,#8598,
#8599,#8600,#8601,#8602,#8603,#8604,#8605,#8606,#8607,#8608,#8609,#8610,
#8611,#8612,#8613,#8614,#8615,#8616,#8617,#8618,#8619,#8620,#8621,#8622,
#8623,#8624,#8625,#8626,#8627,#8628,#8629,#8630,#8631,#8632,#8633,#8634,
#8635,#8636,#8637,#8638,#8639,#8640,#8641,#8642,#8643,#8644),
 .UNSPECIFIED.,.F.,.F.,(4,2,2,2,2,2,2,2,2,2,2,2,2,2,2,2,2,2,2,2,2,2,2,2,
2,2,2,2,2,2,2,2,2,2,2,2,2,2,2,2,2,2,2,2,2,2,2,2,2,2,2,2,2,2,2,2,2,2,2,2,
2,2,2,2,2,2,2,2,2,2,2,2,2,2,2,2,2,2,2,2,2,2,2,2,2,4),(0.,0.0185989115738554,
0.0372236714675221,0.0558079603420042,0.0605468749999991,0.062233718428656,
0.0624999999999991,0.0800384090133029,0.0976032146377943,0.115131244977473,
0.121093749999999,0.123640198412128,0.124999999999999,0.141831122516129,
0.158691040299656,0.175521961108304,0.179687499999999,0.183884121037762,
0.187499999999999,0.204734121764943,0.222001127637363,0.239230080397695,
0.249999999999999,0.266476882832343,0.282982961679114,0.299461120298974,
0.304687499999999,0.308794900304658,0.312499999999998,0.329331765149453,
0.346191123050349,0.363016290952997,0.371093749999998,0.373600255413554,
0.374999999999998,0.392538751020982,0.410103294133633,0.42762832258533,
0.435546874999999,0.437209654910796,0.437499999999999,0.457375414017059,
0.477282776205832,0.497142126690758,0.5,0.518597663134724,0.537218980108629,
0.555796722788742,0.560546875000001,0.562235398186545,0.5625,0.58003840901315,
0.597603214637631,0.615131244977523,0.621093750000001,0.623640198411743,
0.625000000000001,0.641831122516141,0.658691040299794,0.675521961108694,
0.679687500000001,0.68388412103746,0.687500000000001,0.704734121760831,
0.722001127629017,0.739230080385099,0.75,0.766476882832264,0.782982961679006,
0.799461120298894,0.804687499999999,0.808794900305133,0.812499999999999,
0.829331765149474,0.846191123050422,0.863016290953062,0.871093749999999,
0.873600255413754,0.874999999999999,0.892538751020822,0.91010329413338,
0.927628322585051,0.935546875,0.937211313644105,0.9375,0.952809356476367),
 .UNSPECIFIED.);
#2103=B_SPLINE_CURVE_WITH_KNOTS('',3,(#8646,#8647,#8648,#8649,#8650,#8651,
#8652,#8653,#8654,#8655,#8656,#8657,#8658,#8659,#8660,#8661,#8662,#8663,
#8664,#8665,#8666,#8667,#8668,#8669,#8670,#8671,#8672,#8673,#8674,#8675,
#8676,#8677,#8678,#8679,#8680,#8681,#8682,#8683,#8684,#8685,#8686,#8687,
#8688,#8689,#8690,#8691,#8692,#8693,#8694,#8695,#8696,#8697,#8698,#8699,
#8700,#8701,#8702,#8703,#8704,#8705,#8706,#8707,#8708,#8709,#8710,#8711,
#8712,#8713,#8714,#8715,#8716,#8717,#8718,#8719,#8720,#8721,#8722,#8723,
#8724,#8725,#8726,#8727,#8728,#8729,#8730,#8731,#8732,#8733,#8734,#8735,
#8736,#8737,#8738,#8739,#8740,#8741,#8742,#8743,#8744,#8745,#8746,#8747,
#8748,#8749,#8750,#8751,#8752,#8753,#8754,#8755,#8756,#8757,#8758,#8759,
#8760,#8761,#8762,#8763,#8764,#8765,#8766,#8767,#8768,#8769,#8770,#8771,
#8772,#8773,#8774,#8775,#8776,#8777,#8778,#8779,#8780,#8781,#8782,#8783,
#8784,#8785,#8786,#8787,#8788,#8789,#8790,#8791,#8792,#8793,#8794,#8795,
#8796,#8797,#8798,#8799,#8800,#8801,#8802,#8803,#8804,#8805,#8806,#8807,
#8808,#8809,#8810,#8811,#8812,#8813,#8814,#8815,#8816,#8817,#8818,#8819,
#8820,#8821,#8822,#8823),.UNSPECIFIED.,.F.,.F.,(4,2,2,2,2,2,2,2,2,2,2,2,
2,2,2,2,2,2,2,2,2,2,2,2,2,2,2,2,2,2,2,2,2,2,2,2,2,2,2,2,2,2,2,2,2,2,2,2,
2,2,2,2,2,2,2,2,2,2,2,2,2,2,2,2,2,2,2,2,2,2,2,2,2,2,2,2,2,2,2,2,2,2,2,2,
2,2,2,2,4),(0.,0.0185989115736702,0.0372236714675226,0.0558079603426615,
0.060546875000001,0.0622337184280226,0.062500000000001,0.0800384090130694,
0.0976032146377151,0.115131244978005,0.121093750000001,0.123640198411163,
0.125000000000001,0.141831122516115,0.158691040299761,0.17552196110872,
0.179687500000001,0.183884121037146,0.187500000000001,0.204734121755084,
0.222001127617452,0.239230080367746,0.25,0.266476882832141,0.282982961678845,
0.299461120298548,0.3046875,0.308794900305496,0.3125,0.329331765149586,
0.346191123050612,0.363016290953421,0.37109375,0.373600255413887,0.375,
0.39253875102069,0.410103294133142,0.427628322584735,0.435546875,0.437209654910919,
0.4375,0.457375414044171,0.477282776260139,0.497142126772292,0.5,0.51859766313468,
0.537218980108277,0.555796722787818,0.560546875,0.562235398186599,0.5625,
0.580038409012975,0.597603214637335,0.615131244977224,0.621093749999999,
0.623640198411307,0.624999999999999,0.641831122516037,0.658691040299627,
0.675521961108678,0.679687499999999,0.683884121036332,0.687499999999999,
0.704734121750081,0.72200112760749,0.739230080352872,0.749999999999998,
0.766476882832161,0.782982961678841,0.799461120298706,0.804687499999998,
0.80879490030592,0.812499999999998,0.829331765149435,0.846191123050418,
0.863016290953251,0.871093749999998,0.87360025541417,0.874999999999998,
0.892538751020666,0.91010329413319,0.927628322584989,0.935546874999999,
0.937211313644312,0.937499999999999,0.956094612166053,0.974714477757609,
0.993291062919091,1.),.UNSPECIFIED.);
#2104=B_SPLINE_CURVE_WITH_KNOTS('',3,(#8839,#8840,#8841,#8842,#8843,#8844),
 .UNSPECIFIED.,.F.,.F.,(4,2,4),(-2.69352668634945,-2.52610881804951,-2.48847130463278),
 .UNSPECIFIED.);
#2105=B_SPLINE_CURVE_WITH_KNOTS('',3,(#8847,#8848,#8849,#8850,#8851,#8852,
#8853,#8854),.UNSPECIFIED.,.F.,.F.,(4,2,2,4),(1.25920546166271,1.33238050812488,
1.47553080779072,1.47685472089935),.UNSPECIFIED.);
#2106=B_SPLINE_CURVE_WITH_KNOTS('',3,(#8862,#8863,#8864,#8865,#8866,#8867,
#8868,#8869),.UNSPECIFIED.,.F.,.F.,(4,2,2,4),(-1.47685472089935,-1.47553080779072,
-1.33238050812488,-1.25920546166271),.UNSPECIFIED.);
#2107=B_SPLINE_CURVE_WITH_KNOTS('',3,(#8884,#8885,#8886,#8887,#8888,#8889,
#8890,#8891),.UNSPECIFIED.,.F.,.F.,(4,2,2,4),(-1.47685472089935,-1.47553080779072,
-1.33238050812488,-1.2592054616627),.UNSPECIFIED.);
#2108=B_SPLINE_CURVE_WITH_KNOTS('',3,(#8912,#8913,#8914,#8915,#8916,#8917),
 .UNSPECIFIED.,.F.,.F.,(4,2,4),(-2.69352668634944,-2.52610881804951,-2.48847130463278),
 .UNSPECIFIED.);
#2109=B_SPLINE_CURVE_WITH_KNOTS('',3,(#8926,#8927,#8928,#8929,#8930,#8931,
#8932,#8933),.UNSPECIFIED.,.F.,.F.,(4,2,2,4),(1.25920546166269,1.33238050812488,
1.47553080779072,1.47685472089934),.UNSPECIFIED.);
#2110=B_SPLINE_CURVE_WITH_KNOTS('',3,(#8954,#8955,#8956,#8957,#8958,#8959),
 .UNSPECIFIED.,.F.,.F.,(4,2,4),(-2.69352668634944,-2.52610881804951,-2.48847130463277),
 .UNSPECIFIED.);
#2111=B_SPLINE_CURVE_WITH_KNOTS('',3,(#8964,#8965,#8966,#8967,#8968,#8969,
#8970,#8971),.UNSPECIFIED.,.F.,.F.,(4,2,2,4),(1.25920546166271,1.33238050812488,
1.47553080779072,1.47685472089935),.UNSPECIFIED.);
#2112=B_SPLINE_CURVE_WITH_KNOTS('',3,(#8990,#8991,#8992,#8993,#8994,#8995),
 .UNSPECIFIED.,.F.,.F.,(4,2,4),(-2.69352668634945,-2.52610881804951,-2.48847130463278),
 .UNSPECIFIED.);
#2113=B_SPLINE_CURVE_WITH_KNOTS('',3,(#9000,#9001,#9002,#9003,#9004,#9005,
#9006,#9007),.UNSPECIFIED.,.F.,.F.,(4,2,2,4),(1.25920546166271,1.33238050812488,
1.47553080779072,1.47685472089935),.UNSPECIFIED.);
#2114=B_SPLINE_CURVE_WITH_KNOTS('',3,(#9026,#9027,#9028,#9029,#9030,#9031),
 .UNSPECIFIED.,.F.,.F.,(4,2,4),(-2.69352668634945,-2.52610881804951,-2.48847130463279),
 .UNSPECIFIED.);
#2115=B_SPLINE_CURVE_WITH_KNOTS('',3,(#9036,#9037,#9038,#9039,#9040,#9041,
#9042,#9043),.UNSPECIFIED.,.F.,.F.,(4,2,2,4),(1.25920546166271,1.33238050812488,
1.47553080779072,1.47685472089936),.UNSPECIFIED.);
#2116=B_SPLINE_CURVE_WITH_KNOTS('',3,(#9052,#9053,#9054,#9055,#9056,#9057,
#9058,#9059),.UNSPECIFIED.,.F.,.F.,(4,2,2,4),(1.25920546166271,1.33238050812488,
1.47553080779072,1.47685472089935),.UNSPECIFIED.);
#2117=B_SPLINE_CURVE_WITH_KNOTS('',3,(#9072,#9073,#9074,#9075,#9076,#9077,
#9078,#9079),.UNSPECIFIED.,.F.,.F.,(4,2,2,4),(1.2592054616627,1.33238050812488,
1.47553080779072,1.47685472089935),.UNSPECIFIED.);
#2118=B_SPLINE_CURVE_WITH_KNOTS('',3,(#9094,#9095,#9096,#9097,#9098,#9099,
#9100,#9101),.UNSPECIFIED.,.F.,.F.,(4,2,2,4),(1.2592054616627,1.33238050812488,
1.47553080779072,1.47685472089935),.UNSPECIFIED.);
#2119=B_SPLINE_CURVE_WITH_KNOTS('',3,(#9116,#9117,#9118,#9119,#9120,#9121,
#9122,#9123),.UNSPECIFIED.,.F.,.F.,(4,2,2,4),(1.2592054616627,1.33238050812488,
1.47553080779072,1.47685472089935),.UNSPECIFIED.);
#2120=B_SPLINE_CURVE_WITH_KNOTS('',3,(#9138,#9139,#9140,#9141,#9142,#9143,
#9144,#9145),.UNSPECIFIED.,.F.,.F.,(4,2,2,4),(-1.47685472089935,-1.47553080779072,
-1.33238050812488,-1.25920546166271),.UNSPECIFIED.);
#2121=B_SPLINE_CURVE_WITH_KNOTS('',3,(#9161,#9162,#9163,#9164,#9165,#9166),
 .UNSPECIFIED.,.F.,.F.,(4,2,4),(2.48847130463459,2.52610881804951,2.69352668634836),
 .UNSPECIFIED.);
#2122=B_SPLINE_CURVE_WITH_KNOTS('',3,(#9246,#9247,#9248,#9249,#9250,#9251,
#9252,#9253),.UNSPECIFIED.,.F.,.F.,(4,2,2,4),(1.2592054616627,1.33238050812488,
1.47553080779072,1.47685472089935),.UNSPECIFIED.);
#2123=B_SPLINE_CURVE_WITH_KNOTS('',3,(#9254,#9255,#9256,#9257,#9258,#9259),
 .UNSPECIFIED.,.F.,.F.,(4,2,4),(-2.69352668634944,-2.52610881804951,-2.48847130463277),
 .UNSPECIFIED.);
#2124=B_SPLINE_CURVE_WITH_KNOTS('',3,(#9262,#9263,#9264,#9265,#9266,#9267),
 .UNSPECIFIED.,.F.,.F.,(4,2,4),(-2.69352668634944,-2.52610881804951,-2.48847130463278),
 .UNSPECIFIED.);
#2125=B_SPLINE_CURVE_WITH_KNOTS('',3,(#9270,#9271,#9272,#9273,#9274,#9275,
#9276,#9277),.UNSPECIFIED.,.F.,.F.,(4,2,2,4),(1.25920546166271,1.33238050812488,
1.47553080779072,1.47685472089935),.UNSPECIFIED.);
#2126=B_SPLINE_CURVE_WITH_KNOTS('',3,(#9280,#9281,#9282,#9283,#9284,#9285),
 .UNSPECIFIED.,.F.,.F.,(4,2,4),(-2.69352668634945,-2.52610881804951,-2.48847130463278),
 .UNSPECIFIED.);
#2127=B_SPLINE_CURVE_WITH_KNOTS('',3,(#9288,#9289,#9290,#9291,#9292,#9293,
#9294,#9295),.UNSPECIFIED.,.F.,.F.,(4,2,2,4),(1.25920546166271,1.33238050812488,
1.47553080779072,1.47685472089935),.UNSPECIFIED.);
#2128=B_SPLINE_CURVE_WITH_KNOTS('',3,(#9298,#9299,#9300,#9301,#9302,#9303),
 .UNSPECIFIED.,.F.,.F.,(4,2,4),(-2.69352668634945,-2.52610881804951,-2.48847130463278),
 .UNSPECIFIED.);
#2129=B_SPLINE_CURVE_WITH_KNOTS('',3,(#9306,#9307,#9308,#9309,#9310,#9311,
#9312,#9313),.UNSPECIFIED.,.F.,.F.,(4,2,2,4),(1.25920546166271,1.33238050812488,
1.47553080779072,1.47685472089935),.UNSPECIFIED.);
#2130=B_SPLINE_CURVE_WITH_KNOTS('',3,(#9316,#9317,#9318,#9319,#9320,#9321),
 .UNSPECIFIED.,.F.,.F.,(4,2,4),(-2.69352668634945,-2.52610881804951,-2.48847130463278),
 .UNSPECIFIED.);
#2131=B_SPLINE_CURVE_WITH_KNOTS('',3,(#9324,#9325,#9326,#9327,#9328,#9329,
#9330,#9331),.UNSPECIFIED.,.F.,.F.,(4,2,2,4),(1.2592054616627,1.33238050812488,
1.47553080779072,1.47685472089934),.UNSPECIFIED.);
#2132=B_SPLINE_CURVE_WITH_KNOTS('',3,(#9334,#9335,#9336,#9337,#9338,#9339),
 .UNSPECIFIED.,.F.,.F.,(4,2,4),(-2.69352668634944,-2.52610881804951,-2.48847130463277),
 .UNSPECIFIED.);
#2133=B_SPLINE_CURVE_WITH_KNOTS('',3,(#9342,#9343,#9344,#9345,#9346,#9347,
#9348,#9349),.UNSPECIFIED.,.F.,.F.,(4,2,2,4),(1.2592054616627,1.33238050812488,
1.47553080779072,1.47685472089935),.UNSPECIFIED.);
#2134=B_SPLINE_CURVE_WITH_KNOTS('',3,(#9352,#9353,#9354,#9355,#9356,#9357),
 .UNSPECIFIED.,.F.,.F.,(4,2,4),(-2.69352668634944,-2.52610881804951,-2.48847130463277),
 .UNSPECIFIED.);
#2135=B_SPLINE_CURVE_WITH_KNOTS('',3,(#9360,#9361,#9362,#9363,#9364,#9365,
#9366,#9367),.UNSPECIFIED.,.F.,.F.,(4,2,2,4),(1.25920546166269,1.33238050812488,
1.47553080779072,1.47685472089934),.UNSPECIFIED.);
#2136=B_SPLINE_CURVE_WITH_KNOTS('',3,(#9370,#9371,#9372,#9373,#9374,#9375),
 .UNSPECIFIED.,.F.,.F.,(4,2,4),(-2.69352668634944,-2.52610881804951,-2.48847130463277),
 .UNSPECIFIED.);
#2137=B_SPLINE_CURVE_WITH_KNOTS('',3,(#9378,#9379,#9380,#9381,#9382,#9383,
#9384,#9385),.UNSPECIFIED.,.F.,.F.,(4,2,2,4),(1.2592054616627,1.33238050812488,
1.47553080779072,1.47685472089934),.UNSPECIFIED.);
#2138=B_SPLINE_CURVE_WITH_KNOTS('',3,(#9388,#9389,#9390,#9391,#9392,#9393),
 .UNSPECIFIED.,.F.,.F.,(4,2,4),(-2.69352668634944,-2.52610881804951,-2.48847130463277),
 .UNSPECIFIED.);
#2139=B_SPLINE_CURVE_WITH_KNOTS('',3,(#9396,#9397,#9398,#9399,#9400,#9401,
#9402,#9403),.UNSPECIFIED.,.F.,.F.,(4,2,2,4),(1.2592054616627,1.33238050812488,
1.47553080779072,1.47685472089934),.UNSPECIFIED.);
#2140=B_SPLINE_CURVE_WITH_KNOTS('',3,(#9406,#9407,#9408,#9409,#9410,#9411),
 .UNSPECIFIED.,.F.,.F.,(4,2,4),(-2.69352668634944,-2.52610881804951,-2.48847130463278),
 .UNSPECIFIED.);
#2141=B_SPLINE_CURVE_WITH_KNOTS('',3,(#9414,#9415,#9416,#9417,#9418,#9419,
#9420,#9421),.UNSPECIFIED.,.F.,.F.,(4,2,2,4),(1.25920546166269,1.33238050812488,
1.47553080779072,1.47685472089934),.UNSPECIFIED.);
#2142=B_SPLINE_CURVE_WITH_KNOTS('',3,(#9424,#9425,#9426,#9427,#9428,#9429),
 .UNSPECIFIED.,.F.,.F.,(4,2,4),(-2.69352668634944,-2.52610881804951,-2.48847130463277),
 .UNSPECIFIED.);
#2143=B_SPLINE_CURVE_WITH_KNOTS('',3,(#9432,#9433,#9434,#9435,#9436,#9437,
#9438,#9439),.UNSPECIFIED.,.F.,.F.,(4,2,2,4),(1.2592054616627,1.33238050812488,
1.47553080779072,1.47685472089934),.UNSPECIFIED.);
#2144=B_SPLINE_CURVE_WITH_KNOTS('',3,(#9442,#9443,#9444,#9445,#9446,#9447),
 .UNSPECIFIED.,.F.,.F.,(4,2,4),(-2.69352668634945,-2.52610881804951,-2.48847130463278),
 .UNSPECIFIED.);
#2145=B_SPLINE_CURVE_WITH_KNOTS('',3,(#9450,#9451,#9452,#9453,#9454,#9455,
#9456,#9457),.UNSPECIFIED.,.F.,.F.,(4,2,2,4),(1.25920546166271,1.33238050812488,
1.47553080779072,1.47685472089935),.UNSPECIFIED.);
#2146=B_SPLINE_CURVE_WITH_KNOTS('',3,(#9460,#9461,#9462,#9463,#9464,#9465),
 .UNSPECIFIED.,.F.,.F.,(4,2,4),(-2.69352668634945,-2.52610881804951,-2.48847130463278),
 .UNSPECIFIED.);
#2147=B_SPLINE_CURVE_WITH_KNOTS('',3,(#9468,#9469,#9470,#9471,#9472,#9473,
#9474,#9475),.UNSPECIFIED.,.F.,.F.,(4,2,2,4),(1.2592054616627,1.33238050812488,
1.47553080779072,1.47685472089935),.UNSPECIFIED.);
#2148=B_SPLINE_CURVE_WITH_KNOTS('',3,(#9478,#9479,#9480,#9481,#9482,#9483),
 .UNSPECIFIED.,.F.,.F.,(4,2,4),(-2.69352668634944,-2.52610881804952,-2.48847130463277),
 .UNSPECIFIED.);
#2149=B_SPLINE_CURVE_WITH_KNOTS('',3,(#9486,#9487,#9488,#9489,#9490,#9491,
#9492,#9493),.UNSPECIFIED.,.F.,.F.,(4,2,2,4),(1.2592054616627,1.33238050812488,
1.47553080779072,1.47685472089935),.UNSPECIFIED.);
#2150=B_SPLINE_CURVE_WITH_KNOTS('',3,(#9496,#9497,#9498,#9499,#9500,#9501),
 .UNSPECIFIED.,.F.,.F.,(4,2,4),(-2.69352668634944,-2.52610881804951,-2.48847130463277),
 .UNSPECIFIED.);
#2151=B_SPLINE_CURVE_WITH_KNOTS('',3,(#9504,#9505,#9506,#9507,#9508,#9509,
#9510,#9511),.UNSPECIFIED.,.F.,.F.,(4,2,2,4),(1.2592054616627,1.33238050812488,
1.47553080779072,1.47685472089934),.UNSPECIFIED.);
#2152=B_SPLINE_CURVE_WITH_KNOTS('',3,(#9514,#9515,#9516,#9517,#9518,#9519),
 .UNSPECIFIED.,.F.,.F.,(4,2,4),(-2.69352668634944,-2.52610881804952,-2.48847130463277),
 .UNSPECIFIED.);
#2153=B_SPLINE_CURVE_WITH_KNOTS('',3,(#9522,#9523,#9524,#9525,#9526,#9527,
#9528,#9529),.UNSPECIFIED.,.F.,.F.,(4,2,2,4),(1.25920546166269,1.33238050812488,
1.47553080779072,1.47685472089934),.UNSPECIFIED.);
#2154=B_SPLINE_CURVE_WITH_KNOTS('',3,(#9532,#9533,#9534,#9535,#9536,#9537),
 .UNSPECIFIED.,.F.,.F.,(4,2,4),(-2.69352668634943,-2.52610881804951,-2.48847130463276),
 .UNSPECIFIED.);
#2155=B_SPLINE_CURVE_WITH_KNOTS('',3,(#9540,#9541,#9542,#9543,#9544,#9545,
#9546,#9547),.UNSPECIFIED.,.F.,.F.,(4,2,2,4),(1.25920546166269,1.33238050812488,
1.47553080779072,1.47685472089934),.UNSPECIFIED.);
#2156=B_SPLINE_CURVE_WITH_KNOTS('',3,(#9550,#9551,#9552,#9553,#9554,#9555),
 .UNSPECIFIED.,.F.,.F.,(4,2,4),(-2.69352668634943,-2.52610881804951,-2.48847130463277),
 .UNSPECIFIED.);
#2157=B_SPLINE_CURVE_WITH_KNOTS('',3,(#9558,#9559,#9560,#9561,#9562,#9563,
#9564,#9565),.UNSPECIFIED.,.F.,.F.,(4,2,2,4),(1.2592054616627,1.33238050812488,
1.47553080779072,1.47685472089934),.UNSPECIFIED.);
#2158=B_SPLINE_CURVE_WITH_KNOTS('',3,(#9568,#9569,#9570,#9571,#9572,#9573),
 .UNSPECIFIED.,.F.,.F.,(4,2,4),(-2.69352668634945,-2.52610881804951,-2.48847130463278),
 .UNSPECIFIED.);
#2159=B_SPLINE_CURVE_WITH_KNOTS('',3,(#9576,#9577,#9578,#9579,#9580,#9581,
#9582,#9583),.UNSPECIFIED.,.F.,.F.,(4,2,2,4),(1.2592054616627,1.33238050812488,
1.47553080779072,1.47685472089934),.UNSPECIFIED.);
#2160=B_SPLINE_CURVE_WITH_KNOTS('',3,(#9586,#9587,#9588,#9589,#9590,#9591),
 .UNSPECIFIED.,.F.,.F.,(4,2,4),(-2.69352668634944,-2.52610881804951,-2.48847130463277),
 .UNSPECIFIED.);
#2161=B_SPLINE_CURVE_WITH_KNOTS('',3,(#9594,#9595,#9596,#9597,#9598,#9599,
#9600,#9601),.UNSPECIFIED.,.F.,.F.,(4,2,2,4),(1.2592054616627,1.33238050812488,
1.47553080779072,1.47685472089935),.UNSPECIFIED.);
#2162=B_SPLINE_CURVE_WITH_KNOTS('',3,(#9604,#9605,#9606,#9607,#9608,#9609),
 .UNSPECIFIED.,.F.,.F.,(4,2,4),(-2.69352668634944,-2.52610881804951,-2.48847130463278),
 .UNSPECIFIED.);
#2163=B_SPLINE_CURVE_WITH_KNOTS('',3,(#9612,#9613,#9614,#9615,#9616,#9617,
#9618,#9619),.UNSPECIFIED.,.F.,.F.,(4,2,2,4),(1.2592054616627,1.33238050812488,
1.47553080779072,1.47685472089934),.UNSPECIFIED.);
#2164=B_SPLINE_CURVE_WITH_KNOTS('',3,(#9622,#9623,#9624,#9625,#9626,#9627),
 .UNSPECIFIED.,.F.,.F.,(4,2,4),(-2.69352668634944,-2.52610881804951,-2.48847130463278),
 .UNSPECIFIED.);
#2165=B_SPLINE_CURVE_WITH_KNOTS('',3,(#9631,#9632,#9633,#9634,#9635,#9636),
 .UNSPECIFIED.,.F.,.F.,(4,2,4),(-2.69352668634944,-2.52610881804951,-2.48847130463278),
 .UNSPECIFIED.);
#2166=B_SPLINE_CURVE_WITH_KNOTS('',3,(#9650,#9651,#9652,#9653,#9654,#9655),
 .UNSPECIFIED.,.F.,.F.,(4,2,4),(-2.69352668634945,-2.52610881804951,-2.48847130463278),
 .UNSPECIFIED.);
#2167=B_SPLINE_CURVE_WITH_KNOTS('',3,(#9659,#9660,#9661,#9662,#9663,#9664),
 .UNSPECIFIED.,.F.,.F.,(4,2,4),(-2.69352668634944,-2.52610881804951,-2.48847130463278),
 .UNSPECIFIED.);
#2168=B_SPLINE_CURVE_WITH_KNOTS('',3,(#9668,#9669,#9670,#9671,#9672,#9673),
 .UNSPECIFIED.,.F.,.F.,(4,2,4),(-2.69352668634944,-2.52610881804951,-2.48847130463277),
 .UNSPECIFIED.);
#2169=B_SPLINE_CURVE_WITH_KNOTS('',3,(#9677,#9678,#9679,#9680,#9681,#9682),
 .UNSPECIFIED.,.F.,.F.,(4,2,4),(-2.69352668634944,-2.52610881804951,-2.48847130463277),
 .UNSPECIFIED.);
#2170=B_SPLINE_CURVE_WITH_KNOTS('',3,(#10353,#10354,#10355,#10356,#10357,
#10358,#10359,#10360,#10361,#10362),.UNSPECIFIED.,.F.,.F.,(4,2,2,2,4),(-0.135740763125874,
-0.0718967752865719,-0.0396771841636995,-0.0150902613837961,-2.11006212502696E-11),
 .UNSPECIFIED.);
#2171=B_SPLINE_CURVE_WITH_KNOTS('',3,(#10433,#10434,#10435,#10436,#10437,
#10438,#10439,#10440),.UNSPECIFIED.,.F.,.F.,(4,2,2,4),(-1.2122373905519,
-1.18170303301262,-1.11824469293779,-1.10790014482786),.UNSPECIFIED.);
#2172=VERTEX_POINT('',#8471);
#2173=VERTEX_POINT('',#8472);
#2174=VERTEX_POINT('',#8645);
#2175=VERTEX_POINT('',#8825);
#2176=VERTEX_POINT('',#8827);
#2177=VERTEX_POINT('',#8831);
#2178=VERTEX_POINT('',#8835);
#2179=VERTEX_POINT('',#8836);
#2180=VERTEX_POINT('',#8838);
#2181=VERTEX_POINT('',#8845);
#2182=VERTEX_POINT('',#8856);
#2183=VERTEX_POINT('',#8857);
#2184=VERTEX_POINT('',#8859);
#2185=VERTEX_POINT('',#8861);
#2186=VERTEX_POINT('',#8870);
#2187=VERTEX_POINT('',#8872);
#2188=VERTEX_POINT('',#8874);
#2189=VERTEX_POINT('',#8878);
#2190=VERTEX_POINT('',#8879);
#2191=VERTEX_POINT('',#8881);
#2192=VERTEX_POINT('',#8883);
#2193=VERTEX_POINT('',#8892);
#2194=VERTEX_POINT('',#8894);
#2195=VERTEX_POINT('',#8896);
#2196=VERTEX_POINT('',#8900);
#2197=VERTEX_POINT('',#8901);
#2198=VERTEX_POINT('',#8903);
#2199=VERTEX_POINT('',#8905);
#2200=VERTEX_POINT('',#8907);
#2201=VERTEX_POINT('',#8909);
#2202=VERTEX_POINT('',#8911);
#2203=VERTEX_POINT('',#8920);
#2204=VERTEX_POINT('',#8921);
#2205=VERTEX_POINT('',#8923);
#2206=VERTEX_POINT('',#8925);
#2207=VERTEX_POINT('',#8934);
#2208=VERTEX_POINT('',#8936);
#2209=VERTEX_POINT('',#8938);
#2210=VERTEX_POINT('',#8942);
#2211=VERTEX_POINT('',#8943);
#2212=VERTEX_POINT('',#8945);
#2213=VERTEX_POINT('',#8947);
#2214=VERTEX_POINT('',#8949);
#2215=VERTEX_POINT('',#8951);
#2216=VERTEX_POINT('',#8953);
#2217=VERTEX_POINT('',#8963);
#2218=VERTEX_POINT('',#8972);
#2219=VERTEX_POINT('',#8974);
#2220=VERTEX_POINT('',#8978);
#2221=VERTEX_POINT('',#8979);
#2222=VERTEX_POINT('',#8981);
#2223=VERTEX_POINT('',#8983);
#2224=VERTEX_POINT('',#8985);
#2225=VERTEX_POINT('',#8987);
#2226=VERTEX_POINT('',#8989);
#2227=VERTEX_POINT('',#8999);
#2228=VERTEX_POINT('',#9008);
#2229=VERTEX_POINT('',#9010);
#2230=VERTEX_POINT('',#9014);
#2231=VERTEX_POINT('',#9015);
#2232=VERTEX_POINT('',#9017);
#2233=VERTEX_POINT('',#9019);
#2234=VERTEX_POINT('',#9021);
#2235=VERTEX_POINT('',#9023);
#2236=VERTEX_POINT('',#9025);
#2237=VERTEX_POINT('',#9035);
#2238=VERTEX_POINT('',#9044);
#2239=VERTEX_POINT('',#9046);
#2240=VERTEX_POINT('',#9051);
#2241=VERTEX_POINT('',#9060);
#2242=VERTEX_POINT('',#9062);
#2243=VERTEX_POINT('',#9066);
#2244=VERTEX_POINT('',#9067);
#2245=VERTEX_POINT('',#9069);
#2246=VERTEX_POINT('',#9071);
#2247=VERTEX_POINT('',#9080);
#2248=VERTEX_POINT('',#9082);
#2249=VERTEX_POINT('',#9084);
#2250=VERTEX_POINT('',#9088);
#2251=VERTEX_POINT('',#9089);
#2252=VERTEX_POINT('',#9091);
#2253=VERTEX_POINT('',#9093);
#2254=VERTEX_POINT('',#9102);
#2255=VERTEX_POINT('',#9104);
#2256=VERTEX_POINT('',#9106);
#2257=VERTEX_POINT('',#9110);
#2258=VERTEX_POINT('',#9111);
#2259=VERTEX_POINT('',#9113);
#2260=VERTEX_POINT('',#9115);
#2261=VERTEX_POINT('',#9124);
#2262=VERTEX_POINT('',#9126);
#2263=VERTEX_POINT('',#9128);
#2264=VERTEX_POINT('',#9132);
#2265=VERTEX_POINT('',#9133);
#2266=VERTEX_POINT('',#9135);
#2267=VERTEX_POINT('',#9137);
#2268=VERTEX_POINT('',#9146);
#2269=VERTEX_POINT('',#9148);
#2270=VERTEX_POINT('',#9150);
#2271=VERTEX_POINT('',#9155);
#2272=VERTEX_POINT('',#9157);
#2273=VERTEX_POINT('',#9159);
#2274=VERTEX_POINT('',#9168);
#2275=VERTEX_POINT('',#9169);
#2276=VERTEX_POINT('',#9171);
#2277=VERTEX_POINT('',#9173);
#2278=VERTEX_POINT('',#9177);
#2279=VERTEX_POINT('',#9179);
#2280=VERTEX_POINT('',#9183);
#2281=VERTEX_POINT('',#9185);
#2282=VERTEX_POINT('',#9190);
#2283=VERTEX_POINT('',#9191);
#2284=VERTEX_POINT('',#9205);
#2285=VERTEX_POINT('',#9207);
#2286=VERTEX_POINT('',#9209);
#2287=VERTEX_POINT('',#9211);
#2288=VERTEX_POINT('',#9213);
#2289=VERTEX_POINT('',#9215);
#2290=VERTEX_POINT('',#9217);
#2291=VERTEX_POINT('',#9219);
#2292=VERTEX_POINT('',#9221);
#2293=VERTEX_POINT('',#9223);
#2294=VERTEX_POINT('',#9225);
#2295=VERTEX_POINT('',#9227);
#2296=VERTEX_POINT('',#9229);
#2297=VERTEX_POINT('',#9231);
#2298=VERTEX_POINT('',#9233);
#2299=VERTEX_POINT('',#9235);
#2300=VERTEX_POINT('',#9237);
#2301=VERTEX_POINT('',#9239);
#2302=VERTEX_POINT('',#9243);
#2303=VERTEX_POINT('',#9244);
#2304=VERTEX_POINT('',#9261);
#2305=VERTEX_POINT('',#9268);
#2306=VERTEX_POINT('',#9279);
#2307=VERTEX_POINT('',#9286);
#2308=VERTEX_POINT('',#9297);
#2309=VERTEX_POINT('',#9304);
#2310=VERTEX_POINT('',#9315);
#2311=VERTEX_POINT('',#9322);
#2312=VERTEX_POINT('',#9333);
#2313=VERTEX_POINT('',#9340);
#2314=VERTEX_POINT('',#9351);
#2315=VERTEX_POINT('',#9358);
#2316=VERTEX_POINT('',#9369);
#2317=VERTEX_POINT('',#9376);
#2318=VERTEX_POINT('',#9387);
#2319=VERTEX_POINT('',#9394);
#2320=VERTEX_POINT('',#9405);
#2321=VERTEX_POINT('',#9412);
#2322=VERTEX_POINT('',#9423);
#2323=VERTEX_POINT('',#9430);
#2324=VERTEX_POINT('',#9441);
#2325=VERTEX_POINT('',#9448);
#2326=VERTEX_POINT('',#9459);
#2327=VERTEX_POINT('',#9466);
#2328=VERTEX_POINT('',#9477);
#2329=VERTEX_POINT('',#9484);
#2330=VERTEX_POINT('',#9495);
#2331=VERTEX_POINT('',#9502);
#2332=VERTEX_POINT('',#9513);
#2333=VERTEX_POINT('',#9520);
#2334=VERTEX_POINT('',#9531);
#2335=VERTEX_POINT('',#9538);
#2336=VERTEX_POINT('',#9549);
#2337=VERTEX_POINT('',#9556);
#2338=VERTEX_POINT('',#9567);
#2339=VERTEX_POINT('',#9574);
#2340=VERTEX_POINT('',#9585);
#2341=VERTEX_POINT('',#9592);
#2342=VERTEX_POINT('',#9603);
#2343=VERTEX_POINT('',#9610);
#2344=VERTEX_POINT('',#9621);
#2345=VERTEX_POINT('',#9630);
#2346=VERTEX_POINT('',#9649);
#2347=VERTEX_POINT('',#9658);
#2348=VERTEX_POINT('',#9667);
#2349=VERTEX_POINT('',#9676);
#2350=VERTEX_POINT('',#9685);
#2351=VERTEX_POINT('',#9687);
#2352=VERTEX_POINT('',#9689);
#2353=VERTEX_POINT('',#9691);
#2354=VERTEX_POINT('',#9693);
#2355=VERTEX_POINT('',#9697);
#2356=VERTEX_POINT('',#9701);
#2357=VERTEX_POINT('',#9703);
#2358=VERTEX_POINT('',#9705);
#2359=VERTEX_POINT('',#9707);
#2360=VERTEX_POINT('',#9711);
#2361=VERTEX_POINT('',#9712);
#2362=VERTEX_POINT('',#9715);
#2363=VERTEX_POINT('',#9717);
#2364=VERTEX_POINT('',#9719);
#2365=VERTEX_POINT('',#9723);
#2366=VERTEX_POINT('',#9725);
#2367=VERTEX_POINT('',#9732);
#2368=VERTEX_POINT('',#9733);
#2369=VERTEX_POINT('',#9736);
#2370=VERTEX_POINT('',#9738);
#2371=VERTEX_POINT('',#9740);
#2372=VERTEX_POINT('',#9744);
#2373=VERTEX_POINT('',#9746);
#2374=VERTEX_POINT('',#9753);
#2375=VERTEX_POINT('',#9754);
#2376=VERTEX_POINT('',#9757);
#2377=VERTEX_POINT('',#9759);
#2378=VERTEX_POINT('',#9761);
#2379=VERTEX_POINT('',#9765);
#2380=VERTEX_POINT('',#9767);
#2381=VERTEX_POINT('',#9774);
#2382=VERTEX_POINT('',#9775);
#2383=VERTEX_POINT('',#9778);
#2384=VERTEX_POINT('',#9780);
#2385=VERTEX_POINT('',#9782);
#2386=VERTEX_POINT('',#9786);
#2387=VERTEX_POINT('',#9788);
#2388=VERTEX_POINT('',#9795);
#2389=VERTEX_POINT('',#9796);
#2390=VERTEX_POINT('',#9799);
#2391=VERTEX_POINT('',#9801);
#2392=VERTEX_POINT('',#9803);
#2393=VERTEX_POINT('',#9807);
#2394=VERTEX_POINT('',#9809);
#2395=VERTEX_POINT('',#9816);
#2396=VERTEX_POINT('',#9817);
#2397=VERTEX_POINT('',#9820);
#2398=VERTEX_POINT('',#9822);
#2399=VERTEX_POINT('',#9824);
#2400=VERTEX_POINT('',#9828);
#2401=VERTEX_POINT('',#9830);
#2402=VERTEX_POINT('',#9837);
#2403=VERTEX_POINT('',#9838);
#2404=VERTEX_POINT('',#9841);
#2405=VERTEX_POINT('',#9843);
#2406=VERTEX_POINT('',#9845);
#2407=VERTEX_POINT('',#9849);
#2408=VERTEX_POINT('',#9851);
#2409=VERTEX_POINT('',#9858);
#2410=VERTEX_POINT('',#9859);
#2411=VERTEX_POINT('',#9862);
#2412=VERTEX_POINT('',#9864);
#2413=VERTEX_POINT('',#9866);
#2414=VERTEX_POINT('',#9870);
#2415=VERTEX_POINT('',#9872);
#2416=VERTEX_POINT('',#9879);
#2417=VERTEX_POINT('',#9880);
#2418=VERTEX_POINT('',#9883);
#2419=VERTEX_POINT('',#9885);
#2420=VERTEX_POINT('',#9887);
#2421=VERTEX_POINT('',#9891);
#2422=VERTEX_POINT('',#9893);
#2423=VERTEX_POINT('',#9900);
#2424=VERTEX_POINT('',#9901);
#2425=VERTEX_POINT('',#9904);
#2426=VERTEX_POINT('',#9906);
#2427=VERTEX_POINT('',#9908);
#2428=VERTEX_POINT('',#9912);
#2429=VERTEX_POINT('',#9914);
#2430=VERTEX_POINT('',#9921);
#2431=VERTEX_POINT('',#9922);
#2432=VERTEX_POINT('',#9925);
#2433=VERTEX_POINT('',#9927);
#2434=VERTEX_POINT('',#9929);
#2435=VERTEX_POINT('',#9933);
#2436=VERTEX_POINT('',#9935);
#2437=VERTEX_POINT('',#9942);
#2438=VERTEX_POINT('',#9943);
#2439=VERTEX_POINT('',#9946);
#2440=VERTEX_POINT('',#9948);
#2441=VERTEX_POINT('',#9950);
#2442=VERTEX_POINT('',#9954);
#2443=VERTEX_POINT('',#9956);
#2444=VERTEX_POINT('',#9963);
#2445=VERTEX_POINT('',#9964);
#2446=VERTEX_POINT('',#9967);
#2447=VERTEX_POINT('',#9969);
#2448=VERTEX_POINT('',#9971);
#2449=VERTEX_POINT('',#9975);
#2450=VERTEX_POINT('',#9977);
#2451=VERTEX_POINT('',#9984);
#2452=VERTEX_POINT('',#9985);
#2453=VERTEX_POINT('',#9988);
#2454=VERTEX_POINT('',#9990);
#2455=VERTEX_POINT('',#9992);
#2456=VERTEX_POINT('',#9996);
#2457=VERTEX_POINT('',#9998);
#2458=VERTEX_POINT('',#10005);
#2459=VERTEX_POINT('',#10006);
#2460=VERTEX_POINT('',#10009);
#2461=VERTEX_POINT('',#10011);
#2462=VERTEX_POINT('',#10013);
#2463=VERTEX_POINT('',#10017);
#2464=VERTEX_POINT('',#10019);
#2465=VERTEX_POINT('',#10026);
#2466=VERTEX_POINT('',#10027);
#2467=VERTEX_POINT('',#10030);
#2468=VERTEX_POINT('',#10032);
#2469=VERTEX_POINT('',#10034);
#2470=VERTEX_POINT('',#10038);
#2471=VERTEX_POINT('',#10040);
#2472=VERTEX_POINT('',#10047);
#2473=VERTEX_POINT('',#10048);
#2474=VERTEX_POINT('',#10051);
#2475=VERTEX_POINT('',#10053);
#2476=VERTEX_POINT('',#10055);
#2477=VERTEX_POINT('',#10059);
#2478=VERTEX_POINT('',#10061);
#2479=VERTEX_POINT('',#10068);
#2480=VERTEX_POINT('',#10069);
#2481=VERTEX_POINT('',#10072);
#2482=VERTEX_POINT('',#10074);
#2483=VERTEX_POINT('',#10076);
#2484=VERTEX_POINT('',#10080);
#2485=VERTEX_POINT('',#10082);
#2486=VERTEX_POINT('',#10089);
#2487=VERTEX_POINT('',#10090);
#2488=VERTEX_POINT('',#10093);
#2489=VERTEX_POINT('',#10095);
#2490=VERTEX_POINT('',#10097);
#2491=VERTEX_POINT('',#10101);
#2492=VERTEX_POINT('',#10103);
#2493=VERTEX_POINT('',#10110);
#2494=VERTEX_POINT('',#10111);
#2495=VERTEX_POINT('',#10117);
#2496=VERTEX_POINT('',#10119);
#2497=VERTEX_POINT('',#10126);
#2498=VERTEX_POINT('',#10127);
#2499=VERTEX_POINT('',#10135);
#2500=VERTEX_POINT('',#10136);
#2501=VERTEX_POINT('',#10154);
#2502=VERTEX_POINT('',#10155);
#2503=VERTEX_POINT('',#10163);
#2504=VERTEX_POINT('',#10164);
#2505=VERTEX_POINT('',#10172);
#2506=VERTEX_POINT('',#10173);
#2507=VERTEX_POINT('',#10181);
#2508=VERTEX_POINT('',#10182);
#2509=VERTEX_POINT('',#10185);
#2510=VERTEX_POINT('',#10187);
#2511=VERTEX_POINT('',#10189);
#2512=VERTEX_POINT('',#10304);
#2513=VERTEX_POINT('',#10305);
#2514=VERTEX_POINT('',#10307);
#2515=VERTEX_POINT('',#10309);
#2516=VERTEX_POINT('',#10313);
#2517=VERTEX_POINT('',#10315);
#2518=VERTEX_POINT('',#10319);
#2519=VERTEX_POINT('',#10323);
#2520=VERTEX_POINT('',#10330);
#2521=VERTEX_POINT('',#10332);
#2522=VERTEX_POINT('',#10349);
#2523=VERTEX_POINT('',#10350);
#2524=VERTEX_POINT('',#10352);
#2525=VERTEX_POINT('',#10363);
#2526=VERTEX_POINT('',#10367);
#2527=VERTEX_POINT('',#10369);
#2528=VERTEX_POINT('',#10373);
#2529=VERTEX_POINT('',#10374);
#2530=VERTEX_POINT('',#10376);
#2531=VERTEX_POINT('',#10378);
#2532=VERTEX_POINT('',#10382);
#2533=VERTEX_POINT('',#10383);
#2534=VERTEX_POINT('',#10385);
#2535=VERTEX_POINT('',#10387);
#2536=VERTEX_POINT('',#10391);
#2537=VERTEX_POINT('',#10392);
#2538=VERTEX_POINT('',#10394);
#2539=VERTEX_POINT('',#10396);
#2540=VERTEX_POINT('',#10400);
#2541=VERTEX_POINT('',#10404);
#2542=VERTEX_POINT('',#10406);
#2543=VERTEX_POINT('',#10410);
#2544=VERTEX_POINT('',#10412);
#2545=VERTEX_POINT('',#10416);
#2546=VERTEX_POINT('',#10417);
#2547=VERTEX_POINT('',#10419);
#2548=VERTEX_POINT('',#10421);
#2549=VERTEX_POINT('',#10425);
#2550=VERTEX_POINT('',#10426);
#2551=VERTEX_POINT('',#10428);
#2552=VERTEX_POINT('',#10430);
#2553=VERTEX_POINT('',#10432);
#2554=VERTEX_POINT('',#10443);
#2555=VERTEX_POINT('',#10444);
#2556=VERTEX_POINT('',#10446);
#2557=VERTEX_POINT('',#10448);
#2558=VERTEX_POINT('',#10450);
#2559=VERTEX_POINT('',#10452);
#2560=VERTEX_POINT('',#10456);
#2561=VERTEX_POINT('',#10457);
#2562=VERTEX_POINT('',#10459);
#2563=VERTEX_POINT('',#10461);
#2564=VERTEX_POINT('',#10463);
#2565=VERTEX_POINT('',#10465);
#2566=VERTEX_POINT('',#10467);
#2567=VERTEX_POINT('',#10469);
#2568=VERTEX_POINT('',#10471);
#2569=VERTEX_POINT('',#10473);
#2570=VERTEX_POINT('',#10477);
#2571=VERTEX_POINT('',#10479);
#2572=VERTEX_POINT('',#10481);
#2573=VERTEX_POINT('',#10483);
#2574=VERTEX_POINT('',#10487);
#2575=VERTEX_POINT('',#10488);
#2576=VERTEX_POINT('',#10490);
#2577=VERTEX_POINT('',#10493);
#2578=VERTEX_POINT('',#10495);
#2579=VERTEX_POINT('',#10498);
#2580=VERTEX_POINT('',#10501);
#2581=VERTEX_POINT('',#10503);
#2582=VERTEX_POINT('',#10505);
#2583=VERTEX_POINT('',#10508);
#2584=VERTEX_POINT('',#10512);
#2585=VERTEX_POINT('',#10514);
#2586=VERTEX_POINT('',#10518);
#2587=VERTEX_POINT('',#10522);
#2588=VERTEX_POINT('',#10526);
#2589=VERTEX_POINT('',#10529);
#2590=VERTEX_POINT('',#10531);
#2591=VERTEX_POINT('',#10534);
#2592=VERTEX_POINT('',#10535);
#2593=VERTEX_POINT('',#10537);
#2594=VERTEX_POINT('',#10539);
#2595=VERTEX_POINT('',#10543);
#2596=VERTEX_POINT('',#10549);
#2597=VERTEX_POINT('',#10553);
#2598=VERTEX_POINT('',#10557);
#2599=VERTEX_POINT('',#10559);
#2600=VERTEX_POINT('',#10561);
#2601=VERTEX_POINT('',#10563);
#2602=VERTEX_POINT('',#10567);
#2603=VERTEX_POINT('',#10569);
#2604=VERTEX_POINT('',#10590);
#2605=VERTEX_POINT('',#10592);
#2606=VERTEX_POINT('',#10596);
#2607=VERTEX_POINT('',#10598);
#2608=VERTEX_POINT('',#10609);
#2609=VERTEX_POINT('',#10611);
#2610=VERTEX_POINT('',#10613);
#2611=VERTEX_POINT('',#10615);
#2612=VERTEX_POINT('',#10617);
#2613=VERTEX_POINT('',#10619);
#2614=VERTEX_POINT('',#10621);
#2615=VERTEX_POINT('',#10623);
#2616=VERTEX_POINT('',#10625);
#2617=VERTEX_POINT('',#10627);
#2618=VERTEX_POINT('',#10629);
#2619=VERTEX_POINT('',#10631);
#2620=VERTEX_POINT('',#10637);
#2621=VERTEX_POINT('',#10642);
#2622=VERTEX_POINT('',#10646);
#2623=VERTEX_POINT('',#10650);
#2624=VERTEX_POINT('',#10654);
#2625=VERTEX_POINT('',#10658);
#2626=VERTEX_POINT('',#10662);
#2627=VERTEX_POINT('',#10666);
#2628=VERTEX_POINT('',#10670);
#2629=VERTEX_POINT('',#10674);
#2630=VERTEX_POINT('',#10678);
#2631=VERTEX_POINT('',#10682);
#2632=VERTEX_POINT('',#10686);
#2633=VERTEX_POINT('',#10687);
#2634=VERTEX_POINT('',#10689);
#2635=VERTEX_POINT('',#10691);
#2636=VERTEX_POINT('',#10699);
#2637=VERTEX_POINT('',#10700);
#2638=VERTEX_POINT('',#10702);
#2639=VERTEX_POINT('',#10704);
#2640=VERTEX_POINT('',#10706);
#2641=VERTEX_POINT('',#10708);
#2642=VERTEX_POINT('',#10712);
#2643=VERTEX_POINT('',#10713);
#2644=VERTEX_POINT('',#10715);
#2645=VERTEX_POINT('',#10717);
#2646=VERTEX_POINT('',#10720);
#2647=VERTEX_POINT('',#10721);
#2648=VERTEX_POINT('',#10723);
#2649=VERTEX_POINT('',#10725);
#2650=VERTEX_POINT('',#10728);
#2651=VERTEX_POINT('',#10729);
#2652=VERTEX_POINT('',#10731);
#2653=VERTEX_POINT('',#10733);
#2654=VERTEX_POINT('',#10736);
#2655=VERTEX_POINT('',#10737);
#2656=VERTEX_POINT('',#10739);
#2657=VERTEX_POINT('',#10741);
#2658=VERTEX_POINT('',#10744);
#2659=VERTEX_POINT('',#10745);
#2660=VERTEX_POINT('',#10747);
#2661=VERTEX_POINT('',#10749);
#2662=VERTEX_POINT('',#10752);
#2663=VERTEX_POINT('',#10754);
#2664=VERTEX_POINT('',#10757);
#2665=VERTEX_POINT('',#10758);
#2666=VERTEX_POINT('',#10760);
#2667=VERTEX_POINT('',#10762);
#2668=VERTEX_POINT('',#10765);
#2669=VERTEX_POINT('',#10766);
#2670=VERTEX_POINT('',#10768);
#2671=VERTEX_POINT('',#10770);
#2672=VERTEX_POINT('',#10774);
#2673=VERTEX_POINT('',#10778);
#2674=VERTEX_POINT('',#10779);
#2675=VERTEX_POINT('',#10781);
#2676=VERTEX_POINT('',#10783);
#2677=VERTEX_POINT('',#10785);
#2678=VERTEX_POINT('',#10792);
#2679=VERTEX_POINT('',#10794);
#2680=VERTEX_POINT('',#10798);
#2681=VERTEX_POINT('',#10802);
#2682=VERTEX_POINT('',#10808);
#2683=VERTEX_POINT('',#10810);
#2684=VERTEX_POINT('',#10814);
#2685=VERTEX_POINT('',#10818);
#2686=VERTEX_POINT('',#10824);
#2687=VERTEX_POINT('',#10826);
#2688=VERTEX_POINT('',#10830);
#2689=VERTEX_POINT('',#10834);
#2690=VERTEX_POINT('',#10840);
#2691=VERTEX_POINT('',#10842);
#2692=VERTEX_POINT('',#10846);
#2693=VERTEX_POINT('',#10850);
#2694=VERTEX_POINT('',#10856);
#2695=VERTEX_POINT('',#10858);
#2696=VERTEX_POINT('',#10862);
#2697=VERTEX_POINT('',#10866);
#2698=VERTEX_POINT('',#10872);
#2699=VERTEX_POINT('',#10876);
#2700=VERTEX_POINT('',#10882);
#2701=VERTEX_POINT('',#10884);
#2702=VERTEX_POINT('',#10888);
#2703=VERTEX_POINT('',#10892);
#2704=VERTEX_POINT('',#10898);
#2705=VERTEX_POINT('',#10900);
#2706=VERTEX_POINT('',#10904);
#2707=VERTEX_POINT('',#10908);
#2708=EDGE_CURVE('',#2172,#2173,#2102,.T.);
#2709=EDGE_CURVE('',#2174,#2172,#2103,.T.);
#2710=EDGE_CURVE('',#2173,#2174,#1665,.T.);
#2711=EDGE_CURVE('',#2173,#2175,#1666,.T.);
#2712=EDGE_CURVE('',#2175,#2176,#1667,.T.);
#2713=EDGE_CURVE('',#2176,#2175,#1668,.T.);
#2714=EDGE_CURVE('',#2177,#2177,#1669,.T.);
#2715=EDGE_CURVE('',#2177,#2176,#207,.T.);
#2716=EDGE_CURVE('',#2178,#2179,#1670,.T.);
#2717=EDGE_CURVE('',#2178,#2180,#2104,.T.);
#2718=EDGE_CURVE('',#2180,#2181,#1671,.T.);
#2719=EDGE_CURVE('',#2181,#2179,#2105,.T.);
#2720=EDGE_CURVE('',#2182,#2183,#1672,.T.);
#2721=EDGE_CURVE('',#2183,#2184,#208,.T.);
#2722=EDGE_CURVE('',#2185,#2184,#2106,.F.);
#2723=EDGE_CURVE('',#2185,#2186,#1673,.T.);
#2724=EDGE_CURVE('',#2187,#2186,#209,.T.);
#2725=EDGE_CURVE('',#2187,#2188,#1674,.T.);
#2726=EDGE_CURVE('',#2188,#2182,#210,.T.);
#2727=EDGE_CURVE('',#2189,#2190,#1675,.T.);
#2728=EDGE_CURVE('',#2190,#2191,#211,.T.);
#2729=EDGE_CURVE('',#2192,#2191,#2107,.F.);
#2730=EDGE_CURVE('',#2193,#2192,#1676,.T.);
#2731=EDGE_CURVE('',#2193,#2194,#212,.T.);
#2732=EDGE_CURVE('',#2194,#2195,#1677,.T.);
#2733=EDGE_CURVE('',#2195,#2189,#213,.T.);
#2734=EDGE_CURVE('',#2196,#2197,#1678,.T.);
#2735=EDGE_CURVE('',#2198,#2196,#214,.T.);
#2736=EDGE_CURVE('',#2198,#2199,#1679,.T.);
#2737=EDGE_CURVE('',#2200,#2199,#215,.T.);
#2738=EDGE_CURVE('',#2201,#2200,#1680,.T.);
#2739=EDGE_CURVE('',#2202,#2201,#2108,.T.);
#2740=EDGE_CURVE('',#2197,#2202,#216,.T.);
#2741=EDGE_CURVE('',#2203,#2204,#1681,.T.);
#2742=EDGE_CURVE('',#2204,#2205,#217,.T.);
#2743=EDGE_CURVE('',#2206,#2205,#2109,.T.);
#2744=EDGE_CURVE('',#2206,#2207,#1682,.T.);
#2745=EDGE_CURVE('',#2207,#2208,#218,.T.);
#2746=EDGE_CURVE('',#2208,#2209,#1683,.T.);
#2747=EDGE_CURVE('',#2209,#2203,#219,.T.);
#2748=EDGE_CURVE('',#2210,#2211,#1684,.T.);
#2749=EDGE_CURVE('',#2212,#2210,#220,.T.);
#2750=EDGE_CURVE('',#2212,#2213,#1685,.T.);
#2751=EDGE_CURVE('',#2214,#2213,#221,.T.);
#2752=EDGE_CURVE('',#2215,#2214,#1686,.T.);
#2753=EDGE_CURVE('',#2216,#2215,#2110,.T.);
#2754=EDGE_CURVE('',#2211,#2216,#222,.T.);
#2755=EDGE_CURVE('',#2196,#2197,#1687,.T.);
#2756=EDGE_CURVE('',#2217,#2202,#2111,.T.);
#2757=EDGE_CURVE('',#2217,#2218,#1688,.T.);
#2758=EDGE_CURVE('',#2218,#2219,#223,.T.);
#2759=EDGE_CURVE('',#2219,#2198,#1689,.T.);
#2760=EDGE_CURVE('',#2220,#2221,#1690,.T.);
#2761=EDGE_CURVE('',#2222,#2220,#224,.T.);
#2762=EDGE_CURVE('',#2223,#2222,#1691,.T.);
#2763=EDGE_CURVE('',#2224,#2223,#225,.T.);
#2764=EDGE_CURVE('',#2225,#2224,#1692,.T.);
#2765=EDGE_CURVE('',#2226,#2225,#2112,.T.);
#2766=EDGE_CURVE('',#2221,#2226,#226,.T.);
#2767=EDGE_CURVE('',#2210,#2211,#1693,.T.);
#2768=EDGE_CURVE('',#2227,#2216,#2113,.T.);
#2769=EDGE_CURVE('',#2227,#2228,#1694,.T.);
#2770=EDGE_CURVE('',#2228,#2229,#227,.T.);
#2771=EDGE_CURVE('',#2229,#2212,#1695,.T.);
#2772=EDGE_CURVE('',#2230,#2231,#1696,.T.);
#2773=EDGE_CURVE('',#2232,#2230,#228,.T.);
#2774=EDGE_CURVE('',#2233,#2232,#1697,.T.);
#2775=EDGE_CURVE('',#2234,#2233,#229,.T.);
#2776=EDGE_CURVE('',#2235,#2234,#1698,.T.);
#2777=EDGE_CURVE('',#2236,#2235,#2114,.T.);
#2778=EDGE_CURVE('',#2231,#2236,#230,.T.);
#2779=EDGE_CURVE('',#2220,#2221,#1699,.T.);
#2780=EDGE_CURVE('',#2237,#2226,#2115,.T.);
#2781=EDGE_CURVE('',#2237,#2238,#1700,.T.);
#2782=EDGE_CURVE('',#2239,#2238,#231,.T.);
#2783=EDGE_CURVE('',#2239,#2222,#1701,.T.);
#2784=EDGE_CURVE('',#2230,#2231,#1702,.T.);
#2785=EDGE_CURVE('',#2240,#2236,#2116,.T.);
#2786=EDGE_CURVE('',#2240,#2241,#1703,.T.);
#2787=EDGE_CURVE('',#2242,#2241,#232,.T.);
#2788=EDGE_CURVE('',#2242,#2232,#1704,.T.);
#2789=EDGE_CURVE('',#2243,#2244,#1705,.T.);
#2790=EDGE_CURVE('',#2244,#2245,#233,.T.);
#2791=EDGE_CURVE('',#2246,#2245,#2117,.T.);
#2792=EDGE_CURVE('',#2246,#2247,#1706,.T.);
#2793=EDGE_CURVE('',#2248,#2247,#234,.T.);
#2794=EDGE_CURVE('',#2248,#2249,#1707,.T.);
#2795=EDGE_CURVE('',#2249,#2243,#235,.T.);
#2796=EDGE_CURVE('',#2250,#2251,#1708,.T.);
#2797=EDGE_CURVE('',#2251,#2252,#236,.T.);
#2798=EDGE_CURVE('',#2253,#2252,#2118,.T.);
#2799=EDGE_CURVE('',#2253,#2254,#1709,.T.);
#2800=EDGE_CURVE('',#2255,#2254,#237,.T.);
#2801=EDGE_CURVE('',#2255,#2256,#1710,.T.);
#2802=EDGE_CURVE('',#2256,#2250,#238,.T.);
#2803=EDGE_CURVE('',#2257,#2258,#1711,.T.);
#2804=EDGE_CURVE('',#2258,#2259,#239,.T.);
#2805=EDGE_CURVE('',#2260,#2259,#2119,.T.);
#2806=EDGE_CURVE('',#2260,#2261,#1712,.T.);
#2807=EDGE_CURVE('',#2262,#2261,#240,.T.);
#2808=EDGE_CURVE('',#2262,#2263,#1713,.T.);
#2809=EDGE_CURVE('',#2263,#2257,#241,.T.);
#2810=EDGE_CURVE('',#2264,#2265,#1714,.T.);
#2811=EDGE_CURVE('',#2265,#2266,#242,.T.);
#2812=EDGE_CURVE('',#2266,#2267,#2120,.T.);
#2813=EDGE_CURVE('',#2268,#2267,#1715,.T.);
#2814=EDGE_CURVE('',#2268,#2269,#243,.T.);
#2815=EDGE_CURVE('',#2269,#2270,#1716,.T.);
#2816=EDGE_CURVE('',#2270,#2264,#244,.T.);
#2817=EDGE_CURVE('',#2203,#2204,#1717,.T.);
#2818=EDGE_CURVE('',#2209,#2271,#1718,.T.);
#2819=EDGE_CURVE('',#2272,#2271,#245,.T.);
#2820=EDGE_CURVE('',#2273,#2272,#1719,.T.);
#2821=EDGE_CURVE('',#2205,#2273,#2121,.F.);
#2822=EDGE_CURVE('',#2274,#2275,#1720,.T.);
#2823=EDGE_CURVE('',#2275,#2276,#246,.T.);
#2824=EDGE_CURVE('',#2276,#2277,#1721,.T.);
#2825=EDGE_CURVE('',#2274,#2277,#247,.T.);
#2826=EDGE_CURVE('',#2278,#2278,#1722,.T.);
#2827=EDGE_CURVE('',#2278,#2279,#248,.T.);
#2828=EDGE_CURVE('',#2279,#2279,#1723,.T.);
#2829=EDGE_CURVE('',#2280,#2280,#1724,.T.);
#2830=EDGE_CURVE('',#2280,#2281,#249,.T.);
#2831=EDGE_CURVE('',#2281,#2281,#1725,.T.);
#2832=EDGE_CURVE('',#2282,#2283,#1726,.T.);
#2833=EDGE_CURVE('',#2283,#2178,#1727,.T.);
#2834=EDGE_CURVE('',#2179,#2259,#1728,.T.);
#2835=EDGE_CURVE('',#2259,#2252,#1729,.T.);
#2836=EDGE_CURVE('',#2252,#2245,#1730,.T.);
#2837=EDGE_CURVE('',#2245,#2236,#1731,.T.);
#2838=EDGE_CURVE('',#2236,#2226,#1732,.T.);
#2839=EDGE_CURVE('',#2226,#2216,#1733,.T.);
#2840=EDGE_CURVE('',#2216,#2202,#1734,.T.);
#2841=EDGE_CURVE('',#2202,#2205,#1735,.T.);
#2842=EDGE_CURVE('',#2205,#2191,#1736,.T.);
#2843=EDGE_CURVE('',#2191,#2266,#1737,.T.);
#2844=EDGE_CURVE('',#2266,#2184,#1738,.T.);
#2845=EDGE_CURVE('',#2184,#2284,#1739,.T.);
#2846=EDGE_CURVE('',#2284,#2285,#1740,.T.);
#2847=EDGE_CURVE('',#2285,#2286,#1741,.T.);
#2848=EDGE_CURVE('',#2286,#2287,#1742,.T.);
#2849=EDGE_CURVE('',#2287,#2288,#1743,.T.);
#2850=EDGE_CURVE('',#2288,#2289,#1744,.T.);
#2851=EDGE_CURVE('',#2289,#2290,#1745,.T.);
#2852=EDGE_CURVE('',#2290,#2291,#1746,.T.);
#2853=EDGE_CURVE('',#2291,#2292,#1747,.T.);
#2854=EDGE_CURVE('',#2292,#2293,#1748,.T.);
#2855=EDGE_CURVE('',#2293,#2294,#1749,.T.);
#2856=EDGE_CURVE('',#2294,#2295,#1750,.T.);
#2857=EDGE_CURVE('',#2295,#2296,#1751,.T.);
#2858=EDGE_CURVE('',#2296,#2297,#1752,.T.);
#2859=EDGE_CURVE('',#2297,#2298,#1753,.T.);
#2860=EDGE_CURVE('',#2298,#2299,#1754,.T.);
#2861=EDGE_CURVE('',#2299,#2300,#1755,.T.);
#2862=EDGE_CURVE('',#2300,#2301,#1756,.T.);
#2863=EDGE_CURVE('',#2301,#2282,#1757,.T.);
#2864=EDGE_CURVE('',#2302,#2303,#1758,.T.);
#2865=EDGE_CURVE('',#2303,#2178,#2122,.T.);
#2866=EDGE_CURVE('',#2283,#2302,#2123,.T.);
#2867=EDGE_CURVE('',#2282,#2304,#2124,.T.);
#2868=EDGE_CURVE('',#2304,#2305,#1759,.T.);
#2869=EDGE_CURVE('',#2305,#2283,#2125,.T.);
#2870=EDGE_CURVE('',#2301,#2306,#2126,.T.);
#2871=EDGE_CURVE('',#2306,#2307,#1760,.T.);
#2872=EDGE_CURVE('',#2307,#2282,#2127,.T.);
#2873=EDGE_CURVE('',#2300,#2308,#2128,.T.);
#2874=EDGE_CURVE('',#2308,#2309,#1761,.T.);
#2875=EDGE_CURVE('',#2309,#2301,#2129,.T.);
#2876=EDGE_CURVE('',#2299,#2310,#2130,.T.);
#2877=EDGE_CURVE('',#2310,#2311,#1762,.T.);
#2878=EDGE_CURVE('',#2311,#2300,#2131,.T.);
#2879=EDGE_CURVE('',#2298,#2312,#2132,.T.);
#2880=EDGE_CURVE('',#2312,#2313,#1763,.T.);
#2881=EDGE_CURVE('',#2313,#2299,#2133,.T.);
#2882=EDGE_CURVE('',#2297,#2314,#2134,.T.);
#2883=EDGE_CURVE('',#2314,#2315,#1764,.T.);
#2884=EDGE_CURVE('',#2315,#2298,#2135,.T.);
#2885=EDGE_CURVE('',#2296,#2316,#2136,.T.);
#2886=EDGE_CURVE('',#2316,#2317,#1765,.T.);
#2887=EDGE_CURVE('',#2317,#2297,#2137,.T.);
#2888=EDGE_CURVE('',#2295,#2318,#2138,.T.);
#2889=EDGE_CURVE('',#2318,#2319,#1766,.T.);
#2890=EDGE_CURVE('',#2319,#2296,#2139,.T.);
#2891=EDGE_CURVE('',#2294,#2320,#2140,.T.);
#2892=EDGE_CURVE('',#2320,#2321,#1767,.T.);
#2893=EDGE_CURVE('',#2321,#2295,#2141,.T.);
#2894=EDGE_CURVE('',#2293,#2322,#2142,.T.);
#2895=EDGE_CURVE('',#2322,#2323,#1768,.T.);
#2896=EDGE_CURVE('',#2323,#2294,#2143,.T.);
#2897=EDGE_CURVE('',#2292,#2324,#2144,.T.);
#2898=EDGE_CURVE('',#2324,#2325,#1769,.T.);
#2899=EDGE_CURVE('',#2325,#2293,#2145,.T.);
#2900=EDGE_CURVE('',#2291,#2326,#2146,.T.);
#2901=EDGE_CURVE('',#2326,#2327,#1770,.T.);
#2902=EDGE_CURVE('',#2327,#2292,#2147,.T.);
#2903=EDGE_CURVE('',#2290,#2328,#2148,.T.);
#2904=EDGE_CURVE('',#2328,#2329,#1771,.T.);
#2905=EDGE_CURVE('',#2329,#2291,#2149,.T.);
#2906=EDGE_CURVE('',#2289,#2330,#2150,.T.);
#2907=EDGE_CURVE('',#2330,#2331,#1772,.T.);
#2908=EDGE_CURVE('',#2331,#2290,#2151,.T.);
#2909=EDGE_CURVE('',#2288,#2332,#2152,.T.);
#2910=EDGE_CURVE('',#2332,#2333,#1773,.T.);
#2911=EDGE_CURVE('',#2333,#2289,#2153,.T.);
#2912=EDGE_CURVE('',#2287,#2334,#2154,.T.);
#2913=EDGE_CURVE('',#2334,#2335,#1774,.T.);
#2914=EDGE_CURVE('',#2335,#2288,#2155,.T.);
#2915=EDGE_CURVE('',#2286,#2336,#2156,.T.);
#2916=EDGE_CURVE('',#2336,#2337,#1775,.T.);
#2917=EDGE_CURVE('',#2337,#2287,#2157,.T.);
#2918=EDGE_CURVE('',#2285,#2338,#2158,.T.);
#2919=EDGE_CURVE('',#2338,#2339,#1776,.T.);
#2920=EDGE_CURVE('',#2339,#2286,#2159,.T.);
#2921=EDGE_CURVE('',#2284,#2340,#2160,.T.);
#2922=EDGE_CURVE('',#2340,#2341,#1777,.T.);
#2923=EDGE_CURVE('',#2341,#2285,#2161,.T.);
#2924=EDGE_CURVE('',#2184,#2342,#2162,.T.);
#2925=EDGE_CURVE('',#2342,#2343,#1778,.T.);
#2926=EDGE_CURVE('',#2343,#2284,#2163,.T.);
#2927=EDGE_CURVE('',#2266,#2344,#2164,.T.);
#2928=EDGE_CURVE('',#2344,#2185,#1779,.T.);
#2929=EDGE_CURVE('',#2191,#2345,#2165,.T.);
#2930=EDGE_CURVE('',#2345,#2267,#1780,.T.);
#2931=EDGE_CURVE('',#2273,#2192,#1781,.T.);
#2932=EDGE_CURVE('',#2201,#2206,#1782,.T.);
#2933=EDGE_CURVE('',#2215,#2217,#1783,.T.);
#2934=EDGE_CURVE('',#2225,#2227,#1784,.T.);
#2935=EDGE_CURVE('',#2235,#2237,#1785,.T.);
#2936=EDGE_CURVE('',#2245,#2346,#2166,.T.);
#2937=EDGE_CURVE('',#2346,#2240,#1786,.T.);
#2938=EDGE_CURVE('',#2252,#2347,#2167,.T.);
#2939=EDGE_CURVE('',#2347,#2246,#1787,.T.);
#2940=EDGE_CURVE('',#2259,#2348,#2168,.T.);
#2941=EDGE_CURVE('',#2348,#2253,#1788,.T.);
#2942=EDGE_CURVE('',#2179,#2349,#2169,.T.);
#2943=EDGE_CURVE('',#2349,#2260,#1789,.T.);
#2944=EDGE_CURVE('',#2350,#2178,#250,.T.);
#2945=EDGE_CURVE('',#2303,#2351,#1790,.T.);
#2946=EDGE_CURVE('',#2352,#2351,#251,.T.);
#2947=EDGE_CURVE('',#2352,#2353,#1791,.T.);
#2948=EDGE_CURVE('',#2353,#2354,#252,.T.);
#2949=EDGE_CURVE('',#2354,#2350,#1792,.T.);
#2950=EDGE_CURVE('',#2355,#2351,#1793,.T.);
#2951=EDGE_CURVE('',#2302,#2355,#1794,.T.);
#2952=EDGE_CURVE('',#2355,#2356,#253,.T.);
#2953=EDGE_CURVE('',#2357,#2283,#254,.T.);
#2954=EDGE_CURVE('',#2358,#2357,#1795,.T.);
#2955=EDGE_CURVE('',#2359,#2358,#255,.T.);
#2956=EDGE_CURVE('',#2356,#2359,#1796,.T.);
#2957=EDGE_CURVE('',#2360,#2361,#256,.T.);
#2958=EDGE_CURVE('',#2304,#2360,#1797,.T.);
#2959=EDGE_CURVE('',#2362,#2282,#257,.T.);
#2960=EDGE_CURVE('',#2363,#2362,#1798,.T.);
#2961=EDGE_CURVE('',#2364,#2363,#258,.T.);
#2962=EDGE_CURVE('',#2361,#2364,#1799,.T.);
#2963=EDGE_CURVE('',#2305,#2365,#1800,.T.);
#2964=EDGE_CURVE('',#2366,#2365,#259,.T.);
#2965=EDGE_CURVE('',#2366,#2359,#1801,.T.);
#2966=EDGE_CURVE('',#2358,#2357,#1802,.T.);
#2967=EDGE_CURVE('',#2360,#2365,#1803,.T.);
#2968=EDGE_CURVE('',#2367,#2368,#260,.T.);
#2969=EDGE_CURVE('',#2306,#2367,#1804,.T.);
#2970=EDGE_CURVE('',#2369,#2301,#261,.T.);
#2971=EDGE_CURVE('',#2370,#2369,#1805,.T.);
#2972=EDGE_CURVE('',#2371,#2370,#262,.T.);
#2973=EDGE_CURVE('',#2368,#2371,#1806,.T.);
#2974=EDGE_CURVE('',#2307,#2372,#1807,.T.);
#2975=EDGE_CURVE('',#2373,#2372,#263,.T.);
#2976=EDGE_CURVE('',#2373,#2364,#1808,.T.);
#2977=EDGE_CURVE('',#2363,#2362,#1809,.T.);
#2978=EDGE_CURVE('',#2367,#2372,#1810,.T.);
#2979=EDGE_CURVE('',#2374,#2375,#264,.T.);
#2980=EDGE_CURVE('',#2308,#2374,#1811,.T.);
#2981=EDGE_CURVE('',#2376,#2300,#265,.T.);
#2982=EDGE_CURVE('',#2377,#2376,#1812,.T.);
#2983=EDGE_CURVE('',#2378,#2377,#266,.T.);
#2984=EDGE_CURVE('',#2375,#2378,#1813,.T.);
#2985=EDGE_CURVE('',#2309,#2379,#1814,.T.);
#2986=EDGE_CURVE('',#2380,#2379,#267,.T.);
#2987=EDGE_CURVE('',#2380,#2371,#1815,.T.);
#2988=EDGE_CURVE('',#2370,#2369,#1816,.T.);
#2989=EDGE_CURVE('',#2374,#2379,#1817,.T.);
#2990=EDGE_CURVE('',#2381,#2382,#268,.T.);
#2991=EDGE_CURVE('',#2310,#2381,#1818,.T.);
#2992=EDGE_CURVE('',#2383,#2299,#269,.T.);
#2993=EDGE_CURVE('',#2384,#2383,#1819,.T.);
#2994=EDGE_CURVE('',#2385,#2384,#270,.T.);
#2995=EDGE_CURVE('',#2382,#2385,#1820,.T.);
#2996=EDGE_CURVE('',#2311,#2386,#1821,.T.);
#2997=EDGE_CURVE('',#2387,#2386,#271,.T.);
#2998=EDGE_CURVE('',#2387,#2378,#1822,.T.);
#2999=EDGE_CURVE('',#2377,#2376,#1823,.T.);
#3000=EDGE_CURVE('',#2381,#2386,#1824,.T.);
#3001=EDGE_CURVE('',#2388,#2389,#272,.T.);
#3002=EDGE_CURVE('',#2312,#2388,#1825,.T.);
#3003=EDGE_CURVE('',#2390,#2298,#273,.T.);
#3004=EDGE_CURVE('',#2391,#2390,#1826,.T.);
#3005=EDGE_CURVE('',#2392,#2391,#274,.T.);
#3006=EDGE_CURVE('',#2389,#2392,#1827,.T.);
#3007=EDGE_CURVE('',#2313,#2393,#1828,.T.);
#3008=EDGE_CURVE('',#2394,#2393,#275,.T.);
#3009=EDGE_CURVE('',#2394,#2385,#1829,.T.);
#3010=EDGE_CURVE('',#2384,#2383,#1830,.T.);
#3011=EDGE_CURVE('',#2388,#2393,#1831,.T.);
#3012=EDGE_CURVE('',#2395,#2396,#276,.T.);
#3013=EDGE_CURVE('',#2314,#2395,#1832,.T.);
#3014=EDGE_CURVE('',#2397,#2297,#277,.T.);
#3015=EDGE_CURVE('',#2398,#2397,#1833,.T.);
#3016=EDGE_CURVE('',#2399,#2398,#278,.T.);
#3017=EDGE_CURVE('',#2396,#2399,#1834,.T.);
#3018=EDGE_CURVE('',#2315,#2400,#1835,.T.);
#3019=EDGE_CURVE('',#2401,#2400,#279,.T.);
#3020=EDGE_CURVE('',#2401,#2392,#1836,.T.);
#3021=EDGE_CURVE('',#2391,#2390,#1837,.T.);
#3022=EDGE_CURVE('',#2395,#2400,#1838,.T.);
#3023=EDGE_CURVE('',#2402,#2403,#280,.T.);
#3024=EDGE_CURVE('',#2316,#2402,#1839,.T.);
#3025=EDGE_CURVE('',#2404,#2296,#281,.T.);
#3026=EDGE_CURVE('',#2405,#2404,#1840,.T.);
#3027=EDGE_CURVE('',#2406,#2405,#282,.T.);
#3028=EDGE_CURVE('',#2403,#2406,#1841,.T.);
#3029=EDGE_CURVE('',#2317,#2407,#1842,.T.);
#3030=EDGE_CURVE('',#2408,#2407,#283,.T.);
#3031=EDGE_CURVE('',#2408,#2399,#1843,.T.);
#3032=EDGE_CURVE('',#2398,#2397,#1844,.T.);
#3033=EDGE_CURVE('',#2402,#2407,#1845,.T.);
#3034=EDGE_CURVE('',#2409,#2410,#284,.T.);
#3035=EDGE_CURVE('',#2318,#2409,#1846,.T.);
#3036=EDGE_CURVE('',#2411,#2295,#285,.T.);
#3037=EDGE_CURVE('',#2412,#2411,#1847,.T.);
#3038=EDGE_CURVE('',#2413,#2412,#286,.T.);
#3039=EDGE_CURVE('',#2410,#2413,#1848,.T.);
#3040=EDGE_CURVE('',#2319,#2414,#1849,.T.);
#3041=EDGE_CURVE('',#2415,#2414,#287,.T.);
#3042=EDGE_CURVE('',#2415,#2406,#1850,.T.);
#3043=EDGE_CURVE('',#2405,#2404,#1851,.T.);
#3044=EDGE_CURVE('',#2409,#2414,#1852,.T.);
#3045=EDGE_CURVE('',#2416,#2417,#288,.T.);
#3046=EDGE_CURVE('',#2320,#2416,#1853,.T.);
#3047=EDGE_CURVE('',#2418,#2294,#289,.T.);
#3048=EDGE_CURVE('',#2419,#2418,#1854,.T.);
#3049=EDGE_CURVE('',#2420,#2419,#290,.T.);
#3050=EDGE_CURVE('',#2417,#2420,#1855,.T.);
#3051=EDGE_CURVE('',#2321,#2421,#1856,.T.);
#3052=EDGE_CURVE('',#2422,#2421,#291,.T.);
#3053=EDGE_CURVE('',#2422,#2413,#1857,.T.);
#3054=EDGE_CURVE('',#2412,#2411,#1858,.T.);
#3055=EDGE_CURVE('',#2416,#2421,#1859,.T.);
#3056=EDGE_CURVE('',#2423,#2424,#292,.T.);
#3057=EDGE_CURVE('',#2322,#2423,#1860,.T.);
#3058=EDGE_CURVE('',#2425,#2293,#293,.T.);
#3059=EDGE_CURVE('',#2426,#2425,#1861,.T.);
#3060=EDGE_CURVE('',#2427,#2426,#294,.T.);
#3061=EDGE_CURVE('',#2424,#2427,#1862,.T.);
#3062=EDGE_CURVE('',#2323,#2428,#1863,.T.);
#3063=EDGE_CURVE('',#2429,#2428,#295,.T.);
#3064=EDGE_CURVE('',#2429,#2420,#1864,.T.);
#3065=EDGE_CURVE('',#2419,#2418,#1865,.T.);
#3066=EDGE_CURVE('',#2423,#2428,#1866,.T.);
#3067=EDGE_CURVE('',#2430,#2431,#296,.T.);
#3068=EDGE_CURVE('',#2324,#2430,#1867,.T.);
#3069=EDGE_CURVE('',#2432,#2292,#297,.T.);
#3070=EDGE_CURVE('',#2433,#2432,#1868,.T.);
#3071=EDGE_CURVE('',#2434,#2433,#298,.T.);
#3072=EDGE_CURVE('',#2431,#2434,#1869,.T.);
#3073=EDGE_CURVE('',#2325,#2435,#1870,.T.);
#3074=EDGE_CURVE('',#2436,#2435,#299,.T.);
#3075=EDGE_CURVE('',#2436,#2427,#1871,.T.);
#3076=EDGE_CURVE('',#2426,#2425,#1872,.T.);
#3077=EDGE_CURVE('',#2430,#2435,#1873,.T.);
#3078=EDGE_CURVE('',#2437,#2438,#300,.T.);
#3079=EDGE_CURVE('',#2326,#2437,#1874,.T.);
#3080=EDGE_CURVE('',#2439,#2291,#301,.T.);
#3081=EDGE_CURVE('',#2440,#2439,#1875,.T.);
#3082=EDGE_CURVE('',#2441,#2440,#302,.T.);
#3083=EDGE_CURVE('',#2438,#2441,#1876,.T.);
#3084=EDGE_CURVE('',#2327,#2442,#1877,.T.);
#3085=EDGE_CURVE('',#2443,#2442,#303,.T.);
#3086=EDGE_CURVE('',#2443,#2434,#1878,.T.);
#3087=EDGE_CURVE('',#2433,#2432,#1879,.T.);
#3088=EDGE_CURVE('',#2437,#2442,#1880,.T.);
#3089=EDGE_CURVE('',#2444,#2445,#304,.T.);
#3090=EDGE_CURVE('',#2328,#2444,#1881,.T.);
#3091=EDGE_CURVE('',#2446,#2290,#305,.T.);
#3092=EDGE_CURVE('',#2447,#2446,#1882,.T.);
#3093=EDGE_CURVE('',#2448,#2447,#306,.T.);
#3094=EDGE_CURVE('',#2445,#2448,#1883,.T.);
#3095=EDGE_CURVE('',#2329,#2449,#1884,.T.);
#3096=EDGE_CURVE('',#2450,#2449,#307,.T.);
#3097=EDGE_CURVE('',#2450,#2441,#1885,.T.);
#3098=EDGE_CURVE('',#2440,#2439,#1886,.T.);
#3099=EDGE_CURVE('',#2444,#2449,#1887,.T.);
#3100=EDGE_CURVE('',#2451,#2452,#308,.T.);
#3101=EDGE_CURVE('',#2330,#2451,#1888,.T.);
#3102=EDGE_CURVE('',#2453,#2289,#309,.T.);
#3103=EDGE_CURVE('',#2454,#2453,#1889,.T.);
#3104=EDGE_CURVE('',#2455,#2454,#310,.T.);
#3105=EDGE_CURVE('',#2452,#2455,#1890,.T.);
#3106=EDGE_CURVE('',#2331,#2456,#1891,.T.);
#3107=EDGE_CURVE('',#2457,#2456,#311,.T.);
#3108=EDGE_CURVE('',#2457,#2448,#1892,.T.);
#3109=EDGE_CURVE('',#2447,#2446,#1893,.T.);
#3110=EDGE_CURVE('',#2451,#2456,#1894,.T.);
#3111=EDGE_CURVE('',#2458,#2459,#312,.T.);
#3112=EDGE_CURVE('',#2332,#2458,#1895,.T.);
#3113=EDGE_CURVE('',#2460,#2288,#313,.T.);
#3114=EDGE_CURVE('',#2461,#2460,#1896,.T.);
#3115=EDGE_CURVE('',#2462,#2461,#314,.T.);
#3116=EDGE_CURVE('',#2459,#2462,#1897,.T.);
#3117=EDGE_CURVE('',#2333,#2463,#1898,.T.);
#3118=EDGE_CURVE('',#2464,#2463,#315,.T.);
#3119=EDGE_CURVE('',#2464,#2455,#1899,.T.);
#3120=EDGE_CURVE('',#2454,#2453,#1900,.T.);
#3121=EDGE_CURVE('',#2458,#2463,#1901,.T.);
#3122=EDGE_CURVE('',#2465,#2466,#316,.T.);
#3123=EDGE_CURVE('',#2334,#2465,#1902,.T.);
#3124=EDGE_CURVE('',#2467,#2287,#317,.T.);
#3125=EDGE_CURVE('',#2468,#2467,#1903,.T.);
#3126=EDGE_CURVE('',#2469,#2468,#318,.T.);
#3127=EDGE_CURVE('',#2466,#2469,#1904,.T.);
#3128=EDGE_CURVE('',#2335,#2470,#1905,.T.);
#3129=EDGE_CURVE('',#2471,#2470,#319,.T.);
#3130=EDGE_CURVE('',#2471,#2462,#1906,.T.);
#3131=EDGE_CURVE('',#2461,#2460,#1907,.T.);
#3132=EDGE_CURVE('',#2465,#2470,#1908,.T.);
#3133=EDGE_CURVE('',#2472,#2473,#320,.T.);
#3134=EDGE_CURVE('',#2336,#2472,#1909,.T.);
#3135=EDGE_CURVE('',#2474,#2286,#321,.T.);
#3136=EDGE_CURVE('',#2475,#2474,#1910,.T.);
#3137=EDGE_CURVE('',#2476,#2475,#322,.T.);
#3138=EDGE_CURVE('',#2473,#2476,#1911,.T.);
#3139=EDGE_CURVE('',#2337,#2477,#1912,.T.);
#3140=EDGE_CURVE('',#2478,#2477,#323,.T.);
#3141=EDGE_CURVE('',#2478,#2469,#1913,.T.);
#3142=EDGE_CURVE('',#2468,#2467,#1914,.T.);
#3143=EDGE_CURVE('',#2472,#2477,#1915,.T.);
#3144=EDGE_CURVE('',#2479,#2480,#324,.T.);
#3145=EDGE_CURVE('',#2338,#2479,#1916,.T.);
#3146=EDGE_CURVE('',#2481,#2285,#325,.T.);
#3147=EDGE_CURVE('',#2482,#2481,#1917,.T.);
#3148=EDGE_CURVE('',#2483,#2482,#326,.T.);
#3149=EDGE_CURVE('',#2480,#2483,#1918,.T.);
#3150=EDGE_CURVE('',#2339,#2484,#1919,.T.);
#3151=EDGE_CURVE('',#2485,#2484,#327,.T.);
#3152=EDGE_CURVE('',#2485,#2476,#1920,.T.);
#3153=EDGE_CURVE('',#2475,#2474,#1921,.T.);
#3154=EDGE_CURVE('',#2479,#2484,#1922,.T.);
#3155=EDGE_CURVE('',#2486,#2487,#328,.T.);
#3156=EDGE_CURVE('',#2340,#2486,#1923,.T.);
#3157=EDGE_CURVE('',#2488,#2284,#329,.T.);
#3158=EDGE_CURVE('',#2489,#2488,#1924,.T.);
#3159=EDGE_CURVE('',#2490,#2489,#330,.T.);
#3160=EDGE_CURVE('',#2487,#2490,#1925,.T.);
#3161=EDGE_CURVE('',#2341,#2491,#1926,.T.);
#3162=EDGE_CURVE('',#2492,#2491,#331,.T.);
#3163=EDGE_CURVE('',#2492,#2483,#1927,.T.);
#3164=EDGE_CURVE('',#2482,#2481,#1928,.T.);
#3165=EDGE_CURVE('',#2486,#2491,#1929,.T.);
#3166=EDGE_CURVE('',#2493,#2494,#332,.T.);
#3167=EDGE_CURVE('',#2342,#2493,#1930,.T.);
#3168=EDGE_CURVE('',#2182,#2183,#1931,.T.);
#3169=EDGE_CURVE('',#2494,#2188,#1932,.T.);
#3170=EDGE_CURVE('',#2343,#2495,#1933,.T.);
#3171=EDGE_CURVE('',#2496,#2495,#333,.T.);
#3172=EDGE_CURVE('',#2496,#2490,#1934,.T.);
#3173=EDGE_CURVE('',#2489,#2488,#1935,.T.);
#3174=EDGE_CURVE('',#2493,#2495,#1936,.T.);
#3175=EDGE_CURVE('',#2497,#2498,#334,.T.);
#3176=EDGE_CURVE('',#2344,#2497,#1937,.T.);
#3177=EDGE_CURVE('',#2264,#2265,#1938,.T.);
#3178=EDGE_CURVE('',#2498,#2270,#1939,.T.);
#3179=EDGE_CURVE('',#2497,#2186,#1940,.T.);
#3180=EDGE_CURVE('',#2499,#2500,#335,.T.);
#3181=EDGE_CURVE('',#2345,#2499,#1941,.T.);
#3182=EDGE_CURVE('',#2189,#2190,#1942,.T.);
#3183=EDGE_CURVE('',#2500,#2195,#1943,.T.);
#3184=EDGE_CURVE('',#2499,#2268,#1944,.T.);
#3185=EDGE_CURVE('',#2272,#2193,#1945,.T.);
#3186=EDGE_CURVE('',#2200,#2207,#1946,.T.);
#3187=EDGE_CURVE('',#2214,#2218,#1947,.T.);
#3188=EDGE_CURVE('',#2224,#2228,#1948,.T.);
#3189=EDGE_CURVE('',#2234,#2238,#1949,.T.);
#3190=EDGE_CURVE('',#2501,#2502,#336,.T.);
#3191=EDGE_CURVE('',#2346,#2501,#1950,.T.);
#3192=EDGE_CURVE('',#2243,#2244,#1951,.T.);
#3193=EDGE_CURVE('',#2502,#2249,#1952,.T.);
#3194=EDGE_CURVE('',#2501,#2241,#1953,.T.);
#3195=EDGE_CURVE('',#2503,#2504,#337,.T.);
#3196=EDGE_CURVE('',#2347,#2503,#1954,.T.);
#3197=EDGE_CURVE('',#2250,#2251,#1955,.T.);
#3198=EDGE_CURVE('',#2504,#2256,#1956,.T.);
#3199=EDGE_CURVE('',#2503,#2247,#1957,.T.);
#3200=EDGE_CURVE('',#2505,#2506,#338,.T.);
#3201=EDGE_CURVE('',#2348,#2505,#1958,.T.);
#3202=EDGE_CURVE('',#2257,#2258,#1959,.T.);
#3203=EDGE_CURVE('',#2506,#2263,#1960,.T.);
#3204=EDGE_CURVE('',#2505,#2254,#1961,.T.);
#3205=EDGE_CURVE('',#2507,#2508,#339,.T.);
#3206=EDGE_CURVE('',#2349,#2507,#1962,.T.);
#3207=EDGE_CURVE('',#2509,#2179,#340,.T.);
#3208=EDGE_CURVE('',#2510,#2509,#1963,.T.);
#3209=EDGE_CURVE('',#2511,#2510,#341,.T.);
#3210=EDGE_CURVE('',#2508,#2511,#1964,.T.);
#3211=EDGE_CURVE('',#2507,#2261,#1965,.T.);
#3212=EDGE_CURVE('',#2181,#2274,#1966,.T.);
#3213=EDGE_CURVE('',#2277,#2511,#1967,.T.);
#3214=EDGE_CURVE('',#2510,#2509,#1968,.T.);
#3215=EDGE_CURVE('',#2180,#2275,#1969,.T.);
#3216=EDGE_CURVE('',#2354,#2350,#1970,.T.);
#3217=EDGE_CURVE('',#2276,#2353,#1971,.T.);
#3218=EDGE_CURVE('',#2361,#2366,#1972,.T.);
#3219=EDGE_CURVE('',#2368,#2373,#1973,.T.);
#3220=EDGE_CURVE('',#2375,#2380,#1974,.T.);
#3221=EDGE_CURVE('',#2382,#2387,#1975,.T.);
#3222=EDGE_CURVE('',#2389,#2394,#1976,.T.);
#3223=EDGE_CURVE('',#2396,#2401,#1977,.T.);
#3224=EDGE_CURVE('',#2403,#2408,#1978,.T.);
#3225=EDGE_CURVE('',#2410,#2415,#1979,.T.);
#3226=EDGE_CURVE('',#2417,#2422,#1980,.T.);
#3227=EDGE_CURVE('',#2424,#2429,#1981,.T.);
#3228=EDGE_CURVE('',#2431,#2436,#1982,.T.);
#3229=EDGE_CURVE('',#2438,#2443,#1983,.T.);
#3230=EDGE_CURVE('',#2445,#2450,#1984,.T.);
#3231=EDGE_CURVE('',#2452,#2457,#1985,.T.);
#3232=EDGE_CURVE('',#2459,#2464,#1986,.T.);
#3233=EDGE_CURVE('',#2466,#2471,#1987,.T.);
#3234=EDGE_CURVE('',#2473,#2478,#1988,.T.);
#3235=EDGE_CURVE('',#2480,#2485,#1989,.T.);
#3236=EDGE_CURVE('',#2487,#2492,#1990,.T.);
#3237=EDGE_CURVE('',#2494,#2496,#1991,.T.);
#3238=EDGE_CURVE('',#2498,#2187,#1992,.T.);
#3239=EDGE_CURVE('',#2500,#2269,#1993,.T.);
#3240=EDGE_CURVE('',#2271,#2194,#1994,.T.);
#3241=EDGE_CURVE('',#2199,#2208,#1995,.T.);
#3242=EDGE_CURVE('',#2213,#2219,#1996,.T.);
#3243=EDGE_CURVE('',#2223,#2229,#1997,.T.);
#3244=EDGE_CURVE('',#2233,#2239,#1998,.T.);
#3245=EDGE_CURVE('',#2502,#2242,#1999,.T.);
#3246=EDGE_CURVE('',#2504,#2248,#2000,.T.);
#3247=EDGE_CURVE('',#2506,#2255,#2001,.T.);
#3248=EDGE_CURVE('',#2508,#2262,#2002,.T.);
#3249=EDGE_CURVE('',#2356,#2352,#2003,.T.);
#3250=EDGE_CURVE('',#2512,#2513,#342,.T.);
#3251=EDGE_CURVE('',#2514,#2512,#343,.T.);
#3252=EDGE_CURVE('',#2515,#2514,#344,.T.);
#3253=EDGE_CURVE('',#2513,#2515,#345,.T.);
#3254=EDGE_CURVE('',#2515,#2516,#346,.T.);
#3255=EDGE_CURVE('',#2516,#2517,#347,.T.);
#3256=EDGE_CURVE('',#2517,#2513,#348,.T.);
#3257=EDGE_CURVE('',#2517,#2518,#349,.T.);
#3258=EDGE_CURVE('',#2518,#2512,#350,.T.);
#3259=EDGE_CURVE('',#2518,#2519,#351,.T.);
#3260=EDGE_CURVE('',#2519,#2514,#352,.T.);
#3261=EDGE_CURVE('',#2519,#2516,#353,.T.);
#3262=EDGE_CURVE('',#2520,#2520,#2004,.T.);
#3263=EDGE_CURVE('',#2521,#2521,#2005,.T.);
#3264=EDGE_CURVE('',#2522,#2523,#2006,.T.);
#3265=EDGE_CURVE('',#2523,#2524,#2170,.T.);
#3266=EDGE_CURVE('',#2524,#2525,#2007,.T.);
#3267=EDGE_CURVE('',#2525,#2522,#2008,.T.);
#3268=EDGE_CURVE('',#2526,#2526,#2009,.T.);
#3269=EDGE_CURVE('',#2526,#2527,#354,.T.);
#3270=EDGE_CURVE('',#2527,#2527,#2010,.T.);
#3271=EDGE_CURVE('',#2528,#2529,#2011,.T.);
#3272=EDGE_CURVE('',#2530,#2528,#355,.T.);
#3273=EDGE_CURVE('',#2531,#2530,#2012,.T.);
#3274=EDGE_CURVE('',#2529,#2531,#356,.T.);
#3275=EDGE_CURVE('',#2532,#2533,#2013,.T.);
#3276=EDGE_CURVE('',#2532,#2534,#357,.T.);
#3277=EDGE_CURVE('',#2534,#2535,#2014,.T.);
#3278=EDGE_CURVE('',#2535,#2533,#358,.T.);
#3279=EDGE_CURVE('',#2536,#2537,#2015,.T.);
#3280=EDGE_CURVE('',#2536,#2538,#359,.T.);
#3281=EDGE_CURVE('',#2538,#2539,#2016,.T.);
#3282=EDGE_CURVE('',#2537,#2539,#360,.T.);
#3283=EDGE_CURVE('',#2540,#2540,#2017,.T.);
#3284=EDGE_CURVE('',#2540,#2521,#361,.T.);
#3285=EDGE_CURVE('',#2541,#2541,#2018,.T.);
#3286=EDGE_CURVE('',#2541,#2542,#362,.T.);
#3287=EDGE_CURVE('',#2542,#2542,#2019,.T.);
#3288=EDGE_CURVE('',#2543,#2543,#2020,.T.);
#3289=EDGE_CURVE('',#2543,#2544,#363,.T.);
#3290=EDGE_CURVE('',#2544,#2544,#2021,.T.);
#3291=EDGE_CURVE('',#2545,#2546,#2022,.T.);
#3292=EDGE_CURVE('',#2547,#2545,#364,.T.);
#3293=EDGE_CURVE('',#2548,#2547,#2023,.T.);
#3294=EDGE_CURVE('',#2546,#2548,#365,.T.);
#3295=EDGE_CURVE('',#2549,#2550,#2024,.T.);
#3296=EDGE_CURVE('',#2549,#2551,#366,.T.);
#3297=EDGE_CURVE('',#2551,#2552,#2025,.T.);
#3298=EDGE_CURVE('',#2553,#2552,#2171,.T.);
#3299=EDGE_CURVE('',#2553,#2550,#367,.T.);
#3300=EDGE_CURVE('',#2554,#2555,#2026,.T.);
#3301=EDGE_CURVE('',#2554,#2556,#368,.T.);
#3302=EDGE_CURVE('',#2556,#2557,#2027,.T.);
#3303=EDGE_CURVE('',#2557,#2558,#369,.T.);
#3304=EDGE_CURVE('',#2559,#2558,#2028,.T.);
#3305=EDGE_CURVE('',#2559,#2555,#370,.T.);
#3306=EDGE_CURVE('',#2560,#2561,#371,.T.);
#3307=EDGE_CURVE('',#2562,#2561,#372,.T.);
#3308=EDGE_CURVE('',#2563,#2562,#373,.T.);
#3309=EDGE_CURVE('',#2564,#2563,#374,.T.);
#3310=EDGE_CURVE('',#2564,#2565,#375,.T.);
#3311=EDGE_CURVE('',#2566,#2565,#376,.T.);
#3312=EDGE_CURVE('',#2566,#2567,#377,.T.);
#3313=EDGE_CURVE('',#2567,#2568,#378,.T.);
#3314=EDGE_CURVE('',#2569,#2568,#379,.T.);
#3315=EDGE_CURVE('',#2560,#2569,#380,.T.);
#3316=EDGE_CURVE('',#2570,#2565,#381,.T.);
#3317=EDGE_CURVE('',#2571,#2564,#382,.T.);
#3318=EDGE_CURVE('',#2572,#2571,#383,.T.);
#3319=EDGE_CURVE('',#2572,#2573,#384,.T.);
#3320=EDGE_CURVE('',#2570,#2573,#385,.T.);
#3321=EDGE_CURVE('',#2574,#2575,#386,.T.);
#3322=EDGE_CURVE('',#2574,#2576,#2029,.T.);
#3323=EDGE_CURVE('',#2568,#2576,#2030,.T.);
#3324=EDGE_CURVE('',#2577,#2567,#387,.T.);
#3325=EDGE_CURVE('',#2578,#2577,#388,.T.);
#3326=EDGE_CURVE('',#2535,#2578,#2031,.T.);
#3327=EDGE_CURVE('',#2534,#2579,#2032,.T.);
#3328=EDGE_CURVE('',#2539,#2579,#389,.T.);
#3329=EDGE_CURVE('',#2580,#2538,#390,.T.);
#3330=EDGE_CURVE('',#2580,#2581,#2033,.T.);
#3331=EDGE_CURVE('',#2582,#2581,#2034,.T.);
#3332=EDGE_CURVE('',#2548,#2582,#2035,.T.);
#3333=EDGE_CURVE('',#2583,#2547,#391,.T.);
#3334=EDGE_CURVE('',#2575,#2583,#2036,.T.);
#3335=EDGE_CURVE('',#2583,#2584,#392,.T.);
#3336=EDGE_CURVE('',#2585,#2584,#2037,.T.);
#3337=EDGE_CURVE('',#2585,#2575,#393,.T.);
#3338=EDGE_CURVE('',#2586,#2585,#394,.T.);
#3339=EDGE_CURVE('',#2586,#2574,#395,.T.);
#3340=EDGE_CURVE('',#2576,#2587,#396,.T.);
#3341=EDGE_CURVE('',#2569,#2587,#2038,.T.);
#3342=EDGE_CURVE('',#2588,#2560,#397,.T.);
#3343=EDGE_CURVE('',#2588,#2577,#398,.T.);
#3344=EDGE_CURVE('',#2589,#2566,#399,.T.);
#3345=EDGE_CURVE('',#2590,#2589,#400,.T.);
#3346=EDGE_CURVE('',#2590,#2561,#401,.T.);
#3347=EDGE_CURVE('',#2591,#2592,#402,.T.);
#3348=EDGE_CURVE('',#2592,#2593,#403,.T.);
#3349=EDGE_CURVE('',#2593,#2594,#404,.T.);
#3350=EDGE_CURVE('',#2594,#2591,#405,.T.);
#3351=EDGE_CURVE('',#2595,#2588,#406,.T.);
#3352=EDGE_CURVE('',#2595,#2578,#407,.T.);
#3353=EDGE_CURVE('',#2533,#2595,#2039,.T.);
#3354=EDGE_CURVE('',#2579,#2596,#408,.T.);
#3355=EDGE_CURVE('',#2537,#2596,#409,.T.);
#3356=EDGE_CURVE('',#2597,#2536,#410,.T.);
#3357=EDGE_CURVE('',#2597,#2580,#411,.T.);
#3358=EDGE_CURVE('',#2581,#2598,#412,.T.);
#3359=EDGE_CURVE('',#2599,#2598,#2040,.T.);
#3360=EDGE_CURVE('',#2599,#2600,#413,.T.);
#3361=EDGE_CURVE('',#2601,#2600,#2041,.T.);
#3362=EDGE_CURVE('',#2601,#2582,#414,.T.);
#3363=EDGE_CURVE('',#2602,#2601,#2042,.T.);
#3364=EDGE_CURVE('',#2602,#2603,#415,.T.);
#3365=EDGE_CURVE('',#2546,#2603,#2043,.T.);
#3366=EDGE_CURVE('',#2584,#2545,#416,.T.);
#3367=EDGE_CURVE('',#2587,#2586,#2044,.T.);
#3368=EDGE_CURVE('',#2550,#2594,#417,.T.);
#3369=EDGE_CURVE('',#2553,#2591,#418,.T.);
#3370=EDGE_CURVE('',#2593,#2554,#419,.T.);
#3371=EDGE_CURVE('',#2555,#2549,#2045,.T.);
#3372=EDGE_CURVE('',#2592,#2524,#420,.T.);
#3373=EDGE_CURVE('',#2556,#2523,#421,.T.);
#3374=EDGE_CURVE('',#2596,#2532,#2046,.T.);
#3375=EDGE_CURVE('',#2598,#2597,#2047,.T.);
#3376=EDGE_CURVE('',#2604,#2559,#2048,.T.);
#3377=EDGE_CURVE('',#2605,#2604,#422,.T.);
#3378=EDGE_CURVE('',#2605,#2551,#2049,.T.);
#3379=EDGE_CURVE('',#2606,#2562,#423,.T.);
#3380=EDGE_CURVE('',#2607,#2606,#424,.T.);
#3381=EDGE_CURVE('',#2607,#2563,#425,.T.);
#3382=EDGE_CURVE('',#2573,#2590,#426,.T.);
#3383=EDGE_CURVE('',#2606,#2572,#427,.T.);
#3384=EDGE_CURVE('',#2571,#2607,#428,.T.);
#3385=EDGE_CURVE('',#2552,#2522,#2050,.T.);
#3386=EDGE_CURVE('',#2608,#2605,#429,.T.);
#3387=EDGE_CURVE('',#2609,#2608,#2051,.T.);
#3388=EDGE_CURVE('',#2610,#2609,#430,.T.);
#3389=EDGE_CURVE('',#2611,#2610,#2052,.T.);
#3390=EDGE_CURVE('',#2612,#2611,#431,.T.);
#3391=EDGE_CURVE('',#2613,#2612,#2053,.T.);
#3392=EDGE_CURVE('',#2614,#2613,#432,.T.);
#3393=EDGE_CURVE('',#2615,#2614,#2054,.T.);
#3394=EDGE_CURVE('',#2616,#2615,#433,.T.);
#3395=EDGE_CURVE('',#2617,#2616,#2055,.T.);
#3396=EDGE_CURVE('',#2618,#2617,#434,.T.);
#3397=EDGE_CURVE('',#2619,#2618,#2056,.T.);
#3398=EDGE_CURVE('',#2557,#2619,#435,.T.);
#3399=EDGE_CURVE('',#2525,#2553,#2057,.T.);
#3400=EDGE_CURVE('',#2608,#2620,#436,.T.);
#3401=EDGE_CURVE('',#2600,#2604,#437,.T.);
#3402=EDGE_CURVE('',#2620,#2599,#438,.T.);
#3403=EDGE_CURVE('',#2620,#2621,#2058,.T.);
#3404=EDGE_CURVE('',#2621,#2609,#439,.T.);
#3405=EDGE_CURVE('',#2622,#2621,#440,.T.);
#3406=EDGE_CURVE('',#2610,#2622,#441,.T.);
#3407=EDGE_CURVE('',#2623,#2622,#2059,.T.);
#3408=EDGE_CURVE('',#2611,#2623,#442,.T.);
#3409=EDGE_CURVE('',#2612,#2624,#443,.T.);
#3410=EDGE_CURVE('',#2624,#2623,#444,.T.);
#3411=EDGE_CURVE('',#2625,#2624,#2060,.T.);
#3412=EDGE_CURVE('',#2613,#2625,#445,.T.);
#3413=EDGE_CURVE('',#2626,#2625,#446,.T.);
#3414=EDGE_CURVE('',#2614,#2626,#447,.T.);
#3415=EDGE_CURVE('',#2627,#2626,#2061,.T.);
#3416=EDGE_CURVE('',#2615,#2627,#448,.T.);
#3417=EDGE_CURVE('',#2628,#2627,#449,.T.);
#3418=EDGE_CURVE('',#2616,#2628,#450,.T.);
#3419=EDGE_CURVE('',#2629,#2628,#2062,.T.);
#3420=EDGE_CURVE('',#2617,#2629,#451,.T.);
#3421=EDGE_CURVE('',#2630,#2629,#452,.T.);
#3422=EDGE_CURVE('',#2618,#2630,#453,.T.);
#3423=EDGE_CURVE('',#2630,#2631,#2063,.T.);
#3424=EDGE_CURVE('',#2631,#2619,#454,.T.);
#3425=EDGE_CURVE('',#2632,#2633,#455,.T.);
#3426=EDGE_CURVE('',#2634,#2632,#456,.T.);
#3427=EDGE_CURVE('',#2635,#2634,#457,.T.);
#3428=EDGE_CURVE('',#2603,#2635,#458,.T.);
#3429=EDGE_CURVE('',#2558,#2602,#459,.T.);
#3430=EDGE_CURVE('',#2633,#2631,#460,.T.);
#3431=EDGE_CURVE('',#2636,#2637,#461,.T.);
#3432=EDGE_CURVE('',#2637,#2638,#2064,.T.);
#3433=EDGE_CURVE('',#2638,#2639,#462,.T.);
#3434=EDGE_CURVE('',#2639,#2640,#2065,.T.);
#3435=EDGE_CURVE('',#2640,#2641,#463,.T.);
#3436=EDGE_CURVE('',#2641,#2633,#2066,.T.);
#3437=EDGE_CURVE('',#2635,#2636,#2067,.T.);
#3438=EDGE_CURVE('',#2642,#2643,#464,.T.);
#3439=EDGE_CURVE('',#2643,#2644,#2068,.T.);
#3440=EDGE_CURVE('',#2644,#2645,#465,.T.);
#3441=EDGE_CURVE('',#2645,#2642,#2069,.T.);
#3442=EDGE_CURVE('',#2646,#2647,#2070,.T.);
#3443=EDGE_CURVE('',#2647,#2648,#466,.T.);
#3444=EDGE_CURVE('',#2648,#2649,#2071,.T.);
#3445=EDGE_CURVE('',#2649,#2646,#467,.T.);
#3446=EDGE_CURVE('',#2650,#2651,#468,.T.);
#3447=EDGE_CURVE('',#2651,#2652,#2072,.T.);
#3448=EDGE_CURVE('',#2652,#2653,#469,.T.);
#3449=EDGE_CURVE('',#2653,#2650,#2073,.T.);
#3450=EDGE_CURVE('',#2654,#2655,#470,.T.);
#3451=EDGE_CURVE('',#2655,#2656,#2074,.T.);
#3452=EDGE_CURVE('',#2656,#2657,#471,.T.);
#3453=EDGE_CURVE('',#2657,#2654,#2075,.T.);
#3454=EDGE_CURVE('',#2658,#2659,#472,.T.);
#3455=EDGE_CURVE('',#2659,#2660,#2076,.T.);
#3456=EDGE_CURVE('',#2660,#2661,#473,.T.);
#3457=EDGE_CURVE('',#2661,#2658,#2077,.T.);
#3458=EDGE_CURVE('',#2662,#2531,#474,.T.);
#3459=EDGE_CURVE('',#2530,#2663,#475,.T.);
#3460=EDGE_CURVE('',#2663,#2662,#2078,.T.);
#3461=EDGE_CURVE('',#2664,#2665,#2079,.T.);
#3462=EDGE_CURVE('',#2665,#2666,#476,.T.);
#3463=EDGE_CURVE('',#2666,#2667,#2080,.T.);
#3464=EDGE_CURVE('',#2667,#2664,#477,.T.);
#3465=EDGE_CURVE('',#2668,#2669,#2081,.T.);
#3466=EDGE_CURVE('',#2669,#2670,#478,.T.);
#3467=EDGE_CURVE('',#2670,#2671,#2082,.T.);
#3468=EDGE_CURVE('',#2671,#2668,#479,.T.);
#3469=EDGE_CURVE('',#2672,#2641,#480,.T.);
#3470=EDGE_CURVE('',#2632,#2672,#2083,.T.);
#3471=EDGE_CURVE('',#2673,#2674,#2084,.T.);
#3472=EDGE_CURVE('',#2675,#2673,#481,.T.);
#3473=EDGE_CURVE('',#2676,#2675,#2085,.T.);
#3474=EDGE_CURVE('',#2677,#2676,#482,.T.);
#3475=EDGE_CURVE('',#2634,#2677,#2086,.T.);
#3476=EDGE_CURVE('',#2674,#2672,#483,.T.);
#3477=EDGE_CURVE('',#2636,#2677,#484,.T.);
#3478=EDGE_CURVE('',#2678,#2643,#485,.T.);
#3479=EDGE_CURVE('',#2679,#2678,#2087,.T.);
#3480=EDGE_CURVE('',#2644,#2679,#486,.T.);
#3481=EDGE_CURVE('',#2680,#2642,#487,.T.);
#3482=EDGE_CURVE('',#2678,#2680,#488,.T.);
#3483=EDGE_CURVE('',#2681,#2680,#2088,.T.);
#3484=EDGE_CURVE('',#2645,#2681,#489,.T.);
#3485=EDGE_CURVE('',#2679,#2681,#490,.T.);
#3486=EDGE_CURVE('',#2682,#2647,#491,.T.);
#3487=EDGE_CURVE('',#2683,#2682,#492,.T.);
#3488=EDGE_CURVE('',#2648,#2683,#493,.T.);
#3489=EDGE_CURVE('',#2684,#2682,#2089,.T.);
#3490=EDGE_CURVE('',#2646,#2684,#494,.T.);
#3491=EDGE_CURVE('',#2685,#2684,#495,.T.);
#3492=EDGE_CURVE('',#2649,#2685,#496,.T.);
#3493=EDGE_CURVE('',#2685,#2683,#2090,.T.);
#3494=EDGE_CURVE('',#2686,#2651,#497,.T.);
#3495=EDGE_CURVE('',#2687,#2686,#2091,.T.);
#3496=EDGE_CURVE('',#2652,#2687,#498,.T.);
#3497=EDGE_CURVE('',#2688,#2650,#499,.T.);
#3498=EDGE_CURVE('',#2686,#2688,#500,.T.);
#3499=EDGE_CURVE('',#2689,#2688,#2092,.T.);
#3500=EDGE_CURVE('',#2653,#2689,#501,.T.);
#3501=EDGE_CURVE('',#2687,#2689,#502,.T.);
#3502=EDGE_CURVE('',#2690,#2655,#503,.T.);
#3503=EDGE_CURVE('',#2691,#2690,#2093,.T.);
#3504=EDGE_CURVE('',#2656,#2691,#504,.T.);
#3505=EDGE_CURVE('',#2692,#2654,#505,.T.);
#3506=EDGE_CURVE('',#2690,#2692,#506,.T.);
#3507=EDGE_CURVE('',#2693,#2692,#2094,.T.);
#3508=EDGE_CURVE('',#2657,#2693,#507,.T.);
#3509=EDGE_CURVE('',#2691,#2693,#508,.T.);
#3510=EDGE_CURVE('',#2694,#2659,#509,.T.);
#3511=EDGE_CURVE('',#2695,#2694,#2095,.T.);
#3512=EDGE_CURVE('',#2660,#2695,#510,.T.);
#3513=EDGE_CURVE('',#2696,#2658,#511,.T.);
#3514=EDGE_CURVE('',#2694,#2696,#512,.T.);
#3515=EDGE_CURVE('',#2697,#2696,#2096,.T.);
#3516=EDGE_CURVE('',#2661,#2697,#513,.T.);
#3517=EDGE_CURVE('',#2695,#2697,#514,.T.);
#3518=EDGE_CURVE('',#2698,#2662,#515,.T.);
#3519=EDGE_CURVE('',#2529,#2698,#516,.T.);
#3520=EDGE_CURVE('',#2699,#2698,#2097,.T.);
#3521=EDGE_CURVE('',#2663,#2699,#517,.T.);
#3522=EDGE_CURVE('',#2699,#2528,#518,.T.);
#3523=EDGE_CURVE('',#2700,#2665,#519,.T.);
#3524=EDGE_CURVE('',#2701,#2700,#520,.T.);
#3525=EDGE_CURVE('',#2666,#2701,#521,.T.);
#3526=EDGE_CURVE('',#2702,#2700,#2098,.T.);
#3527=EDGE_CURVE('',#2664,#2702,#522,.T.);
#3528=EDGE_CURVE('',#2703,#2702,#523,.T.);
#3529=EDGE_CURVE('',#2667,#2703,#524,.T.);
#3530=EDGE_CURVE('',#2703,#2701,#2099,.T.);
#3531=EDGE_CURVE('',#2704,#2669,#525,.T.);
#3532=EDGE_CURVE('',#2705,#2704,#526,.T.);
#3533=EDGE_CURVE('',#2670,#2705,#527,.T.);
#3534=EDGE_CURVE('',#2706,#2704,#2100,.T.);
#3535=EDGE_CURVE('',#2668,#2706,#528,.T.);
#3536=EDGE_CURVE('',#2707,#2706,#529,.T.);
#3537=EDGE_CURVE('',#2671,#2707,#530,.T.);
#3538=EDGE_CURVE('',#2707,#2705,#2101,.T.);
#3539=EDGE_CURVE('',#2675,#2638,#531,.T.);
#3540=EDGE_CURVE('',#2637,#2676,#532,.T.);
#3541=EDGE_CURVE('',#2674,#2640,#533,.T.);
#3542=EDGE_CURVE('',#2639,#2673,#534,.T.);
#3543=EDGE_CURVE('',#2589,#2570,#535,.T.);
#3544=ORIENTED_EDGE('',*,*,#2708,.F.);
#3545=ORIENTED_EDGE('',*,*,#2709,.F.);
#3546=ORIENTED_EDGE('',*,*,#2710,.F.);
#3547=ORIENTED_EDGE('',*,*,#2711,.T.);
#3548=ORIENTED_EDGE('',*,*,#2712,.T.);
#3549=ORIENTED_EDGE('',*,*,#2713,.T.);
#3550=ORIENTED_EDGE('',*,*,#2711,.F.);
#3551=ORIENTED_EDGE('',*,*,#2714,.T.);
#3552=ORIENTED_EDGE('',*,*,#2715,.T.);
#3553=ORIENTED_EDGE('',*,*,#2712,.F.);
#3554=ORIENTED_EDGE('',*,*,#2713,.F.);
#3555=ORIENTED_EDGE('',*,*,#2715,.F.);
#3556=ORIENTED_EDGE('',*,*,#2716,.F.);
#3557=ORIENTED_EDGE('',*,*,#2717,.T.);
#3558=ORIENTED_EDGE('',*,*,#2718,.T.);
#3559=ORIENTED_EDGE('',*,*,#2719,.T.);
#3560=ORIENTED_EDGE('',*,*,#2720,.T.);
#3561=ORIENTED_EDGE('',*,*,#2721,.T.);
#3562=ORIENTED_EDGE('',*,*,#2722,.F.);
#3563=ORIENTED_EDGE('',*,*,#2723,.T.);
#3564=ORIENTED_EDGE('',*,*,#2724,.F.);
#3565=ORIENTED_EDGE('',*,*,#2725,.T.);
#3566=ORIENTED_EDGE('',*,*,#2726,.T.);
#3567=ORIENTED_EDGE('',*,*,#2727,.T.);
#3568=ORIENTED_EDGE('',*,*,#2728,.T.);
#3569=ORIENTED_EDGE('',*,*,#2729,.F.);
#3570=ORIENTED_EDGE('',*,*,#2730,.F.);
#3571=ORIENTED_EDGE('',*,*,#2731,.T.);
#3572=ORIENTED_EDGE('',*,*,#2732,.T.);
#3573=ORIENTED_EDGE('',*,*,#2733,.T.);
#3574=ORIENTED_EDGE('',*,*,#2734,.F.);
#3575=ORIENTED_EDGE('',*,*,#2735,.F.);
#3576=ORIENTED_EDGE('',*,*,#2736,.T.);
#3577=ORIENTED_EDGE('',*,*,#2737,.F.);
#3578=ORIENTED_EDGE('',*,*,#2738,.F.);
#3579=ORIENTED_EDGE('',*,*,#2739,.F.);
#3580=ORIENTED_EDGE('',*,*,#2740,.F.);
#3581=ORIENTED_EDGE('',*,*,#2741,.T.);
#3582=ORIENTED_EDGE('',*,*,#2742,.T.);
#3583=ORIENTED_EDGE('',*,*,#2743,.F.);
#3584=ORIENTED_EDGE('',*,*,#2744,.T.);
#3585=ORIENTED_EDGE('',*,*,#2745,.T.);
#3586=ORIENTED_EDGE('',*,*,#2746,.T.);
#3587=ORIENTED_EDGE('',*,*,#2747,.T.);
#3588=ORIENTED_EDGE('',*,*,#2748,.F.);
#3589=ORIENTED_EDGE('',*,*,#2749,.F.);
#3590=ORIENTED_EDGE('',*,*,#2750,.T.);
#3591=ORIENTED_EDGE('',*,*,#2751,.F.);
#3592=ORIENTED_EDGE('',*,*,#2752,.F.);
#3593=ORIENTED_EDGE('',*,*,#2753,.F.);
#3594=ORIENTED_EDGE('',*,*,#2754,.F.);
#3595=ORIENTED_EDGE('',*,*,#2755,.T.);
#3596=ORIENTED_EDGE('',*,*,#2740,.T.);
#3597=ORIENTED_EDGE('',*,*,#2756,.F.);
#3598=ORIENTED_EDGE('',*,*,#2757,.T.);
#3599=ORIENTED_EDGE('',*,*,#2758,.T.);
#3600=ORIENTED_EDGE('',*,*,#2759,.T.);
#3601=ORIENTED_EDGE('',*,*,#2735,.T.);
#3602=ORIENTED_EDGE('',*,*,#2760,.F.);
#3603=ORIENTED_EDGE('',*,*,#2761,.F.);
#3604=ORIENTED_EDGE('',*,*,#2762,.F.);
#3605=ORIENTED_EDGE('',*,*,#2763,.F.);
#3606=ORIENTED_EDGE('',*,*,#2764,.F.);
#3607=ORIENTED_EDGE('',*,*,#2765,.F.);
#3608=ORIENTED_EDGE('',*,*,#2766,.F.);
#3609=ORIENTED_EDGE('',*,*,#2767,.T.);
#3610=ORIENTED_EDGE('',*,*,#2754,.T.);
#3611=ORIENTED_EDGE('',*,*,#2768,.F.);
#3612=ORIENTED_EDGE('',*,*,#2769,.T.);
#3613=ORIENTED_EDGE('',*,*,#2770,.T.);
#3614=ORIENTED_EDGE('',*,*,#2771,.T.);
#3615=ORIENTED_EDGE('',*,*,#2749,.T.);
#3616=ORIENTED_EDGE('',*,*,#2772,.F.);
#3617=ORIENTED_EDGE('',*,*,#2773,.F.);
#3618=ORIENTED_EDGE('',*,*,#2774,.F.);
#3619=ORIENTED_EDGE('',*,*,#2775,.F.);
#3620=ORIENTED_EDGE('',*,*,#2776,.F.);
#3621=ORIENTED_EDGE('',*,*,#2777,.F.);
#3622=ORIENTED_EDGE('',*,*,#2778,.F.);
#3623=ORIENTED_EDGE('',*,*,#2779,.T.);
#3624=ORIENTED_EDGE('',*,*,#2766,.T.);
#3625=ORIENTED_EDGE('',*,*,#2780,.F.);
#3626=ORIENTED_EDGE('',*,*,#2781,.T.);
#3627=ORIENTED_EDGE('',*,*,#2782,.F.);
#3628=ORIENTED_EDGE('',*,*,#2783,.T.);
#3629=ORIENTED_EDGE('',*,*,#2761,.T.);
#3630=ORIENTED_EDGE('',*,*,#2784,.T.);
#3631=ORIENTED_EDGE('',*,*,#2778,.T.);
#3632=ORIENTED_EDGE('',*,*,#2785,.F.);
#3633=ORIENTED_EDGE('',*,*,#2786,.T.);
#3634=ORIENTED_EDGE('',*,*,#2787,.F.);
#3635=ORIENTED_EDGE('',*,*,#2788,.T.);
#3636=ORIENTED_EDGE('',*,*,#2773,.T.);
#3637=ORIENTED_EDGE('',*,*,#2789,.T.);
#3638=ORIENTED_EDGE('',*,*,#2790,.T.);
#3639=ORIENTED_EDGE('',*,*,#2791,.F.);
#3640=ORIENTED_EDGE('',*,*,#2792,.T.);
#3641=ORIENTED_EDGE('',*,*,#2793,.F.);
#3642=ORIENTED_EDGE('',*,*,#2794,.T.);
#3643=ORIENTED_EDGE('',*,*,#2795,.T.);
#3644=ORIENTED_EDGE('',*,*,#2796,.T.);
#3645=ORIENTED_EDGE('',*,*,#2797,.T.);
#3646=ORIENTED_EDGE('',*,*,#2798,.F.);
#3647=ORIENTED_EDGE('',*,*,#2799,.T.);
#3648=ORIENTED_EDGE('',*,*,#2800,.F.);
#3649=ORIENTED_EDGE('',*,*,#2801,.T.);
#3650=ORIENTED_EDGE('',*,*,#2802,.T.);
#3651=ORIENTED_EDGE('',*,*,#2803,.T.);
#3652=ORIENTED_EDGE('',*,*,#2804,.T.);
#3653=ORIENTED_EDGE('',*,*,#2805,.F.);
#3654=ORIENTED_EDGE('',*,*,#2806,.T.);
#3655=ORIENTED_EDGE('',*,*,#2807,.F.);
#3656=ORIENTED_EDGE('',*,*,#2808,.T.);
#3657=ORIENTED_EDGE('',*,*,#2809,.T.);
#3658=ORIENTED_EDGE('',*,*,#2810,.T.);
#3659=ORIENTED_EDGE('',*,*,#2811,.T.);
#3660=ORIENTED_EDGE('',*,*,#2812,.T.);
#3661=ORIENTED_EDGE('',*,*,#2813,.F.);
#3662=ORIENTED_EDGE('',*,*,#2814,.T.);
#3663=ORIENTED_EDGE('',*,*,#2815,.T.);
#3664=ORIENTED_EDGE('',*,*,#2816,.T.);
#3665=ORIENTED_EDGE('',*,*,#2817,.F.);
#3666=ORIENTED_EDGE('',*,*,#2747,.F.);
#3667=ORIENTED_EDGE('',*,*,#2818,.T.);
#3668=ORIENTED_EDGE('',*,*,#2819,.F.);
#3669=ORIENTED_EDGE('',*,*,#2820,.F.);
#3670=ORIENTED_EDGE('',*,*,#2821,.F.);
#3671=ORIENTED_EDGE('',*,*,#2742,.F.);
#3672=ORIENTED_EDGE('',*,*,#2822,.T.);
#3673=ORIENTED_EDGE('',*,*,#2823,.T.);
#3674=ORIENTED_EDGE('',*,*,#2824,.T.);
#3675=ORIENTED_EDGE('',*,*,#2825,.F.);
#3676=ORIENTED_EDGE('',*,*,#2826,.F.);
#3677=ORIENTED_EDGE('',*,*,#2827,.T.);
#3678=ORIENTED_EDGE('',*,*,#2828,.T.);
#3679=ORIENTED_EDGE('',*,*,#2827,.F.);
#3680=ORIENTED_EDGE('',*,*,#2829,.F.);
#3681=ORIENTED_EDGE('',*,*,#2830,.T.);
#3682=ORIENTED_EDGE('',*,*,#2831,.F.);
#3683=ORIENTED_EDGE('',*,*,#2830,.F.);
#3684=ORIENTED_EDGE('',*,*,#2708,.T.);
#3685=ORIENTED_EDGE('',*,*,#2710,.T.);
#3686=ORIENTED_EDGE('',*,*,#2709,.T.);
#3687=ORIENTED_EDGE('',*,*,#2832,.T.);
#3688=ORIENTED_EDGE('',*,*,#2833,.T.);
#3689=ORIENTED_EDGE('',*,*,#2716,.T.);
#3690=ORIENTED_EDGE('',*,*,#2834,.T.);
#3691=ORIENTED_EDGE('',*,*,#2835,.T.);
#3692=ORIENTED_EDGE('',*,*,#2836,.T.);
#3693=ORIENTED_EDGE('',*,*,#2837,.T.);
#3694=ORIENTED_EDGE('',*,*,#2838,.T.);
#3695=ORIENTED_EDGE('',*,*,#2839,.T.);
#3696=ORIENTED_EDGE('',*,*,#2840,.T.);
#3697=ORIENTED_EDGE('',*,*,#2841,.T.);
#3698=ORIENTED_EDGE('',*,*,#2842,.T.);
#3699=ORIENTED_EDGE('',*,*,#2843,.T.);
#3700=ORIENTED_EDGE('',*,*,#2844,.T.);
#3701=ORIENTED_EDGE('',*,*,#2845,.T.);
#3702=ORIENTED_EDGE('',*,*,#2846,.T.);
#3703=ORIENTED_EDGE('',*,*,#2847,.T.);
#3704=ORIENTED_EDGE('',*,*,#2848,.T.);
#3705=ORIENTED_EDGE('',*,*,#2849,.T.);
#3706=ORIENTED_EDGE('',*,*,#2850,.T.);
#3707=ORIENTED_EDGE('',*,*,#2851,.T.);
#3708=ORIENTED_EDGE('',*,*,#2852,.T.);
#3709=ORIENTED_EDGE('',*,*,#2853,.T.);
#3710=ORIENTED_EDGE('',*,*,#2854,.T.);
#3711=ORIENTED_EDGE('',*,*,#2855,.T.);
#3712=ORIENTED_EDGE('',*,*,#2856,.T.);
#3713=ORIENTED_EDGE('',*,*,#2857,.T.);
#3714=ORIENTED_EDGE('',*,*,#2858,.T.);
#3715=ORIENTED_EDGE('',*,*,#2859,.T.);
#3716=ORIENTED_EDGE('',*,*,#2860,.T.);
#3717=ORIENTED_EDGE('',*,*,#2861,.T.);
#3718=ORIENTED_EDGE('',*,*,#2862,.T.);
#3719=ORIENTED_EDGE('',*,*,#2863,.T.);
#3720=ORIENTED_EDGE('',*,*,#2714,.F.);
#3721=ORIENTED_EDGE('',*,*,#2864,.T.);
#3722=ORIENTED_EDGE('',*,*,#2865,.T.);
#3723=ORIENTED_EDGE('',*,*,#2833,.F.);
#3724=ORIENTED_EDGE('',*,*,#2866,.T.);
#3725=ORIENTED_EDGE('',*,*,#2832,.F.);
#3726=ORIENTED_EDGE('',*,*,#2867,.T.);
#3727=ORIENTED_EDGE('',*,*,#2868,.T.);
#3728=ORIENTED_EDGE('',*,*,#2869,.T.);
#3729=ORIENTED_EDGE('',*,*,#2863,.F.);
#3730=ORIENTED_EDGE('',*,*,#2870,.T.);
#3731=ORIENTED_EDGE('',*,*,#2871,.T.);
#3732=ORIENTED_EDGE('',*,*,#2872,.T.);
#3733=ORIENTED_EDGE('',*,*,#2862,.F.);
#3734=ORIENTED_EDGE('',*,*,#2873,.T.);
#3735=ORIENTED_EDGE('',*,*,#2874,.T.);
#3736=ORIENTED_EDGE('',*,*,#2875,.T.);
#3737=ORIENTED_EDGE('',*,*,#2861,.F.);
#3738=ORIENTED_EDGE('',*,*,#2876,.T.);
#3739=ORIENTED_EDGE('',*,*,#2877,.T.);
#3740=ORIENTED_EDGE('',*,*,#2878,.T.);
#3741=ORIENTED_EDGE('',*,*,#2860,.F.);
#3742=ORIENTED_EDGE('',*,*,#2879,.T.);
#3743=ORIENTED_EDGE('',*,*,#2880,.T.);
#3744=ORIENTED_EDGE('',*,*,#2881,.T.);
#3745=ORIENTED_EDGE('',*,*,#2859,.F.);
#3746=ORIENTED_EDGE('',*,*,#2882,.T.);
#3747=ORIENTED_EDGE('',*,*,#2883,.T.);
#3748=ORIENTED_EDGE('',*,*,#2884,.T.);
#3749=ORIENTED_EDGE('',*,*,#2858,.F.);
#3750=ORIENTED_EDGE('',*,*,#2885,.T.);
#3751=ORIENTED_EDGE('',*,*,#2886,.T.);
#3752=ORIENTED_EDGE('',*,*,#2887,.T.);
#3753=ORIENTED_EDGE('',*,*,#2857,.F.);
#3754=ORIENTED_EDGE('',*,*,#2888,.T.);
#3755=ORIENTED_EDGE('',*,*,#2889,.T.);
#3756=ORIENTED_EDGE('',*,*,#2890,.T.);
#3757=ORIENTED_EDGE('',*,*,#2856,.F.);
#3758=ORIENTED_EDGE('',*,*,#2891,.T.);
#3759=ORIENTED_EDGE('',*,*,#2892,.T.);
#3760=ORIENTED_EDGE('',*,*,#2893,.T.);
#3761=ORIENTED_EDGE('',*,*,#2855,.F.);
#3762=ORIENTED_EDGE('',*,*,#2894,.T.);
#3763=ORIENTED_EDGE('',*,*,#2895,.T.);
#3764=ORIENTED_EDGE('',*,*,#2896,.T.);
#3765=ORIENTED_EDGE('',*,*,#2854,.F.);
#3766=ORIENTED_EDGE('',*,*,#2897,.T.);
#3767=ORIENTED_EDGE('',*,*,#2898,.T.);
#3768=ORIENTED_EDGE('',*,*,#2899,.T.);
#3769=ORIENTED_EDGE('',*,*,#2853,.F.);
#3770=ORIENTED_EDGE('',*,*,#2900,.T.);
#3771=ORIENTED_EDGE('',*,*,#2901,.T.);
#3772=ORIENTED_EDGE('',*,*,#2902,.T.);
#3773=ORIENTED_EDGE('',*,*,#2852,.F.);
#3774=ORIENTED_EDGE('',*,*,#2903,.T.);
#3775=ORIENTED_EDGE('',*,*,#2904,.T.);
#3776=ORIENTED_EDGE('',*,*,#2905,.T.);
#3777=ORIENTED_EDGE('',*,*,#2851,.F.);
#3778=ORIENTED_EDGE('',*,*,#2906,.T.);
#3779=ORIENTED_EDGE('',*,*,#2907,.T.);
#3780=ORIENTED_EDGE('',*,*,#2908,.T.);
#3781=ORIENTED_EDGE('',*,*,#2850,.F.);
#3782=ORIENTED_EDGE('',*,*,#2909,.T.);
#3783=ORIENTED_EDGE('',*,*,#2910,.T.);
#3784=ORIENTED_EDGE('',*,*,#2911,.T.);
#3785=ORIENTED_EDGE('',*,*,#2849,.F.);
#3786=ORIENTED_EDGE('',*,*,#2912,.T.);
#3787=ORIENTED_EDGE('',*,*,#2913,.T.);
#3788=ORIENTED_EDGE('',*,*,#2914,.T.);
#3789=ORIENTED_EDGE('',*,*,#2848,.F.);
#3790=ORIENTED_EDGE('',*,*,#2915,.T.);
#3791=ORIENTED_EDGE('',*,*,#2916,.T.);
#3792=ORIENTED_EDGE('',*,*,#2917,.T.);
#3793=ORIENTED_EDGE('',*,*,#2847,.F.);
#3794=ORIENTED_EDGE('',*,*,#2918,.T.);
#3795=ORIENTED_EDGE('',*,*,#2919,.T.);
#3796=ORIENTED_EDGE('',*,*,#2920,.T.);
#3797=ORIENTED_EDGE('',*,*,#2846,.F.);
#3798=ORIENTED_EDGE('',*,*,#2921,.T.);
#3799=ORIENTED_EDGE('',*,*,#2922,.T.);
#3800=ORIENTED_EDGE('',*,*,#2923,.T.);
#3801=ORIENTED_EDGE('',*,*,#2845,.F.);
#3802=ORIENTED_EDGE('',*,*,#2924,.T.);
#3803=ORIENTED_EDGE('',*,*,#2925,.T.);
#3804=ORIENTED_EDGE('',*,*,#2926,.T.);
#3805=ORIENTED_EDGE('',*,*,#2844,.F.);
#3806=ORIENTED_EDGE('',*,*,#2927,.T.);
#3807=ORIENTED_EDGE('',*,*,#2928,.T.);
#3808=ORIENTED_EDGE('',*,*,#2722,.T.);
#3809=ORIENTED_EDGE('',*,*,#2843,.F.);
#3810=ORIENTED_EDGE('',*,*,#2929,.T.);
#3811=ORIENTED_EDGE('',*,*,#2930,.T.);
#3812=ORIENTED_EDGE('',*,*,#2812,.F.);
#3813=ORIENTED_EDGE('',*,*,#2842,.F.);
#3814=ORIENTED_EDGE('',*,*,#2821,.T.);
#3815=ORIENTED_EDGE('',*,*,#2931,.T.);
#3816=ORIENTED_EDGE('',*,*,#2729,.T.);
#3817=ORIENTED_EDGE('',*,*,#2841,.F.);
#3818=ORIENTED_EDGE('',*,*,#2739,.T.);
#3819=ORIENTED_EDGE('',*,*,#2932,.T.);
#3820=ORIENTED_EDGE('',*,*,#2743,.T.);
#3821=ORIENTED_EDGE('',*,*,#2840,.F.);
#3822=ORIENTED_EDGE('',*,*,#2753,.T.);
#3823=ORIENTED_EDGE('',*,*,#2933,.T.);
#3824=ORIENTED_EDGE('',*,*,#2756,.T.);
#3825=ORIENTED_EDGE('',*,*,#2839,.F.);
#3826=ORIENTED_EDGE('',*,*,#2765,.T.);
#3827=ORIENTED_EDGE('',*,*,#2934,.T.);
#3828=ORIENTED_EDGE('',*,*,#2768,.T.);
#3829=ORIENTED_EDGE('',*,*,#2838,.F.);
#3830=ORIENTED_EDGE('',*,*,#2777,.T.);
#3831=ORIENTED_EDGE('',*,*,#2935,.T.);
#3832=ORIENTED_EDGE('',*,*,#2780,.T.);
#3833=ORIENTED_EDGE('',*,*,#2837,.F.);
#3834=ORIENTED_EDGE('',*,*,#2936,.T.);
#3835=ORIENTED_EDGE('',*,*,#2937,.T.);
#3836=ORIENTED_EDGE('',*,*,#2785,.T.);
#3837=ORIENTED_EDGE('',*,*,#2836,.F.);
#3838=ORIENTED_EDGE('',*,*,#2938,.T.);
#3839=ORIENTED_EDGE('',*,*,#2939,.T.);
#3840=ORIENTED_EDGE('',*,*,#2791,.T.);
#3841=ORIENTED_EDGE('',*,*,#2835,.F.);
#3842=ORIENTED_EDGE('',*,*,#2940,.T.);
#3843=ORIENTED_EDGE('',*,*,#2941,.T.);
#3844=ORIENTED_EDGE('',*,*,#2798,.T.);
#3845=ORIENTED_EDGE('',*,*,#2834,.F.);
#3846=ORIENTED_EDGE('',*,*,#2942,.T.);
#3847=ORIENTED_EDGE('',*,*,#2943,.T.);
#3848=ORIENTED_EDGE('',*,*,#2805,.T.);
#3849=ORIENTED_EDGE('',*,*,#2944,.T.);
#3850=ORIENTED_EDGE('',*,*,#2865,.F.);
#3851=ORIENTED_EDGE('',*,*,#2945,.T.);
#3852=ORIENTED_EDGE('',*,*,#2946,.F.);
#3853=ORIENTED_EDGE('',*,*,#2947,.T.);
#3854=ORIENTED_EDGE('',*,*,#2948,.T.);
#3855=ORIENTED_EDGE('',*,*,#2949,.T.);
#3856=ORIENTED_EDGE('',*,*,#2950,.T.);
#3857=ORIENTED_EDGE('',*,*,#2945,.F.);
#3858=ORIENTED_EDGE('',*,*,#2864,.F.);
#3859=ORIENTED_EDGE('',*,*,#2951,.T.);
#3860=ORIENTED_EDGE('',*,*,#2952,.F.);
#3861=ORIENTED_EDGE('',*,*,#2951,.F.);
#3862=ORIENTED_EDGE('',*,*,#2866,.F.);
#3863=ORIENTED_EDGE('',*,*,#2953,.F.);
#3864=ORIENTED_EDGE('',*,*,#2954,.F.);
#3865=ORIENTED_EDGE('',*,*,#2955,.F.);
#3866=ORIENTED_EDGE('',*,*,#2956,.F.);
#3867=ORIENTED_EDGE('',*,*,#2957,.F.);
#3868=ORIENTED_EDGE('',*,*,#2958,.F.);
#3869=ORIENTED_EDGE('',*,*,#2867,.F.);
#3870=ORIENTED_EDGE('',*,*,#2959,.F.);
#3871=ORIENTED_EDGE('',*,*,#2960,.F.);
#3872=ORIENTED_EDGE('',*,*,#2961,.F.);
#3873=ORIENTED_EDGE('',*,*,#2962,.F.);
#3874=ORIENTED_EDGE('',*,*,#2953,.T.);
#3875=ORIENTED_EDGE('',*,*,#2869,.F.);
#3876=ORIENTED_EDGE('',*,*,#2963,.T.);
#3877=ORIENTED_EDGE('',*,*,#2964,.F.);
#3878=ORIENTED_EDGE('',*,*,#2965,.T.);
#3879=ORIENTED_EDGE('',*,*,#2955,.T.);
#3880=ORIENTED_EDGE('',*,*,#2966,.T.);
#3881=ORIENTED_EDGE('',*,*,#2868,.F.);
#3882=ORIENTED_EDGE('',*,*,#2958,.T.);
#3883=ORIENTED_EDGE('',*,*,#2967,.T.);
#3884=ORIENTED_EDGE('',*,*,#2963,.F.);
#3885=ORIENTED_EDGE('',*,*,#2968,.F.);
#3886=ORIENTED_EDGE('',*,*,#2969,.F.);
#3887=ORIENTED_EDGE('',*,*,#2870,.F.);
#3888=ORIENTED_EDGE('',*,*,#2970,.F.);
#3889=ORIENTED_EDGE('',*,*,#2971,.F.);
#3890=ORIENTED_EDGE('',*,*,#2972,.F.);
#3891=ORIENTED_EDGE('',*,*,#2973,.F.);
#3892=ORIENTED_EDGE('',*,*,#2959,.T.);
#3893=ORIENTED_EDGE('',*,*,#2872,.F.);
#3894=ORIENTED_EDGE('',*,*,#2974,.T.);
#3895=ORIENTED_EDGE('',*,*,#2975,.F.);
#3896=ORIENTED_EDGE('',*,*,#2976,.T.);
#3897=ORIENTED_EDGE('',*,*,#2961,.T.);
#3898=ORIENTED_EDGE('',*,*,#2977,.T.);
#3899=ORIENTED_EDGE('',*,*,#2871,.F.);
#3900=ORIENTED_EDGE('',*,*,#2969,.T.);
#3901=ORIENTED_EDGE('',*,*,#2978,.T.);
#3902=ORIENTED_EDGE('',*,*,#2974,.F.);
#3903=ORIENTED_EDGE('',*,*,#2979,.F.);
#3904=ORIENTED_EDGE('',*,*,#2980,.F.);
#3905=ORIENTED_EDGE('',*,*,#2873,.F.);
#3906=ORIENTED_EDGE('',*,*,#2981,.F.);
#3907=ORIENTED_EDGE('',*,*,#2982,.F.);
#3908=ORIENTED_EDGE('',*,*,#2983,.F.);
#3909=ORIENTED_EDGE('',*,*,#2984,.F.);
#3910=ORIENTED_EDGE('',*,*,#2970,.T.);
#3911=ORIENTED_EDGE('',*,*,#2875,.F.);
#3912=ORIENTED_EDGE('',*,*,#2985,.T.);
#3913=ORIENTED_EDGE('',*,*,#2986,.F.);
#3914=ORIENTED_EDGE('',*,*,#2987,.T.);
#3915=ORIENTED_EDGE('',*,*,#2972,.T.);
#3916=ORIENTED_EDGE('',*,*,#2988,.T.);
#3917=ORIENTED_EDGE('',*,*,#2874,.F.);
#3918=ORIENTED_EDGE('',*,*,#2980,.T.);
#3919=ORIENTED_EDGE('',*,*,#2989,.T.);
#3920=ORIENTED_EDGE('',*,*,#2985,.F.);
#3921=ORIENTED_EDGE('',*,*,#2990,.F.);
#3922=ORIENTED_EDGE('',*,*,#2991,.F.);
#3923=ORIENTED_EDGE('',*,*,#2876,.F.);
#3924=ORIENTED_EDGE('',*,*,#2992,.F.);
#3925=ORIENTED_EDGE('',*,*,#2993,.F.);
#3926=ORIENTED_EDGE('',*,*,#2994,.F.);
#3927=ORIENTED_EDGE('',*,*,#2995,.F.);
#3928=ORIENTED_EDGE('',*,*,#2981,.T.);
#3929=ORIENTED_EDGE('',*,*,#2878,.F.);
#3930=ORIENTED_EDGE('',*,*,#2996,.T.);
#3931=ORIENTED_EDGE('',*,*,#2997,.F.);
#3932=ORIENTED_EDGE('',*,*,#2998,.T.);
#3933=ORIENTED_EDGE('',*,*,#2983,.T.);
#3934=ORIENTED_EDGE('',*,*,#2999,.T.);
#3935=ORIENTED_EDGE('',*,*,#2877,.F.);
#3936=ORIENTED_EDGE('',*,*,#2991,.T.);
#3937=ORIENTED_EDGE('',*,*,#3000,.T.);
#3938=ORIENTED_EDGE('',*,*,#2996,.F.);
#3939=ORIENTED_EDGE('',*,*,#3001,.F.);
#3940=ORIENTED_EDGE('',*,*,#3002,.F.);
#3941=ORIENTED_EDGE('',*,*,#2879,.F.);
#3942=ORIENTED_EDGE('',*,*,#3003,.F.);
#3943=ORIENTED_EDGE('',*,*,#3004,.F.);
#3944=ORIENTED_EDGE('',*,*,#3005,.F.);
#3945=ORIENTED_EDGE('',*,*,#3006,.F.);
#3946=ORIENTED_EDGE('',*,*,#2992,.T.);
#3947=ORIENTED_EDGE('',*,*,#2881,.F.);
#3948=ORIENTED_EDGE('',*,*,#3007,.T.);
#3949=ORIENTED_EDGE('',*,*,#3008,.F.);
#3950=ORIENTED_EDGE('',*,*,#3009,.T.);
#3951=ORIENTED_EDGE('',*,*,#2994,.T.);
#3952=ORIENTED_EDGE('',*,*,#3010,.T.);
#3953=ORIENTED_EDGE('',*,*,#2880,.F.);
#3954=ORIENTED_EDGE('',*,*,#3002,.T.);
#3955=ORIENTED_EDGE('',*,*,#3011,.T.);
#3956=ORIENTED_EDGE('',*,*,#3007,.F.);
#3957=ORIENTED_EDGE('',*,*,#3012,.F.);
#3958=ORIENTED_EDGE('',*,*,#3013,.F.);
#3959=ORIENTED_EDGE('',*,*,#2882,.F.);
#3960=ORIENTED_EDGE('',*,*,#3014,.F.);
#3961=ORIENTED_EDGE('',*,*,#3015,.F.);
#3962=ORIENTED_EDGE('',*,*,#3016,.F.);
#3963=ORIENTED_EDGE('',*,*,#3017,.F.);
#3964=ORIENTED_EDGE('',*,*,#3003,.T.);
#3965=ORIENTED_EDGE('',*,*,#2884,.F.);
#3966=ORIENTED_EDGE('',*,*,#3018,.T.);
#3967=ORIENTED_EDGE('',*,*,#3019,.F.);
#3968=ORIENTED_EDGE('',*,*,#3020,.T.);
#3969=ORIENTED_EDGE('',*,*,#3005,.T.);
#3970=ORIENTED_EDGE('',*,*,#3021,.T.);
#3971=ORIENTED_EDGE('',*,*,#2883,.F.);
#3972=ORIENTED_EDGE('',*,*,#3013,.T.);
#3973=ORIENTED_EDGE('',*,*,#3022,.T.);
#3974=ORIENTED_EDGE('',*,*,#3018,.F.);
#3975=ORIENTED_EDGE('',*,*,#3023,.F.);
#3976=ORIENTED_EDGE('',*,*,#3024,.F.);
#3977=ORIENTED_EDGE('',*,*,#2885,.F.);
#3978=ORIENTED_EDGE('',*,*,#3025,.F.);
#3979=ORIENTED_EDGE('',*,*,#3026,.F.);
#3980=ORIENTED_EDGE('',*,*,#3027,.F.);
#3981=ORIENTED_EDGE('',*,*,#3028,.F.);
#3982=ORIENTED_EDGE('',*,*,#3014,.T.);
#3983=ORIENTED_EDGE('',*,*,#2887,.F.);
#3984=ORIENTED_EDGE('',*,*,#3029,.T.);
#3985=ORIENTED_EDGE('',*,*,#3030,.F.);
#3986=ORIENTED_EDGE('',*,*,#3031,.T.);
#3987=ORIENTED_EDGE('',*,*,#3016,.T.);
#3988=ORIENTED_EDGE('',*,*,#3032,.T.);
#3989=ORIENTED_EDGE('',*,*,#2886,.F.);
#3990=ORIENTED_EDGE('',*,*,#3024,.T.);
#3991=ORIENTED_EDGE('',*,*,#3033,.T.);
#3992=ORIENTED_EDGE('',*,*,#3029,.F.);
#3993=ORIENTED_EDGE('',*,*,#3034,.F.);
#3994=ORIENTED_EDGE('',*,*,#3035,.F.);
#3995=ORIENTED_EDGE('',*,*,#2888,.F.);
#3996=ORIENTED_EDGE('',*,*,#3036,.F.);
#3997=ORIENTED_EDGE('',*,*,#3037,.F.);
#3998=ORIENTED_EDGE('',*,*,#3038,.F.);
#3999=ORIENTED_EDGE('',*,*,#3039,.F.);
#4000=ORIENTED_EDGE('',*,*,#3025,.T.);
#4001=ORIENTED_EDGE('',*,*,#2890,.F.);
#4002=ORIENTED_EDGE('',*,*,#3040,.T.);
#4003=ORIENTED_EDGE('',*,*,#3041,.F.);
#4004=ORIENTED_EDGE('',*,*,#3042,.T.);
#4005=ORIENTED_EDGE('',*,*,#3027,.T.);
#4006=ORIENTED_EDGE('',*,*,#3043,.T.);
#4007=ORIENTED_EDGE('',*,*,#2889,.F.);
#4008=ORIENTED_EDGE('',*,*,#3035,.T.);
#4009=ORIENTED_EDGE('',*,*,#3044,.T.);
#4010=ORIENTED_EDGE('',*,*,#3040,.F.);
#4011=ORIENTED_EDGE('',*,*,#3045,.F.);
#4012=ORIENTED_EDGE('',*,*,#3046,.F.);
#4013=ORIENTED_EDGE('',*,*,#2891,.F.);
#4014=ORIENTED_EDGE('',*,*,#3047,.F.);
#4015=ORIENTED_EDGE('',*,*,#3048,.F.);
#4016=ORIENTED_EDGE('',*,*,#3049,.F.);
#4017=ORIENTED_EDGE('',*,*,#3050,.F.);
#4018=ORIENTED_EDGE('',*,*,#3036,.T.);
#4019=ORIENTED_EDGE('',*,*,#2893,.F.);
#4020=ORIENTED_EDGE('',*,*,#3051,.T.);
#4021=ORIENTED_EDGE('',*,*,#3052,.F.);
#4022=ORIENTED_EDGE('',*,*,#3053,.T.);
#4023=ORIENTED_EDGE('',*,*,#3038,.T.);
#4024=ORIENTED_EDGE('',*,*,#3054,.T.);
#4025=ORIENTED_EDGE('',*,*,#2892,.F.);
#4026=ORIENTED_EDGE('',*,*,#3046,.T.);
#4027=ORIENTED_EDGE('',*,*,#3055,.T.);
#4028=ORIENTED_EDGE('',*,*,#3051,.F.);
#4029=ORIENTED_EDGE('',*,*,#3056,.F.);
#4030=ORIENTED_EDGE('',*,*,#3057,.F.);
#4031=ORIENTED_EDGE('',*,*,#2894,.F.);
#4032=ORIENTED_EDGE('',*,*,#3058,.F.);
#4033=ORIENTED_EDGE('',*,*,#3059,.F.);
#4034=ORIENTED_EDGE('',*,*,#3060,.F.);
#4035=ORIENTED_EDGE('',*,*,#3061,.F.);
#4036=ORIENTED_EDGE('',*,*,#3047,.T.);
#4037=ORIENTED_EDGE('',*,*,#2896,.F.);
#4038=ORIENTED_EDGE('',*,*,#3062,.T.);
#4039=ORIENTED_EDGE('',*,*,#3063,.F.);
#4040=ORIENTED_EDGE('',*,*,#3064,.T.);
#4041=ORIENTED_EDGE('',*,*,#3049,.T.);
#4042=ORIENTED_EDGE('',*,*,#3065,.T.);
#4043=ORIENTED_EDGE('',*,*,#2895,.F.);
#4044=ORIENTED_EDGE('',*,*,#3057,.T.);
#4045=ORIENTED_EDGE('',*,*,#3066,.T.);
#4046=ORIENTED_EDGE('',*,*,#3062,.F.);
#4047=ORIENTED_EDGE('',*,*,#3067,.F.);
#4048=ORIENTED_EDGE('',*,*,#3068,.F.);
#4049=ORIENTED_EDGE('',*,*,#2897,.F.);
#4050=ORIENTED_EDGE('',*,*,#3069,.F.);
#4051=ORIENTED_EDGE('',*,*,#3070,.F.);
#4052=ORIENTED_EDGE('',*,*,#3071,.F.);
#4053=ORIENTED_EDGE('',*,*,#3072,.F.);
#4054=ORIENTED_EDGE('',*,*,#3058,.T.);
#4055=ORIENTED_EDGE('',*,*,#2899,.F.);
#4056=ORIENTED_EDGE('',*,*,#3073,.T.);
#4057=ORIENTED_EDGE('',*,*,#3074,.F.);
#4058=ORIENTED_EDGE('',*,*,#3075,.T.);
#4059=ORIENTED_EDGE('',*,*,#3060,.T.);
#4060=ORIENTED_EDGE('',*,*,#3076,.T.);
#4061=ORIENTED_EDGE('',*,*,#2898,.F.);
#4062=ORIENTED_EDGE('',*,*,#3068,.T.);
#4063=ORIENTED_EDGE('',*,*,#3077,.T.);
#4064=ORIENTED_EDGE('',*,*,#3073,.F.);
#4065=ORIENTED_EDGE('',*,*,#3078,.F.);
#4066=ORIENTED_EDGE('',*,*,#3079,.F.);
#4067=ORIENTED_EDGE('',*,*,#2900,.F.);
#4068=ORIENTED_EDGE('',*,*,#3080,.F.);
#4069=ORIENTED_EDGE('',*,*,#3081,.F.);
#4070=ORIENTED_EDGE('',*,*,#3082,.F.);
#4071=ORIENTED_EDGE('',*,*,#3083,.F.);
#4072=ORIENTED_EDGE('',*,*,#3069,.T.);
#4073=ORIENTED_EDGE('',*,*,#2902,.F.);
#4074=ORIENTED_EDGE('',*,*,#3084,.T.);
#4075=ORIENTED_EDGE('',*,*,#3085,.F.);
#4076=ORIENTED_EDGE('',*,*,#3086,.T.);
#4077=ORIENTED_EDGE('',*,*,#3071,.T.);
#4078=ORIENTED_EDGE('',*,*,#3087,.T.);
#4079=ORIENTED_EDGE('',*,*,#2901,.F.);
#4080=ORIENTED_EDGE('',*,*,#3079,.T.);
#4081=ORIENTED_EDGE('',*,*,#3088,.T.);
#4082=ORIENTED_EDGE('',*,*,#3084,.F.);
#4083=ORIENTED_EDGE('',*,*,#3089,.F.);
#4084=ORIENTED_EDGE('',*,*,#3090,.F.);
#4085=ORIENTED_EDGE('',*,*,#2903,.F.);
#4086=ORIENTED_EDGE('',*,*,#3091,.F.);
#4087=ORIENTED_EDGE('',*,*,#3092,.F.);
#4088=ORIENTED_EDGE('',*,*,#3093,.F.);
#4089=ORIENTED_EDGE('',*,*,#3094,.F.);
#4090=ORIENTED_EDGE('',*,*,#3080,.T.);
#4091=ORIENTED_EDGE('',*,*,#2905,.F.);
#4092=ORIENTED_EDGE('',*,*,#3095,.T.);
#4093=ORIENTED_EDGE('',*,*,#3096,.F.);
#4094=ORIENTED_EDGE('',*,*,#3097,.T.);
#4095=ORIENTED_EDGE('',*,*,#3082,.T.);
#4096=ORIENTED_EDGE('',*,*,#3098,.T.);
#4097=ORIENTED_EDGE('',*,*,#2904,.F.);
#4098=ORIENTED_EDGE('',*,*,#3090,.T.);
#4099=ORIENTED_EDGE('',*,*,#3099,.T.);
#4100=ORIENTED_EDGE('',*,*,#3095,.F.);
#4101=ORIENTED_EDGE('',*,*,#3100,.F.);
#4102=ORIENTED_EDGE('',*,*,#3101,.F.);
#4103=ORIENTED_EDGE('',*,*,#2906,.F.);
#4104=ORIENTED_EDGE('',*,*,#3102,.F.);
#4105=ORIENTED_EDGE('',*,*,#3103,.F.);
#4106=ORIENTED_EDGE('',*,*,#3104,.F.);
#4107=ORIENTED_EDGE('',*,*,#3105,.F.);
#4108=ORIENTED_EDGE('',*,*,#3091,.T.);
#4109=ORIENTED_EDGE('',*,*,#2908,.F.);
#4110=ORIENTED_EDGE('',*,*,#3106,.T.);
#4111=ORIENTED_EDGE('',*,*,#3107,.F.);
#4112=ORIENTED_EDGE('',*,*,#3108,.T.);
#4113=ORIENTED_EDGE('',*,*,#3093,.T.);
#4114=ORIENTED_EDGE('',*,*,#3109,.T.);
#4115=ORIENTED_EDGE('',*,*,#2907,.F.);
#4116=ORIENTED_EDGE('',*,*,#3101,.T.);
#4117=ORIENTED_EDGE('',*,*,#3110,.T.);
#4118=ORIENTED_EDGE('',*,*,#3106,.F.);
#4119=ORIENTED_EDGE('',*,*,#3111,.F.);
#4120=ORIENTED_EDGE('',*,*,#3112,.F.);
#4121=ORIENTED_EDGE('',*,*,#2909,.F.);
#4122=ORIENTED_EDGE('',*,*,#3113,.F.);
#4123=ORIENTED_EDGE('',*,*,#3114,.F.);
#4124=ORIENTED_EDGE('',*,*,#3115,.F.);
#4125=ORIENTED_EDGE('',*,*,#3116,.F.);
#4126=ORIENTED_EDGE('',*,*,#3102,.T.);
#4127=ORIENTED_EDGE('',*,*,#2911,.F.);
#4128=ORIENTED_EDGE('',*,*,#3117,.T.);
#4129=ORIENTED_EDGE('',*,*,#3118,.F.);
#4130=ORIENTED_EDGE('',*,*,#3119,.T.);
#4131=ORIENTED_EDGE('',*,*,#3104,.T.);
#4132=ORIENTED_EDGE('',*,*,#3120,.T.);
#4133=ORIENTED_EDGE('',*,*,#2910,.F.);
#4134=ORIENTED_EDGE('',*,*,#3112,.T.);
#4135=ORIENTED_EDGE('',*,*,#3121,.T.);
#4136=ORIENTED_EDGE('',*,*,#3117,.F.);
#4137=ORIENTED_EDGE('',*,*,#3122,.F.);
#4138=ORIENTED_EDGE('',*,*,#3123,.F.);
#4139=ORIENTED_EDGE('',*,*,#2912,.F.);
#4140=ORIENTED_EDGE('',*,*,#3124,.F.);
#4141=ORIENTED_EDGE('',*,*,#3125,.F.);
#4142=ORIENTED_EDGE('',*,*,#3126,.F.);
#4143=ORIENTED_EDGE('',*,*,#3127,.F.);
#4144=ORIENTED_EDGE('',*,*,#3113,.T.);
#4145=ORIENTED_EDGE('',*,*,#2914,.F.);
#4146=ORIENTED_EDGE('',*,*,#3128,.T.);
#4147=ORIENTED_EDGE('',*,*,#3129,.F.);
#4148=ORIENTED_EDGE('',*,*,#3130,.T.);
#4149=ORIENTED_EDGE('',*,*,#3115,.T.);
#4150=ORIENTED_EDGE('',*,*,#3131,.T.);
#4151=ORIENTED_EDGE('',*,*,#2913,.F.);
#4152=ORIENTED_EDGE('',*,*,#3123,.T.);
#4153=ORIENTED_EDGE('',*,*,#3132,.T.);
#4154=ORIENTED_EDGE('',*,*,#3128,.F.);
#4155=ORIENTED_EDGE('',*,*,#3133,.F.);
#4156=ORIENTED_EDGE('',*,*,#3134,.F.);
#4157=ORIENTED_EDGE('',*,*,#2915,.F.);
#4158=ORIENTED_EDGE('',*,*,#3135,.F.);
#4159=ORIENTED_EDGE('',*,*,#3136,.F.);
#4160=ORIENTED_EDGE('',*,*,#3137,.F.);
#4161=ORIENTED_EDGE('',*,*,#3138,.F.);
#4162=ORIENTED_EDGE('',*,*,#3124,.T.);
#4163=ORIENTED_EDGE('',*,*,#2917,.F.);
#4164=ORIENTED_EDGE('',*,*,#3139,.T.);
#4165=ORIENTED_EDGE('',*,*,#3140,.F.);
#4166=ORIENTED_EDGE('',*,*,#3141,.T.);
#4167=ORIENTED_EDGE('',*,*,#3126,.T.);
#4168=ORIENTED_EDGE('',*,*,#3142,.T.);
#4169=ORIENTED_EDGE('',*,*,#2916,.F.);
#4170=ORIENTED_EDGE('',*,*,#3134,.T.);
#4171=ORIENTED_EDGE('',*,*,#3143,.T.);
#4172=ORIENTED_EDGE('',*,*,#3139,.F.);
#4173=ORIENTED_EDGE('',*,*,#3144,.F.);
#4174=ORIENTED_EDGE('',*,*,#3145,.F.);
#4175=ORIENTED_EDGE('',*,*,#2918,.F.);
#4176=ORIENTED_EDGE('',*,*,#3146,.F.);
#4177=ORIENTED_EDGE('',*,*,#3147,.F.);
#4178=ORIENTED_EDGE('',*,*,#3148,.F.);
#4179=ORIENTED_EDGE('',*,*,#3149,.F.);
#4180=ORIENTED_EDGE('',*,*,#3135,.T.);
#4181=ORIENTED_EDGE('',*,*,#2920,.F.);
#4182=ORIENTED_EDGE('',*,*,#3150,.T.);
#4183=ORIENTED_EDGE('',*,*,#3151,.F.);
#4184=ORIENTED_EDGE('',*,*,#3152,.T.);
#4185=ORIENTED_EDGE('',*,*,#3137,.T.);
#4186=ORIENTED_EDGE('',*,*,#3153,.T.);
#4187=ORIENTED_EDGE('',*,*,#2919,.F.);
#4188=ORIENTED_EDGE('',*,*,#3145,.T.);
#4189=ORIENTED_EDGE('',*,*,#3154,.T.);
#4190=ORIENTED_EDGE('',*,*,#3150,.F.);
#4191=ORIENTED_EDGE('',*,*,#3155,.F.);
#4192=ORIENTED_EDGE('',*,*,#3156,.F.);
#4193=ORIENTED_EDGE('',*,*,#2921,.F.);
#4194=ORIENTED_EDGE('',*,*,#3157,.F.);
#4195=ORIENTED_EDGE('',*,*,#3158,.F.);
#4196=ORIENTED_EDGE('',*,*,#3159,.F.);
#4197=ORIENTED_EDGE('',*,*,#3160,.F.);
#4198=ORIENTED_EDGE('',*,*,#3146,.T.);
#4199=ORIENTED_EDGE('',*,*,#2923,.F.);
#4200=ORIENTED_EDGE('',*,*,#3161,.T.);
#4201=ORIENTED_EDGE('',*,*,#3162,.F.);
#4202=ORIENTED_EDGE('',*,*,#3163,.T.);
#4203=ORIENTED_EDGE('',*,*,#3148,.T.);
#4204=ORIENTED_EDGE('',*,*,#3164,.T.);
#4205=ORIENTED_EDGE('',*,*,#2922,.F.);
#4206=ORIENTED_EDGE('',*,*,#3156,.T.);
#4207=ORIENTED_EDGE('',*,*,#3165,.T.);
#4208=ORIENTED_EDGE('',*,*,#3161,.F.);
#4209=ORIENTED_EDGE('',*,*,#3166,.F.);
#4210=ORIENTED_EDGE('',*,*,#3167,.F.);
#4211=ORIENTED_EDGE('',*,*,#2924,.F.);
#4212=ORIENTED_EDGE('',*,*,#2721,.F.);
#4213=ORIENTED_EDGE('',*,*,#3168,.F.);
#4214=ORIENTED_EDGE('',*,*,#2726,.F.);
#4215=ORIENTED_EDGE('',*,*,#3169,.F.);
#4216=ORIENTED_EDGE('',*,*,#3157,.T.);
#4217=ORIENTED_EDGE('',*,*,#2926,.F.);
#4218=ORIENTED_EDGE('',*,*,#3170,.T.);
#4219=ORIENTED_EDGE('',*,*,#3171,.F.);
#4220=ORIENTED_EDGE('',*,*,#3172,.T.);
#4221=ORIENTED_EDGE('',*,*,#3159,.T.);
#4222=ORIENTED_EDGE('',*,*,#3173,.T.);
#4223=ORIENTED_EDGE('',*,*,#2925,.F.);
#4224=ORIENTED_EDGE('',*,*,#3167,.T.);
#4225=ORIENTED_EDGE('',*,*,#3174,.T.);
#4226=ORIENTED_EDGE('',*,*,#3170,.F.);
#4227=ORIENTED_EDGE('',*,*,#3175,.F.);
#4228=ORIENTED_EDGE('',*,*,#3176,.F.);
#4229=ORIENTED_EDGE('',*,*,#2927,.F.);
#4230=ORIENTED_EDGE('',*,*,#2811,.F.);
#4231=ORIENTED_EDGE('',*,*,#3177,.F.);
#4232=ORIENTED_EDGE('',*,*,#2816,.F.);
#4233=ORIENTED_EDGE('',*,*,#3178,.F.);
#4234=ORIENTED_EDGE('',*,*,#2928,.F.);
#4235=ORIENTED_EDGE('',*,*,#3176,.T.);
#4236=ORIENTED_EDGE('',*,*,#3179,.T.);
#4237=ORIENTED_EDGE('',*,*,#2723,.F.);
#4238=ORIENTED_EDGE('',*,*,#3180,.F.);
#4239=ORIENTED_EDGE('',*,*,#3181,.F.);
#4240=ORIENTED_EDGE('',*,*,#2929,.F.);
#4241=ORIENTED_EDGE('',*,*,#2728,.F.);
#4242=ORIENTED_EDGE('',*,*,#3182,.F.);
#4243=ORIENTED_EDGE('',*,*,#2733,.F.);
#4244=ORIENTED_EDGE('',*,*,#3183,.F.);
#4245=ORIENTED_EDGE('',*,*,#2930,.F.);
#4246=ORIENTED_EDGE('',*,*,#3181,.T.);
#4247=ORIENTED_EDGE('',*,*,#3184,.T.);
#4248=ORIENTED_EDGE('',*,*,#2813,.T.);
#4249=ORIENTED_EDGE('',*,*,#2931,.F.);
#4250=ORIENTED_EDGE('',*,*,#2820,.T.);
#4251=ORIENTED_EDGE('',*,*,#3185,.T.);
#4252=ORIENTED_EDGE('',*,*,#2730,.T.);
#4253=ORIENTED_EDGE('',*,*,#2738,.T.);
#4254=ORIENTED_EDGE('',*,*,#3186,.T.);
#4255=ORIENTED_EDGE('',*,*,#2744,.F.);
#4256=ORIENTED_EDGE('',*,*,#2932,.F.);
#4257=ORIENTED_EDGE('',*,*,#2752,.T.);
#4258=ORIENTED_EDGE('',*,*,#3187,.T.);
#4259=ORIENTED_EDGE('',*,*,#2757,.F.);
#4260=ORIENTED_EDGE('',*,*,#2933,.F.);
#4261=ORIENTED_EDGE('',*,*,#2934,.F.);
#4262=ORIENTED_EDGE('',*,*,#2764,.T.);
#4263=ORIENTED_EDGE('',*,*,#3188,.T.);
#4264=ORIENTED_EDGE('',*,*,#2769,.F.);
#4265=ORIENTED_EDGE('',*,*,#2935,.F.);
#4266=ORIENTED_EDGE('',*,*,#2776,.T.);
#4267=ORIENTED_EDGE('',*,*,#3189,.T.);
#4268=ORIENTED_EDGE('',*,*,#2781,.F.);
#4269=ORIENTED_EDGE('',*,*,#3190,.F.);
#4270=ORIENTED_EDGE('',*,*,#3191,.F.);
#4271=ORIENTED_EDGE('',*,*,#2936,.F.);
#4272=ORIENTED_EDGE('',*,*,#2790,.F.);
#4273=ORIENTED_EDGE('',*,*,#3192,.F.);
#4274=ORIENTED_EDGE('',*,*,#2795,.F.);
#4275=ORIENTED_EDGE('',*,*,#3193,.F.);
#4276=ORIENTED_EDGE('',*,*,#2937,.F.);
#4277=ORIENTED_EDGE('',*,*,#3191,.T.);
#4278=ORIENTED_EDGE('',*,*,#3194,.T.);
#4279=ORIENTED_EDGE('',*,*,#2786,.F.);
#4280=ORIENTED_EDGE('',*,*,#3195,.F.);
#4281=ORIENTED_EDGE('',*,*,#3196,.F.);
#4282=ORIENTED_EDGE('',*,*,#2938,.F.);
#4283=ORIENTED_EDGE('',*,*,#2797,.F.);
#4284=ORIENTED_EDGE('',*,*,#3197,.F.);
#4285=ORIENTED_EDGE('',*,*,#2802,.F.);
#4286=ORIENTED_EDGE('',*,*,#3198,.F.);
#4287=ORIENTED_EDGE('',*,*,#2939,.F.);
#4288=ORIENTED_EDGE('',*,*,#3196,.T.);
#4289=ORIENTED_EDGE('',*,*,#3199,.T.);
#4290=ORIENTED_EDGE('',*,*,#2792,.F.);
#4291=ORIENTED_EDGE('',*,*,#3200,.F.);
#4292=ORIENTED_EDGE('',*,*,#3201,.F.);
#4293=ORIENTED_EDGE('',*,*,#2940,.F.);
#4294=ORIENTED_EDGE('',*,*,#2804,.F.);
#4295=ORIENTED_EDGE('',*,*,#3202,.F.);
#4296=ORIENTED_EDGE('',*,*,#2809,.F.);
#4297=ORIENTED_EDGE('',*,*,#3203,.F.);
#4298=ORIENTED_EDGE('',*,*,#2941,.F.);
#4299=ORIENTED_EDGE('',*,*,#3201,.T.);
#4300=ORIENTED_EDGE('',*,*,#3204,.T.);
#4301=ORIENTED_EDGE('',*,*,#2799,.F.);
#4302=ORIENTED_EDGE('',*,*,#3205,.F.);
#4303=ORIENTED_EDGE('',*,*,#3206,.F.);
#4304=ORIENTED_EDGE('',*,*,#2942,.F.);
#4305=ORIENTED_EDGE('',*,*,#3207,.F.);
#4306=ORIENTED_EDGE('',*,*,#3208,.F.);
#4307=ORIENTED_EDGE('',*,*,#3209,.F.);
#4308=ORIENTED_EDGE('',*,*,#3210,.F.);
#4309=ORIENTED_EDGE('',*,*,#2943,.F.);
#4310=ORIENTED_EDGE('',*,*,#3206,.T.);
#4311=ORIENTED_EDGE('',*,*,#3211,.T.);
#4312=ORIENTED_EDGE('',*,*,#2806,.F.);
#4313=ORIENTED_EDGE('',*,*,#3207,.T.);
#4314=ORIENTED_EDGE('',*,*,#2719,.F.);
#4315=ORIENTED_EDGE('',*,*,#3212,.T.);
#4316=ORIENTED_EDGE('',*,*,#2825,.T.);
#4317=ORIENTED_EDGE('',*,*,#3213,.T.);
#4318=ORIENTED_EDGE('',*,*,#3209,.T.);
#4319=ORIENTED_EDGE('',*,*,#3214,.T.);
#4320=ORIENTED_EDGE('',*,*,#2823,.F.);
#4321=ORIENTED_EDGE('',*,*,#3215,.F.);
#4322=ORIENTED_EDGE('',*,*,#2717,.F.);
#4323=ORIENTED_EDGE('',*,*,#2944,.F.);
#4324=ORIENTED_EDGE('',*,*,#3216,.F.);
#4325=ORIENTED_EDGE('',*,*,#2948,.F.);
#4326=ORIENTED_EDGE('',*,*,#3217,.F.);
#4327=ORIENTED_EDGE('',*,*,#2949,.F.);
#4328=ORIENTED_EDGE('',*,*,#3216,.T.);
#4329=ORIENTED_EDGE('',*,*,#2956,.T.);
#4330=ORIENTED_EDGE('',*,*,#2965,.F.);
#4331=ORIENTED_EDGE('',*,*,#3218,.F.);
#4332=ORIENTED_EDGE('',*,*,#2962,.T.);
#4333=ORIENTED_EDGE('',*,*,#2976,.F.);
#4334=ORIENTED_EDGE('',*,*,#3219,.F.);
#4335=ORIENTED_EDGE('',*,*,#2973,.T.);
#4336=ORIENTED_EDGE('',*,*,#2987,.F.);
#4337=ORIENTED_EDGE('',*,*,#3220,.F.);
#4338=ORIENTED_EDGE('',*,*,#2984,.T.);
#4339=ORIENTED_EDGE('',*,*,#2998,.F.);
#4340=ORIENTED_EDGE('',*,*,#3221,.F.);
#4341=ORIENTED_EDGE('',*,*,#2995,.T.);
#4342=ORIENTED_EDGE('',*,*,#3009,.F.);
#4343=ORIENTED_EDGE('',*,*,#3222,.F.);
#4344=ORIENTED_EDGE('',*,*,#3006,.T.);
#4345=ORIENTED_EDGE('',*,*,#3020,.F.);
#4346=ORIENTED_EDGE('',*,*,#3223,.F.);
#4347=ORIENTED_EDGE('',*,*,#3017,.T.);
#4348=ORIENTED_EDGE('',*,*,#3031,.F.);
#4349=ORIENTED_EDGE('',*,*,#3224,.F.);
#4350=ORIENTED_EDGE('',*,*,#3028,.T.);
#4351=ORIENTED_EDGE('',*,*,#3042,.F.);
#4352=ORIENTED_EDGE('',*,*,#3225,.F.);
#4353=ORIENTED_EDGE('',*,*,#3039,.T.);
#4354=ORIENTED_EDGE('',*,*,#3053,.F.);
#4355=ORIENTED_EDGE('',*,*,#3226,.F.);
#4356=ORIENTED_EDGE('',*,*,#3050,.T.);
#4357=ORIENTED_EDGE('',*,*,#3064,.F.);
#4358=ORIENTED_EDGE('',*,*,#3227,.F.);
#4359=ORIENTED_EDGE('',*,*,#3061,.T.);
#4360=ORIENTED_EDGE('',*,*,#3075,.F.);
#4361=ORIENTED_EDGE('',*,*,#3228,.F.);
#4362=ORIENTED_EDGE('',*,*,#3072,.T.);
#4363=ORIENTED_EDGE('',*,*,#3086,.F.);
#4364=ORIENTED_EDGE('',*,*,#3229,.F.);
#4365=ORIENTED_EDGE('',*,*,#3083,.T.);
#4366=ORIENTED_EDGE('',*,*,#3097,.F.);
#4367=ORIENTED_EDGE('',*,*,#3230,.F.);
#4368=ORIENTED_EDGE('',*,*,#3094,.T.);
#4369=ORIENTED_EDGE('',*,*,#3108,.F.);
#4370=ORIENTED_EDGE('',*,*,#3231,.F.);
#4371=ORIENTED_EDGE('',*,*,#3105,.T.);
#4372=ORIENTED_EDGE('',*,*,#3119,.F.);
#4373=ORIENTED_EDGE('',*,*,#3232,.F.);
#4374=ORIENTED_EDGE('',*,*,#3116,.T.);
#4375=ORIENTED_EDGE('',*,*,#3130,.F.);
#4376=ORIENTED_EDGE('',*,*,#3233,.F.);
#4377=ORIENTED_EDGE('',*,*,#3127,.T.);
#4378=ORIENTED_EDGE('',*,*,#3141,.F.);
#4379=ORIENTED_EDGE('',*,*,#3234,.F.);
#4380=ORIENTED_EDGE('',*,*,#3138,.T.);
#4381=ORIENTED_EDGE('',*,*,#3152,.F.);
#4382=ORIENTED_EDGE('',*,*,#3235,.F.);
#4383=ORIENTED_EDGE('',*,*,#3149,.T.);
#4384=ORIENTED_EDGE('',*,*,#3163,.F.);
#4385=ORIENTED_EDGE('',*,*,#3236,.F.);
#4386=ORIENTED_EDGE('',*,*,#3160,.T.);
#4387=ORIENTED_EDGE('',*,*,#3172,.F.);
#4388=ORIENTED_EDGE('',*,*,#3237,.F.);
#4389=ORIENTED_EDGE('',*,*,#3169,.T.);
#4390=ORIENTED_EDGE('',*,*,#2725,.F.);
#4391=ORIENTED_EDGE('',*,*,#3238,.F.);
#4392=ORIENTED_EDGE('',*,*,#3178,.T.);
#4393=ORIENTED_EDGE('',*,*,#2815,.F.);
#4394=ORIENTED_EDGE('',*,*,#3239,.F.);
#4395=ORIENTED_EDGE('',*,*,#3183,.T.);
#4396=ORIENTED_EDGE('',*,*,#2732,.F.);
#4397=ORIENTED_EDGE('',*,*,#3240,.F.);
#4398=ORIENTED_EDGE('',*,*,#2818,.F.);
#4399=ORIENTED_EDGE('',*,*,#2746,.F.);
#4400=ORIENTED_EDGE('',*,*,#3241,.F.);
#4401=ORIENTED_EDGE('',*,*,#2736,.F.);
#4402=ORIENTED_EDGE('',*,*,#2759,.F.);
#4403=ORIENTED_EDGE('',*,*,#3242,.F.);
#4404=ORIENTED_EDGE('',*,*,#2750,.F.);
#4405=ORIENTED_EDGE('',*,*,#2771,.F.);
#4406=ORIENTED_EDGE('',*,*,#3243,.F.);
#4407=ORIENTED_EDGE('',*,*,#2762,.T.);
#4408=ORIENTED_EDGE('',*,*,#2783,.F.);
#4409=ORIENTED_EDGE('',*,*,#3244,.F.);
#4410=ORIENTED_EDGE('',*,*,#2774,.T.);
#4411=ORIENTED_EDGE('',*,*,#2788,.F.);
#4412=ORIENTED_EDGE('',*,*,#3245,.F.);
#4413=ORIENTED_EDGE('',*,*,#3193,.T.);
#4414=ORIENTED_EDGE('',*,*,#2794,.F.);
#4415=ORIENTED_EDGE('',*,*,#3246,.F.);
#4416=ORIENTED_EDGE('',*,*,#3198,.T.);
#4417=ORIENTED_EDGE('',*,*,#2801,.F.);
#4418=ORIENTED_EDGE('',*,*,#3247,.F.);
#4419=ORIENTED_EDGE('',*,*,#3203,.T.);
#4420=ORIENTED_EDGE('',*,*,#2808,.F.);
#4421=ORIENTED_EDGE('',*,*,#3248,.F.);
#4422=ORIENTED_EDGE('',*,*,#3210,.T.);
#4423=ORIENTED_EDGE('',*,*,#3213,.F.);
#4424=ORIENTED_EDGE('',*,*,#2824,.F.);
#4425=ORIENTED_EDGE('',*,*,#3217,.T.);
#4426=ORIENTED_EDGE('',*,*,#2947,.F.);
#4427=ORIENTED_EDGE('',*,*,#3249,.F.);
#4428=ORIENTED_EDGE('',*,*,#2828,.F.);
#4429=ORIENTED_EDGE('',*,*,#2946,.T.);
#4430=ORIENTED_EDGE('',*,*,#2950,.F.);
#4431=ORIENTED_EDGE('',*,*,#2952,.T.);
#4432=ORIENTED_EDGE('',*,*,#3249,.T.);
#4433=ORIENTED_EDGE('',*,*,#2966,.F.);
#4434=ORIENTED_EDGE('',*,*,#2954,.T.);
#4435=ORIENTED_EDGE('',*,*,#2977,.F.);
#4436=ORIENTED_EDGE('',*,*,#2960,.T.);
#4437=ORIENTED_EDGE('',*,*,#2957,.T.);
#4438=ORIENTED_EDGE('',*,*,#3218,.T.);
#4439=ORIENTED_EDGE('',*,*,#2964,.T.);
#4440=ORIENTED_EDGE('',*,*,#2967,.F.);
#4441=ORIENTED_EDGE('',*,*,#2988,.F.);
#4442=ORIENTED_EDGE('',*,*,#2971,.T.);
#4443=ORIENTED_EDGE('',*,*,#2968,.T.);
#4444=ORIENTED_EDGE('',*,*,#3219,.T.);
#4445=ORIENTED_EDGE('',*,*,#2975,.T.);
#4446=ORIENTED_EDGE('',*,*,#2978,.F.);
#4447=ORIENTED_EDGE('',*,*,#2999,.F.);
#4448=ORIENTED_EDGE('',*,*,#2982,.T.);
#4449=ORIENTED_EDGE('',*,*,#2979,.T.);
#4450=ORIENTED_EDGE('',*,*,#3220,.T.);
#4451=ORIENTED_EDGE('',*,*,#2986,.T.);
#4452=ORIENTED_EDGE('',*,*,#2989,.F.);
#4453=ORIENTED_EDGE('',*,*,#3010,.F.);
#4454=ORIENTED_EDGE('',*,*,#2993,.T.);
#4455=ORIENTED_EDGE('',*,*,#2990,.T.);
#4456=ORIENTED_EDGE('',*,*,#3221,.T.);
#4457=ORIENTED_EDGE('',*,*,#2997,.T.);
#4458=ORIENTED_EDGE('',*,*,#3000,.F.);
#4459=ORIENTED_EDGE('',*,*,#3021,.F.);
#4460=ORIENTED_EDGE('',*,*,#3004,.T.);
#4461=ORIENTED_EDGE('',*,*,#3001,.T.);
#4462=ORIENTED_EDGE('',*,*,#3222,.T.);
#4463=ORIENTED_EDGE('',*,*,#3008,.T.);
#4464=ORIENTED_EDGE('',*,*,#3011,.F.);
#4465=ORIENTED_EDGE('',*,*,#3032,.F.);
#4466=ORIENTED_EDGE('',*,*,#3015,.T.);
#4467=ORIENTED_EDGE('',*,*,#3012,.T.);
#4468=ORIENTED_EDGE('',*,*,#3223,.T.);
#4469=ORIENTED_EDGE('',*,*,#3019,.T.);
#4470=ORIENTED_EDGE('',*,*,#3022,.F.);
#4471=ORIENTED_EDGE('',*,*,#3043,.F.);
#4472=ORIENTED_EDGE('',*,*,#3026,.T.);
#4473=ORIENTED_EDGE('',*,*,#3023,.T.);
#4474=ORIENTED_EDGE('',*,*,#3224,.T.);
#4475=ORIENTED_EDGE('',*,*,#3030,.T.);
#4476=ORIENTED_EDGE('',*,*,#3033,.F.);
#4477=ORIENTED_EDGE('',*,*,#3054,.F.);
#4478=ORIENTED_EDGE('',*,*,#3037,.T.);
#4479=ORIENTED_EDGE('',*,*,#3034,.T.);
#4480=ORIENTED_EDGE('',*,*,#3225,.T.);
#4481=ORIENTED_EDGE('',*,*,#3041,.T.);
#4482=ORIENTED_EDGE('',*,*,#3044,.F.);
#4483=ORIENTED_EDGE('',*,*,#3065,.F.);
#4484=ORIENTED_EDGE('',*,*,#3048,.T.);
#4485=ORIENTED_EDGE('',*,*,#3045,.T.);
#4486=ORIENTED_EDGE('',*,*,#3226,.T.);
#4487=ORIENTED_EDGE('',*,*,#3052,.T.);
#4488=ORIENTED_EDGE('',*,*,#3055,.F.);
#4489=ORIENTED_EDGE('',*,*,#3076,.F.);
#4490=ORIENTED_EDGE('',*,*,#3059,.T.);
#4491=ORIENTED_EDGE('',*,*,#3056,.T.);
#4492=ORIENTED_EDGE('',*,*,#3227,.T.);
#4493=ORIENTED_EDGE('',*,*,#3063,.T.);
#4494=ORIENTED_EDGE('',*,*,#3066,.F.);
#4495=ORIENTED_EDGE('',*,*,#3087,.F.);
#4496=ORIENTED_EDGE('',*,*,#3070,.T.);
#4497=ORIENTED_EDGE('',*,*,#3067,.T.);
#4498=ORIENTED_EDGE('',*,*,#3228,.T.);
#4499=ORIENTED_EDGE('',*,*,#3074,.T.);
#4500=ORIENTED_EDGE('',*,*,#3077,.F.);
#4501=ORIENTED_EDGE('',*,*,#3098,.F.);
#4502=ORIENTED_EDGE('',*,*,#3081,.T.);
#4503=ORIENTED_EDGE('',*,*,#3078,.T.);
#4504=ORIENTED_EDGE('',*,*,#3229,.T.);
#4505=ORIENTED_EDGE('',*,*,#3085,.T.);
#4506=ORIENTED_EDGE('',*,*,#3088,.F.);
#4507=ORIENTED_EDGE('',*,*,#3109,.F.);
#4508=ORIENTED_EDGE('',*,*,#3092,.T.);
#4509=ORIENTED_EDGE('',*,*,#3089,.T.);
#4510=ORIENTED_EDGE('',*,*,#3230,.T.);
#4511=ORIENTED_EDGE('',*,*,#3096,.T.);
#4512=ORIENTED_EDGE('',*,*,#3099,.F.);
#4513=ORIENTED_EDGE('',*,*,#3120,.F.);
#4514=ORIENTED_EDGE('',*,*,#3103,.T.);
#4515=ORIENTED_EDGE('',*,*,#3100,.T.);
#4516=ORIENTED_EDGE('',*,*,#3231,.T.);
#4517=ORIENTED_EDGE('',*,*,#3107,.T.);
#4518=ORIENTED_EDGE('',*,*,#3110,.F.);
#4519=ORIENTED_EDGE('',*,*,#3131,.F.);
#4520=ORIENTED_EDGE('',*,*,#3114,.T.);
#4521=ORIENTED_EDGE('',*,*,#3111,.T.);
#4522=ORIENTED_EDGE('',*,*,#3232,.T.);
#4523=ORIENTED_EDGE('',*,*,#3118,.T.);
#4524=ORIENTED_EDGE('',*,*,#3121,.F.);
#4525=ORIENTED_EDGE('',*,*,#3142,.F.);
#4526=ORIENTED_EDGE('',*,*,#3125,.T.);
#4527=ORIENTED_EDGE('',*,*,#3122,.T.);
#4528=ORIENTED_EDGE('',*,*,#3233,.T.);
#4529=ORIENTED_EDGE('',*,*,#3129,.T.);
#4530=ORIENTED_EDGE('',*,*,#3132,.F.);
#4531=ORIENTED_EDGE('',*,*,#3153,.F.);
#4532=ORIENTED_EDGE('',*,*,#3136,.T.);
#4533=ORIENTED_EDGE('',*,*,#3133,.T.);
#4534=ORIENTED_EDGE('',*,*,#3234,.T.);
#4535=ORIENTED_EDGE('',*,*,#3140,.T.);
#4536=ORIENTED_EDGE('',*,*,#3143,.F.);
#4537=ORIENTED_EDGE('',*,*,#3164,.F.);
#4538=ORIENTED_EDGE('',*,*,#3147,.T.);
#4539=ORIENTED_EDGE('',*,*,#3144,.T.);
#4540=ORIENTED_EDGE('',*,*,#3235,.T.);
#4541=ORIENTED_EDGE('',*,*,#3151,.T.);
#4542=ORIENTED_EDGE('',*,*,#3154,.F.);
#4543=ORIENTED_EDGE('',*,*,#3173,.F.);
#4544=ORIENTED_EDGE('',*,*,#3158,.T.);
#4545=ORIENTED_EDGE('',*,*,#3155,.T.);
#4546=ORIENTED_EDGE('',*,*,#3236,.T.);
#4547=ORIENTED_EDGE('',*,*,#3162,.T.);
#4548=ORIENTED_EDGE('',*,*,#3165,.F.);
#4549=ORIENTED_EDGE('',*,*,#2720,.F.);
#4550=ORIENTED_EDGE('',*,*,#3168,.T.);
#4551=ORIENTED_EDGE('',*,*,#3166,.T.);
#4552=ORIENTED_EDGE('',*,*,#3237,.T.);
#4553=ORIENTED_EDGE('',*,*,#3171,.T.);
#4554=ORIENTED_EDGE('',*,*,#3174,.F.);
#4555=ORIENTED_EDGE('',*,*,#2810,.F.);
#4556=ORIENTED_EDGE('',*,*,#3177,.T.);
#4557=ORIENTED_EDGE('',*,*,#3175,.T.);
#4558=ORIENTED_EDGE('',*,*,#3238,.T.);
#4559=ORIENTED_EDGE('',*,*,#2724,.T.);
#4560=ORIENTED_EDGE('',*,*,#3179,.F.);
#4561=ORIENTED_EDGE('',*,*,#2727,.F.);
#4562=ORIENTED_EDGE('',*,*,#3182,.T.);
#4563=ORIENTED_EDGE('',*,*,#3180,.T.);
#4564=ORIENTED_EDGE('',*,*,#3239,.T.);
#4565=ORIENTED_EDGE('',*,*,#2814,.F.);
#4566=ORIENTED_EDGE('',*,*,#3184,.F.);
#4567=ORIENTED_EDGE('',*,*,#2819,.T.);
#4568=ORIENTED_EDGE('',*,*,#3240,.T.);
#4569=ORIENTED_EDGE('',*,*,#2731,.F.);
#4570=ORIENTED_EDGE('',*,*,#3185,.F.);
#4571=ORIENTED_EDGE('',*,*,#2755,.F.);
#4572=ORIENTED_EDGE('',*,*,#2734,.T.);
#4573=ORIENTED_EDGE('',*,*,#2817,.T.);
#4574=ORIENTED_EDGE('',*,*,#2741,.F.);
#4575=ORIENTED_EDGE('',*,*,#2737,.T.);
#4576=ORIENTED_EDGE('',*,*,#3241,.T.);
#4577=ORIENTED_EDGE('',*,*,#2745,.F.);
#4578=ORIENTED_EDGE('',*,*,#3186,.F.);
#4579=ORIENTED_EDGE('',*,*,#2767,.F.);
#4580=ORIENTED_EDGE('',*,*,#2748,.T.);
#4581=ORIENTED_EDGE('',*,*,#2751,.T.);
#4582=ORIENTED_EDGE('',*,*,#3242,.T.);
#4583=ORIENTED_EDGE('',*,*,#2758,.F.);
#4584=ORIENTED_EDGE('',*,*,#3187,.F.);
#4585=ORIENTED_EDGE('',*,*,#2779,.F.);
#4586=ORIENTED_EDGE('',*,*,#2760,.T.);
#4587=ORIENTED_EDGE('',*,*,#2763,.T.);
#4588=ORIENTED_EDGE('',*,*,#3243,.T.);
#4589=ORIENTED_EDGE('',*,*,#2770,.F.);
#4590=ORIENTED_EDGE('',*,*,#3188,.F.);
#4591=ORIENTED_EDGE('',*,*,#2784,.F.);
#4592=ORIENTED_EDGE('',*,*,#2772,.T.);
#4593=ORIENTED_EDGE('',*,*,#2775,.T.);
#4594=ORIENTED_EDGE('',*,*,#3244,.T.);
#4595=ORIENTED_EDGE('',*,*,#2782,.T.);
#4596=ORIENTED_EDGE('',*,*,#3189,.F.);
#4597=ORIENTED_EDGE('',*,*,#2789,.F.);
#4598=ORIENTED_EDGE('',*,*,#3192,.T.);
#4599=ORIENTED_EDGE('',*,*,#3190,.T.);
#4600=ORIENTED_EDGE('',*,*,#3245,.T.);
#4601=ORIENTED_EDGE('',*,*,#2787,.T.);
#4602=ORIENTED_EDGE('',*,*,#3194,.F.);
#4603=ORIENTED_EDGE('',*,*,#2796,.F.);
#4604=ORIENTED_EDGE('',*,*,#3197,.T.);
#4605=ORIENTED_EDGE('',*,*,#3195,.T.);
#4606=ORIENTED_EDGE('',*,*,#3246,.T.);
#4607=ORIENTED_EDGE('',*,*,#2793,.T.);
#4608=ORIENTED_EDGE('',*,*,#3199,.F.);
#4609=ORIENTED_EDGE('',*,*,#2803,.F.);
#4610=ORIENTED_EDGE('',*,*,#3202,.T.);
#4611=ORIENTED_EDGE('',*,*,#3200,.T.);
#4612=ORIENTED_EDGE('',*,*,#3247,.T.);
#4613=ORIENTED_EDGE('',*,*,#2800,.T.);
#4614=ORIENTED_EDGE('',*,*,#3204,.F.);
#4615=ORIENTED_EDGE('',*,*,#3214,.F.);
#4616=ORIENTED_EDGE('',*,*,#3208,.T.);
#4617=ORIENTED_EDGE('',*,*,#3205,.T.);
#4618=ORIENTED_EDGE('',*,*,#3248,.T.);
#4619=ORIENTED_EDGE('',*,*,#2807,.T.);
#4620=ORIENTED_EDGE('',*,*,#3211,.F.);
#4621=ORIENTED_EDGE('',*,*,#2718,.F.);
#4622=ORIENTED_EDGE('',*,*,#3215,.T.);
#4623=ORIENTED_EDGE('',*,*,#2822,.F.);
#4624=ORIENTED_EDGE('',*,*,#3212,.F.);
#4625=ORIENTED_EDGE('',*,*,#2826,.T.);
#4626=ORIENTED_EDGE('',*,*,#2831,.T.);
#4627=ORIENTED_EDGE('',*,*,#2829,.T.);
#4628=ORIENTED_EDGE('',*,*,#3250,.F.);
#4629=ORIENTED_EDGE('',*,*,#3251,.F.);
#4630=ORIENTED_EDGE('',*,*,#3252,.F.);
#4631=ORIENTED_EDGE('',*,*,#3253,.F.);
#4632=ORIENTED_EDGE('',*,*,#3253,.T.);
#4633=ORIENTED_EDGE('',*,*,#3254,.T.);
#4634=ORIENTED_EDGE('',*,*,#3255,.T.);
#4635=ORIENTED_EDGE('',*,*,#3256,.T.);
#4636=ORIENTED_EDGE('',*,*,#3250,.T.);
#4637=ORIENTED_EDGE('',*,*,#3256,.F.);
#4638=ORIENTED_EDGE('',*,*,#3257,.T.);
#4639=ORIENTED_EDGE('',*,*,#3258,.T.);
#4640=ORIENTED_EDGE('',*,*,#3251,.T.);
#4641=ORIENTED_EDGE('',*,*,#3258,.F.);
#4642=ORIENTED_EDGE('',*,*,#3259,.T.);
#4643=ORIENTED_EDGE('',*,*,#3260,.T.);
#4644=ORIENTED_EDGE('',*,*,#3252,.T.);
#4645=ORIENTED_EDGE('',*,*,#3260,.F.);
#4646=ORIENTED_EDGE('',*,*,#3261,.T.);
#4647=ORIENTED_EDGE('',*,*,#3254,.F.);
#4648=ORIENTED_EDGE('',*,*,#3259,.F.);
#4649=ORIENTED_EDGE('',*,*,#3257,.F.);
#4650=ORIENTED_EDGE('',*,*,#3255,.F.);
#4651=ORIENTED_EDGE('',*,*,#3261,.F.);
#4652=ORIENTED_EDGE('',*,*,#3262,.F.);
#4653=ORIENTED_EDGE('',*,*,#3263,.F.);
#4654=ORIENTED_EDGE('',*,*,#3264,.T.);
#4655=ORIENTED_EDGE('',*,*,#3265,.T.);
#4656=ORIENTED_EDGE('',*,*,#3266,.T.);
#4657=ORIENTED_EDGE('',*,*,#3267,.T.);
#4658=ORIENTED_EDGE('',*,*,#3268,.T.);
#4659=ORIENTED_EDGE('',*,*,#3269,.T.);
#4660=ORIENTED_EDGE('',*,*,#3270,.F.);
#4661=ORIENTED_EDGE('',*,*,#3269,.F.);
#4662=ORIENTED_EDGE('',*,*,#3271,.F.);
#4663=ORIENTED_EDGE('',*,*,#3272,.F.);
#4664=ORIENTED_EDGE('',*,*,#3273,.F.);
#4665=ORIENTED_EDGE('',*,*,#3274,.F.);
#4666=ORIENTED_EDGE('',*,*,#3275,.F.);
#4667=ORIENTED_EDGE('',*,*,#3276,.T.);
#4668=ORIENTED_EDGE('',*,*,#3277,.T.);
#4669=ORIENTED_EDGE('',*,*,#3278,.T.);
#4670=ORIENTED_EDGE('',*,*,#3279,.F.);
#4671=ORIENTED_EDGE('',*,*,#3280,.T.);
#4672=ORIENTED_EDGE('',*,*,#3281,.T.);
#4673=ORIENTED_EDGE('',*,*,#3282,.F.);
#4674=ORIENTED_EDGE('',*,*,#3283,.F.);
#4675=ORIENTED_EDGE('',*,*,#3284,.T.);
#4676=ORIENTED_EDGE('',*,*,#3263,.T.);
#4677=ORIENTED_EDGE('',*,*,#3284,.F.);
#4678=ORIENTED_EDGE('',*,*,#3285,.F.);
#4679=ORIENTED_EDGE('',*,*,#3286,.T.);
#4680=ORIENTED_EDGE('',*,*,#3287,.T.);
#4681=ORIENTED_EDGE('',*,*,#3286,.F.);
#4682=ORIENTED_EDGE('',*,*,#3288,.F.);
#4683=ORIENTED_EDGE('',*,*,#3289,.T.);
#4684=ORIENTED_EDGE('',*,*,#3290,.T.);
#4685=ORIENTED_EDGE('',*,*,#3289,.F.);
#4686=ORIENTED_EDGE('',*,*,#3291,.F.);
#4687=ORIENTED_EDGE('',*,*,#3292,.F.);
#4688=ORIENTED_EDGE('',*,*,#3293,.F.);
#4689=ORIENTED_EDGE('',*,*,#3294,.F.);
#4690=ORIENTED_EDGE('',*,*,#3295,.F.);
#4691=ORIENTED_EDGE('',*,*,#3296,.T.);
#4692=ORIENTED_EDGE('',*,*,#3297,.T.);
#4693=ORIENTED_EDGE('',*,*,#3298,.F.);
#4694=ORIENTED_EDGE('',*,*,#3299,.T.);
#4695=ORIENTED_EDGE('',*,*,#3300,.F.);
#4696=ORIENTED_EDGE('',*,*,#3301,.T.);
#4697=ORIENTED_EDGE('',*,*,#3302,.T.);
#4698=ORIENTED_EDGE('',*,*,#3303,.T.);
#4699=ORIENTED_EDGE('',*,*,#3304,.F.);
#4700=ORIENTED_EDGE('',*,*,#3305,.T.);
#4701=ORIENTED_EDGE('',*,*,#3306,.T.);
#4702=ORIENTED_EDGE('',*,*,#3307,.F.);
#4703=ORIENTED_EDGE('',*,*,#3308,.F.);
#4704=ORIENTED_EDGE('',*,*,#3309,.F.);
#4705=ORIENTED_EDGE('',*,*,#3310,.T.);
#4706=ORIENTED_EDGE('',*,*,#3311,.F.);
#4707=ORIENTED_EDGE('',*,*,#3312,.T.);
#4708=ORIENTED_EDGE('',*,*,#3313,.T.);
#4709=ORIENTED_EDGE('',*,*,#3314,.F.);
#4710=ORIENTED_EDGE('',*,*,#3315,.F.);
#4711=ORIENTED_EDGE('',*,*,#3316,.T.);
#4712=ORIENTED_EDGE('',*,*,#3310,.F.);
#4713=ORIENTED_EDGE('',*,*,#3317,.F.);
#4714=ORIENTED_EDGE('',*,*,#3318,.F.);
#4715=ORIENTED_EDGE('',*,*,#3319,.T.);
#4716=ORIENTED_EDGE('',*,*,#3320,.F.);
#4717=ORIENTED_EDGE('',*,*,#3321,.F.);
#4718=ORIENTED_EDGE('',*,*,#3322,.T.);
#4719=ORIENTED_EDGE('',*,*,#3323,.F.);
#4720=ORIENTED_EDGE('',*,*,#3313,.F.);
#4721=ORIENTED_EDGE('',*,*,#3324,.F.);
#4722=ORIENTED_EDGE('',*,*,#3325,.F.);
#4723=ORIENTED_EDGE('',*,*,#3326,.F.);
#4724=ORIENTED_EDGE('',*,*,#3277,.F.);
#4725=ORIENTED_EDGE('',*,*,#3327,.T.);
#4726=ORIENTED_EDGE('',*,*,#3328,.F.);
#4727=ORIENTED_EDGE('',*,*,#3281,.F.);
#4728=ORIENTED_EDGE('',*,*,#3329,.F.);
#4729=ORIENTED_EDGE('',*,*,#3330,.T.);
#4730=ORIENTED_EDGE('',*,*,#3331,.F.);
#4731=ORIENTED_EDGE('',*,*,#3332,.F.);
#4732=ORIENTED_EDGE('',*,*,#3293,.T.);
#4733=ORIENTED_EDGE('',*,*,#3333,.F.);
#4734=ORIENTED_EDGE('',*,*,#3334,.F.);
#4735=ORIENTED_EDGE('',*,*,#3262,.T.);
#4736=ORIENTED_EDGE('',*,*,#3287,.F.);
#4737=ORIENTED_EDGE('',*,*,#3290,.F.);
#4738=ORIENTED_EDGE('',*,*,#3335,.T.);
#4739=ORIENTED_EDGE('',*,*,#3336,.F.);
#4740=ORIENTED_EDGE('',*,*,#3337,.T.);
#4741=ORIENTED_EDGE('',*,*,#3334,.T.);
#4742=ORIENTED_EDGE('',*,*,#3337,.F.);
#4743=ORIENTED_EDGE('',*,*,#3338,.F.);
#4744=ORIENTED_EDGE('',*,*,#3339,.T.);
#4745=ORIENTED_EDGE('',*,*,#3321,.T.);
#4746=ORIENTED_EDGE('',*,*,#3340,.T.);
#4747=ORIENTED_EDGE('',*,*,#3341,.F.);
#4748=ORIENTED_EDGE('',*,*,#3314,.T.);
#4749=ORIENTED_EDGE('',*,*,#3323,.T.);
#4750=ORIENTED_EDGE('',*,*,#3342,.F.);
#4751=ORIENTED_EDGE('',*,*,#3343,.T.);
#4752=ORIENTED_EDGE('',*,*,#3324,.T.);
#4753=ORIENTED_EDGE('',*,*,#3312,.F.);
#4754=ORIENTED_EDGE('',*,*,#3344,.F.);
#4755=ORIENTED_EDGE('',*,*,#3345,.F.);
#4756=ORIENTED_EDGE('',*,*,#3346,.T.);
#4757=ORIENTED_EDGE('',*,*,#3306,.F.);
#4758=ORIENTED_EDGE('',*,*,#3347,.T.);
#4759=ORIENTED_EDGE('',*,*,#3348,.T.);
#4760=ORIENTED_EDGE('',*,*,#3349,.T.);
#4761=ORIENTED_EDGE('',*,*,#3350,.T.);
#4762=ORIENTED_EDGE('',*,*,#3343,.F.);
#4763=ORIENTED_EDGE('',*,*,#3351,.F.);
#4764=ORIENTED_EDGE('',*,*,#3352,.T.);
#4765=ORIENTED_EDGE('',*,*,#3325,.T.);
#4766=ORIENTED_EDGE('',*,*,#3352,.F.);
#4767=ORIENTED_EDGE('',*,*,#3353,.F.);
#4768=ORIENTED_EDGE('',*,*,#3278,.F.);
#4769=ORIENTED_EDGE('',*,*,#3326,.T.);
#4770=ORIENTED_EDGE('',*,*,#3354,.T.);
#4771=ORIENTED_EDGE('',*,*,#3355,.F.);
#4772=ORIENTED_EDGE('',*,*,#3282,.T.);
#4773=ORIENTED_EDGE('',*,*,#3328,.T.);
#4774=ORIENTED_EDGE('',*,*,#3280,.F.);
#4775=ORIENTED_EDGE('',*,*,#3356,.F.);
#4776=ORIENTED_EDGE('',*,*,#3357,.T.);
#4777=ORIENTED_EDGE('',*,*,#3329,.T.);
#4778=ORIENTED_EDGE('',*,*,#3358,.T.);
#4779=ORIENTED_EDGE('',*,*,#3359,.F.);
#4780=ORIENTED_EDGE('',*,*,#3360,.T.);
#4781=ORIENTED_EDGE('',*,*,#3361,.F.);
#4782=ORIENTED_EDGE('',*,*,#3362,.T.);
#4783=ORIENTED_EDGE('',*,*,#3331,.T.);
#4784=ORIENTED_EDGE('',*,*,#3362,.F.);
#4785=ORIENTED_EDGE('',*,*,#3363,.F.);
#4786=ORIENTED_EDGE('',*,*,#3364,.T.);
#4787=ORIENTED_EDGE('',*,*,#3365,.F.);
#4788=ORIENTED_EDGE('',*,*,#3294,.T.);
#4789=ORIENTED_EDGE('',*,*,#3332,.T.);
#4790=ORIENTED_EDGE('',*,*,#3292,.T.);
#4791=ORIENTED_EDGE('',*,*,#3366,.F.);
#4792=ORIENTED_EDGE('',*,*,#3335,.F.);
#4793=ORIENTED_EDGE('',*,*,#3333,.T.);
#4794=ORIENTED_EDGE('',*,*,#3339,.F.);
#4795=ORIENTED_EDGE('',*,*,#3367,.F.);
#4796=ORIENTED_EDGE('',*,*,#3340,.F.);
#4797=ORIENTED_EDGE('',*,*,#3322,.F.);
#4798=ORIENTED_EDGE('',*,*,#3350,.F.);
#4799=ORIENTED_EDGE('',*,*,#3368,.F.);
#4800=ORIENTED_EDGE('',*,*,#3299,.F.);
#4801=ORIENTED_EDGE('',*,*,#3369,.T.);
#4802=ORIENTED_EDGE('',*,*,#3295,.T.);
#4803=ORIENTED_EDGE('',*,*,#3368,.T.);
#4804=ORIENTED_EDGE('',*,*,#3349,.F.);
#4805=ORIENTED_EDGE('',*,*,#3370,.T.);
#4806=ORIENTED_EDGE('',*,*,#3300,.T.);
#4807=ORIENTED_EDGE('',*,*,#3371,.T.);
#4808=ORIENTED_EDGE('',*,*,#3288,.T.);
#4809=ORIENTED_EDGE('',*,*,#3301,.F.);
#4810=ORIENTED_EDGE('',*,*,#3370,.F.);
#4811=ORIENTED_EDGE('',*,*,#3348,.F.);
#4812=ORIENTED_EDGE('',*,*,#3372,.T.);
#4813=ORIENTED_EDGE('',*,*,#3265,.F.);
#4814=ORIENTED_EDGE('',*,*,#3373,.F.);
#4815=ORIENTED_EDGE('',*,*,#3276,.F.);
#4816=ORIENTED_EDGE('',*,*,#3374,.F.);
#4817=ORIENTED_EDGE('',*,*,#3354,.F.);
#4818=ORIENTED_EDGE('',*,*,#3327,.F.);
#4819=ORIENTED_EDGE('',*,*,#3357,.F.);
#4820=ORIENTED_EDGE('',*,*,#3375,.F.);
#4821=ORIENTED_EDGE('',*,*,#3358,.F.);
#4822=ORIENTED_EDGE('',*,*,#3330,.F.);
#4823=ORIENTED_EDGE('',*,*,#3296,.F.);
#4824=ORIENTED_EDGE('',*,*,#3371,.F.);
#4825=ORIENTED_EDGE('',*,*,#3305,.F.);
#4826=ORIENTED_EDGE('',*,*,#3376,.F.);
#4827=ORIENTED_EDGE('',*,*,#3377,.F.);
#4828=ORIENTED_EDGE('',*,*,#3378,.T.);
#4829=ORIENTED_EDGE('',*,*,#3308,.T.);
#4830=ORIENTED_EDGE('',*,*,#3379,.F.);
#4831=ORIENTED_EDGE('',*,*,#3380,.F.);
#4832=ORIENTED_EDGE('',*,*,#3381,.T.);
#4833=ORIENTED_EDGE('',*,*,#3307,.T.);
#4834=ORIENTED_EDGE('',*,*,#3346,.F.);
#4835=ORIENTED_EDGE('',*,*,#3382,.F.);
#4836=ORIENTED_EDGE('',*,*,#3319,.F.);
#4837=ORIENTED_EDGE('',*,*,#3383,.F.);
#4838=ORIENTED_EDGE('',*,*,#3379,.T.);
#4839=ORIENTED_EDGE('',*,*,#3309,.T.);
#4840=ORIENTED_EDGE('',*,*,#3381,.F.);
#4841=ORIENTED_EDGE('',*,*,#3384,.F.);
#4842=ORIENTED_EDGE('',*,*,#3317,.T.);
#4843=ORIENTED_EDGE('',*,*,#3380,.T.);
#4844=ORIENTED_EDGE('',*,*,#3383,.T.);
#4845=ORIENTED_EDGE('',*,*,#3318,.T.);
#4846=ORIENTED_EDGE('',*,*,#3384,.T.);
#4847=ORIENTED_EDGE('',*,*,#3264,.F.);
#4848=ORIENTED_EDGE('',*,*,#3385,.F.);
#4849=ORIENTED_EDGE('',*,*,#3297,.F.);
#4850=ORIENTED_EDGE('',*,*,#3378,.F.);
#4851=ORIENTED_EDGE('',*,*,#3386,.F.);
#4852=ORIENTED_EDGE('',*,*,#3387,.F.);
#4853=ORIENTED_EDGE('',*,*,#3388,.F.);
#4854=ORIENTED_EDGE('',*,*,#3389,.F.);
#4855=ORIENTED_EDGE('',*,*,#3390,.F.);
#4856=ORIENTED_EDGE('',*,*,#3391,.F.);
#4857=ORIENTED_EDGE('',*,*,#3392,.F.);
#4858=ORIENTED_EDGE('',*,*,#3393,.F.);
#4859=ORIENTED_EDGE('',*,*,#3394,.F.);
#4860=ORIENTED_EDGE('',*,*,#3395,.F.);
#4861=ORIENTED_EDGE('',*,*,#3396,.F.);
#4862=ORIENTED_EDGE('',*,*,#3397,.F.);
#4863=ORIENTED_EDGE('',*,*,#3398,.F.);
#4864=ORIENTED_EDGE('',*,*,#3302,.F.);
#4865=ORIENTED_EDGE('',*,*,#3373,.T.);
#4866=ORIENTED_EDGE('',*,*,#3268,.F.);
#4867=ORIENTED_EDGE('',*,*,#3267,.F.);
#4868=ORIENTED_EDGE('',*,*,#3399,.T.);
#4869=ORIENTED_EDGE('',*,*,#3298,.T.);
#4870=ORIENTED_EDGE('',*,*,#3385,.T.);
#4871=ORIENTED_EDGE('',*,*,#3400,.F.);
#4872=ORIENTED_EDGE('',*,*,#3386,.T.);
#4873=ORIENTED_EDGE('',*,*,#3377,.T.);
#4874=ORIENTED_EDGE('',*,*,#3401,.F.);
#4875=ORIENTED_EDGE('',*,*,#3360,.F.);
#4876=ORIENTED_EDGE('',*,*,#3402,.F.);
#4877=ORIENTED_EDGE('',*,*,#3403,.T.);
#4878=ORIENTED_EDGE('',*,*,#3404,.T.);
#4879=ORIENTED_EDGE('',*,*,#3387,.T.);
#4880=ORIENTED_EDGE('',*,*,#3400,.T.);
#4881=ORIENTED_EDGE('',*,*,#3404,.F.);
#4882=ORIENTED_EDGE('',*,*,#3405,.F.);
#4883=ORIENTED_EDGE('',*,*,#3406,.F.);
#4884=ORIENTED_EDGE('',*,*,#3388,.T.);
#4885=ORIENTED_EDGE('',*,*,#3406,.T.);
#4886=ORIENTED_EDGE('',*,*,#3407,.F.);
#4887=ORIENTED_EDGE('',*,*,#3408,.F.);
#4888=ORIENTED_EDGE('',*,*,#3389,.T.);
#4889=ORIENTED_EDGE('',*,*,#3409,.F.);
#4890=ORIENTED_EDGE('',*,*,#3390,.T.);
#4891=ORIENTED_EDGE('',*,*,#3408,.T.);
#4892=ORIENTED_EDGE('',*,*,#3410,.F.);
#4893=ORIENTED_EDGE('',*,*,#3409,.T.);
#4894=ORIENTED_EDGE('',*,*,#3411,.F.);
#4895=ORIENTED_EDGE('',*,*,#3412,.F.);
#4896=ORIENTED_EDGE('',*,*,#3391,.T.);
#4897=ORIENTED_EDGE('',*,*,#3412,.T.);
#4898=ORIENTED_EDGE('',*,*,#3413,.F.);
#4899=ORIENTED_EDGE('',*,*,#3414,.F.);
#4900=ORIENTED_EDGE('',*,*,#3392,.T.);
#4901=ORIENTED_EDGE('',*,*,#3414,.T.);
#4902=ORIENTED_EDGE('',*,*,#3415,.F.);
#4903=ORIENTED_EDGE('',*,*,#3416,.F.);
#4904=ORIENTED_EDGE('',*,*,#3393,.T.);
#4905=ORIENTED_EDGE('',*,*,#3416,.T.);
#4906=ORIENTED_EDGE('',*,*,#3417,.F.);
#4907=ORIENTED_EDGE('',*,*,#3418,.F.);
#4908=ORIENTED_EDGE('',*,*,#3394,.T.);
#4909=ORIENTED_EDGE('',*,*,#3418,.T.);
#4910=ORIENTED_EDGE('',*,*,#3419,.F.);
#4911=ORIENTED_EDGE('',*,*,#3420,.F.);
#4912=ORIENTED_EDGE('',*,*,#3395,.T.);
#4913=ORIENTED_EDGE('',*,*,#3420,.T.);
#4914=ORIENTED_EDGE('',*,*,#3421,.F.);
#4915=ORIENTED_EDGE('',*,*,#3422,.F.);
#4916=ORIENTED_EDGE('',*,*,#3396,.T.);
#4917=ORIENTED_EDGE('',*,*,#3423,.T.);
#4918=ORIENTED_EDGE('',*,*,#3424,.T.);
#4919=ORIENTED_EDGE('',*,*,#3397,.T.);
#4920=ORIENTED_EDGE('',*,*,#3422,.T.);
#4921=ORIENTED_EDGE('',*,*,#3425,.F.);
#4922=ORIENTED_EDGE('',*,*,#3426,.F.);
#4923=ORIENTED_EDGE('',*,*,#3427,.F.);
#4924=ORIENTED_EDGE('',*,*,#3428,.F.);
#4925=ORIENTED_EDGE('',*,*,#3364,.F.);
#4926=ORIENTED_EDGE('',*,*,#3429,.F.);
#4927=ORIENTED_EDGE('',*,*,#3303,.F.);
#4928=ORIENTED_EDGE('',*,*,#3398,.T.);
#4929=ORIENTED_EDGE('',*,*,#3424,.F.);
#4930=ORIENTED_EDGE('',*,*,#3430,.F.);
#4931=ORIENTED_EDGE('',*,*,#3399,.F.);
#4932=ORIENTED_EDGE('',*,*,#3266,.F.);
#4933=ORIENTED_EDGE('',*,*,#3372,.F.);
#4934=ORIENTED_EDGE('',*,*,#3347,.F.);
#4935=ORIENTED_EDGE('',*,*,#3369,.F.);
#4936=ORIENTED_EDGE('',*,*,#3361,.T.);
#4937=ORIENTED_EDGE('',*,*,#3401,.T.);
#4938=ORIENTED_EDGE('',*,*,#3376,.T.);
#4939=ORIENTED_EDGE('',*,*,#3304,.T.);
#4940=ORIENTED_EDGE('',*,*,#3429,.T.);
#4941=ORIENTED_EDGE('',*,*,#3363,.T.);
#4942=ORIENTED_EDGE('',*,*,#3431,.T.);
#4943=ORIENTED_EDGE('',*,*,#3432,.T.);
#4944=ORIENTED_EDGE('',*,*,#3433,.T.);
#4945=ORIENTED_EDGE('',*,*,#3434,.T.);
#4946=ORIENTED_EDGE('',*,*,#3435,.T.);
#4947=ORIENTED_EDGE('',*,*,#3436,.T.);
#4948=ORIENTED_EDGE('',*,*,#3430,.T.);
#4949=ORIENTED_EDGE('',*,*,#3423,.F.);
#4950=ORIENTED_EDGE('',*,*,#3421,.T.);
#4951=ORIENTED_EDGE('',*,*,#3419,.T.);
#4952=ORIENTED_EDGE('',*,*,#3417,.T.);
#4953=ORIENTED_EDGE('',*,*,#3415,.T.);
#4954=ORIENTED_EDGE('',*,*,#3413,.T.);
#4955=ORIENTED_EDGE('',*,*,#3411,.T.);
#4956=ORIENTED_EDGE('',*,*,#3410,.T.);
#4957=ORIENTED_EDGE('',*,*,#3407,.T.);
#4958=ORIENTED_EDGE('',*,*,#3405,.T.);
#4959=ORIENTED_EDGE('',*,*,#3403,.F.);
#4960=ORIENTED_EDGE('',*,*,#3402,.T.);
#4961=ORIENTED_EDGE('',*,*,#3359,.T.);
#4962=ORIENTED_EDGE('',*,*,#3375,.T.);
#4963=ORIENTED_EDGE('',*,*,#3356,.T.);
#4964=ORIENTED_EDGE('',*,*,#3279,.T.);
#4965=ORIENTED_EDGE('',*,*,#3355,.T.);
#4966=ORIENTED_EDGE('',*,*,#3374,.T.);
#4967=ORIENTED_EDGE('',*,*,#3275,.T.);
#4968=ORIENTED_EDGE('',*,*,#3353,.T.);
#4969=ORIENTED_EDGE('',*,*,#3351,.T.);
#4970=ORIENTED_EDGE('',*,*,#3342,.T.);
#4971=ORIENTED_EDGE('',*,*,#3315,.T.);
#4972=ORIENTED_EDGE('',*,*,#3341,.T.);
#4973=ORIENTED_EDGE('',*,*,#3367,.T.);
#4974=ORIENTED_EDGE('',*,*,#3338,.T.);
#4975=ORIENTED_EDGE('',*,*,#3336,.T.);
#4976=ORIENTED_EDGE('',*,*,#3366,.T.);
#4977=ORIENTED_EDGE('',*,*,#3291,.T.);
#4978=ORIENTED_EDGE('',*,*,#3365,.T.);
#4979=ORIENTED_EDGE('',*,*,#3428,.T.);
#4980=ORIENTED_EDGE('',*,*,#3437,.T.);
#4981=ORIENTED_EDGE('',*,*,#3438,.T.);
#4982=ORIENTED_EDGE('',*,*,#3439,.T.);
#4983=ORIENTED_EDGE('',*,*,#3440,.T.);
#4984=ORIENTED_EDGE('',*,*,#3441,.T.);
#4985=ORIENTED_EDGE('',*,*,#3442,.T.);
#4986=ORIENTED_EDGE('',*,*,#3443,.T.);
#4987=ORIENTED_EDGE('',*,*,#3444,.T.);
#4988=ORIENTED_EDGE('',*,*,#3445,.T.);
#4989=ORIENTED_EDGE('',*,*,#3446,.T.);
#4990=ORIENTED_EDGE('',*,*,#3447,.T.);
#4991=ORIENTED_EDGE('',*,*,#3448,.T.);
#4992=ORIENTED_EDGE('',*,*,#3449,.T.);
#4993=ORIENTED_EDGE('',*,*,#3450,.T.);
#4994=ORIENTED_EDGE('',*,*,#3451,.T.);
#4995=ORIENTED_EDGE('',*,*,#3452,.T.);
#4996=ORIENTED_EDGE('',*,*,#3453,.T.);
#4997=ORIENTED_EDGE('',*,*,#3454,.T.);
#4998=ORIENTED_EDGE('',*,*,#3455,.T.);
#4999=ORIENTED_EDGE('',*,*,#3456,.T.);
#5000=ORIENTED_EDGE('',*,*,#3457,.T.);
#5001=ORIENTED_EDGE('',*,*,#3458,.T.);
#5002=ORIENTED_EDGE('',*,*,#3273,.T.);
#5003=ORIENTED_EDGE('',*,*,#3459,.T.);
#5004=ORIENTED_EDGE('',*,*,#3460,.T.);
#5005=ORIENTED_EDGE('',*,*,#3461,.T.);
#5006=ORIENTED_EDGE('',*,*,#3462,.T.);
#5007=ORIENTED_EDGE('',*,*,#3463,.T.);
#5008=ORIENTED_EDGE('',*,*,#3464,.T.);
#5009=ORIENTED_EDGE('',*,*,#3465,.T.);
#5010=ORIENTED_EDGE('',*,*,#3466,.T.);
#5011=ORIENTED_EDGE('',*,*,#3467,.T.);
#5012=ORIENTED_EDGE('',*,*,#3468,.T.);
#5013=ORIENTED_EDGE('',*,*,#3270,.T.);
#5014=ORIENTED_EDGE('',*,*,#3283,.T.);
#5015=ORIENTED_EDGE('',*,*,#3285,.T.);
#5016=ORIENTED_EDGE('',*,*,#3425,.T.);
#5017=ORIENTED_EDGE('',*,*,#3436,.F.);
#5018=ORIENTED_EDGE('',*,*,#3469,.F.);
#5019=ORIENTED_EDGE('',*,*,#3470,.F.);
#5020=ORIENTED_EDGE('',*,*,#3471,.F.);
#5021=ORIENTED_EDGE('',*,*,#3472,.F.);
#5022=ORIENTED_EDGE('',*,*,#3473,.F.);
#5023=ORIENTED_EDGE('',*,*,#3474,.F.);
#5024=ORIENTED_EDGE('',*,*,#3475,.F.);
#5025=ORIENTED_EDGE('',*,*,#3426,.T.);
#5026=ORIENTED_EDGE('',*,*,#3470,.T.);
#5027=ORIENTED_EDGE('',*,*,#3476,.F.);
#5028=ORIENTED_EDGE('',*,*,#3427,.T.);
#5029=ORIENTED_EDGE('',*,*,#3475,.T.);
#5030=ORIENTED_EDGE('',*,*,#3477,.F.);
#5031=ORIENTED_EDGE('',*,*,#3437,.F.);
#5032=ORIENTED_EDGE('',*,*,#3478,.F.);
#5033=ORIENTED_EDGE('',*,*,#3479,.F.);
#5034=ORIENTED_EDGE('',*,*,#3480,.F.);
#5035=ORIENTED_EDGE('',*,*,#3439,.F.);
#5036=ORIENTED_EDGE('',*,*,#3481,.F.);
#5037=ORIENTED_EDGE('',*,*,#3482,.F.);
#5038=ORIENTED_EDGE('',*,*,#3478,.T.);
#5039=ORIENTED_EDGE('',*,*,#3438,.F.);
#5040=ORIENTED_EDGE('',*,*,#3483,.T.);
#5041=ORIENTED_EDGE('',*,*,#3481,.T.);
#5042=ORIENTED_EDGE('',*,*,#3441,.F.);
#5043=ORIENTED_EDGE('',*,*,#3484,.T.);
#5044=ORIENTED_EDGE('',*,*,#3485,.T.);
#5045=ORIENTED_EDGE('',*,*,#3484,.F.);
#5046=ORIENTED_EDGE('',*,*,#3440,.F.);
#5047=ORIENTED_EDGE('',*,*,#3480,.T.);
#5048=ORIENTED_EDGE('',*,*,#3486,.F.);
#5049=ORIENTED_EDGE('',*,*,#3487,.F.);
#5050=ORIENTED_EDGE('',*,*,#3488,.F.);
#5051=ORIENTED_EDGE('',*,*,#3443,.F.);
#5052=ORIENTED_EDGE('',*,*,#3489,.T.);
#5053=ORIENTED_EDGE('',*,*,#3486,.T.);
#5054=ORIENTED_EDGE('',*,*,#3442,.F.);
#5055=ORIENTED_EDGE('',*,*,#3490,.T.);
#5056=ORIENTED_EDGE('',*,*,#3491,.T.);
#5057=ORIENTED_EDGE('',*,*,#3490,.F.);
#5058=ORIENTED_EDGE('',*,*,#3445,.F.);
#5059=ORIENTED_EDGE('',*,*,#3492,.T.);
#5060=ORIENTED_EDGE('',*,*,#3488,.T.);
#5061=ORIENTED_EDGE('',*,*,#3493,.F.);
#5062=ORIENTED_EDGE('',*,*,#3492,.F.);
#5063=ORIENTED_EDGE('',*,*,#3444,.F.);
#5064=ORIENTED_EDGE('',*,*,#3494,.F.);
#5065=ORIENTED_EDGE('',*,*,#3495,.F.);
#5066=ORIENTED_EDGE('',*,*,#3496,.F.);
#5067=ORIENTED_EDGE('',*,*,#3447,.F.);
#5068=ORIENTED_EDGE('',*,*,#3497,.F.);
#5069=ORIENTED_EDGE('',*,*,#3498,.F.);
#5070=ORIENTED_EDGE('',*,*,#3494,.T.);
#5071=ORIENTED_EDGE('',*,*,#3446,.F.);
#5072=ORIENTED_EDGE('',*,*,#3499,.T.);
#5073=ORIENTED_EDGE('',*,*,#3497,.T.);
#5074=ORIENTED_EDGE('',*,*,#3449,.F.);
#5075=ORIENTED_EDGE('',*,*,#3500,.T.);
#5076=ORIENTED_EDGE('',*,*,#3501,.T.);
#5077=ORIENTED_EDGE('',*,*,#3500,.F.);
#5078=ORIENTED_EDGE('',*,*,#3448,.F.);
#5079=ORIENTED_EDGE('',*,*,#3496,.T.);
#5080=ORIENTED_EDGE('',*,*,#3502,.F.);
#5081=ORIENTED_EDGE('',*,*,#3503,.F.);
#5082=ORIENTED_EDGE('',*,*,#3504,.F.);
#5083=ORIENTED_EDGE('',*,*,#3451,.F.);
#5084=ORIENTED_EDGE('',*,*,#3505,.F.);
#5085=ORIENTED_EDGE('',*,*,#3506,.F.);
#5086=ORIENTED_EDGE('',*,*,#3502,.T.);
#5087=ORIENTED_EDGE('',*,*,#3450,.F.);
#5088=ORIENTED_EDGE('',*,*,#3507,.T.);
#5089=ORIENTED_EDGE('',*,*,#3505,.T.);
#5090=ORIENTED_EDGE('',*,*,#3453,.F.);
#5091=ORIENTED_EDGE('',*,*,#3508,.T.);
#5092=ORIENTED_EDGE('',*,*,#3509,.T.);
#5093=ORIENTED_EDGE('',*,*,#3508,.F.);
#5094=ORIENTED_EDGE('',*,*,#3452,.F.);
#5095=ORIENTED_EDGE('',*,*,#3504,.T.);
#5096=ORIENTED_EDGE('',*,*,#3510,.F.);
#5097=ORIENTED_EDGE('',*,*,#3511,.F.);
#5098=ORIENTED_EDGE('',*,*,#3512,.F.);
#5099=ORIENTED_EDGE('',*,*,#3455,.F.);
#5100=ORIENTED_EDGE('',*,*,#3513,.F.);
#5101=ORIENTED_EDGE('',*,*,#3514,.F.);
#5102=ORIENTED_EDGE('',*,*,#3510,.T.);
#5103=ORIENTED_EDGE('',*,*,#3454,.F.);
#5104=ORIENTED_EDGE('',*,*,#3515,.T.);
#5105=ORIENTED_EDGE('',*,*,#3513,.T.);
#5106=ORIENTED_EDGE('',*,*,#3457,.F.);
#5107=ORIENTED_EDGE('',*,*,#3516,.T.);
#5108=ORIENTED_EDGE('',*,*,#3517,.T.);
#5109=ORIENTED_EDGE('',*,*,#3516,.F.);
#5110=ORIENTED_EDGE('',*,*,#3456,.F.);
#5111=ORIENTED_EDGE('',*,*,#3512,.T.);
#5112=ORIENTED_EDGE('',*,*,#3518,.F.);
#5113=ORIENTED_EDGE('',*,*,#3519,.F.);
#5114=ORIENTED_EDGE('',*,*,#3274,.T.);
#5115=ORIENTED_EDGE('',*,*,#3458,.F.);
#5116=ORIENTED_EDGE('',*,*,#3520,.T.);
#5117=ORIENTED_EDGE('',*,*,#3518,.T.);
#5118=ORIENTED_EDGE('',*,*,#3460,.F.);
#5119=ORIENTED_EDGE('',*,*,#3521,.T.);
#5120=ORIENTED_EDGE('',*,*,#3272,.T.);
#5121=ORIENTED_EDGE('',*,*,#3522,.F.);
#5122=ORIENTED_EDGE('',*,*,#3521,.F.);
#5123=ORIENTED_EDGE('',*,*,#3459,.F.);
#5124=ORIENTED_EDGE('',*,*,#3523,.F.);
#5125=ORIENTED_EDGE('',*,*,#3524,.F.);
#5126=ORIENTED_EDGE('',*,*,#3525,.F.);
#5127=ORIENTED_EDGE('',*,*,#3462,.F.);
#5128=ORIENTED_EDGE('',*,*,#3526,.T.);
#5129=ORIENTED_EDGE('',*,*,#3523,.T.);
#5130=ORIENTED_EDGE('',*,*,#3461,.F.);
#5131=ORIENTED_EDGE('',*,*,#3527,.T.);
#5132=ORIENTED_EDGE('',*,*,#3528,.T.);
#5133=ORIENTED_EDGE('',*,*,#3527,.F.);
#5134=ORIENTED_EDGE('',*,*,#3464,.F.);
#5135=ORIENTED_EDGE('',*,*,#3529,.T.);
#5136=ORIENTED_EDGE('',*,*,#3525,.T.);
#5137=ORIENTED_EDGE('',*,*,#3530,.F.);
#5138=ORIENTED_EDGE('',*,*,#3529,.F.);
#5139=ORIENTED_EDGE('',*,*,#3463,.F.);
#5140=ORIENTED_EDGE('',*,*,#3531,.F.);
#5141=ORIENTED_EDGE('',*,*,#3532,.F.);
#5142=ORIENTED_EDGE('',*,*,#3533,.F.);
#5143=ORIENTED_EDGE('',*,*,#3466,.F.);
#5144=ORIENTED_EDGE('',*,*,#3534,.T.);
#5145=ORIENTED_EDGE('',*,*,#3531,.T.);
#5146=ORIENTED_EDGE('',*,*,#3465,.F.);
#5147=ORIENTED_EDGE('',*,*,#3535,.T.);
#5148=ORIENTED_EDGE('',*,*,#3536,.T.);
#5149=ORIENTED_EDGE('',*,*,#3535,.F.);
#5150=ORIENTED_EDGE('',*,*,#3468,.F.);
#5151=ORIENTED_EDGE('',*,*,#3537,.T.);
#5152=ORIENTED_EDGE('',*,*,#3533,.T.);
#5153=ORIENTED_EDGE('',*,*,#3538,.F.);
#5154=ORIENTED_EDGE('',*,*,#3537,.F.);
#5155=ORIENTED_EDGE('',*,*,#3467,.F.);
#5156=ORIENTED_EDGE('',*,*,#3473,.T.);
#5157=ORIENTED_EDGE('',*,*,#3539,.T.);
#5158=ORIENTED_EDGE('',*,*,#3432,.F.);
#5159=ORIENTED_EDGE('',*,*,#3540,.T.);
#5160=ORIENTED_EDGE('',*,*,#3540,.F.);
#5161=ORIENTED_EDGE('',*,*,#3431,.F.);
#5162=ORIENTED_EDGE('',*,*,#3477,.T.);
#5163=ORIENTED_EDGE('',*,*,#3474,.T.);
#5164=ORIENTED_EDGE('',*,*,#3469,.T.);
#5165=ORIENTED_EDGE('',*,*,#3435,.F.);
#5166=ORIENTED_EDGE('',*,*,#3541,.F.);
#5167=ORIENTED_EDGE('',*,*,#3476,.T.);
#5168=ORIENTED_EDGE('',*,*,#3434,.F.);
#5169=ORIENTED_EDGE('',*,*,#3542,.T.);
#5170=ORIENTED_EDGE('',*,*,#3471,.T.);
#5171=ORIENTED_EDGE('',*,*,#3541,.T.);
#5172=ORIENTED_EDGE('',*,*,#3433,.F.);
#5173=ORIENTED_EDGE('',*,*,#3539,.F.);
#5174=ORIENTED_EDGE('',*,*,#3472,.T.);
#5175=ORIENTED_EDGE('',*,*,#3542,.F.);
#5176=ORIENTED_EDGE('',*,*,#3479,.T.);
#5177=ORIENTED_EDGE('',*,*,#3482,.T.);
#5178=ORIENTED_EDGE('',*,*,#3483,.F.);
#5179=ORIENTED_EDGE('',*,*,#3485,.F.);
#5180=ORIENTED_EDGE('',*,*,#3487,.T.);
#5181=ORIENTED_EDGE('',*,*,#3489,.F.);
#5182=ORIENTED_EDGE('',*,*,#3491,.F.);
#5183=ORIENTED_EDGE('',*,*,#3493,.T.);
#5184=ORIENTED_EDGE('',*,*,#3495,.T.);
#5185=ORIENTED_EDGE('',*,*,#3498,.T.);
#5186=ORIENTED_EDGE('',*,*,#3499,.F.);
#5187=ORIENTED_EDGE('',*,*,#3501,.F.);
#5188=ORIENTED_EDGE('',*,*,#3503,.T.);
#5189=ORIENTED_EDGE('',*,*,#3506,.T.);
#5190=ORIENTED_EDGE('',*,*,#3507,.F.);
#5191=ORIENTED_EDGE('',*,*,#3509,.F.);
#5192=ORIENTED_EDGE('',*,*,#3511,.T.);
#5193=ORIENTED_EDGE('',*,*,#3514,.T.);
#5194=ORIENTED_EDGE('',*,*,#3515,.F.);
#5195=ORIENTED_EDGE('',*,*,#3517,.F.);
#5196=ORIENTED_EDGE('',*,*,#3271,.T.);
#5197=ORIENTED_EDGE('',*,*,#3519,.T.);
#5198=ORIENTED_EDGE('',*,*,#3520,.F.);
#5199=ORIENTED_EDGE('',*,*,#3522,.T.);
#5200=ORIENTED_EDGE('',*,*,#3524,.T.);
#5201=ORIENTED_EDGE('',*,*,#3526,.F.);
#5202=ORIENTED_EDGE('',*,*,#3528,.F.);
#5203=ORIENTED_EDGE('',*,*,#3530,.T.);
#5204=ORIENTED_EDGE('',*,*,#3532,.T.);
#5205=ORIENTED_EDGE('',*,*,#3534,.F.);
#5206=ORIENTED_EDGE('',*,*,#3536,.F.);
#5207=ORIENTED_EDGE('',*,*,#3538,.T.);
#5208=ORIENTED_EDGE('',*,*,#3311,.T.);
#5209=ORIENTED_EDGE('',*,*,#3316,.F.);
#5210=ORIENTED_EDGE('',*,*,#3543,.F.);
#5211=ORIENTED_EDGE('',*,*,#3344,.T.);
#5212=ORIENTED_EDGE('',*,*,#3320,.T.);
#5213=ORIENTED_EDGE('',*,*,#3382,.T.);
#5214=ORIENTED_EDGE('',*,*,#3345,.T.);
#5215=ORIENTED_EDGE('',*,*,#3543,.T.);
#5216=TOROIDAL_SURFACE('',#5879,11.75,0.500000000000003);
#5217=TOROIDAL_SURFACE('',#6521,22.350996206387,2.99999999999999);
#5218=STYLED_ITEM('',(#10954),#5537);
#5219=STYLED_ITEM('',(#10954),#5538);
#5220=STYLED_ITEM('',(#10954),#5539);
#5221=STYLED_ITEM('',(#10954),#5540);
#5222=STYLED_ITEM('',(#10954),#5541);
#5223=STYLED_ITEM('',(#10954),#5542);
#5224=STYLED_ITEM('',(#10954),#5543);
#5225=STYLED_ITEM('',(#10954),#5544);
#5226=STYLED_ITEM('',(#10954),#5545);
#5227=STYLED_ITEM('',(#10954),#5546);
#5228=STYLED_ITEM('',(#10954),#5547);
#5229=STYLED_ITEM('',(#10954),#5548);
#5230=STYLED_ITEM('',(#10954),#5549);
#5231=STYLED_ITEM('',(#10954),#5550);
#5232=STYLED_ITEM('',(#10954),#5551);
#5233=STYLED_ITEM('',(#10954),#5552);
#5234=STYLED_ITEM('',(#10954),#5553);
#5235=STYLED_ITEM('',(#10954),#5554);
#5236=STYLED_ITEM('',(#10954),#5555);
#5237=STYLED_ITEM('',(#10954),#5556);
#5238=STYLED_ITEM('',(#10954),#5557);
#5239=STYLED_ITEM('',(#10954),#5558);
#5240=STYLED_ITEM('',(#10954),#5559);
#5241=STYLED_ITEM('',(#10954),#5560);
#5242=STYLED_ITEM('',(#10954),#5561);
#5243=STYLED_ITEM('',(#10954),#5562);
#5244=STYLED_ITEM('',(#10954),#5563);
#5245=STYLED_ITEM('',(#10954),#5564);
#5246=STYLED_ITEM('',(#10954),#5565);
#5247=STYLED_ITEM('',(#10954),#5566);
#5248=STYLED_ITEM('',(#10954),#5567);
#5249=STYLED_ITEM('',(#10954),#5568);
#5250=STYLED_ITEM('',(#10954),#5569);
#5251=STYLED_ITEM('',(#10954),#5570);
#5252=STYLED_ITEM('',(#10954),#5571);
#5253=STYLED_ITEM('',(#10954),#5572);
#5254=STYLED_ITEM('',(#10954),#5573);
#5255=STYLED_ITEM('',(#10954),#5574);
#5256=STYLED_ITEM('',(#10954),#5575);
#5257=STYLED_ITEM('',(#10954),#5576);
#5258=STYLED_ITEM('',(#10954),#5577);
#5259=STYLED_ITEM('',(#10954),#5578);
#5260=STYLED_ITEM('',(#10954),#5579);
#5261=STYLED_ITEM('',(#10954),#5580);
#5262=STYLED_ITEM('',(#10954),#5581);
#5263=STYLED_ITEM('',(#10954),#5582);
#5264=STYLED_ITEM('',(#10954),#5583);
#5265=STYLED_ITEM('',(#10954),#5584);
#5266=STYLED_ITEM('',(#10954),#5585);
#5267=STYLED_ITEM('',(#10954),#5586);
#5268=STYLED_ITEM('',(#10954),#5587);
#5269=STYLED_ITEM('',(#10954),#5588);
#5270=STYLED_ITEM('',(#10954),#5589);
#5271=STYLED_ITEM('',(#10954),#5590);
#5272=STYLED_ITEM('',(#10954),#5591);
#5273=STYLED_ITEM('',(#10954),#5592);
#5274=STYLED_ITEM('',(#10954),#5593);
#5275=STYLED_ITEM('',(#10954),#5594);
#5276=STYLED_ITEM('',(#10954),#5595);
#5277=STYLED_ITEM('',(#10954),#5596);
#5278=STYLED_ITEM('',(#10954),#5597);
#5279=STYLED_ITEM('',(#10954),#5598);
#5280=STYLED_ITEM('',(#10954),#5599);
#5281=STYLED_ITEM('',(#10954),#5600);
#5282=STYLED_ITEM('',(#10954),#5601);
#5283=STYLED_ITEM('',(#10954),#5602);
#5284=STYLED_ITEM('',(#10954),#5603);
#5285=STYLED_ITEM('',(#10954),#5604);
#5286=STYLED_ITEM('',(#10954),#5605);
#5287=STYLED_ITEM('',(#10954),#5606);
#5288=STYLED_ITEM('',(#10954),#5607);
#5289=STYLED_ITEM('',(#10954),#5608);
#5290=STYLED_ITEM('',(#10954),#5609);
#5291=STYLED_ITEM('',(#10954),#5610);
#5292=STYLED_ITEM('',(#10954),#5611);
#5293=STYLED_ITEM('',(#10954),#5612);
#5294=STYLED_ITEM('',(#10954),#5613);
#5295=STYLED_ITEM('',(#10954),#5614);
#5296=STYLED_ITEM('',(#10954),#5615);
#5297=STYLED_ITEM('',(#10954),#5616);
#5298=STYLED_ITEM('',(#10954),#5617);
#5299=STYLED_ITEM('',(#10954),#5618);
#5300=STYLED_ITEM('',(#10954),#5619);
#5301=STYLED_ITEM('',(#10954),#5620);
#5302=STYLED_ITEM('',(#10954),#5621);
#5303=STYLED_ITEM('',(#10954),#5622);
#5304=STYLED_ITEM('',(#10954),#5623);
#5305=STYLED_ITEM('',(#10954),#5624);
#5306=STYLED_ITEM('',(#10954),#5625);
#5307=STYLED_ITEM('',(#10954),#5626);
#5308=STYLED_ITEM('',(#10954),#5627);
#5309=STYLED_ITEM('',(#10954),#5628);
#5310=STYLED_ITEM('',(#10954),#5629);
#5311=STYLED_ITEM('',(#10954),#5630);
#5312=STYLED_ITEM('',(#10954),#5631);
#5313=STYLED_ITEM('',(#10954),#5632);
#5314=STYLED_ITEM('',(#10954),#5633);
#5315=STYLED_ITEM('',(#10954),#5634);
#5316=STYLED_ITEM('',(#10954),#5635);
#5317=STYLED_ITEM('',(#10954),#5636);
#5318=STYLED_ITEM('',(#10954),#5637);
#5319=STYLED_ITEM('',(#10954),#5638);
#5320=STYLED_ITEM('',(#10954),#5639);
#5321=STYLED_ITEM('',(#10954),#5640);
#5322=STYLED_ITEM('',(#10954),#5641);
#5323=STYLED_ITEM('',(#10954),#5642);
#5324=STYLED_ITEM('',(#10954),#5643);
#5325=STYLED_ITEM('',(#10954),#5644);
#5326=STYLED_ITEM('',(#10954),#5645);
#5327=STYLED_ITEM('',(#10954),#5646);
#5328=STYLED_ITEM('',(#10954),#5647);
#5329=STYLED_ITEM('',(#10954),#5648);
#5330=STYLED_ITEM('',(#10954),#5649);
#5331=STYLED_ITEM('',(#10954),#5650);
#5332=STYLED_ITEM('',(#10954),#5651);
#5333=STYLED_ITEM('',(#10954),#5652);
#5334=STYLED_ITEM('',(#10954),#5653);
#5335=STYLED_ITEM('',(#10954),#5654);
#5336=STYLED_ITEM('',(#10954),#5655);
#5337=STYLED_ITEM('',(#10954),#5656);
#5338=STYLED_ITEM('',(#10954),#5657);
#5339=STYLED_ITEM('',(#10954),#5658);
#5340=STYLED_ITEM('',(#10954),#5659);
#5341=STYLED_ITEM('',(#10954),#5660);
#5342=STYLED_ITEM('',(#10954),#5661);
#5343=STYLED_ITEM('',(#10954),#5662);
#5344=STYLED_ITEM('',(#10954),#5663);
#5345=STYLED_ITEM('',(#10954),#5664);
#5346=STYLED_ITEM('',(#10954),#5665);
#5347=STYLED_ITEM('',(#10954),#5666);
#5348=STYLED_ITEM('',(#10954),#5667);
#5349=STYLED_ITEM('',(#10954),#5668);
#5350=STYLED_ITEM('',(#10954),#5669);
#5351=STYLED_ITEM('',(#10954),#5670);
#5352=STYLED_ITEM('',(#10954),#5671);
#5353=STYLED_ITEM('',(#10954),#5672);
#5354=STYLED_ITEM('',(#10954),#5673);
#5355=STYLED_ITEM('',(#10954),#5674);
#5356=STYLED_ITEM('',(#10954),#5675);
#5357=STYLED_ITEM('',(#10954),#5676);
#5358=STYLED_ITEM('',(#10954),#5677);
#5359=STYLED_ITEM('',(#10954),#5678);
#5360=STYLED_ITEM('',(#10954),#5679);
#5361=STYLED_ITEM('',(#10954),#5680);
#5362=STYLED_ITEM('',(#10954),#5681);
#5363=STYLED_ITEM('',(#10954),#5682);
#5364=STYLED_ITEM('',(#10954),#5683);
#5365=STYLED_ITEM('',(#10954),#5684);
#5366=STYLED_ITEM('',(#10954),#5685);
#5367=STYLED_ITEM('',(#10954),#5686);
#5368=STYLED_ITEM('',(#10954),#5687);
#5369=STYLED_ITEM('',(#10954),#5688);
#5370=STYLED_ITEM('',(#10954),#5689);
#5371=STYLED_ITEM('',(#10954),#5690);
#5372=STYLED_ITEM('',(#10954),#5691);
#5373=STYLED_ITEM('',(#10954),#5692);
#5374=STYLED_ITEM('',(#10954),#5693);
#5375=STYLED_ITEM('',(#10954),#5694);
#5376=STYLED_ITEM('',(#10954),#5695);
#5377=STYLED_ITEM('',(#10954),#5696);
#5378=STYLED_ITEM('',(#10954),#5697);
#5379=STYLED_ITEM('',(#10954),#5698);
#5380=STYLED_ITEM('',(#10954),#5699);
#5381=STYLED_ITEM('',(#10954),#5700);
#5382=STYLED_ITEM('',(#10954),#5701);
#5383=STYLED_ITEM('',(#10954),#5702);
#5384=STYLED_ITEM('',(#10954),#5703);
#5385=STYLED_ITEM('',(#10954),#5704);
#5386=STYLED_ITEM('',(#10954),#5705);
#5387=STYLED_ITEM('',(#10954),#5706);
#5388=STYLED_ITEM('',(#10954),#5707);
#5389=STYLED_ITEM('',(#10954),#5708);
#5390=STYLED_ITEM('',(#10954),#5709);
#5391=STYLED_ITEM('',(#10954),#5710);
#5392=STYLED_ITEM('',(#10954),#5711);
#5393=STYLED_ITEM('',(#10954),#5712);
#5394=STYLED_ITEM('',(#10954),#5713);
#5395=STYLED_ITEM('',(#10954),#5714);
#5396=STYLED_ITEM('',(#10954),#5715);
#5397=STYLED_ITEM('',(#10954),#5716);
#5398=STYLED_ITEM('',(#10954),#5717);
#5399=STYLED_ITEM('',(#10954),#5718);
#5400=STYLED_ITEM('',(#10954),#5719);
#5401=STYLED_ITEM('',(#10954),#5720);
#5402=STYLED_ITEM('',(#10954),#5721);
#5403=STYLED_ITEM('',(#10954),#5722);
#5404=STYLED_ITEM('',(#10954),#5723);
#5405=STYLED_ITEM('',(#10954),#5724);
#5406=STYLED_ITEM('',(#10954),#5725);
#5407=STYLED_ITEM('',(#10954),#5726);
#5408=STYLED_ITEM('',(#10954),#5727);
#5409=STYLED_ITEM('',(#10954),#5728);
#5410=STYLED_ITEM('',(#10954),#5729);
#5411=STYLED_ITEM('',(#10954),#5730);
#5412=STYLED_ITEM('',(#10954),#5731);
#5413=STYLED_ITEM('',(#10954),#5732);
#5414=STYLED_ITEM('',(#10954),#5733);
#5415=STYLED_ITEM('',(#10954),#5734);
#5416=STYLED_ITEM('',(#10954),#5735);
#5417=STYLED_ITEM('',(#10954),#5736);
#5418=STYLED_ITEM('',(#10954),#5737);
#5419=STYLED_ITEM('',(#10954),#5738);
#5420=STYLED_ITEM('',(#10954),#5739);
#5421=STYLED_ITEM('',(#10954),#5740);
#5422=STYLED_ITEM('',(#10954),#5741);
#5423=STYLED_ITEM('',(#10954),#5742);
#5424=STYLED_ITEM('',(#10954),#5743);
#5425=STYLED_ITEM('',(#10953),#14);
#5426=STYLED_ITEM('',(#10954),#5744);
#5427=STYLED_ITEM('',(#10954),#5745);
#5428=STYLED_ITEM('',(#10954),#5746);
#5429=STYLED_ITEM('',(#10954),#5747);
#5430=STYLED_ITEM('',(#10954),#5748);
#5431=STYLED_ITEM('',(#10954),#5749);
#5432=STYLED_ITEM('',(#10953),#15);
#5433=STYLED_ITEM('',(#10954),#5751);
#5434=STYLED_ITEM('',(#10954),#5752);
#5435=STYLED_ITEM('',(#10954),#5753);
#5436=STYLED_ITEM('',(#10954),#5754);
#5437=STYLED_ITEM('',(#10954),#5755);
#5438=STYLED_ITEM('',(#10954),#5756);
#5439=STYLED_ITEM('',(#10954),#5757);
#5440=STYLED_ITEM('',(#10954),#5758);
#5441=STYLED_ITEM('',(#10954),#5759);
#5442=STYLED_ITEM('',(#10954),#5760);
#5443=STYLED_ITEM('',(#10954),#5761);
#5444=STYLED_ITEM('',(#10954),#5762);
#5445=STYLED_ITEM('',(#10954),#5763);
#5446=STYLED_ITEM('',(#10954),#5764);
#5447=STYLED_ITEM('',(#10954),#5765);
#5448=STYLED_ITEM('',(#10954),#5766);
#5449=STYLED_ITEM('',(#10954),#5767);
#5450=STYLED_ITEM('',(#10954),#5768);
#5451=STYLED_ITEM('',(#10954),#5769);
#5452=STYLED_ITEM('',(#10954),#5770);
#5453=STYLED_ITEM('',(#10954),#5771);
#5454=STYLED_ITEM('',(#10954),#5772);
#5455=STYLED_ITEM('',(#10954),#5773);
#5456=STYLED_ITEM('',(#10954),#5774);
#5457=STYLED_ITEM('',(#10954),#5775);
#5458=STYLED_ITEM('',(#10954),#5776);
#5459=STYLED_ITEM('',(#10954),#5777);
#5460=STYLED_ITEM('',(#10954),#5778);
#5461=STYLED_ITEM('',(#10954),#5779);
#5462=STYLED_ITEM('',(#10954),#5780);
#5463=STYLED_ITEM('',(#10954),#5781);
#5464=STYLED_ITEM('',(#10954),#5782);
#5465=STYLED_ITEM('',(#10954),#5783);
#5466=STYLED_ITEM('',(#10954),#5784);
#5467=STYLED_ITEM('',(#10954),#5785);
#5468=STYLED_ITEM('',(#10954),#5786);
#5469=STYLED_ITEM('',(#10954),#5787);
#5470=STYLED_ITEM('',(#10954),#5788);
#5471=STYLED_ITEM('',(#10954),#5789);
#5472=STYLED_ITEM('',(#10954),#5790);
#5473=STYLED_ITEM('',(#10954),#5791);
#5474=STYLED_ITEM('',(#10954),#5792);
#5475=STYLED_ITEM('',(#10954),#5793);
#5476=STYLED_ITEM('',(#10954),#5794);
#5477=STYLED_ITEM('',(#10954),#5795);
#5478=STYLED_ITEM('',(#10954),#5796);
#5479=STYLED_ITEM('',(#10954),#5797);
#5480=STYLED_ITEM('',(#10954),#5798);
#5481=STYLED_ITEM('',(#10954),#5799);
#5482=STYLED_ITEM('',(#10954),#5800);
#5483=STYLED_ITEM('',(#10954),#5801);
#5484=STYLED_ITEM('',(#10954),#5802);
#5485=STYLED_ITEM('',(#10954),#5803);
#5486=STYLED_ITEM('',(#10954),#5804);
#5487=STYLED_ITEM('',(#10954),#5805);
#5488=STYLED_ITEM('',(#10954),#5806);
#5489=STYLED_ITEM('',(#10954),#5807);
#5490=STYLED_ITEM('',(#10954),#5808);
#5491=STYLED_ITEM('',(#10954),#5809);
#5492=STYLED_ITEM('',(#10954),#5810);
#5493=STYLED_ITEM('',(#10954),#5811);
#5494=STYLED_ITEM('',(#10954),#5812);
#5495=STYLED_ITEM('',(#10954),#5813);
#5496=STYLED_ITEM('',(#10954),#5814);
#5497=STYLED_ITEM('',(#10954),#5815);
#5498=STYLED_ITEM('',(#10954),#5816);
#5499=STYLED_ITEM('',(#10954),#5817);
#5500=STYLED_ITEM('',(#10954),#5818);
#5501=STYLED_ITEM('',(#10954),#5819);
#5502=STYLED_ITEM('',(#10954),#5820);
#5503=STYLED_ITEM('',(#10954),#5821);
#5504=STYLED_ITEM('',(#10954),#5822);
#5505=STYLED_ITEM('',(#10954),#5823);
#5506=STYLED_ITEM('',(#10954),#5824);
#5507=STYLED_ITEM('',(#10954),#5825);
#5508=STYLED_ITEM('',(#10954),#5826);
#5509=STYLED_ITEM('',(#10954),#5827);
#5510=STYLED_ITEM('',(#10954),#5828);
#5511=STYLED_ITEM('',(#10954),#5829);
#5512=STYLED_ITEM('',(#10954),#5830);
#5513=STYLED_ITEM('',(#10954),#5831);
#5514=STYLED_ITEM('',(#10954),#5832);
#5515=STYLED_ITEM('',(#10954),#5833);
#5516=STYLED_ITEM('',(#10954),#5834);
#5517=STYLED_ITEM('',(#10954),#5835);
#5518=STYLED_ITEM('',(#10954),#5836);
#5519=STYLED_ITEM('',(#10954),#5837);
#5520=STYLED_ITEM('',(#10954),#5838);
#5521=STYLED_ITEM('',(#10954),#5839);
#5522=STYLED_ITEM('',(#10954),#5840);
#5523=STYLED_ITEM('',(#10954),#5841);
#5524=STYLED_ITEM('',(#10954),#5842);
#5525=STYLED_ITEM('',(#10954),#5843);
#5526=STYLED_ITEM('',(#10954),#5844);
#5527=STYLED_ITEM('',(#10954),#5845);
#5528=STYLED_ITEM('',(#10954),#5846);
#5529=STYLED_ITEM('',(#10954),#5847);
#5530=STYLED_ITEM('',(#10954),#5848);
#5531=STYLED_ITEM('',(#10954),#5849);
#5532=STYLED_ITEM('',(#10954),#5850);
#5533=STYLED_ITEM('',(#10954),#5851);
#5534=STYLED_ITEM('',(#10954),#5852);
#5535=STYLED_ITEM('',(#10954),#5853);
#5536=STYLED_ITEM('',(#10953),#16);
#5537=ADVANCED_FACE('',(#1010),#5216,.T.);
#5538=ADVANCED_FACE('',(#1011),#865,.T.);
#5539=ADVANCED_FACE('',(#1012),#173,.T.);
#5540=ADVANCED_FACE('',(#1013),#866,.T.);
#5541=ADVANCED_FACE('',(#1014),#867,.T.);
#5542=ADVANCED_FACE('',(#1015),#868,.F.);
#5543=ADVANCED_FACE('',(#1016),#869,.T.);
#5544=ADVANCED_FACE('',(#1017),#870,.F.);
#5545=ADVANCED_FACE('',(#1018),#871,.T.);
#5546=ADVANCED_FACE('',(#1019),#872,.F.);
#5547=ADVANCED_FACE('',(#1020),#873,.T.);
#5548=ADVANCED_FACE('',(#1021),#874,.F.);
#5549=ADVANCED_FACE('',(#1022),#875,.T.);
#5550=ADVANCED_FACE('',(#1023),#876,.T.);
#5551=ADVANCED_FACE('',(#1024),#877,.T.);
#5552=ADVANCED_FACE('',(#1025),#878,.T.);
#5553=ADVANCED_FACE('',(#1026),#879,.T.);
#5554=ADVANCED_FACE('',(#1027),#880,.T.);
#5555=ADVANCED_FACE('',(#1028),#881,.F.);
#5556=ADVANCED_FACE('',(#1029),#882,.T.);
#5557=ADVANCED_FACE('',(#1030),#174,.F.);
#5558=ADVANCED_FACE('',(#1031),#883,.F.);
#5559=ADVANCED_FACE('',(#1032),#38,.T.);
#5560=ADVANCED_FACE('',(#1033,#17),#39,.T.);
#5561=ADVANCED_FACE('',(#1034),#175,.T.);
#5562=ADVANCED_FACE('',(#1035),#176,.T.);
#5563=ADVANCED_FACE('',(#1036),#177,.T.);
#5564=ADVANCED_FACE('',(#1037),#178,.T.);
#5565=ADVANCED_FACE('',(#1038),#179,.T.);
#5566=ADVANCED_FACE('',(#1039),#180,.T.);
#5567=ADVANCED_FACE('',(#1040),#181,.T.);
#5568=ADVANCED_FACE('',(#1041),#182,.T.);
#5569=ADVANCED_FACE('',(#1042),#183,.T.);
#5570=ADVANCED_FACE('',(#1043),#184,.T.);
#5571=ADVANCED_FACE('',(#1044),#185,.T.);
#5572=ADVANCED_FACE('',(#1045),#186,.T.);
#5573=ADVANCED_FACE('',(#1046),#187,.T.);
#5574=ADVANCED_FACE('',(#1047),#188,.T.);
#5575=ADVANCED_FACE('',(#1048),#189,.T.);
#5576=ADVANCED_FACE('',(#1049),#190,.T.);
#5577=ADVANCED_FACE('',(#1050),#191,.T.);
#5578=ADVANCED_FACE('',(#1051),#192,.T.);
#5579=ADVANCED_FACE('',(#1052),#193,.T.);
#5580=ADVANCED_FACE('',(#1053),#194,.T.);
#5581=ADVANCED_FACE('',(#1054),#195,.T.);
#5582=ADVANCED_FACE('',(#1055),#196,.T.);
#5583=ADVANCED_FACE('',(#1056),#197,.T.);
#5584=ADVANCED_FACE('',(#1057),#198,.T.);
#5585=ADVANCED_FACE('',(#1058),#199,.T.);
#5586=ADVANCED_FACE('',(#1059),#200,.T.);
#5587=ADVANCED_FACE('',(#1060),#201,.T.);
#5588=ADVANCED_FACE('',(#1061),#202,.T.);
#5589=ADVANCED_FACE('',(#1062),#203,.T.);
#5590=ADVANCED_FACE('',(#1063),#204,.T.);
#5591=ADVANCED_FACE('',(#1064),#205,.T.);
#5592=ADVANCED_FACE('',(#1065),#206,.T.);
#5593=ADVANCED_FACE('',(#1066),#884,.T.);
#5594=ADVANCED_FACE('',(#1067),#40,.T.);
#5595=ADVANCED_FACE('',(#1068),#885,.F.);
#5596=ADVANCED_FACE('',(#1069),#886,.F.);
#5597=ADVANCED_FACE('',(#1070),#887,.T.);
#5598=ADVANCED_FACE('',(#1071),#41,.T.);
#5599=ADVANCED_FACE('',(#1072),#888,.F.);
#5600=ADVANCED_FACE('',(#1073),#889,.T.);
#5601=ADVANCED_FACE('',(#1074),#42,.T.);
#5602=ADVANCED_FACE('',(#1075),#890,.F.);
#5603=ADVANCED_FACE('',(#1076),#891,.T.);
#5604=ADVANCED_FACE('',(#1077),#43,.T.);
#5605=ADVANCED_FACE('',(#1078),#892,.F.);
#5606=ADVANCED_FACE('',(#1079),#893,.T.);
#5607=ADVANCED_FACE('',(#1080),#44,.T.);
#5608=ADVANCED_FACE('',(#1081),#894,.F.);
#5609=ADVANCED_FACE('',(#1082),#895,.T.);
#5610=ADVANCED_FACE('',(#1083),#45,.T.);
#5611=ADVANCED_FACE('',(#1084),#896,.F.);
#5612=ADVANCED_FACE('',(#1085),#897,.T.);
#5613=ADVANCED_FACE('',(#1086),#46,.T.);
#5614=ADVANCED_FACE('',(#1087),#898,.F.);
#5615=ADVANCED_FACE('',(#1088),#899,.T.);
#5616=ADVANCED_FACE('',(#1089),#47,.T.);
#5617=ADVANCED_FACE('',(#1090),#900,.F.);
#5618=ADVANCED_FACE('',(#1091),#901,.T.);
#5619=ADVANCED_FACE('',(#1092),#48,.T.);
#5620=ADVANCED_FACE('',(#1093),#902,.F.);
#5621=ADVANCED_FACE('',(#1094),#903,.T.);
#5622=ADVANCED_FACE('',(#1095),#49,.T.);
#5623=ADVANCED_FACE('',(#1096),#904,.F.);
#5624=ADVANCED_FACE('',(#1097),#905,.T.);
#5625=ADVANCED_FACE('',(#1098),#50,.T.);
#5626=ADVANCED_FACE('',(#1099),#906,.F.);
#5627=ADVANCED_FACE('',(#1100),#907,.T.);
#5628=ADVANCED_FACE('',(#1101),#51,.T.);
#5629=ADVANCED_FACE('',(#1102),#908,.F.);
#5630=ADVANCED_FACE('',(#1103),#909,.T.);
#5631=ADVANCED_FACE('',(#1104),#52,.T.);
#5632=ADVANCED_FACE('',(#1105),#910,.F.);
#5633=ADVANCED_FACE('',(#1106),#911,.T.);
#5634=ADVANCED_FACE('',(#1107),#53,.T.);
#5635=ADVANCED_FACE('',(#1108),#912,.F.);
#5636=ADVANCED_FACE('',(#1109),#913,.T.);
#5637=ADVANCED_FACE('',(#1110),#54,.T.);
#5638=ADVANCED_FACE('',(#1111),#914,.F.);
#5639=ADVANCED_FACE('',(#1112),#915,.T.);
#5640=ADVANCED_FACE('',(#1113),#55,.T.);
#5641=ADVANCED_FACE('',(#1114),#916,.F.);
#5642=ADVANCED_FACE('',(#1115),#917,.T.);
#5643=ADVANCED_FACE('',(#1116),#56,.T.);
#5644=ADVANCED_FACE('',(#1117),#918,.F.);
#5645=ADVANCED_FACE('',(#1118),#919,.T.);
#5646=ADVANCED_FACE('',(#1119),#57,.T.);
#5647=ADVANCED_FACE('',(#1120),#920,.F.);
#5648=ADVANCED_FACE('',(#1121),#921,.T.);
#5649=ADVANCED_FACE('',(#1122),#58,.T.);
#5650=ADVANCED_FACE('',(#1123),#922,.F.);
#5651=ADVANCED_FACE('',(#1124),#923,.T.);
#5652=ADVANCED_FACE('',(#1125),#59,.T.);
#5653=ADVANCED_FACE('',(#1126),#924,.F.);
#5654=ADVANCED_FACE('',(#1127),#925,.T.);
#5655=ADVANCED_FACE('',(#1128),#60,.T.);
#5656=ADVANCED_FACE('',(#1129),#926,.F.);
#5657=ADVANCED_FACE('',(#1130),#61,.T.);
#5658=ADVANCED_FACE('',(#1131),#927,.F.);
#5659=ADVANCED_FACE('',(#1132),#62,.T.);
#5660=ADVANCED_FACE('',(#1133),#63,.T.);
#5661=ADVANCED_FACE('',(#1134),#64,.T.);
#5662=ADVANCED_FACE('',(#1135),#65,.T.);
#5663=ADVANCED_FACE('',(#1136),#66,.T.);
#5664=ADVANCED_FACE('',(#1137),#67,.T.);
#5665=ADVANCED_FACE('',(#1138),#928,.F.);
#5666=ADVANCED_FACE('',(#1139),#68,.T.);
#5667=ADVANCED_FACE('',(#1140),#929,.F.);
#5668=ADVANCED_FACE('',(#1141),#69,.T.);
#5669=ADVANCED_FACE('',(#1142),#930,.F.);
#5670=ADVANCED_FACE('',(#1143),#70,.T.);
#5671=ADVANCED_FACE('',(#1144),#931,.F.);
#5672=ADVANCED_FACE('',(#1145),#71,.T.);
#5673=ADVANCED_FACE('',(#1146),#932,.T.);
#5674=ADVANCED_FACE('',(#1147),#933,.F.);
#5675=ADVANCED_FACE('',(#1148),#72,.T.);
#5676=ADVANCED_FACE('',(#1149,#18),#73,.F.);
#5677=ADVANCED_FACE('',(#1150),#934,.T.);
#5678=ADVANCED_FACE('',(#1151),#74,.T.);
#5679=ADVANCED_FACE('',(#1152),#75,.T.);
#5680=ADVANCED_FACE('',(#1153),#935,.T.);
#5681=ADVANCED_FACE('',(#1154),#76,.T.);
#5682=ADVANCED_FACE('',(#1155),#936,.T.);
#5683=ADVANCED_FACE('',(#1156),#77,.T.);
#5684=ADVANCED_FACE('',(#1157),#937,.T.);
#5685=ADVANCED_FACE('',(#1158),#78,.T.);
#5686=ADVANCED_FACE('',(#1159),#938,.T.);
#5687=ADVANCED_FACE('',(#1160),#79,.T.);
#5688=ADVANCED_FACE('',(#1161),#939,.T.);
#5689=ADVANCED_FACE('',(#1162),#80,.T.);
#5690=ADVANCED_FACE('',(#1163),#940,.T.);
#5691=ADVANCED_FACE('',(#1164),#81,.T.);
#5692=ADVANCED_FACE('',(#1165),#941,.T.);
#5693=ADVANCED_FACE('',(#1166),#82,.T.);
#5694=ADVANCED_FACE('',(#1167),#942,.T.);
#5695=ADVANCED_FACE('',(#1168),#83,.T.);
#5696=ADVANCED_FACE('',(#1169),#943,.T.);
#5697=ADVANCED_FACE('',(#1170),#84,.T.);
#5698=ADVANCED_FACE('',(#1171),#944,.T.);
#5699=ADVANCED_FACE('',(#1172),#85,.T.);
#5700=ADVANCED_FACE('',(#1173),#945,.T.);
#5701=ADVANCED_FACE('',(#1174),#86,.T.);
#5702=ADVANCED_FACE('',(#1175),#946,.T.);
#5703=ADVANCED_FACE('',(#1176),#87,.T.);
#5704=ADVANCED_FACE('',(#1177),#947,.T.);
#5705=ADVANCED_FACE('',(#1178),#88,.T.);
#5706=ADVANCED_FACE('',(#1179),#948,.T.);
#5707=ADVANCED_FACE('',(#1180),#89,.T.);
#5708=ADVANCED_FACE('',(#1181),#949,.T.);
#5709=ADVANCED_FACE('',(#1182),#90,.T.);
#5710=ADVANCED_FACE('',(#1183),#950,.T.);
#5711=ADVANCED_FACE('',(#1184),#91,.T.);
#5712=ADVANCED_FACE('',(#1185),#951,.T.);
#5713=ADVANCED_FACE('',(#1186),#92,.T.);
#5714=ADVANCED_FACE('',(#1187),#952,.T.);
#5715=ADVANCED_FACE('',(#1188),#93,.T.);
#5716=ADVANCED_FACE('',(#1189),#953,.T.);
#5717=ADVANCED_FACE('',(#1190),#94,.T.);
#5718=ADVANCED_FACE('',(#1191),#954,.T.);
#5719=ADVANCED_FACE('',(#1192),#95,.T.);
#5720=ADVANCED_FACE('',(#1193),#955,.T.);
#5721=ADVANCED_FACE('',(#1194),#96,.T.);
#5722=ADVANCED_FACE('',(#1195),#956,.T.);
#5723=ADVANCED_FACE('',(#1196),#957,.T.);
#5724=ADVANCED_FACE('',(#1197),#97,.T.);
#5725=ADVANCED_FACE('',(#1198),#98,.T.);
#5726=ADVANCED_FACE('',(#1199),#958,.T.);
#5727=ADVANCED_FACE('',(#1200),#99,.T.);
#5728=ADVANCED_FACE('',(#1201),#959,.T.);
#5729=ADVANCED_FACE('',(#1202),#100,.T.);
#5730=ADVANCED_FACE('',(#1203),#960,.T.);
#5731=ADVANCED_FACE('',(#1204),#101,.T.);
#5732=ADVANCED_FACE('',(#1205),#961,.T.);
#5733=ADVANCED_FACE('',(#1206),#102,.T.);
#5734=ADVANCED_FACE('',(#1207),#962,.T.);
#5735=ADVANCED_FACE('',(#1208),#103,.T.);
#5736=ADVANCED_FACE('',(#1209),#963,.T.);
#5737=ADVANCED_FACE('',(#1210),#104,.T.);
#5738=ADVANCED_FACE('',(#1211),#964,.T.);
#5739=ADVANCED_FACE('',(#1212),#105,.T.);
#5740=ADVANCED_FACE('',(#1213),#965,.T.);
#5741=ADVANCED_FACE('',(#1214),#106,.T.);
#5742=ADVANCED_FACE('',(#1215,#19),#107,.T.);
#5743=ADVANCED_FACE('',(#1216),#108,.T.);
#5744=ADVANCED_FACE('',(#1217),#109,.F.);
#5745=ADVANCED_FACE('',(#1218),#110,.T.);
#5746=ADVANCED_FACE('',(#1219),#111,.T.);
#5747=ADVANCED_FACE('',(#1220),#112,.T.);
#5748=ADVANCED_FACE('',(#1221),#113,.T.);
#5749=ADVANCED_FACE('',(#1222),#114,.T.);
#5750=ADVANCED_FACE('',(#1223,#20),#115,.F.);
#5751=ADVANCED_FACE('',(#1224),#13,.F.);
#5752=ADVANCED_FACE('',(#1225),#966,.F.);
#5753=ADVANCED_FACE('',(#1226),#967,.F.);
#5754=ADVANCED_FACE('',(#1227),#968,.T.);
#5755=ADVANCED_FACE('',(#1228),#969,.T.);
#5756=ADVANCED_FACE('',(#1229),#970,.F.);
#5757=ADVANCED_FACE('',(#1230),#971,.F.);
#5758=ADVANCED_FACE('',(#1231),#972,.F.);
#5759=ADVANCED_FACE('',(#1232),#973,.F.);
#5760=ADVANCED_FACE('',(#1233),#974,.T.);
#5761=ADVANCED_FACE('',(#1234),#975,.F.);
#5762=ADVANCED_FACE('',(#1235),#116,.T.);
#5763=ADVANCED_FACE('',(#1236),#117,.F.);
#5764=ADVANCED_FACE('',(#1237,#21,#22,#23),#118,.F.);
#5765=ADVANCED_FACE('',(#1238),#976,.T.);
#5766=ADVANCED_FACE('',(#1239),#119,.T.);
#5767=ADVANCED_FACE('',(#1240),#977,.T.);
#5768=ADVANCED_FACE('',(#1241,#24),#120,.T.);
#5769=ADVANCED_FACE('',(#1242),#121,.T.);
#5770=ADVANCED_FACE('',(#1243),#978,.F.);
#5771=ADVANCED_FACE('',(#1244),#122,.T.);
#5772=ADVANCED_FACE('',(#1245),#123,.T.);
#5773=ADVANCED_FACE('',(#1246),#979,.T.);
#5774=ADVANCED_FACE('',(#1247),#980,.T.);
#5775=ADVANCED_FACE('',(#1248),#124,.T.);
#5776=ADVANCED_FACE('',(#1249),#981,.F.);
#5777=ADVANCED_FACE('',(#1250),#125,.F.);
#5778=ADVANCED_FACE('',(#1251,#25),#126,.T.);
#5779=ADVANCED_FACE('',(#1252),#127,.F.);
#5780=ADVANCED_FACE('',(#1253),#982,.F.);
#5781=ADVANCED_FACE('',(#1254),#983,.F.);
#5782=ADVANCED_FACE('',(#1255),#984,.F.);
#5783=ADVANCED_FACE('',(#1256),#128,.F.);
#5784=ADVANCED_FACE('',(#1257),#129,.F.);
#5785=ADVANCED_FACE('',(#1258),#130,.F.);
#5786=ADVANCED_FACE('',(#1259),#131,.T.);
#5787=ADVANCED_FACE('',(#1260,#26),#132,.F.);
#5788=ADVANCED_FACE('',(#1261),#5217,.T.);
#5789=ADVANCED_FACE('',(#1262),#133,.F.);
#5790=ADVANCED_FACE('',(#1263),#985,.T.);
#5791=ADVANCED_FACE('',(#1264),#134,.F.);
#5792=ADVANCED_FACE('',(#1265),#986,.F.);
#5793=ADVANCED_FACE('',(#1266),#135,.F.);
#5794=ADVANCED_FACE('',(#1267),#987,.F.);
#5795=ADVANCED_FACE('',(#1268),#136,.F.);
#5796=ADVANCED_FACE('',(#1269),#988,.F.);
#5797=ADVANCED_FACE('',(#1270),#137,.F.);
#5798=ADVANCED_FACE('',(#1271),#989,.F.);
#5799=ADVANCED_FACE('',(#1272),#138,.F.);
#5800=ADVANCED_FACE('',(#1273),#990,.T.);
#5801=ADVANCED_FACE('',(#1274),#139,.F.);
#5802=ADVANCED_FACE('',(#1275),#140,.F.);
#5803=ADVANCED_FACE('',(#1276),#141,.T.);
#5804=ADVANCED_FACE('',(#1277,#27,#28,#29,#30,#31,#32,#33,#34,#35,#36,#37),
#142,.T.);
#5805=ADVANCED_FACE('',(#1278),#991,.F.);
#5806=ADVANCED_FACE('',(#1279),#143,.F.);
#5807=ADVANCED_FACE('',(#1280),#992,.F.);
#5808=ADVANCED_FACE('',(#1281),#993,.F.);
#5809=ADVANCED_FACE('',(#1282),#144,.F.);
#5810=ADVANCED_FACE('',(#1283),#994,.T.);
#5811=ADVANCED_FACE('',(#1284),#145,.T.);
#5812=ADVANCED_FACE('',(#1285),#146,.F.);
#5813=ADVANCED_FACE('',(#1286),#995,.T.);
#5814=ADVANCED_FACE('',(#1287),#147,.T.);
#5815=ADVANCED_FACE('',(#1288),#996,.F.);
#5816=ADVANCED_FACE('',(#1289),#997,.F.);
#5817=ADVANCED_FACE('',(#1290),#148,.F.);
#5818=ADVANCED_FACE('',(#1291),#998,.T.);
#5819=ADVANCED_FACE('',(#1292),#149,.T.);
#5820=ADVANCED_FACE('',(#1293),#999,.F.);
#5821=ADVANCED_FACE('',(#1294),#150,.F.);
#5822=ADVANCED_FACE('',(#1295),#1000,.T.);
#5823=ADVANCED_FACE('',(#1296),#151,.T.);
#5824=ADVANCED_FACE('',(#1297),#1001,.F.);
#5825=ADVANCED_FACE('',(#1298),#152,.F.);
#5826=ADVANCED_FACE('',(#1299),#1002,.T.);
#5827=ADVANCED_FACE('',(#1300),#153,.T.);
#5828=ADVANCED_FACE('',(#1301),#154,.F.);
#5829=ADVANCED_FACE('',(#1302),#1003,.T.);
#5830=ADVANCED_FACE('',(#1303),#155,.F.);
#5831=ADVANCED_FACE('',(#1304),#156,.F.);
#5832=ADVANCED_FACE('',(#1305),#1004,.T.);
#5833=ADVANCED_FACE('',(#1306),#157,.T.);
#5834=ADVANCED_FACE('',(#1307),#1005,.F.);
#5835=ADVANCED_FACE('',(#1308),#158,.F.);
#5836=ADVANCED_FACE('',(#1309),#1006,.T.);
#5837=ADVANCED_FACE('',(#1310),#159,.T.);
#5838=ADVANCED_FACE('',(#1311),#1007,.F.);
#5839=ADVANCED_FACE('',(#1312),#1008,.T.);
#5840=ADVANCED_FACE('',(#1313),#160,.F.);
#5841=ADVANCED_FACE('',(#1314),#161,.F.);
#5842=ADVANCED_FACE('',(#1315),#1009,.T.);
#5843=ADVANCED_FACE('',(#1316),#162,.T.);
#5844=ADVANCED_FACE('',(#1317),#163,.T.);
#5845=ADVANCED_FACE('',(#1318),#164,.T.);
#5846=ADVANCED_FACE('',(#1319),#165,.T.);
#5847=ADVANCED_FACE('',(#1320),#166,.T.);
#5848=ADVANCED_FACE('',(#1321),#167,.T.);
#5849=ADVANCED_FACE('',(#1322),#168,.T.);
#5850=ADVANCED_FACE('',(#1323),#169,.T.);
#5851=ADVANCED_FACE('',(#1324),#170,.T.);
#5852=ADVANCED_FACE('',(#1325),#171,.F.);
#5853=ADVANCED_FACE('',(#1326),#172,.T.);
#5854=CLOSED_SHELL('',(#5537,#5538,#5539,#5540,#5541,#5542,#5543,#5544,
#5545,#5546,#5547,#5548,#5549,#5550,#5551,#5552,#5553,#5554,#5555,#5556,
#5557,#5558,#5559,#5560,#5561,#5562,#5563,#5564,#5565,#5566,#5567,#5568,
#5569,#5570,#5571,#5572,#5573,#5574,#5575,#5576,#5577,#5578,#5579,#5580,
#5581,#5582,#5583,#5584,#5585,#5586,#5587,#5588,#5589,#5590,#5591,#5592,
#5593,#5594,#5595,#5596,#5597,#5598,#5599,#5600,#5601,#5602,#5603,#5604,
#5605,#5606,#5607,#5608,#5609,#5610,#5611,#5612,#5613,#5614,#5615,#5616,
#5617,#5618,#5619,#5620,#5621,#5622,#5623,#5624,#5625,#5626,#5627,#5628,
#5629,#5630,#5631,#5632,#5633,#5634,#5635,#5636,#5637,#5638,#5639,#5640,
#5641,#5642,#5643,#5644,#5645,#5646,#5647,#5648,#5649,#5650,#5651,#5652,
#5653,#5654,#5655,#5656,#5657,#5658,#5659,#5660,#5661,#5662,#5663,#5664,
#5665,#5666,#5667,#5668,#5669,#5670,#5671,#5672,#5673,#5674,#5675,#5676,
#5677,#5678,#5679,#5680,#5681,#5682,#5683,#5684,#5685,#5686,#5687,#5688,
#5689,#5690,#5691,#5692,#5693,#5694,#5695,#5696,#5697,#5698,#5699,#5700,
#5701,#5702,#5703,#5704,#5705,#5706,#5707,#5708,#5709,#5710,#5711,#5712,
#5713,#5714,#5715,#5716,#5717,#5718,#5719,#5720,#5721,#5722,#5723,#5724,
#5725,#5726,#5727,#5728,#5729,#5730,#5731,#5732,#5733,#5734,#5735,#5736,
#5737,#5738,#5739,#5740,#5741,#5742,#5743));
#5855=CLOSED_SHELL('',(#5744,#5745,#5746,#5747,#5748,#5749));
#5856=CLOSED_SHELL('',(#5750,#5751,#5752,#5753,#5754,#5755,#5756,#5757,
#5758,#5759,#5760,#5761,#5762,#5763,#5764,#5765,#5766,#5767,#5768,#5769,
#5770,#5771,#5772,#5773,#5774,#5775,#5776,#5777,#5778,#5779,#5780,#5781,
#5782,#5783,#5784,#5785,#5786,#5787,#5788,#5789,#5790,#5791,#5792,#5793,
#5794,#5795,#5796,#5797,#5798,#5799,#5800,#5801,#5802,#5803,#5804,#5805,
#5806,#5807,#5808,#5809,#5810,#5811,#5812,#5813,#5814,#5815,#5816,#5817,
#5818,#5819,#5820,#5821,#5822,#5823,#5824,#5825,#5826,#5827,#5828,#5829,
#5830,#5831,#5832,#5833,#5834,#5835,#5836,#5837,#5838,#5839,#5840,#5841,
#5842,#5843,#5844,#5845,#5846,#5847,#5848,#5849,#5850,#5851,#5852,#5853));
#5857=DERIVED_UNIT_ELEMENT(#5860,1.);
#5858=DERIVED_UNIT_ELEMENT(#10938,-3.);
#5859=DIMENSIONAL_EXPONENTS(0.,1.,0.,0.,0.,0.,0.);
#5860=(
CONVERSION_BASED_UNIT('gram',#5862)
MASS_UNIT()
NAMED_UNIT(#5859)
);
#5861=(
MASS_UNIT()
NAMED_UNIT(*)
SI_UNIT(.KILO.,.GRAM.)
);
#5862=MASS_MEASURE_WITH_UNIT(MASS_MEASURE(0.001),#5861);
#5863=DERIVED_UNIT((#5857,#5858));
#5864=MEASURE_REPRESENTATION_ITEM('density measure',
POSITIVE_RATIO_MEASURE(7.85),#5863);
#5865=PROPERTY_DEFINITION_REPRESENTATION(#5870,#5867);
#5866=PROPERTY_DEFINITION_REPRESENTATION(#5871,#5868);
#5867=REPRESENTATION('material name',(#5869),#10935);
#5868=REPRESENTATION('density',(#5864),#10935);
#5869=DESCRIPTIVE_REPRESENTATION_ITEM('Steel','Steel');
#5870=PROPERTY_DEFINITION('material property','material name',#10945);
#5871=PROPERTY_DEFINITION('material property','density of part',#10945);
#5872=DATE_TIME_ROLE('creation_date');
#5873=APPLIED_DATE_AND_TIME_ASSIGNMENT(#5874,#5872,(#10945));
#5874=DATE_AND_TIME(#5875,#5876);
#5875=CALENDAR_DATE(2025,26,3);
#5876=LOCAL_TIME(0,0,0.,#5877);
#5877=COORDINATED_UNIVERSAL_TIME_OFFSET(0,0,.BEHIND.);
#5878=AXIS2_PLACEMENT_3D('',#8469,#6632,#6633);
#5879=AXIS2_PLACEMENT_3D('',#8470,#6634,#6635);
#5880=AXIS2_PLACEMENT_3D('',#8824,#6636,#6637);
#5881=AXIS2_PLACEMENT_3D('',#8826,#6638,#6639);
#5882=AXIS2_PLACEMENT_3D('',#8828,#6640,#6641);
#5883=AXIS2_PLACEMENT_3D('',#8829,#6642,#6643);
#5884=AXIS2_PLACEMENT_3D('',#8830,#6644,#6645);
#5885=AXIS2_PLACEMENT_3D('',#8832,#6646,#6647);
#5886=AXIS2_PLACEMENT_3D('',#8834,#6649,#6650);
#5887=AXIS2_PLACEMENT_3D('',#8837,#6651,#6652);
#5888=AXIS2_PLACEMENT_3D('',#8846,#6653,#6654);
#5889=AXIS2_PLACEMENT_3D('',#8855,#6655,#6656);
#5890=AXIS2_PLACEMENT_3D('',#8858,#6657,#6658);
#5891=AXIS2_PLACEMENT_3D('',#8871,#6660,#6661);
#5892=AXIS2_PLACEMENT_3D('',#8875,#6663,#6664);
#5893=AXIS2_PLACEMENT_3D('',#8877,#6666,#6667);
#5894=AXIS2_PLACEMENT_3D('',#8880,#6668,#6669);
#5895=AXIS2_PLACEMENT_3D('',#8893,#6671,#6672);
#5896=AXIS2_PLACEMENT_3D('',#8897,#6674,#6675);
#5897=AXIS2_PLACEMENT_3D('',#8899,#6677,#6678);
#5898=AXIS2_PLACEMENT_3D('',#8902,#6679,#6680);
#5899=AXIS2_PLACEMENT_3D('',#8906,#6682,#6683);
#5900=AXIS2_PLACEMENT_3D('',#8910,#6685,#6686);
#5901=AXIS2_PLACEMENT_3D('',#8919,#6688,#6689);
#5902=AXIS2_PLACEMENT_3D('',#8922,#6690,#6691);
#5903=AXIS2_PLACEMENT_3D('',#8935,#6693,#6694);
#5904=AXIS2_PLACEMENT_3D('',#8939,#6696,#6697);
#5905=AXIS2_PLACEMENT_3D('',#8941,#6699,#6700);
#5906=AXIS2_PLACEMENT_3D('',#8944,#6701,#6702);
#5907=AXIS2_PLACEMENT_3D('',#8948,#6704,#6705);
#5908=AXIS2_PLACEMENT_3D('',#8952,#6707,#6708);
#5909=AXIS2_PLACEMENT_3D('',#8961,#6710,#6711);
#5910=AXIS2_PLACEMENT_3D('',#8962,#6712,#6713);
#5911=AXIS2_PLACEMENT_3D('',#8973,#6714,#6715);
#5912=AXIS2_PLACEMENT_3D('',#8976,#6717,#6718);
#5913=AXIS2_PLACEMENT_3D('',#8977,#6719,#6720);
#5914=AXIS2_PLACEMENT_3D('',#8980,#6721,#6722);
#5915=AXIS2_PLACEMENT_3D('',#8984,#6724,#6725);
#5916=AXIS2_PLACEMENT_3D('',#8988,#6727,#6728);
#5917=AXIS2_PLACEMENT_3D('',#8997,#6730,#6731);
#5918=AXIS2_PLACEMENT_3D('',#8998,#6732,#6733);
#5919=AXIS2_PLACEMENT_3D('',#9009,#6734,#6735);
#5920=AXIS2_PLACEMENT_3D('',#9012,#6737,#6738);
#5921=AXIS2_PLACEMENT_3D('',#9013,#6739,#6740);
#5922=AXIS2_PLACEMENT_3D('',#9016,#6741,#6742);
#5923=AXIS2_PLACEMENT_3D('',#9020,#6744,#6745);
#5924=AXIS2_PLACEMENT_3D('',#9024,#6747,#6748);
#5925=AXIS2_PLACEMENT_3D('',#9033,#6750,#6751);
#5926=AXIS2_PLACEMENT_3D('',#9034,#6752,#6753);
#5927=AXIS2_PLACEMENT_3D('',#9045,#6754,#6755);
#5928=AXIS2_PLACEMENT_3D('',#9048,#6757,#6758);
#5929=AXIS2_PLACEMENT_3D('',#9049,#6759,#6760);
#5930=AXIS2_PLACEMENT_3D('',#9050,#6761,#6762);
#5931=AXIS2_PLACEMENT_3D('',#9061,#6763,#6764);
#5932=AXIS2_PLACEMENT_3D('',#9064,#6766,#6767);
#5933=AXIS2_PLACEMENT_3D('',#9065,#6768,#6769);
#5934=AXIS2_PLACEMENT_3D('',#9068,#6770,#6771);
#5935=AXIS2_PLACEMENT_3D('',#9081,#6773,#6774);
#5936=AXIS2_PLACEMENT_3D('',#9085,#6776,#6777);
#5937=AXIS2_PLACEMENT_3D('',#9087,#6779,#6780);
#5938=AXIS2_PLACEMENT_3D('',#9090,#6781,#6782);
#5939=AXIS2_PLACEMENT_3D('',#9103,#6784,#6785);
#5940=AXIS2_PLACEMENT_3D('',#9107,#6787,#6788);
#5941=AXIS2_PLACEMENT_3D('',#9109,#6790,#6791);
#5942=AXIS2_PLACEMENT_3D('',#9112,#6792,#6793);
#5943=AXIS2_PLACEMENT_3D('',#9125,#6795,#6796);
#5944=AXIS2_PLACEMENT_3D('',#9129,#6798,#6799);
#5945=AXIS2_PLACEMENT_3D('',#9131,#6801,#6802);
#5946=AXIS2_PLACEMENT_3D('',#9134,#6803,#6804);
#5947=AXIS2_PLACEMENT_3D('',#9147,#6806,#6807);
#5948=AXIS2_PLACEMENT_3D('',#9151,#6809,#6810);
#5949=AXIS2_PLACEMENT_3D('',#9153,#6812,#6813);
#5950=AXIS2_PLACEMENT_3D('',#9154,#6814,#6815);
#5951=AXIS2_PLACEMENT_3D('',#9156,#6816,#6817);
#5952=AXIS2_PLACEMENT_3D('',#9160,#6819,#6820);
#5953=AXIS2_PLACEMENT_3D('',#9167,#6821,#6822);
#5954=AXIS2_PLACEMENT_3D('',#9170,#6823,#6824);
#5955=AXIS2_PLACEMENT_3D('',#9174,#6826,#6827);
#5956=AXIS2_PLACEMENT_3D('',#9176,#6829,#6830);
#5957=AXIS2_PLACEMENT_3D('',#9178,#6831,#6832);
#5958=AXIS2_PLACEMENT_3D('',#9181,#6834,#6835);
#5959=AXIS2_PLACEMENT_3D('',#9182,#6836,#6837);
#5960=AXIS2_PLACEMENT_3D('',#9184,#6838,#6839);
#5961=AXIS2_PLACEMENT_3D('',#9187,#6841,#6842);
#5962=AXIS2_PLACEMENT_3D('',#9188,#6843,#6844);
#5963=AXIS2_PLACEMENT_3D('',#9189,#6845,#6846);
#5964=AXIS2_PLACEMENT_3D('',#9192,#6847,#6848);
#5965=AXIS2_PLACEMENT_3D('',#9193,#6849,#6850);
#5966=AXIS2_PLACEMENT_3D('',#9194,#6851,#6852);
#5967=AXIS2_PLACEMENT_3D('',#9195,#6853,#6854);
#5968=AXIS2_PLACEMENT_3D('',#9196,#6855,#6856);
#5969=AXIS2_PLACEMENT_3D('',#9197,#6857,#6858);
#5970=AXIS2_PLACEMENT_3D('',#9198,#6859,#6860);
#5971=AXIS2_PLACEMENT_3D('',#9199,#6861,#6862);
#5972=AXIS2_PLACEMENT_3D('',#9200,#6863,#6864);
#5973=AXIS2_PLACEMENT_3D('',#9201,#6865,#6866);
#5974=AXIS2_PLACEMENT_3D('',#9202,#6867,#6868);
#5975=AXIS2_PLACEMENT_3D('',#9203,#6869,#6870);
#5976=AXIS2_PLACEMENT_3D('',#9204,#6871,#6872);
#5977=AXIS2_PLACEMENT_3D('',#9206,#6873,#6874);
#5978=AXIS2_PLACEMENT_3D('',#9208,#6875,#6876);
#5979=AXIS2_PLACEMENT_3D('',#9210,#6877,#6878);
#5980=AXIS2_PLACEMENT_3D('',#9212,#6879,#6880);
#5981=AXIS2_PLACEMENT_3D('',#9214,#6881,#6882);
#5982=AXIS2_PLACEMENT_3D('',#9216,#6883,#6884);
#5983=AXIS2_PLACEMENT_3D('',#9218,#6885,#6886);
#5984=AXIS2_PLACEMENT_3D('',#9220,#6887,#6888);
#5985=AXIS2_PLACEMENT_3D('',#9222,#6889,#6890);
#5986=AXIS2_PLACEMENT_3D('',#9224,#6891,#6892);
#5987=AXIS2_PLACEMENT_3D('',#9226,#6893,#6894);
#5988=AXIS2_PLACEMENT_3D('',#9228,#6895,#6896);
#5989=AXIS2_PLACEMENT_3D('',#9230,#6897,#6898);
#5990=AXIS2_PLACEMENT_3D('',#9232,#6899,#6900);
#5991=AXIS2_PLACEMENT_3D('',#9234,#6901,#6902);
#5992=AXIS2_PLACEMENT_3D('',#9236,#6903,#6904);
#5993=AXIS2_PLACEMENT_3D('',#9238,#6905,#6906);
#5994=AXIS2_PLACEMENT_3D('',#9240,#6907,#6908);
#5995=AXIS2_PLACEMENT_3D('',#9241,#6909,#6910);
#5996=AXIS2_PLACEMENT_3D('',#9242,#6911,#6912);
#5997=AXIS2_PLACEMENT_3D('',#9245,#6913,#6914);
#5998=AXIS2_PLACEMENT_3D('',#9260,#6915,#6916);
#5999=AXIS2_PLACEMENT_3D('',#9269,#6917,#6918);
#6000=AXIS2_PLACEMENT_3D('',#9278,#6919,#6920);
#6001=AXIS2_PLACEMENT_3D('',#9287,#6921,#6922);
#6002=AXIS2_PLACEMENT_3D('',#9296,#6923,#6924);
#6003=AXIS2_PLACEMENT_3D('',#9305,#6925,#6926);
#6004=AXIS2_PLACEMENT_3D('',#9314,#6927,#6928);
#6005=AXIS2_PLACEMENT_3D('',#9323,#6929,#6930);
#6006=AXIS2_PLACEMENT_3D('',#9332,#6931,#6932);
#6007=AXIS2_PLACEMENT_3D('',#9341,#6933,#6934);
#6008=AXIS2_PLACEMENT_3D('',#9350,#6935,#6936);
#6009=AXIS2_PLACEMENT_3D('',#9359,#6937,#6938);
#6010=AXIS2_PLACEMENT_3D('',#9368,#6939,#6940);
#6011=AXIS2_PLACEMENT_3D('',#9377,#6941,#6942);
#6012=AXIS2_PLACEMENT_3D('',#9386,#6943,#6944);
#6013=AXIS2_PLACEMENT_3D('',#9395,#6945,#6946);
#6014=AXIS2_PLACEMENT_3D('',#9404,#6947,#6948);
#6015=AXIS2_PLACEMENT_3D('',#9413,#6949,#6950);
#6016=AXIS2_PLACEMENT_3D('',#9422,#6951,#6952);
#6017=AXIS2_PLACEMENT_3D('',#9431,#6953,#6954);
#6018=AXIS2_PLACEMENT_3D('',#9440,#6955,#6956);
#6019=AXIS2_PLACEMENT_3D('',#9449,#6957,#6958);
#6020=AXIS2_PLACEMENT_3D('',#9458,#6959,#6960);
#6021=AXIS2_PLACEMENT_3D('',#9467,#6961,#6962);
#6022=AXIS2_PLACEMENT_3D('',#9476,#6963,#6964);
#6023=AXIS2_PLACEMENT_3D('',#9485,#6965,#6966);
#6024=AXIS2_PLACEMENT_3D('',#9494,#6967,#6968);
#6025=AXIS2_PLACEMENT_3D('',#9503,#6969,#6970);
#6026=AXIS2_PLACEMENT_3D('',#9512,#6971,#6972);
#6027=AXIS2_PLACEMENT_3D('',#9521,#6973,#6974);
#6028=AXIS2_PLACEMENT_3D('',#9530,#6975,#6976);
#6029=AXIS2_PLACEMENT_3D('',#9539,#6977,#6978);
#6030=AXIS2_PLACEMENT_3D('',#9548,#6979,#6980);
#6031=AXIS2_PLACEMENT_3D('',#9557,#6981,#6982);
#6032=AXIS2_PLACEMENT_3D('',#9566,#6983,#6984);
#6033=AXIS2_PLACEMENT_3D('',#9575,#6985,#6986);
#6034=AXIS2_PLACEMENT_3D('',#9584,#6987,#6988);
#6035=AXIS2_PLACEMENT_3D('',#9593,#6989,#6990);
#6036=AXIS2_PLACEMENT_3D('',#9602,#6991,#6992);
#6037=AXIS2_PLACEMENT_3D('',#9611,#6993,#6994);
#6038=AXIS2_PLACEMENT_3D('',#9620,#6995,#6996);
#6039=AXIS2_PLACEMENT_3D('',#9628,#6997,#6998);
#6040=AXIS2_PLACEMENT_3D('',#9629,#6999,#7000);
#6041=AXIS2_PLACEMENT_3D('',#9637,#7001,#7002);
#6042=AXIS2_PLACEMENT_3D('',#9638,#7003,#7004);
#6043=AXIS2_PLACEMENT_3D('',#9639,#7005,#7006);
#6044=AXIS2_PLACEMENT_3D('',#9640,#7007,#7008);
#6045=AXIS2_PLACEMENT_3D('',#9641,#7009,#7010);
#6046=AXIS2_PLACEMENT_3D('',#9642,#7011,#7012);
#6047=AXIS2_PLACEMENT_3D('',#9643,#7013,#7014);
#6048=AXIS2_PLACEMENT_3D('',#9644,#7015,#7016);
#6049=AXIS2_PLACEMENT_3D('',#9645,#7017,#7018);
#6050=AXIS2_PLACEMENT_3D('',#9646,#7019,#7020);
#6051=AXIS2_PLACEMENT_3D('',#9647,#7021,#7022);
#6052=AXIS2_PLACEMENT_3D('',#9648,#7023,#7024);
#6053=AXIS2_PLACEMENT_3D('',#9656,#7025,#7026);
#6054=AXIS2_PLACEMENT_3D('',#9657,#7027,#7028);
#6055=AXIS2_PLACEMENT_3D('',#9665,#7029,#7030);
#6056=AXIS2_PLACEMENT_3D('',#9666,#7031,#7032);
#6057=AXIS2_PLACEMENT_3D('',#9674,#7033,#7034);
#6058=AXIS2_PLACEMENT_3D('',#9675,#7035,#7036);
#6059=AXIS2_PLACEMENT_3D('',#9683,#7037,#7038);
#6060=AXIS2_PLACEMENT_3D('',#9684,#7039,#7040);
#6061=AXIS2_PLACEMENT_3D('',#9688,#7042,#7043);
#6062=AXIS2_PLACEMENT_3D('',#9692,#7045,#7046);
#6063=AXIS2_PLACEMENT_3D('',#9695,#7048,#7049);
#6064=AXIS2_PLACEMENT_3D('',#9696,#7050,#7051);
#6065=AXIS2_PLACEMENT_3D('',#9698,#7052,#7053);
#6066=AXIS2_PLACEMENT_3D('',#9699,#7054,#7055);
#6067=AXIS2_PLACEMENT_3D('',#9700,#7056,#7057);
#6068=AXIS2_PLACEMENT_3D('',#9706,#7060,#7061);
#6069=AXIS2_PLACEMENT_3D('',#9709,#7063,#7064);
#6070=AXIS2_PLACEMENT_3D('',#9710,#7065,#7066);
#6071=AXIS2_PLACEMENT_3D('',#9714,#7068,#7069);
#6072=AXIS2_PLACEMENT_3D('',#9718,#7071,#7072);
#6073=AXIS2_PLACEMENT_3D('',#9721,#7074,#7075);
#6074=AXIS2_PLACEMENT_3D('',#9722,#7076,#7077);
#6075=AXIS2_PLACEMENT_3D('',#9724,#7078,#7079);
#6076=AXIS2_PLACEMENT_3D('',#9727,#7081,#7082);
#6077=AXIS2_PLACEMENT_3D('',#9728,#7083,#7084);
#6078=AXIS2_PLACEMENT_3D('',#9729,#7085,#7086);
#6079=AXIS2_PLACEMENT_3D('',#9730,#7087,#7088);
#6080=AXIS2_PLACEMENT_3D('',#9731,#7089,#7090);
#6081=AXIS2_PLACEMENT_3D('',#9735,#7092,#7093);
#6082=AXIS2_PLACEMENT_3D('',#9739,#7095,#7096);
#6083=AXIS2_PLACEMENT_3D('',#9742,#7098,#7099);
#6084=AXIS2_PLACEMENT_3D('',#9743,#7100,#7101);
#6085=AXIS2_PLACEMENT_3D('',#9745,#7102,#7103);
#6086=AXIS2_PLACEMENT_3D('',#9748,#7105,#7106);
#6087=AXIS2_PLACEMENT_3D('',#9749,#7107,#7108);
#6088=AXIS2_PLACEMENT_3D('',#9750,#7109,#7110);
#6089=AXIS2_PLACEMENT_3D('',#9751,#7111,#7112);
#6090=AXIS2_PLACEMENT_3D('',#9752,#7113,#7114);
#6091=AXIS2_PLACEMENT_3D('',#9756,#7116,#7117);
#6092=AXIS2_PLACEMENT_3D('',#9760,#7119,#7120);
#6093=AXIS2_PLACEMENT_3D('',#9763,#7122,#7123);
#6094=AXIS2_PLACEMENT_3D('',#9764,#7124,#7125);
#6095=AXIS2_PLACEMENT_3D('',#9766,#7126,#7127);
#6096=AXIS2_PLACEMENT_3D('',#9769,#7129,#7130);
#6097=AXIS2_PLACEMENT_3D('',#9770,#7131,#7132);
#6098=AXIS2_PLACEMENT_3D('',#9771,#7133,#7134);
#6099=AXIS2_PLACEMENT_3D('',#9772,#7135,#7136);
#6100=AXIS2_PLACEMENT_3D('',#9773,#7137,#7138);
#6101=AXIS2_PLACEMENT_3D('',#9777,#7140,#7141);
#6102=AXIS2_PLACEMENT_3D('',#9781,#7143,#7144);
#6103=AXIS2_PLACEMENT_3D('',#9784,#7146,#7147);
#6104=AXIS2_PLACEMENT_3D('',#9785,#7148,#7149);
#6105=AXIS2_PLACEMENT_3D('',#9787,#7150,#7151);
#6106=AXIS2_PLACEMENT_3D('',#9790,#7153,#7154);
#6107=AXIS2_PLACEMENT_3D('',#9791,#7155,#7156);
#6108=AXIS2_PLACEMENT_3D('',#9792,#7157,#7158);
#6109=AXIS2_PLACEMENT_3D('',#9793,#7159,#7160);
#6110=AXIS2_PLACEMENT_3D('',#9794,#7161,#7162);
#6111=AXIS2_PLACEMENT_3D('',#9798,#7164,#7165);
#6112=AXIS2_PLACEMENT_3D('',#9802,#7167,#7168);
#6113=AXIS2_PLACEMENT_3D('',#9805,#7170,#7171);
#6114=AXIS2_PLACEMENT_3D('',#9806,#7172,#7173);
#6115=AXIS2_PLACEMENT_3D('',#9808,#7174,#7175);
#6116=AXIS2_PLACEMENT_3D('',#9811,#7177,#7178);
#6117=AXIS2_PLACEMENT_3D('',#9812,#7179,#7180);
#6118=AXIS2_PLACEMENT_3D('',#9813,#7181,#7182);
#6119=AXIS2_PLACEMENT_3D('',#9814,#7183,#7184);
#6120=AXIS2_PLACEMENT_3D('',#9815,#7185,#7186);
#6121=AXIS2_PLACEMENT_3D('',#9819,#7188,#7189);
#6122=AXIS2_PLACEMENT_3D('',#9823,#7191,#7192);
#6123=AXIS2_PLACEMENT_3D('',#9826,#7194,#7195);
#6124=AXIS2_PLACEMENT_3D('',#9827,#7196,#7197);
#6125=AXIS2_PLACEMENT_3D('',#9829,#7198,#7199);
#6126=AXIS2_PLACEMENT_3D('',#9832,#7201,#7202);
#6127=AXIS2_PLACEMENT_3D('',#9833,#7203,#7204);
#6128=AXIS2_PLACEMENT_3D('',#9834,#7205,#7206);
#6129=AXIS2_PLACEMENT_3D('',#9835,#7207,#7208);
#6130=AXIS2_PLACEMENT_3D('',#9836,#7209,#7210);
#6131=AXIS2_PLACEMENT_3D('',#9840,#7212,#7213);
#6132=AXIS2_PLACEMENT_3D('',#9844,#7215,#7216);
#6133=AXIS2_PLACEMENT_3D('',#9847,#7218,#7219);
#6134=AXIS2_PLACEMENT_3D('',#9848,#7220,#7221);
#6135=AXIS2_PLACEMENT_3D('',#9850,#7222,#7223);
#6136=AXIS2_PLACEMENT_3D('',#9853,#7225,#7226);
#6137=AXIS2_PLACEMENT_3D('',#9854,#7227,#7228);
#6138=AXIS2_PLACEMENT_3D('',#9855,#7229,#7230);
#6139=AXIS2_PLACEMENT_3D('',#9856,#7231,#7232);
#6140=AXIS2_PLACEMENT_3D('',#9857,#7233,#7234);
#6141=AXIS2_PLACEMENT_3D('',#9861,#7236,#7237);
#6142=AXIS2_PLACEMENT_3D('',#9865,#7239,#7240);
#6143=AXIS2_PLACEMENT_3D('',#9868,#7242,#7243);
#6144=AXIS2_PLACEMENT_3D('',#9869,#7244,#7245);
#6145=AXIS2_PLACEMENT_3D('',#9871,#7246,#7247);
#6146=AXIS2_PLACEMENT_3D('',#9874,#7249,#7250);
#6147=AXIS2_PLACEMENT_3D('',#9875,#7251,#7252);
#6148=AXIS2_PLACEMENT_3D('',#9876,#7253,#7254);
#6149=AXIS2_PLACEMENT_3D('',#9877,#7255,#7256);
#6150=AXIS2_PLACEMENT_3D('',#9878,#7257,#7258);
#6151=AXIS2_PLACEMENT_3D('',#9882,#7260,#7261);
#6152=AXIS2_PLACEMENT_3D('',#9886,#7263,#7264);
#6153=AXIS2_PLACEMENT_3D('',#9889,#7266,#7267);
#6154=AXIS2_PLACEMENT_3D('',#9890,#7268,#7269);
#6155=AXIS2_PLACEMENT_3D('',#9892,#7270,#7271);
#6156=AXIS2_PLACEMENT_3D('',#9895,#7273,#7274);
#6157=AXIS2_PLACEMENT_3D('',#9896,#7275,#7276);
#6158=AXIS2_PLACEMENT_3D('',#9897,#7277,#7278);
#6159=AXIS2_PLACEMENT_3D('',#9898,#7279,#7280);
#6160=AXIS2_PLACEMENT_3D('',#9899,#7281,#7282);
#6161=AXIS2_PLACEMENT_3D('',#9903,#7284,#7285);
#6162=AXIS2_PLACEMENT_3D('',#9907,#7287,#7288);
#6163=AXIS2_PLACEMENT_3D('',#9910,#7290,#7291);
#6164=AXIS2_PLACEMENT_3D('',#9911,#7292,#7293);
#6165=AXIS2_PLACEMENT_3D('',#9913,#7294,#7295);
#6166=AXIS2_PLACEMENT_3D('',#9916,#7297,#7298);
#6167=AXIS2_PLACEMENT_3D('',#9917,#7299,#7300);
#6168=AXIS2_PLACEMENT_3D('',#9918,#7301,#7302);
#6169=AXIS2_PLACEMENT_3D('',#9919,#7303,#7304);
#6170=AXIS2_PLACEMENT_3D('',#9920,#7305,#7306);
#6171=AXIS2_PLACEMENT_3D('',#9924,#7308,#7309);
#6172=AXIS2_PLACEMENT_3D('',#9928,#7311,#7312);
#6173=AXIS2_PLACEMENT_3D('',#9931,#7314,#7315);
#6174=AXIS2_PLACEMENT_3D('',#9932,#7316,#7317);
#6175=AXIS2_PLACEMENT_3D('',#9934,#7318,#7319);
#6176=AXIS2_PLACEMENT_3D('',#9937,#7321,#7322);
#6177=AXIS2_PLACEMENT_3D('',#9938,#7323,#7324);
#6178=AXIS2_PLACEMENT_3D('',#9939,#7325,#7326);
#6179=AXIS2_PLACEMENT_3D('',#9940,#7327,#7328);
#6180=AXIS2_PLACEMENT_3D('',#9941,#7329,#7330);
#6181=AXIS2_PLACEMENT_3D('',#9945,#7332,#7333);
#6182=AXIS2_PLACEMENT_3D('',#9949,#7335,#7336);
#6183=AXIS2_PLACEMENT_3D('',#9952,#7338,#7339);
#6184=AXIS2_PLACEMENT_3D('',#9953,#7340,#7341);
#6185=AXIS2_PLACEMENT_3D('',#9955,#7342,#7343);
#6186=AXIS2_PLACEMENT_3D('',#9958,#7345,#7346);
#6187=AXIS2_PLACEMENT_3D('',#9959,#7347,#7348);
#6188=AXIS2_PLACEMENT_3D('',#9960,#7349,#7350);
#6189=AXIS2_PLACEMENT_3D('',#9961,#7351,#7352);
#6190=AXIS2_PLACEMENT_3D('',#9962,#7353,#7354);
#6191=AXIS2_PLACEMENT_3D('',#9966,#7356,#7357);
#6192=AXIS2_PLACEMENT_3D('',#9970,#7359,#7360);
#6193=AXIS2_PLACEMENT_3D('',#9973,#7362,#7363);
#6194=AXIS2_PLACEMENT_3D('',#9974,#7364,#7365);
#6195=AXIS2_PLACEMENT_3D('',#9976,#7366,#7367);
#6196=AXIS2_PLACEMENT_3D('',#9979,#7369,#7370);
#6197=AXIS2_PLACEMENT_3D('',#9980,#7371,#7372);
#6198=AXIS2_PLACEMENT_3D('',#9981,#7373,#7374);
#6199=AXIS2_PLACEMENT_3D('',#9982,#7375,#7376);
#6200=AXIS2_PLACEMENT_3D('',#9983,#7377,#7378);
#6201=AXIS2_PLACEMENT_3D('',#9987,#7380,#7381);
#6202=AXIS2_PLACEMENT_3D('',#9991,#7383,#7384);
#6203=AXIS2_PLACEMENT_3D('',#9994,#7386,#7387);
#6204=AXIS2_PLACEMENT_3D('',#9995,#7388,#7389);
#6205=AXIS2_PLACEMENT_3D('',#9997,#7390,#7391);
#6206=AXIS2_PLACEMENT_3D('',#10000,#7393,#7394);
#6207=AXIS2_PLACEMENT_3D('',#10001,#7395,#7396);
#6208=AXIS2_PLACEMENT_3D('',#10002,#7397,#7398);
#6209=AXIS2_PLACEMENT_3D('',#10003,#7399,#7400);
#6210=AXIS2_PLACEMENT_3D('',#10004,#7401,#7402);
#6211=AXIS2_PLACEMENT_3D('',#10008,#7404,#7405);
#6212=AXIS2_PLACEMENT_3D('',#10012,#7407,#7408);
#6213=AXIS2_PLACEMENT_3D('',#10015,#7410,#7411);
#6214=AXIS2_PLACEMENT_3D('',#10016,#7412,#7413);
#6215=AXIS2_PLACEMENT_3D('',#10018,#7414,#7415);
#6216=AXIS2_PLACEMENT_3D('',#10021,#7417,#7418);
#6217=AXIS2_PLACEMENT_3D('',#10022,#7419,#7420);
#6218=AXIS2_PLACEMENT_3D('',#10023,#7421,#7422);
#6219=AXIS2_PLACEMENT_3D('',#10024,#7423,#7424);
#6220=AXIS2_PLACEMENT_3D('',#10025,#7425,#7426);
#6221=AXIS2_PLACEMENT_3D('',#10029,#7428,#7429);
#6222=AXIS2_PLACEMENT_3D('',#10033,#7431,#7432);
#6223=AXIS2_PLACEMENT_3D('',#10036,#7434,#7435);
#6224=AXIS2_PLACEMENT_3D('',#10037,#7436,#7437);
#6225=AXIS2_PLACEMENT_3D('',#10039,#7438,#7439);
#6226=AXIS2_PLACEMENT_3D('',#10042,#7441,#7442);
#6227=AXIS2_PLACEMENT_3D('',#10043,#7443,#7444);
#6228=AXIS2_PLACEMENT_3D('',#10044,#7445,#7446);
#6229=AXIS2_PLACEMENT_3D('',#10045,#7447,#7448);
#6230=AXIS2_PLACEMENT_3D('',#10046,#7449,#7450);
#6231=AXIS2_PLACEMENT_3D('',#10050,#7452,#7453);
#6232=AXIS2_PLACEMENT_3D('',#10054,#7455,#7456);
#6233=AXIS2_PLACEMENT_3D('',#10057,#7458,#7459);
#6234=AXIS2_PLACEMENT_3D('',#10058,#7460,#7461);
#6235=AXIS2_PLACEMENT_3D('',#10060,#7462,#7463);
#6236=AXIS2_PLACEMENT_3D('',#10063,#7465,#7466);
#6237=AXIS2_PLACEMENT_3D('',#10064,#7467,#7468);
#6238=AXIS2_PLACEMENT_3D('',#10065,#7469,#7470);
#6239=AXIS2_PLACEMENT_3D('',#10066,#7471,#7472);
#6240=AXIS2_PLACEMENT_3D('',#10067,#7473,#7474);
#6241=AXIS2_PLACEMENT_3D('',#10071,#7476,#7477);
#6242=AXIS2_PLACEMENT_3D('',#10075,#7479,#7480);
#6243=AXIS2_PLACEMENT_3D('',#10078,#7482,#7483);
#6244=AXIS2_PLACEMENT_3D('',#10079,#7484,#7485);
#6245=AXIS2_PLACEMENT_3D('',#10081,#7486,#7487);
#6246=AXIS2_PLACEMENT_3D('',#10084,#7489,#7490);
#6247=AXIS2_PLACEMENT_3D('',#10085,#7491,#7492);
#6248=AXIS2_PLACEMENT_3D('',#10086,#7493,#7494);
#6249=AXIS2_PLACEMENT_3D('',#10087,#7495,#7496);
#6250=AXIS2_PLACEMENT_3D('',#10088,#7497,#7498);
#6251=AXIS2_PLACEMENT_3D('',#10092,#7500,#7501);
#6252=AXIS2_PLACEMENT_3D('',#10096,#7503,#7504);
#6253=AXIS2_PLACEMENT_3D('',#10099,#7506,#7507);
#6254=AXIS2_PLACEMENT_3D('',#10100,#7508,#7509);
#6255=AXIS2_PLACEMENT_3D('',#10102,#7510,#7511);
#6256=AXIS2_PLACEMENT_3D('',#10105,#7513,#7514);
#6257=AXIS2_PLACEMENT_3D('',#10106,#7515,#7516);
#6258=AXIS2_PLACEMENT_3D('',#10107,#7517,#7518);
#6259=AXIS2_PLACEMENT_3D('',#10108,#7519,#7520);
#6260=AXIS2_PLACEMENT_3D('',#10109,#7521,#7522);
#6261=AXIS2_PLACEMENT_3D('',#10113,#7524,#7525);
#6262=AXIS2_PLACEMENT_3D('',#10114,#7526,#7527);
#6263=AXIS2_PLACEMENT_3D('',#10115,#7528,#7529);
#6264=AXIS2_PLACEMENT_3D('',#10116,#7530,#7531);
#6265=AXIS2_PLACEMENT_3D('',#10118,#7532,#7533);
#6266=AXIS2_PLACEMENT_3D('',#10121,#7535,#7536);
#6267=AXIS2_PLACEMENT_3D('',#10122,#7537,#7538);
#6268=AXIS2_PLACEMENT_3D('',#10123,#7539,#7540);
#6269=AXIS2_PLACEMENT_3D('',#10124,#7541,#7542);
#6270=AXIS2_PLACEMENT_3D('',#10125,#7543,#7544);
#6271=AXIS2_PLACEMENT_3D('',#10129,#7546,#7547);
#6272=AXIS2_PLACEMENT_3D('',#10130,#7548,#7549);
#6273=AXIS2_PLACEMENT_3D('',#10131,#7550,#7551);
#6274=AXIS2_PLACEMENT_3D('',#10132,#7552,#7553);
#6275=AXIS2_PLACEMENT_3D('',#10133,#7554,#7555);
#6276=AXIS2_PLACEMENT_3D('',#10134,#7556,#7557);
#6277=AXIS2_PLACEMENT_3D('',#10138,#7559,#7560);
#6278=AXIS2_PLACEMENT_3D('',#10139,#7561,#7562);
#6279=AXIS2_PLACEMENT_3D('',#10140,#7563,#7564);
#6280=AXIS2_PLACEMENT_3D('',#10141,#7565,#7566);
#6281=AXIS2_PLACEMENT_3D('',#10142,#7567,#7568);
#6282=AXIS2_PLACEMENT_3D('',#10143,#7569,#7570);
#6283=AXIS2_PLACEMENT_3D('',#10144,#7571,#7572);
#6284=AXIS2_PLACEMENT_3D('',#10145,#7573,#7574);
#6285=AXIS2_PLACEMENT_3D('',#10146,#7575,#7576);
#6286=AXIS2_PLACEMENT_3D('',#10147,#7577,#7578);
#6287=AXIS2_PLACEMENT_3D('',#10148,#7579,#7580);
#6288=AXIS2_PLACEMENT_3D('',#10149,#7581,#7582);
#6289=AXIS2_PLACEMENT_3D('',#10150,#7583,#7584);
#6290=AXIS2_PLACEMENT_3D('',#10151,#7585,#7586);
#6291=AXIS2_PLACEMENT_3D('',#10152,#7587,#7588);
#6292=AXIS2_PLACEMENT_3D('',#10153,#7589,#7590);
#6293=AXIS2_PLACEMENT_3D('',#10157,#7592,#7593);
#6294=AXIS2_PLACEMENT_3D('',#10158,#7594,#7595);
#6295=AXIS2_PLACEMENT_3D('',#10159,#7596,#7597);
#6296=AXIS2_PLACEMENT_3D('',#10160,#7598,#7599);
#6297=AXIS2_PLACEMENT_3D('',#10161,#7600,#7601);
#6298=AXIS2_PLACEMENT_3D('',#10162,#7602,#7603);
#6299=AXIS2_PLACEMENT_3D('',#10166,#7605,#7606);
#6300=AXIS2_PLACEMENT_3D('',#10167,#7607,#7608);
#6301=AXIS2_PLACEMENT_3D('',#10168,#7609,#7610);
#6302=AXIS2_PLACEMENT_3D('',#10169,#7611,#7612);
#6303=AXIS2_PLACEMENT_3D('',#10170,#7613,#7614);
#6304=AXIS2_PLACEMENT_3D('',#10171,#7615,#7616);
#6305=AXIS2_PLACEMENT_3D('',#10175,#7618,#7619);
#6306=AXIS2_PLACEMENT_3D('',#10176,#7620,#7621);
#6307=AXIS2_PLACEMENT_3D('',#10177,#7622,#7623);
#6308=AXIS2_PLACEMENT_3D('',#10178,#7624,#7625);
#6309=AXIS2_PLACEMENT_3D('',#10179,#7626,#7627);
#6310=AXIS2_PLACEMENT_3D('',#10180,#7628,#7629);
#6311=AXIS2_PLACEMENT_3D('',#10184,#7631,#7632);
#6312=AXIS2_PLACEMENT_3D('',#10188,#7634,#7635);
#6313=AXIS2_PLACEMENT_3D('',#10191,#7637,#7638);
#6314=AXIS2_PLACEMENT_3D('',#10192,#7639,#7640);
#6315=AXIS2_PLACEMENT_3D('',#10193,#7641,#7642);
#6316=AXIS2_PLACEMENT_3D('',#10194,#7643,#7644);
#6317=AXIS2_PLACEMENT_3D('',#10195,#7645,#7646);
#6318=AXIS2_PLACEMENT_3D('',#10196,#7647,#7648);
#6319=AXIS2_PLACEMENT_3D('',#10197,#7649,#7650);
#6320=AXIS2_PLACEMENT_3D('',#10198,#7651,#7652);
#6321=AXIS2_PLACEMENT_3D('',#10199,#7653,#7654);
#6322=AXIS2_PLACEMENT_3D('',#10200,#7655,#7656);
#6323=AXIS2_PLACEMENT_3D('',#10201,#7657,#7658);
#6324=AXIS2_PLACEMENT_3D('',#10202,#7659,#7660);
#6325=AXIS2_PLACEMENT_3D('',#10203,#7661,#7662);
#6326=AXIS2_PLACEMENT_3D('',#10204,#7663,#7664);
#6327=AXIS2_PLACEMENT_3D('',#10205,#7665,#7666);
#6328=AXIS2_PLACEMENT_3D('',#10206,#7667,#7668);
#6329=AXIS2_PLACEMENT_3D('',#10207,#7669,#7670);
#6330=AXIS2_PLACEMENT_3D('',#10208,#7671,#7672);
#6331=AXIS2_PLACEMENT_3D('',#10209,#7673,#7674);
#6332=AXIS2_PLACEMENT_3D('',#10210,#7675,#7676);
#6333=AXIS2_PLACEMENT_3D('',#10211,#7677,#7678);
#6334=AXIS2_PLACEMENT_3D('',#10212,#7679,#7680);
#6335=AXIS2_PLACEMENT_3D('',#10213,#7681,#7682);
#6336=AXIS2_PLACEMENT_3D('',#10214,#7683,#7684);
#6337=AXIS2_PLACEMENT_3D('',#10215,#7685,#7686);
#6338=AXIS2_PLACEMENT_3D('',#10216,#7687,#7688);
#6339=AXIS2_PLACEMENT_3D('',#10217,#7689,#7690);
#6340=AXIS2_PLACEMENT_3D('',#10218,#7691,#7692);
#6341=AXIS2_PLACEMENT_3D('',#10219,#7693,#7694);
#6342=AXIS2_PLACEMENT_3D('',#10220,#7695,#7696);
#6343=AXIS2_PLACEMENT_3D('',#10221,#7697,#7698);
#6344=AXIS2_PLACEMENT_3D('',#10222,#7699,#7700);
#6345=AXIS2_PLACEMENT_3D('',#10223,#7701,#7702);
#6346=AXIS2_PLACEMENT_3D('',#10224,#7703,#7704);
#6347=AXIS2_PLACEMENT_3D('',#10225,#7705,#7706);
#6348=AXIS2_PLACEMENT_3D('',#10226,#7707,#7708);
#6349=AXIS2_PLACEMENT_3D('',#10227,#7709,#7710);
#6350=AXIS2_PLACEMENT_3D('',#10228,#7711,#7712);
#6351=AXIS2_PLACEMENT_3D('',#10229,#7713,#7714);
#6352=AXIS2_PLACEMENT_3D('',#10230,#7715,#7716);
#6353=AXIS2_PLACEMENT_3D('',#10231,#7717,#7718);
#6354=AXIS2_PLACEMENT_3D('',#10232,#7719,#7720);
#6355=AXIS2_PLACEMENT_3D('',#10233,#7721,#7722);
#6356=AXIS2_PLACEMENT_3D('',#10234,#7723,#7724);
#6357=AXIS2_PLACEMENT_3D('',#10235,#7725,#7726);
#6358=AXIS2_PLACEMENT_3D('',#10236,#7727,#7728);
#6359=AXIS2_PLACEMENT_3D('',#10237,#7729,#7730);
#6360=AXIS2_PLACEMENT_3D('',#10238,#7731,#7732);
#6361=AXIS2_PLACEMENT_3D('',#10239,#7733,#7734);
#6362=AXIS2_PLACEMENT_3D('',#10240,#7735,#7736);
#6363=AXIS2_PLACEMENT_3D('',#10241,#7737,#7738);
#6364=AXIS2_PLACEMENT_3D('',#10242,#7739,#7740);
#6365=AXIS2_PLACEMENT_3D('',#10243,#7741,#7742);
#6366=AXIS2_PLACEMENT_3D('',#10244,#7743,#7744);
#6367=AXIS2_PLACEMENT_3D('',#10245,#7745,#7746);
#6368=AXIS2_PLACEMENT_3D('',#10246,#7747,#7748);
#6369=AXIS2_PLACEMENT_3D('',#10247,#7749,#7750);
#6370=AXIS2_PLACEMENT_3D('',#10248,#7751,#7752);
#6371=AXIS2_PLACEMENT_3D('',#10249,#7753,#7754);
#6372=AXIS2_PLACEMENT_3D('',#10250,#7755,#7756);
#6373=AXIS2_PLACEMENT_3D('',#10251,#7757,#7758);
#6374=AXIS2_PLACEMENT_3D('',#10252,#7759,#7760);
#6375=AXIS2_PLACEMENT_3D('',#10253,#7761,#7762);
#6376=AXIS2_PLACEMENT_3D('',#10254,#7763,#7764);
#6377=AXIS2_PLACEMENT_3D('',#10255,#7765,#7766);
#6378=AXIS2_PLACEMENT_3D('',#10256,#7767,#7768);
#6379=AXIS2_PLACEMENT_3D('',#10257,#7769,#7770);
#6380=AXIS2_PLACEMENT_3D('',#10258,#7771,#7772);
#6381=AXIS2_PLACEMENT_3D('',#10259,#7773,#7774);
#6382=AXIS2_PLACEMENT_3D('',#10260,#7775,#7776);
#6383=AXIS2_PLACEMENT_3D('',#10261,#7777,#7778);
#6384=AXIS2_PLACEMENT_3D('',#10262,#7779,#7780);
#6385=AXIS2_PLACEMENT_3D('',#10263,#7781,#7782);
#6386=AXIS2_PLACEMENT_3D('',#10264,#7783,#7784);
#6387=AXIS2_PLACEMENT_3D('',#10265,#7785,#7786);
#6388=AXIS2_PLACEMENT_3D('',#10266,#7787,#7788);
#6389=AXIS2_PLACEMENT_3D('',#10267,#7789,#7790);
#6390=AXIS2_PLACEMENT_3D('',#10268,#7791,#7792);
#6391=AXIS2_PLACEMENT_3D('',#10269,#7793,#7794);
#6392=AXIS2_PLACEMENT_3D('',#10270,#7795,#7796);
#6393=AXIS2_PLACEMENT_3D('',#10271,#7797,#7798);
#6394=AXIS2_PLACEMENT_3D('',#10272,#7799,#7800);
#6395=AXIS2_PLACEMENT_3D('',#10273,#7801,#7802);
#6396=AXIS2_PLACEMENT_3D('',#10274,#7803,#7804);
#6397=AXIS2_PLACEMENT_3D('',#10275,#7805,#7806);
#6398=AXIS2_PLACEMENT_3D('',#10276,#7807,#7808);
#6399=AXIS2_PLACEMENT_3D('',#10277,#7809,#7810);
#6400=AXIS2_PLACEMENT_3D('',#10278,#7811,#7812);
#6401=AXIS2_PLACEMENT_3D('',#10279,#7813,#7814);
#6402=AXIS2_PLACEMENT_3D('',#10280,#7815,#7816);
#6403=AXIS2_PLACEMENT_3D('',#10281,#7817,#7818);
#6404=AXIS2_PLACEMENT_3D('',#10282,#7819,#7820);
#6405=AXIS2_PLACEMENT_3D('',#10283,#7821,#7822);
#6406=AXIS2_PLACEMENT_3D('',#10284,#7823,#7824);
#6407=AXIS2_PLACEMENT_3D('',#10285,#7825,#7826);
#6408=AXIS2_PLACEMENT_3D('',#10286,#7827,#7828);
#6409=AXIS2_PLACEMENT_3D('',#10287,#7829,#7830);
#6410=AXIS2_PLACEMENT_3D('',#10288,#7831,#7832);
#6411=AXIS2_PLACEMENT_3D('',#10289,#7833,#7834);
#6412=AXIS2_PLACEMENT_3D('',#10290,#7835,#7836);
#6413=AXIS2_PLACEMENT_3D('',#10291,#7837,#7838);
#6414=AXIS2_PLACEMENT_3D('',#10292,#7839,#7840);
#6415=AXIS2_PLACEMENT_3D('',#10293,#7841,#7842);
#6416=AXIS2_PLACEMENT_3D('',#10294,#7843,#7844);
#6417=AXIS2_PLACEMENT_3D('',#10295,#7845,#7846);
#6418=AXIS2_PLACEMENT_3D('',#10296,#7847,#7848);
#6419=AXIS2_PLACEMENT_3D('',#10297,#7849,#7850);
#6420=AXIS2_PLACEMENT_3D('',#10298,#7851,#7852);
#6421=AXIS2_PLACEMENT_3D('',#10299,#7853,#7854);
#6422=AXIS2_PLACEMENT_3D('',#10300,#7855,#7856);
#6423=AXIS2_PLACEMENT_3D('',#10301,#7857,#7858);
#6424=AXIS2_PLACEMENT_3D('',#10302,#7859,#7860);
#6425=AXIS2_PLACEMENT_3D('',#10303,#7861,#7862);
#6426=AXIS2_PLACEMENT_3D('',#10312,#7867,#7868);
#6427=AXIS2_PLACEMENT_3D('',#10318,#7872,#7873);
#6428=AXIS2_PLACEMENT_3D('',#10322,#7876,#7877);
#6429=AXIS2_PLACEMENT_3D('',#10326,#7880,#7881);
#6430=AXIS2_PLACEMENT_3D('',#10328,#7883,#7884);
#6431=AXIS2_PLACEMENT_3D('',#10329,#7885,#7886);
#6432=AXIS2_PLACEMENT_3D('',#10331,#7887,#7888);
#6433=AXIS2_PLACEMENT_3D('',#10333,#7889,#7890);
#6434=AXIS2_PLACEMENT_3D('',#10351,#7891,#7892);
#6435=AXIS2_PLACEMENT_3D('',#10364,#7893,#7894);
#6436=AXIS2_PLACEMENT_3D('',#10365,#7895,#7896);
#6437=AXIS2_PLACEMENT_3D('',#10366,#7897,#7898);
#6438=AXIS2_PLACEMENT_3D('',#10368,#7899,#7900);
#6439=AXIS2_PLACEMENT_3D('',#10371,#7902,#7903);
#6440=AXIS2_PLACEMENT_3D('',#10372,#7904,#7905);
#6441=AXIS2_PLACEMENT_3D('',#10375,#7906,#7907);
#6442=AXIS2_PLACEMENT_3D('',#10379,#7909,#7910);
#6443=AXIS2_PLACEMENT_3D('',#10381,#7912,#7913);
#6444=AXIS2_PLACEMENT_3D('',#10384,#7914,#7915);
#6445=AXIS2_PLACEMENT_3D('',#10388,#7917,#7918);
#6446=AXIS2_PLACEMENT_3D('',#10390,#7920,#7921);
#6447=AXIS2_PLACEMENT_3D('',#10393,#7922,#7923);
#6448=AXIS2_PLACEMENT_3D('',#10397,#7925,#7926);
#6449=AXIS2_PLACEMENT_3D('',#10399,#7928,#7929);
#6450=AXIS2_PLACEMENT_3D('',#10401,#7930,#7931);
#6451=AXIS2_PLACEMENT_3D('',#10403,#7933,#7934);
#6452=AXIS2_PLACEMENT_3D('',#10405,#7935,#7936);
#6453=AXIS2_PLACEMENT_3D('',#10408,#7938,#7939);
#6454=AXIS2_PLACEMENT_3D('',#10409,#7940,#7941);
#6455=AXIS2_PLACEMENT_3D('',#10411,#7942,#7943);
#6456=AXIS2_PLACEMENT_3D('',#10414,#7945,#7946);
#6457=AXIS2_PLACEMENT_3D('',#10415,#7947,#7948);
#6458=AXIS2_PLACEMENT_3D('',#10418,#7949,#7950);
#6459=AXIS2_PLACEMENT_3D('',#10422,#7952,#7953);
#6460=AXIS2_PLACEMENT_3D('',#10424,#7955,#7956);
#6461=AXIS2_PLACEMENT_3D('',#10427,#7957,#7958);
#6462=AXIS2_PLACEMENT_3D('',#10431,#7960,#7961);
#6463=AXIS2_PLACEMENT_3D('',#10442,#7963,#7964);
#6464=AXIS2_PLACEMENT_3D('',#10445,#7965,#7966);
#6465=AXIS2_PLACEMENT_3D('',#10449,#7968,#7969);
#6466=AXIS2_PLACEMENT_3D('',#10453,#7971,#7972);
#6467=AXIS2_PLACEMENT_3D('',#10455,#7974,#7975);
#6468=AXIS2_PLACEMENT_3D('',#10476,#7986,#7987);
#6469=AXIS2_PLACEMENT_3D('',#10486,#7993,#7994);
#6470=AXIS2_PLACEMENT_3D('',#10491,#7996,#7997);
#6471=AXIS2_PLACEMENT_3D('',#10492,#7998,#7999);
#6472=AXIS2_PLACEMENT_3D('',#10497,#8002,#8003);
#6473=AXIS2_PLACEMENT_3D('',#10499,#8004,#8005);
#6474=AXIS2_PLACEMENT_3D('',#10504,#8008,#8009);
#6475=AXIS2_PLACEMENT_3D('',#10506,#8010,#8011);
#6476=AXIS2_PLACEMENT_3D('',#10507,#8012,#8013);
#6477=AXIS2_PLACEMENT_3D('',#10510,#8015,#8016);
#6478=AXIS2_PLACEMENT_3D('',#10511,#8017,#8018);
#6479=AXIS2_PLACEMENT_3D('',#10515,#8020,#8021);
#6480=AXIS2_PLACEMENT_3D('',#10517,#8023,#8024);
#6481=AXIS2_PLACEMENT_3D('',#10521,#8027,#8028);
#6482=AXIS2_PLACEMENT_3D('',#10524,#8030,#8031);
#6483=AXIS2_PLACEMENT_3D('',#10525,#8032,#8033);
#6484=AXIS2_PLACEMENT_3D('',#10542,#8043,#8044);
#6485=AXIS2_PLACEMENT_3D('',#10546,#8047,#8048);
#6486=AXIS2_PLACEMENT_3D('',#10547,#8049,#8050);
#6487=AXIS2_PLACEMENT_3D('',#10548,#8051,#8052);
#6488=AXIS2_PLACEMENT_3D('',#10552,#8055,#8056);
#6489=AXIS2_PLACEMENT_3D('',#10556,#8059,#8060);
#6490=AXIS2_PLACEMENT_3D('',#10560,#8062,#8063);
#6491=AXIS2_PLACEMENT_3D('',#10564,#8065,#8066);
#6492=AXIS2_PLACEMENT_3D('',#10566,#8068,#8069);
#6493=AXIS2_PLACEMENT_3D('',#10568,#8070,#8071);
#6494=AXIS2_PLACEMENT_3D('',#10571,#8073,#8074);
#6495=AXIS2_PLACEMENT_3D('',#10572,#8075,#8076);
#6496=AXIS2_PLACEMENT_3D('',#10574,#8078,#8079);
#6497=AXIS2_PLACEMENT_3D('',#10575,#8080,#8081);
#6498=AXIS2_PLACEMENT_3D('',#10576,#8082,#8083);
#6499=AXIS2_PLACEMENT_3D('',#10579,#8086,#8087);
#6500=AXIS2_PLACEMENT_3D('',#10581,#8089,#8090);
#6501=AXIS2_PLACEMENT_3D('',#10582,#8091,#8092);
#6502=AXIS2_PLACEMENT_3D('',#10585,#8095,#8096);
#6503=AXIS2_PLACEMENT_3D('',#10586,#8097,#8098);
#6504=AXIS2_PLACEMENT_3D('',#10587,#8099,#8100);
#6505=AXIS2_PLACEMENT_3D('',#10588,#8101,#8102);
#6506=AXIS2_PLACEMENT_3D('',#10589,#8103,#8104);
#6507=AXIS2_PLACEMENT_3D('',#10591,#8105,#8106);
#6508=AXIS2_PLACEMENT_3D('',#10594,#8108,#8109);
#6509=AXIS2_PLACEMENT_3D('',#10595,#8110,#8111);
#6510=AXIS2_PLACEMENT_3D('',#10601,#8115,#8116);
#6511=AXIS2_PLACEMENT_3D('',#10604,#8119,#8120);
#6512=AXIS2_PLACEMENT_3D('',#10606,#8122,#8123);
#6513=AXIS2_PLACEMENT_3D('',#10607,#8124,#8125);
#6514=AXIS2_PLACEMENT_3D('',#10608,#8126,#8127);
#6515=AXIS2_PLACEMENT_3D('',#10612,#8129,#8130);
#6516=AXIS2_PLACEMENT_3D('',#10616,#8132,#8133);
#6517=AXIS2_PLACEMENT_3D('',#10620,#8135,#8136);
#6518=AXIS2_PLACEMENT_3D('',#10624,#8138,#8139);
#6519=AXIS2_PLACEMENT_3D('',#10628,#8141,#8142);
#6520=AXIS2_PLACEMENT_3D('',#10632,#8144,#8145);
#6521=AXIS2_PLACEMENT_3D('',#10634,#8147,#8148);
#6522=AXIS2_PLACEMENT_3D('',#10635,#8149,#8150);
#6523=AXIS2_PLACEMENT_3D('',#10636,#8151,#8152);
#6524=AXIS2_PLACEMENT_3D('',#10641,#8156,#8157);
#6525=AXIS2_PLACEMENT_3D('',#10643,#8158,#8159);
#6526=AXIS2_PLACEMENT_3D('',#10645,#8161,#8162);
#6527=AXIS2_PLACEMENT_3D('',#10649,#8165,#8166);
#6528=AXIS2_PLACEMENT_3D('',#10651,#8167,#8168);
#6529=AXIS2_PLACEMENT_3D('',#10653,#8170,#8171);
#6530=AXIS2_PLACEMENT_3D('',#10657,#8174,#8175);
#6531=AXIS2_PLACEMENT_3D('',#10659,#8176,#8177);
#6532=AXIS2_PLACEMENT_3D('',#10661,#8179,#8180);
#6533=AXIS2_PLACEMENT_3D('',#10665,#8183,#8184);
#6534=AXIS2_PLACEMENT_3D('',#10667,#8185,#8186);
#6535=AXIS2_PLACEMENT_3D('',#10669,#8188,#8189);
#6536=AXIS2_PLACEMENT_3D('',#10673,#8192,#8193);
#6537=AXIS2_PLACEMENT_3D('',#10675,#8194,#8195);
#6538=AXIS2_PLACEMENT_3D('',#10677,#8197,#8198);
#6539=AXIS2_PLACEMENT_3D('',#10681,#8201,#8202);
#6540=AXIS2_PLACEMENT_3D('',#10683,#8203,#8204);
#6541=AXIS2_PLACEMENT_3D('',#10685,#8206,#8207);
#6542=AXIS2_PLACEMENT_3D('',#10696,#8214,#8215);
#6543=AXIS2_PLACEMENT_3D('',#10697,#8216,#8217);
#6544=AXIS2_PLACEMENT_3D('',#10698,#8218,#8219);
#6545=AXIS2_PLACEMENT_3D('',#10703,#8221,#8222);
#6546=AXIS2_PLACEMENT_3D('',#10707,#8224,#8225);
#6547=AXIS2_PLACEMENT_3D('',#10710,#8227,#8228);
#6548=AXIS2_PLACEMENT_3D('',#10711,#8229,#8230);
#6549=AXIS2_PLACEMENT_3D('',#10716,#8232,#8233);
#6550=AXIS2_PLACEMENT_3D('',#10719,#8235,#8236);
#6551=AXIS2_PLACEMENT_3D('',#10722,#8237,#8238);
#6552=AXIS2_PLACEMENT_3D('',#10726,#8240,#8241);
#6553=AXIS2_PLACEMENT_3D('',#10732,#8244,#8245);
#6554=AXIS2_PLACEMENT_3D('',#10735,#8247,#8248);
#6555=AXIS2_PLACEMENT_3D('',#10740,#8250,#8251);
#6556=AXIS2_PLACEMENT_3D('',#10743,#8253,#8254);
#6557=AXIS2_PLACEMENT_3D('',#10748,#8256,#8257);
#6558=AXIS2_PLACEMENT_3D('',#10751,#8259,#8260);
#6559=AXIS2_PLACEMENT_3D('',#10756,#8263,#8264);
#6560=AXIS2_PLACEMENT_3D('',#10759,#8265,#8266);
#6561=AXIS2_PLACEMENT_3D('',#10763,#8268,#8269);
#6562=AXIS2_PLACEMENT_3D('',#10767,#8271,#8272);
#6563=AXIS2_PLACEMENT_3D('',#10771,#8274,#8275);
#6564=AXIS2_PLACEMENT_3D('',#10773,#8277,#8278);
#6565=AXIS2_PLACEMENT_3D('',#10776,#8280,#8281);
#6566=AXIS2_PLACEMENT_3D('',#10777,#8282,#8283);
#6567=AXIS2_PLACEMENT_3D('',#10780,#8284,#8285);
#6568=AXIS2_PLACEMENT_3D('',#10784,#8287,#8288);
#6569=AXIS2_PLACEMENT_3D('',#10787,#8290,#8291);
#6570=AXIS2_PLACEMENT_3D('',#10789,#8293,#8294);
#6571=AXIS2_PLACEMENT_3D('',#10791,#8296,#8297);
#6572=AXIS2_PLACEMENT_3D('',#10795,#8299,#8300);
#6573=AXIS2_PLACEMENT_3D('',#10797,#8302,#8303);
#6574=AXIS2_PLACEMENT_3D('',#10801,#8306,#8307);
#6575=AXIS2_PLACEMENT_3D('',#10803,#8308,#8309);
#6576=AXIS2_PLACEMENT_3D('',#10805,#8311,#8312);
#6577=AXIS2_PLACEMENT_3D('',#10807,#8314,#8315);
#6578=AXIS2_PLACEMENT_3D('',#10813,#8319,#8320);
#6579=AXIS2_PLACEMENT_3D('',#10815,#8321,#8322);
#6580=AXIS2_PLACEMENT_3D('',#10817,#8324,#8325);
#6581=AXIS2_PLACEMENT_3D('',#10821,#8328,#8329);
#6582=AXIS2_PLACEMENT_3D('',#10822,#8330,#8331);
#6583=AXIS2_PLACEMENT_3D('',#10823,#8332,#8333);
#6584=AXIS2_PLACEMENT_3D('',#10827,#8335,#8336);
#6585=AXIS2_PLACEMENT_3D('',#10829,#8338,#8339);
#6586=AXIS2_PLACEMENT_3D('',#10833,#8342,#8343);
#6587=AXIS2_PLACEMENT_3D('',#10835,#8344,#8345);
#6588=AXIS2_PLACEMENT_3D('',#10837,#8347,#8348);
#6589=AXIS2_PLACEMENT_3D('',#10839,#8350,#8351);
#6590=AXIS2_PLACEMENT_3D('',#10843,#8353,#8354);
#6591=AXIS2_PLACEMENT_3D('',#10845,#8356,#8357);
#6592=AXIS2_PLACEMENT_3D('',#10849,#8360,#8361);
#6593=AXIS2_PLACEMENT_3D('',#10851,#8362,#8363);
#6594=AXIS2_PLACEMENT_3D('',#10853,#8365,#8366);
#6595=AXIS2_PLACEMENT_3D('',#10855,#8368,#8369);
#6596=AXIS2_PLACEMENT_3D('',#10859,#8371,#8372);
#6597=AXIS2_PLACEMENT_3D('',#10861,#8374,#8375);
#6598=AXIS2_PLACEMENT_3D('',#10865,#8378,#8379);
#6599=AXIS2_PLACEMENT_3D('',#10867,#8380,#8381);
#6600=AXIS2_PLACEMENT_3D('',#10869,#8383,#8384);
#6601=AXIS2_PLACEMENT_3D('',#10871,#8386,#8387);
#6602=AXIS2_PLACEMENT_3D('',#10875,#8390,#8391);
#6603=AXIS2_PLACEMENT_3D('',#10877,#8392,#8393);
#6604=AXIS2_PLACEMENT_3D('',#10879,#8395,#8396);
#6605=AXIS2_PLACEMENT_3D('',#10881,#8398,#8399);
#6606=AXIS2_PLACEMENT_3D('',#10887,#8403,#8404);
#6607=AXIS2_PLACEMENT_3D('',#10889,#8405,#8406);
#6608=AXIS2_PLACEMENT_3D('',#10891,#8408,#8409);
#6609=AXIS2_PLACEMENT_3D('',#10895,#8412,#8413);
#6610=AXIS2_PLACEMENT_3D('',#10896,#8414,#8415);
#6611=AXIS2_PLACEMENT_3D('',#10897,#8416,#8417);
#6612=AXIS2_PLACEMENT_3D('',#10903,#8421,#8422);
#6613=AXIS2_PLACEMENT_3D('',#10905,#8423,#8424);
#6614=AXIS2_PLACEMENT_3D('',#10907,#8426,#8427);
#6615=AXIS2_PLACEMENT_3D('',#10911,#8430,#8431);
#6616=AXIS2_PLACEMENT_3D('',#10912,#8432,#8433);
#6617=AXIS2_PLACEMENT_3D('',#10913,#8434,#8435);
#6618=AXIS2_PLACEMENT_3D('',#10916,#8438,#8439);
#6619=AXIS2_PLACEMENT_3D('',#10917,#8440,#8441);
#6620=AXIS2_PLACEMENT_3D('',#10919,#8443,#8444);
#6621=AXIS2_PLACEMENT_3D('',#10921,#8446,#8447);
#6622=AXIS2_PLACEMENT_3D('',#10922,#8448,#8449);
#6623=AXIS2_PLACEMENT_3D('',#10923,#8450,#8451);
#6624=AXIS2_PLACEMENT_3D('',#10924,#8452,#8453);
#6625=AXIS2_PLACEMENT_3D('',#10925,#8454,#8455);
#6626=AXIS2_PLACEMENT_3D('',#10926,#8456,#8457);
#6627=AXIS2_PLACEMENT_3D('',#10927,#8458,#8459);
#6628=AXIS2_PLACEMENT_3D('',#10928,#8460,#8461);
#6629=AXIS2_PLACEMENT_3D('',#10929,#8462,#8463);
#6630=AXIS2_PLACEMENT_3D('',#10930,#8464,#8465);
#6631=AXIS2_PLACEMENT_3D('',#10932,#8467,#8468);
#6632=DIRECTION('axis',(0.,0.,1.));
#6633=DIRECTION('refdir',(1.,0.,0.));
#6634=DIRECTION('center_axis',(5.52623435118408E-17,1.,1.02675458867641E-16));
#6635=DIRECTION('ref_axis',(0.,-1.45008721583694E-16,1.));
#6636=DIRECTION('center_axis',(1.71725534435672E-10,1.,7.38165839431659E-10));
#6637=DIRECTION('ref_axis',(-0.137695976278168,7.54780418074084E-10,-0.990474541882224));
#6638=DIRECTION('center_axis',(-1.,5.52623435118408E-17,1.22464679914735E-16));
#6639=DIRECTION('ref_axis',(-1.22464679914735E-16,1.81260901979617E-16,
-1.));
#6640=DIRECTION('center_axis',(-2.62706128921268E-16,1.,1.30787151583875E-16));
#6641=DIRECTION('ref_axis',(0.137682176168544,-9.33716434279879E-17,0.990476460278332));
#6642=DIRECTION('center_axis',(-2.62706128921268E-16,1.,1.30787151583875E-16));
#6643=DIRECTION('ref_axis',(0.137682176168544,-9.33716434279879E-17,0.990476460278332));
#6644=DIRECTION('center_axis',(2.62706128921268E-16,-1.,-1.30787151583875E-16));
#6645=DIRECTION('ref_axis',(-0.137682176168544,9.33716434279879E-17,-0.990476460278332));
#6646=DIRECTION('center_axis',(-2.62706128921268E-16,1.,1.30787151583875E-16));
#6647=DIRECTION('ref_axis',(-0.137682176168544,9.33716434279879E-17,-0.990476460278332));
#6648=DIRECTION('',(-2.62706128921268E-16,1.,1.30787151583875E-16));
#6649=DIRECTION('center_axis',(2.62706128921268E-16,-1.,-1.30787151583875E-16));
#6650=DIRECTION('ref_axis',(-0.137682176168544,9.33716434279879E-17,-0.990476460278332));
#6651=DIRECTION('center_axis',(-2.62706128921268E-16,1.,1.30787151583875E-16));
#6652=DIRECTION('ref_axis',(-0.137682176168544,9.33716434279879E-17,-0.990476460278332));
#6653=DIRECTION('center_axis',(-2.62706128921268E-16,1.,1.30787151583875E-16));
#6654=DIRECTION('ref_axis',(-0.137682176168544,9.33716434279879E-17,-0.990476460278332));
#6655=DIRECTION('center_axis',(2.62706128921268E-16,-1.,-1.30787151583875E-16));
#6656=DIRECTION('ref_axis',(-0.137682176168544,9.33716434279879E-17,-0.990476460278332));
#6657=DIRECTION('center_axis',(2.62706128921268E-16,-1.,-1.30787151583875E-16));
#6658=DIRECTION('ref_axis',(-0.137682176168544,9.33716434279879E-17,-0.990476460278332));
#6659=DIRECTION('',(2.62706128921268E-16,-1.,-1.30787151583875E-16));
#6660=DIRECTION('center_axis',(-2.62706128921268E-16,1.,1.30787151583875E-16));
#6661=DIRECTION('ref_axis',(-0.137682176168544,9.33716434279879E-17,-0.990476460278332));
#6662=DIRECTION('',(-2.62706128921268E-16,1.,1.30787151583875E-16));
#6663=DIRECTION('center_axis',(-2.62706128921268E-16,1.,1.30787151583875E-16));
#6664=DIRECTION('ref_axis',(-0.137682176168546,9.33716434279873E-17,-0.990476460278332));
#6665=DIRECTION('',(-2.62706128921268E-16,1.,1.30787151583875E-16));
#6666=DIRECTION('center_axis',(2.62706128921268E-16,-1.,-1.30787151583875E-16));
#6667=DIRECTION('ref_axis',(-0.137682176168544,9.33716434279879E-17,-0.990476460278332));
#6668=DIRECTION('center_axis',(2.62706128921268E-16,-1.,-1.30787151583875E-16));
#6669=DIRECTION('ref_axis',(-0.137682176168544,9.33716434279879E-17,-0.990476460278332));
#6670=DIRECTION('',(2.62706128921268E-16,-1.,-1.30787151583875E-16));
#6671=DIRECTION('center_axis',(2.62706128921268E-16,-1.,-1.30787151583875E-16));
#6672=DIRECTION('ref_axis',(-0.137682176168544,9.33716434279879E-17,-0.990476460278332));
#6673=DIRECTION('',(2.62706128921268E-16,-1.,-1.30787151583875E-16));
#6674=DIRECTION('center_axis',(-2.62706128921268E-16,1.,1.30787151583875E-16));
#6675=DIRECTION('ref_axis',(-0.137682176168544,9.33716434279879E-17,-0.990476460278332));
#6676=DIRECTION('',(-2.62706128921268E-16,1.,1.30787151583875E-16));
#6677=DIRECTION('center_axis',(2.62706128921268E-16,-1.,-1.30787151583875E-16));
#6678=DIRECTION('ref_axis',(-0.137682176168544,9.33716434279879E-17,-0.990476460278332));
#6679=DIRECTION('center_axis',(2.62706128921268E-16,-1.,-1.30787151583875E-16));
#6680=DIRECTION('ref_axis',(-0.137682176168544,9.33716434279879E-17,-0.990476460278332));
#6681=DIRECTION('',(-2.62706128921268E-16,1.,1.30787151583875E-16));
#6682=DIRECTION('center_axis',(2.62706128921268E-16,-1.,-1.30787151583875E-16));
#6683=DIRECTION('ref_axis',(-0.137682176168544,9.33716434279879E-17,-0.990476460278332));
#6684=DIRECTION('',(2.62706128921268E-16,-1.,-1.30787151583875E-16));
#6685=DIRECTION('center_axis',(-2.62706128921268E-16,1.,1.30787151583875E-16));
#6686=DIRECTION('ref_axis',(-0.137682176169442,9.33716434277357E-17,-0.990476460278207));
#6687=DIRECTION('',(2.62706128921268E-16,-1.,-1.30787151583875E-16));
#6688=DIRECTION('center_axis',(2.62706128921268E-16,-1.,-1.30787151583875E-16));
#6689=DIRECTION('ref_axis',(-0.137682176168544,9.33716434279879E-17,-0.990476460278332));
#6690=DIRECTION('center_axis',(2.62706128921268E-16,-1.,-1.30787151583875E-16));
#6691=DIRECTION('ref_axis',(-0.137682176168544,9.33716434279879E-17,-0.990476460278332));
#6692=DIRECTION('',(2.62706128921268E-16,-1.,-1.30787151583875E-16));
#6693=DIRECTION('center_axis',(-2.62706128921268E-16,1.,1.30787151583875E-16));
#6694=DIRECTION('ref_axis',(-0.137682176168544,9.33716434279879E-17,-0.990476460278332));
#6695=DIRECTION('',(2.62706128921268E-16,-1.,-1.30787151583875E-16));
#6696=DIRECTION('center_axis',(-2.62706128921268E-16,1.,1.30787151583875E-16));
#6697=DIRECTION('ref_axis',(-0.137682176168545,9.33716434279876E-17,-0.990476460278332));
#6698=DIRECTION('',(-2.62706128921268E-16,1.,1.30787151583875E-16));
#6699=DIRECTION('center_axis',(2.62706128921268E-16,-1.,-1.30787151583875E-16));
#6700=DIRECTION('ref_axis',(-0.137682176168544,9.33716434279879E-17,-0.990476460278332));
#6701=DIRECTION('center_axis',(2.62706128921268E-16,-1.,-1.30787151583875E-16));
#6702=DIRECTION('ref_axis',(-0.137682176168544,9.33716434279879E-17,-0.990476460278332));
#6703=DIRECTION('',(-2.62706128921268E-16,1.,1.30787151583875E-16));
#6704=DIRECTION('center_axis',(2.62706128921268E-16,-1.,-1.30787151583875E-16));
#6705=DIRECTION('ref_axis',(-0.137682176168544,9.33716434279879E-17,-0.990476460278332));
#6706=DIRECTION('',(2.62706128921268E-16,-1.,-1.30787151583875E-16));
#6707=DIRECTION('center_axis',(-2.62706128921268E-16,1.,1.30787151583875E-16));
#6708=DIRECTION('ref_axis',(-0.137682176168542,9.33716434279884E-17,-0.990476460278332));
#6709=DIRECTION('',(2.62706128921268E-16,-1.,-1.30787151583875E-16));
#6710=DIRECTION('center_axis',(2.62706128921268E-16,-1.,-1.30787151583875E-16));
#6711=DIRECTION('ref_axis',(-0.137682176168544,9.33716434279879E-17,-0.990476460278332));
#6712=DIRECTION('center_axis',(2.62706128921268E-16,-1.,-1.30787151583875E-16));
#6713=DIRECTION('ref_axis',(-0.137682176168544,9.33716434279879E-17,-0.990476460278332));
#6714=DIRECTION('center_axis',(-2.62706128921268E-16,1.,1.30787151583875E-16));
#6715=DIRECTION('ref_axis',(-0.137682176168544,9.33716434279879E-17,-0.990476460278332));
#6716=DIRECTION('',(2.62706128921268E-16,-1.,-1.30787151583875E-16));
#6717=DIRECTION('center_axis',(-2.62706128921268E-16,1.,1.30787151583875E-16));
#6718=DIRECTION('ref_axis',(-0.137682176168545,9.33716434279876E-17,-0.990476460278332));
#6719=DIRECTION('center_axis',(2.62706128921268E-16,-1.,-1.30787151583875E-16));
#6720=DIRECTION('ref_axis',(-0.137682176168544,9.33716434279879E-17,-0.990476460278332));
#6721=DIRECTION('center_axis',(2.62706128921268E-16,-1.,-1.30787151583875E-16));
#6722=DIRECTION('ref_axis',(-0.137682176168544,9.33716434279879E-17,-0.990476460278332));
#6723=DIRECTION('',(-2.62706128921268E-16,1.,1.30787151583875E-16));
#6724=DIRECTION('center_axis',(-2.62706128921268E-16,1.,1.30787151583875E-16));
#6725=DIRECTION('ref_axis',(-0.137682176168586,9.33716434279761E-17,-0.990476460278326));
#6726=DIRECTION('',(2.62706128921268E-16,-1.,-1.30787151583875E-16));
#6727=DIRECTION('center_axis',(-2.62706128921268E-16,1.,1.30787151583875E-16));
#6728=DIRECTION('ref_axis',(-0.13768217616852,9.33716434279946E-17,-0.990476460278335));
#6729=DIRECTION('',(2.62706128921268E-16,-1.,-1.30787151583875E-16));
#6730=DIRECTION('center_axis',(2.62706128921268E-16,-1.,-1.30787151583875E-16));
#6731=DIRECTION('ref_axis',(-0.137682176168544,9.33716434279879E-17,-0.990476460278332));
#6732=DIRECTION('center_axis',(2.62706128921268E-16,-1.,-1.30787151583875E-16));
#6733=DIRECTION('ref_axis',(-0.137682176168544,9.33716434279879E-17,-0.990476460278332));
#6734=DIRECTION('center_axis',(-2.62706128921268E-16,1.,1.30787151583875E-16));
#6735=DIRECTION('ref_axis',(-0.137682176168544,9.33716434279879E-17,-0.990476460278332));
#6736=DIRECTION('',(2.62706128921268E-16,-1.,-1.30787151583875E-16));
#6737=DIRECTION('center_axis',(-2.62706128921268E-16,1.,1.30787151583875E-16));
#6738=DIRECTION('ref_axis',(-0.137682176168544,9.33716434279879E-17,-0.990476460278332));
#6739=DIRECTION('center_axis',(2.62706128921268E-16,-1.,-1.30787151583875E-16));
#6740=DIRECTION('ref_axis',(-0.137682176168544,9.33716434279879E-17,-0.990476460278332));
#6741=DIRECTION('center_axis',(2.62706128921268E-16,-1.,-1.30787151583875E-16));
#6742=DIRECTION('ref_axis',(-0.137682176168544,9.33716434279879E-17,-0.990476460278332));
#6743=DIRECTION('',(-2.62706128921268E-16,1.,1.30787151583875E-16));
#6744=DIRECTION('center_axis',(-2.62706128921268E-16,1.,1.30787151583875E-16));
#6745=DIRECTION('ref_axis',(-0.137682176168314,9.33716434280525E-17,-0.990476460278364));
#6746=DIRECTION('',(2.62706128921268E-16,-1.,-1.30787151583875E-16));
#6747=DIRECTION('center_axis',(-2.62706128921268E-16,1.,1.30787151583875E-16));
#6748=DIRECTION('ref_axis',(-0.137682176168524,9.33716434279935E-17,-0.990476460278335));
#6749=DIRECTION('',(2.62706128921268E-16,-1.,-1.30787151583875E-16));
#6750=DIRECTION('center_axis',(2.62706128921268E-16,-1.,-1.30787151583875E-16));
#6751=DIRECTION('ref_axis',(-0.137682176168544,9.33716434279879E-17,-0.990476460278332));
#6752=DIRECTION('center_axis',(2.62706128921268E-16,-1.,-1.30787151583875E-16));
#6753=DIRECTION('ref_axis',(-0.137682176168544,9.33716434279879E-17,-0.990476460278332));
#6754=DIRECTION('center_axis',(-2.62706128921268E-16,1.,1.30787151583875E-16));
#6755=DIRECTION('ref_axis',(-0.137682176168536,9.33716434279901E-17,-0.990476460278333));
#6756=DIRECTION('',(-2.62706128921268E-16,1.,1.30787151583875E-16));
#6757=DIRECTION('center_axis',(-2.62706128921268E-16,1.,1.30787151583875E-16));
#6758=DIRECTION('ref_axis',(-0.137682176168589,9.33716434279753E-17,-0.990476460278326));
#6759=DIRECTION('center_axis',(2.62706128921268E-16,-1.,-1.30787151583875E-16));
#6760=DIRECTION('ref_axis',(-0.137682176168544,9.33716434279879E-17,-0.990476460278332));
#6761=DIRECTION('center_axis',(2.62706128921268E-16,-1.,-1.30787151583875E-16));
#6762=DIRECTION('ref_axis',(-0.137682176168544,9.33716434279879E-17,-0.990476460278332));
#6763=DIRECTION('center_axis',(-2.62706128921268E-16,1.,1.30787151583875E-16));
#6764=DIRECTION('ref_axis',(-0.137682176168536,9.33716434279901E-17,-0.990476460278333));
#6765=DIRECTION('',(-2.62706128921268E-16,1.,1.30787151583875E-16));
#6766=DIRECTION('center_axis',(-2.62706128921268E-16,1.,1.30787151583875E-16));
#6767=DIRECTION('ref_axis',(-0.137682176168581,9.33716434279775E-17,-0.990476460278327));
#6768=DIRECTION('center_axis',(2.62706128921268E-16,-1.,-1.30787151583875E-16));
#6769=DIRECTION('ref_axis',(-0.137682176168544,9.33716434279879E-17,-0.990476460278332));
#6770=DIRECTION('center_axis',(2.62706128921268E-16,-1.,-1.30787151583875E-16));
#6771=DIRECTION('ref_axis',(-0.137682176168544,9.33716434279879E-17,-0.990476460278332));
#6772=DIRECTION('',(2.62706128921268E-16,-1.,-1.30787151583875E-16));
#6773=DIRECTION('center_axis',(-2.62706128921268E-16,1.,1.30787151583875E-16));
#6774=DIRECTION('ref_axis',(-0.137682176168536,9.33716434279901E-17,-0.990476460278333));
#6775=DIRECTION('',(-2.62706128921268E-16,1.,1.30787151583875E-16));
#6776=DIRECTION('center_axis',(-2.62706128921268E-16,1.,1.30787151583875E-16));
#6777=DIRECTION('ref_axis',(-0.137682176168563,9.33716434279825E-17,-0.990476460278329));
#6778=DIRECTION('',(-2.62706128921268E-16,1.,1.30787151583875E-16));
#6779=DIRECTION('center_axis',(2.62706128921268E-16,-1.,-1.30787151583875E-16));
#6780=DIRECTION('ref_axis',(-0.137682176168544,9.33716434279879E-17,-0.990476460278332));
#6781=DIRECTION('center_axis',(2.62706128921268E-16,-1.,-1.30787151583875E-16));
#6782=DIRECTION('ref_axis',(-0.137682176168544,9.33716434279879E-17,-0.990476460278332));
#6783=DIRECTION('',(2.62706128921268E-16,-1.,-1.30787151583875E-16));
#6784=DIRECTION('center_axis',(-2.62706128921268E-16,1.,1.30787151583875E-16));
#6785=DIRECTION('ref_axis',(-0.137682176168545,9.33716434279876E-17,-0.990476460278332));
#6786=DIRECTION('',(-2.62706128921268E-16,1.,1.30787151583875E-16));
#6787=DIRECTION('center_axis',(-2.62706128921268E-16,1.,1.30787151583875E-16));
#6788=DIRECTION('ref_axis',(-0.137682176168544,9.33716434279879E-17,-0.990476460278332));
#6789=DIRECTION('',(-2.62706128921268E-16,1.,1.30787151583875E-16));
#6790=DIRECTION('center_axis',(2.62706128921268E-16,-1.,-1.30787151583875E-16));
#6791=DIRECTION('ref_axis',(-0.137682176168545,9.33716434279876E-17,-0.990476460278332));
#6792=DIRECTION('center_axis',(2.62706128921268E-16,-1.,-1.30787151583875E-16));
#6793=DIRECTION('ref_axis',(-0.137682176168545,9.33716434279876E-17,-0.990476460278332));
#6794=DIRECTION('',(2.62706128921268E-16,-1.,-1.30787151583875E-16));
#6795=DIRECTION('center_axis',(-2.62706128921268E-16,1.,1.30787151583875E-16));
#6796=DIRECTION('ref_axis',(-0.137682176168551,9.33716434279859E-17,-0.990476460278331));
#6797=DIRECTION('',(-2.62706128921268E-16,1.,1.30787151583875E-16));
#6798=DIRECTION('center_axis',(-2.62706128921268E-16,1.,1.30787151583875E-16));
#6799=DIRECTION('ref_axis',(-0.137682176168545,9.33716434279876E-17,-0.990476460278332));
#6800=DIRECTION('',(-2.62706128921268E-16,1.,1.30787151583875E-16));
#6801=DIRECTION('center_axis',(2.62706128921268E-16,-1.,-1.30787151583875E-16));
#6802=DIRECTION('ref_axis',(-0.137682176168544,9.33716434279879E-17,-0.990476460278332));
#6803=DIRECTION('center_axis',(2.62706128921268E-16,-1.,-1.30787151583875E-16));
#6804=DIRECTION('ref_axis',(-0.137682176168544,9.33716434279879E-17,-0.990476460278332));
#6805=DIRECTION('',(2.62706128921268E-16,-1.,-1.30787151583875E-16));
#6806=DIRECTION('center_axis',(2.62706128921268E-16,-1.,-1.30787151583875E-16));
#6807=DIRECTION('ref_axis',(-0.137682176168544,9.33716434279879E-17,-0.990476460278332));
#6808=DIRECTION('',(2.62706128921268E-16,-1.,-1.30787151583875E-16));
#6809=DIRECTION('center_axis',(-2.62706128921268E-16,1.,1.30787151583875E-16));
#6810=DIRECTION('ref_axis',(-0.137682176168546,9.33716434279873E-17,-0.990476460278332));
#6811=DIRECTION('',(-2.62706128921268E-16,1.,1.30787151583875E-16));
#6812=DIRECTION('center_axis',(2.62706128921268E-16,-1.,-1.30787151583875E-16));
#6813=DIRECTION('ref_axis',(-0.137682176168544,9.33716434279879E-17,-0.990476460278332));
#6814=DIRECTION('center_axis',(2.62706128921268E-16,-1.,-1.30787151583875E-16));
#6815=DIRECTION('ref_axis',(-0.137682176168544,9.33716434279879E-17,-0.990476460278332));
#6816=DIRECTION('center_axis',(2.62706128921268E-16,-1.,-1.30787151583875E-16));
#6817=DIRECTION('ref_axis',(-0.137682176168544,9.33716434279879E-17,-0.990476460278332));
#6818=DIRECTION('',(2.62706128921268E-16,-1.,-1.30787151583875E-16));
#6819=DIRECTION('center_axis',(-2.62706128921268E-16,1.,1.30787151583875E-16));
#6820=DIRECTION('ref_axis',(-0.137682176168544,9.33716434279879E-17,-0.990476460278332));
#6821=DIRECTION('center_axis',(2.62706128921268E-16,-1.,-1.30787151583875E-16));
#6822=DIRECTION('ref_axis',(-0.137682176168544,9.33716434279879E-17,-0.990476460278332));
#6823=DIRECTION('center_axis',(2.62706128921268E-16,-1.,-1.30787151583875E-16));
#6824=DIRECTION('ref_axis',(-0.137682176168544,9.33716434279879E-17,-0.990476460278332));
#6825=DIRECTION('',(2.62706128921268E-16,-1.,-1.30787151583875E-16));
#6826=DIRECTION('center_axis',(-2.62706128921268E-16,1.,1.30787151583875E-16));
#6827=DIRECTION('ref_axis',(-0.137682176168544,9.33716434279879E-17,-0.990476460278332));
#6828=DIRECTION('',(2.62706128921268E-16,-1.,-1.30787151583875E-16));
#6829=DIRECTION('center_axis',(2.62706128921268E-16,-1.,-1.30787151583875E-16));
#6830=DIRECTION('ref_axis',(-0.137682176168544,9.33716434279879E-17,-0.990476460278332));
#6831=DIRECTION('center_axis',(2.62706128921268E-16,-1.,-1.30787151583875E-16));
#6832=DIRECTION('ref_axis',(-0.137682176168544,9.33716434279879E-17,-0.990476460278332));
#6833=DIRECTION('',(0.0973560004172986,-0.707106781186546,0.700372621668458));
#6834=DIRECTION('center_axis',(2.62706128921268E-16,-1.,-1.30787151583875E-16));
#6835=DIRECTION('ref_axis',(-0.137682176168544,9.33716434279879E-17,-0.990476460278332));
#6836=DIRECTION('center_axis',(2.62706128921268E-16,-1.,-1.30787151583875E-16));
#6837=DIRECTION('ref_axis',(-0.137682176168544,9.33716434279879E-17,-0.990476460278332));
#6838=DIRECTION('center_axis',(2.62706128921268E-16,-1.,-1.30787151583875E-16));
#6839=DIRECTION('ref_axis',(-0.137682176168544,9.33716434279879E-17,-0.990476460278332));
#6840=DIRECTION('',(2.62706128921268E-16,-1.,-1.30787151583875E-16));
#6841=DIRECTION('center_axis',(-2.62706128921268E-16,1.,1.30787151583875E-16));
#6842=DIRECTION('ref_axis',(-0.137682176168544,9.33716434279879E-17,-0.990476460278332));
#6843=DIRECTION('center_axis',(-2.88417351040466E-16,1.,-5.41776781619748E-17));
#6844=DIRECTION('ref_axis',(0.137682176168544,9.33716434279897E-17,0.990476460278332));
#6845=DIRECTION('center_axis',(-2.88417351040466E-16,1.,-5.41776781619748E-17));
#6846=DIRECTION('ref_axis',(0.137682176168544,9.33716434279897E-17,0.990476460278332));
#6847=DIRECTION('center_axis',(-2.62706128921268E-16,1.,1.30787151583875E-16));
#6848=DIRECTION('ref_axis',(-0.137682176168548,9.33716434279868E-17,-0.990476460278331));
#6849=DIRECTION('center_axis',(-2.62706128921268E-16,1.,1.30787151583875E-16));
#6850=DIRECTION('ref_axis',(-0.137682176168562,9.33716434279828E-17,-0.990476460278329));
#6851=DIRECTION('center_axis',(-2.62706128921268E-16,1.,1.30787151583875E-16));
#6852=DIRECTION('ref_axis',(-0.137682176168544,9.33716434279879E-17,-0.990476460278332));
#6853=DIRECTION('center_axis',(-2.62706128921268E-16,1.,1.30787151583875E-16));
#6854=DIRECTION('ref_axis',(-0.137682176168544,9.33716434279879E-17,-0.990476460278332));
#6855=DIRECTION('center_axis',(-2.62706128921268E-16,1.,1.30787151583875E-16));
#6856=DIRECTION('ref_axis',(-0.137682176168544,9.33716434279879E-17,-0.990476460278332));
#6857=DIRECTION('center_axis',(-2.55994399358583E-16,1.,1.29854180868162E-16));
#6858=DIRECTION('ref_axis',(0.990476460278332,2.71435032734279E-16,-0.137682176168544));
#6859=DIRECTION('center_axis',(-2.55994399358583E-16,1.,1.29854180868162E-16));
#6860=DIRECTION('ref_axis',(0.990476460278332,2.71435032734279E-16,-0.137682176168544));
#6861=DIRECTION('center_axis',(-2.62706128921268E-16,1.,1.30787151583875E-16));
#6862=DIRECTION('ref_axis',(-0.137682176168544,9.33716434279879E-17,-0.990476460278332));
#6863=DIRECTION('center_axis',(-2.62706128921268E-16,1.,1.30787151583875E-16));
#6864=DIRECTION('ref_axis',(-0.137682176168546,9.33716434279874E-17,-0.990476460278332));
#6865=DIRECTION('center_axis',(-2.55994399358583E-16,1.,1.29854180868162E-16));
#6866=DIRECTION('ref_axis',(0.990476460278333,2.71435032734279E-16,-0.137682176168538));
#6867=DIRECTION('center_axis',(-2.62706128921268E-16,1.,1.30787151583875E-16));
#6868=DIRECTION('ref_axis',(-0.137682176168543,9.33716434279882E-17,-0.990476460278332));
#6869=DIRECTION('center_axis',(-2.62706128921268E-16,1.,1.30787151583875E-16));
#6870=DIRECTION('ref_axis',(-0.137682176168546,9.33716434279874E-17,-0.990476460278332));
#6871=DIRECTION('center_axis',(-2.55994399358583E-16,1.,1.29854180868162E-16));
#6872=DIRECTION('ref_axis',(0.990476460278332,2.71435032734279E-16,-0.137682176168545));
#6873=DIRECTION('center_axis',(-2.62706128921268E-16,1.,1.30787151583875E-16));
#6874=DIRECTION('ref_axis',(-0.137682176168543,9.33716434279882E-17,-0.990476460278332));
#6875=DIRECTION('center_axis',(-2.62706128921268E-16,1.,1.30787151583875E-16));
#6876=DIRECTION('ref_axis',(-0.137682176168543,9.33716434279882E-17,-0.990476460278332));
#6877=DIRECTION('center_axis',(-2.62706128921268E-16,1.,1.30787151583875E-16));
#6878=DIRECTION('ref_axis',(-0.137682176168543,9.33716434279882E-17,-0.990476460278332));
#6879=DIRECTION('center_axis',(-2.62706128921268E-16,1.,1.30787151583875E-16));
#6880=DIRECTION('ref_axis',(-0.137682176168537,9.33716434279899E-17,-0.990476460278333));
#6881=DIRECTION('center_axis',(-2.62706128921268E-16,1.,1.30787151583875E-16));
#6882=DIRECTION('ref_axis',(-0.137682176168537,9.33716434279899E-17,-0.990476460278333));
#6883=DIRECTION('center_axis',(-2.62706128921268E-16,1.,1.30787151583875E-16));
#6884=DIRECTION('ref_axis',(-0.137682176168537,9.33716434279899E-17,-0.990476460278333));
#6885=DIRECTION('center_axis',(-2.62706128921268E-16,1.,1.30787151583875E-16));
#6886=DIRECTION('ref_axis',(-0.137682176168544,9.33716434279879E-17,-0.990476460278332));
#6887=DIRECTION('center_axis',(-2.55994399358583E-16,1.,1.29854180868162E-16));
#6888=DIRECTION('ref_axis',(0.990476460278327,2.71435032734282E-16,-0.137682176168578));
#6889=DIRECTION('center_axis',(-2.62706128921268E-16,1.,1.30787151583875E-16));
#6890=DIRECTION('ref_axis',(-0.137682176168536,9.33716434279901E-17,-0.990476460278333));
#6891=DIRECTION('center_axis',(-2.55994399358583E-16,1.,1.29854180868162E-16));
#6892=DIRECTION('ref_axis',(0.99047646027833,2.7143503273428E-16,-0.137682176168554));
#6893=DIRECTION('center_axis',(-2.62706128921268E-16,1.,1.30787151583875E-16));
#6894=DIRECTION('ref_axis',(-0.137682176168539,9.33716434279893E-17,-0.990476460278333));
#6895=DIRECTION('center_axis',(-2.62706128921268E-16,1.,1.30787151583875E-16));
#6896=DIRECTION('ref_axis',(-0.137682176168539,9.33716434279893E-17,-0.990476460278333));
#6897=DIRECTION('center_axis',(-2.62706128921268E-16,1.,1.30787151583875E-16));
#6898=DIRECTION('ref_axis',(-0.137682176168539,9.33716434279893E-17,-0.990476460278333));
#6899=DIRECTION('center_axis',(-2.62706128921268E-16,1.,1.30787151583875E-16));
#6900=DIRECTION('ref_axis',(-0.137682176168549,9.33716434279865E-17,-0.990476460278331));
#6901=DIRECTION('center_axis',(-2.62706128921268E-16,1.,1.30787151583875E-16));
#6902=DIRECTION('ref_axis',(-0.137682176168539,9.33716434279893E-17,-0.990476460278333));
#6903=DIRECTION('center_axis',(-2.55994399358583E-16,1.,1.29854180868162E-16));
#6904=DIRECTION('ref_axis',(0.990476460278332,2.71435032734279E-16,-0.137682176168545));
#6905=DIRECTION('center_axis',(-2.62706128921268E-16,1.,1.30787151583875E-16));
#6906=DIRECTION('ref_axis',(-0.137682176168549,9.33716434279865E-17,-0.990476460278331));
#6907=DIRECTION('center_axis',(-2.62706128921268E-16,1.,1.30787151583875E-16));
#6908=DIRECTION('ref_axis',(-0.137682176168549,9.33716434279865E-17,-0.990476460278331));
#6909=DIRECTION('center_axis',(-2.55994399358583E-16,1.,1.29854180868162E-16));
#6910=DIRECTION('ref_axis',(0.990476460278331,2.71435032734279E-16,-0.137682176168547));
#6911=DIRECTION('center_axis',(2.62706128921268E-16,-1.,-1.30787151583875E-16));
#6912=DIRECTION('ref_axis',(-0.137682176168544,9.33716434279879E-17,-0.990476460278332));
#6913=DIRECTION('center_axis',(-2.62706128921268E-16,1.,1.30787151583875E-16));
#6914=DIRECTION('ref_axis',(-0.137682176168525,9.33716434279933E-17,-0.990476460278335));
#6915=DIRECTION('center_axis',(2.62706128921268E-16,-1.,-1.30787151583875E-16));
#6916=DIRECTION('ref_axis',(-0.137682176168544,9.33716434279879E-17,-0.990476460278332));
#6917=DIRECTION('center_axis',(-2.62706128921268E-16,1.,1.30787151583875E-16));
#6918=DIRECTION('ref_axis',(-0.137682176168528,9.33716434279924E-17,-0.990476460278334));
#6919=DIRECTION('center_axis',(2.55994399358583E-16,-1.,-1.29854180868162E-16));
#6920=DIRECTION('ref_axis',(0.990476460278332,2.71435032734279E-16,-0.137682176168545));
#6921=DIRECTION('center_axis',(-2.55994399358583E-16,1.,1.29854180868162E-16));
#6922=DIRECTION('ref_axis',(0.990476460278332,2.71435032734279E-16,-0.137682176168546));
#6923=DIRECTION('center_axis',(2.62706128921268E-16,-1.,-1.30787151583875E-16));
#6924=DIRECTION('ref_axis',(-0.137682176168544,9.33716434279879E-17,-0.990476460278332));
#6925=DIRECTION('center_axis',(-2.62706128921268E-16,1.,1.30787151583875E-16));
#6926=DIRECTION('ref_axis',(-0.137682176168559,9.33716434279837E-17,-0.99047646027833));
#6927=DIRECTION('center_axis',(2.62706128921268E-16,-1.,-1.30787151583875E-16));
#6928=DIRECTION('ref_axis',(-0.137682176168544,9.33716434279879E-17,-0.990476460278332));
#6929=DIRECTION('center_axis',(-2.62706128921268E-16,1.,1.30787151583875E-16));
#6930=DIRECTION('ref_axis',(-0.137682176168572,9.337164342798E-17,-0.990476460278328));
#6931=DIRECTION('center_axis',(2.55994399358583E-16,-1.,-1.29854180868162E-16));
#6932=DIRECTION('ref_axis',(0.990476460278332,2.71435032734279E-16,-0.137682176168545));
#6933=DIRECTION('center_axis',(-2.55994399358583E-16,1.,1.29854180868162E-16));
#6934=DIRECTION('ref_axis',(0.990476460278332,2.71435032734279E-16,-0.137682176168545));
#6935=DIRECTION('center_axis',(2.62706128921268E-16,-1.,-1.30787151583875E-16));
#6936=DIRECTION('ref_axis',(-0.137682176168544,9.33716434279879E-17,-0.990476460278332));
#6937=DIRECTION('center_axis',(-2.62706128921268E-16,1.,1.30787151583875E-16));
#6938=DIRECTION('ref_axis',(-0.137682176168567,9.33716434279814E-17,-0.990476460278329));
#6939=DIRECTION('center_axis',(2.62706128921268E-16,-1.,-1.30787151583875E-16));
#6940=DIRECTION('ref_axis',(-0.137682176168544,9.33716434279879E-17,-0.990476460278332));
#6941=DIRECTION('center_axis',(-2.62706128921268E-16,1.,1.30787151583875E-16));
#6942=DIRECTION('ref_axis',(-0.137682176168537,9.33716434279899E-17,-0.990476460278333));
#6943=DIRECTION('center_axis',(2.62706128921268E-16,-1.,-1.30787151583875E-16));
#6944=DIRECTION('ref_axis',(-0.137682176168544,9.33716434279879E-17,-0.990476460278332));
#6945=DIRECTION('center_axis',(-2.62706128921268E-16,1.,1.30787151583875E-16));
#6946=DIRECTION('ref_axis',(-0.137682176168537,9.33716434279899E-17,-0.990476460278333));
#6947=DIRECTION('center_axis',(2.62706128921268E-16,-1.,-1.30787151583875E-16));
#6948=DIRECTION('ref_axis',(-0.137682176168544,9.33716434279879E-17,-0.990476460278332));
#6949=DIRECTION('center_axis',(-2.62706128921268E-16,1.,1.30787151583875E-16));
#6950=DIRECTION('ref_axis',(-0.137682176168571,9.33716434279803E-17,-0.990476460278328));
#6951=DIRECTION('center_axis',(2.62706128921268E-16,-1.,-1.30787151583875E-16));
#6952=DIRECTION('ref_axis',(-0.137682176168544,9.33716434279879E-17,-0.990476460278332));
#6953=DIRECTION('center_axis',(-2.62706128921268E-16,1.,1.30787151583875E-16));
#6954=DIRECTION('ref_axis',(-0.137682176168583,9.33716434279769E-17,-0.990476460278326));
#6955=DIRECTION('center_axis',(2.55994399358583E-16,-1.,-1.29854180868162E-16));
#6956=DIRECTION('ref_axis',(0.990476460278332,2.71435032734279E-16,-0.137682176168545));
#6957=DIRECTION('center_axis',(-2.55994399358583E-16,1.,1.29854180868162E-16));
#6958=DIRECTION('ref_axis',(0.990476460278335,2.71435032734277E-16,-0.137682176168524));
#6959=DIRECTION('center_axis',(2.62706128921268E-16,-1.,-1.30787151583875E-16));
#6960=DIRECTION('ref_axis',(-0.137682176168544,9.33716434279879E-17,-0.990476460278332));
#6961=DIRECTION('center_axis',(-2.62706128921268E-16,1.,1.30787151583875E-16));
#6962=DIRECTION('ref_axis',(-0.137682176168557,9.33716434279842E-17,-0.99047646027833));
#6963=DIRECTION('center_axis',(2.55994399358583E-16,-1.,-1.29854180868162E-16));
#6964=DIRECTION('ref_axis',(0.990476460278332,2.71435032734279E-16,-0.137682176168545));
#6965=DIRECTION('center_axis',(-2.55994399358583E-16,1.,1.29854180868162E-16));
#6966=DIRECTION('ref_axis',(0.990476460278328,2.71435032734282E-16,-0.137682176168576));
#6967=DIRECTION('center_axis',(2.62706128921268E-16,-1.,-1.30787151583875E-16));
#6968=DIRECTION('ref_axis',(-0.137682176168544,9.33716434279879E-17,-0.990476460278332));
#6969=DIRECTION('center_axis',(-2.62706128921268E-16,1.,1.30787151583875E-16));
#6970=DIRECTION('ref_axis',(-0.137682176168544,9.33716434279879E-17,-0.990476460278332));
#6971=DIRECTION('center_axis',(2.62706128921268E-16,-1.,-1.30787151583875E-16));
#6972=DIRECTION('ref_axis',(-0.137682176168544,9.33716434279879E-17,-0.990476460278332));
#6973=DIRECTION('center_axis',(-2.62706128921268E-16,1.,1.30787151583875E-16));
#6974=DIRECTION('ref_axis',(-0.137682176168535,9.33716434279904E-17,-0.990476460278333));
#6975=DIRECTION('center_axis',(2.62706128921268E-16,-1.,-1.30787151583875E-16));
#6976=DIRECTION('ref_axis',(0.072262372148639,-1.11461461107085E-16,0.99738565739209));
#6977=DIRECTION('center_axis',(-2.62706128921268E-16,1.,1.30787151583875E-16));
#6978=DIRECTION('ref_axis',(-0.137682176168544,9.33716434279879E-17,-0.990476460278332));
#6979=DIRECTION('center_axis',(2.62706128921268E-16,-1.,-1.30787151583875E-16));
#6980=DIRECTION('ref_axis',(-0.137682176168544,9.33716434279879E-17,-0.990476460278332));
#6981=DIRECTION('center_axis',(-2.62706128921268E-16,1.,1.30787151583875E-16));
#6982=DIRECTION('ref_axis',(-0.137682176168535,9.33716434279904E-17,-0.990476460278333));
#6983=DIRECTION('center_axis',(2.62706128921268E-16,-1.,-1.30787151583875E-16));
#6984=DIRECTION('ref_axis',(-0.137682176168544,9.33716434279879E-17,-0.990476460278332));
#6985=DIRECTION('center_axis',(-2.62706128921268E-16,1.,1.30787151583875E-16));
#6986=DIRECTION('ref_axis',(-0.137682176168543,9.33716434279882E-17,-0.990476460278332));
#6987=DIRECTION('center_axis',(2.62706128921268E-16,-1.,-1.30787151583875E-16));
#6988=DIRECTION('ref_axis',(-0.137682176168544,9.33716434279879E-17,-0.990476460278332));
#6989=DIRECTION('center_axis',(-2.62706128921268E-16,1.,1.30787151583875E-16));
#6990=DIRECTION('ref_axis',(-0.137682176168543,9.33716434279882E-17,-0.990476460278332));
#6991=DIRECTION('center_axis',(2.62706128921268E-16,-1.,-1.30787151583875E-16));
#6992=DIRECTION('ref_axis',(-0.137682176168544,9.33716434279879E-17,-0.990476460278332));
#6993=DIRECTION('center_axis',(-2.62706128921268E-16,1.,1.30787151583875E-16));
#6994=DIRECTION('ref_axis',(-0.137682176168543,9.33716434279882E-17,-0.990476460278332));
#6995=DIRECTION('center_axis',(2.55994399358583E-16,-1.,-1.29854180868162E-16));
#6996=DIRECTION('ref_axis',(0.990476460278332,2.71435032734279E-16,-0.137682176168545));
#6997=DIRECTION('center_axis',(-2.55994399358583E-16,1.,1.29854180868162E-16));
#6998=DIRECTION('ref_axis',(0.990476460278333,2.71435032734278E-16,-0.137682176168535));
#6999=DIRECTION('center_axis',(2.62706128921268E-16,-1.,-1.30787151583875E-16));
#7000=DIRECTION('ref_axis',(-0.137682176168544,9.33716434279879E-17,-0.990476460278332));
#7001=DIRECTION('center_axis',(-2.62706128921268E-16,1.,1.30787151583875E-16));
#7002=DIRECTION('ref_axis',(-0.137682176168543,9.33716434279882E-17,-0.990476460278332));
#7003=DIRECTION('center_axis',(2.62706128921268E-16,-1.,-1.30787151583875E-16));
#7004=DIRECTION('ref_axis',(-0.137682176168544,9.33716434279879E-17,-0.990476460278332));
#7005=DIRECTION('center_axis',(-2.62706128921268E-16,1.,1.30787151583875E-16));
#7006=DIRECTION('ref_axis',(-0.137682176168549,9.33716434279865E-17,-0.990476460278331));
#7007=DIRECTION('center_axis',(2.55994399358583E-16,-1.,-1.29854180868162E-16));
#7008=DIRECTION('ref_axis',(-0.992817575629732,-2.69691239122348E-16,0.119638043785001));
#7009=DIRECTION('center_axis',(-2.55994399358583E-16,1.,1.29854180868162E-16));
#7010=DIRECTION('ref_axis',(0.990476460278333,2.71435032734278E-16,-0.137682176168535));
#7011=DIRECTION('center_axis',(2.62706128921268E-16,-1.,-1.30787151583875E-16));
#7012=DIRECTION('ref_axis',(-0.137682176168544,9.33716434279879E-17,-0.990476460278332));
#7013=DIRECTION('center_axis',(-2.62706128921268E-16,1.,1.30787151583875E-16));
#7014=DIRECTION('ref_axis',(-0.137682176168546,9.33716434279873E-17,-0.990476460278332));
#7015=DIRECTION('center_axis',(2.62706128921268E-16,-1.,-1.30787151583875E-16));
#7016=DIRECTION('ref_axis',(-0.137682176168544,9.33716434279879E-17,-0.990476460278332));
#7017=DIRECTION('center_axis',(-2.62706128921268E-16,1.,1.30787151583875E-16));
#7018=DIRECTION('ref_axis',(-0.137682176168544,9.33716434279879E-17,-0.990476460278332));
#7019=DIRECTION('center_axis',(2.55994399358583E-16,-1.,-1.29854180868162E-16));
#7020=DIRECTION('ref_axis',(0.990476460278332,2.71435032734279E-16,-0.137682176168545));
#7021=DIRECTION('center_axis',(-2.55994399358583E-16,1.,1.29854180868162E-16));
#7022=DIRECTION('ref_axis',(0.990476460278332,2.71435032734279E-16,-0.137682176168543));
#7023=DIRECTION('center_axis',(2.55994399358583E-16,-1.,-1.29854180868162E-16));
#7024=DIRECTION('ref_axis',(0.990476460278332,2.71435032734279E-16,-0.137682176168545));
#7025=DIRECTION('center_axis',(-2.55994399358583E-16,1.,1.29854180868162E-16));
#7026=DIRECTION('ref_axis',(0.990476460278332,2.71435032734279E-16,-0.137682176168544));
#7027=DIRECTION('center_axis',(2.62706128921268E-16,-1.,-1.30787151583875E-16));
#7028=DIRECTION('ref_axis',(-0.137682176168544,9.33716434279879E-17,-0.990476460278332));
#7029=DIRECTION('center_axis',(-2.62706128921268E-16,1.,1.30787151583875E-16));
#7030=DIRECTION('ref_axis',(-0.137682176168544,9.33716434279879E-17,-0.990476460278332));
#7031=DIRECTION('center_axis',(2.62706128921268E-16,-1.,-1.30787151583875E-16));
#7032=DIRECTION('ref_axis',(-0.137682176168544,9.33716434279879E-17,-0.990476460278332));
#7033=DIRECTION('center_axis',(-2.62706128921268E-16,1.,1.30787151583875E-16));
#7034=DIRECTION('ref_axis',(-0.137682176168544,9.33716434279879E-17,-0.990476460278332));
#7035=DIRECTION('center_axis',(2.62706128921268E-16,-1.,-1.30787151583875E-16));
#7036=DIRECTION('ref_axis',(-0.137682176168544,9.33716434279879E-17,-0.990476460278332));
#7037=DIRECTION('center_axis',(-2.62706128921268E-16,1.,1.30787151583875E-16));
#7038=DIRECTION('ref_axis',(-0.137682176168544,9.33716434279879E-17,-0.990476460278332));
#7039=DIRECTION('center_axis',(2.62706128921268E-16,-1.,-1.30787151583875E-16));
#7040=DIRECTION('ref_axis',(-0.137682176168544,9.33716434279879E-17,-0.990476460278332));
#7041=DIRECTION('',(2.62706128921268E-16,-1.,-1.30787151583875E-16));
#7042=DIRECTION('center_axis',(-2.62706128921268E-16,1.,1.30787151583875E-16));
#7043=DIRECTION('ref_axis',(-0.137682176168548,9.33716434279868E-17,-0.990476460278331));
#7044=DIRECTION('',(-2.62706128921268E-16,1.,1.30787151583875E-16));
#7045=DIRECTION('center_axis',(-2.62706128921268E-16,1.,1.30787151583875E-16));
#7046=DIRECTION('ref_axis',(-0.137682176168551,9.33716434279859E-17,-0.990476460278331));
#7047=DIRECTION('',(-2.62706128921268E-16,1.,1.30787151583875E-16));
#7048=DIRECTION('center_axis',(2.62706128921268E-16,-1.,-1.30787151583875E-16));
#7049=DIRECTION('ref_axis',(-0.137682176168544,9.33716434279879E-17,-0.990476460278332));
#7050=DIRECTION('center_axis',(-2.88417351040466E-16,1.,-5.41776781619748E-17));
#7051=DIRECTION('ref_axis',(0.137682176168544,9.33716434279897E-17,0.990476460278332));
#7052=DIRECTION('center_axis',(-2.62706128921268E-16,1.,1.30787151583875E-16));
#7053=DIRECTION('ref_axis',(-0.137682176168571,9.33716434279803E-17,-0.990476460278328));
#7054=DIRECTION('center_axis',(-2.62706128921268E-16,1.,1.30787151583875E-16));
#7055=DIRECTION('ref_axis',(-0.137682176168558,9.33716434279839E-17,-0.99047646027833));
#7056=DIRECTION('center_axis',(2.62706128921268E-16,-1.,-1.30787151583875E-16));
#7057=DIRECTION('ref_axis',(-0.137682176168544,9.33716434279879E-17,-0.990476460278332));
#7058=DIRECTION('',(2.62706128921268E-16,-1.,-1.30787151583875E-16));
#7059=DIRECTION('',(2.62706128921268E-16,-1.,-1.30787151583875E-16));
#7060=DIRECTION('center_axis',(2.62706128921268E-16,-1.,-1.30787151583875E-16));
#7061=DIRECTION('ref_axis',(-0.137682176168544,9.33716434279879E-17,-0.990476460278332));
#7062=DIRECTION('',(-2.62706128921268E-16,1.,1.30787151583875E-16));
#7063=DIRECTION('center_axis',(-2.62706128921268E-16,1.,1.30787151583875E-16));
#7064=DIRECTION('ref_axis',(-0.137682176168543,9.33716434279882E-17,-0.990476460278332));
#7065=DIRECTION('center_axis',(2.62706128921268E-16,-1.,-1.30787151583875E-16));
#7066=DIRECTION('ref_axis',(-0.137682176168544,9.33716434279879E-17,-0.990476460278332));
#7067=DIRECTION('',(2.62706128921268E-16,-1.,-1.30787151583875E-16));
#7068=DIRECTION('center_axis',(-2.62706128921268E-16,1.,1.30787151583875E-16));
#7069=DIRECTION('ref_axis',(-0.137682176168542,9.33716434279884E-17,-0.990476460278332));
#7070=DIRECTION('',(2.62706128921268E-16,-1.,-1.30787151583875E-16));
#7071=DIRECTION('center_axis',(2.62706128921268E-16,-1.,-1.30787151583875E-16));
#7072=DIRECTION('ref_axis',(-0.137682176168544,9.33716434279879E-17,-0.990476460278332));
#7073=DIRECTION('',(-2.62706128921268E-16,1.,1.30787151583875E-16));
#7074=DIRECTION('center_axis',(-2.62706128921268E-16,1.,1.30787151583875E-16));
#7075=DIRECTION('ref_axis',(-0.137682176168541,9.33716434279887E-17,-0.990476460278332));
#7076=DIRECTION('center_axis',(2.62706128921268E-16,-1.,-1.30787151583875E-16));
#7077=DIRECTION('ref_axis',(-0.137682176168544,9.33716434279879E-17,-0.990476460278332));
#7078=DIRECTION('center_axis',(-2.62706128921268E-16,1.,1.30787151583875E-16));
#7079=DIRECTION('ref_axis',(-0.137682176168543,9.33716434279882E-17,-0.990476460278332));
#7080=DIRECTION('',(-2.62706128921268E-16,1.,1.30787151583875E-16));
#7081=DIRECTION('center_axis',(-2.62706128921268E-16,1.,1.30787151583875E-16));
#7082=DIRECTION('ref_axis',(-0.137682176168556,9.33716434279845E-17,-0.99047646027833));
#7083=DIRECTION('center_axis',(2.62706128921268E-16,-1.,-1.30787151583875E-16));
#7084=DIRECTION('ref_axis',(-0.137682176168544,9.33716434279879E-17,-0.990476460278332));
#7085=DIRECTION('center_axis',(-2.88417351040466E-16,1.,-5.41776781619748E-17));
#7086=DIRECTION('ref_axis',(0.137682176168544,9.33716434279897E-17,0.990476460278332));
#7087=DIRECTION('center_axis',(-2.62706128921268E-16,1.,1.30787151583875E-16));
#7088=DIRECTION('ref_axis',(-0.137682176168501,9.3371643428E-17,-0.990476460278338));
#7089=DIRECTION('center_axis',(2.62706128921268E-16,-1.,-1.30787151583875E-16));
#7090=DIRECTION('ref_axis',(-0.137682176168544,9.33716434279879E-17,-0.990476460278332));
#7091=DIRECTION('',(2.62706128921268E-16,-1.,-1.30787151583875E-16));
#7092=DIRECTION('center_axis',(-2.62706128921268E-16,1.,1.30787151583875E-16));
#7093=DIRECTION('ref_axis',(-0.137682176168555,9.33716434279848E-17,-0.99047646027833));
#7094=DIRECTION('',(2.62706128921268E-16,-1.,-1.30787151583875E-16));
#7095=DIRECTION('center_axis',(2.62706128921268E-16,-1.,-1.30787151583875E-16));
#7096=DIRECTION('ref_axis',(-0.137682176168544,9.33716434279879E-17,-0.990476460278332));
#7097=DIRECTION('',(-2.62706128921268E-16,1.,1.30787151583875E-16));
#7098=DIRECTION('center_axis',(-2.62706128921268E-16,1.,1.30787151583875E-16));
#7099=DIRECTION('ref_axis',(-0.137682176168544,9.33716434279879E-17,-0.990476460278332));
#7100=DIRECTION('center_axis',(2.62706128921268E-16,-1.,-1.30787151583875E-16));
#7101=DIRECTION('ref_axis',(-0.137682176168544,9.33716434279879E-17,-0.990476460278332));
#7102=DIRECTION('center_axis',(-2.62706128921268E-16,1.,1.30787151583875E-16));
#7103=DIRECTION('ref_axis',(-0.137682176168551,9.33716434279859E-17,-0.990476460278331));
#7104=DIRECTION('',(-2.62706128921268E-16,1.,1.30787151583875E-16));
#7105=DIRECTION('center_axis',(-2.62706128921268E-16,1.,1.30787151583875E-16));
#7106=DIRECTION('ref_axis',(-0.137682176168553,9.33716434279854E-17,-0.990476460278331));
#7107=DIRECTION('center_axis',(2.62706128921268E-16,-1.,-1.30787151583875E-16));
#7108=DIRECTION('ref_axis',(-0.137682176168544,9.33716434279879E-17,-0.990476460278332));
#7109=DIRECTION('center_axis',(-2.88417351040466E-16,1.,-5.41776781619748E-17));
#7110=DIRECTION('ref_axis',(0.137682176168544,9.33716434279897E-17,0.990476460278332));
#7111=DIRECTION('center_axis',(-2.62706128921268E-16,1.,1.30787151583875E-16));
#7112=DIRECTION('ref_axis',(-0.137682176168564,9.33716434279823E-17,-0.990476460278329));
#7113=DIRECTION('center_axis',(2.62706128921268E-16,-1.,-1.30787151583875E-16));
#7114=DIRECTION('ref_axis',(-0.137682176168544,9.33716434279879E-17,-0.990476460278332));
#7115=DIRECTION('',(2.62706128921268E-16,-1.,-1.30787151583875E-16));
#7116=DIRECTION('center_axis',(-2.62706128921268E-16,1.,1.30787151583875E-16));
#7117=DIRECTION('ref_axis',(-0.137682176168544,9.33716434279879E-17,-0.990476460278332));
#7118=DIRECTION('',(2.62706128921268E-16,-1.,-1.30787151583875E-16));
#7119=DIRECTION('center_axis',(2.62706128921268E-16,-1.,-1.30787151583875E-16));
#7120=DIRECTION('ref_axis',(-0.137682176168544,9.33716434279879E-17,-0.990476460278332));
#7121=DIRECTION('',(-2.62706128921268E-16,1.,1.30787151583875E-16));
#7122=DIRECTION('center_axis',(-2.62706128921268E-16,1.,1.30787151583875E-16));
#7123=DIRECTION('ref_axis',(-0.137682176168538,9.33716434279896E-17,-0.990476460278333));
#7124=DIRECTION('center_axis',(2.62706128921268E-16,-1.,-1.30787151583875E-16));
#7125=DIRECTION('ref_axis',(-0.137682176168544,9.33716434279879E-17,-0.990476460278332));
#7126=DIRECTION('center_axis',(-2.62706128921268E-16,1.,1.30787151583875E-16));
#7127=DIRECTION('ref_axis',(-0.137682176168542,9.33716434279885E-17,-0.990476460278332));
#7128=DIRECTION('',(-2.62706128921268E-16,1.,1.30787151583875E-16));
#7129=DIRECTION('center_axis',(-2.62706128921268E-16,1.,1.30787151583875E-16));
#7130=DIRECTION('ref_axis',(-0.137682176168555,9.33716434279848E-17,-0.99047646027833));
#7131=DIRECTION('center_axis',(2.62706128921268E-16,-1.,-1.30787151583875E-16));
#7132=DIRECTION('ref_axis',(-0.137682176168544,9.33716434279879E-17,-0.990476460278332));
#7133=DIRECTION('center_axis',(-2.88417351040466E-16,1.,-5.41776781619748E-17));
#7134=DIRECTION('ref_axis',(0.137682176168544,9.33716434279897E-17,0.990476460278332));
#7135=DIRECTION('center_axis',(-2.62706128921268E-16,1.,1.30787151583875E-16));
#7136=DIRECTION('ref_axis',(-0.137682176168518,9.33716434279952E-17,-0.990476460278336));
#7137=DIRECTION('center_axis',(2.62706128921268E-16,-1.,-1.30787151583875E-16));
#7138=DIRECTION('ref_axis',(-0.137682176168544,9.33716434279879E-17,-0.990476460278332));
#7139=DIRECTION('',(2.62706128921268E-16,-1.,-1.30787151583875E-16));
#7140=DIRECTION('center_axis',(-2.62706128921268E-16,1.,1.30787151583875E-16));
#7141=DIRECTION('ref_axis',(-0.137682176168541,9.33716434279887E-17,-0.990476460278332));
#7142=DIRECTION('',(2.62706128921268E-16,-1.,-1.30787151583875E-16));
#7143=DIRECTION('center_axis',(2.62706128921268E-16,-1.,-1.30787151583875E-16));
#7144=DIRECTION('ref_axis',(-0.137682176168544,9.33716434279879E-17,-0.990476460278332));
#7145=DIRECTION('',(-2.62706128921268E-16,1.,1.30787151583875E-16));
#7146=DIRECTION('center_axis',(-2.62706128921268E-16,1.,1.30787151583875E-16));
#7147=DIRECTION('ref_axis',(-0.137682176168542,9.33716434279884E-17,-0.990476460278332));
#7148=DIRECTION('center_axis',(2.62706128921268E-16,-1.,-1.30787151583875E-16));
#7149=DIRECTION('ref_axis',(0.900905762369601,1.79909911837581E-16,0.434014754736805));
#7150=DIRECTION('center_axis',(-2.62706128921268E-16,1.,1.30787151583875E-16));
#7151=DIRECTION('ref_axis',(-0.137682176168542,9.33716434279885E-17,-0.990476460278332));
#7152=DIRECTION('',(-2.62706128921268E-16,1.,1.30787151583875E-16));
#7153=DIRECTION('center_axis',(-2.62706128921268E-16,1.,1.30787151583875E-16));
#7154=DIRECTION('ref_axis',(-0.137682176168556,9.33716434279845E-17,-0.99047646027833));
#7155=DIRECTION('center_axis',(2.62706128921268E-16,-1.,-1.30787151583875E-16));
#7156=DIRECTION('ref_axis',(-0.137682176168544,9.33716434279879E-17,-0.990476460278332));
#7157=DIRECTION('center_axis',(-2.88417351040466E-16,1.,-5.41776781619748E-17));
#7158=DIRECTION('ref_axis',(0.137682176168544,9.33716434279897E-17,0.990476460278332));
#7159=DIRECTION('center_axis',(-2.62706128921268E-16,1.,1.30787151583875E-16));
#7160=DIRECTION('ref_axis',(-0.137682176168535,9.33716434279904E-17,-0.990476460278333));
#7161=DIRECTION('center_axis',(2.62706128921268E-16,-1.,-1.30787151583875E-16));
#7162=DIRECTION('ref_axis',(-0.137682176168544,9.33716434279879E-17,-0.990476460278332));
#7163=DIRECTION('',(2.62706128921268E-16,-1.,-1.30787151583875E-16));
#7164=DIRECTION('center_axis',(-2.62706128921268E-16,1.,1.30787151583875E-16));
#7165=DIRECTION('ref_axis',(-0.137682176168541,9.33716434279887E-17,-0.990476460278332));
#7166=DIRECTION('',(2.62706128921268E-16,-1.,-1.30787151583875E-16));
#7167=DIRECTION('center_axis',(2.62706128921268E-16,-1.,-1.30787151583875E-16));
#7168=DIRECTION('ref_axis',(-0.137682176168544,9.33716434279879E-17,-0.990476460278332));
#7169=DIRECTION('',(-2.62706128921268E-16,1.,1.30787151583875E-16));
#7170=DIRECTION('center_axis',(-2.62706128921268E-16,1.,1.30787151583875E-16));
#7171=DIRECTION('ref_axis',(-0.13768217616855,9.33716434279862E-17,-0.990476460278331));
#7172=DIRECTION('center_axis',(2.62706128921268E-16,-1.,-1.30787151583875E-16));
#7173=DIRECTION('ref_axis',(0.802487389195326,1.32781706204941E-16,0.596669079291418));
#7174=DIRECTION('center_axis',(-2.62706128921268E-16,1.,1.30787151583875E-16));
#7175=DIRECTION('ref_axis',(-0.137682176168551,9.33716434279859E-17,-0.990476460278331));
#7176=DIRECTION('',(-2.62706128921268E-16,1.,1.30787151583875E-16));
#7177=DIRECTION('center_axis',(-2.62706128921268E-16,1.,1.30787151583875E-16));
#7178=DIRECTION('ref_axis',(-0.137682176168546,9.33716434279873E-17,-0.990476460278332));
#7179=DIRECTION('center_axis',(2.62706128921268E-16,-1.,-1.30787151583875E-16));
#7180=DIRECTION('ref_axis',(-0.137682176168545,9.33716434279876E-17,-0.990476460278332));
#7181=DIRECTION('center_axis',(-2.88417351040466E-16,1.,-5.41776781619748E-17));
#7182=DIRECTION('ref_axis',(0.137682176168544,9.33716434279897E-17,0.990476460278332));
#7183=DIRECTION('center_axis',(-2.62706128921268E-16,1.,1.30787151583875E-16));
#7184=DIRECTION('ref_axis',(-0.137682176168567,9.33716434279814E-17,-0.990476460278329));
#7185=DIRECTION('center_axis',(2.62706128921268E-16,-1.,-1.30787151583875E-16));
#7186=DIRECTION('ref_axis',(0.523244063552704,2.60048517579561E-17,0.852182873541151));
#7187=DIRECTION('',(2.62706128921268E-16,-1.,-1.30787151583875E-16));
#7188=DIRECTION('center_axis',(-2.62706128921268E-16,1.,1.30787151583875E-16));
#7189=DIRECTION('ref_axis',(-0.13768217616854,9.3371643427989E-17,-0.990476460278332));
#7190=DIRECTION('',(2.62706128921268E-16,-1.,-1.30787151583875E-16));
#7191=DIRECTION('center_axis',(2.62706128921268E-16,-1.,-1.30787151583875E-16));
#7192=DIRECTION('ref_axis',(-0.137682176168544,9.33716434279879E-17,-0.990476460278332));
#7193=DIRECTION('',(-2.62706128921268E-16,1.,1.30787151583875E-16));
#7194=DIRECTION('center_axis',(-2.62706128921268E-16,1.,1.30787151583875E-16));
#7195=DIRECTION('ref_axis',(-0.13768217616854,9.3371643427989E-17,-0.990476460278332));
#7196=DIRECTION('center_axis',(2.62706128921268E-16,-1.,-1.30787151583875E-16));
#7197=DIRECTION('ref_axis',(0.67506503091504,8.08544237506967E-17,0.73775822871431));
#7198=DIRECTION('center_axis',(-2.62706128921268E-16,1.,1.30787151583875E-16));
#7199=DIRECTION('ref_axis',(-0.137682176168544,9.33716434279879E-17,-0.990476460278332));
#7200=DIRECTION('',(-2.62706128921268E-16,1.,1.30787151583875E-16));
#7201=DIRECTION('center_axis',(-2.62706128921268E-16,1.,1.30787151583875E-16));
#7202=DIRECTION('ref_axis',(-0.137682176168546,9.33716434279873E-17,-0.990476460278332));
#7203=DIRECTION('center_axis',(2.62706128921268E-16,-1.,-1.30787151583875E-16));
#7204=DIRECTION('ref_axis',(-0.137682176168544,9.33716434279879E-17,-0.990476460278332));
#7205=DIRECTION('center_axis',(-2.88417351040466E-16,1.,-5.41776781619748E-17));
#7206=DIRECTION('ref_axis',(0.137682176168544,9.33716434279897E-17,0.990476460278332));
#7207=DIRECTION('center_axis',(-2.62706128921268E-16,1.,1.30787151583875E-16));
#7208=DIRECTION('ref_axis',(-0.137682176168537,9.33716434279899E-17,-0.990476460278333));
#7209=DIRECTION('center_axis',(2.62706128921268E-16,-1.,-1.30787151583875E-16));
#7210=DIRECTION('ref_axis',(0.352511692434464,-2.97846033322975E-17,0.935807408977397));
#7211=DIRECTION('',(2.62706128921268E-16,-1.,-1.30787151583875E-16));
#7212=DIRECTION('center_axis',(-2.62706128921268E-16,1.,1.30787151583875E-16));
#7213=DIRECTION('ref_axis',(-0.137682176168541,9.33716434279887E-17,-0.990476460278332));
#7214=DIRECTION('',(2.62706128921268E-16,-1.,-1.30787151583875E-16));
#7215=DIRECTION('center_axis',(2.62706128921268E-16,-1.,-1.30787151583875E-16));
#7216=DIRECTION('ref_axis',(-0.137682176168544,9.33716434279879E-17,-0.990476460278332));
#7217=DIRECTION('',(-2.62706128921268E-16,1.,1.30787151583875E-16));
#7218=DIRECTION('center_axis',(-2.62706128921268E-16,1.,1.30787151583875E-16));
#7219=DIRECTION('ref_axis',(-0.137682176168544,9.33716434279879E-17,-0.990476460278332));
#7220=DIRECTION('center_axis',(2.62706128921268E-16,-1.,-1.30787151583875E-16));
#7221=DIRECTION('ref_axis',(0.523244063552704,2.60048517579561E-17,0.852182873541151));
#7222=DIRECTION('center_axis',(-2.62706128921268E-16,1.,1.30787151583875E-16));
#7223=DIRECTION('ref_axis',(-0.13768217616854,9.3371643427989E-17,-0.990476460278332));
#7224=DIRECTION('',(-2.62706128921268E-16,1.,1.30787151583875E-16));
#7225=DIRECTION('center_axis',(-2.62706128921268E-16,1.,1.30787151583875E-16));
#7226=DIRECTION('ref_axis',(-0.137682176168546,9.33716434279873E-17,-0.990476460278332));
#7227=DIRECTION('center_axis',(2.62706128921268E-16,-1.,-1.30787151583875E-16));
#7228=DIRECTION('ref_axis',(-0.137682176168544,9.33716434279879E-17,-0.990476460278332));
#7229=DIRECTION('center_axis',(-2.88417351040466E-16,1.,-5.41776781619748E-17));
#7230=DIRECTION('ref_axis',(0.137682176168544,9.33716434279897E-17,0.990476460278332));
#7231=DIRECTION('center_axis',(-2.62706128921268E-16,1.,1.30787151583875E-16));
#7232=DIRECTION('ref_axis',(-0.137682176168514,9.33716434279963E-17,-0.990476460278336));
#7233=DIRECTION('center_axis',(2.62706128921268E-16,-1.,-1.30787151583875E-16));
#7234=DIRECTION('ref_axis',(0.169038630291368,-8.44975652551003E-17,0.985609426430784));
#7235=DIRECTION('',(2.62706128921268E-16,-1.,-1.30787151583875E-16));
#7236=DIRECTION('center_axis',(-2.62706128921268E-16,1.,1.30787151583875E-16));
#7237=DIRECTION('ref_axis',(-0.137682176168541,9.33716434279887E-17,-0.990476460278332));
#7238=DIRECTION('',(2.62706128921268E-16,-1.,-1.30787151583875E-16));
#7239=DIRECTION('center_axis',(2.62706128921268E-16,-1.,-1.30787151583875E-16));
#7240=DIRECTION('ref_axis',(-0.137682176168544,9.33716434279879E-17,-0.990476460278332));
#7241=DIRECTION('',(-2.62706128921268E-16,1.,1.30787151583875E-16));
#7242=DIRECTION('center_axis',(-2.62706128921268E-16,1.,1.30787151583875E-16));
#7243=DIRECTION('ref_axis',(-0.137682176168544,9.33716434279879E-17,-0.990476460278332));
#7244=DIRECTION('center_axis',(2.62706128921268E-16,-1.,-1.30787151583875E-16));
#7245=DIRECTION('ref_axis',(0.352511692434466,-2.97846033322968E-17,0.935807408977397));
#7246=DIRECTION('center_axis',(-2.62706128921268E-16,1.,1.30787151583875E-16));
#7247=DIRECTION('ref_axis',(-0.13768217616854,9.3371643427989E-17,-0.990476460278332));
#7248=DIRECTION('',(-2.62706128921268E-16,1.,1.30787151583875E-16));
#7249=DIRECTION('center_axis',(-2.62706128921268E-16,1.,1.30787151583875E-16));
#7250=DIRECTION('ref_axis',(-0.137682176168548,9.33716434279868E-17,-0.990476460278331));
#7251=DIRECTION('center_axis',(2.62706128921268E-16,-1.,-1.30787151583875E-16));
#7252=DIRECTION('ref_axis',(-0.137682176168544,9.33716434279879E-17,-0.990476460278332));
#7253=DIRECTION('center_axis',(-2.88417351040466E-16,1.,-5.41776781619748E-17));
#7254=DIRECTION('ref_axis',(0.137682176168544,9.33716434279897E-17,0.990476460278332));
#7255=DIRECTION('center_axis',(-2.62706128921268E-16,1.,1.30787151583875E-16));
#7256=DIRECTION('ref_axis',(-0.137682176168528,9.33716434279924E-17,-0.990476460278334));
#7257=DIRECTION('center_axis',(2.62706128921268E-16,-1.,-1.30787151583875E-16));
#7258=DIRECTION('ref_axis',(-0.0205439283762917,-1.36156565013319E-16,0.999788951232644));
#7259=DIRECTION('',(2.62706128921268E-16,-1.,-1.30787151583875E-16));
#7260=DIRECTION('center_axis',(-2.62706128921268E-16,1.,1.30787151583875E-16));
#7261=DIRECTION('ref_axis',(-0.137682176168533,9.33716434279909E-17,-0.990476460278333));
#7262=DIRECTION('',(2.62706128921268E-16,-1.,-1.30787151583875E-16));
#7263=DIRECTION('center_axis',(2.62706128921268E-16,-1.,-1.30787151583875E-16));
#7264=DIRECTION('ref_axis',(-0.137682176168544,9.33716434279879E-17,-0.990476460278332));
#7265=DIRECTION('',(-2.62706128921268E-16,1.,1.30787151583875E-16));
#7266=DIRECTION('center_axis',(-2.62706128921268E-16,1.,1.30787151583875E-16));
#7267=DIRECTION('ref_axis',(-0.13768217616854,9.3371643427989E-17,-0.990476460278332));
#7268=DIRECTION('center_axis',(2.62706128921268E-16,-1.,-1.30787151583875E-16));
#7269=DIRECTION('ref_axis',(0.169038630291376,-8.4497565255098E-17,0.985609426430782));
#7270=DIRECTION('center_axis',(-2.62706128921268E-16,1.,1.30787151583875E-16));
#7271=DIRECTION('ref_axis',(-0.137682176168536,9.33716434279901E-17,-0.990476460278333));
#7272=DIRECTION('',(-2.62706128921268E-16,1.,1.30787151583875E-16));
#7273=DIRECTION('center_axis',(-2.62706128921268E-16,1.,1.30787151583875E-16));
#7274=DIRECTION('ref_axis',(-0.137682176168551,9.33716434279859E-17,-0.990476460278331));
#7275=DIRECTION('center_axis',(2.62706128921268E-16,-1.,-1.30787151583875E-16));
#7276=DIRECTION('ref_axis',(-0.137682176168544,9.33716434279879E-17,-0.990476460278332));
#7277=DIRECTION('center_axis',(-2.88417351040466E-16,1.,-5.41776781619748E-17));
#7278=DIRECTION('ref_axis',(0.137682176168544,9.33716434279897E-17,0.990476460278332));
#7279=DIRECTION('center_axis',(-2.62706128921268E-16,1.,1.30787151583875E-16));
#7280=DIRECTION('ref_axis',(-0.137682176168586,9.33716434279761E-17,-0.990476460278326));
#7281=DIRECTION('center_axis',(2.62706128921268E-16,-1.,-1.30787151583875E-16));
#7282=DIRECTION('ref_axis',(-0.20938397594577,-1.82894511759491E-16,0.977833498412251));
#7283=DIRECTION('',(2.62706128921268E-16,-1.,-1.30787151583875E-16));
#7284=DIRECTION('center_axis',(-2.62706128921268E-16,1.,1.30787151583875E-16));
#7285=DIRECTION('ref_axis',(-0.13768217616854,9.3371643427989E-17,-0.990476460278332));
#7286=DIRECTION('',(2.62706128921268E-16,-1.,-1.30787151583875E-16));
#7287=DIRECTION('center_axis',(2.62706128921268E-16,-1.,-1.30787151583875E-16));
#7288=DIRECTION('ref_axis',(-0.137682176168544,9.33716434279879E-17,-0.990476460278332));
#7289=DIRECTION('',(-2.62706128921268E-16,1.,1.30787151583875E-16));
#7290=DIRECTION('center_axis',(-2.62706128921268E-16,1.,1.30787151583875E-16));
#7291=DIRECTION('ref_axis',(-0.137682176168539,9.33716434279893E-17,-0.990476460278333));
#7292=DIRECTION('center_axis',(2.62706128921268E-16,-1.,-1.30787151583875E-16));
#7293=DIRECTION('ref_axis',(-0.0205439283762894,-1.36156565013318E-16,0.999788951232644));
#7294=DIRECTION('center_axis',(-2.62706128921268E-16,1.,1.30787151583875E-16));
#7295=DIRECTION('ref_axis',(-0.137682176168543,9.33716434279882E-17,-0.990476460278332));
#7296=DIRECTION('',(-2.62706128921268E-16,1.,1.30787151583875E-16));
#7297=DIRECTION('center_axis',(-2.62706128921268E-16,1.,1.30787151583875E-16));
#7298=DIRECTION('ref_axis',(-0.137682176168544,9.33716434279879E-17,-0.990476460278332));
#7299=DIRECTION('center_axis',(2.62706128921268E-16,-1.,-1.30787151583875E-16));
#7300=DIRECTION('ref_axis',(-0.137682176168544,9.33716434279879E-17,-0.990476460278332));
#7301=DIRECTION('center_axis',(-2.88417351040466E-16,1.,-5.41776781619748E-17));
#7302=DIRECTION('ref_axis',(0.137682176168544,9.33716434279897E-17,0.990476460278332));
#7303=DIRECTION('center_axis',(-2.62706128921268E-16,1.,1.30787151583875E-16));
#7304=DIRECTION('ref_axis',(-0.137682176168512,9.33716434279969E-17,-0.990476460278336));
#7305=DIRECTION('center_axis',(2.62706128921268E-16,-1.,-1.30787151583875E-16));
#7306=DIRECTION('ref_axis',(-0.137682176168544,9.33716434279879E-17,-0.990476460278332));
#7307=DIRECTION('',(2.62706128921268E-16,-1.,-1.30787151583875E-16));
#7308=DIRECTION('center_axis',(-2.62706128921268E-16,1.,1.30787151583875E-16));
#7309=DIRECTION('ref_axis',(-0.137682176168543,9.33716434279882E-17,-0.990476460278332));
#7310=DIRECTION('',(2.62706128921268E-16,-1.,-1.30787151583875E-16));
#7311=DIRECTION('center_axis',(2.62706128921268E-16,-1.,-1.30787151583875E-16));
#7312=DIRECTION('ref_axis',(-0.137682176168544,9.33716434279879E-17,-0.990476460278332));
#7313=DIRECTION('',(-2.62706128921268E-16,1.,1.30787151583875E-16));
#7314=DIRECTION('center_axis',(-2.62706128921268E-16,1.,1.30787151583875E-16));
#7315=DIRECTION('ref_axis',(-0.137682176168539,9.33716434279893E-17,-0.990476460278333));
#7316=DIRECTION('center_axis',(2.62706128921268E-16,-1.,-1.30787151583875E-16));
#7317=DIRECTION('ref_axis',(-0.209383975945759,-1.82894511759488E-16,0.977833498412253));
#7318=DIRECTION('center_axis',(-2.62706128921268E-16,1.,1.30787151583875E-16));
#7319=DIRECTION('ref_axis',(-0.137682176168542,9.33716434279885E-17,-0.990476460278332));
#7320=DIRECTION('',(-2.62706128921268E-16,1.,1.30787151583875E-16));
#7321=DIRECTION('center_axis',(-2.62706128921268E-16,1.,1.30787151583875E-16));
#7322=DIRECTION('ref_axis',(-0.137682176168541,9.33716434279887E-17,-0.990476460278332));
#7323=DIRECTION('center_axis',(2.62706128921268E-16,-1.,-1.30787151583875E-16));
#7324=DIRECTION('ref_axis',(-0.137682176168544,9.33716434279879E-17,-0.990476460278332));
#7325=DIRECTION('center_axis',(-2.88417351040466E-16,1.,-5.41776781619748E-17));
#7326=DIRECTION('ref_axis',(0.137682176168544,9.33716434279897E-17,0.990476460278332));
#7327=DIRECTION('center_axis',(-2.62706128921268E-16,1.,1.30787151583875E-16));
#7328=DIRECTION('ref_axis',(-0.137682176168545,9.33716434279876E-17,-0.990476460278332));
#7329=DIRECTION('center_axis',(2.62706128921268E-16,-1.,-1.30787151583875E-16));
#7330=DIRECTION('ref_axis',(-0.137682176168544,9.33716434279879E-17,-0.990476460278332));
#7331=DIRECTION('',(2.62706128921268E-16,-1.,-1.30787151583875E-16));
#7332=DIRECTION('center_axis',(-2.62706128921268E-16,1.,1.30787151583875E-16));
#7333=DIRECTION('ref_axis',(-0.137682176168543,9.33716434279882E-17,-0.990476460278332));
#7334=DIRECTION('',(2.62706128921268E-16,-1.,-1.30787151583875E-16));
#7335=DIRECTION('center_axis',(2.62706128921268E-16,-1.,-1.30787151583875E-16));
#7336=DIRECTION('ref_axis',(-0.137682176168544,9.33716434279879E-17,-0.990476460278332));
#7337=DIRECTION('',(-2.62706128921268E-16,1.,1.30787151583875E-16));
#7338=DIRECTION('center_axis',(-2.62706128921268E-16,1.,1.30787151583875E-16));
#7339=DIRECTION('ref_axis',(-0.137682176168543,9.33716434279882E-17,-0.990476460278332));
#7340=DIRECTION('center_axis',(2.62706128921268E-16,-1.,-1.30787151583875E-16));
#7341=DIRECTION('ref_axis',(-0.390656341079945,-2.23022174323673E-16,0.920536595238902));
#7342=DIRECTION('center_axis',(-2.62706128921268E-16,1.,1.30787151583875E-16));
#7343=DIRECTION('ref_axis',(-0.137682176168543,9.33716434279882E-17,-0.990476460278332));
#7344=DIRECTION('',(-2.62706128921268E-16,1.,1.30787151583875E-16));
#7345=DIRECTION('center_axis',(-2.62706128921268E-16,1.,1.30787151583875E-16));
#7346=DIRECTION('ref_axis',(-0.137682176168539,9.33716434279893E-17,-0.990476460278333));
#7347=DIRECTION('center_axis',(2.62706128921268E-16,-1.,-1.30787151583875E-16));
#7348=DIRECTION('ref_axis',(-0.137682176168544,9.33716434279879E-17,-0.990476460278332));
#7349=DIRECTION('center_axis',(-2.88417351040466E-16,1.,-5.41776781619748E-17));
#7350=DIRECTION('ref_axis',(0.137682176168544,9.33716434279897E-17,0.990476460278332));
#7351=DIRECTION('center_axis',(-2.62706128921268E-16,1.,1.30787151583875E-16));
#7352=DIRECTION('ref_axis',(-0.137682176168545,9.33716434279876E-17,-0.990476460278332));
#7353=DIRECTION('center_axis',(2.62706128921268E-16,-1.,-1.30787151583875E-16));
#7354=DIRECTION('ref_axis',(-0.137682176168544,9.33716434279879E-17,-0.990476460278332));
#7355=DIRECTION('',(2.62706128921268E-16,-1.,-1.30787151583875E-16));
#7356=DIRECTION('center_axis',(-2.62706128921268E-16,1.,1.30787151583875E-16));
#7357=DIRECTION('ref_axis',(-0.137682176168546,9.33716434279873E-17,-0.990476460278332));
#7358=DIRECTION('',(2.62706128921268E-16,-1.,-1.30787151583875E-16));
#7359=DIRECTION('center_axis',(2.62706128921268E-16,-1.,-1.30787151583875E-16));
#7360=DIRECTION('ref_axis',(-0.137682176168544,9.33716434279879E-17,-0.990476460278332));
#7361=DIRECTION('',(-2.62706128921268E-16,1.,1.30787151583875E-16));
#7362=DIRECTION('center_axis',(-2.62706128921268E-16,1.,1.30787151583875E-16));
#7363=DIRECTION('ref_axis',(-0.137682176168544,9.33716434279879E-17,-0.990476460278332));
#7364=DIRECTION('center_axis',(2.62706128921268E-16,-1.,-1.30787151583875E-16));
#7365=DIRECTION('ref_axis',(-0.557809368202282,-2.55089234429182E-16,0.829969101078933));
#7366=DIRECTION('center_axis',(-2.62706128921268E-16,1.,1.30787151583875E-16));
#7367=DIRECTION('ref_axis',(-0.137682176168546,9.33716434279873E-17,-0.990476460278332));
#7368=DIRECTION('',(-2.62706128921268E-16,1.,1.30787151583875E-16));
#7369=DIRECTION('center_axis',(-2.62706128921268E-16,1.,1.30787151583875E-16));
#7370=DIRECTION('ref_axis',(-0.137682176168537,9.33716434279899E-17,-0.990476460278333));
#7371=DIRECTION('center_axis',(2.62706128921268E-16,-1.,-1.30787151583875E-16));
#7372=DIRECTION('ref_axis',(-0.137682176168544,9.33716434279879E-17,-0.990476460278332));
#7373=DIRECTION('center_axis',(-2.88417351040466E-16,1.,-5.41776781619748E-17));
#7374=DIRECTION('ref_axis',(0.137682176168544,9.33716434279897E-17,0.990476460278332));
#7375=DIRECTION('center_axis',(-2.62706128921268E-16,1.,1.30787151583875E-16));
#7376=DIRECTION('ref_axis',(-0.137682176168544,9.33716434279879E-17,-0.990476460278332));
#7377=DIRECTION('center_axis',(2.62706128921268E-16,-1.,-1.30787151583875E-16));
#7378=DIRECTION('ref_axis',(-0.137682176168544,9.33716434279879E-17,-0.990476460278332));
#7379=DIRECTION('',(2.62706128921268E-16,-1.,-1.30787151583875E-16));
#7380=DIRECTION('center_axis',(-2.62706128921268E-16,1.,1.30787151583875E-16));
#7381=DIRECTION('ref_axis',(-0.137682176168545,9.33716434279876E-17,-0.990476460278332));
#7382=DIRECTION('',(2.62706128921268E-16,-1.,-1.30787151583875E-16));
#7383=DIRECTION('center_axis',(2.62706128921268E-16,-1.,-1.30787151583875E-16));
#7384=DIRECTION('ref_axis',(-0.137682176168544,9.33716434279879E-17,-0.990476460278332));
#7385=DIRECTION('',(-2.62706128921268E-16,1.,1.30787151583875E-16));
#7386=DIRECTION('center_axis',(-2.62706128921268E-16,1.,1.30787151583875E-16));
#7387=DIRECTION('ref_axis',(-0.137682176168548,9.33716434279867E-17,-0.990476460278331));
#7388=DIRECTION('center_axis',(2.62706128921268E-16,-1.,-1.30787151583875E-16));
#7389=DIRECTION('ref_axis',(-0.704801711399685,-2.77936704973909E-16,0.709404361142554));
#7390=DIRECTION('center_axis',(-2.62706128921268E-16,1.,1.30787151583875E-16));
#7391=DIRECTION('ref_axis',(-0.137682176168545,9.33716434279876E-17,-0.990476460278332));
#7392=DIRECTION('',(-2.62706128921268E-16,1.,1.30787151583875E-16));
#7393=DIRECTION('center_axis',(-2.62706128921268E-16,1.,1.30787151583875E-16));
#7394=DIRECTION('ref_axis',(-0.137682176168543,9.33716434279882E-17,-0.990476460278332));
#7395=DIRECTION('center_axis',(2.62706128921268E-16,-1.,-1.30787151583875E-16));
#7396=DIRECTION('ref_axis',(-0.137682176168545,9.33716434279876E-17,-0.990476460278332));
#7397=DIRECTION('center_axis',(-2.88417351040466E-16,1.,-5.41776781619748E-17));
#7398=DIRECTION('ref_axis',(0.137682176168544,9.33716434279897E-17,0.990476460278332));
#7399=DIRECTION('center_axis',(-2.62706128921268E-16,1.,1.30787151583875E-16));
#7400=DIRECTION('ref_axis',(-0.137682176168544,9.33716434279879E-17,-0.990476460278332));
#7401=DIRECTION('center_axis',(2.62706128921268E-16,-1.,-1.30787151583875E-16));
#7402=DIRECTION('ref_axis',(-0.137682176168544,9.33716434279879E-17,-0.990476460278332));
#7403=DIRECTION('',(2.62706128921268E-16,-1.,-1.30787151583875E-16));
#7404=DIRECTION('center_axis',(-2.62706128921268E-16,1.,1.30787151583875E-16));
#7405=DIRECTION('ref_axis',(-0.137682176168547,9.3371643427987E-17,-0.990476460278331));
#7406=DIRECTION('',(2.62706128921268E-16,-1.,-1.30787151583875E-16));
#7407=DIRECTION('center_axis',(2.62706128921268E-16,-1.,-1.30787151583875E-16));
#7408=DIRECTION('ref_axis',(-0.137682176168544,9.33716434279879E-17,-0.990476460278332));
#7409=DIRECTION('',(-2.62706128921268E-16,1.,1.30787151583875E-16));
#7410=DIRECTION('center_axis',(-2.62706128921268E-16,1.,1.30787151583875E-16));
#7411=DIRECTION('ref_axis',(-0.137682176168541,9.33716434279887E-17,-0.990476460278332));
#7412=DIRECTION('center_axis',(2.62706128921268E-16,-1.,-1.30787151583875E-16));
#7413=DIRECTION('ref_axis',(-0.137682176168544,9.33716434279879E-17,-0.990476460278332));
#7414=DIRECTION('center_axis',(-2.62706128921268E-16,1.,1.30787151583875E-16));
#7415=DIRECTION('ref_axis',(-0.137682176168547,9.33716434279871E-17,-0.990476460278332));
#7416=DIRECTION('',(-2.62706128921268E-16,1.,1.30787151583875E-16));
#7417=DIRECTION('center_axis',(-2.62706128921268E-16,1.,1.30787151583875E-16));
#7418=DIRECTION('ref_axis',(-0.137682176168544,9.33716434279879E-17,-0.990476460278332));
#7419=DIRECTION('center_axis',(2.62706128921268E-16,-1.,-1.30787151583875E-16));
#7420=DIRECTION('ref_axis',(-0.137682176168544,9.33716434279879E-17,-0.990476460278332));
#7421=DIRECTION('center_axis',(-2.88417351040466E-16,1.,-5.41776781619748E-17));
#7422=DIRECTION('ref_axis',(0.137682176168544,9.33716434279897E-17,0.990476460278332));
#7423=DIRECTION('center_axis',(-2.62706128921268E-16,1.,1.30787151583875E-16));
#7424=DIRECTION('ref_axis',(-0.137682176168544,9.33716434279879E-17,-0.990476460278332));
#7425=DIRECTION('center_axis',(2.62706128921268E-16,-1.,-1.30787151583875E-16));
#7426=DIRECTION('ref_axis',(-0.137682176168544,9.33716434279879E-17,-0.990476460278332));
#7427=DIRECTION('',(2.62706128921268E-16,-1.,-1.30787151583875E-16));
#7428=DIRECTION('center_axis',(-2.62706128921268E-16,1.,1.30787151583875E-16));
#7429=DIRECTION('ref_axis',(-0.137682176168547,9.3371643427987E-17,-0.990476460278331));
#7430=DIRECTION('',(2.62706128921268E-16,-1.,-1.30787151583875E-16));
#7431=DIRECTION('center_axis',(2.62706128921268E-16,-1.,-1.30787151583875E-16));
#7432=DIRECTION('ref_axis',(-0.137682176168544,9.33716434279879E-17,-0.990476460278332));
#7433=DIRECTION('',(-2.62706128921268E-16,1.,1.30787151583875E-16));
#7434=DIRECTION('center_axis',(-2.62706128921268E-16,1.,1.30787151583875E-16));
#7435=DIRECTION('ref_axis',(-0.137682176168542,9.33716434279884E-17,-0.990476460278332));
#7436=DIRECTION('center_axis',(2.62706128921268E-16,-1.,-1.30787151583875E-16));
#7437=DIRECTION('ref_axis',(-0.137682176168544,9.33716434279879E-17,-0.990476460278332));
#7438=DIRECTION('center_axis',(-2.62706128921268E-16,1.,1.30787151583875E-16));
#7439=DIRECTION('ref_axis',(-0.137682176168545,9.33716434279876E-17,-0.990476460278332));
#7440=DIRECTION('',(-2.62706128921268E-16,1.,1.30787151583875E-16));
#7441=DIRECTION('center_axis',(-2.62706128921268E-16,1.,1.30787151583875E-16));
#7442=DIRECTION('ref_axis',(-0.137682176168542,9.33716434279885E-17,-0.990476460278332));
#7443=DIRECTION('center_axis',(2.62706128921268E-16,-1.,-1.30787151583875E-16));
#7444=DIRECTION('ref_axis',(-0.137682176168544,9.33716434279879E-17,-0.990476460278332));
#7445=DIRECTION('center_axis',(-2.88417351040466E-16,1.,-5.41776781619748E-17));
#7446=DIRECTION('ref_axis',(0.137682176168544,9.33716434279897E-17,0.990476460278332));
#7447=DIRECTION('center_axis',(-2.62706128921268E-16,1.,1.30787151583875E-16));
#7448=DIRECTION('ref_axis',(-0.137682176168544,9.33716434279879E-17,-0.990476460278332));
#7449=DIRECTION('center_axis',(2.62706128921268E-16,-1.,-1.30787151583875E-16));
#7450=DIRECTION('ref_axis',(-0.137682176168544,9.33716434279879E-17,-0.990476460278332));
#7451=DIRECTION('',(2.62706128921268E-16,-1.,-1.30787151583875E-16));
#7452=DIRECTION('center_axis',(-2.62706128921268E-16,1.,1.30787151583875E-16));
#7453=DIRECTION('ref_axis',(-0.137682176168544,9.33716434279879E-17,-0.990476460278332));
#7454=DIRECTION('',(2.62706128921268E-16,-1.,-1.30787151583875E-16));
#7455=DIRECTION('center_axis',(2.62706128921268E-16,-1.,-1.30787151583875E-16));
#7456=DIRECTION('ref_axis',(-0.137682176168544,9.33716434279879E-17,-0.990476460278332));
#7457=DIRECTION('',(-2.62706128921268E-16,1.,1.30787151583875E-16));
#7458=DIRECTION('center_axis',(-2.62706128921268E-16,1.,1.30787151583875E-16));
#7459=DIRECTION('ref_axis',(-0.137682176168545,9.33716434279876E-17,-0.990476460278332));
#7460=DIRECTION('center_axis',(2.62706128921268E-16,-1.,-1.30787151583875E-16));
#7461=DIRECTION('ref_axis',(-0.137682176168544,9.33716434279879E-17,-0.990476460278332));
#7462=DIRECTION('center_axis',(-2.62706128921268E-16,1.,1.30787151583875E-16));
#7463=DIRECTION('ref_axis',(-0.137682176168545,9.33716434279876E-17,-0.990476460278332));
#7464=DIRECTION('',(-2.62706128921268E-16,1.,1.30787151583875E-16));
#7465=DIRECTION('center_axis',(-2.62706128921268E-16,1.,1.30787151583875E-16));
#7466=DIRECTION('ref_axis',(-0.137682176168544,9.33716434279879E-17,-0.990476460278332));
#7467=DIRECTION('center_axis',(2.62706128921268E-16,-1.,-1.30787151583875E-16));
#7468=DIRECTION('ref_axis',(-0.137682176168544,9.33716434279879E-17,-0.990476460278332));
#7469=DIRECTION('center_axis',(-2.88417351040466E-16,1.,-5.41776781619748E-17));
#7470=DIRECTION('ref_axis',(0.137682176168544,9.33716434279897E-17,0.990476460278332));
#7471=DIRECTION('center_axis',(-2.62706128921268E-16,1.,1.30787151583875E-16));
#7472=DIRECTION('ref_axis',(-0.137682176168544,9.33716434279879E-17,-0.990476460278332));
#7473=DIRECTION('center_axis',(2.62706128921268E-16,-1.,-1.30787151583875E-16));
#7474=DIRECTION('ref_axis',(-0.137682176168544,9.33716434279879E-17,-0.990476460278332));
#7475=DIRECTION('',(2.62706128921268E-16,-1.,-1.30787151583875E-16));
#7476=DIRECTION('center_axis',(-2.62706128921268E-16,1.,1.30787151583875E-16));
#7477=DIRECTION('ref_axis',(-0.137682176168546,9.33716434279873E-17,-0.990476460278332));
#7478=DIRECTION('',(2.62706128921268E-16,-1.,-1.30787151583875E-16));
#7479=DIRECTION('center_axis',(2.62706128921268E-16,-1.,-1.30787151583875E-16));
#7480=DIRECTION('ref_axis',(-0.137682176168544,9.33716434279879E-17,-0.990476460278332));
#7481=DIRECTION('',(-2.62706128921268E-16,1.,1.30787151583875E-16));
#7482=DIRECTION('center_axis',(-2.62706128921268E-16,1.,1.30787151583875E-16));
#7483=DIRECTION('ref_axis',(-0.137682176168546,9.33716434279873E-17,-0.990476460278332));
#7484=DIRECTION('center_axis',(2.62706128921268E-16,-1.,-1.30787151583875E-16));
#7485=DIRECTION('ref_axis',(-0.137682176168544,9.33716434279879E-17,-0.990476460278332));
#7486=DIRECTION('center_axis',(-2.62706128921268E-16,1.,1.30787151583875E-16));
#7487=DIRECTION('ref_axis',(-0.137682176168546,9.33716434279873E-17,-0.990476460278332));
#7488=DIRECTION('',(-2.62706128921268E-16,1.,1.30787151583875E-16));
#7489=DIRECTION('center_axis',(-2.62706128921268E-16,1.,1.30787151583875E-16));
#7490=DIRECTION('ref_axis',(-0.137682176168545,9.33716434279876E-17,-0.990476460278332));
#7491=DIRECTION('center_axis',(2.62706128921268E-16,-1.,-1.30787151583875E-16));
#7492=DIRECTION('ref_axis',(-0.137682176168544,9.33716434279879E-17,-0.990476460278332));
#7493=DIRECTION('center_axis',(-2.88417351040466E-16,1.,-5.41776781619748E-17));
#7494=DIRECTION('ref_axis',(0.137682176168544,9.33716434279897E-17,0.990476460278332));
#7495=DIRECTION('center_axis',(-2.62706128921268E-16,1.,1.30787151583875E-16));
#7496=DIRECTION('ref_axis',(-0.137682176168535,9.33716434279904E-17,-0.990476460278333));
#7497=DIRECTION('center_axis',(2.62706128921268E-16,-1.,-1.30787151583875E-16));
#7498=DIRECTION('ref_axis',(-0.137682176168544,9.33716434279879E-17,-0.990476460278332));
#7499=DIRECTION('',(2.62706128921268E-16,-1.,-1.30787151583875E-16));
#7500=DIRECTION('center_axis',(-2.62706128921268E-16,1.,1.30787151583875E-16));
#7501=DIRECTION('ref_axis',(-0.137682176168546,9.33716434279873E-17,-0.990476460278332));
#7502=DIRECTION('',(2.62706128921268E-16,-1.,-1.30787151583875E-16));
#7503=DIRECTION('center_axis',(2.62706128921268E-16,-1.,-1.30787151583875E-16));
#7504=DIRECTION('ref_axis',(-0.137682176168544,9.33716434279879E-17,-0.990476460278332));
#7505=DIRECTION('',(-2.62706128921268E-16,1.,1.30787151583875E-16));
#7506=DIRECTION('center_axis',(-2.62706128921268E-16,1.,1.30787151583875E-16));
#7507=DIRECTION('ref_axis',(-0.137682176168545,9.33716434279876E-17,-0.990476460278332));
#7508=DIRECTION('center_axis',(2.62706128921268E-16,-1.,-1.30787151583875E-16));
#7509=DIRECTION('ref_axis',(-0.137682176168544,9.33716434279879E-17,-0.990476460278332));
#7510=DIRECTION('center_axis',(-2.62706128921268E-16,1.,1.30787151583875E-16));
#7511=DIRECTION('ref_axis',(-0.137682176168545,9.33716434279876E-17,-0.990476460278332));
#7512=DIRECTION('',(-2.62706128921268E-16,1.,1.30787151583875E-16));
#7513=DIRECTION('center_axis',(-2.62706128921268E-16,1.,1.30787151583875E-16));
#7514=DIRECTION('ref_axis',(-0.137682176168546,9.33716434279873E-17,-0.990476460278332));
#7515=DIRECTION('center_axis',(2.62706128921268E-16,-1.,-1.30787151583875E-16));
#7516=DIRECTION('ref_axis',(-0.137682176168544,9.33716434279879E-17,-0.990476460278332));
#7517=DIRECTION('center_axis',(-2.88417351040466E-16,1.,-5.41776781619748E-17));
#7518=DIRECTION('ref_axis',(0.137682176168544,9.33716434279897E-17,0.990476460278332));
#7519=DIRECTION('center_axis',(-2.62706128921268E-16,1.,1.30787151583875E-16));
#7520=DIRECTION('ref_axis',(-0.137682176168535,9.33716434279904E-17,-0.990476460278333));
#7521=DIRECTION('center_axis',(2.62706128921268E-16,-1.,-1.30787151583875E-16));
#7522=DIRECTION('ref_axis',(-0.137682176168544,9.33716434279879E-17,-0.990476460278332));
#7523=DIRECTION('',(2.62706128921268E-16,-1.,-1.30787151583875E-16));
#7524=DIRECTION('center_axis',(-2.62706128921268E-16,1.,1.30787151583875E-16));
#7525=DIRECTION('ref_axis',(-0.137682176168545,9.33716434279876E-17,-0.990476460278332));
#7526=DIRECTION('center_axis',(2.62706128921268E-16,-1.,-1.30787151583875E-16));
#7527=DIRECTION('ref_axis',(-0.137682176168544,9.33716434279879E-17,-0.990476460278332));
#7528=DIRECTION('center_axis',(-2.62706128921268E-16,1.,1.30787151583875E-16));
#7529=DIRECTION('ref_axis',(-0.137682176168544,9.33716434279879E-17,-0.990476460278332));
#7530=DIRECTION('center_axis',(2.62706128921268E-16,-1.,-1.30787151583875E-16));
#7531=DIRECTION('ref_axis',(-0.137682176168544,9.33716434279879E-17,-0.990476460278332));
#7532=DIRECTION('center_axis',(-2.62706128921268E-16,1.,1.30787151583875E-16));
#7533=DIRECTION('ref_axis',(-0.137682176168544,9.33716434279879E-17,-0.990476460278332));
#7534=DIRECTION('',(-2.62706128921268E-16,1.,1.30787151583875E-16));
#7535=DIRECTION('center_axis',(-2.62706128921268E-16,1.,1.30787151583875E-16));
#7536=DIRECTION('ref_axis',(-0.137682176168546,9.33716434279873E-17,-0.990476460278332));
#7537=DIRECTION('center_axis',(2.62706128921268E-16,-1.,-1.30787151583875E-16));
#7538=DIRECTION('ref_axis',(-0.137682176168544,9.33716434279879E-17,-0.990476460278332));
#7539=DIRECTION('center_axis',(-2.88417351040466E-16,1.,-5.41776781619748E-17));
#7540=DIRECTION('ref_axis',(0.137682176168544,9.33716434279897E-17,0.990476460278332));
#7541=DIRECTION('center_axis',(-2.62706128921268E-16,1.,1.30787151583875E-16));
#7542=DIRECTION('ref_axis',(-0.137682176168543,9.33716434279882E-17,-0.990476460278332));
#7543=DIRECTION('center_axis',(2.62706128921268E-16,-1.,-1.30787151583875E-16));
#7544=DIRECTION('ref_axis',(-0.137682176168544,9.33716434279879E-17,-0.990476460278332));
#7545=DIRECTION('',(2.62706128921268E-16,-1.,-1.30787151583875E-16));
#7546=DIRECTION('center_axis',(-2.62706128921268E-16,1.,1.30787151583875E-16));
#7547=DIRECTION('ref_axis',(-0.137682176168544,9.33716434279879E-17,-0.990476460278332));
#7548=DIRECTION('center_axis',(2.62706128921268E-16,-1.,-1.30787151583875E-16));
#7549=DIRECTION('ref_axis',(-0.137682176168544,9.33716434279879E-17,-0.990476460278332));
#7550=DIRECTION('center_axis',(-2.62706128921268E-16,1.,1.30787151583875E-16));
#7551=DIRECTION('ref_axis',(-0.137682176168545,9.33716434279876E-17,-0.990476460278332));
#7552=DIRECTION('center_axis',(-2.88417351040466E-16,1.,-5.41776781619748E-17));
#7553=DIRECTION('ref_axis',(0.137682176168544,9.33716434279897E-17,0.990476460278332));
#7554=DIRECTION('center_axis',(-2.62706128921268E-16,1.,1.30787151583875E-16));
#7555=DIRECTION('ref_axis',(-0.137682176168543,9.33716434279882E-17,-0.990476460278332));
#7556=DIRECTION('center_axis',(2.62706128921268E-16,-1.,-1.30787151583875E-16));
#7557=DIRECTION('ref_axis',(-0.137682176168544,9.33716434279879E-17,-0.990476460278332));
#7558=DIRECTION('',(2.62706128921268E-16,-1.,-1.30787151583875E-16));
#7559=DIRECTION('center_axis',(-2.62706128921268E-16,1.,1.30787151583875E-16));
#7560=DIRECTION('ref_axis',(-0.137682176168544,9.33716434279879E-17,-0.990476460278332));
#7561=DIRECTION('center_axis',(2.62706128921268E-16,-1.,-1.30787151583875E-16));
#7562=DIRECTION('ref_axis',(-0.137682176168544,9.33716434279879E-17,-0.990476460278332));
#7563=DIRECTION('center_axis',(-2.62706128921268E-16,1.,1.30787151583875E-16));
#7564=DIRECTION('ref_axis',(-0.137682176168545,9.33716434279876E-17,-0.990476460278332));
#7565=DIRECTION('center_axis',(-2.88417351040466E-16,1.,-5.41776781619748E-17));
#7566=DIRECTION('ref_axis',(0.137682176168544,9.33716434279897E-17,0.990476460278332));
#7567=DIRECTION('center_axis',(-2.62706128921268E-16,1.,1.30787151583875E-16));
#7568=DIRECTION('ref_axis',(-0.137682176168543,9.33716434279882E-17,-0.990476460278332));
#7569=DIRECTION('center_axis',(-2.88417351040466E-16,1.,-5.41776781619748E-17));
#7570=DIRECTION('ref_axis',(0.137682176168544,9.33716434279897E-17,0.990476460278332));
#7571=DIRECTION('center_axis',(-2.62706128921268E-16,1.,1.30787151583875E-16));
#7572=DIRECTION('ref_axis',(-0.137682176168547,9.3371643427987E-17,-0.990476460278331));
#7573=DIRECTION('center_axis',(-2.88417351040466E-16,1.,-5.41776781619748E-17));
#7574=DIRECTION('ref_axis',(0.137682176168544,9.33716434279897E-17,0.990476460278332));
#7575=DIRECTION('center_axis',(-2.62706128921268E-16,1.,1.30787151583875E-16));
#7576=DIRECTION('ref_axis',(-0.137682176168544,9.33716434279879E-17,-0.990476460278332));
#7577=DIRECTION('center_axis',(-2.88417351040466E-16,1.,-5.41776781619748E-17));
#7578=DIRECTION('ref_axis',(0.137682176168544,9.33716434279897E-17,0.990476460278332));
#7579=DIRECTION('center_axis',(-2.62706128921268E-16,1.,1.30787151583875E-16));
#7580=DIRECTION('ref_axis',(-0.137682176168547,9.3371643427987E-17,-0.990476460278331));
#7581=DIRECTION('center_axis',(-2.88417351040466E-16,1.,-5.41776781619748E-17));
#7582=DIRECTION('ref_axis',(0.137682176168544,9.33716434279897E-17,0.990476460278332));
#7583=DIRECTION('center_axis',(-2.62706128921268E-16,1.,1.30787151583875E-16));
#7584=DIRECTION('ref_axis',(-0.137682176168544,9.33716434279879E-17,-0.990476460278332));
#7585=DIRECTION('center_axis',(-2.88417351040466E-16,1.,-5.41776781619748E-17));
#7586=DIRECTION('ref_axis',(0.137682176168544,9.33716434279897E-17,0.990476460278332));
#7587=DIRECTION('center_axis',(-2.62706128921268E-16,1.,1.30787151583875E-16));
#7588=DIRECTION('ref_axis',(-0.137682176168544,9.33716434279879E-17,-0.990476460278332));
#7589=DIRECTION('center_axis',(2.62706128921268E-16,-1.,-1.30787151583875E-16));
#7590=DIRECTION('ref_axis',(-0.137682176168544,9.33716434279879E-17,-0.990476460278332));
#7591=DIRECTION('',(2.62706128921268E-16,-1.,-1.30787151583875E-16));
#7592=DIRECTION('center_axis',(-2.62706128921268E-16,1.,1.30787151583875E-16));
#7593=DIRECTION('ref_axis',(-0.137682176168525,9.33716434279933E-17,-0.990476460278335));
#7594=DIRECTION('center_axis',(2.62706128921268E-16,-1.,-1.30787151583875E-16));
#7595=DIRECTION('ref_axis',(-0.137682176168544,9.33716434279879E-17,-0.990476460278332));
#7596=DIRECTION('center_axis',(-2.62706128921268E-16,1.,1.30787151583875E-16));
#7597=DIRECTION('ref_axis',(-0.137682176168513,9.33716434279966E-17,-0.990476460278336));
#7598=DIRECTION('center_axis',(-2.88417351040466E-16,1.,-5.41776781619748E-17));
#7599=DIRECTION('ref_axis',(0.137682176168544,9.33716434279897E-17,0.990476460278332));
#7600=DIRECTION('center_axis',(-2.62706128921268E-16,1.,1.30787151583875E-16));
#7601=DIRECTION('ref_axis',(-0.137682176168544,9.33716434279879E-17,-0.990476460278332));
#7602=DIRECTION('center_axis',(2.62706128921268E-16,-1.,-1.30787151583875E-16));
#7603=DIRECTION('ref_axis',(-0.137682176168544,9.33716434279879E-17,-0.990476460278332));
#7604=DIRECTION('',(2.62706128921268E-16,-1.,-1.30787151583875E-16));
#7605=DIRECTION('center_axis',(-2.62706128921268E-16,1.,1.30787151583875E-16));
#7606=DIRECTION('ref_axis',(-0.137682176168532,9.33716434279912E-17,-0.990476460278333));
#7607=DIRECTION('center_axis',(2.62706128921268E-16,-1.,-1.30787151583875E-16));
#7608=DIRECTION('ref_axis',(-0.137682176168544,9.33716434279879E-17,-0.990476460278332));
#7609=DIRECTION('center_axis',(-2.62706128921268E-16,1.,1.30787151583875E-16));
#7610=DIRECTION('ref_axis',(-0.137682176168525,9.33716434279933E-17,-0.990476460278335));
#7611=DIRECTION('center_axis',(-2.88417351040466E-16,1.,-5.41776781619748E-17));
#7612=DIRECTION('ref_axis',(0.137682176168544,9.33716434279897E-17,0.990476460278332));
#7613=DIRECTION('center_axis',(-2.62706128921268E-16,1.,1.30787151583875E-16));
#7614=DIRECTION('ref_axis',(-0.137682176168545,9.33716434279876E-17,-0.990476460278332));
#7615=DIRECTION('center_axis',(2.62706128921268E-16,-1.,-1.30787151583875E-16));
#7616=DIRECTION('ref_axis',(-0.137682176168544,9.33716434279879E-17,-0.990476460278332));
#7617=DIRECTION('',(2.62706128921268E-16,-1.,-1.30787151583875E-16));
#7618=DIRECTION('center_axis',(-2.62706128921268E-16,1.,1.30787151583875E-16));
#7619=DIRECTION('ref_axis',(-0.13768217616854,9.3371643427989E-17,-0.990476460278332));
#7620=DIRECTION('center_axis',(2.62706128921268E-16,-1.,-1.30787151583875E-16));
#7621=DIRECTION('ref_axis',(-0.137682176168544,9.33716434279879E-17,-0.990476460278332));
#7622=DIRECTION('center_axis',(-2.62706128921268E-16,1.,1.30787151583875E-16));
#7623=DIRECTION('ref_axis',(-0.137682176168566,9.33716434279817E-17,-0.990476460278329));
#7624=DIRECTION('center_axis',(-2.88417351040466E-16,1.,-5.41776781619748E-17));
#7625=DIRECTION('ref_axis',(0.137682176168544,9.33716434279897E-17,0.990476460278332));
#7626=DIRECTION('center_axis',(-2.62706128921268E-16,1.,1.30787151583875E-16));
#7627=DIRECTION('ref_axis',(-0.137682176168544,9.33716434279879E-17,-0.990476460278332));
#7628=DIRECTION('center_axis',(2.62706128921268E-16,-1.,-1.30787151583875E-16));
#7629=DIRECTION('ref_axis',(-0.137682176168544,9.33716434279879E-17,-0.990476460278332));
#7630=DIRECTION('',(2.62706128921268E-16,-1.,-1.30787151583875E-16));
#7631=DIRECTION('center_axis',(-2.62706128921268E-16,1.,1.30787151583875E-16));
#7632=DIRECTION('ref_axis',(-0.137682176168541,9.33716434279887E-17,-0.990476460278332));
#7633=DIRECTION('',(2.62706128921268E-16,-1.,-1.30787151583875E-16));
#7634=DIRECTION('center_axis',(2.62706128921268E-16,-1.,-1.30787151583875E-16));
#7635=DIRECTION('ref_axis',(-0.137682176168544,9.33716434279879E-17,-0.990476460278332));
#7636=DIRECTION('',(-2.62706128921268E-16,1.,1.30787151583875E-16));
#7637=DIRECTION('center_axis',(-2.62706128921268E-16,1.,1.30787151583875E-16));
#7638=DIRECTION('ref_axis',(-0.137682176168532,9.33716434279912E-17,-0.990476460278333));
#7639=DIRECTION('center_axis',(-2.88417351040466E-16,1.,-5.41776781619748E-17));
#7640=DIRECTION('ref_axis',(0.137682176168544,9.33716434279897E-17,0.990476460278332));
#7641=DIRECTION('center_axis',(-2.62706128921268E-16,1.,1.30787151583875E-16));
#7642=DIRECTION('ref_axis',(-0.137682176168544,9.33716434279879E-17,-0.990476460278332));
#7643=DIRECTION('center_axis',(2.62706128921268E-16,-1.,-1.30787151583875E-16));
#7644=DIRECTION('ref_axis',(-0.137682176168544,9.33716434279879E-17,-0.990476460278332));
#7645=DIRECTION('center_axis',(-2.62706128921268E-16,1.,1.30787151583875E-16));
#7646=DIRECTION('ref_axis',(-0.137682176168556,9.33716434279845E-17,-0.99047646027833));
#7647=DIRECTION('center_axis',(-2.62706128921268E-16,1.,1.30787151583875E-16));
#7648=DIRECTION('ref_axis',(-0.137682176168541,9.33716434279887E-17,-0.990476460278332));
#7649=DIRECTION('center_axis',(2.62706128921268E-16,-1.,-1.30787151583875E-16));
#7650=DIRECTION('ref_axis',(-0.137682176168544,9.33716434279879E-17,-0.990476460278332));
#7651=DIRECTION('center_axis',(2.62706128921268E-16,-1.,-1.30787151583875E-16));
#7652=DIRECTION('ref_axis',(-0.137682176168544,9.33716434279879E-17,-0.990476460278332));
#7653=DIRECTION('center_axis',(-2.62706128921268E-16,1.,1.30787151583875E-16));
#7654=DIRECTION('ref_axis',(-0.137682176168558,9.33716434279839E-17,-0.99047646027833));
#7655=DIRECTION('center_axis',(2.62706128921268E-16,-1.,-1.30787151583875E-16));
#7656=DIRECTION('ref_axis',(-0.137682176168544,9.33716434279879E-17,-0.990476460278332));
#7657=DIRECTION('center_axis',(-2.62706128921268E-16,1.,1.30787151583875E-16));
#7658=DIRECTION('ref_axis',(-0.13768217616855,9.33716434279862E-17,-0.990476460278331));
#7659=DIRECTION('center_axis',(-2.88417351040466E-16,1.,-5.41776781619748E-17));
#7660=DIRECTION('ref_axis',(0.137682176168544,9.33716434279897E-17,0.990476460278332));
#7661=DIRECTION('center_axis',(-2.88417351040466E-16,1.,-5.41776781619748E-17));
#7662=DIRECTION('ref_axis',(0.137682176168544,9.33716434279897E-17,0.990476460278332));
#7663=DIRECTION('center_axis',(-2.62706128921268E-16,1.,1.30787151583875E-16));
#7664=DIRECTION('ref_axis',(-0.137682176168554,9.33716434279851E-17,-0.990476460278331));
#7665=DIRECTION('center_axis',(-2.62706128921268E-16,1.,1.30787151583875E-16));
#7666=DIRECTION('ref_axis',(-0.137682176168545,9.33716434279876E-17,-0.990476460278332));
#7667=DIRECTION('center_axis',(-2.62706128921268E-16,1.,1.30787151583875E-16));
#7668=DIRECTION('ref_axis',(-0.137682176168513,9.33716434279966E-17,-0.990476460278336));
#7669=DIRECTION('center_axis',(-2.62706128921268E-16,1.,1.30787151583875E-16));
#7670=DIRECTION('ref_axis',(-0.137682176168539,9.33716434279893E-17,-0.990476460278333));
#7671=DIRECTION('center_axis',(-2.62706128921268E-16,1.,1.30787151583875E-16));
#7672=DIRECTION('ref_axis',(-0.137682176168511,9.33716434279972E-17,-0.990476460278337));
#7673=DIRECTION('center_axis',(-2.62706128921268E-16,1.,1.30787151583875E-16));
#7674=DIRECTION('ref_axis',(-0.137682176168544,9.33716434279879E-17,-0.990476460278332));
#7675=DIRECTION('center_axis',(-2.62706128921268E-16,1.,1.30787151583875E-16));
#7676=DIRECTION('ref_axis',(-0.137682176168535,9.33716434279904E-17,-0.990476460278333));
#7677=DIRECTION('center_axis',(-2.62706128921268E-16,1.,1.30787151583875E-16));
#7678=DIRECTION('ref_axis',(-0.137682176168537,9.33716434279899E-17,-0.990476460278333));
#7679=DIRECTION('center_axis',(-2.62706128921268E-16,1.,1.30787151583875E-16));
#7680=DIRECTION('ref_axis',(-0.137682176168537,9.33716434279899E-17,-0.990476460278333));
#7681=DIRECTION('center_axis',(-2.62706128921268E-16,1.,1.30787151583875E-16));
#7682=DIRECTION('ref_axis',(-0.137682176168525,9.33716434279933E-17,-0.990476460278335));
#7683=DIRECTION('center_axis',(-2.62706128921268E-16,1.,1.30787151583875E-16));
#7684=DIRECTION('ref_axis',(-0.137682176168558,9.33716434279839E-17,-0.99047646027833));
#7685=DIRECTION('center_axis',(-2.62706128921268E-16,1.,1.30787151583875E-16));
#7686=DIRECTION('ref_axis',(-0.137682176168545,9.33716434279876E-17,-0.990476460278332));
#7687=DIRECTION('center_axis',(-2.62706128921268E-16,1.,1.30787151583875E-16));
#7688=DIRECTION('ref_axis',(-0.137682176168534,9.33716434279907E-17,-0.990476460278333));
#7689=DIRECTION('center_axis',(-2.62706128921268E-16,1.,1.30787151583875E-16));
#7690=DIRECTION('ref_axis',(-0.137682176168544,9.33716434279879E-17,-0.990476460278332));
#7691=DIRECTION('center_axis',(-2.62706128921268E-16,1.,1.30787151583875E-16));
#7692=DIRECTION('ref_axis',(-0.137682176168544,9.33716434279879E-17,-0.990476460278332));
#7693=DIRECTION('center_axis',(-2.62706128921268E-16,1.,1.30787151583875E-16));
#7694=DIRECTION('ref_axis',(-0.137682176168544,9.33716434279879E-17,-0.990476460278332));
#7695=DIRECTION('center_axis',(-2.62706128921268E-16,1.,1.30787151583875E-16));
#7696=DIRECTION('ref_axis',(-0.137682176168544,9.33716434279879E-17,-0.990476460278332));
#7697=DIRECTION('center_axis',(-2.62706128921268E-16,1.,1.30787151583875E-16));
#7698=DIRECTION('ref_axis',(-0.137682176168535,9.33716434279904E-17,-0.990476460278333));
#7699=DIRECTION('center_axis',(-2.62706128921268E-16,1.,1.30787151583875E-16));
#7700=DIRECTION('ref_axis',(-0.137682176168543,9.33716434279882E-17,-0.990476460278332));
#7701=DIRECTION('center_axis',(-2.62706128921268E-16,1.,1.30787151583875E-16));
#7702=DIRECTION('ref_axis',(-0.137682176168543,9.33716434279882E-17,-0.990476460278332));
#7703=DIRECTION('center_axis',(-2.62706128921268E-16,1.,1.30787151583875E-16));
#7704=DIRECTION('ref_axis',(-0.137682176168543,9.33716434279882E-17,-0.990476460278332));
#7705=DIRECTION('center_axis',(-2.62706128921268E-16,1.,1.30787151583875E-16));
#7706=DIRECTION('ref_axis',(-0.137682176168546,9.33716434279873E-17,-0.990476460278332));
#7707=DIRECTION('center_axis',(-2.62706128921268E-16,1.,1.30787151583875E-16));
#7708=DIRECTION('ref_axis',(-0.137682176168547,9.3371643427987E-17,-0.990476460278331));
#7709=DIRECTION('center_axis',(-2.62706128921268E-16,1.,1.30787151583875E-16));
#7710=DIRECTION('ref_axis',(-0.137682176168544,9.33716434279879E-17,-0.990476460278332));
#7711=DIRECTION('center_axis',(-2.62706128921268E-16,1.,1.30787151583875E-16));
#7712=DIRECTION('ref_axis',(-0.137682176168546,9.33716434279873E-17,-0.990476460278332));
#7713=DIRECTION('center_axis',(-2.62706128921268E-16,1.,1.30787151583875E-16));
#7714=DIRECTION('ref_axis',(-0.137682176168544,9.33716434279879E-17,-0.990476460278332));
#7715=DIRECTION('center_axis',(-2.62706128921268E-16,1.,1.30787151583875E-16));
#7716=DIRECTION('ref_axis',(-0.137682176168546,9.33716434279873E-17,-0.990476460278332));
#7717=DIRECTION('center_axis',(-2.62706128921268E-16,1.,1.30787151583875E-16));
#7718=DIRECTION('ref_axis',(-0.137682176168543,9.33716434279882E-17,-0.990476460278332));
#7719=DIRECTION('center_axis',(-2.62706128921268E-16,1.,1.30787151583875E-16));
#7720=DIRECTION('ref_axis',(-0.137682176168545,9.33716434279876E-17,-0.990476460278332));
#7721=DIRECTION('center_axis',(-2.62706128921268E-16,1.,1.30787151583875E-16));
#7722=DIRECTION('ref_axis',(-0.137682176168544,9.33716434279879E-17,-0.990476460278332));
#7723=DIRECTION('center_axis',(-2.62706128921268E-16,1.,1.30787151583875E-16));
#7724=DIRECTION('ref_axis',(-0.137682176168544,9.33716434279879E-17,-0.990476460278332));
#7725=DIRECTION('center_axis',(-2.62706128921268E-16,1.,1.30787151583875E-16));
#7726=DIRECTION('ref_axis',(-0.137682176168562,9.33716434279828E-17,-0.990476460278329));
#7727=DIRECTION('center_axis',(2.62706128921268E-16,-1.,-1.30787151583875E-16));
#7728=DIRECTION('ref_axis',(-0.137682176168544,9.33716434279879E-17,-0.990476460278332));
#7729=DIRECTION('center_axis',(-2.88417351040466E-16,1.,-5.41776781619748E-17));
#7730=DIRECTION('ref_axis',(0.137682176168544,9.33716434279897E-17,0.990476460278332));
#7731=DIRECTION('center_axis',(-2.88417351040466E-16,1.,-5.41776781619748E-17));
#7732=DIRECTION('ref_axis',(0.137682176168544,9.33716434279897E-17,0.990476460278332));
#7733=DIRECTION('center_axis',(2.62706128921268E-16,-1.,-1.30787151583875E-16));
#7734=DIRECTION('ref_axis',(-0.137682176168544,9.33716434279879E-17,-0.990476460278332));
#7735=DIRECTION('center_axis',(-2.88417351040466E-16,1.,-5.41776781619748E-17));
#7736=DIRECTION('ref_axis',(0.137682176168544,9.33716434279897E-17,0.990476460278332));
#7737=DIRECTION('center_axis',(2.62706128921268E-16,-1.,-1.30787151583875E-16));
#7738=DIRECTION('ref_axis',(-0.137682176168544,9.33716434279879E-17,-0.990476460278332));
#7739=DIRECTION('center_axis',(-2.88417351040466E-16,1.,-5.41776781619748E-17));
#7740=DIRECTION('ref_axis',(0.137682176168544,9.33716434279897E-17,0.990476460278332));
#7741=DIRECTION('center_axis',(2.62706128921268E-16,-1.,-1.30787151583875E-16));
#7742=DIRECTION('ref_axis',(-0.137682176168544,9.33716434279879E-17,-0.990476460278332));
#7743=DIRECTION('center_axis',(-2.88417351040466E-16,1.,-5.41776781619748E-17));
#7744=DIRECTION('ref_axis',(0.137682176168544,9.33716434279897E-17,0.990476460278332));
#7745=DIRECTION('center_axis',(2.62706128921268E-16,-1.,-1.30787151583875E-16));
#7746=DIRECTION('ref_axis',(-0.137682176168544,9.33716434279879E-17,-0.990476460278332));
#7747=DIRECTION('center_axis',(-2.88417351040466E-16,1.,-5.41776781619748E-17));
#7748=DIRECTION('ref_axis',(0.137682176168544,9.33716434279897E-17,0.990476460278332));
#7749=DIRECTION('center_axis',(2.62706128921268E-16,-1.,-1.30787151583875E-16));
#7750=DIRECTION('ref_axis',(-0.137682176168544,9.33716434279879E-17,-0.990476460278332));
#7751=DIRECTION('center_axis',(-2.88417351040466E-16,1.,-5.41776781619748E-17));
#7752=DIRECTION('ref_axis',(0.137682176168544,9.33716434279897E-17,0.990476460278332));
#7753=DIRECTION('center_axis',(2.62706128921268E-16,-1.,-1.30787151583875E-16));
#7754=DIRECTION('ref_axis',(-0.137682176168544,9.33716434279879E-17,-0.990476460278332));
#7755=DIRECTION('center_axis',(-2.88417351040466E-16,1.,-5.41776781619748E-17));
#7756=DIRECTION('ref_axis',(0.137682176168544,9.33716434279897E-17,0.990476460278332));
#7757=DIRECTION('center_axis',(2.62706128921268E-16,-1.,-1.30787151583875E-16));
#7758=DIRECTION('ref_axis',(-0.137682176168544,9.33716434279879E-17,-0.990476460278332));
#7759=DIRECTION('center_axis',(-2.88417351040466E-16,1.,-5.41776781619748E-17));
#7760=DIRECTION('ref_axis',(0.137682176168544,9.33716434279897E-17,0.990476460278332));
#7761=DIRECTION('center_axis',(2.62706128921268E-16,-1.,-1.30787151583875E-16));
#7762=DIRECTION('ref_axis',(-0.137682176168544,9.33716434279879E-17,-0.990476460278332));
#7763=DIRECTION('center_axis',(-2.88417351040466E-16,1.,-5.41776781619748E-17));
#7764=DIRECTION('ref_axis',(0.137682176168544,9.33716434279897E-17,0.990476460278332));
#7765=DIRECTION('center_axis',(2.62706128921268E-16,-1.,-1.30787151583875E-16));
#7766=DIRECTION('ref_axis',(-0.137682176168544,9.33716434279879E-17,-0.990476460278332));
#7767=DIRECTION('center_axis',(-2.88417351040466E-16,1.,-5.41776781619748E-17));
#7768=DIRECTION('ref_axis',(0.137682176168544,9.33716434279897E-17,0.990476460278332));
#7769=DIRECTION('center_axis',(2.62706128921268E-16,-1.,-1.30787151583875E-16));
#7770=DIRECTION('ref_axis',(-0.137682176168544,9.33716434279879E-17,-0.990476460278332));
#7771=DIRECTION('center_axis',(-2.88417351040466E-16,1.,-5.41776781619748E-17));
#7772=DIRECTION('ref_axis',(0.137682176168544,9.33716434279897E-17,0.990476460278332));
#7773=DIRECTION('center_axis',(2.62706128921268E-16,-1.,-1.30787151583875E-16));
#7774=DIRECTION('ref_axis',(-0.137682176168544,9.33716434279879E-17,-0.990476460278332));
#7775=DIRECTION('center_axis',(-2.88417351040466E-16,1.,-5.41776781619748E-17));
#7776=DIRECTION('ref_axis',(0.137682176168544,9.33716434279897E-17,0.990476460278332));
#7777=DIRECTION('center_axis',(2.62706128921268E-16,-1.,-1.30787151583875E-16));
#7778=DIRECTION('ref_axis',(-0.137682176168544,9.33716434279879E-17,-0.990476460278332));
#7779=DIRECTION('center_axis',(-2.88417351040466E-16,1.,-5.41776781619748E-17));
#7780=DIRECTION('ref_axis',(0.137682176168544,9.33716434279897E-17,0.990476460278332));
#7781=DIRECTION('center_axis',(2.62706128921268E-16,-1.,-1.30787151583875E-16));
#7782=DIRECTION('ref_axis',(-0.137682176168544,9.33716434279879E-17,-0.990476460278332));
#7783=DIRECTION('center_axis',(-2.88417351040466E-16,1.,-5.41776781619748E-17));
#7784=DIRECTION('ref_axis',(0.137682176168544,9.33716434279897E-17,0.990476460278332));
#7785=DIRECTION('center_axis',(2.62706128921268E-16,-1.,-1.30787151583875E-16));
#7786=DIRECTION('ref_axis',(-0.137682176168544,9.33716434279879E-17,-0.990476460278332));
#7787=DIRECTION('center_axis',(-2.88417351040466E-16,1.,-5.41776781619748E-17));
#7788=DIRECTION('ref_axis',(0.137682176168544,9.33716434279897E-17,0.990476460278332));
#7789=DIRECTION('center_axis',(2.62706128921268E-16,-1.,-1.30787151583875E-16));
#7790=DIRECTION('ref_axis',(-0.137682176168544,9.33716434279879E-17,-0.990476460278332));
#7791=DIRECTION('center_axis',(-2.88417351040466E-16,1.,-5.41776781619748E-17));
#7792=DIRECTION('ref_axis',(0.137682176168544,9.33716434279897E-17,0.990476460278332));
#7793=DIRECTION('center_axis',(2.62706128921268E-16,-1.,-1.30787151583875E-16));
#7794=DIRECTION('ref_axis',(-0.137682176168544,9.33716434279879E-17,-0.990476460278332));
#7795=DIRECTION('center_axis',(-2.88417351040466E-16,1.,-5.41776781619748E-17));
#7796=DIRECTION('ref_axis',(0.137682176168544,9.33716434279897E-17,0.990476460278332));
#7797=DIRECTION('center_axis',(2.62706128921268E-16,-1.,-1.30787151583875E-16));
#7798=DIRECTION('ref_axis',(-0.137682176168544,9.33716434279879E-17,-0.990476460278332));
#7799=DIRECTION('center_axis',(-2.88417351040466E-16,1.,-5.41776781619748E-17));
#7800=DIRECTION('ref_axis',(0.137682176168544,9.33716434279897E-17,0.990476460278332));
#7801=DIRECTION('center_axis',(2.62706128921268E-16,-1.,-1.30787151583875E-16));
#7802=DIRECTION('ref_axis',(-0.137682176168544,9.33716434279879E-17,-0.990476460278332));
#7803=DIRECTION('center_axis',(-2.88417351040466E-16,1.,-5.41776781619748E-17));
#7804=DIRECTION('ref_axis',(0.137682176168544,9.33716434279897E-17,0.990476460278332));
#7805=DIRECTION('center_axis',(2.62706128921268E-16,-1.,-1.30787151583875E-16));
#7806=DIRECTION('ref_axis',(-0.137682176168544,9.33716434279879E-17,-0.990476460278332));
#7807=DIRECTION('center_axis',(-2.88417351040466E-16,1.,-5.41776781619748E-17));
#7808=DIRECTION('ref_axis',(0.137682176168544,9.33716434279897E-17,0.990476460278332));
#7809=DIRECTION('center_axis',(2.62706128921268E-16,-1.,-1.30787151583875E-16));
#7810=DIRECTION('ref_axis',(-0.137682176168544,9.33716434279879E-17,-0.990476460278332));
#7811=DIRECTION('center_axis',(-2.88417351040466E-16,1.,-5.41776781619748E-17));
#7812=DIRECTION('ref_axis',(0.137682176168544,9.33716434279897E-17,0.990476460278332));
#7813=DIRECTION('center_axis',(2.62706128921268E-16,-1.,-1.30787151583875E-16));
#7814=DIRECTION('ref_axis',(-0.137682176168544,9.33716434279879E-17,-0.990476460278332));
#7815=DIRECTION('center_axis',(-2.88417351040466E-16,1.,-5.41776781619748E-17));
#7816=DIRECTION('ref_axis',(0.137682176168544,9.33716434279897E-17,0.990476460278332));
#7817=DIRECTION('center_axis',(2.62706128921268E-16,-1.,-1.30787151583875E-16));
#7818=DIRECTION('ref_axis',(-0.137682176168544,9.33716434279879E-17,-0.990476460278332));
#7819=DIRECTION('center_axis',(2.62706128921268E-16,-1.,-1.30787151583875E-16));
#7820=DIRECTION('ref_axis',(-0.137682176168544,9.33716434279879E-17,-0.990476460278332));
#7821=DIRECTION('center_axis',(-2.88417351040466E-16,1.,-5.41776781619748E-17));
#7822=DIRECTION('ref_axis',(0.137682176168544,9.33716434279897E-17,0.990476460278332));
#7823=DIRECTION('center_axis',(-2.88417351040466E-16,1.,-5.41776781619748E-17));
#7824=DIRECTION('ref_axis',(0.137682176168544,9.33716434279897E-17,0.990476460278332));
#7825=DIRECTION('center_axis',(2.62706128921268E-16,-1.,-1.30787151583875E-16));
#7826=DIRECTION('ref_axis',(-0.137682176168544,9.33716434279879E-17,-0.990476460278332));
#7827=DIRECTION('center_axis',(-2.88417351040466E-16,1.,-5.41776781619748E-17));
#7828=DIRECTION('ref_axis',(0.137682176168544,9.33716434279897E-17,0.990476460278332));
#7829=DIRECTION('center_axis',(2.62706128921268E-16,-1.,-1.30787151583875E-16));
#7830=DIRECTION('ref_axis',(-0.137682176168544,9.33716434279879E-17,-0.990476460278332));
#7831=DIRECTION('center_axis',(-2.88417351040466E-16,1.,-5.41776781619748E-17));
#7832=DIRECTION('ref_axis',(0.137682176168544,9.33716434279897E-17,0.990476460278332));
#7833=DIRECTION('center_axis',(2.62706128921268E-16,-1.,-1.30787151583875E-16));
#7834=DIRECTION('ref_axis',(-0.137682176168544,9.33716434279879E-17,-0.990476460278332));
#7835=DIRECTION('center_axis',(-2.88417351040466E-16,1.,-5.41776781619748E-17));
#7836=DIRECTION('ref_axis',(0.137682176168544,9.33716434279897E-17,0.990476460278332));
#7837=DIRECTION('center_axis',(2.62706128921268E-16,-1.,-1.30787151583875E-16));
#7838=DIRECTION('ref_axis',(-0.137682176168544,9.33716434279879E-17,-0.990476460278332));
#7839=DIRECTION('center_axis',(-2.88417351040466E-16,1.,-5.41776781619748E-17));
#7840=DIRECTION('ref_axis',(0.137682176168544,9.33716434279897E-17,0.990476460278332));
#7841=DIRECTION('center_axis',(2.62706128921268E-16,-1.,-1.30787151583875E-16));
#7842=DIRECTION('ref_axis',(-0.137682176168544,9.33716434279879E-17,-0.990476460278332));
#7843=DIRECTION('center_axis',(-2.88417351040466E-16,1.,-5.41776781619748E-17));
#7844=DIRECTION('ref_axis',(0.137682176168544,9.33716434279897E-17,0.990476460278332));
#7845=DIRECTION('center_axis',(2.62706128921268E-16,-1.,-1.30787151583875E-16));
#7846=DIRECTION('ref_axis',(-0.137682176168544,9.33716434279879E-17,-0.990476460278332));
#7847=DIRECTION('center_axis',(-2.88417351040466E-16,1.,-5.41776781619748E-17));
#7848=DIRECTION('ref_axis',(0.137682176168544,9.33716434279897E-17,0.990476460278332));
#7849=DIRECTION('center_axis',(2.62706128921268E-16,-1.,-1.30787151583875E-16));
#7850=DIRECTION('ref_axis',(-0.137682176168544,9.33716434279879E-17,-0.990476460278332));
#7851=DIRECTION('center_axis',(-2.88417351040466E-16,1.,-5.41776781619748E-17));
#7852=DIRECTION('ref_axis',(0.137682176168544,9.33716434279897E-17,0.990476460278332));
#7853=DIRECTION('center_axis',(2.62706128921268E-16,-1.,-1.30787151583875E-16));
#7854=DIRECTION('ref_axis',(-0.137682176168544,9.33716434279879E-17,-0.990476460278332));
#7855=DIRECTION('center_axis',(-2.88417351040466E-16,1.,-5.41776781619748E-17));
#7856=DIRECTION('ref_axis',(0.137682176168544,9.33716434279897E-17,0.990476460278332));
#7857=DIRECTION('center_axis',(2.88417351040466E-16,-1.,5.41776781619748E-17));
#7858=DIRECTION('ref_axis',(-0.137682176168544,-9.33716434279897E-17,-0.990476460278332));
#7859=DIRECTION('center_axis',(2.88417351040466E-16,-1.,5.41776781619748E-17));
#7860=DIRECTION('ref_axis',(-0.137682176168544,-9.33716434279897E-17,-0.990476460278332));
#7861=DIRECTION('center_axis',(-2.62706128921268E-16,1.,-1.30787151583877E-16));
#7862=DIRECTION('ref_axis',(-6.10622663543836E-16,1.30787151583877E-16,
1.));
#7863=DIRECTION('',(6.10622663543836E-16,-1.30787151583877E-16,-1.));
#7864=DIRECTION('',(1.,-2.62706128921268E-16,-6.66133814775094E-16));
#7865=DIRECTION('',(-6.10622663543836E-16,1.30787151583877E-16,1.));
#7866=DIRECTION('',(-1.,2.62706128921268E-16,6.66133814775094E-16));
#7867=DIRECTION('center_axis',(-6.66133814775094E-16,-1.30787151583876E-16,
-1.));
#7868=DIRECTION('ref_axis',(-1.,2.62706128921268E-16,6.66133814775094E-16));
#7869=DIRECTION('',(-2.62706128921268E-16,1.,1.30787151583876E-16));
#7870=DIRECTION('',(1.,-2.62706128921268E-16,-6.66133814775094E-16));
#7871=DIRECTION('',(2.62706128921268E-16,-1.,-1.30787151583876E-16));
#7872=DIRECTION('center_axis',(1.,-2.62706128921267E-16,6.10622663543836E-16));
#7873=DIRECTION('ref_axis',(6.10622663543836E-16,-1.30787151583877E-16,
-1.));
#7874=DIRECTION('',(-6.10622663543836E-16,1.30787151583877E-16,1.));
#7875=DIRECTION('',(2.62706128921268E-16,-1.,-1.30787151583876E-16));
#7876=DIRECTION('center_axis',(4.44089209850063E-16,1.30787151583876E-16,
1.));
#7877=DIRECTION('ref_axis',(1.,-2.62706128921268E-16,-4.44089209850063E-16));
#7878=DIRECTION('',(-1.,2.62706128921268E-16,4.44089209850063E-16));
#7879=DIRECTION('',(2.62706128921268E-16,-1.,-1.30787151583876E-16));
#7880=DIRECTION('center_axis',(-1.,2.62706128921268E-16,1.62856640000014E-31));
#7881=DIRECTION('ref_axis',(1.97215226305253E-31,1.30787151583877E-16,1.));
#7882=DIRECTION('',(-1.97215226305253E-31,-1.30787151583877E-16,-1.));
#7883=DIRECTION('center_axis',(-2.62706128921268E-16,1.,-1.30787151583877E-16));
#7884=DIRECTION('ref_axis',(-6.10622663543836E-16,1.30787151583877E-16,
1.));
#7885=DIRECTION('center_axis',(2.62706128742278E-16,-1.,-8.05551220433914E-15));
#7886=DIRECTION('ref_axis',(5.5166175502729E-12,-8.05551220433769E-15,1.));
#7887=DIRECTION('center_axis',(2.62706128742278E-16,-1.,-8.05551220433914E-15));
#7888=DIRECTION('ref_axis',(5.5166175502729E-12,-8.05551220433769E-15,1.));
#7889=DIRECTION('center_axis',(-2.62706128742278E-16,1.,8.05551220433914E-15));
#7890=DIRECTION('ref_axis',(2.11623242626152E-30,-8.05551220433914E-15,
1.));
#7891=DIRECTION('center_axis',(1.33411031843741E-14,1.,-2.78805600276194E-14));
#7892=DIRECTION('ref_axis',(-1.26191311837875E-14,-2.78805600276192E-14,
-1.));
#7893=DIRECTION('center_axis',(2.62706128921268E-16,-1.,-1.30787151583875E-16));
#7894=DIRECTION('ref_axis',(-3.4358586305239E-32,1.30787151583875E-16,-1.));
#7895=DIRECTION('center_axis',(-0.129481802009126,-9.56704960055842E-17,
-0.991581798415274));
#7896=DIRECTION('ref_axis',(0.991581798415274,-9.1795783937106E-15,-0.129481802009126));
#7897=DIRECTION('center_axis',(2.62706128921268E-16,-1.,-1.30787151583875E-16));
#7898=DIRECTION('ref_axis',(6.10622663543836E-16,1.30787151583875E-16,-1.));
#7899=DIRECTION('center_axis',(-2.62706128921268E-16,1.,1.30787151583875E-16));
#7900=DIRECTION('ref_axis',(6.10622663543836E-16,1.30787151583875E-16,-1.));
#7901=DIRECTION('',(2.62706128921268E-16,-1.,-1.30787151583875E-16));
#7902=DIRECTION('center_axis',(-2.62706128921268E-16,1.,1.30787151583875E-16));
#7903=DIRECTION('ref_axis',(1.,2.62706128921268E-16,3.26654973936085E-34));
#7904=DIRECTION('center_axis',(2.62706128921268E-16,-1.,-1.30787151583875E-16));
#7905=DIRECTION('ref_axis',(6.09578005121349E-16,1.30787151583875E-16,-1.));
#7906=DIRECTION('center_axis',(2.62706128921268E-16,-1.,-1.30787151583875E-16));
#7907=DIRECTION('ref_axis',(6.09578005121349E-16,1.30787151583875E-16,-1.));
#7908=DIRECTION('',(-2.62706128921268E-16,1.,1.30787151583875E-16));
#7909=DIRECTION('center_axis',(-2.62706128921268E-16,1.,1.30787151583875E-16));
#7910=DIRECTION('ref_axis',(1.,2.62706128921268E-16,-8.8710945460749E-16));
#7911=DIRECTION('',(2.62706128921268E-16,-1.,-1.30787151583875E-16));
#7912=DIRECTION('center_axis',(-2.62706128921268E-16,1.,1.30787151583875E-16));
#7913=DIRECTION('ref_axis',(-6.09210892852371E-16,-1.30787151583875E-16,
1.));
#7914=DIRECTION('center_axis',(2.62706128921268E-16,-1.,-1.30787151583875E-16));
#7915=DIRECTION('ref_axis',(1.,2.62706128921268E-16,3.03112582080549E-34));
#7916=DIRECTION('',(-2.62706128921268E-16,1.,1.30787151583875E-16));
#7917=DIRECTION('center_axis',(2.62706128921268E-16,-1.,-1.30787151583875E-16));
#7918=DIRECTION('ref_axis',(-6.09210892852371E-16,-1.30787151583875E-16,
1.));
#7919=DIRECTION('',(2.62706128921268E-16,-1.,-1.30787151583875E-16));
#7920=DIRECTION('center_axis',(-2.62706128921268E-16,1.,1.30787151583875E-16));
#7921=DIRECTION('ref_axis',(-1.05134756119807E-15,-1.30787151583875E-16,
1.));
#7922=DIRECTION('center_axis',(2.62706128921268E-16,-1.,-1.30787151583875E-16));
#7923=DIRECTION('ref_axis',(1.,2.62706128921268E-16,-1.71019081982766E-35));
#7924=DIRECTION('',(-2.62706128921268E-16,1.,1.30787151583875E-16));
#7925=DIRECTION('center_axis',(2.62706128921268E-16,-1.,-1.30787151583875E-16));
#7926=DIRECTION('ref_axis',(-1.05134756119807E-15,-1.30787151583875E-16,
1.));
#7927=DIRECTION('',(-2.62706128921268E-16,1.,1.30787151583875E-16));
#7928=DIRECTION('center_axis',(-2.62706128921268E-16,1.,1.30787151583875E-16));
#7929=DIRECTION('ref_axis',(3.4358586305239E-32,-1.30787151583875E-16,1.));
#7930=DIRECTION('center_axis',(-2.62706128921268E-16,1.,1.30787151583875E-16));
#7931=DIRECTION('ref_axis',(1.,2.62706128921268E-16,2.8475387762548E-33));
#7932=DIRECTION('',(-2.62706128921268E-16,1.,1.30787151583875E-16));
#7933=DIRECTION('center_axis',(-2.62706128921268E-16,1.,1.30787151583875E-16));
#7934=DIRECTION('ref_axis',(3.4358586305239E-32,-1.30787151583875E-16,1.));
#7935=DIRECTION('center_axis',(-2.62706128921268E-16,1.,1.30787151583875E-16));
#7936=DIRECTION('ref_axis',(1.,2.62706128921268E-16,2.8475387762548E-33));
#7937=DIRECTION('',(-2.62706128921268E-16,1.,1.30787151583875E-16));
#7938=DIRECTION('center_axis',(-2.62706128921268E-16,1.,1.30787151583875E-16));
#7939=DIRECTION('ref_axis',(3.4358586305239E-32,-1.30787151583875E-16,1.));
#7940=DIRECTION('center_axis',(-2.62706128921268E-16,1.,1.30787151583875E-16));
#7941=DIRECTION('ref_axis',(-6.10622663543836E-16,-1.30787151583875E-16,
1.));
#7942=DIRECTION('center_axis',(-2.62706128921268E-16,1.,1.30787151583875E-16));
#7943=DIRECTION('ref_axis',(-6.10622663543836E-16,-1.30787151583875E-16,
1.));
#7944=DIRECTION('',(-2.62706128921268E-16,1.,1.30787151583875E-16));
#7945=DIRECTION('center_axis',(-2.62706128921268E-16,1.,1.30787151583875E-16));
#7946=DIRECTION('ref_axis',(-6.10622663543836E-16,-1.30787151583875E-16,
1.));
#7947=DIRECTION('center_axis',(-2.62706128921268E-16,1.,1.30787151583875E-16));
#7948=DIRECTION('ref_axis',(3.4358586305239E-32,-1.30787151583875E-16,1.));
#7949=DIRECTION('center_axis',(-2.62706128921268E-16,1.,1.30787151583875E-16));
#7950=DIRECTION('ref_axis',(1.,2.62706128921268E-16,-3.4694469519536E-15));
#7951=DIRECTION('',(2.62706128921268E-16,-1.,-1.30787151583875E-16));
#7952=DIRECTION('center_axis',(2.62706128921268E-16,-1.,-1.30787151583875E-16));
#7953=DIRECTION('ref_axis',(6.9388939039072E-15,-1.30787151583873E-16,1.));
#7954=DIRECTION('',(-2.62706128921268E-16,1.,1.30787151583875E-16));
#7955=DIRECTION('center_axis',(2.62706128921268E-16,-1.,-1.30787151583875E-16));
#7956=DIRECTION('ref_axis',(5.78241158658937E-16,1.30787151583875E-16,-1.));
#7957=DIRECTION('center_axis',(-2.62706128921268E-16,1.,1.30787151583875E-16));
#7958=DIRECTION('ref_axis',(-2.94902990916058E-14,1.30787151583867E-16,
-1.));
#7959=DIRECTION('',(2.62706128921268E-16,-1.,-1.30787151583875E-16));
#7960=DIRECTION('center_axis',(-2.62706128921268E-16,1.,1.30787151583875E-16));
#7961=DIRECTION('ref_axis',(-5.78241158658936E-16,-1.30787151583875E-16,
1.));
#7962=DIRECTION('',(-2.62706128921268E-16,1.,1.30787151583875E-16));
#7963=DIRECTION('center_axis',(2.62706128921268E-16,-1.,-1.30787151583875E-16));
#7964=DIRECTION('ref_axis',(6.06977145724276E-16,1.30787151583875E-16,-1.));
#7965=DIRECTION('center_axis',(2.62706128921268E-16,-1.,-1.30787151583875E-16));
#7966=DIRECTION('ref_axis',(6.06977145724276E-16,1.30787151583875E-16,-1.));
#7967=DIRECTION('',(2.62706128921268E-16,-1.,-1.30787151583875E-16));
#7968=DIRECTION('center_axis',(2.62706128921268E-16,-1.,-1.30787151583875E-16));
#7969=DIRECTION('ref_axis',(-1.49545093542303E-15,-1.30787151583875E-16,
1.));
#7970=DIRECTION('',(-2.62706128921268E-16,1.,1.30787151583875E-16));
#7971=DIRECTION('center_axis',(-2.62706128921268E-16,1.,1.30787151583875E-16));
#7972=DIRECTION('ref_axis',(-6.06977144377583E-16,-1.30787151583875E-16,
1.));
#7973=DIRECTION('',(-2.62706128921268E-16,1.,1.30787151583875E-16));
#7974=DIRECTION('center_axis',(-1.,2.62706128921267E-16,-6.10622663543836E-16));
#7975=DIRECTION('ref_axis',(-6.10622663543836E-16,1.30787151583878E-16,
1.));
#7976=DIRECTION('',(-2.62706128921268E-16,1.,1.30787151583875E-16));
#7977=DIRECTION('',(7.70988211545337E-16,1.92747052886312E-16,1.));
#7978=DIRECTION('',(2.0928514328178E-25,-1.,8.89680149003777E-31));
#7979=DIRECTION('',(-7.70988211545337E-16,-1.92747052886312E-16,-1.));
#7980=DIRECTION('',(-2.62706128502697E-16,-1.,2.01639229830234E-31));
#7981=DIRECTION('',(-1.0842021724855E-15,6.04854337871757E-31,-1.));
#7982=DIRECTION('',(-2.62706128921268E-16,1.,1.30787151583875E-16));
#7983=DIRECTION('',(6.10622663543836E-16,-1.30787151583878E-16,-1.));
#7984=DIRECTION('',(-2.62706128921268E-16,1.,1.30787151583875E-16));
#7985=DIRECTION('',(-6.66133814775094E-16,1.30787151583878E-16,-1.));
#7986=DIRECTION('center_axis',(-6.66133814775094E-16,7.14683457662847E-31,
-1.));
#7987=DIRECTION('ref_axis',(-1.,2.0928514328178E-25,6.66133814775094E-16));
#7988=DIRECTION('',(1.,-2.62706128921268E-16,-6.66133814775094E-16));
#7989=DIRECTION('',(1.,-2.62706128921268E-16,-6.66133814775094E-16));
#7990=DIRECTION('',(-2.0928514328178E-25,1.,-8.89680149003777E-31));
#7991=DIRECTION('',(1.,-2.62706128921268E-16,-6.66133814775094E-16));
#7992=DIRECTION('',(2.0928514328178E-25,-1.,8.89680149003777E-31));
#7993=DIRECTION('center_axis',(2.62706128921268E-16,-1.,1.30787151583878E-16));
#7994=DIRECTION('ref_axis',(6.10622663543836E-16,-1.30787151583878E-16,
-1.));
#7995=DIRECTION('',(-0.749329085481146,1.10246379749211E-16,-0.662197796471711));
#7996=DIRECTION('center_axis',(2.62706128921268E-16,-1.,-1.30787151583875E-16));
#7997=DIRECTION('ref_axis',(-3.4694469519536E-15,-1.30787151583876E-16,
1.));
#7998=DIRECTION('center_axis',(2.62706128921268E-16,-1.,-1.30787151583875E-16));
#7999=DIRECTION('ref_axis',(-2.38397619559499E-15,-1.30787151583876E-16,
1.));
#8000=DIRECTION('',(-1.,2.62706128921268E-16,6.66133814775094E-16));
#8001=DIRECTION('',(-6.10622663543836E-16,1.30787151583878E-16,1.));
#8002=DIRECTION('center_axis',(-2.62706128921268E-16,1.,1.30787151583875E-16));
#8003=DIRECTION('ref_axis',(-4.33680868994202E-16,-1.30787151583875E-16,
1.));
#8004=DIRECTION('center_axis',(2.62706128921268E-16,-1.,-1.30787151583875E-16));
#8005=DIRECTION('ref_axis',(1.73472347597681E-15,-1.30787151583875E-16,
1.));
#8006=DIRECTION('',(-0.749329085481147,1.10246379749211E-16,-0.66219779647171));
#8007=DIRECTION('',(0.749329085481147,-1.10246379749211E-16,0.66219779647171));
#8008=DIRECTION('center_axis',(2.62706128921268E-16,-1.,-1.30787151583875E-16));
#8009=DIRECTION('ref_axis',(3.4358586305239E-32,-1.30787151583875E-16,1.));
#8010=DIRECTION('center_axis',(2.62706128921268E-16,-1.,-1.30787151583875E-16));
#8011=DIRECTION('ref_axis',(-1.12704015177689E-14,-1.30787151583878E-16,
1.));
#8012=DIRECTION('center_axis',(2.62706128921268E-16,-1.,-1.30787151583875E-16));
#8013=DIRECTION('ref_axis',(1.16662664890819E-15,-1.30787151583875E-16,
1.));
#8014=DIRECTION('',(0.749329085481147,-1.1024637974921E-16,0.66219779647171));
#8015=DIRECTION('center_axis',(2.62706128921268E-16,-1.,-1.30787151583875E-16));
#8016=DIRECTION('ref_axis',(-1.05134756119807E-15,-1.30787151583875E-16,
1.));
#8017=DIRECTION('center_axis',(-2.62706128921268E-16,1.,1.30787151583875E-16));
#8018=DIRECTION('ref_axis',(-0.749329085481146,-1.10246379749212E-16,-0.66219779647171));
#8019=DIRECTION('',(2.62706128921268E-16,-1.,-1.30787151583875E-16));
#8020=DIRECTION('center_axis',(2.62706128921268E-16,-1.,-1.30787151583875E-16));
#8021=DIRECTION('ref_axis',(1.,2.62706128921268E-16,-1.71019081982766E-35));
#8022=DIRECTION('',(-2.62706128921268E-16,1.,1.30787151583875E-16));
#8023=DIRECTION('center_axis',(-0.662197796471711,2.71966036380308E-16,
0.749329085481146));
#8024=DIRECTION('ref_axis',(0.749329085481146,-1.10246379749211E-16,0.662197796471711));
#8025=DIRECTION('',(-0.749329085481146,-1.10246379435563E-16,-0.662197796471711));
#8026=DIRECTION('',(-2.62706128921268E-16,1.,1.30787151583875E-16));
#8027=DIRECTION('center_axis',(-2.62706128921268E-16,1.,1.30787151583875E-16));
#8028=DIRECTION('ref_axis',(-6.08674773343401E-16,-1.30787151583875E-16,
1.));
#8029=DIRECTION('',(2.62706128921268E-16,-1.,-1.30787151583875E-16));
#8030=DIRECTION('center_axis',(2.62706128921268E-16,-1.,-1.30787151583875E-16));
#8031=DIRECTION('ref_axis',(1.,2.62706128921268E-16,8.34191490879297E-35));
#8032=DIRECTION('center_axis',(7.21644966006352E-16,1.30787151583877E-16,
1.));
#8033=DIRECTION('ref_axis',(1.,-2.62706128921268E-16,-7.21644966006352E-16));
#8034=DIRECTION('',(-1.,-2.62706128502698E-16,-3.33066907387547E-16));
#8035=DIRECTION('',(-2.62706128921268E-16,1.,1.30787151583875E-16));
#8036=DIRECTION('',(1.,-2.62706128921268E-16,-6.66133814775094E-16));
#8037=DIRECTION('',(1.73472347576752E-15,1.,-1.62928078853231E-31));
#8038=DIRECTION('',(1.,-2.62706128921268E-16,-6.66133814775094E-16));
#8039=DIRECTION('',(-1.,2.62706128921268E-16,6.66133814775094E-16));
#8040=DIRECTION('',(-2.62706128921268E-16,1.,1.30787151583875E-16));
#8041=DIRECTION('',(1.,-2.62706128921268E-16,-7.21644966006352E-16));
#8042=DIRECTION('',(2.62706128921268E-16,-1.,-1.30787151583875E-16));
#8043=DIRECTION('center_axis',(1.,-2.62706128921267E-16,6.10622663543836E-16));
#8044=DIRECTION('ref_axis',(6.10622663543836E-16,-1.30787151583878E-16,
-1.));
#8045=DIRECTION('',(6.66133814775094E-16,-1.30787151583878E-16,1.));
#8046=DIRECTION('',(-2.62706128921268E-16,1.,1.30787151583875E-16));
#8047=DIRECTION('center_axis',(-2.62706128921268E-16,1.,1.30787151583875E-16));
#8048=DIRECTION('ref_axis',(-0.591405810229463,-4.99025611224223E-17,-0.806374086653851));
#8049=DIRECTION('center_axis',(-2.62706128921268E-16,1.,1.30787151583875E-16));
#8050=DIRECTION('ref_axis',(1.,2.62706128921268E-16,-1.73472347597681E-15));
#8051=DIRECTION('center_axis',(-0.66219779647171,2.71966036380306E-16,0.749329085481147));
#8052=DIRECTION('ref_axis',(0.749329085481147,-1.10246379749211E-16,0.66219779647171));
#8053=DIRECTION('',(2.62706128921268E-16,-1.,-1.30787151583875E-16));
#8054=DIRECTION('',(-0.749329085481145,-1.10246379435563E-16,-0.662197796471712));
#8055=DIRECTION('center_axis',(0.66219779647171,-2.71966036380307E-16,-0.749329085481147));
#8056=DIRECTION('ref_axis',(-0.749329085481147,1.10246379749211E-16,-0.66219779647171));
#8057=DIRECTION('',(0.749329085481146,1.10246379435563E-16,0.662197796471711));
#8058=DIRECTION('',(-2.62706128921268E-16,1.,1.30787151583875E-16));
#8059=DIRECTION('center_axis',(-2.62706128921268E-16,1.,1.30787151583875E-16));
#8060=DIRECTION('ref_axis',(-6.09210892852371E-16,-1.30787151583875E-16,
1.));
#8061=DIRECTION('',(2.62706128921268E-16,-1.,-1.30787151583875E-16));
#8062=DIRECTION('center_axis',(2.62706128921268E-16,-1.,-1.30787151583875E-16));
#8063=DIRECTION('ref_axis',(1.,2.62706128921268E-16,3.03112582080543E-34));
#8064=DIRECTION('',(-2.62706128921268E-16,1.,1.30787151583875E-16));
#8065=DIRECTION('center_axis',(2.62706128921268E-16,-1.,-1.30787151583875E-16));
#8066=DIRECTION('ref_axis',(6.09210892852371E-16,1.30787151583875E-16,-1.));
#8067=DIRECTION('',(-2.62706128921268E-16,1.,1.30787151583875E-16));
#8068=DIRECTION('center_axis',(-2.62706128921268E-16,1.,1.30787151583875E-16));
#8069=DIRECTION('ref_axis',(0.445473646876341,2.34121746971152E-16,-0.895295051889986));
#8070=DIRECTION('center_axis',(2.62706128921268E-16,-1.,-1.30787151583875E-16));
#8071=DIRECTION('ref_axis',(6.08674773343401E-16,1.30787151583875E-16,-1.));
#8072=DIRECTION('',(2.62706128921268E-16,-1.,-1.30787151583875E-16));
#8073=DIRECTION('center_axis',(2.62706128921268E-16,-1.,-1.30787151583875E-16));
#8074=DIRECTION('ref_axis',(1.,2.62706128921268E-16,8.34191490879297E-35));
#8075=DIRECTION('center_axis',(0.66219779647171,-2.71966036380308E-16,-0.749329085481147));
#8076=DIRECTION('ref_axis',(-0.749329085481147,1.10246379749211E-16,-0.66219779647171));
#8077=DIRECTION('',(0.749329085481147,1.10246379435564E-16,0.66219779647171));
#8078=DIRECTION('center_axis',(-2.62706128921268E-16,1.,1.30787151583875E-16));
#8079=DIRECTION('ref_axis',(3.4358586305239E-32,-1.30787151583875E-16,1.));
#8080=DIRECTION('center_axis',(-2.62706128921268E-16,1.,1.30787151583875E-16));
#8081=DIRECTION('ref_axis',(1.,2.62706128921266E-16,1.21430643318376E-14));
#8082=DIRECTION('center_axis',(1.,-2.62706128921267E-16,6.10622663543836E-16));
#8083=DIRECTION('ref_axis',(6.10622663543836E-16,-1.30787151583878E-16,
-1.));
#8084=DIRECTION('',(-6.10622663543836E-16,1.30787151583878E-16,1.));
#8085=DIRECTION('',(-6.10622663543836E-16,1.30787151583878E-16,1.));
#8086=DIRECTION('center_axis',(2.62706128921268E-16,-1.,1.30787151583878E-16));
#8087=DIRECTION('ref_axis',(6.10622663543836E-16,-1.30787151583878E-16,
-1.));
#8088=DIRECTION('',(6.10622663543836E-16,-1.30787151583878E-16,-1.));
#8089=DIRECTION('center_axis',(2.62706128921268E-16,-1.,-1.30787151583875E-16));
#8090=DIRECTION('ref_axis',(6.07250085997426E-16,1.30787151583875E-16,-1.));
#8091=DIRECTION('center_axis',(-1.,2.62706129473279E-16,4.22068280325761E-9));
#8092=DIRECTION('ref_axis',(4.22068280325761E-9,1.30787150475078E-16,1.));
#8093=DIRECTION('',(6.10622663543836E-16,-1.30787151583878E-16,-1.));
#8094=DIRECTION('',(4.22068313632451E-9,1.30787150475077E-16,1.));
#8095=DIRECTION('center_axis',(-2.62706128921268E-16,1.,1.30787151583875E-16));
#8096=DIRECTION('ref_axis',(0.0629440015867857,1.47063583545371E-16,-0.998017060307209));
#8097=DIRECTION('center_axis',(-2.62706128921268E-16,1.,1.30787151583875E-16));
#8098=DIRECTION('ref_axis',(1.,2.62706128921268E-16,-3.46944695195361E-15));
#8099=DIRECTION('center_axis',(-2.62706128921268E-16,1.,1.30787151583875E-16));
#8100=DIRECTION('ref_axis',(3.4358586305239E-32,-1.30787151583875E-16,1.));
#8101=DIRECTION('center_axis',(-2.62706128921268E-16,1.,1.30787151583875E-16));
#8102=DIRECTION('ref_axis',(1.,2.62706128921268E-16,3.4694469519536E-15));
#8103=DIRECTION('center_axis',(2.62706128921268E-16,-1.,-1.30787151583875E-16));
#8104=DIRECTION('ref_axis',(0.591412068950549,4.99048056750449E-17,0.806369496384648));
#8105=DIRECTION('center_axis',(-2.62706128921268E-16,1.,1.30787151583875E-16));
#8106=DIRECTION('ref_axis',(-6.07250085997426E-16,-1.30787151583875E-16,
1.));
#8107=DIRECTION('',(-2.62706128921268E-16,1.,1.30787151583875E-16));
#8108=DIRECTION('center_axis',(2.62706128921268E-16,-1.,-1.30787151583875E-16));
#8109=DIRECTION('ref_axis',(-6.07250085997426E-16,-1.30787151583875E-16,
1.));
#8110=DIRECTION('center_axis',(6.66133814775094E-16,-7.14683457662847E-31,
1.));
#8111=DIRECTION('ref_axis',(1.,-2.0928514328178E-25,-6.66133814775094E-16));
#8112=DIRECTION('',(1.,-2.62706128921268E-16,-6.66133814775094E-16));
#8113=DIRECTION('',(2.0928514328178E-25,-1.,8.89680149003777E-31));
#8114=DIRECTION('',(1.,-2.62706128921268E-16,-6.66133814775094E-16));
#8115=DIRECTION('center_axis',(2.62706128921267E-16,1.,-1.92747052886311E-16));
#8116=DIRECTION('ref_axis',(-1.,2.62706128921267E-16,0.));
#8117=DIRECTION('',(0.,-8.89680893346796E-31,1.));
#8118=DIRECTION('',(7.70988211545337E-16,1.92747052886312E-16,1.));
#8119=DIRECTION('center_axis',(-2.62706128921267E-16,-1.,1.92747052886311E-16));
#8120=DIRECTION('ref_axis',(1.,-2.62706128921267E-16,0.));
#8121=DIRECTION('',(-7.70988211545337E-16,-1.92747052886312E-16,-1.));
#8122=DIRECTION('center_axis',(-1.,2.09285241889394E-25,7.70988211545337E-16));
#8123=DIRECTION('ref_axis',(7.70988211545337E-16,-6.87137565008979E-31,
1.));
#8124=DIRECTION('center_axis',(2.62706128921268E-16,-1.,1.30787151583878E-16));
#8125=DIRECTION('ref_axis',(6.10622663543836E-16,-1.30787151583878E-16,
-1.));
#8126=DIRECTION('center_axis',(2.64094471132127E-16,-1.,-1.32494253037083E-16));
#8127=DIRECTION('ref_axis',(-0.991581798415274,-2.7902686527582E-16,0.129481802009129));
#8128=DIRECTION('',(1.,-2.62706128921268E-16,-6.66133814775094E-16));
#8129=DIRECTION('center_axis',(2.62706128921268E-16,-1.,-1.30787151583875E-16));
#8130=DIRECTION('ref_axis',(-9.13238974455782E-32,1.30787151583875E-16,
-1.));
#8131=DIRECTION('',(0.707106781186551,-2.78241766996527E-16,-0.707106781186544));
#8132=DIRECTION('center_axis',(-2.62706128921268E-16,1.,1.30787151583875E-16));
#8133=DIRECTION('ref_axis',(9.13238974455782E-32,-1.30787151583875E-16,
1.));
#8134=DIRECTION('',(1.,-2.62706128921268E-16,-6.66133814775094E-16));
#8135=DIRECTION('center_axis',(-2.62706128921268E-16,1.,1.30787151583875E-16));
#8136=DIRECTION('ref_axis',(-8.67361737988404E-16,-1.30787151583875E-16,
1.));
#8137=DIRECTION('',(-6.10622663543836E-16,1.30787151583878E-16,1.));
#8138=DIRECTION('center_axis',(-2.62706128921268E-16,1.,1.30787151583875E-16));
#8139=DIRECTION('ref_axis',(-8.67361737988404E-16,-1.30787151583875E-16,
1.));
#8140=DIRECTION('',(-1.,2.62706128921268E-16,6.66133814775094E-16));
#8141=DIRECTION('center_axis',(-2.62706128921268E-16,1.,1.30787151583875E-16));
#8142=DIRECTION('ref_axis',(9.13238974455782E-32,-1.30787151583875E-16,
1.));
#8143=DIRECTION('',(-0.707106781186552,9.32808034424646E-17,-0.707106781186543));
#8144=DIRECTION('center_axis',(2.62706128921268E-16,-1.,-1.30787151583875E-16));
#8145=DIRECTION('ref_axis',(-9.13238974455782E-32,1.30787151583875E-16,
-1.));
#8146=DIRECTION('',(-1.,2.62706128921268E-16,6.66133814775094E-16));
#8147=DIRECTION('center_axis',(-1.56619410410993E-15,1.,1.15030030039874E-15));
#8148=DIRECTION('ref_axis',(0.,-1.15616315869748E-15,1.));
#8149=DIRECTION('center_axis',(-2.62706128921268E-16,1.,1.30787151583875E-16));
#8150=DIRECTION('ref_axis',(-6.04914442077264E-16,-1.30787151583875E-16,
1.));
#8151=DIRECTION('center_axis',(6.66133814775094E-16,1.30787151583877E-16,
1.));
#8152=DIRECTION('ref_axis',(1.,-2.62706128921268E-16,-6.66133814775094E-16));
#8153=DIRECTION('',(2.62706128921268E-16,-1.,-1.30787151583875E-16));
#8154=DIRECTION('',(-1.,2.62706128921268E-16,6.66133814775094E-16));
#8155=DIRECTION('',(1.,2.62706128502698E-16,6.10622663543836E-16));
#8156=DIRECTION('center_axis',(2.62706128921268E-16,-1.,-1.30787151583875E-16));
#8157=DIRECTION('ref_axis',(-3.4358586305239E-32,1.30787151583875E-16,-1.));
#8158=DIRECTION('center_axis',(-2.62706128921268E-16,1.,1.30787151583875E-16));
#8159=DIRECTION('ref_axis',(1.,2.62706128921268E-16,-1.73472347597681E-15));
#8160=DIRECTION('',(-2.62706128921268E-16,1.,1.30787151583875E-16));
#8161=DIRECTION('center_axis',(0.707106781186543,-9.32808034424602E-17,
0.707106781186552));
#8162=DIRECTION('ref_axis',(0.707106781186552,-2.78241766996529E-16,-0.707106781186543));
#8163=DIRECTION('',(0.707106781186551,2.78241766700556E-16,-0.707106781186544));
#8164=DIRECTION('',(2.62706128921268E-16,-1.,-1.30787151583875E-16));
#8165=DIRECTION('center_axis',(-2.62706128921268E-16,1.,1.30787151583875E-16));
#8166=DIRECTION('ref_axis',(3.4358586305239E-32,-1.30787151583875E-16,1.));
#8167=DIRECTION('center_axis',(-2.62706128921268E-16,1.,1.30787151583875E-16));
#8168=DIRECTION('ref_axis',(1.,2.62706128921269E-16,-1.0842021724855E-14));
#8169=DIRECTION('',(2.62706128921268E-16,-1.,-1.30787151583875E-16));
#8170=DIRECTION('center_axis',(6.66133814775094E-16,1.30787151583877E-16,
1.));
#8171=DIRECTION('ref_axis',(1.,-2.62706128921268E-16,-6.66133814775094E-16));
#8172=DIRECTION('',(2.62706128921268E-16,-1.,-1.30787151583875E-16));
#8173=DIRECTION('',(1.,2.62706128502698E-16,6.10622663543836E-16));
#8174=DIRECTION('center_axis',(-2.62706128921268E-16,1.,1.30787151583875E-16));
#8175=DIRECTION('ref_axis',(-8.67361737988404E-16,-1.30787151583875E-16,
1.));
#8176=DIRECTION('center_axis',(-2.62706128921268E-16,1.,1.30787151583875E-16));
#8177=DIRECTION('ref_axis',(1.,2.62706128921268E-16,1.73472347597681E-15));
#8178=DIRECTION('',(2.62706128921268E-16,-1.,-1.30787151583875E-16));
#8179=DIRECTION('center_axis',(-1.,2.62706128921267E-16,-6.10622663543836E-16));
#8180=DIRECTION('ref_axis',(-6.10622663543836E-16,1.30787151583878E-16,
1.));
#8181=DIRECTION('',(6.66133814775094E-16,-1.30787151583878E-16,1.));
#8182=DIRECTION('',(2.62706128921268E-16,-1.,-1.30787151583875E-16));
#8183=DIRECTION('center_axis',(-2.62706128921268E-16,1.,1.30787151583875E-16));
#8184=DIRECTION('ref_axis',(-8.67361737988404E-16,-1.30787151583875E-16,
1.));
#8185=DIRECTION('center_axis',(-2.62706128921268E-16,1.,1.30787151583875E-16));
#8186=DIRECTION('ref_axis',(1.,2.62706128921268E-16,5.99864352915324E-33));
#8187=DIRECTION('',(2.62706128921268E-16,-1.,-1.30787151583875E-16));
#8188=DIRECTION('center_axis',(-7.7715611723761E-16,-1.30787151583877E-16,
-1.));
#8189=DIRECTION('ref_axis',(-1.,2.62706128921268E-16,7.7715611723761E-16));
#8190=DIRECTION('',(-1.,-2.62706128502698E-16,-2.22044604925031E-16));
#8191=DIRECTION('',(2.62706128921268E-16,-1.,-1.30787151583875E-16));
#8192=DIRECTION('center_axis',(-2.62706128921268E-16,1.,1.30787151583875E-16));
#8193=DIRECTION('ref_axis',(3.4358586305239E-32,-1.30787151583875E-16,1.));
#8194=DIRECTION('center_axis',(-2.62706128921268E-16,1.,1.30787151583875E-16));
#8195=DIRECTION('ref_axis',(1.,2.62706128921268E-16,1.73472347597681E-15));
#8196=DIRECTION('',(2.62706128921268E-16,-1.,-1.30787151583875E-16));
#8197=DIRECTION('center_axis',(0.707106781186544,-2.78241766996526E-16,
-0.707106781186551));
#8198=DIRECTION('ref_axis',(-0.707106781186551,9.32808034424631E-17,-0.707106781186544));
#8199=DIRECTION('',(-0.707106781186551,-9.32808031464906E-17,-0.707106781186544));
#8200=DIRECTION('',(2.62706128921268E-16,-1.,-1.30787151583875E-16));
#8201=DIRECTION('center_axis',(2.62706128921268E-16,-1.,-1.30787151583875E-16));
#8202=DIRECTION('ref_axis',(-3.4358586305239E-32,1.30787151583875E-16,-1.));
#8203=DIRECTION('center_axis',(-2.62706128921268E-16,1.,1.30787151583875E-16));
#8204=DIRECTION('ref_axis',(1.,2.62706128921269E-16,-7.80625564189563E-15));
#8205=DIRECTION('',(-2.62706128921268E-16,1.,1.30787151583875E-16));
#8206=DIRECTION('center_axis',(-4.44089209850063E-16,-1.30787151583877E-16,
-1.));
#8207=DIRECTION('ref_axis',(-1.,2.62706128921268E-16,4.44089209850063E-16));
#8208=DIRECTION('',(2.62706128921268E-16,-1.,-1.30787151583875E-16));
#8209=DIRECTION('',(-1.,2.62706128921268E-16,4.44089209850063E-16));
#8210=DIRECTION('',(-2.62706128921268E-16,1.,1.30787151583875E-16));
#8211=DIRECTION('',(-1.,-2.62706128502698E-16,-7.7715611723761E-16));
#8212=DIRECTION('',(1.,-2.62706128921268E-16,-4.44089209850063E-16));
#8213=DIRECTION('',(-1.,-2.62706128502698E-16,-7.7715611723761E-16));
#8214=DIRECTION('center_axis',(2.62706128921268E-16,-1.,1.30787151583878E-16));
#8215=DIRECTION('ref_axis',(6.10622663543836E-16,-1.30787151583878E-16,
-1.));
#8216=DIRECTION('center_axis',(2.62706128921268E-16,-1.,1.30787151583878E-16));
#8217=DIRECTION('ref_axis',(6.10622663543836E-16,-1.30787151583878E-16,
-1.));
#8218=DIRECTION('center_axis',(2.62706128921268E-16,-1.,1.30787151583878E-16));
#8219=DIRECTION('ref_axis',(6.10622663543836E-16,-1.30787151583878E-16,
-1.));
#8220=DIRECTION('',(6.66133814775094E-16,-1.30787151583878E-16,1.));
#8221=DIRECTION('center_axis',(2.62706128921268E-16,-1.,-1.30787151583875E-16));
#8222=DIRECTION('ref_axis',(1.,2.62706128921268E-16,5.99864352915326E-33));
#8223=DIRECTION('',(-1.,-2.62706128502698E-16,-6.10622663543836E-16));
#8224=DIRECTION('center_axis',(2.62706128921268E-16,-1.,-1.30787151583875E-16));
#8225=DIRECTION('ref_axis',(1.,2.62706128921268E-16,5.99864352915326E-33));
#8226=DIRECTION('',(-6.66133814775094E-16,1.30787151583878E-16,-1.));
#8227=DIRECTION('center_axis',(-2.62706128921268E-16,1.,1.30787151583875E-16));
#8228=DIRECTION('ref_axis',(1.,2.62706128921279E-16,-8.32667268468867E-14));
#8229=DIRECTION('center_axis',(-2.62706128921268E-16,1.,1.30787151583875E-16));
#8230=DIRECTION('ref_axis',(1.,2.62706128921268E-16,8.67361737988403E-16));
#8231=DIRECTION('',(-0.707106781186548,-9.328080314649E-17,-0.707106781186547));
#8232=DIRECTION('center_axis',(-2.62706128921268E-16,1.,1.30787151583875E-16));
#8233=DIRECTION('ref_axis',(1.,2.62706128921268E-16,3.55339373717079E-15));
#8234=DIRECTION('',(1.,2.62706128502698E-16,7.7715611723761E-16));
#8235=DIRECTION('center_axis',(2.62706128921268E-16,-1.,-1.30787151583875E-16));
#8236=DIRECTION('ref_axis',(1.,2.62706128921268E-16,9.03221174687033E-35));
#8237=DIRECTION('center_axis',(2.62706128921268E-16,-1.,-1.30787151583875E-16));
#8238=DIRECTION('ref_axis',(1.,2.62706128921268E-16,9.03221174687087E-35));
#8239=DIRECTION('',(-0.707106781186535,-2.78241766700554E-16,0.70710678118656));
#8240=DIRECTION('center_axis',(-2.62706128921268E-16,1.,1.30787151583875E-16));
#8241=DIRECTION('ref_axis',(1.,2.62706128921269E-16,-5.32761264638576E-15));
#8242=DIRECTION('',(-4.44089209850063E-16,1.30787151583878E-16,-1.));
#8243=DIRECTION('',(-1.,-2.62706128502698E-16,-6.10622663543836E-16));
#8244=DIRECTION('center_axis',(-2.62706128921268E-16,1.,1.30787151583875E-16));
#8245=DIRECTION('ref_axis',(1.,2.62706128921268E-16,1.77421890921498E-15));
#8246=DIRECTION('',(0.707106781186548,2.78241766700556E-16,-0.707106781186547));
#8247=DIRECTION('center_axis',(2.62706128921268E-16,-1.,-1.30787151583875E-16));
#8248=DIRECTION('ref_axis',(1.,2.62706128921268E-16,9.03221174687087E-35));
#8249=DIRECTION('',(0.707106781186548,9.32808031464898E-17,0.707106781186547));
#8250=DIRECTION('center_axis',(-2.62706128921268E-16,1.,1.30787151583875E-16));
#8251=DIRECTION('ref_axis',(1.,2.62706128921267E-16,6.21967801973406E-15));
#8252=DIRECTION('',(-1.,-2.62706128502698E-16,-7.7715611723761E-16));
#8253=DIRECTION('center_axis',(2.62706128921268E-16,-1.,-1.30787151583875E-16));
#8254=DIRECTION('ref_axis',(1.,2.62706128921268E-16,9.03221174687087E-35));
#8255=DIRECTION('',(7.21644966006352E-16,-1.30787151583878E-16,1.));
#8256=DIRECTION('center_axis',(-2.62706128921268E-16,1.,1.30787151583875E-16));
#8257=DIRECTION('ref_axis',(1.,2.62706128921268E-16,-8.87109454607488E-16));
#8258=DIRECTION('',(-0.707106781186548,-9.328080314649E-17,-0.707106781186547));
#8259=DIRECTION('center_axis',(2.62706128921268E-16,-1.,-1.30787151583875E-16));
#8260=DIRECTION('ref_axis',(1.,2.62706128921268E-16,9.03221174686923E-35));
#8261=DIRECTION('',(0.707106781186549,2.78241766700556E-16,-0.707106781186546));
#8262=DIRECTION('',(6.66133814775094E-16,-1.30787151583878E-16,1.));
#8263=DIRECTION('center_axis',(2.62706128921268E-16,-1.,-1.30787151583875E-16));
#8264=DIRECTION('ref_axis',(1.,2.62706128921268E-16,9.03221174687033E-35));
#8265=DIRECTION('center_axis',(2.62706128921268E-16,-1.,-1.30787151583875E-16));
#8266=DIRECTION('ref_axis',(1.,2.62706128921268E-16,9.03221174687087E-35));
#8267=DIRECTION('',(1.,2.62706128502698E-16,7.7715611723761E-16));
#8268=DIRECTION('center_axis',(-2.62706128921268E-16,1.,1.30787151583875E-16));
#8269=DIRECTION('ref_axis',(1.,2.62706128921268E-16,5.55003878281628E-36));
#8270=DIRECTION('',(-0.707106781186548,-2.78241766700556E-16,0.707106781186547));
#8271=DIRECTION('center_axis',(2.62706128921268E-16,-1.,-1.30787151583875E-16));
#8272=DIRECTION('ref_axis',(1.,2.62706128921268E-16,9.03221174686923E-35));
#8273=DIRECTION('',(-6.66133814775094E-16,1.30787151583878E-16,-1.));
#8274=DIRECTION('center_axis',(-2.62706128921268E-16,1.,1.30787151583875E-16));
#8275=DIRECTION('ref_axis',(1.,2.62706128921268E-16,-8.87109454607491E-16));
#8276=DIRECTION('',(0.707106781186548,9.328080314649E-17,0.707106781186547));
#8277=DIRECTION('center_axis',(-4.59951481886329E-15,1.,1.3078715158388E-16));
#8278=DIRECTION('ref_axis',(-1.,-4.59951481886329E-15,8.67361737988403E-16));
#8279=DIRECTION('',(4.59951481886329E-15,-1.,-1.3078715158388E-16));
#8280=DIRECTION('center_axis',(4.59951481886329E-15,-1.,-1.3078715158388E-16));
#8281=DIRECTION('ref_axis',(-1.,-4.59951481886329E-15,1.73472347597681E-15));
#8282=DIRECTION('center_axis',(2.62706128921268E-16,-1.,1.30787151583878E-16));
#8283=DIRECTION('ref_axis',(6.10622663543836E-16,-1.30787151583878E-16,
-1.));
#8284=DIRECTION('center_axis',(4.59951481886329E-15,-1.,-1.30787151583882E-16));
#8285=DIRECTION('ref_axis',(-1.,-4.59951481886332E-15,2.52022794994255E-13));
#8286=DIRECTION('',(-1.,2.62706128921268E-16,6.66133814775094E-16));
#8287=DIRECTION('center_axis',(2.62706128921268E-16,-1.,-1.30787151583875E-16));
#8288=DIRECTION('ref_axis',(-9.13238974455782E-32,1.30787151583875E-16,
-1.));
#8289=DIRECTION('',(-6.10622663543836E-16,1.30787151583878E-16,1.));
#8290=DIRECTION('center_axis',(-2.62706128921268E-16,1.,1.30787151583875E-16));
#8291=DIRECTION('ref_axis',(-9.13238974455782E-32,1.30787151583875E-16,
-1.));
#8292=DIRECTION('',(6.10622663543836E-16,-1.30787151583878E-16,-1.));
#8293=DIRECTION('center_axis',(2.62706128921268E-16,-1.,-1.30787151583875E-16));
#8294=DIRECTION('ref_axis',(-9.13238974455782E-32,1.30787151583875E-16,
-1.));
#8295=DIRECTION('',(-2.62706128921268E-16,1.,1.30787151583875E-16));
#8296=DIRECTION('center_axis',(2.62706128921268E-16,-1.,-1.30787151583875E-16));
#8297=DIRECTION('ref_axis',(6.09578005121349E-16,1.30787151583875E-16,-1.));
#8298=DIRECTION('',(2.62706128921268E-16,-1.,-1.30787151583875E-16));
#8299=DIRECTION('center_axis',(2.62706128921268E-16,-1.,-1.30787151583875E-16));
#8300=DIRECTION('ref_axis',(6.09578005121349E-16,1.30787151583875E-16,-1.));
#8301=DIRECTION('',(-2.62706128921268E-16,1.,1.30787151583875E-16));
#8302=DIRECTION('center_axis',(0.707106781186546,-2.78241766996526E-16,
-0.707106781186549));
#8303=DIRECTION('ref_axis',(-0.707106781186549,9.32808034424622E-17,-0.707106781186546));
#8304=DIRECTION('',(2.62706128921268E-16,-1.,-1.30787151583875E-16));
#8305=DIRECTION('',(0.707106781186549,-9.32808034424622E-17,0.707106781186546));
#8306=DIRECTION('center_axis',(2.62706128921268E-16,-1.,-1.30787151583875E-16));
#8307=DIRECTION('ref_axis',(6.10622663543836E-16,1.30787151583875E-16,-1.));
#8308=DIRECTION('center_axis',(2.62706128921268E-16,-1.,-1.30787151583875E-16));
#8309=DIRECTION('ref_axis',(6.10622663543836E-16,1.30787151583875E-16,-1.));
#8310=DIRECTION('',(-2.62706128921268E-16,1.,1.30787151583875E-16));
#8311=DIRECTION('center_axis',(-4.44089209850063E-16,-1.30787151583877E-16,
-1.));
#8312=DIRECTION('ref_axis',(-1.,2.62706128921268E-16,4.44089209850063E-16));
#8313=DIRECTION('',(1.,-2.62706128921268E-16,-4.44089209850063E-16));
#8314=DIRECTION('center_axis',(-0.707106781186559,9.32808034424662E-17,
-0.707106781186536));
#8315=DIRECTION('ref_axis',(-0.707106781186536,2.78241766996525E-16,0.707106781186559));
#8316=DIRECTION('',(2.62706128921268E-16,-1.,-1.30787151583875E-16));
#8317=DIRECTION('',(0.707106781186536,-2.78241766996525E-16,-0.707106781186559));
#8318=DIRECTION('',(-2.62706128921268E-16,1.,1.30787151583875E-16));
#8319=DIRECTION('center_axis',(2.62706128921268E-16,-1.,-1.30787151583875E-16));
#8320=DIRECTION('ref_axis',(6.10622663543837E-16,1.30787151583875E-16,-1.));
#8321=DIRECTION('center_axis',(2.62706128921268E-16,-1.,-1.30787151583875E-16));
#8322=DIRECTION('ref_axis',(6.10622663543837E-16,1.30787151583875E-16,-1.));
#8323=DIRECTION('',(-2.62706128921268E-16,1.,1.30787151583875E-16));
#8324=DIRECTION('center_axis',(-1.,2.62706128921268E-16,-7.7715611723761E-16));
#8325=DIRECTION('ref_axis',(-7.7715611723761E-16,1.30787151583877E-16,1.));
#8326=DIRECTION('',(7.7715611723761E-16,-1.30787151583877E-16,-1.));
#8327=DIRECTION('',(-2.62706128921268E-16,1.,1.30787151583875E-16));
#8328=DIRECTION('center_axis',(2.62706128921268E-16,-1.,-1.30787151583875E-16));
#8329=DIRECTION('ref_axis',(6.09578005121348E-16,1.30787151583875E-16,-1.));
#8330=DIRECTION('center_axis',(2.62706128921268E-16,-1.,-1.30787151583875E-16));
#8331=DIRECTION('ref_axis',(6.09578005121348E-16,1.30787151583875E-16,-1.));
#8332=DIRECTION('center_axis',(2.62706128921268E-16,-1.,-1.30787151583875E-16));
#8333=DIRECTION('ref_axis',(6.09578005121349E-16,1.30787151583875E-16,-1.));
#8334=DIRECTION('',(2.62706128921268E-16,-1.,-1.30787151583875E-16));
#8335=DIRECTION('center_axis',(2.62706128921268E-16,-1.,-1.30787151583875E-16));
#8336=DIRECTION('ref_axis',(6.09578005121349E-16,1.30787151583875E-16,-1.));
#8337=DIRECTION('',(-2.62706128921268E-16,1.,1.30787151583875E-16));
#8338=DIRECTION('center_axis',(-6.66133814775094E-16,-1.30787151583877E-16,
-1.));
#8339=DIRECTION('ref_axis',(-1.,2.62706128921268E-16,6.66133814775094E-16));
#8340=DIRECTION('',(2.62706128921268E-16,-1.,-1.30787151583875E-16));
#8341=DIRECTION('',(1.,-2.62706128921268E-16,-6.66133814775094E-16));
#8342=DIRECTION('center_axis',(2.62706128921268E-16,-1.,-1.30787151583875E-16));
#8343=DIRECTION('ref_axis',(6.10622663543837E-16,1.30787151583875E-16,-1.));
#8344=DIRECTION('center_axis',(2.62706128921268E-16,-1.,-1.30787151583875E-16));
#8345=DIRECTION('ref_axis',(6.10622663543837E-16,1.30787151583875E-16,-1.));
#8346=DIRECTION('',(-2.62706128921268E-16,1.,1.30787151583875E-16));
#8347=DIRECTION('center_axis',(-0.707106781186546,9.32808034424625E-17,
-0.707106781186549));
#8348=DIRECTION('ref_axis',(-0.707106781186549,2.78241766996527E-16,0.707106781186546));
#8349=DIRECTION('',(0.707106781186549,-2.78241766996527E-16,-0.707106781186546));
#8350=DIRECTION('center_axis',(2.62706128921268E-16,-1.,-1.30787151583875E-16));
#8351=DIRECTION('ref_axis',(6.09578005121347E-16,1.30787151583875E-16,-1.));
#8352=DIRECTION('',(2.62706128921268E-16,-1.,-1.30787151583875E-16));
#8353=DIRECTION('center_axis',(2.62706128921268E-16,-1.,-1.30787151583875E-16));
#8354=DIRECTION('ref_axis',(6.09578005121347E-16,1.30787151583875E-16,-1.));
#8355=DIRECTION('',(-2.62706128921268E-16,1.,1.30787151583875E-16));
#8356=DIRECTION('center_axis',(-0.707106781186547,2.78241766996527E-16,
0.707106781186548));
#8357=DIRECTION('ref_axis',(0.707106781186548,-9.32808034424632E-17,0.707106781186547));
#8358=DIRECTION('',(2.62706128921268E-16,-1.,-1.30787151583875E-16));
#8359=DIRECTION('',(-0.707106781186548,9.32808034424632E-17,-0.707106781186547));
#8360=DIRECTION('center_axis',(2.62706128921268E-16,-1.,-1.30787151583875E-16));
#8361=DIRECTION('ref_axis',(6.10622663543837E-16,1.30787151583875E-16,-1.));
#8362=DIRECTION('center_axis',(2.62706128921268E-16,-1.,-1.30787151583875E-16));
#8363=DIRECTION('ref_axis',(6.10622663543837E-16,1.30787151583875E-16,-1.));
#8364=DIRECTION('',(-2.62706128921268E-16,1.,1.30787151583875E-16));
#8365=DIRECTION('center_axis',(4.44089209850063E-16,1.30787151583877E-16,
1.));
#8366=DIRECTION('ref_axis',(1.,-2.62706128921268E-16,-4.44089209850063E-16));
#8367=DIRECTION('',(-1.,2.62706128921268E-16,4.44089209850063E-16));
#8368=DIRECTION('center_axis',(2.62706128921268E-16,-1.,-1.30787151583875E-16));
#8369=DIRECTION('ref_axis',(0.347481208775507,-3.13519615736424E-17,0.937686946452766));
#8370=DIRECTION('',(2.62706128921268E-16,-1.,-1.30787151583875E-16));
#8371=DIRECTION('center_axis',(2.62706128921268E-16,-1.,-1.30787151583875E-16));
#8372=DIRECTION('ref_axis',(6.09578005121347E-16,1.30787151583875E-16,-1.));
#8373=DIRECTION('',(-2.62706128921268E-16,1.,1.30787151583875E-16));
#8374=DIRECTION('center_axis',(-1.,2.62706128921267E-16,-3.33066907387547E-16));
#8375=DIRECTION('ref_axis',(-3.33066907387547E-16,1.30787151583878E-16,
1.));
#8376=DIRECTION('',(2.62706128921268E-16,-1.,-1.30787151583875E-16));
#8377=DIRECTION('',(3.33066907387547E-16,-1.30787151583878E-16,-1.));
#8378=DIRECTION('center_axis',(2.62706128921268E-16,-1.,-1.30787151583875E-16));
#8379=DIRECTION('ref_axis',(6.10622663543836E-16,1.30787151583875E-16,-1.));
#8380=DIRECTION('center_axis',(2.62706128921268E-16,-1.,-1.30787151583875E-16));
#8381=DIRECTION('ref_axis',(6.10622663543836E-16,1.30787151583875E-16,-1.));
#8382=DIRECTION('',(-2.62706128921268E-16,1.,1.30787151583875E-16));
#8383=DIRECTION('center_axis',(-0.707106781186546,2.78241766996526E-16,
0.707106781186549));
#8384=DIRECTION('ref_axis',(0.707106781186549,-9.32808034424638E-17,0.707106781186546));
#8385=DIRECTION('',(-0.707106781186549,9.32808034424638E-17,-0.707106781186546));
#8386=DIRECTION('center_axis',(0.707106781186545,-9.32808034424628E-17,
0.70710678118655));
#8387=DIRECTION('ref_axis',(0.70710678118655,-2.78241766996527E-16,-0.707106781186545));
#8388=DIRECTION('',(2.62706128921268E-16,-1.,-1.30787151583875E-16));
#8389=DIRECTION('',(-0.707106781186549,2.78241766996527E-16,0.707106781186546));
#8390=DIRECTION('center_axis',(2.62706128921268E-16,-1.,-1.30787151583875E-16));
#8391=DIRECTION('ref_axis',(6.10622663543836E-16,1.30787151583875E-16,-1.));
#8392=DIRECTION('center_axis',(2.62706128921268E-16,-1.,-1.30787151583875E-16));
#8393=DIRECTION('ref_axis',(6.10622663543836E-16,1.30787151583875E-16,-1.));
#8394=DIRECTION('',(-2.62706128921268E-16,1.,1.30787151583875E-16));
#8395=DIRECTION('center_axis',(-1.,2.62706128921267E-16,-6.10622663543836E-16));
#8396=DIRECTION('ref_axis',(-6.10622663543836E-16,1.30787151583878E-16,
1.));
#8397=DIRECTION('',(6.10622663543836E-16,-1.30787151583878E-16,-1.));
#8398=DIRECTION('center_axis',(4.44089209850063E-16,1.30787151583877E-16,
1.));
#8399=DIRECTION('ref_axis',(1.,-2.62706128921268E-16,-4.44089209850063E-16));
#8400=DIRECTION('',(2.62706128921268E-16,-1.,-1.30787151583875E-16));
#8401=DIRECTION('',(-1.,2.62706128921268E-16,4.44089209850063E-16));
#8402=DIRECTION('',(-2.62706128921268E-16,1.,1.30787151583875E-16));
#8403=DIRECTION('center_axis',(2.62706128921268E-16,-1.,-1.30787151583875E-16));
#8404=DIRECTION('ref_axis',(6.10622663543837E-16,1.30787151583875E-16,-1.));
#8405=DIRECTION('center_axis',(2.62706128921268E-16,-1.,-1.30787151583875E-16));
#8406=DIRECTION('ref_axis',(6.10622663543837E-16,1.30787151583875E-16,-1.));
#8407=DIRECTION('',(-2.62706128921268E-16,1.,1.30787151583875E-16));
#8408=DIRECTION('center_axis',(0.707106781186546,-9.32808034424625E-17,
0.707106781186549));
#8409=DIRECTION('ref_axis',(0.707106781186549,-2.78241766996527E-16,-0.707106781186546));
#8410=DIRECTION('',(-0.707106781186549,2.78241766996527E-16,0.707106781186546));
#8411=DIRECTION('',(-2.62706128921268E-16,1.,1.30787151583875E-16));
#8412=DIRECTION('center_axis',(2.62706128921268E-16,-1.,-1.30787151583875E-16));
#8413=DIRECTION('ref_axis',(6.09578005121348E-16,1.30787151583875E-16,-1.));
#8414=DIRECTION('center_axis',(2.62706128921268E-16,-1.,-1.30787151583875E-16));
#8415=DIRECTION('ref_axis',(6.09578005121348E-16,1.30787151583875E-16,-1.));
#8416=DIRECTION('center_axis',(1.,-2.62706128921267E-16,6.10622663543836E-16));
#8417=DIRECTION('ref_axis',(6.10622663543836E-16,-1.30787151583878E-16,
-1.));
#8418=DIRECTION('',(2.62706128921268E-16,-1.,-1.30787151583875E-16));
#8419=DIRECTION('',(-6.10622663543836E-16,1.30787151583878E-16,1.));
#8420=DIRECTION('',(-2.62706128921268E-16,1.,1.30787151583875E-16));
#8421=DIRECTION('center_axis',(2.62706128921268E-16,-1.,-1.30787151583875E-16));
#8422=DIRECTION('ref_axis',(6.10622663543836E-16,1.30787151583875E-16,-1.));
#8423=DIRECTION('center_axis',(2.62706128921268E-16,-1.,-1.30787151583875E-16));
#8424=DIRECTION('ref_axis',(6.10622663543836E-16,1.30787151583875E-16,-1.));
#8425=DIRECTION('',(-2.62706128921268E-16,1.,1.30787151583875E-16));
#8426=DIRECTION('center_axis',(0.707106781186546,-2.78241766996526E-16,
-0.707106781186549));
#8427=DIRECTION('ref_axis',(-0.707106781186549,9.32808034424638E-17,-0.707106781186546));
#8428=DIRECTION('',(0.707106781186549,-9.32808034424638E-17,0.707106781186546));
#8429=DIRECTION('',(-2.62706128921268E-16,1.,1.30787151583875E-16));
#8430=DIRECTION('center_axis',(2.62706128921268E-16,-1.,-1.30787151583875E-16));
#8431=DIRECTION('ref_axis',(6.09578005121349E-16,1.30787151583875E-16,-1.));
#8432=DIRECTION('center_axis',(2.62706128921268E-16,-1.,-1.30787151583875E-16));
#8433=DIRECTION('ref_axis',(6.09578005121349E-16,1.30787151583875E-16,-1.));
#8434=DIRECTION('center_axis',(2.62706128921268E-16,-1.,-1.30787151583875E-16));
#8435=DIRECTION('ref_axis',(-6.87171726104783E-32,1.30787151583875E-16,
-1.));
#8436=DIRECTION('',(2.62706128921268E-16,-1.,-1.30787151583875E-16));
#8437=DIRECTION('',(-2.62706128921268E-16,1.,1.30787151583875E-16));
#8438=DIRECTION('center_axis',(-1.,2.62706128921267E-16,-6.10622663543836E-16));
#8439=DIRECTION('ref_axis',(-6.10622663543836E-16,1.30787151583878E-16,
1.));
#8440=DIRECTION('center_axis',(1.,4.59951481886329E-15,-6.66133814775094E-16));
#8441=DIRECTION('ref_axis',(-4.59951481886329E-15,1.,1.30787151583881E-16));
#8442=DIRECTION('',(4.59951481886329E-15,-1.,-1.30787151583882E-16));
#8443=DIRECTION('center_axis',(-4.59951481886329E-15,1.,1.30787151583882E-16));
#8444=DIRECTION('ref_axis',(-1.,-4.59951481886329E-15,6.7762635780344E-16));
#8445=DIRECTION('',(-4.59951481886329E-15,1.,1.30787151583882E-16));
#8446=DIRECTION('center_axis',(6.66133814775094E-16,1.30787151583877E-16,
1.));
#8447=DIRECTION('ref_axis',(1.,-2.62706128921268E-16,-6.66133814775094E-16));
#8448=DIRECTION('center_axis',(2.62706128921268E-16,-1.,1.30787151583878E-16));
#8449=DIRECTION('ref_axis',(6.10622663543836E-16,-1.30787151583878E-16,
-1.));
#8450=DIRECTION('center_axis',(2.62706128921268E-16,-1.,1.30787151583878E-16));
#8451=DIRECTION('ref_axis',(6.10622663543836E-16,-1.30787151583878E-16,
-1.));
#8452=DIRECTION('center_axis',(2.62706128921268E-16,-1.,1.30787151583878E-16));
#8453=DIRECTION('ref_axis',(6.10622663543836E-16,-1.30787151583878E-16,
-1.));
#8454=DIRECTION('center_axis',(2.62706128921268E-16,-1.,1.30787151583878E-16));
#8455=DIRECTION('ref_axis',(6.10622663543836E-16,-1.30787151583878E-16,
-1.));
#8456=DIRECTION('center_axis',(2.62706128921268E-16,-1.,1.30787151583878E-16));
#8457=DIRECTION('ref_axis',(6.10622663543836E-16,-1.30787151583878E-16,
-1.));
#8458=DIRECTION('center_axis',(2.62706128921268E-16,-1.,1.30787151583878E-16));
#8459=DIRECTION('ref_axis',(6.10622663543836E-16,-1.30787151583878E-16,
-1.));
#8460=DIRECTION('center_axis',(2.62706128921268E-16,-1.,1.30787151583878E-16));
#8461=DIRECTION('ref_axis',(6.10622663543836E-16,-1.30787151583878E-16,
-1.));
#8462=DIRECTION('center_axis',(2.62706128921268E-16,-1.,1.30787151583878E-16));
#8463=DIRECTION('ref_axis',(6.10622663543836E-16,-1.30787151583878E-16,
-1.));
#8464=DIRECTION('center_axis',(-2.62706128921268E-16,-1.,2.01639229830234E-31));
#8465=DIRECTION('ref_axis',(1.,-2.62706128921268E-16,0.));
#8466=DIRECTION('',(-1.0842021724855E-15,6.04854337871757E-31,-1.));
#8467=DIRECTION('center_axis',(-1.,2.0928514328178E-25,1.0842021724855E-15));
#8468=DIRECTION('ref_axis',(1.0842021724855E-15,-6.04854337871757E-31,1.));
#8469=CARTESIAN_POINT('',(0.,0.,0.));
#8470=CARTESIAN_POINT('Origin',(2.1094237467878E-14,13.2,-2.77555756156289E-15));
#8471=CARTESIAN_POINT('',(1.61776556998033,13.7,11.6380984082704));
#8472=CARTESIAN_POINT('',(-2.33310254176491E-10,13.6999999998048,-11.7500139704027));
#8473=CARTESIAN_POINT('Ctrl Pts',(1.61776556998033,13.7,11.6380984082704));
#8474=CARTESIAN_POINT('Ctrl Pts',(1.82954532521574,13.7,11.6086597504743));
#8475=CARTESIAN_POINT('Ctrl Pts',(2.04000945405876,13.7,11.5735161321442));
#8476=CARTESIAN_POINT('Ctrl Pts',(2.45861690849826,13.6999999999999,11.4918775749946));
#8477=CARTESIAN_POINT('Ctrl Pts',(2.66675716089209,13.6999999999997,11.4453668312713));
#8478=CARTESIAN_POINT('Ctrl Pts',(3.07997743582825,13.6999999999996,11.3411445317521));
#8479=CARTESIAN_POINT('Ctrl Pts',(3.28506366641819,13.6999999999997,11.2834573785798));
#8480=CARTESIAN_POINT('Ctrl Pts',(3.54080137237569,13.7,11.2039364674233));
#8481=CARTESIAN_POINT('Ctrl Pts',(3.59267801496451,13.7,11.1874097100934));
#8482=CARTESIAN_POINT('Ctrl Pts',(3.66290421637451,13.7,11.1644976992981));
#8483=CARTESIAN_POINT('Ctrl Pts',(3.68037879446062,13.7000000000005,11.1587504503416));
#8484=CARTESIAN_POINT('Ctrl Pts',(3.70234932735303,13.6999999999994,11.1514634731681));
#8485=CARTESIAN_POINT('Ctrl Pts',(3.70538206574042,13.6999999999992,11.1504562833002));
#8486=CARTESIAN_POINT('Ctrl Pts',(3.91130639034929,13.6999999999796,11.0819728464031));
#8487=CARTESIAN_POINT('Ctrl Pts',(4.11180052773776,13.6999999996928,11.0091507744492));
#8488=CARTESIAN_POINT('Ctrl Pts',(4.50842829481405,13.699999999178,10.8527770619287));
#8489=CARTESIAN_POINT('Ctrl Pts',(4.70455543889446,13.6999999989765,10.7692092392441));
#8490=CARTESIAN_POINT('Ctrl Pts',(5.09174310993879,13.6999999991046,10.5916298503078));
#8491=CARTESIAN_POINT('Ctrl Pts',(5.28281388827805,13.6999999994719,10.4976402629958));
#8492=CARTESIAN_POINT('Ctrl Pts',(5.53574762025425,13.6999999998756,10.3645325821471));
#8493=CARTESIAN_POINT('Ctrl Pts',(5.59967794344953,13.6999999999627,10.3301290493563));
#8494=CARTESIAN_POINT('Ctrl Pts',(5.69052286873706,13.7000000000028,10.2801477215936));
#8495=CARTESIAN_POINT('Ctrl Pts',(5.7169342667583,13.7,10.2654826106737));
#8496=CARTESIAN_POINT('Ctrl Pts',(5.75844052759496,13.6999999999993,10.2422242373422));
#8497=CARTESIAN_POINT('Ctrl Pts',(5.77307308295526,13.6999999999988,10.2339853728927));
#8498=CARTESIAN_POINT('Ctrl Pts',(5.9741371889661,13.6999999999602,10.1201844978177));
#8499=CARTESIAN_POINT('Ctrl Pts',(6.15681291155884,13.6999999995125,10.0101007219186));
#8500=CARTESIAN_POINT('Ctrl Pts',(6.5158163057465,13.6999999973237,9.78025570597466));
#8501=CARTESIAN_POINT('Ctrl Pts',(6.69213305936193,13.699999995673,9.6604779249931));
#8502=CARTESIAN_POINT('Ctrl Pts',(7.03780294812323,13.6999999948756,9.41163048769622));
#8503=CARTESIAN_POINT('Ctrl Pts',(7.20716797798248,13.6999999963176,9.28257681254009));
#8504=CARTESIAN_POINT('Ctrl Pts',(7.41427243481587,13.6999999987719,9.11562858800035));
#8505=CARTESIAN_POINT('Ctrl Pts',(7.45515511178288,13.6999999992481,9.08221476625546));
#8506=CARTESIAN_POINT('Ctrl Pts',(7.5368118761664,13.6999999999154,9.01454871413812));
#8507=CARTESIAN_POINT('Ctrl Pts',(7.57713474171144,13.6999999999573,8.98067417494604));
#8508=CARTESIAN_POINT('Ctrl Pts',(7.65233352875149,13.6999999999994,8.91663812839803));
#8509=CARTESIAN_POINT('Ctrl Pts',(7.68719059148454,13.6999999999988,8.88661087276854));
#8510=CARTESIAN_POINT('Ctrl Pts',(7.89105906658349,13.6999999999097,8.70884502468483));
#8511=CARTESIAN_POINT('Ctrl Pts',(8.05494327287152,13.699999999718,8.55747622382951));
#8512=CARTESIAN_POINT('Ctrl Pts',(8.37379185415997,13.6999999996435,8.24574793055904));
#8513=CARTESIAN_POINT('Ctrl Pts',(8.52873906827962,13.6999999997054,8.08537142531824));
#8514=CARTESIAN_POINT('Ctrl Pts',(8.82901327537357,13.6999999998139,7.75634222022373));
#8515=CARTESIAN_POINT('Ctrl Pts',(8.9743611157116,13.6999999998585,7.5877080801972));
#8516=CARTESIAN_POINT('Ctrl Pts',(9.2029651794127,13.6999999998319,7.30668556887565));
#8517=CARTESIAN_POINT('Ctrl Pts',(9.2890703962263,13.699999999803,7.19691111609853));
#8518=CARTESIAN_POINT('Ctrl Pts',(9.50222634439921,13.6999999995408,6.91494037889834));
#8519=CARTESIAN_POINT('Ctrl Pts',(9.62613697909021,13.6999999989454,6.74137527527186));
#8520=CARTESIAN_POINT('Ctrl Pts',(9.8642865550419,13.6999999965389,6.38789953985687));
#8521=CARTESIAN_POINT('Ctrl Pts',(9.97850828480399,13.6999999947454,6.20797773786987));
#8522=CARTESIAN_POINT('Ctrl Pts',(10.1968655371794,13.6999999937141,5.8423928681109));
#8523=CARTESIAN_POINT('Ctrl Pts',(10.3010180556213,13.6999999950931,5.65673952665126));
#8524=CARTESIAN_POINT('Ctrl Pts',(10.4316558464928,13.6999999981839,5.40820153157257));
#8525=CARTESIAN_POINT('Ctrl Pts',(10.4626124695757,13.6999999989608,5.34804870178631));
#8526=CARTESIAN_POINT('Ctrl Pts',(10.5169999471487,13.6999999998766,5.24007398868378));
#8527=CARTESIAN_POINT('Ctrl Pts',(10.5408986031545,13.6999999999408,5.1918220299105));
#8528=CARTESIAN_POINT('Ctrl Pts',(10.5854610975181,13.7000000000013,5.10028463384756));
#8529=CARTESIAN_POINT('Ctrl Pts',(10.6062131232442,13.6999999999992,5.05697603209628));
#8530=CARTESIAN_POINT('Ctrl Pts',(10.717534304022,13.6999999999164,4.82109446186028));
#8531=CARTESIAN_POINT('Ctrl Pts',(10.8032591138632,13.6999999996036,4.62579033133885));
#8532=CARTESIAN_POINT('Ctrl Pts',(10.9639328494055,13.6999999989368,4.23095250089362));
#8533=CARTESIAN_POINT('Ctrl Pts',(11.038864102831,13.6999999986159,4.03141187085229));
#8534=CARTESIAN_POINT('Ctrl Pts',(11.177667697411,13.699999998627,3.62882344875836));
#8535=CARTESIAN_POINT('Ctrl Pts',(11.2415623207252,13.6999999990202,3.42578305068357));
#8536=CARTESIAN_POINT('Ctrl Pts',(11.3280298257984,13.6999999997036,3.12236025751603));
#8537=CARTESIAN_POINT('Ctrl Pts',(11.3548142181242,13.6999999999261,3.02348876065524));
#8538=CARTESIAN_POINT('Ctrl Pts',(11.3882450471951,13.7000000000041,2.89334051938863));
#8539=CARTESIAN_POINT('Ctrl Pts',(11.3962465947437,13.6999999999998,2.86165918270549));
#8540=CARTESIAN_POINT('Ctrl Pts',(11.4082275109285,13.6999999999994,2.81339326014984));
#8541=CARTESIAN_POINT('Ctrl Pts',(11.4124237664307,13.6999999999989,2.79631981093216));
#8542=CARTESIAN_POINT('Ctrl Pts',(11.4670420366448,13.6999999999615,2.57204178499217));
#8543=CARTESIAN_POINT('Ctrl Pts',(11.5118279394642,13.6999999997722,2.36348241046));
#8544=CARTESIAN_POINT('Ctrl Pts',(11.589990289352,13.6999999996691,1.94436691487412));
#8545=CARTESIAN_POINT('Ctrl Pts',(11.6233499806086,13.6999999997194,1.73380775402201));
#8546=CARTESIAN_POINT('Ctrl Pts',(11.6785306349034,13.6999999998663,1.3114694104248));
#8547=CARTESIAN_POINT('Ctrl Pts',(11.7003774443854,13.6999999999471,1.09969347814838));
#8548=CARTESIAN_POINT('Ctrl Pts',(11.7237444427153,13.6999999999931,0.790993724210269));
#8549=CARTESIAN_POINT('Ctrl Pts',(11.7298416620582,13.6999999999991,0.694746558702675));
#8550=CARTESIAN_POINT('Ctrl Pts',(11.73578874821,13.7000000000001,0.578078327861853));
#8551=CARTESIAN_POINT('Ctrl Pts',(11.7368153910916,13.7000000000004,0.556824832587572));
#8552=CARTESIAN_POINT('Ctrl Pts',(11.7378754536663,13.6999999999995,0.533674423681808));
#8553=CARTESIAN_POINT('Ctrl Pts',(11.7380293829642,13.6999999999993,0.5302800601552));
#8554=CARTESIAN_POINT('Ctrl Pts',(11.7484336617583,13.6999999999795,0.298741463278303));
#8555=CARTESIAN_POINT('Ctrl Pts',(11.7520086349292,13.6999999997908,0.0707388141228072));
#8556=CARTESIAN_POINT('Ctrl Pts',(11.7459191471368,13.6999999997489,-0.385089206241089));
#8557=CARTESIAN_POINT('Ctrl Pts',(11.7362334133746,13.6999999998141,-0.612914339798316));
#8558=CARTESIAN_POINT('Ctrl Pts',(11.7036450479346,13.6999999998824,-1.06734043247019));
#8559=CARTESIAN_POINT('Ctrl Pts',(11.6807742875923,13.6999999999076,-1.29394364787807));
#8560=CARTESIAN_POINT('Ctrl Pts',(11.6470198000763,13.6999999997873,-1.55269133378349));
#8561=CARTESIAN_POINT('Ctrl Pts',(11.642635878569,13.6999999997688,-1.58523388548151));
#8562=CARTESIAN_POINT('Ctrl Pts',(11.6086893704781,13.699999999594,-1.82948259611542));
#8563=CARTESIAN_POINT('Ctrl Pts',(11.5735568184972,13.6999999995466,-2.03989711644329));
#8564=CARTESIAN_POINT('Ctrl Pts',(11.4919388821507,13.6999999996644,-2.458410926829));
#8565=CARTESIAN_POINT('Ctrl Pts',(11.4454390213721,13.6999999997961,-2.66650749111207));
#8566=CARTESIAN_POINT('Ctrl Pts',(11.3412426216653,13.6999999999614,-3.07963687764065));
#8567=CARTESIAN_POINT('Ctrl Pts',(11.283572384524,13.699999999993,-3.28467627107658));
#8568=CARTESIAN_POINT('Ctrl Pts',(11.204027613132,13.6999999999997,-3.54051686285904));
#8569=CARTESIAN_POINT('Ctrl Pts',(11.1874588678788,13.7,-3.59252778353748));
#8570=CARTESIAN_POINT('Ctrl Pts',(11.164495363552,13.7,-3.6629114885628));
#8571=CARTESIAN_POINT('Ctrl Pts',(11.1587399149416,13.7000000000005,-3.68041087880068));
#8572=CARTESIAN_POINT('Ctrl Pts',(11.1514508288452,13.6999999999994,-3.70238740049679));
#8573=CARTESIAN_POINT('Ctrl Pts',(11.150449822329,13.6999999999992,-3.70540149337414));
#8574=CARTESIAN_POINT('Ctrl Pts',(11.081972846402,13.6999999999796,-3.91130639035112));
#8575=CARTESIAN_POINT('Ctrl Pts',(11.0091507744476,13.6999999996928,-4.11180052774044));
#8576=CARTESIAN_POINT('Ctrl Pts',(10.8527770619266,13.699999999178,-4.50842829481812));
#8577=CARTESIAN_POINT('Ctrl Pts',(10.7692092392418,13.6999999989765,-4.70455543889902));
#8578=CARTESIAN_POINT('Ctrl Pts',(10.5916298503051,13.6999999991046,-5.09174310994478));
#8579=CARTESIAN_POINT('Ctrl Pts',(10.4976402629926,13.699999999472,-5.28281388828492));
#8580=CARTESIAN_POINT('Ctrl Pts',(10.3645325821445,13.6999999998756,-5.53574762025954));
#8581=CARTESIAN_POINT('Ctrl Pts',(10.3301290493544,13.6999999999627,-5.59967794345335));
#8582=CARTESIAN_POINT('Ctrl Pts',(10.2801477215949,13.7000000000028,-5.69052286873468));
#8583=CARTESIAN_POINT('Ctrl Pts',(10.2654826106777,13.7,-5.71693426675111));
#8584=CARTESIAN_POINT('Ctrl Pts',(10.2422242373468,13.6999999999993,-5.75844052758669));
#8585=CARTESIAN_POINT('Ctrl Pts',(10.2339853728951,13.6999999999988,-5.77307308295088));
#8586=CARTESIAN_POINT('Ctrl Pts',(10.1201844978166,13.6999999999602,-5.97413718896727));
#8587=CARTESIAN_POINT('Ctrl Pts',(10.0101007219167,13.6999999995125,-6.15681291156092));
#8588=CARTESIAN_POINT('Ctrl Pts',(9.78025570597095,13.6999999973237,-6.51581630575102));
#8589=CARTESIAN_POINT('Ctrl Pts',(9.66047792498826,13.699999995673,-6.69213305936796));
#8590=CARTESIAN_POINT('Ctrl Pts',(9.41163048768859,13.6999999948756,-7.03780294813286));
#8591=CARTESIAN_POINT('Ctrl Pts',(9.28257681253073,13.6999999963176,-7.20716797799417));
#8592=CARTESIAN_POINT('Ctrl Pts',(9.11562858799256,13.6999999987719,-7.41427243482519));
#8593=CARTESIAN_POINT('Ctrl Pts',(9.08221476625092,13.6999999992481,-7.45515511178819));
#8594=CARTESIAN_POINT('Ctrl Pts',(9.01454871413955,13.6999999999154,-7.53681187616454));
#8595=CARTESIAN_POINT('Ctrl Pts',(8.98067417495024,13.6999999999573,-7.57713474170636));
#8596=CARTESIAN_POINT('Ctrl Pts',(8.91663812840287,13.6999999999994,-7.65233352874586));
#8597=CARTESIAN_POINT('Ctrl Pts',(8.8866108727711,13.6999999999988,-7.68719059148161));
#8598=CARTESIAN_POINT('Ctrl Pts',(8.70884502472004,13.6999999999097,-7.89105906654318));
#8599=CARTESIAN_POINT('Ctrl Pts',(8.55747622390217,13.699999999718,-8.05494327279292));
#8600=CARTESIAN_POINT('Ctrl Pts',(8.24574793071187,13.6999999996435,-8.37379185400811));
#8601=CARTESIAN_POINT('Ctrl Pts',(8.08537142551383,13.6999999997054,-8.52873906809284));
#8602=CARTESIAN_POINT('Ctrl Pts',(7.75634222050888,13.6999999998139,-8.82901327512172));
#8603=CARTESIAN_POINT('Ctrl Pts',(7.58770808052914,13.6999999998585,-8.97436111542961));
#8604=CARTESIAN_POINT('Ctrl Pts',(7.30668556913341,13.6999999998319,-9.20296517921053));
#8605=CARTESIAN_POINT('Ctrl Pts',(7.19691111622947,13.699999999803,-9.28907039612732));
#8606=CARTESIAN_POINT('Ctrl Pts',(6.9149403788983,13.6999999995408,-9.50222634439925));
#8607=CARTESIAN_POINT('Ctrl Pts',(6.74137527527204,13.6999999989454,-9.62613697909015));
#8608=CARTESIAN_POINT('Ctrl Pts',(6.38789953985746,13.6999999965389,-9.86428655504176));
#8609=CARTESIAN_POINT('Ctrl Pts',(6.20797773787062,13.6999999947454,-9.97850828480385));
#8610=CARTESIAN_POINT('Ctrl Pts',(5.84239286811183,13.6999999937141,-10.1968655371793));
#8611=CARTESIAN_POINT('Ctrl Pts',(5.65673952665218,13.6999999950931,-10.3010180556212));
#8612=CARTESIAN_POINT('Ctrl Pts',(5.40820153157294,13.6999999981839,-10.431655846493));
#8613=CARTESIAN_POINT('Ctrl Pts',(5.34804870178595,13.6999999989608,-10.4626124695762));
#8614=CARTESIAN_POINT('Ctrl Pts',(5.24007398867737,13.6999999998766,-10.5169999471521));
#8615=CARTESIAN_POINT('Ctrl Pts',(5.19182202989884,13.6999999999408,-10.5408986031604));
#8616=CARTESIAN_POINT('Ctrl Pts',(5.1002846338365,13.7000000000013,-10.5854610975234));
#8617=CARTESIAN_POINT('Ctrl Pts',(5.05697603209102,13.6999999999992,-10.6062131232467));
#8618=CARTESIAN_POINT('Ctrl Pts',(4.82109446185893,13.6999999999164,-10.7175343040223));
#8619=CARTESIAN_POINT('Ctrl Pts',(4.62579033133647,13.6999999996036,-10.8032591138638));
#8620=CARTESIAN_POINT('Ctrl Pts',(4.2309525008894,13.6999999989368,-10.9639328494067));
#8621=CARTESIAN_POINT('Ctrl Pts',(4.03141187084724,13.6999999986159,-11.0388641028325));
#8622=CARTESIAN_POINT('Ctrl Pts',(3.62882344875292,13.699999998627,-11.1776676974125));
#8623=CARTESIAN_POINT('Ctrl Pts',(3.42578305067858,13.6999999990202,-11.2415623207266));
#8624=CARTESIAN_POINT('Ctrl Pts',(3.12236025751288,13.6999999997036,-11.3280298257992));
#8625=CARTESIAN_POINT('Ctrl Pts',(3.02348876065328,13.6999999999261,-11.3548142181247));
#8626=CARTESIAN_POINT('Ctrl Pts',(2.8933405193856,13.7000000000041,-11.3882450471959));
#8627=CARTESIAN_POINT('Ctrl Pts',(2.86165918270028,13.6999999999998,-11.396246594745));
#8628=CARTESIAN_POINT('Ctrl Pts',(2.81339326014508,13.6999999999994,-11.4082275109297));
#8629=CARTESIAN_POINT('Ctrl Pts',(2.79631981092992,13.6999999999989,-11.4124237664313));
#8630=CARTESIAN_POINT('Ctrl Pts',(2.57204178499242,13.6999999999615,-11.4670420366448));
#8631=CARTESIAN_POINT('Ctrl Pts',(2.36348241046099,13.6999999997722,-11.5118279394641));
#8632=CARTESIAN_POINT('Ctrl Pts',(1.94436691487674,13.6999999996691,-11.5899902893518));
#8633=CARTESIAN_POINT('Ctrl Pts',(1.7338077540255,13.6999999997194,-11.6233499806085));
#8634=CARTESIAN_POINT('Ctrl Pts',(1.31146941043016,13.6999999998663,-11.6785306349033));
#8635=CARTESIAN_POINT('Ctrl Pts',(1.09969347815473,13.6999999999471,-11.7003774443853));
#8636=CARTESIAN_POINT('Ctrl Pts',(0.790993724215201,13.6999999999931,-11.7237444427153));
#8637=CARTESIAN_POINT('Ctrl Pts',(0.694746558704829,13.6999999999991,-11.7298416620583));
#8638=CARTESIAN_POINT('Ctrl Pts',(0.578058130098352,13.7000000000001,-11.7357897777777));
#8639=CARTESIAN_POINT('Ctrl Pts',(0.556786470025267,13.7000000000004,-11.7368172426521));
#8640=CARTESIAN_POINT('Ctrl Pts',(0.533637044190346,13.6999999999995,-11.7378771488962));
#8641=CARTESIAN_POINT('Ctrl Pts',(0.530261837763601,13.6999999999993,-11.738030202038));
#8642=CARTESIAN_POINT('Ctrl Pts',(0.351124249762688,13.699999999984,-11.7460798206897));
#8643=CARTESIAN_POINT('Ctrl Pts',(0.175475111844259,13.6999999998453,-11.7500125213123));
#8644=CARTESIAN_POINT('Ctrl Pts',(-2.33304451767787E-10,13.6999999998048,
-11.7500139704027));
#8645=CARTESIAN_POINT('',(-1.61776556998047,13.7,-11.6380984082704));
#8646=CARTESIAN_POINT('Ctrl Pts',(-1.61776556998047,13.7,-11.6380984082704));
#8647=CARTESIAN_POINT('Ctrl Pts',(-1.82954532522183,13.7,-11.6086597504734));
#8648=CARTESIAN_POINT('Ctrl Pts',(-2.04000945406841,13.7,-11.5735161321429));
#8649=CARTESIAN_POINT('Ctrl Pts',(-2.4586169085145,13.6999999999999,-11.4918775749927));
#8650=CARTESIAN_POINT('Ctrl Pts',(-2.66675716091129,13.6999999999997,-11.4453668312688));
#8651=CARTESIAN_POINT('Ctrl Pts',(-3.0799774358537,13.6999999999996,-11.3411445317476));
#8652=CARTESIAN_POINT('Ctrl Pts',(-3.2850636664469,13.6999999999997,-11.2834573785736));
#8653=CARTESIAN_POINT('Ctrl Pts',(-3.5408013723962,13.7,-11.2039364674176));
#8654=CARTESIAN_POINT('Ctrl Pts',(-3.59267801497603,13.7,-11.1874097100902));
#8655=CARTESIAN_POINT('Ctrl Pts',(-3.66290421636926,13.7,-11.1644976992998));
#8656=CARTESIAN_POINT('Ctrl Pts',(-3.68037879444703,13.7000000000005,-11.158750450346));
#8657=CARTESIAN_POINT('Ctrl Pts',(-3.70234932733828,13.6999999999994,-11.1514634731728));
#8658=CARTESIAN_POINT('Ctrl Pts',(-3.70538206573288,13.6999999999992,-11.1504562833026));
#8659=CARTESIAN_POINT('Ctrl Pts',(-3.91130639035622,13.6999999999796,-11.0819728463991));
#8660=CARTESIAN_POINT('Ctrl Pts',(-4.11180052774897,13.6999999996928,-11.0091507744428));
#8661=CARTESIAN_POINT('Ctrl Pts',(-4.50842829483294,13.699999999178,-10.8527770619189));
#8662=CARTESIAN_POINT('Ctrl Pts',(-4.70455543891664,13.6999999989765,-10.7692092392329));
#8663=CARTESIAN_POINT('Ctrl Pts',(-5.09174310996708,13.6999999991046,-10.5916298502939));
#8664=CARTESIAN_POINT('Ctrl Pts',(-5.28281388830906,13.6999999994719,-10.4976402629803));
#8665=CARTESIAN_POINT('Ctrl Pts',(-5.53574762027705,13.6999999998756,-10.3645325821351));
#8666=CARTESIAN_POINT('Ctrl Pts',(-5.59967794346405,13.6999999999627,-10.3301290493486));
#8667=CARTESIAN_POINT('Ctrl Pts',(-5.69052286873146,13.7000000000028,-10.2801477215966));
#8668=CARTESIAN_POINT('Ctrl Pts',(-5.71693426674057,13.7,-10.2654826106835));
#8669=CARTESIAN_POINT('Ctrl Pts',(-5.75844052757436,13.6999999999993,-10.2422242373537));
#8670=CARTESIAN_POINT('Ctrl Pts',(-5.77307308294433,13.6999999999988,-10.2339853728988));
#8671=CARTESIAN_POINT('Ctrl Pts',(-5.97413718896795,13.6999999999602,-10.1201844978159));
#8672=CARTESIAN_POINT('Ctrl Pts',(-6.15681291156206,13.6999999995125,-10.0101007219155));
#8673=CARTESIAN_POINT('Ctrl Pts',(-6.51581630575277,13.6999999973237,-9.78025570596922));
#8674=CARTESIAN_POINT('Ctrl Pts',(-6.69213305936984,13.699999995673,-9.66047792498644));
#8675=CARTESIAN_POINT('Ctrl Pts',(-7.03780294813516,13.6999999948756,-9.41163048768657));
#8676=CARTESIAN_POINT('Ctrl Pts',(-7.20716797799671,13.6999999963176,-9.28257681252855));
#8677=CARTESIAN_POINT('Ctrl Pts',(-7.41427243482727,13.6999999987719,-9.11562858799077));
#8678=CARTESIAN_POINT('Ctrl Pts',(-7.45515511178985,13.6999999992481,-9.08221476624949));
#8679=CARTESIAN_POINT('Ctrl Pts',(-7.53681187616252,13.6999999999154,-9.01454871414119));
#8680=CARTESIAN_POINT('Ctrl Pts',(-7.57713474170103,13.6999999999573,-8.98067417495469));
#8681=CARTESIAN_POINT('Ctrl Pts',(-7.65233352873998,13.6999999999994,-8.9166381284079));
#8682=CARTESIAN_POINT('Ctrl Pts',(-7.68719059147852,13.6999999999988,-8.88661087277376));
#8683=CARTESIAN_POINT('Ctrl Pts',(-7.89105906648697,13.6999999999097,-8.70884502476903));
#8684=CARTESIAN_POINT('Ctrl Pts',(-8.05494327268332,13.699999999718,-8.55747622400338));
#8685=CARTESIAN_POINT('Ctrl Pts',(-8.37379185379719,13.6999999996435,-8.24574793092401));
#8686=CARTESIAN_POINT('Ctrl Pts',(-8.52873906783403,13.6999999997054,-8.08537142578474));
#8687=CARTESIAN_POINT('Ctrl Pts',(-8.82901327477403,13.6999999998139,-7.75634222090248));
#8688=CARTESIAN_POINT('Ctrl Pts',(-8.97436111504091,13.6999999998585,-7.58770808098664));
#8689=CARTESIAN_POINT('Ctrl Pts',(-9.20296517893218,13.6999999998319,-7.30668556948824));
#8690=CARTESIAN_POINT('Ctrl Pts',(-9.28907039599104,13.6999999998029,-7.19691111640971));
#8691=CARTESIAN_POINT('Ctrl Pts',(-9.50222634439905,13.6999999995408,-6.91494037889855));
#8692=CARTESIAN_POINT('Ctrl Pts',(-9.62613697908963,13.6999999989454,-6.74137527527287));
#8693=CARTESIAN_POINT('Ctrl Pts',(-9.86428655504096,13.6999999965389,-6.38789953985915));
#8694=CARTESIAN_POINT('Ctrl Pts',(-9.97850828480303,13.6999999947454,-6.20797773787258));
#8695=CARTESIAN_POINT('Ctrl Pts',(-10.1968655371771,13.6999999937141,-5.8423928681165));
#8696=CARTESIAN_POINT('Ctrl Pts',(-10.3010180556178,13.6999999950931,-5.65673952665933));
#8697=CARTESIAN_POINT('Ctrl Pts',(-10.4316558464902,13.6999999981839,-5.40820153157919));
#8698=CARTESIAN_POINT('Ctrl Pts',(-10.4626124695753,13.6999999989608,-5.34804870178844));
#8699=CARTESIAN_POINT('Ctrl Pts',(-10.5169999471551,13.6999999998766,-5.2400739886721));
#8700=CARTESIAN_POINT('Ctrl Pts',(-10.5408986031652,13.6999999999408,-5.19182202988963));
#8701=CARTESIAN_POINT('Ctrl Pts',(-10.5854610975275,13.7000000000012,-5.1002846338279));
#8702=CARTESIAN_POINT('Ctrl Pts',(-10.6062131232485,13.6999999999992,-5.0569760320869));
#8703=CARTESIAN_POINT('Ctrl Pts',(-10.7175343040227,13.6999999999163,-4.82109446185718));
#8704=CARTESIAN_POINT('Ctrl Pts',(-10.8032591138647,13.6999999996036,-4.62579033133311));
#8705=CARTESIAN_POINT('Ctrl Pts',(-10.9639328494084,13.6999999989368,-4.23095250088338));
#8706=CARTESIAN_POINT('Ctrl Pts',(-11.0388641028344,13.6999999986158,-4.03141187084018));
#8707=CARTESIAN_POINT('Ctrl Pts',(-11.1776676974152,13.6999999986269,-3.62882344874288));
#8708=CARTESIAN_POINT('Ctrl Pts',(-11.2415623207298,13.6999999990202,-3.42578305066661));
#8709=CARTESIAN_POINT('Ctrl Pts',(-11.3280298258015,13.6999999997036,-3.1223602575035));
#8710=CARTESIAN_POINT('Ctrl Pts',(-11.3548142181258,13.6999999999261,-3.02348876064842));
#8711=CARTESIAN_POINT('Ctrl Pts',(-11.3882450471963,13.7000000000041,-2.89334051938376));
#8712=CARTESIAN_POINT('Ctrl Pts',(-11.3962465947458,13.6999999999998,-2.86165918269696));
#8713=CARTESIAN_POINT('Ctrl Pts',(-11.4082275109305,13.6999999999994,-2.813393260142));
#8714=CARTESIAN_POINT('Ctrl Pts',(-11.4124237664316,13.6999999999989,-2.79631981092848));
#8715=CARTESIAN_POINT('Ctrl Pts',(-11.4670420366449,13.6999999999615,-2.57204178499259));
#8716=CARTESIAN_POINT('Ctrl Pts',(-11.5118279394643,13.6999999997721,-2.36348241046174));
#8717=CARTESIAN_POINT('Ctrl Pts',(-11.5899902893522,13.6999999996691,-1.94436691487911));
#8718=CARTESIAN_POINT('Ctrl Pts',(-11.6233499806088,13.6999999997193,-1.73380775402893));
#8719=CARTESIAN_POINT('Ctrl Pts',(-11.6785306349035,13.6999999998663,-1.3114694104362));
#8720=CARTESIAN_POINT('Ctrl Pts',(-11.7003774443853,13.6999999999471,-1.09969347816232));
#8721=CARTESIAN_POINT('Ctrl Pts',(-11.7237444427153,13.6999999999931,-0.790993724221345));
#8722=CARTESIAN_POINT('Ctrl Pts',(-11.7298416620584,13.6999999999991,-0.694746558707637));
#8723=CARTESIAN_POINT('Ctrl Pts',(-11.7357887482101,13.7000000000001,-0.578078327859639));
#8724=CARTESIAN_POINT('Ctrl Pts',(-11.7368153910917,13.7000000000004,-0.556824832584286));
#8725=CARTESIAN_POINT('Ctrl Pts',(-11.7378754536663,13.6999999999995,-0.533674423678945));
#8726=CARTESIAN_POINT('Ctrl Pts',(-11.7380293829642,13.6999999999993,-0.530280060153801));
#8727=CARTESIAN_POINT('Ctrl Pts',(-11.7484336617714,13.6999999999795,-0.298741462966485));
#8728=CARTESIAN_POINT('Ctrl Pts',(-11.7520086349378,13.6999999997908,-0.070738813498653));
#8729=CARTESIAN_POINT('Ctrl Pts',(-11.7459191471008,13.6999999997489,0.385089207489036));
#8730=CARTESIAN_POINT('Ctrl Pts',(-11.7362334132983,13.6999999998141,0.612914341357704));
#8731=CARTESIAN_POINT('Ctrl Pts',(-11.7036450477421,13.6999999998824,1.06734043464802));
#8732=CARTESIAN_POINT('Ctrl Pts',(-11.6807742873237,13.6999999999076,1.29394365036291));
#8733=CARTESIAN_POINT('Ctrl Pts',(-11.647019799827,13.6999999997873,1.55269133564171));
#8734=CARTESIAN_POINT('Ctrl Pts',(-11.642635878441,13.6999999997688,1.58523388641048));
#8735=CARTESIAN_POINT('Ctrl Pts',(-11.6086893704803,13.699999999594,1.82948259611091));
#8736=CARTESIAN_POINT('Ctrl Pts',(-11.5735568185001,13.6999999995466,2.03989711643538));
#8737=CARTESIAN_POINT('Ctrl Pts',(-11.4919388821551,13.6999999996644,2.45841092681377));
#8738=CARTESIAN_POINT('Ctrl Pts',(-11.4454390213775,13.6999999997961,2.66650749109296));
#8739=CARTESIAN_POINT('Ctrl Pts',(-11.341242621673,13.6999999999614,3.07963687761341));
#8740=CARTESIAN_POINT('Ctrl Pts',(-11.2835723845332,13.699999999993,3.28467627104512));
#8741=CARTESIAN_POINT('Ctrl Pts',(-11.2040276131394,13.6999999999997,3.54051686283566));
#8742=CARTESIAN_POINT('Ctrl Pts',(-11.1874588678828,13.6999999999999,3.59252778352514));
#8743=CARTESIAN_POINT('Ctrl Pts',(-11.1644953635521,13.7,3.66291148856251));
#8744=CARTESIAN_POINT('Ctrl Pts',(-11.1587399149413,13.7000000000005,3.68041087880143));
#8745=CARTESIAN_POINT('Ctrl Pts',(-11.1514508288448,13.6999999999994,3.70238740049798));
#8746=CARTESIAN_POINT('Ctrl Pts',(-11.1504498223288,13.6999999999992,3.70540149337475));
#8747=CARTESIAN_POINT('Ctrl Pts',(-11.081972846402,13.6999999999796,3.91130639035126));
#8748=CARTESIAN_POINT('Ctrl Pts',(-11.0091507744479,13.6999999996928,4.11180052774016));
#8749=CARTESIAN_POINT('Ctrl Pts',(-10.8527770619279,13.699999999178,4.50842829481647));
#8750=CARTESIAN_POINT('Ctrl Pts',(-10.7692092392438,13.6999999989765,4.70455543889641));
#8751=CARTESIAN_POINT('Ctrl Pts',(-10.5916298503081,13.6999999991046,5.09174310994041));
#8752=CARTESIAN_POINT('Ctrl Pts',(-10.4976402629961,13.6999999994719,5.28281388827973));
#8753=CARTESIAN_POINT('Ctrl Pts',(-10.364532582147,13.6999999998756,5.53574762025565));
#8754=CARTESIAN_POINT('Ctrl Pts',(-10.3301290493554,13.6999999999627,5.59967794345207));
#8755=CARTESIAN_POINT('Ctrl Pts',(-10.2801477215969,13.7000000000028,5.69052286873101));
#8756=CARTESIAN_POINT('Ctrl Pts',(-10.2654826106826,13.7,5.7169342667423));
#8757=CARTESIAN_POINT('Ctrl Pts',(-10.2422242373521,13.6999999999993,5.75844052757706));
#8758=CARTESIAN_POINT('Ctrl Pts',(-10.2339853728979,13.6999999999988,5.77307308294576));
#8759=CARTESIAN_POINT('Ctrl Pts',(-10.1201844978149,13.6999999999602,5.97413718896902));
#8760=CARTESIAN_POINT('Ctrl Pts',(-10.0101007219141,13.6999999995125,6.15681291156373));
#8761=CARTESIAN_POINT('Ctrl Pts',(-9.78025570596754,13.6999999973237,6.51581630575486));
#8762=CARTESIAN_POINT('Ctrl Pts',(-9.66047792498496,13.699999995673,6.69213305937174));
#8763=CARTESIAN_POINT('Ctrl Pts',(-9.41163048768519,13.6999999948756,7.03780294813724));
#8764=CARTESIAN_POINT('Ctrl Pts',(-9.28257681252698,13.6999999963176,7.20716797799911));
#8765=CARTESIAN_POINT('Ctrl Pts',(-9.11562858798924,13.6999999987719,7.41427243482952));
#8766=CARTESIAN_POINT('Ctrl Pts',(-9.08221476624787,13.6999999992481,7.45515511179217));
#8767=CARTESIAN_POINT('Ctrl Pts',(-9.01454871414633,13.6999999999154,7.53681187615658));
#8768=CARTESIAN_POINT('Ctrl Pts',(-8.98067417496692,13.6999999999573,7.57713474168665));
#8769=CARTESIAN_POINT('Ctrl Pts',(-8.91663812842127,13.6999999999994,7.65233352872449));
#8770=CARTESIAN_POINT('Ctrl Pts',(-8.88661087278079,13.6999999999988,7.68719059147039));
#8771=CARTESIAN_POINT('Ctrl Pts',(-8.70884502481069,13.6999999999097,7.89105906643874));
#8772=CARTESIAN_POINT('Ctrl Pts',(-8.5574762240898,13.699999999718,8.05494327258916));
#8773=CARTESIAN_POINT('Ctrl Pts',(-8.24574793110521,13.6999999996435,8.37379185361647));
#8774=CARTESIAN_POINT('Ctrl Pts',(-8.08537142601594,13.6999999997054,8.52873906761265));
#8775=CARTESIAN_POINT('Ctrl Pts',(-7.75634222123837,13.6999999998139,8.82901327447706));
#8776=CARTESIAN_POINT('Ctrl Pts',(-7.58770808137719,13.6999999998585,8.97436111470895));
#8777=CARTESIAN_POINT('Ctrl Pts',(-7.3066855697913,13.6999999998319,9.20296517869444));
#8778=CARTESIAN_POINT('Ctrl Pts',(-7.19691111656362,13.6999999998029,9.2890703958747));
#8779=CARTESIAN_POINT('Ctrl Pts',(-6.91494037889832,13.6999999995408,9.50222634439923));
#8780=CARTESIAN_POINT('Ctrl Pts',(-6.74137527527239,13.6999999989454,9.62613697908997));
#8781=CARTESIAN_POINT('Ctrl Pts',(-6.38789953985868,13.6999999965389,9.86428655504125));
#8782=CARTESIAN_POINT('Ctrl Pts',(-6.20797773787236,13.6999999947454,9.97850828480315));
#8783=CARTESIAN_POINT('Ctrl Pts',(-5.84239286811475,13.6999999937141,10.1968655371781));
#8784=CARTESIAN_POINT('Ctrl Pts',(-5.65673952665573,13.6999999950931,10.3010180556198));
#8785=CARTESIAN_POINT('Ctrl Pts',(-5.4082015315755,13.6999999981839,10.4316558464921));
#8786=CARTESIAN_POINT('Ctrl Pts',(-5.34804870178658,13.6999999989608,10.4626124695762));
#8787=CARTESIAN_POINT('Ctrl Pts',(-5.24007398866715,13.6999999998766,10.5169999471576));
#8788=CARTESIAN_POINT('Ctrl Pts',(-5.19182202987983,13.6999999999408,10.54089860317));
#8789=CARTESIAN_POINT('Ctrl Pts',(-5.10028463381833,13.7000000000012,10.5854610975321));
#8790=CARTESIAN_POINT('Ctrl Pts',(-5.05697603208239,13.6999999999992,10.6062131232506));
#8791=CARTESIAN_POINT('Ctrl Pts',(-4.82109446185708,13.6999999999163,10.7175343040228));
#8792=CARTESIAN_POINT('Ctrl Pts',(-4.62579033133345,13.6999999996036,10.8032591138647));
#8793=CARTESIAN_POINT('Ctrl Pts',(-4.23095250088438,13.6999999989368,10.9639328494084));
#8794=CARTESIAN_POINT('Ctrl Pts',(-4.03141187084139,13.6999999986158,11.0388641028345));
#8795=CARTESIAN_POINT('Ctrl Pts',(-3.62882344874468,13.6999999986269,11.1776676974153));
#8796=CARTESIAN_POINT('Ctrl Pts',(-3.42578305066878,13.6999999990202,11.2415623207298));
#8797=CARTESIAN_POINT('Ctrl Pts',(-3.12236025750501,13.6999999997036,11.3280298258015));
#8798=CARTESIAN_POINT('Ctrl Pts',(-3.02348876064852,13.6999999999261,11.354814218126));
#8799=CARTESIAN_POINT('Ctrl Pts',(-2.89334051937928,13.7000000000041,11.3882450471975));
#8800=CARTESIAN_POINT('Ctrl Pts',(-2.86165918268939,13.6999999999998,11.3962465947477));
#8801=CARTESIAN_POINT('Ctrl Pts',(-2.81339326013513,13.6999999999994,11.4082275109321));
#8802=CARTESIAN_POINT('Ctrl Pts',(-2.79631981092526,13.6999999999989,11.4124237664324));
#8803=CARTESIAN_POINT('Ctrl Pts',(-2.57204178499068,13.6999999999615,11.4670420366449));
#8804=CARTESIAN_POINT('Ctrl Pts',(-2.36348241045855,13.6999999997721,11.5118279394643));
#8805=CARTESIAN_POINT('Ctrl Pts',(-1.94436691487347,13.6999999996691,11.5899902893525));
#8806=CARTESIAN_POINT('Ctrl Pts',(-1.73380775402211,13.6999999997193,11.6233499806093));
#8807=CARTESIAN_POINT('Ctrl Pts',(-1.31146941042656,13.6999999998663,11.6785306349043));
#8808=CARTESIAN_POINT('Ctrl Pts',(-1.09969347815103,13.699999999947,11.7003774443863));
#8809=CARTESIAN_POINT('Ctrl Pts',(-0.790993724212744,13.6999999999931,11.7237444427158));
#8810=CARTESIAN_POINT('Ctrl Pts',(-0.69474655870292,13.6999999999991,11.7298416620586));
#8811=CARTESIAN_POINT('Ctrl Pts',(-0.578058130094991,13.7000000000001,11.7357897777778));
#8812=CARTESIAN_POINT('Ctrl Pts',(-0.556786470019941,13.7000000000004,11.7368172426523));
#8813=CARTESIAN_POINT('Ctrl Pts',(-0.533637044185535,13.6999999999995,11.7378771488964));
#8814=CARTESIAN_POINT('Ctrl Pts',(-0.530261837761256,13.6999999999993,11.7380302020381));
#8815=CARTESIAN_POINT('Ctrl Pts',(-0.313394337966287,13.6999999999808,11.7477752292582));
#8816=CARTESIAN_POINT('Ctrl Pts',(-0.10009770194575,13.6999999998043,11.7515190397983));
#8817=CARTESIAN_POINT('Ctrl Pts',(0.326271710739602,13.6999999997703,11.7474217098812));
#8818=CARTESIAN_POINT('Ctrl Pts',(0.539344357113365,13.6999999998501,11.739564840233));
#8819=CARTESIAN_POINT('Ctrl Pts',(0.964486399550281,13.6999999999685,11.7122877209024));
#8820=CARTESIAN_POINT('Ctrl Pts',(1.17655753678101,13.6999999999955,11.69289434084));
#8821=CARTESIAN_POINT('Ctrl Pts',(1.46487117248194,13.7000000000003,11.6585846454598));
#8822=CARTESIAN_POINT('Ctrl Pts',(1.54133528477145,13.7,11.6487226769075));
#8823=CARTESIAN_POINT('Ctrl Pts',(1.61776556998034,13.7,11.6380984082704));
#8824=CARTESIAN_POINT('Origin',(3.82570446302487E-5,13.699999991132,-0.00091373708706266));
#8825=CARTESIAN_POINT('',(1.95940451389225E-14,13.2,-12.25));
#8826=CARTESIAN_POINT('Origin',(1.96552774788799E-14,13.2,-11.75));
#8827=CARTESIAN_POINT('',(1.68660665806465,13.2,12.1333366384096));
#8828=CARTESIAN_POINT('Origin',(0.,13.2,0.));
#8829=CARTESIAN_POINT('Origin',(0.,13.2,0.));
#8830=CARTESIAN_POINT('Origin',(-2.77555756156289E-14,58.8482322781409,
2.77555756156289E-14));
#8831=CARTESIAN_POINT('',(1.68660665806465,5.7,12.1333366384096));
#8832=CARTESIAN_POINT('Origin',(0.,5.7,2.77555756156289E-14));
#8833=CARTESIAN_POINT('',(1.68660665806464,58.8482322781409,12.1333366384096));
#8834=CARTESIAN_POINT('Origin',(0.,4.2,2.77555756156289E-14));
#8835=CARTESIAN_POINT('',(-1.11468265376299,5.69999999999999,-14.4570910829737));
#8836=CARTESIAN_POINT('',(-3.83056136335538,5.69999999999999,-13.9848775340211));
#8837=CARTESIAN_POINT('Origin',(0.,5.7,2.77555756156289E-14));
#8838=CARTESIAN_POINT('',(-1.08864541757114,4.19999999999999,-15.9629211347673));
#8839=CARTESIAN_POINT('Ctrl Pts',(-1.11468265376295,5.70000000000003,-14.4570910829737));
#8840=CARTESIAN_POINT('Ctrl Pts',(-1.05085362041033,5.28130188067538,-14.881953305342));
#8841=CARTESIAN_POINT('Ctrl Pts',(-1.03753593059693,4.86284648520883,-15.3020193807547));
#8842=CARTESIAN_POINT('Ctrl Pts',(-1.07023183089119,4.37952631543998,-15.7842323675243));
#8843=CARTESIAN_POINT('Ctrl Pts',(-1.07834113050867,4.2900613499216,-15.8733533249797));
#8844=CARTESIAN_POINT('Ctrl Pts',(-1.08864541757114,4.2,-15.9629211347673));
#8845=CARTESIAN_POINT('',(-3.38672212759827,4.19999999999999,-15.6374586563941));
#8846=CARTESIAN_POINT('Origin',(0.,4.2,2.77555756156289E-14));
#8847=CARTESIAN_POINT('Ctrl Pts',(-3.38672212759831,4.2,-15.6374586563941));
#8848=CARTESIAN_POINT('Ctrl Pts',(-3.3803008675576,4.38146134497881,-15.4531809831793));
#8849=CARTESIAN_POINT('Ctrl Pts',(-3.39131873550566,4.56462266043698,-15.2633263573365));
#8850=CARTESIAN_POINT('Ctrl Pts',(-3.48135469685636,5.09244562369994,-14.7016351753316));
#8851=CARTESIAN_POINT('Ctrl Pts',(-3.61658069719958,5.42416156222325,-14.3293183000492));
#8852=CARTESIAN_POINT('Ctrl Pts',(-3.82668227174297,5.69503868176349,-13.9910833314193));
#8853=CARTESIAN_POINT('Ctrl Pts',(-3.82861706295247,5.69751990904059,-13.9879815355262));
#8854=CARTESIAN_POINT('Ctrl Pts',(-3.83056136335542,5.69999999999999,-13.9848775340211));
#8855=CARTESIAN_POINT('Origin',(-10.3011170567933,12.4,13.2293819760049));
#8856=CARTESIAN_POINT('',(-12.8385954903637,12.4,14.6772090614944));
#8857=CARTESIAN_POINT('',(-10.1959785315989,12.4,10.3098022184315));
#8858=CARTESIAN_POINT('Origin',(-10.3011170567933,12.4,13.2293819760049));
#8859=CARTESIAN_POINT('',(-10.195978531599,5.7,10.3098022184315));
#8860=CARTESIAN_POINT('',(-10.1959785315989,12.4,10.3098022184315));
#8861=CARTESIAN_POINT('',(-11.8490753832671,4.2,10.7517167262561));
#8862=CARTESIAN_POINT('Ctrl Pts',(-10.195978531599,5.69999999999995,10.3098022184315));
#8863=CARTESIAN_POINT('Ctrl Pts',(-10.1996388259572,5.69751990904057,10.3096704056425));
#8864=CARTESIAN_POINT('Ctrl Pts',(-10.2032924556027,5.69503868176348,10.3095457252506));
#8865=CARTESIAN_POINT('Ctrl Pts',(-10.6012633181561,5.42416156222326,10.2967099086359));
#8866=CARTESIAN_POINT('Ctrl Pts',(-10.9913121905799,5.09244562369995,10.3657591947277));
#8867=CARTESIAN_POINT('Ctrl Pts',(-11.5227690039532,4.56462266043698,10.5686313559463));
#8868=CARTESIAN_POINT('Ctrl Pts',(-11.6926968669331,4.38146134497879,10.6540169153291));
#8869=CARTESIAN_POINT('Ctrl Pts',(-11.8490753832671,4.19999999999998,10.7517167262561));
#8870=CARTESIAN_POINT('',(-13.0890581276787,4.2,12.3562355646956));
#8871=CARTESIAN_POINT('Origin',(-10.3011170567933,4.2,13.2293819760049));
#8872=CARTESIAN_POINT('',(-13.0890581276787,3.2,12.3562355646956));
#8873=CARTESIAN_POINT('',(-13.0890581276787,4.2,12.3562355646956));
#8874=CARTESIAN_POINT('',(-12.8385954903637,3.2,14.6772090614944));
#8875=CARTESIAN_POINT('Origin',(-10.3011170567933,3.2,13.2293819760049));
#8876=CARTESIAN_POINT('',(-12.8385954903637,12.4,14.6772090614944));
#8877=CARTESIAN_POINT('Origin',(-14.4800913418422,12.4,8.45319553877148));
#8878=CARTESIAN_POINT('',(-17.3739079202535,12.4,8.85422631168614));
#8879=CARTESIAN_POINT('',(-13.2973859243313,12.4,5.78182735641575));
#8880=CARTESIAN_POINT('Origin',(-14.4800913418422,12.4,8.45319553877148));
#8881=CARTESIAN_POINT('',(-13.2973859243313,5.7,5.78182735641579));
#8882=CARTESIAN_POINT('',(-13.2973859243313,12.4,5.78182735641575));
#8883=CARTESIAN_POINT('',(-14.9963110627599,4.20000000000001,5.57769257927936));
#8884=CARTESIAN_POINT('Ctrl Pts',(-13.2973859243313,5.69999999999999,5.78182735641575));
#8885=CARTESIAN_POINT('Ctrl Pts',(-13.300735034374,5.69751990904061,5.78034459165965));
#8886=CARTESIAN_POINT('Ctrl Pts',(-13.3040806079554,5.69503868176352,5.77887092541583));
#8887=CARTESIAN_POINT('Ctrl Pts',(-13.6687734039012,5.4241615622233,5.61904373681877));
#8888=CARTESIAN_POINT('Ctrl Pts',(-14.0565452965991,5.09244562369999,5.53818035807149));
#8889=CARTESIAN_POINT('Ctrl Pts',(-14.6253327255414,4.564622660437,5.52899782271276));
#8890=CARTESIAN_POINT('Ctrl Pts',(-14.814822911136,4.38146134497879,5.54511123114621));
#8891=CARTESIAN_POINT('Ctrl Pts',(-14.9963110627599,4.19999999999996,5.57769257927936));
#8892=CARTESIAN_POINT('',(-16.7438106918126,4.2,6.60642138504232));
#8893=CARTESIAN_POINT('Origin',(-14.4800913418423,4.2,8.45319553877151));
#8894=CARTESIAN_POINT('',(-16.7438106918126,3.2,6.60642138504229));
#8895=CARTESIAN_POINT('',(-16.7438106918125,12.4,6.60642138504229));
#8896=CARTESIAN_POINT('',(-17.3739079202535,3.20000000000002,8.85422631168617));
#8897=CARTESIAN_POINT('Origin',(-14.4800913418423,3.2,8.45319553877148));
#8898=CARTESIAN_POINT('',(-17.3739079202535,12.4,8.85422631168614));
#8899=CARTESIAN_POINT('Origin',(-15.6134426002972,12.4,6.04371595988668));
#8900=CARTESIAN_POINT('',(-19.4201624783108,12.4,1.76275049737881));
#8901=CARTESIAN_POINT('',(-14.493754838578,12.4,0.425524005431416));
#8902=CARTESIAN_POINT('Origin',(-15.6134426002972,12.4,6.04371595988668));
#8903=CARTESIAN_POINT('',(-19.4201624783108,3.2,1.76275049737884));
#8904=CARTESIAN_POINT('',(-19.4201624783108,12.4,1.76275049737881));
#8905=CARTESIAN_POINT('',(-17.9809848805241,3.2,0.827153387446128));
#8906=CARTESIAN_POINT('Origin',(-15.6134426002972,3.2,6.0437159598867));
#8907=CARTESIAN_POINT('',(-17.9809848805241,4.2,0.827153387446156));
#8908=CARTESIAN_POINT('',(-17.9809848805241,12.4,0.827153387446128));
#8909=CARTESIAN_POINT('',(-15.996640394094,4.2,0.32786598182756));
#8910=CARTESIAN_POINT('Origin',(-15.6134426002972,4.20000000000002,6.0437159598867));
#8911=CARTESIAN_POINT('',(-14.493754838578,5.7,0.425524005431444));
#8912=CARTESIAN_POINT('Ctrl Pts',(-14.493754838578,5.69999999999998,0.425524005431415));
#8913=CARTESIAN_POINT('Ctrl Pts',(-14.9150987284622,5.28130188067533,0.34155151022245));
#8914=CARTESIAN_POINT('Ctrl Pts',(-15.334055330295,4.8628464852088,0.308261356193782));
#8915=CARTESIAN_POINT('Ctrl Pts',(-15.8172778668847,4.37952631543997,0.317975605377312));
#8916=CARTESIAN_POINT('Ctrl Pts',(-15.9066837365354,4.2900613499216,0.321835174013084));
#8917=CARTESIAN_POINT('Ctrl Pts',(-15.996640394094,4.20000000000001,0.327865981827517));
#8918=CARTESIAN_POINT('',(-14.493754838578,12.4,0.425524005431416));
#8919=CARTESIAN_POINT('Origin',(-15.8181950020744,12.4,5.56005997819672));
#8920=CARTESIAN_POINT('',(-18.735612117832,12.4,5.40618521419201));
#8921=CARTESIAN_POINT('',(-14.1513028595568,12.4,3.16079537096289));
#8922=CARTESIAN_POINT('Origin',(-15.8181950020744,12.4,5.56005997819672));
#8923=CARTESIAN_POINT('',(-14.1513028595568,5.7,3.16079537096289));
#8924=CARTESIAN_POINT('',(-14.1513028595568,12.4,3.16079537096289));
#8925=CARTESIAN_POINT('',(-15.7808934468905,4.20000000000001,2.63882587866052));
#8926=CARTESIAN_POINT('Ctrl Pts',(-15.7808934468905,4.20000000000001,2.63882587866051));
#8927=CARTESIAN_POINT('Ctrl Pts',(-15.5965189619208,4.38146134497885,2.64118017646454));
#8928=CARTESIAN_POINT('Ctrl Pts',(-15.4074036282388,4.56462266043707,2.66121921173089));
#8929=CARTESIAN_POINT('Ctrl Pts',(-14.8506327353611,5.09244562370008,2.77787953541716));
#8930=CARTESIAN_POINT('Ctrl Pts',(-14.4851718809803,5.42416156222339,2.9306679207878));
#8931=CARTESIAN_POINT('Ctrl Pts',(-14.1573170532808,5.6950386817636,3.15662538931608));
#8932=CARTESIAN_POINT('Ctrl Pts',(-14.1543108317428,5.69751990904067,3.15870557845445));
#8933=CARTESIAN_POINT('Ctrl Pts',(-14.1513028595568,5.70000000000003,3.16079537096282));
#8934=CARTESIAN_POINT('',(-17.6915016877134,4.2,3.31824773542239));
#8935=CARTESIAN_POINT('Origin',(-15.8181950020745,4.20000000000001,5.56005997819675));
#8936=CARTESIAN_POINT('',(-17.6915016877134,3.2,3.31824773542241));
#8937=CARTESIAN_POINT('',(-17.6915016877134,12.4,3.31824773542236));
#8938=CARTESIAN_POINT('',(-18.735612117832,3.2,5.40618521419201));
#8939=CARTESIAN_POINT('Origin',(-15.8181950020745,3.2,5.56005997819672));
#8940=CARTESIAN_POINT('',(-18.735612117832,12.4,5.40618521419201));
#8941=CARTESIAN_POINT('Origin',(-16.4750681182652,12.4,2.97963469826128));
#8942=CARTESIAN_POINT('',(-19.4028175680837,12.4,-1.94439461521131));
#8943=CARTESIAN_POINT('',(-14.3123647546231,12.4,-2.32512690634833));
#8944=CARTESIAN_POINT('Origin',(-16.4750681182652,12.4,2.97963469826128));
#8945=CARTESIAN_POINT('',(-19.4028175680837,3.2,-1.9443946152113));
#8946=CARTESIAN_POINT('',(-19.4028175680837,12.4,-1.94439461521131));
#8947=CARTESIAN_POINT('',(-17.8125848670846,3.2,-2.59071811529346));
#8948=CARTESIAN_POINT('Origin',(-16.4750681182653,3.2,2.97963469826128));
#8949=CARTESIAN_POINT('',(-17.8125848670846,4.2,-2.59071811529343));
#8950=CARTESIAN_POINT('',(-17.8125848670846,12.4,-2.59071811529346));
#8951=CARTESIAN_POINT('',(-15.769609307797,4.2,-2.70544308375563));
#8952=CARTESIAN_POINT('Origin',(-16.4750681182652,4.20000000000002,2.9796346982613));
#8953=CARTESIAN_POINT('',(-14.312364754623,5.7,-2.3251269063483));
#8954=CARTESIAN_POINT('Ctrl Pts',(-14.312364754623,5.70000000000002,-2.32512690634834));
#8955=CARTESIAN_POINT('Ctrl Pts',(-14.7102025123063,5.28130188067539,-2.48732176463901));
#8956=CARTESIAN_POINT('Ctrl Pts',(-15.1152878194787,4.86284648520888,-2.59929838044592));
#8957=CARTESIAN_POINT('Ctrl Pts',(-15.5916163290662,4.37952631544004,-2.68121014675284));
#8958=CARTESIAN_POINT('Ctrl Pts',(-15.6801369463469,4.29006134992164,-2.69434049763484));
#8959=CARTESIAN_POINT('Ctrl Pts',(-15.769609307797,4.20000000000001,-2.70544308375565));
#8960=CARTESIAN_POINT('',(-14.3123647546231,12.4,-2.32512690634833));
#8961=CARTESIAN_POINT('Origin',(-16.5845878810267,12.4,2.46596936341499));
#8962=CARTESIAN_POINT('Origin',(-16.5845878810267,12.4,2.46596936341499));
#8963=CARTESIAN_POINT('',(-15.9951132251337,4.20000000000001,-0.395414864606827));
#8964=CARTESIAN_POINT('Ctrl Pts',(-15.9951132251337,4.20000000000002,-0.395414864606842));
#8965=CARTESIAN_POINT('Ctrl Pts',(-15.8145161810879,4.38146134497884,-0.358210011322326));
#8966=CARTESIAN_POINT('Ctrl Pts',(-15.6326108202132,4.56462266043702,-0.302742795301902));
#8967=CARTESIAN_POINT('Ctrl Pts',(-15.1079796141211,5.0924456237,-0.082821091341645));
#8968=CARTESIAN_POINT('Ctrl Pts',(-14.7780385055337,5.42416156222331,0.1363701303188));
#8969=CARTESIAN_POINT('Ctrl Pts',(-14.4988711737709,5.69503868176353,0.420291187139273));
#8970=CARTESIAN_POINT('Ctrl Pts',(-14.4963129569553,5.69751990904062,0.422902715716884));
#8971=CARTESIAN_POINT('Ctrl Pts',(-14.493754838578,5.7,0.425524005431397));
#8972=CARTESIAN_POINT('',(-17.9997757178622,4.2,-0.0898560329658099));
#8973=CARTESIAN_POINT('Origin',(-16.5845878810267,4.2,2.46596936341502));
#8974=CARTESIAN_POINT('',(-17.9997757178622,3.2,-0.0898560329658099));
#8975=CARTESIAN_POINT('',(-17.9997757178621,12.4,-0.0898560329658099));
#8976=CARTESIAN_POINT('Origin',(-16.5845878810267,3.2,2.46596936341502));
#8977=CARTESIAN_POINT('Origin',(-16.741241749068,12.4,-0.192138324721772));
#8978=CARTESIAN_POINT('',(-18.684204277398,12.4,-5.58126424033693));
#8979=CARTESIAN_POINT('',(-13.6136885179334,12.4,-4.99174167367357));
#8980=CARTESIAN_POINT('Origin',(-16.741241749068,12.4,-0.192138324721772));
#8981=CARTESIAN_POINT('',(-18.684204277398,3.2,-5.58126424033693));
#8982=CARTESIAN_POINT('',(-18.684204277398,12.4,-5.58126424033693));
#8983=CARTESIAN_POINT('',(-17.0003916263114,3.2,-5.91495431529619));
#8984=CARTESIAN_POINT('Origin',(-16.741241749068,3.2,-0.192138324721772));
#8985=CARTESIAN_POINT('',(-17.0003916263114,4.2,-5.91495431529616));
#8986=CARTESIAN_POINT('',(-17.0003916263114,4.2,-5.91495431529616));
#8987=CARTESIAN_POINT('',(-14.9726234538,4.20000000000002,-5.64097038732862));
#8988=CARTESIAN_POINT('Origin',(-16.741241749068,4.2,-0.192138324721744));
#8989=CARTESIAN_POINT('',(-13.6136885179333,5.7,-4.99174167367354));
#8990=CARTESIAN_POINT('Ctrl Pts',(-13.6136885179333,5.70000000000003,-4.99174167367352));
#8991=CARTESIAN_POINT('Ctrl Pts',(-13.9736412502968,5.28130188067536,-5.22629675027273));
#8992=CARTESIAN_POINT('Ctrl Pts',(-14.3502144243682,4.86284648520881,-5.41291270121043));
#8993=CARTESIAN_POINT('Ctrl Pts',(-14.8024331535553,4.37952631543996,-5.58348997835445));
#8994=CARTESIAN_POINT('Ctrl Pts',(-14.8868691527193,4.2900613499216,-5.61313568366253));
#8995=CARTESIAN_POINT('Ctrl Pts',(-14.9726234538,4.2,-5.64097038732866));
#8996=CARTESIAN_POINT('',(-13.6136885179334,12.4,-4.99174167367357));
#8997=CARTESIAN_POINT('Origin',(-16.7515705432364,12.4,-0.717247809181018));
#8998=CARTESIAN_POINT('Origin',(-16.7515705432364,12.4,-0.717247809181018));
#8999=CARTESIAN_POINT('',(-15.6312279365596,4.20000000000001,-3.41536428442391));
#9000=CARTESIAN_POINT('Ctrl Pts',(-15.6312279365596,4.2,-3.41536428442387));
#9001=CARTESIAN_POINT('Ctrl Pts',(-15.4609355811506,4.38146134497881,-3.34465355599288));
#9002=CARTESIAN_POINT('Ctrl Pts',(-15.2928147267748,4.56462266043698,-3.25576288892378));
#9003=CARTESIAN_POINT('Ctrl Pts',(-14.8192847461698,5.09244562369995,-2.94052834807107));
#9004=CARTESIAN_POINT('Ctrl Pts',(-14.5367883146933,5.42416156222325,-2.66285643196879));
#9005=CARTESIAN_POINT('Ctrl Pts',(-14.3163983136005,5.69503868176349,-2.33123343359871));
#9006=CARTESIAN_POINT('Ctrl Pts',(-14.3143805621285,5.6975199090406,-2.32818495302894));
#9007=CARTESIAN_POINT('Ctrl Pts',(-14.312364754623,5.69999999999999,-2.32512690634826));
#9008=CARTESIAN_POINT('',(-17.6574909556092,4.2,-3.49471217020501));
#9009=CARTESIAN_POINT('Origin',(-16.7515705432364,4.2,-0.71724780918099));
#9010=CARTESIAN_POINT('',(-17.6574909556092,3.2,-3.49471217020503));
#9011=CARTESIAN_POINT('',(-17.6574909556092,12.4,-3.49471217020503));
#9012=CARTESIAN_POINT('Origin',(-16.7515705432364,3.2,-0.717247809181018));
#9013=CARTESIAN_POINT('Origin',(-16.4023432841795,12.4,-3.35696696803785));
#9014=CARTESIAN_POINT('',(-17.2902951629076,12.4,-9.01641243397465));
#9015=CARTESIAN_POINT('',(-12.4229781080862,12.4,-7.47794189105615));
#9016=CARTESIAN_POINT('Origin',(-16.4023432841795,12.4,-3.35696696803785));
#9017=CARTESIAN_POINT('',(-17.2902951629076,3.2,-9.01641243397465));
#9018=CARTESIAN_POINT('',(-17.2902951629077,12.4,-9.01641243397465));
#9019=CARTESIAN_POINT('',(-15.573759938075,3.2,-9.02540865508092));
#9020=CARTESIAN_POINT('Origin',(-16.4023432841794,3.2,-3.35696696803785));
#9021=CARTESIAN_POINT('',(-15.573759938075,4.2,-9.02540865508089));
#9022=CARTESIAN_POINT('',(-15.573759938075,4.2,-9.02540865508089));
#9023=CARTESIAN_POINT('',(-13.6344879773927,4.2,-8.37261832369861));
#9024=CARTESIAN_POINT('Origin',(-16.4023432841794,4.2,-3.35696696803785));
#9025=CARTESIAN_POINT('',(-12.4229781080862,5.7,-7.47794189105615));
#9026=CARTESIAN_POINT('Ctrl Pts',(-12.4229781080862,5.69999999999997,-7.47794189105613));
#9027=CARTESIAN_POINT('Ctrl Pts',(-12.7320361855346,5.28130188067531,-7.77637975436826));
#9028=CARTESIAN_POINT('Ctrl Pts',(-13.0664868908421,4.86284648520876,-8.03089025374671));
#9029=CARTESIAN_POINT('Ctrl Pts',(-13.4782514765114,4.37952631543993,-8.28396793449708));
#9030=CARTESIAN_POINT('Ctrl Pts',(-13.5555511205531,4.29006134992158,-8.32905752120027));
#9031=CARTESIAN_POINT('Ctrl Pts',(-13.6344879773927,4.19999999999999,-8.37261832369862));
#9032=CARTESIAN_POINT('',(-12.4229781080862,12.4,-7.47794189105615));
#9033=CARTESIAN_POINT('Origin',(-16.3131078002222,12.4,-3.87454177718236));
#9034=CARTESIAN_POINT('Origin',(-16.3131078002222,12.4,-3.87454177718236));
#9035=CARTESIAN_POINT('',(-14.7023893435911,4.2,-6.31187354035703));
#9036=CARTESIAN_POINT('Ctrl Pts',(-14.7023893435911,4.19999999999999,-6.31187354035703));
#9037=CARTESIAN_POINT('Ctrl Pts',(-14.5485564862357,4.38146134497878,-6.21021260674007));
#9038=CARTESIAN_POINT('Ctrl Pts',(-14.4002964640707,4.56462266043695,-6.09111122893256));
#9039=CARTESIAN_POINT('Ctrl Pts',(-13.9949823162221,5.0924456236999,-5.6919572488294));
#9040=CARTESIAN_POINT('Ctrl Pts',(-13.7701407189273,5.42416156222321,-5.36584042480033));
#9041=CARTESIAN_POINT('Ctrl Pts',(-13.6164935173646,5.69503868176346,-4.99850120407704));
#9042=CARTESIAN_POINT('Ctrl Pts',(-13.6150891580315,5.69751990904058,-4.99512595154562));
#9043=CARTESIAN_POINT('Ctrl Pts',(-13.6136885179334,5.69999999999998,-4.99174167367348));
#9044=CARTESIAN_POINT('',(-16.6770184640767,4.2,-6.77326030422928));
#9045=CARTESIAN_POINT('Origin',(-16.3131078002221,4.20000000000001,-3.87454177718233));
#9046=CARTESIAN_POINT('',(-16.6770184640767,3.2,-6.77326030422928));
#9047=CARTESIAN_POINT('',(-16.6770184640767,4.2,-6.77326030422928));
#9048=CARTESIAN_POINT('Origin',(-16.3131078002221,3.20000000000002,-3.87454177718234));
#9049=CARTESIAN_POINT('Origin',(-15.2850468379201,12.4,-6.8917997103361));
#9050=CARTESIAN_POINT('Origin',(-15.2850468379201,12.4,-6.8917997103361));
#9051=CARTESIAN_POINT('',(-13.2421680930434,4.2,-8.98025524111555));
#9052=CARTESIAN_POINT('Ctrl Pts',(-13.2421680930434,4.19999999999999,-8.98025524111554));
#9053=CARTESIAN_POINT('Ctrl Pts',(-13.1103546540141,4.3814613449788,-8.8513183933285));
#9054=CARTESIAN_POINT('Ctrl Pts',(-12.9873139675485,4.56462266043698,-8.70631093889214));
#9055=CARTESIAN_POINT('Ctrl Pts',(-12.6648647617954,5.09244562369995,-8.23766398436499));
#9056=CARTESIAN_POINT('Ctrl Pts',(-12.5058043598276,5.42416156222326,-7.87488896411865));
#9057=CARTESIAN_POINT('Ctrl Pts',(-12.4244531679833,5.69503868176349,-7.48511011757212));
#9058=CARTESIAN_POINT('Ctrl Pts',(-12.4237129579945,5.69751990904058,-7.48153008349973));
#9059=CARTESIAN_POINT('Ctrl Pts',(-12.4229781080862,5.69999999999996,-7.47794189105612));
#9060=CARTESIAN_POINT('',(-15.0937950737045,4.2,-9.80700516330105));
#9061=CARTESIAN_POINT('Origin',(-15.28504683792,4.20000000000001,-6.89179971033607));
#9062=CARTESIAN_POINT('',(-15.0937950737045,3.2,-9.80700516330107));
#9063=CARTESIAN_POINT('',(-15.0937950737046,4.2,-9.80700516330106));
#9064=CARTESIAN_POINT('Origin',(-15.28504683792,3.2,-6.8917997103361));
#9065=CARTESIAN_POINT('Origin',(-13.7045444580945,12.4,-9.65997004554936));
#9066=CARTESIAN_POINT('',(-15.2714697318052,12.4,-12.1256839902151));
#9067=CARTESIAN_POINT('',(-10.783268901659,12.4,-9.69386980490844));
#9068=CARTESIAN_POINT('Origin',(-13.7045444580945,12.4,-9.65997004554936));
#9069=CARTESIAN_POINT('',(-10.7832689016589,5.69999999999999,-9.69386980490841));
#9070=CARTESIAN_POINT('',(-10.783268901659,12.4,-9.69386980490844));
#9071=CARTESIAN_POINT('',(-11.3033403854807,4.19999999999998,-11.3240671196334));
#9072=CARTESIAN_POINT('Ctrl Pts',(-11.3033403854807,4.19999999999996,-11.3240671196334));
#9073=CARTESIAN_POINT('Ctrl Pts',(-11.1983104459005,4.38146134497879,-11.172514471297));
#9074=CARTESIAN_POINT('Ctrl Pts',(-11.1049361061227,4.56462266043698,-11.0068418874483));
#9075=CARTESIAN_POINT('Ctrl Pts',(-10.8770059968941,5.09244562369997,-10.4856400804815));
#9076=CARTESIAN_POINT('Ctrl Pts',(-10.7894756476082,5.42416156222327,-10.0993184984507));
#9077=CARTESIAN_POINT('Ctrl Pts',(-10.7833607095142,5.6950386817635,-9.70118764915398));
#9078=CARTESIAN_POINT('Ctrl Pts',(-10.7833114019872,5.6975199090406,-9.69753222529965));
#9079=CARTESIAN_POINT('Ctrl Pts',(-10.783268901659,5.69999999999998,-9.6938698049084));
#9080=CARTESIAN_POINT('',(-12.9650426028693,4.19999999999999,-12.4862993038685));
#9081=CARTESIAN_POINT('Origin',(-13.7045444580944,4.2,-9.65997004554933));
#9082=CARTESIAN_POINT('',(-12.9650426028693,3.19999999999999,-12.4862993038685));
#9083=CARTESIAN_POINT('',(-12.9650426028693,4.19999999999999,-12.4862993038685));
#9084=CARTESIAN_POINT('',(-15.2714697318052,3.19999999999999,-12.125683990215));
#9085=CARTESIAN_POINT('Origin',(-13.7045444580944,3.19999999999999,-9.65997004554936));
#9086=CARTESIAN_POINT('',(-15.2714697318052,12.4,-12.1256839902151));
#9087=CARTESIAN_POINT('Origin',(-11.6287241347111,12.4,-12.07900389451));
#9088=CARTESIAN_POINT('',(-12.7006935951691,12.4,-14.7967017338876));
#9089=CARTESIAN_POINT('',(-8.75382426159271,12.4,-11.5594360068799));
#9090=CARTESIAN_POINT('Origin',(-11.6287241347111,12.4,-12.07900389451));
#9091=CARTESIAN_POINT('',(-8.75382426159271,5.69999999999999,-11.5594360068799));
#9092=CARTESIAN_POINT('',(-8.75382426159271,12.4,-11.5594360068799));
#9093=CARTESIAN_POINT('',(-8.95598050582058,4.19999999999998,-13.2585977078786));
#9094=CARTESIAN_POINT('Ctrl Pts',(-8.95598050582058,4.19999999999995,-13.2585977078786));
#9095=CARTESIAN_POINT('Ctrl Pts',(-8.88153012135881,4.38146134497877,-13.0899067665702));
#9096=CARTESIAN_POINT('Ctrl Pts',(-8.82119692019279,4.56462266043696,-12.9095568921453));
#9097=CARTESIAN_POINT('Ctrl Pts',(-8.69602389550236,5.09244562369994,-12.3546378240207));
#9098=CARTESIAN_POINT('Ctrl Pts',(-8.68318717377978,5.42416156222325,-11.9587323487311));
#9099=CARTESIAN_POINT('Ctrl Pts',(-8.75252949923088,5.69503868176348,-11.5666389828975));
#9100=CARTESIAN_POINT('Ctrl Pts',(-8.75317287626826,5.69751990904057,-11.5630402858035));
#9101=CARTESIAN_POINT('Ctrl Pts',(-8.75382426159276,5.69999999999995,-11.5594360068799));
#9102=CARTESIAN_POINT('',(-10.3676997122772,4.19999999999999,-14.7143060548585));
#9103=CARTESIAN_POINT('Origin',(-11.6287241347111,4.19999999999998,-12.07900389451));
#9104=CARTESIAN_POINT('',(-10.3676997122772,3.19999999999999,-14.7143060548585));
#9105=CARTESIAN_POINT('',(-10.3676997122772,4.19999999999999,-14.7143060548585));
#9106=CARTESIAN_POINT('',(-12.7006935951691,3.19999999999999,-14.7967017338876));
#9107=CARTESIAN_POINT('Origin',(-11.6287241347111,3.19999999999999,-12.07900389451));
#9108=CARTESIAN_POINT('',(-12.7006935951691,12.4,-14.7967017338876));
#9109=CARTESIAN_POINT('Origin',(-9.13261142275399,12.4,-14.0614710711853));
#9110=CARTESIAN_POINT('',(-9.67088130066909,12.4,-16.9329281244671));
#9111=CARTESIAN_POINT('',(-6.4079936048459,12.4,-13.007214073746));
#9112=CARTESIAN_POINT('Origin',(-9.13261142275399,12.4,-14.0614710711853));
#9113=CARTESIAN_POINT('',(-6.4079936048459,5.7,-13.0072140737459));
#9114=CARTESIAN_POINT('',(-6.4079936048459,12.4,-13.007214073746));
#9115=CARTESIAN_POINT('',(-6.28492815610046,4.2,-14.7139280300216));
#9116=CARTESIAN_POINT('Ctrl Pts',(-6.28492815610049,4.19999999999999,-14.7139280300216));
#9117=CARTESIAN_POINT('Ctrl Pts',(-6.24374815763016,4.38146134497882,-14.5341957258802));
#9118=CARTESIAN_POINT('Ctrl Pts',(-6.21863669416268,4.56462266043703,-14.3456868752377));
#9119=CARTESIAN_POINT('Ctrl Pts',(-6.20074483325788,5.09244562370001,-13.7771067669048));
#9120=CARTESIAN_POINT('Ctrl Pts',(-6.26306569166736,5.42416156222332,-13.385926453755));
#9121=CARTESIAN_POINT('Ctrl Pts',(-6.40535906835218,5.69503868176355,-13.0140418472152));
#9122=CARTESIAN_POINT('Ctrl Pts',(-6.40667187663147,5.69751990904064,-13.0106299431707));
#9123=CARTESIAN_POINT('Ctrl Pts',(-6.40799360484588,5.70000000000002,-13.0072140737459));
#9124=CARTESIAN_POINT('',(-7.39564114130542,4.19999999999999,-16.4104994472755));
#9125=CARTESIAN_POINT('Origin',(-9.13261142275399,4.19999999999999,-14.0614710711854));
#9126=CARTESIAN_POINT('',(-7.39564114130542,3.19999999999999,-16.4104994472755));
#9127=CARTESIAN_POINT('',(-7.39564114130542,4.19999999999999,-16.4104994472755));
#9128=CARTESIAN_POINT('',(-9.67088130066912,3.19999999999999,-16.9329281244671));
#9129=CARTESIAN_POINT('Origin',(-9.13261142275399,3.19999999999999,-14.0614710711854));
#9130=CARTESIAN_POINT('',(-9.67088130066909,12.4,-16.9329281244671));
#9131=CARTESIAN_POINT('Origin',(-12.6186394530058,12.4,11.0408105879889));
#9132=CARTESIAN_POINT('',(-15.3842654231614,12.4,11.9822526008143));
#9133=CARTESIAN_POINT('',(-11.9628668157993,12.4,8.19388903680346));
#9134=CARTESIAN_POINT('Origin',(-12.6186394530058,12.4,11.0408105879889));
#9135=CARTESIAN_POINT('',(-11.9628668157994,5.7,8.19388903680349));
#9136=CARTESIAN_POINT('',(-11.9628668157993,12.4,8.19388903680346));
#9137=CARTESIAN_POINT('',(-13.6697229243137,4.2,8.31496693754675));
#9138=CARTESIAN_POINT('Ctrl Pts',(-11.9628668157994,5.69999999999992,8.19388903680356));
#9139=CARTESIAN_POINT('Ctrl Pts',(-11.9664360181358,5.69751990904054,8.19306689078134));
#9140=CARTESIAN_POINT('Ctrl Pts',(-11.9700000260146,5.69503868176345,8.19225300956972));
#9141=CARTESIAN_POINT('Ctrl Pts',(-12.3583498423634,5.42416156222322,8.10433267192547));
#9142=CARTESIAN_POINT('Ctrl Pts',(-12.7544176868464,5.09244562369991,8.09831691299695));
#9143=CARTESIAN_POINT('Ctrl Pts',(-13.3146641922101,4.56462266043694,8.19694404671847));
#9144=CARTESIAN_POINT('Ctrl Pts',(-13.4976805606982,4.38146134497876,8.24862751828786));
#9145=CARTESIAN_POINT('Ctrl Pts',(-13.6697229243136,4.19999999999995,8.31496693754677));
#9146=CARTESIAN_POINT('',(-15.1909547519364,4.20000000000001,9.65582175294376));
#9147=CARTESIAN_POINT('Origin',(-12.6186394530058,4.2,11.0408105879889));
#9148=CARTESIAN_POINT('',(-15.1909547519364,3.20000000000002,9.65582175294376));
#9149=CARTESIAN_POINT('',(-15.1909547519364,12.4,9.65582175294373));
#9150=CARTESIAN_POINT('',(-15.3842654231615,3.20000000000002,11.9822526008144));
#9151=CARTESIAN_POINT('Origin',(-12.6186394530058,3.2,11.0408105879889));
#9152=CARTESIAN_POINT('',(-15.3842654231614,12.4,11.9822526008143));
#9153=CARTESIAN_POINT('Origin',(-14.1875065863265,12.4,8.88936157997347));
#9154=CARTESIAN_POINT('Origin',(-14.1875065863265,12.4,8.88936157997347));
#9155=CARTESIAN_POINT('',(-17.4995052513824,3.2,4.21512941163635));
#9156=CARTESIAN_POINT('Origin',(-14.1875065863265,3.2,8.88936157997347));
#9157=CARTESIAN_POINT('',(-17.4995052513824,4.2,4.21512941163635));
#9158=CARTESIAN_POINT('',(-17.4995052513824,12.4,4.21512941163636));
#9159=CARTESIAN_POINT('',(-15.6455112177085,4.2,3.34932511658095));
#9160=CARTESIAN_POINT('Origin',(-14.1875065863265,4.2,8.88936157997348));
#9161=CARTESIAN_POINT('Ctrl Pts',(-15.6455112176959,4.20000000001297,3.34932511657766));
#9162=CARTESIAN_POINT('Ctrl Pts',(-15.5583215320168,4.29006134993017,3.32637888393684));
#9163=CARTESIAN_POINT('Ctrl Pts',(-15.4712617710743,4.37952631544419,3.30566889065091));
#9164=CARTESIAN_POINT('Ctrl Pts',(-14.9986101289855,4.8628464852062,3.20467972425407));
#9165=CARTESIAN_POINT('Ctrl Pts',(-14.5809244156662,5.28130188066988,3.1580802236013));
#9166=CARTESIAN_POINT('Ctrl Pts',(-14.1513028595652,5.69999999999182,3.16079537096285));
#9167=CARTESIAN_POINT('Origin',(0.,4.2,2.77555756156289E-14));
#9168=CARTESIAN_POINT('',(-4.15628483033179,4.19999999999999,-17.5135746325287));
#9169=CARTESIAN_POINT('',(-1.68178621222762,4.19999999999999,-17.9212609806442));
#9170=CARTESIAN_POINT('Origin',(0.,4.2,2.77555756156289E-14));
#9171=CARTESIAN_POINT('',(-1.68178621222762,3.19999999999999,-17.9212609806442));
#9172=CARTESIAN_POINT('',(-1.68178621222753,12.4,-17.9212609806442));
#9173=CARTESIAN_POINT('',(-4.15628483033179,3.19999999999997,-17.5135746325287));
#9174=CARTESIAN_POINT('Origin',(0.,3.2,0.));
#9175=CARTESIAN_POINT('',(-4.15628483033173,12.4,-17.5135746325287));
#9176=CARTESIAN_POINT('Origin',(0.,3.2,0.));
#9177=CARTESIAN_POINT('',(2.01015977206074,4.40000000000001,14.4609563200636));
#9178=CARTESIAN_POINT('Origin',(0.,4.40000000000001,0.));
#9179=CARTESIAN_POINT('',(2.175378383463,3.2,15.6495280723977));
#9180=CARTESIAN_POINT('',(2.17537838346299,3.2,15.6495280723976));
#9181=CARTESIAN_POINT('Origin',(0.,3.2,0.));
#9182=CARTESIAN_POINT('Origin',(0.,12.9,2.77555756156289E-14));
#9183=CARTESIAN_POINT('',(1.5695768083214,12.9,11.291431647173));
#9184=CARTESIAN_POINT('Origin',(0.,12.9,2.77555756156289E-14));
#9185=CARTESIAN_POINT('',(1.5695768083214,4.4,11.291431647173));
#9186=CARTESIAN_POINT('',(1.5695768083214,12.9,11.291431647173));
#9187=CARTESIAN_POINT('Origin',(0.,4.4,0.));
#9188=CARTESIAN_POINT('Origin',(0.,13.7,0.));
#9189=CARTESIAN_POINT('Origin',(0.,5.7,2.77555756156289E-14));
#9190=CARTESIAN_POINT('',(4.33832234236012,5.69999999999998,-13.835785458505));
#9191=CARTESIAN_POINT('',(1.64148359121355,5.69999999999999,-14.4067876926044));
#9192=CARTESIAN_POINT('Origin',(0.,5.7,2.77555756156289E-14));
#9193=CARTESIAN_POINT('Origin',(0.,5.7,2.77555756156289E-14));
#9194=CARTESIAN_POINT('Origin',(0.,5.7,2.77555756156289E-14));
#9195=CARTESIAN_POINT('Origin',(0.,5.7,2.77555756156289E-14));
#9196=CARTESIAN_POINT('Origin',(0.,5.7,2.77555756156289E-14));
#9197=CARTESIAN_POINT('Origin',(0.,5.7,2.77555756156289E-14));
#9198=CARTESIAN_POINT('Origin',(0.,5.7,2.77555756156289E-14));
#9199=CARTESIAN_POINT('Origin',(0.,5.7,2.77555756156289E-14));
#9200=CARTESIAN_POINT('Origin',(0.,5.7,2.77555756156289E-14));
#9201=CARTESIAN_POINT('Origin',(0.,5.7,2.77555756156289E-14));
#9202=CARTESIAN_POINT('Origin',(0.,5.7,2.77555756156289E-14));
#9203=CARTESIAN_POINT('Origin',(0.,5.7,2.77555756156289E-14));
#9204=CARTESIAN_POINT('Origin',(0.,5.7,2.77555756156289E-14));
#9205=CARTESIAN_POINT('',(-8.06058101790363,5.7,12.0530922859577));
#9206=CARTESIAN_POINT('Origin',(0.,5.7,2.77555756156289E-14));
#9207=CARTESIAN_POINT('',(-5.6338531045822,5.70000000000002,13.3607521942438));
#9208=CARTESIAN_POINT('Origin',(0.,5.7,2.77555756156289E-14));
#9209=CARTESIAN_POINT('',(-3.00350306120015,5.7,14.1855197071296));
#9210=CARTESIAN_POINT('Origin',(0.,5.7,2.77555756156289E-14));
#9211=CARTESIAN_POINT('',(-0.264598591635412,5.7,14.4975855777886));
#9212=CARTESIAN_POINT('Origin',(0.,5.7,2.77555756156289E-14));
#9213=CARTESIAN_POINT('',(2.48386916043594,5.70000000000002,14.2856709325756));
#9214=CARTESIAN_POINT('Origin',(0.,5.7,2.77555756156289E-14));
#9215=CARTESIAN_POINT('',(5.14256340939112,5.70000000000002,13.5574349189067));
#9216=CARTESIAN_POINT('Origin',(0.,5.7,2.77555756156289E-14));
#9217=CARTESIAN_POINT('',(7.6153920179127,5.70000000000001,12.3391978837164));
#9218=CARTESIAN_POINT('Origin',(0.,5.7,2.77555756156289E-14));
#9219=CARTESIAN_POINT('',(9.81298051719645,5.70000000000001,10.674990087542));
#9220=CARTESIAN_POINT('Origin',(0.,5.7,2.77555756156289E-14));
#9221=CARTESIAN_POINT('',(11.6559023331174,5.70000000000001,8.62496033618854));
#9222=CARTESIAN_POINT('Origin',(0.,5.7,2.77555756156289E-14));
#9223=CARTESIAN_POINT('',(13.0775494695622,5.7,6.26320204617023));
#9224=CARTESIAN_POINT('Origin',(0.,5.7,2.77555756156289E-14));
#9225=CARTESIAN_POINT('',(14.0265398949543,5.7,3.67507531558957));
#9226=CARTESIAN_POINT('Origin',(0.,5.7,2.77555756156289E-14));
#9227=CARTESIAN_POINT('',(14.4685746227494,5.70000000000001,0.954121787788142));
#9228=CARTESIAN_POINT('Origin',(0.,5.7,2.77555756156289E-14));
#9229=CARTESIAN_POINT('',(14.3876773661749,5.7,-1.80131618736397));
#9230=CARTESIAN_POINT('Origin',(0.,5.7,2.77555756156289E-14));
#9231=CARTESIAN_POINT('',(13.786771962859,5.7,-4.49164990222126));
#9232=CARTESIAN_POINT('Origin',(0.,5.7,2.77555756156289E-14));
#9233=CARTESIAN_POINT('',(12.6875766997214,5.69999999999998,-7.01964368673259));
#9234=CARTESIAN_POINT('Origin',(0.,5.7,2.77555756156289E-14));
#9235=CARTESIAN_POINT('',(11.1298193574972,5.69999999999998,-9.29392925890213));
#9236=CARTESIAN_POINT('Origin',(0.,5.7,2.77555756156289E-14));
#9237=CARTESIAN_POINT('',(9.16980134523171,5.69999999999998,-11.2323080125585));
#9238=CARTESIAN_POINT('Origin',(0.,5.7,2.77555756156289E-14));
#9239=CARTESIAN_POINT('',(6.87836282066509,5.69999999999998,-12.7647218891479));
#9240=CARTESIAN_POINT('Origin',(0.,5.7,2.77555756156289E-14));
#9241=CARTESIAN_POINT('Origin',(0.,5.7,2.77555756156289E-14));
#9242=CARTESIAN_POINT('Origin',(0.,4.2,2.77555756156289E-14));
#9243=CARTESIAN_POINT('',(1.95203051172491,4.19999999999999,-15.8804778543121));
#9244=CARTESIAN_POINT('',(-0.366111137386327,4.19999999999998,-15.9958107839234));
#9245=CARTESIAN_POINT('Origin',(0.,4.2,2.77555756156289E-14));
#9246=CARTESIAN_POINT('Ctrl Pts',(-0.366111137386357,4.2,-15.9958107839234));
#9247=CARTESIAN_POINT('Ctrl Pts',(-0.394680696843551,4.38146134497883,-15.8136480168759));
#9248=CARTESIAN_POINT('Ctrl Pts',(-0.441429681752733,4.56462266043703,-15.6293094566721));
#9249=CARTESIAN_POINT('Ctrl Pts',(-0.636139331129328,5.09244562370002,-15.0948081837849));
#9250=CARTESIAN_POINT('Ctrl Pts',(-0.83938305342597,5.42416156222332,-14.7548112483047));
#9251=CARTESIAN_POINT('Ctrl Pts',(-1.10969920750959,5.69503868176355,-14.4624506106138));
#9252=CARTESIAN_POINT('Ctrl Pts',(-1.11218605325393,5.69751990904065,-14.4597710298572));
#9253=CARTESIAN_POINT('Ctrl Pts',(-1.114682653763,5.70000000000003,-14.4570910829737));
#9254=CARTESIAN_POINT('Ctrl Pts',(1.64148359121361,5.69999999999998,-14.4067876926044));
#9255=CARTESIAN_POINT('Ctrl Pts',(1.78456485504599,5.28130188067534,-14.8118923771422));
#9256=CARTESIAN_POINT('Ctrl Pts',(1.87713990434044,4.86284648520881,-15.2218469219673));
#9257=CARTESIAN_POINT('Ctrl Pts',(1.93629426935158,4.37952631543996,-15.7015334316853));
#9258=CARTESIAN_POINT('Ctrl Pts',(1.94519776743949,4.29006134992157,-15.7905785523818));
#9259=CARTESIAN_POINT('Ctrl Pts',(1.95203051172496,4.19999999999995,-15.8804778543121));
#9260=CARTESIAN_POINT('Origin',(0.,4.2,2.77555756156289E-14));
#9261=CARTESIAN_POINT('',(4.92215497236162,4.2,-15.2240727280204));
#9262=CARTESIAN_POINT('Ctrl Pts',(4.33832234236009,5.69999999999999,-13.835785458505));
#9263=CARTESIAN_POINT('Ctrl Pts',(4.55548450700273,5.28130188067535,-14.2064910664234));
#9264=CARTESIAN_POINT('Ctrl Pts',(4.72397101229481,4.86284648520882,-14.5915172552846));
#9265=CARTESIAN_POINT('Ctrl Pts',(4.87283764973463,4.37952631543999,-15.0513401676789));
#9266=CARTESIAN_POINT('Ctrl Pts',(4.8984321499092,4.29006134992161,-15.1370911289496));
#9267=CARTESIAN_POINT('Ctrl Pts',(4.9221549723616,4.20000000000001,-15.2240727280204));
#9268=CARTESIAN_POINT('',(2.66773206322382,4.19999999999999,-15.7760326330433));
#9269=CARTESIAN_POINT('Origin',(0.,4.2,2.77555756156289E-14));
#9270=CARTESIAN_POINT('Ctrl Pts',(2.66773206322382,4.19999999999999,-15.7760326330433));
#9271=CARTESIAN_POINT('Ctrl Pts',(2.60520426258477,4.3814613449788,-15.6025686091846));
#9272=CARTESIAN_POINT('Ctrl Pts',(2.52441379083239,4.56462266043697,-15.4304085904752));
#9273=CARTESIAN_POINT('Ctrl Pts',(2.23206776746943,5.09244562369994,-14.9424154953373));
#9274=CARTESIAN_POINT('Ctrl Pts',(1.96815208088952,5.42416156222325,-14.647026874761));
#9275=CARTESIAN_POINT('Ctrl Pts',(1.64739127737611,5.69503868176348,-14.4111072431932));
#9276=CARTESIAN_POINT('Ctrl Pts',(1.64444225818153,5.69751990904058,-14.4089467246034));
#9277=CARTESIAN_POINT('Ctrl Pts',(1.64148359121355,5.69999999999997,-14.4067876926044));
#9278=CARTESIAN_POINT('Origin',(0.,4.2,2.77555756156289E-14));
#9279=CARTESIAN_POINT('',(7.71437992774746,4.19999999999998,-14.0174299474036));
#9280=CARTESIAN_POINT('Ctrl Pts',(6.87836282066506,5.69999999999999,-12.7647218891479));
#9281=CARTESIAN_POINT('Ctrl Pts',(7.1617570796773,5.28130188067534,-13.0876301539126));
#9282=CARTESIAN_POINT('Ctrl Pts',(7.40006549967845,4.86284648520879,-13.4338121371687));
#9283=CARTESIAN_POINT('Ctrl Pts',(7.63326398140166,4.37952631543995,-13.8571522541283));
#9284=CARTESIAN_POINT('Ctrl Pts',(7.67462443174075,4.29006134992158,-13.9365097928111));
#9285=CARTESIAN_POINT('Ctrl Pts',(7.71437992774743,4.19999999999998,-14.0174299474036));
#9286=CARTESIAN_POINT('',(5.60515647636123,4.19999999999997,-14.9860675587529));
#9287=CARTESIAN_POINT('Origin',(0.,4.2,2.77555756156289E-14));
#9288=CARTESIAN_POINT('Ctrl Pts',(5.60515647636118,4.19999999999996,-14.9860675587529));
#9289=CARTESIAN_POINT('Ctrl Pts',(5.51093035216995,4.38146134497878,-14.8275717198615));
#9290=CARTESIAN_POINT('Ctrl Pts',(5.39901837172101,4.56462266043696,-14.673812554281));
#9291=CARTESIAN_POINT('Ctrl Pts',(5.01960212135616,5.09244562369993,-14.2499649788043));
#9292=CARTESIAN_POINT('Ctrl Pts',(4.70455307103159,5.42416156222323,-14.0098607875071));
#9293=CARTESIAN_POINT('Ctrl Pts',(4.34494074926149,5.69503868176347,-13.83890891223));
#9294=CARTESIAN_POINT('Ctrl Pts',(4.34163614185397,5.69751990904056,-13.8373455425779));
#9295=CARTESIAN_POINT('Ctrl Pts',(4.33832234236005,5.69999999999994,-13.8357854585051));
#9296=CARTESIAN_POINT('Origin',(0.,4.2,2.77555756156289E-14));
#9297=CARTESIAN_POINT('',(10.2277870929236,4.19999999999998,-12.3041607264301));
#9298=CARTESIAN_POINT('Ctrl Pts',(9.16980134523173,5.7,-11.2323080125585));
#9299=CARTESIAN_POINT('Ctrl Pts',(9.50918509171631,5.28130188067536,-11.4957481881515));
#9300=CARTESIAN_POINT('Ctrl Pts',(9.80870233922114,4.86284648520882,-11.7905740469592));
#9301=CARTESIAN_POINT('Ctrl Pts',(10.1178042645055,4.37952631543998,-12.1621307536553));
#9302=CARTESIAN_POINT('Ctrl Pts',(10.1734357905703,4.2900613499216,-12.2322266815381));
#9303=CARTESIAN_POINT('Ctrl Pts',(10.2277870929237,4.19999999999999,-12.3041607264301));
#9304=CARTESIAN_POINT('',(8.33999593035017,4.19999999999998,-13.6544669570709));
#9305=CARTESIAN_POINT('Origin',(0.,4.2,2.77555756156289E-14));
#9306=CARTESIAN_POINT('Ctrl Pts',(8.33999593035012,4.2,-13.654466957071));
#9307=CARTESIAN_POINT('Ctrl Pts',(8.21747706023878,4.3814613449788,-13.5166677557212));
#9308=CARTESIAN_POINT('Ctrl Pts',(8.07848836165053,4.56462266043697,-13.3868667001293));
#9309=CARTESIAN_POINT('Ctrl Pts',(7.62571497613137,5.09244562369993,-13.0424836000156));
#9310=CARTESIAN_POINT('Ctrl Pts',(7.27091925559317,5.42416156222323,-12.8663418290564));
#9311=CARTESIAN_POINT('Ctrl Pts',(6.8854527418359,5.69503868176347,-12.7665363562533));
#9312=CARTESIAN_POINT('Ctrl Pts',(6.8819119833372,5.69751990904057,-12.7656266397914));
#9313=CARTESIAN_POINT('Ctrl Pts',(6.87836282066505,5.69999999999996,-12.764721889148));
#9314=CARTESIAN_POINT('Origin',(0.,4.2,2.77555756156289E-14));
#9315=CARTESIAN_POINT('',(12.3715353843222,4.19999999999998,-10.1461870786253));
#9316=CARTESIAN_POINT('Ctrl Pts',(11.1298193574973,5.70000000000005,-9.29392925890217));
#9317=CARTESIAN_POINT('Ctrl Pts',(11.5129263786005,5.28130188067539,-9.48837993099098));
#9318=CARTESIAN_POINT('Ctrl Pts',(11.8628271198996,4.86284648520885,-9.72119389065171));
#9319=CARTESIAN_POINT('Ctrl Pts',(12.2366607398082,4.37952631543999,-10.0275381596228));
#9320=CARTESIAN_POINT('Ctrl Pts',(12.3045526733002,4.29006134992161,-10.0858390272387));
#9321=CARTESIAN_POINT('Ctrl Pts',(12.3715353843222,4.2,-10.1461870786253));
#9322=CARTESIAN_POINT('',(10.7734062017688,4.19999999999998,-11.8293583431938));
#9323=CARTESIAN_POINT('Origin',(0.,4.2,2.77555756156289E-14));
#9324=CARTESIAN_POINT('Ctrl Pts',(10.7734062017688,4.19999999999999,-11.8293583431939));
#9325=CARTESIAN_POINT('Ctrl Pts',(10.6270227369229,4.38146134497881,-11.7172362015548));
#9326=CARTESIAN_POINT('Ctrl Pts',(10.4659807338938,4.56462266043701,-11.616084604294));
#9327=CARTESIAN_POINT('Ctrl Pts',(9.95621462306254,5.09244562369999,-11.3636128820629));
#9328=CARTESIAN_POINT('Ctrl Pts',(9.57449547406219,5.4241615622233,-11.2577997539769));
#9329=CARTESIAN_POINT('Ctrl Pts',(9.17710653244818,5.69503868176352,-11.2327479134755));
#9330=CARTESIAN_POINT('Ctrl Pts',(9.17345759509583,5.6975199090406,-11.2325247297271));
#9331=CARTESIAN_POINT('Ctrl Pts',(9.16980134523171,5.69999999999998,-11.2323080125586));
#9332=CARTESIAN_POINT('Origin',(0.,4.2,2.77555756156289E-14));
#9333=CARTESIAN_POINT('',(14.0681441532104,4.19999999999998,-7.62150379416636));
#9334=CARTESIAN_POINT('Ctrl Pts',(12.6875766997215,5.70000000000003,-7.01964368673256));
#9335=CARTESIAN_POINT('Ctrl Pts',(13.1005605095251,5.2813018806754,-7.13807690139158));
#9336=CARTESIAN_POINT('Ctrl Pts',(13.4881984201704,4.86284648520889,-7.30046445881232));
#9337=CARTESIAN_POINT('Ctrl Pts',(13.9132524136657,4.37952631544003,-7.53052421000551));
#9338=CARTESIAN_POINT('Ctrl Pts',(13.9909509632177,4.29006134992163,-7.57492287209755));
#9339=CARTESIAN_POINT('Ctrl Pts',(14.0681441532104,4.19999999999999,-7.62150379416639));
#9340=CARTESIAN_POINT('',(12.8174375032194,4.19999999999997,-9.57670589770107));
#9341=CARTESIAN_POINT('Origin',(0.,4.2,2.77555756156289E-14));
#9342=CARTESIAN_POINT('Ctrl Pts',(12.8174375032194,4.20000000000002,-9.57670589770111));
#9343=CARTESIAN_POINT('Ctrl Pts',(12.652480123457,4.38146134497883,-9.49431320210307));
#9344=CARTESIAN_POINT('Ctrl Pts',(12.4752052935674,4.56462266043702,-9.42546694544627));
#9345=CARTESIAN_POINT('Ctrl Pts',(11.9268707328521,5.09244562369999,-9.27403158694775));
#9346=CARTESIAN_POINT('Ctrl Pts',(11.5320244799941,5.4241615622233,-9.24237146387749));
#9347=CARTESIAN_POINT('Ctrl Pts',(11.13707578226,5.69503868176354,-9.29297869446545));
#9348=CARTESIAN_POINT('Ctrl Pts',(11.133450548157,5.69751990904065,-9.29345010987266));
#9349=CARTESIAN_POINT('Ctrl Pts',(11.1298193574973,5.70000000000004,-9.29392925890219));
#9350=CARTESIAN_POINT('Origin',(0.,4.2,2.77555756156289E-14));
#9351=CARTESIAN_POINT('',(15.2562935382094,4.19999999999997,-4.82135950495186));
#9352=CARTESIAN_POINT('Ctrl Pts',(13.786771962859,5.70000000000002,-4.49164990222127));
#9353=CARTESIAN_POINT('Ctrl Pts',(14.2147062504579,5.28130188067539,-4.529785174498));
#9354=CARTESIAN_POINT('Ctrl Pts',(14.626071086378,4.86284648520887,-4.61587722025691));
#9355=CARTESIAN_POINT('Ctrl Pts',(15.0869828946678,4.37952631544002,-4.76133749484927));
#9356=CARTESIAN_POINT('Ctrl Pts',(15.1716798322574,4.29006134992162,-4.7902292680898));
#9357=CARTESIAN_POINT('Ctrl Pts',(15.2562935382094,4.19999999999999,-4.82135950495189));
#9358=CARTESIAN_POINT('',(14.3982132177961,4.19999999999997,-6.97792634920163));
#9359=CARTESIAN_POINT('Origin',(0.,4.2,2.77555756156289E-14));
#9360=CARTESIAN_POINT('Ctrl Pts',(14.3982132177961,4.19999999999996,-6.97792634920171));
#9361=CARTESIAN_POINT('Ctrl Pts',(14.2206439126139,4.38146134497883,-6.92824098633561));
#9362=CARTESIAN_POINT('Ctrl Pts',(14.0335434301011,4.56462266043707,-6.89418835337554));
#9363=CARTESIAN_POINT('Ctrl Pts',(13.4664586591977,5.0924456237001,-6.84926262702677));
#9364=CARTESIAN_POINT('Ctrl Pts',(13.0727560748221,5.4241615622234,-6.89289978830964));
#9365=CARTESIAN_POINT('Ctrl Pts',(12.6945220959329,5.69503868176361,-7.01733701281764));
#9366=CARTESIAN_POINT('Ctrl Pts',(12.6910515904854,5.69751990904068,-7.01848598919937));
#9367=CARTESIAN_POINT('Ctrl Pts',(12.6875766997214,5.70000000000004,-7.01964368673258));
#9368=CARTESIAN_POINT('Origin',(0.,4.2,2.77555756156289E-14));
#9369=CARTESIAN_POINT('',(15.8930407248525,4.19999999999999,-1.84695872129874));
#9370=CARTESIAN_POINT('Ctrl Pts',(14.3876773661749,5.69999999999999,-1.80131618736398));
#9371=CARTESIAN_POINT('Ctrl Pts',(14.8150954714433,5.28130188067537,-1.75777520915786));
#9372=CARTESIAN_POINT('Ctrl Pts',(15.2353194356674,4.86284648520888,-1.76446015241059));
#9373=CARTESIAN_POINT('Ctrl Pts',(15.7154305051059,4.37952631544003,-1.8200636370853));
#9374=CARTESIAN_POINT('Ctrl Pts',(15.8040646627331,4.29006134992162,-1.83240429751263));
#9375=CARTESIAN_POINT('Ctrl Pts',(15.8930407248525,4.19999999999997,-1.84695872129873));
#9376=CARTESIAN_POINT('',(15.4585999925028,4.19999999999997,-4.12694636163224));
#9377=CARTESIAN_POINT('Origin',(0.,4.2,2.77555756156289E-14));
#9378=CARTESIAN_POINT('Ctrl Pts',(15.4585999925029,4.20000000000003,-4.12694636163226));
#9379=CARTESIAN_POINT('Ctrl Pts',(15.2748365792426,4.38146134497885,-4.11176408996609));
#9380=CARTESIAN_POINT('Ctrl Pts',(15.0846727430302,4.56462266043705,-4.11373583158123));
#9381=CARTESIAN_POINT('Ctrl Pts',(14.5193336830843,5.09244562370004,-4.17694347018529));
#9382=CARTESIAN_POINT('Ctrl Pts',(14.1410042043725,5.42416156222334,-4.29430075511703));
#9383=CARTESIAN_POINT('Ctrl Pts',(13.7931553058042,5.69503868176356,-4.48807048803334));
#9384=CARTESIAN_POINT('Ctrl Pts',(13.7899649621213,5.69751990904065,-4.48985549838954));
#9385=CARTESIAN_POINT('Ctrl Pts',(13.786771962859,5.70000000000002,-4.49164990222126));
#9386=CARTESIAN_POINT('Origin',(0.,4.2,2.77555756156289E-14));
#9387=CARTESIAN_POINT('',(15.9553720107856,4.2,1.19419596274614));
#9388=CARTESIAN_POINT('Ctrl Pts',(14.4685746227494,5.70000000000002,0.954121787788149));
#9389=CARTESIAN_POINT('Ctrl Pts',(14.8800285417359,5.28130188067538,1.07776533207985));
#9390=CARTESIAN_POINT('Ctrl Pts',(15.2939236453142,4.86284648520886,1.15072910259991));
#9391=CARTESIAN_POINT('Ctrl Pts',(15.7758815109348,4.37952631544002,1.18699206265245));
#9392=CARTESIAN_POINT('Ctrl Pts',(15.8652494192087,4.29006134992163,1.19164853865946));
#9393=CARTESIAN_POINT('Ctrl Pts',(15.9553720107856,4.20000000000001,1.19419596274615));
#9394=CARTESIAN_POINT('',(15.9602726864912,4.19999999999999,-1.12680777989962));
#9395=CARTESIAN_POINT('Origin',(0.,4.2,2.77555756156289E-14));
#9396=CARTESIAN_POINT('Ctrl Pts',(15.9602726864912,4.2,-1.12680777989966));
#9397=CARTESIAN_POINT('Ctrl Pts',(15.776956853699,4.38146134497883,-1.14667732628842));
#9398=CARTESIAN_POINT('Ctrl Pts',(15.5906026802947,4.56462266043702,-1.18460217859947));
#9399=CARTESIAN_POINT('Ctrl Pts',(15.0474421579091,5.09244562370001,-1.35365869341132));
#9400=CARTESIAN_POINT('Ctrl Pts',(14.6981595979497,5.42416156222331,-1.54049450394306));
#9401=CARTESIAN_POINT('Ctrl Pts',(14.3932679452081,5.69503868176353,-1.79659340225795));
#9402=CARTESIAN_POINT('Ctrl Pts',(14.3904730706228,5.6975199090406,-1.79894993166354));
#9403=CARTESIAN_POINT('Ctrl Pts',(14.3876773661749,5.69999999999997,-1.801316187364));
#9404=CARTESIAN_POINT('Origin',(0.,4.2,2.77555756156289E-14));
#9405=CARTESIAN_POINT('',(15.4410345809326,4.19999999999999,4.19218929325017));
#9406=CARTESIAN_POINT('Ctrl Pts',(14.0265398949543,5.70000000000001,3.67507531558958));
#9407=CARTESIAN_POINT('Ctrl Pts',(14.407158610994,5.28130188067537,3.87435262612604));
#9408=CARTESIAN_POINT('Ctrl Pts',(14.7997656064899,4.86284648520884,4.02432800964705));
#9409=CARTESIAN_POINT('Ctrl Pts',(15.2661510553002,4.37952631544001,4.15114677656832));
#9410=CARTESIAN_POINT('Ctrl Pts',(15.3530227251699,4.29006134992164,4.17263209183442));
#9411=CARTESIAN_POINT('Ctrl Pts',(15.4410345809327,4.20000000000004,4.19218929325016));
#9412=CARTESIAN_POINT('',(15.8850995415049,4.19999999999999,1.91405657086761));
#9413=CARTESIAN_POINT('Origin',(0.,4.2,2.77555756156289E-14));
#9414=CARTESIAN_POINT('Ctrl Pts',(15.8850995415049,4.19999999999999,1.91405657086764));
#9415=CARTESIAN_POINT('Ctrl Pts',(15.7088568010025,4.38146134497884,1.85985334360003));
#9416=CARTESIAN_POINT('Ctrl Pts',(15.5330476157742,4.56462266043707,1.78734608356782));
#9417=CARTESIAN_POINT('Ctrl Pts',(15.031696867419,5.09244562370008,1.51855083546593));
#9418=CARTESIAN_POINT('Ctrl Pts',(14.7240852079756,5.42416156222338,1.26898923232275));
#9419=CARTESIAN_POINT('Ctrl Pts',(14.4731703797782,5.6950386817636,0.959817250053551));
#9420=CARTESIAN_POINT('Ctrl Pts',(14.47087198834,5.69751990904067,0.95697437271116));
#9421=CARTESIAN_POINT('Ctrl Pts',(14.4685746227494,5.70000000000004,0.954121787788189));
#9422=CARTESIAN_POINT('Origin',(0.,4.2,2.77555756156289E-14));
#9423=CARTESIAN_POINT('',(14.3686179301016,4.2,7.03866598005344));
#9424=CARTESIAN_POINT('Ctrl Pts',(13.0775494695623,5.70000000000005,6.26320204617022));
#9425=CARTESIAN_POINT('Ctrl Pts',(13.4135764305652,5.28130188067541,6.53091072173669));
#9426=CARTESIAN_POINT('Ctrl Pts',(13.7707054782339,4.86284648520888,6.75247721714114));
#9427=CARTESIAN_POINT('Ctrl Pts',(14.2046621249583,4.37952631544003,6.96526823027154));
#9428=CARTESIAN_POINT('Ctrl Pts',(14.285897787933,4.29006134992165,7.00280584952359));
#9429=CARTESIAN_POINT('Ctrl Pts',(14.3686179301016,4.20000000000003,7.03866598005342));
#9430=CARTESIAN_POINT('',(15.2357975108653,4.19999999999999,4.88574193013795));
#9431=CARTESIAN_POINT('Origin',(0.,4.2,2.77555756156289E-14));
#9432=CARTESIAN_POINT('Ctrl Pts',(15.2357975108654,4.20000000000004,4.88574193013794));
#9433=CARTESIAN_POINT('Ctrl Pts',(15.0729977344906,4.38146134497886,4.79916406785006));
#9434=CARTESIAN_POINT('Ctrl Pts',(14.9140877394588,4.56462266043705,4.6946950013901));
#9435=CARTESIAN_POINT('Ctrl Pts',(14.4726668874362,5.09244562370002,4.33587598060379));
#9436=CARTESIAN_POINT('Ctrl Pts',(14.2178440153556,5.42416156222333,4.03260839141319));
#9437=CARTESIAN_POINT('Ctrl Pts',(14.0299747273456,5.69503868176355,3.68153760616862));
#9438=CARTESIAN_POINT('Ctrl Pts',(14.0282558889096,5.69751990904064,3.67831112988362));
#9439=CARTESIAN_POINT('Ctrl Pts',(14.0265398949543,5.70000000000001,3.67507531558958));
#9440=CARTESIAN_POINT('Origin',(0.,4.2,2.77555756156289E-14));
#9441=CARTESIAN_POINT('',(12.7768819902078,4.20000000000001,9.63074693927224));
#9442=CARTESIAN_POINT('Ctrl Pts',(11.6559023331175,5.70000000000006,8.62496033618853));
#9443=CARTESIAN_POINT('Ctrl Pts',(11.9351926492032,5.28130188067541,8.95142468774189));
#9444=CARTESIAN_POINT('Ctrl Pts',(12.2439361747713,4.86284648520888,9.23657430460001));
#9445=CARTESIAN_POINT('Ctrl Pts',(12.6297796955343,4.37952631544003,9.52764674230343));
#9446=CARTESIAN_POINT('Ctrl Pts',(12.7024432830965,4.29006134992166,9.57987995817832));
#9447=CARTESIAN_POINT('Ctrl Pts',(12.7768819902078,4.20000000000005,9.63074693927224));
#9448=CARTESIAN_POINT('',(14.0358340616999,4.2,7.68084384637666));
#9449=CARTESIAN_POINT('Origin',(0.,4.2,2.77555756156289E-14));
#9450=CARTESIAN_POINT('Ctrl Pts',(14.0358340617,4.20000000000005,7.68084384637665));
#9451=CARTESIAN_POINT('Ctrl Pts',(13.8923612575417,4.38146134497886,7.56502049858802));
#9452=CARTESIAN_POINT('Ctrl Pts',(13.7560938739628,4.56462266043706,7.43236540995366));
#9453=CARTESIAN_POINT('Ctrl Pts',(13.3905570179757,5.09244562370003,6.99649127078796));
#9454=CARTESIAN_POINT('Ctrl Pts',(13.1977328957893,5.42416156222334,6.65047857637928));
#9455=CARTESIAN_POINT('Ctrl Pts',(13.0796992335241,5.69503868176356,6.27019760104409));
#9456=CARTESIAN_POINT('Ctrl Pts',(13.0786220713896,5.69751990904066,6.26670413907592));
#9457=CARTESIAN_POINT('Ctrl Pts',(13.0775494695623,5.70000000000004,6.26320204617023));
#9458=CARTESIAN_POINT('Origin',(0.,4.2,2.77555756156289E-14));
#9459=CARTESIAN_POINT('',(10.7233562453466,4.2,11.8747476114393));
#9460=CARTESIAN_POINT('Ctrl Pts',(9.81298051719654,5.70000000000007,10.674990087542));
#9461=CARTESIAN_POINT('Ctrl Pts',(10.0254399086578,5.28130188067542,11.0484108428225));
#9462=CARTESIAN_POINT('Ctrl Pts',(10.274639116688,4.86284648520888,11.386837531031));
#9463=CARTESIAN_POINT('Ctrl Pts',(10.5984241213436,4.37952631544004,11.745671277027));
#9464=CARTESIAN_POINT('Ctrl Pts',(10.6598893821158,4.29006134992166,11.8107122450107));
#9465=CARTESIAN_POINT('Ctrl Pts',(10.7233562453466,4.20000000000006,11.8747476114393));
#9466=CARTESIAN_POINT('',(12.3285789995358,4.2,10.1983400537639));
#9467=CARTESIAN_POINT('Origin',(0.,4.2,2.77555756156289E-14));
#9468=CARTESIAN_POINT('Ctrl Pts',(12.3285789995358,4.2,10.1983400537639));
#9469=CARTESIAN_POINT('Ctrl Pts',(12.2096186485511,4.38146134497884,10.0574573780383));
#9470=CARTESIAN_POINT('Ctrl Pts',(12.1009189347088,4.56462266043704,9.90141076776228));
#9471=CARTESIAN_POINT('Ctrl Pts',(11.8244775291295,5.09244562370004,9.40423513726563));
#9472=CARTESIAN_POINT('Ctrl Pts',(11.7006213230115,5.42416156222334,9.02798313794208));
#9473=CARTESIAN_POINT('Ctrl Pts',(11.6566893305791,5.69503868176357,8.63223631777731));
#9474=CARTESIAN_POINT('Ctrl Pts',(11.6562927761923,5.69751990904066,8.62860213294364));
#9475=CARTESIAN_POINT('Ctrl Pts',(11.6559023331175,5.70000000000004,8.62496033618854));
#9476=CARTESIAN_POINT('Origin',(0.,4.2,2.77555756156289E-14));
#9477=CARTESIAN_POINT('',(8.28226046634642,4.2,13.6895639655759));
#9478=CARTESIAN_POINT('Ctrl Pts',(7.61539201791262,5.70000000000004,12.3391978837165));
#9479=CARTESIAN_POINT('Ctrl Pts',(7.7533416487846,5.28130188067543,12.74607864369));
#9480=CARTESIAN_POINT('Ctrl Pts',(7.93398983061628,4.86284648520894,13.1255507809747));
#9481=CARTESIAN_POINT('Ctrl Pts',(8.18401388548276,4.37952631544009,13.5391766487508));
#9482=CARTESIAN_POINT('Ctrl Pts',(8.23205930479434,4.29006134992168,13.6146746187978));
#9483=CARTESIAN_POINT('Ctrl Pts',(8.28226046634633,4.20000000000003,13.689563965576));
#9484=CARTESIAN_POINT('',(10.1757369705291,4.2,12.3472416800922));
#9485=CARTESIAN_POINT('Origin',(0.,4.2,2.77555756156289E-14));
#9486=CARTESIAN_POINT('Ctrl Pts',(10.175736970529,4.20000000000004,12.3472416800923));
#9487=CARTESIAN_POINT('Ctrl Pts',(10.0855886097505,4.38146134497888,12.1863915433968));
#9488=CARTESIAN_POINT('Ctrl Pts',(10.0083852565175,4.5646226604371,12.0125933425499));
#9489=CARTESIAN_POINT('Ctrl Pts',(9.8310306140047,5.0924456237001,11.4720854433869));
#9490=CARTESIAN_POINT('Ctrl Pts',(9.78061880994849,5.42416156222341,11.0791928667191));
#9491=CARTESIAN_POINT('Ctrl Pts',(9.81237630401904,5.69503868176364,10.6822835229137));
#9492=CARTESIAN_POINT('Ctrl Pts',(9.81267468988856,5.69751990904072,10.6786399641232));
#9493=CARTESIAN_POINT('Ctrl Pts',(9.81298051719644,5.7000000000001,10.6749900875421));
#9494=CARTESIAN_POINT('Origin',(0.,4.2,2.77555756156289E-14));
#9495=CARTESIAN_POINT('',(5.54182221487329,4.2,15.0096038101855));
#9496=CARTESIAN_POINT('Ctrl Pts',(5.14256340939108,5.70000000000005,13.5574349189067));
#9497=CARTESIAN_POINT('Ctrl Pts',(5.20101742058977,5.28130188067543,13.9830699527904));
#9498=CARTESIAN_POINT('Ctrl Pts',(5.30658548025739,4.86284648520893,14.389872427405));
#9499=CARTESIAN_POINT('Ctrl Pts',(5.47381206456049,4.37952631544009,14.843340900408));
#9500=CARTESIAN_POINT('Ctrl Pts',(5.50670115577646,4.29006134992168,14.9265671791728));
#9501=CARTESIAN_POINT('Ctrl Pts',(5.54182221487317,4.20000000000004,15.0096038101856));
#9502=CARTESIAN_POINT('',(7.65511729478338,4.2,14.0498818216776));
#9503=CARTESIAN_POINT('Origin',(0.,4.2,2.77555756156289E-14));
#9504=CARTESIAN_POINT('Ctrl Pts',(7.65511729478339,4.20000000000004,14.0498818216776));
#9505=CARTESIAN_POINT('Ctrl Pts',(7.59703912084896,4.38146134497886,13.8748777670433));
#9506=CARTESIAN_POINT('Ctrl Pts',(7.55412245856246,4.56462266043706,13.689609495431));
#9507=CARTESIAN_POINT('Ctrl Pts',(7.48226463798956,5.09244562370005,13.1253046913571));
#9508=CARTESIAN_POINT('Ctrl Pts',(7.50711924994034,5.42416156222335,12.7299716987373));
#9509=CARTESIAN_POINT('Ctrl Pts',(7.61341843193479,5.69503868176357,12.3462451691138));
#9510=CARTESIAN_POINT('Ctrl Pts',(7.61440097361794,5.69751990904066,12.3427239240744));
#9511=CARTESIAN_POINT('Ctrl Pts',(7.6153920179127,5.70000000000003,12.3391978837164));
#9512=CARTESIAN_POINT('Origin',(0.,4.2,2.77555756156289E-14));
#9513=CARTESIAN_POINT('',(2.60108806947765,4.20000000000002,15.7871574659538));
#9514=CARTESIAN_POINT('Ctrl Pts',(2.4838691604359,5.70000000000003,14.2856709325756));
#9515=CARTESIAN_POINT('Ctrl Pts',(2.46071487169615,5.28130188067541,14.7146766812636));
#9516=CARTESIAN_POINT('Ctrl Pts',(2.48738730446842,4.86284648520891,15.1341065918619));
#9517=CARTESIAN_POINT('Ctrl Pts',(2.56577241374682,4.37952631544007,15.611028137977));
#9518=CARTESIAN_POINT('Ctrl Pts',(2.58231647941894,4.29006134992166,15.6989747109011));
#9519=CARTESIAN_POINT('Ctrl Pts',(2.6010880694776,4.20000000000003,15.7871574659538));
#9520=CARTESIAN_POINT('',(4.85782173479074,4.20000000000002,15.2447226276176));
#9521=CARTESIAN_POINT('Origin',(0.,4.2,2.77555756156289E-14));
#9522=CARTESIAN_POINT('Ctrl Pts',(4.85782173479062,4.20000000000001,15.2447226276176));
#9523=CARTESIAN_POINT('Ctrl Pts',(4.83391284422743,4.38146134497887,15.0618897575476));
#9524=CARTESIAN_POINT('Ctrl Pts',(4.82683399288073,4.5646226604371,14.8718474932176));
#9525=CARTESIAN_POINT('Ctrl Pts',(4.863070123107,5.09244562370012,14.3041412301337));
#9526=CARTESIAN_POINT('Ctrl Pts',(4.96229284063081,5.42416156222342,13.9206561859454));
#9527=CARTESIAN_POINT('Ctrl Pts',(5.13929178115206,5.69503868176364,13.563981347074));
#9528=CARTESIAN_POINT('Ctrl Pts',(5.1409229670324,5.69751990904071,13.5607096827559));
#9529=CARTESIAN_POINT('Ctrl Pts',(5.14256340939108,5.70000000000007,13.5574349189067));
#9530=CARTESIAN_POINT('Origin',(0.,4.2,2.77555756156289E-14));
#9531=CARTESIAN_POINT('',(-0.433656175817698,4.2,15.9941221178649));
#9532=CARTESIAN_POINT('Ctrl Pts',(-0.264598591635467,5.70000000000003,14.4975855777886));
#9533=CARTESIAN_POINT('Ctrl Pts',(-0.368524323990706,5.28130188067542,14.9144566557597));
#9534=CARTESIAN_POINT('Ctrl Pts',(-0.421711529328518,4.86284648520893,15.3313547125589));
#9535=CARTESIAN_POINT('Ctrl Pts',(-0.435000937154552,4.37952631544008,15.8144921445024));
#9536=CARTESIAN_POINT('Ctrl Pts',(-0.435399842664808,4.29006134992166,15.9039803932977));
#9537=CARTESIAN_POINT('Ctrl Pts',(-0.433656175817818,4.20000000000001,15.9941221178649));
#9538=CARTESIAN_POINT('',(1.8849518403716,4.2,15.888579438058));
#9539=CARTESIAN_POINT('Origin',(0.,4.2,2.77555756156289E-14));
#9540=CARTESIAN_POINT('Ctrl Pts',(1.88495184037154,4.20000000000002,15.888579438058));
#9541=CARTESIAN_POINT('Ctrl Pts',(1.89607636277858,4.38146134497887,15.704525808843));
#9542=CARTESIAN_POINT('Ctrl Pts',(1.9250911705031,4.5646226604371,15.5165781743786));
#9543=CARTESIAN_POINT('Ctrl Pts',(2.06811158336985,5.09244562370011,14.9659888357769));
#9544=CARTESIAN_POINT('Ctrl Pts',(2.23811623893311,5.42416156222342,14.6082118886776));
#9545=CARTESIAN_POINT('Ctrl Pts',(2.47941773510447,5.69503868176362,14.2914798985423));
#9546=CARTESIAN_POINT('Ctrl Pts',(2.48163860987428,5.69751990904069,14.2885760614182));
#9547=CARTESIAN_POINT('Ctrl Pts',(2.48386916043591,5.70000000000004,14.2856709325756));
#9548=CARTESIAN_POINT('Origin',(0.,4.2,2.77555756156289E-14));
#9549=CARTESIAN_POINT('',(-3.45272695703894,4.2,15.6230175241576));
#9550=CARTESIAN_POINT('Ctrl Pts',(-3.00350306120016,5.7,14.1855197071296));
#9551=CARTESIAN_POINT('Ctrl Pts',(-3.1844440904277,5.2813018806754,14.575189307479));
#9552=CARTESIAN_POINT('Ctrl Pts',(-3.31556860969677,4.86284648520892,14.9744877284888));
#9553=CARTESIAN_POINT('Ctrl Pts',(-3.42005222080318,4.37952631544008,15.4463792006681));
#9554=CARTESIAN_POINT('Ctrl Pts',(-3.43737968001134,4.29006134992167,15.5341747868638));
#9555=CARTESIAN_POINT('Ctrl Pts',(-3.45272695703895,4.20000000000003,15.6230175241576));
#9556=CARTESIAN_POINT('',(-1.15604512475276,4.2,15.9581815903171));
#9557=CARTESIAN_POINT('Origin',(0.,4.2,2.77555756156289E-14));
#9558=CARTESIAN_POINT('Ctrl Pts',(-1.15604512475279,4.20000000000001,15.9581815903171));
#9559=CARTESIAN_POINT('Ctrl Pts',(-1.11028925859999,4.38146134497885,15.779559379664));
#9560=CARTESIAN_POINT('Ctrl Pts',(-1.04622946255274,4.56462266043706,15.6004992922675));
#9561=CARTESIAN_POINT('Ctrl Pts',(-0.801593897402574,5.09244562370006,15.0869266113916));
#9562=CARTESIAN_POINT('Ctrl Pts',(-0.566951714994734,5.42416156222336,14.7677887524281));
#9563=CARTESIAN_POINT('Ctrl Pts',(-0.270068927949775,5.69503868176358,14.5024471303896));
#9564=CARTESIAN_POINT('Ctrl Pts',(-0.26733863249109,5.69751990904067,14.500016072699));
#9565=CARTESIAN_POINT('Ctrl Pts',(-0.264598591635434,5.70000000000004,14.4975855777886));
#9566=CARTESIAN_POINT('Origin',(0.,4.2,2.77555756156289E-14));
#9567=CARTESIAN_POINT('',(-6.34700719004042,4.20000000000001,14.6872563717522));
#9568=CARTESIAN_POINT('Ctrl Pts',(-5.63385310458222,5.70000000000002,13.3607521942438));
#9569=CARTESIAN_POINT('Ctrl Pts',(-5.88526975044857,5.28130188067537,13.7091366423406));
#9570=CARTESIAN_POINT('Ctrl Pts',(-6.08959240188094,4.86284648520883,14.0764037422641));
#9571=CARTESIAN_POINT('Ctrl Pts',(-6.28149390633297,4.37952631543999,14.5199938673733));
#9572=CARTESIAN_POINT('Ctrl Pts',(-6.31512365971697,4.29006134992162,14.602923629735));
#9573=CARTESIAN_POINT('Ctrl Pts',(-6.34700719004046,4.20000000000001,14.6872563717522));
#9574=CARTESIAN_POINT('',(-4.15525960702226,4.2,15.4510134812655));
#9575=CARTESIAN_POINT('Origin',(0.,4.2,2.77555756156289E-14));
#9576=CARTESIAN_POINT('Ctrl Pts',(-4.15525960702232,4.20000000000003,15.4510134812655));
#9577=CARTESIAN_POINT('Ctrl Pts',(-4.07652613334226,4.38146134497887,15.2842785612629));
#9578=CARTESIAN_POINT('Ctrl Pts',(-3.97973663690762,4.56462266043707,15.1205777190294));
#9579=CARTESIAN_POINT('Ctrl Pts',(-3.64232768619031,5.09244562370006,14.6625835506666));
#9580=CARTESIAN_POINT('Ctrl Pts',(-3.35152855676435,5.42416156222337,14.3936192535676));
#9581=CARTESIAN_POINT('Ctrl Pts',(-3.00979459629018,5.69503868176359,14.1892581371872));
#9582=CARTESIAN_POINT('Ctrl Pts',(-3.00665356013423,5.69751990904066,14.1873877236891));
#9583=CARTESIAN_POINT('Ctrl Pts',(-3.00350306120019,5.70000000000003,14.1855197071296));
#9584=CARTESIAN_POINT('Origin',(0.,4.2,2.77555756156289E-14));
#9585=CARTESIAN_POINT('',(-9.01189004622796,4.2,13.2206595067984));
#9586=CARTESIAN_POINT('Ctrl Pts',(-8.06058101790363,5.7,12.0530922859577));
#9587=CARTESIAN_POINT('Ctrl Pts',(-8.37338642776744,5.28130188067537,12.3476000601408));
#9588=CARTESIAN_POINT('Ctrl Pts',(-8.64352245838284,4.86284648520885,12.6695618490816));
#9589=CARTESIAN_POINT('Ctrl Pts',(-8.91590603581509,4.37952631544001,13.0688181242365));
#9590=CARTESIAN_POINT('Ctrl Pts',(-8.96462261646619,4.29006134992161,13.1438847650812));
#9591=CARTESIAN_POINT('Ctrl Pts',(-9.01189004622795,4.19999999999999,13.2206595067984));
#9592=CARTESIAN_POINT('',(-7.00429218067073,4.2,14.3854054877781));
#9593=CARTESIAN_POINT('Origin',(0.,4.2,2.77555756156289E-14));
#9594=CARTESIAN_POINT('Ctrl Pts',(-7.00429218067071,4.19999999999999,14.3854054877781));
#9595=CARTESIAN_POINT('Ctrl Pts',(-6.89542673234026,4.38146134497882,14.2365840928585));
#9596=CARTESIAN_POINT('Ctrl Pts',(-6.76940576010194,4.56462266043702,14.0941590707446));
#9597=CARTESIAN_POINT('Ctrl Pts',(-6.35141826240686,5.09244562370001,13.7082965174319));
#9598=CARTESIAN_POINT('Ctrl Pts',(-6.01497242416997,5.42416156222331,13.499226852674));
#9599=CARTESIAN_POINT('Ctrl Pts',(-5.64073844597726,5.69503868176354,13.3632323851554));
#9600=CARTESIAN_POINT('Ctrl Pts',(-5.6373001943546,5.69751990904063,13.3619902174669));
#9601=CARTESIAN_POINT('Ctrl Pts',(-5.63385310458219,5.7,13.3607521942438));
#9602=CARTESIAN_POINT('Origin',(0.,4.2,2.77555756156289E-14));
#9603=CARTESIAN_POINT('',(-11.3510597158942,4.2,11.2762335611766));
#9604=CARTESIAN_POINT('Ctrl Pts',(-10.195978531599,5.69999999999997,10.3098022184315));
#9605=CARTESIAN_POINT('Ctrl Pts',(-10.5588671029413,5.28130188067534,10.5397890404095));
#9606=CARTESIAN_POINT('Ctrl Pts',(-10.8850530927607,4.86284648520883,10.8048089804519));
#9607=CARTESIAN_POINT('Ctrl Pts',(-11.2280740909963,4.37952631543999,11.1453012436163));
#9608=CARTESIAN_POINT('Ctrl Pts',(-11.2901167547599,4.2900613499216,11.2097916589596));
#9609=CARTESIAN_POINT('Ctrl Pts',(-11.3510597158942,4.19999999999998,11.2762335611765));
#9610=CARTESIAN_POINT('',(-9.60017138540445,4.2,12.7998714591539));
#9611=CARTESIAN_POINT('Origin',(0.,4.2,2.77555756156289E-14));
#9612=CARTESIAN_POINT('Ctrl Pts',(-9.60017138540449,4.2,12.7998714591539));
#9613=CARTESIAN_POINT('Ctrl Pts',(-9.46510864337246,4.38146134497884,12.67434238228));
#9614=CARTESIAN_POINT('Ctrl Pts',(-9.31441092161158,4.56462266043705,12.5583407916697));
#9615=CARTESIAN_POINT('Ctrl Pts',(-8.83095203416122,5.09244562370005,12.2585559314388));
#9616=CARTESIAN_POINT('Ctrl Pts',(-8.46101951630837,5.42416156222336,12.1169372214321));
#9617=CARTESIAN_POINT('Ctrl Pts',(-8.06781131142615,5.69503868176357,12.0542245971616));
#9618=CARTESIAN_POINT('Ctrl Pts',(-8.06420011170872,5.69751990904065,12.0536555704595));
#9619=CARTESIAN_POINT('Ctrl Pts',(-8.06058101790364,5.70000000000001,12.0530922859577));
#9620=CARTESIAN_POINT('Origin',(0.,4.2,2.77555756156289E-14));
#9621=CARTESIAN_POINT('',(-13.2799725125305,4.2,8.92425515471386));
#9622=CARTESIAN_POINT('Ctrl Pts',(-11.9628668157994,5.69999999999996,8.1938890368035));
#9623=CARTESIAN_POINT('Ctrl Pts',(-12.3627228101548,5.28130188067533,8.35104258360524));
#9624=CARTESIAN_POINT('Ctrl Pts',(-12.7331695476369,4.86284648520881,8.54954216361345));
#9625=CARTESIAN_POINT('Ctrl Pts',(-13.1344302940671,4.37952631543997,8.81896413725271));
#9626=CARTESIAN_POINT('Ctrl Pts',(-13.2075566574243,4.29006134992158,8.87054747545602));
#9627=CARTESIAN_POINT('Ctrl Pts',(-13.2799725125305,4.19999999999996,8.92425515471383));
#9628=CARTESIAN_POINT('Origin',(0.,4.2,2.77555756156289E-14));
#9629=CARTESIAN_POINT('Origin',(0.,4.2,2.77555756156289E-14));
#9630=CARTESIAN_POINT('',(-14.728912501933,4.2,6.24973091503973));
#9631=CARTESIAN_POINT('Ctrl Pts',(-13.2973859243313,5.69999999999998,5.78182735641576));
#9632=CARTESIAN_POINT('Ctrl Pts',(-13.7197575042493,5.28130188067533,5.86046768940025));
#9633=CARTESIAN_POINT('Ctrl Pts',(-14.1210760791119,4.86284648520879,5.98527261736717));
#9634=CARTESIAN_POINT('Ctrl Pts',(-14.566073964886,4.37952631543996,6.17388668938183));
#9635=CARTESIAN_POINT('Ctrl Pts',(-14.6476410505362,4.29006134992158,6.21069859420336));
#9636=CARTESIAN_POINT('Ctrl Pts',(-14.728912501933,4.19999999999998,6.24973091503971));
#9637=CARTESIAN_POINT('Origin',(0.,4.2,2.77555756156289E-14));
#9638=CARTESIAN_POINT('Origin',(0.,4.2,2.77555756156289E-14));
#9639=CARTESIAN_POINT('Origin',(0.,4.2,2.77555756156289E-14));
#9640=CARTESIAN_POINT('Origin',(0.,4.2,2.77555756156289E-14));
#9641=CARTESIAN_POINT('Origin',(0.,4.2,2.77555756156289E-14));
#9642=CARTESIAN_POINT('Origin',(0.,4.2,2.77555756156289E-14));
#9643=CARTESIAN_POINT('Origin',(0.,4.2,2.77555756156289E-14));
#9644=CARTESIAN_POINT('Origin',(0.,4.2,2.77555756156289E-14));
#9645=CARTESIAN_POINT('Origin',(0.,4.2,2.77555756156289E-14));
#9646=CARTESIAN_POINT('Origin',(0.,4.2,2.77555756156289E-14));
#9647=CARTESIAN_POINT('Origin',(0.,4.2,2.77555756156289E-14));
#9648=CARTESIAN_POINT('Origin',(0.,4.2,2.77555756156289E-14));
#9649=CARTESIAN_POINT('',(-11.8035665811705,4.19999999999999,-10.8016580192059));
#9650=CARTESIAN_POINT('Ctrl Pts',(-10.783268901659,5.70000000000001,-9.69386980490838));
#9651=CARTESIAN_POINT('Ctrl Pts',(-11.0302621600303,5.28130188067534,-10.0454041329811));
#9652=CARTESIAN_POINT('Ctrl Pts',(-11.3105024766814,4.86284648520879,-10.3586105082321));
#9653=CARTESIAN_POINT('Ctrl Pts',(-11.6669306738647,4.37952631543995,-10.685041705819));
#9654=CARTESIAN_POINT('Ctrl Pts',(-11.7343001522461,4.29006134992158,-10.7439455187741));
#9655=CARTESIAN_POINT('Ctrl Pts',(-11.8035665811705,4.19999999999998,-10.8016580192059));
#9656=CARTESIAN_POINT('Origin',(0.,4.2,2.77555756156289E-14));
#9657=CARTESIAN_POINT('Origin',(0.,4.2,2.77555756156289E-14));
#9658=CARTESIAN_POINT('',(-9.54603353481206,4.19999999999999,-12.8402976504536));
#9659=CARTESIAN_POINT('Ctrl Pts',(-8.75382426159273,5.69999999999998,-11.5594360068799));
#9660=CARTESIAN_POINT('Ctrl Pts',(-8.9298257209948,5.28130188067533,-11.9513614331828));
#9661=CARTESIAN_POINT('Ctrl Pts',(-9.1457270337866,4.8628464852088,-12.3119435898536));
#9662=CARTESIAN_POINT('Ctrl Pts',(-9.43393659877311,4.37952631543996,-12.6999302302881));
#9663=CARTESIAN_POINT('Ctrl Pts',(-9.48894100301618,4.29006134992158,-12.7705193322225));
#9664=CARTESIAN_POINT('Ctrl Pts',(-9.54603353481208,4.19999999999997,-12.8402976504536));
#9665=CARTESIAN_POINT('Origin',(0.,4.2,2.77555756156289E-14));
#9666=CARTESIAN_POINT('Origin',(0.,4.2,2.77555756156289E-14));
#9667=CARTESIAN_POINT('',(-6.94348196455769,4.19999999999999,-14.4148554695447));
#9668=CARTESIAN_POINT('Ctrl Pts',(-6.40799360484582,5.70000000000002,-13.0072140737459));
#9669=CARTESIAN_POINT('Ctrl Pts',(-6.50664211396851,5.28130188067537,-13.4253653922208));
#9670=CARTESIAN_POINT('Ctrl Pts',(-6.65040118693137,4.86284648520884,-13.8202909516816));
#9671=CARTESIAN_POINT('Ctrl Pts',(-6.85997547511978,4.37952631543998,-14.2558101868891));
#9672=CARTESIAN_POINT('Ctrl Pts',(-6.90062680274252,4.29006134992159,-14.3355333037408));
#9673=CARTESIAN_POINT('Ctrl Pts',(-6.9434819645577,4.19999999999998,-14.4148554695447));
#9674=CARTESIAN_POINT('Origin',(0.,4.2,2.77555756156289E-14));
#9675=CARTESIAN_POINT('Origin',(0.,4.2,2.77555756156289E-14));
#9676=CARTESIAN_POINT('',(-4.08997486503851,4.19999999999999,-15.4684228544268));
#9677=CARTESIAN_POINT('Ctrl Pts',(-3.83056136335537,5.70000000000001,-13.9848775340211));
#9678=CARTESIAN_POINT('Ctrl Pts',(-3.84829150805281,5.28130188067537,-14.4141416665356));
#9679=CARTESIAN_POINT('Ctrl Pts',(-3.91471251372924,4.86284648520885,-14.829136990099));
#9680=CARTESIAN_POINT('Ctrl Pts',(-4.03807696430392,4.37952631544,-15.2964480201847));
#9681=CARTESIAN_POINT('Ctrl Pts',(-4.06290597041005,4.29006134992161,-15.3824237507942));
#9682=CARTESIAN_POINT('Ctrl Pts',(-4.08997486503847,4.19999999999998,-15.4684228544268));
#9683=CARTESIAN_POINT('Origin',(0.,4.2,2.77555756156289E-14));
#9684=CARTESIAN_POINT('Origin',(-3.25230272106769,12.4,-16.4484676214939));
#9685=CARTESIAN_POINT('',(-1.11468265376294,12.4,-14.4570910829738));
#9686=CARTESIAN_POINT('',(-1.11468265376294,12.4,-14.4570910829738));
#9687=CARTESIAN_POINT('',(-0.766709556495493,4.19999999999999,-17.9836635993887));
#9688=CARTESIAN_POINT('Origin',(-3.25230272106769,4.19999999999997,-16.4484676214939));
#9689=CARTESIAN_POINT('',(-0.766709556495493,3.19999999999999,-17.9836635993887));
#9690=CARTESIAN_POINT('',(-0.766709556495493,4.19999999999999,-17.9836635993887));
#9691=CARTESIAN_POINT('',(-2.68480243528668,3.19999999999999,-19.3142909754274));
#9692=CARTESIAN_POINT('Origin',(-3.25230272106769,3.19999999999999,-16.4484676214939));
#9693=CARTESIAN_POINT('',(-2.6848024352866,12.4,-19.3142909754274));
#9694=CARTESIAN_POINT('',(-2.6848024352866,12.4,-19.3142909754274));
#9695=CARTESIAN_POINT('Origin',(-3.25230272106769,12.4,-16.4484676214939));
#9696=CARTESIAN_POINT('Origin',(0.,4.2,2.77555756156289E-14));
#9697=CARTESIAN_POINT('',(1.74022679664729,4.19999999999999,-17.9156805814413));
#9698=CARTESIAN_POINT('Origin',(0.,4.2,2.77555756156289E-14));
#9699=CARTESIAN_POINT('Origin',(-3.76017508718354,4.19999999999999,-16.3146307267522));
#9700=CARTESIAN_POINT('Origin',(-3.76017508718354,12.4,-16.3146307267522));
#9701=CARTESIAN_POINT('',(1.74022679664729,3.19999999999999,-17.9156805814413));
#9702=CARTESIAN_POINT('',(1.74022679664734,12.4,-17.9156805814413));
#9703=CARTESIAN_POINT('',(1.6414835912136,12.4,-14.4067876926044));
#9704=CARTESIAN_POINT('',(1.64148359121358,12.4,-14.4067876926044));
#9705=CARTESIAN_POINT('',(1.01896904334969,12.4,-19.4733587777943));
#9706=CARTESIAN_POINT('Origin',(-3.76017508718354,12.4,-16.3146307267522));
#9707=CARTESIAN_POINT('',(1.01896904334961,3.19999999999999,-19.4733587777943));
#9708=CARTESIAN_POINT('',(1.01896904334967,12.4,-19.4733587777943));
#9709=CARTESIAN_POINT('Origin',(-3.76017508718354,3.19999999999999,-16.3146307267522));
#9710=CARTESIAN_POINT('Origin',(-0.604659658519413,12.4,-16.7314219101044));
#9711=CARTESIAN_POINT('',(5.0993434749749,4.19999999999998,-17.2625808071745));
#9712=CARTESIAN_POINT('',(5.0993434749749,3.19999999999998,-17.2625808071745));
#9713=CARTESIAN_POINT('',(5.09934347497493,4.19999999999998,-17.2625808071745));
#9714=CARTESIAN_POINT('Origin',(-0.604659658519413,4.19999999999999,-16.7314219101044));
#9715=CARTESIAN_POINT('',(4.33832234236012,12.4,-13.835785458505));
#9716=CARTESIAN_POINT('',(4.33832234236012,12.4,-13.835785458505));
#9717=CARTESIAN_POINT('',(4.68591232586163,12.4,-18.9286086565901));
#9718=CARTESIAN_POINT('Origin',(-0.604659658519413,12.4,-16.7314219101044));
#9719=CARTESIAN_POINT('',(4.68591232586155,3.19999999999998,-18.9286086565901));
#9720=CARTESIAN_POINT('',(4.68591232586163,12.4,-18.9286086565901));
#9721=CARTESIAN_POINT('Origin',(-0.604659658519441,3.19999999999999,-16.7314219101044));
#9722=CARTESIAN_POINT('Origin',(-0.0806364088125067,12.4,-16.7667247205402));
#9723=CARTESIAN_POINT('',(2.65057659835463,4.19999999999999,-17.8037761077884));
#9724=CARTESIAN_POINT('Origin',(-0.0806364088125067,4.19999999999999,-16.7667247205402));
#9725=CARTESIAN_POINT('',(2.65057659835463,3.19999999999999,-17.8037761077884));
#9726=CARTESIAN_POINT('',(2.65057659835463,4.19999999999999,-17.8037761077884));
#9727=CARTESIAN_POINT('Origin',(-0.0806364088125067,3.19999999999999,-16.7667247205402));
#9728=CARTESIAN_POINT('Origin',(-0.0806364088125067,12.4,-16.7667247205402));
#9729=CARTESIAN_POINT('Origin',(0.,4.2,2.77555756156289E-14));
#9730=CARTESIAN_POINT('Origin',(0.,4.2,2.77555756156289E-14));
#9731=CARTESIAN_POINT('Origin',(2.57270974562901,12.4,-16.5434959123309));
#9732=CARTESIAN_POINT('',(8.2741565939071,4.19999999999998,-15.9855663853209));
#9733=CARTESIAN_POINT('',(8.27415659390707,3.19999999999998,-15.9855663853209));
#9734=CARTESIAN_POINT('',(8.2741565939071,4.19999999999998,-15.9855663853209));
#9735=CARTESIAN_POINT('Origin',(2.57270974562906,4.19999999999999,-16.5434959123309));
#9736=CARTESIAN_POINT('',(6.87836282066509,12.4,-12.7647218891479));
#9737=CARTESIAN_POINT('',(6.87836282066509,12.4,-12.7647218891479));
#9738=CARTESIAN_POINT('',(8.18349452789155,12.4,-17.699729300528));
#9739=CARTESIAN_POINT('Origin',(2.57270974562901,12.4,-16.5434959123309));
#9740=CARTESIAN_POINT('',(8.18349452789149,3.19999999999998,-17.699729300528));
#9741=CARTESIAN_POINT('',(8.18349452789155,12.4,-17.699729300528));
#9742=CARTESIAN_POINT('Origin',(2.57270974562906,3.19999999999999,-16.5434959123309));
#9743=CARTESIAN_POINT('Origin',(3.09394431335344,12.4,-16.478988702911));
#9744=CARTESIAN_POINT('',(5.97206400893047,4.19999999999998,-16.9804137603663));
#9745=CARTESIAN_POINT('Origin',(3.09394431335344,4.19999999999999,-16.478988702911));
#9746=CARTESIAN_POINT('',(5.97206400893047,3.19999999999997,-16.9804137603663));
#9747=CARTESIAN_POINT('',(5.97206400893047,4.19999999999998,-16.9804137603663));
#9748=CARTESIAN_POINT('Origin',(3.09394431335344,3.19999999999999,-16.4789887029109));
#9749=CARTESIAN_POINT('Origin',(3.09394431335344,12.4,-16.478988702911));
#9750=CARTESIAN_POINT('Origin',(0.,4.2,2.77555756156289E-14));
#9751=CARTESIAN_POINT('Origin',(0.,4.2,2.77555756156289E-14));
#9752=CARTESIAN_POINT('Origin',(5.65709471644058,12.4,-15.7576448686275));
#9753=CARTESIAN_POINT('',(11.1499201354308,4.19999999999998,-14.1307919443148));
#9754=CARTESIAN_POINT('',(11.1499201354308,3.19999999999998,-14.1307919443149));
#9755=CARTESIAN_POINT('',(11.1499201354308,4.19999999999998,-14.1307919443148));
#9756=CARTESIAN_POINT('Origin',(5.65709471644058,4.19999999999998,-15.7576448686274));
#9757=CARTESIAN_POINT('',(9.16980134523171,12.4,-11.2323080125585));
#9758=CARTESIAN_POINT('',(9.16980134523171,12.4,-11.2323080125585));
#9759=CARTESIAN_POINT('',(11.3853039157963,12.4,-15.83113561135));
#9760=CARTESIAN_POINT('Origin',(5.65709471644058,12.4,-15.7576448686275));
#9761=CARTESIAN_POINT('',(11.3853039157963,3.19999999999998,-15.8311356113499));
#9762=CARTESIAN_POINT('',(11.3853039157963,12.4,-15.83113561135));
#9763=CARTESIAN_POINT('Origin',(5.65709471644058,3.19999999999997,-15.7576448686274));
#9764=CARTESIAN_POINT('Origin',(6.15670182684158,12.4,-15.5956590979723));
#9765=CARTESIAN_POINT('',(9.07770546616252,4.19999999999998,-15.5433350176081));
#9766=CARTESIAN_POINT('Origin',(6.15670182684158,4.19999999999998,-15.5956590979722));
#9767=CARTESIAN_POINT('',(9.07770546616252,3.19999999999998,-15.5433350176081));
#9768=CARTESIAN_POINT('',(9.07770546616254,4.19999999999998,-15.5433350176081));
#9769=CARTESIAN_POINT('Origin',(6.15670182684158,3.19999999999998,-15.5956590979722));
#9770=CARTESIAN_POINT('Origin',(6.15670182684158,12.4,-15.5956590979723));
#9771=CARTESIAN_POINT('Origin',(0.,4.2,2.77555756156289E-14));
#9772=CARTESIAN_POINT('Origin',(0.,4.2,2.77555756156289E-14));
#9773=CARTESIAN_POINT('Origin',(8.53701754478339,12.4,-14.4022714832287));
#9774=CARTESIAN_POINT('',(13.6226965124264,4.19999999999998,-11.765293865022));
#9775=CARTESIAN_POINT('',(13.6226965124264,3.19999999999998,-11.765293865022));
#9776=CARTESIAN_POINT('',(13.6226965124264,4.19999999999998,-11.765293865022));
#9777=CARTESIAN_POINT('Origin',(8.53701754478339,4.19999999999998,-14.4022714832287));
#9778=CARTESIAN_POINT('',(11.1298193574972,12.4,-9.29392925890216));
#9779=CARTESIAN_POINT('',(11.1298193574972,12.4,-9.29392925890216));
#9780=CARTESIAN_POINT('',(14.1756187560642,12.4,-13.3903634335562));
#9781=CARTESIAN_POINT('Origin',(8.53701754478339,12.4,-14.4022714832287));
#9782=CARTESIAN_POINT('',(14.1756187560642,3.19999999999998,-13.3903634335562));
#9783=CARTESIAN_POINT('',(14.1756187560642,12.4,-13.3903634335562));
#9784=CARTESIAN_POINT('Origin',(8.53701754478339,3.19999999999998,-14.4022714832287));
#9785=CARTESIAN_POINT('Origin',(8.99694009517743,12.4,-14.1486617391394));
#9786=CARTESIAN_POINT('',(11.8552549961166,4.19999999999998,-13.5444796495491));
#9787=CARTESIAN_POINT('Origin',(8.99694009517749,4.19999999999998,-14.1486617391394));
#9788=CARTESIAN_POINT('',(11.8552549961166,3.19999999999998,-13.5444796495491));
#9789=CARTESIAN_POINT('',(11.8552549961166,4.19999999999998,-13.5444796495491));
#9790=CARTESIAN_POINT('Origin',(8.99694009517749,3.19999999999998,-14.1486617391394));
#9791=CARTESIAN_POINT('Origin',(8.99694009517743,12.4,-14.1486617391394));
#9792=CARTESIAN_POINT('Origin',(0.,4.2,2.77555756156289E-14));
#9793=CARTESIAN_POINT('Origin',(0.,4.2,2.77555756156289E-14));
#9794=CARTESIAN_POINT('Origin',(11.1083903160755,12.4,-12.5263624816736));
#9795=CARTESIAN_POINT('',(15.6031131438735,4.19999999999998,-8.974567411273));
#9796=CARTESIAN_POINT('',(15.6031131438734,3.19999999999998,-8.97456741127302));
#9797=CARTESIAN_POINT('',(15.6031131438735,4.19999999999998,-8.974567411273));
#9798=CARTESIAN_POINT('Origin',(11.1083903160755,4.19999999999998,-12.5263624816736));
#9799=CARTESIAN_POINT('',(12.6875766997214,12.4,-7.01964368673262));
#9800=CARTESIAN_POINT('',(12.6875766997214,12.4,-7.01964368673262));
#9801=CARTESIAN_POINT('',(16.4535898002736,12.4,-10.4656286330221));
#9802=CARTESIAN_POINT('Origin',(11.1083903160755,12.4,-12.5263624816736));
#9803=CARTESIAN_POINT('',(16.4535898002737,3.19999999999998,-10.4656286330221));
#9804=CARTESIAN_POINT('',(16.4535898002736,12.4,-10.4656286330221));
#9805=CARTESIAN_POINT('Origin',(11.1083903160755,3.19999999999998,-12.5263624816736));
#9806=CARTESIAN_POINT('Origin',(11.5120055071749,12.4,-12.1902948810754));
#9807=CARTESIAN_POINT('',(14.2043247219454,4.19999999999998,-11.056091497158));
#9808=CARTESIAN_POINT('Origin',(11.5120055071749,4.19999999999997,-12.1902948810754));
#9809=CARTESIAN_POINT('',(14.2043247219454,3.19999999999999,-11.056091497158));
#9810=CARTESIAN_POINT('',(14.2043247219454,4.19999999999998,-11.056091497158));
#9811=CARTESIAN_POINT('Origin',(11.5120055071749,3.19999999999998,-12.1902948810754));
#9812=CARTESIAN_POINT('Origin',(11.5120055071749,12.4,-12.1902948810754));
#9813=CARTESIAN_POINT('Origin',(0.,4.2,2.77555756156289E-14));
#9814=CARTESIAN_POINT('Origin',(0.,4.2,2.77555756156289E-14));
#9815=CARTESIAN_POINT('Origin',(13.278276918716,12.4,-10.1977181029118));
#9816=CARTESIAN_POINT('',(17.0195926127861,4.19999999999998,-5.8594767082733));
#9817=CARTESIAN_POINT('',(17.0195926127861,3.19999999999998,-5.8594767082733));
#9818=CARTESIAN_POINT('',(17.0195926127861,4.19999999999998,-5.8594767082733));
#9819=CARTESIAN_POINT('Origin',(13.278276918716,4.19999999999998,-10.1977181029118));
#9820=CARTESIAN_POINT('',(13.786771962859,12.4,-4.4916499022213));
#9821=CARTESIAN_POINT('',(13.786771962859,12.4,-4.4916499022213));
#9822=CARTESIAN_POINT('',(18.136885239691,12.4,-7.16263874576113));
#9823=CARTESIAN_POINT('Origin',(13.278276918716,12.4,-10.1977181029118));
#9824=CARTESIAN_POINT('',(18.136885239691,3.19999999999999,-7.16263874576108));
#9825=CARTESIAN_POINT('',(18.136885239691,12.4,-7.16263874576113));
#9826=CARTESIAN_POINT('Origin',(13.2782769187161,3.19999999999998,-10.1977181029118));
#9827=CARTESIAN_POINT('Origin',(13.6109970459051,12.4,-9.79133900450586));
#9828=CARTESIAN_POINT('',(16.040013143316,4.19999999999997,-8.16810739169409));
#9829=CARTESIAN_POINT('Origin',(13.6109970459052,4.19999999999998,-9.79133900450584));
#9830=CARTESIAN_POINT('',(16.040013143316,3.19999999999998,-8.16810739169412));
#9831=CARTESIAN_POINT('',(16.040013143316,4.19999999999997,-8.16810739169407));
#9832=CARTESIAN_POINT('Origin',(13.6109970459052,3.19999999999998,-9.79133900450584));
#9833=CARTESIAN_POINT('Origin',(13.6109970459051,12.4,-9.79133900450586));
#9834=CARTESIAN_POINT('Origin',(0.,4.2,2.77555756156289E-14));
#9835=CARTESIAN_POINT('Origin',(0.,4.2,2.77555756156289E-14));
#9836=CARTESIAN_POINT('Origin',(14.968251997301,12.4,-7.50050162201536));
#9837=CARTESIAN_POINT('',(17.8209396605566,4.2,-2.53260925031894));
#9838=CARTESIAN_POINT('',(17.8209396605566,3.19999999999999,-2.53260925031896));
#9839=CARTESIAN_POINT('',(17.8209396605566,4.2,-2.53260925031894));
#9840=CARTESIAN_POINT('Origin',(14.9682519973011,4.2,-7.50050162201535));
#9841=CARTESIAN_POINT('',(14.3876773661749,12.4,-1.801316187364));
#9842=CARTESIAN_POINT('',(14.3876773661749,12.4,-1.801316187364));
#9843=CARTESIAN_POINT('',(19.1646663913523,12.4,-3.60077243215509));
#9844=CARTESIAN_POINT('Origin',(14.968251997301,12.4,-7.50050162201536));
#9845=CARTESIAN_POINT('',(19.1646663913524,3.19999999999999,-3.60077243215511));
#9846=CARTESIAN_POINT('',(19.1646663913524,12.4,-3.60077243215511));
#9847=CARTESIAN_POINT('Origin',(14.9682519973011,3.19999999999999,-7.50050162201538));
#9848=CARTESIAN_POINT('Origin',(15.2180516882896,12.4,-7.0384986252285));
#9849=CARTESIAN_POINT('',(17.2959736978406,4.19999999999999,-4.98490660329814));
#9850=CARTESIAN_POINT('Origin',(15.2180516882897,4.19999999999997,-7.03849862522847));
#9851=CARTESIAN_POINT('',(17.2959736978406,3.19999999999999,-4.98490660329816));
#9852=CARTESIAN_POINT('',(17.2959736978406,4.2,-4.98490660329813));
#9853=CARTESIAN_POINT('Origin',(15.2180516882897,3.19999999999998,-7.0384986252285));
#9854=CARTESIAN_POINT('Origin',(15.2180516882896,12.4,-7.0384986252285));
#9855=CARTESIAN_POINT('Origin',(0.,4.2,2.77555756156289E-14));
#9856=CARTESIAN_POINT('Origin',(0.,4.2,2.77555756156289E-14));
#9857=CARTESIAN_POINT('Origin',(16.1172354493034,12.4,-4.53219747013295));
#9858=CARTESIAN_POINT('',(17.9781915169892,4.2,0.885793304590946));
#9859=CARTESIAN_POINT('',(17.9781915169892,3.19999999999999,0.885793304590946));
#9860=CARTESIAN_POINT('',(17.9781915169892,4.2,0.885793304590946));
#9861=CARTESIAN_POINT('Origin',(16.1172354493034,4.19999999999998,-4.53219747013295));
#9862=CARTESIAN_POINT('',(14.4685746227494,12.4,0.954121787788115));
#9863=CARTESIAN_POINT('',(14.4685746227494,12.4,0.954121787788115));
#9864=CARTESIAN_POINT('',(19.4997865665791,12.4,0.0912351788700111));
#9865=CARTESIAN_POINT('Origin',(16.1172354493034,12.4,-4.53219747013295));
#9866=CARTESIAN_POINT('',(19.4997865665791,3.19999999999999,0.0912351788700388));
#9867=CARTESIAN_POINT('',(19.4997865665791,12.4,0.0912351788700111));
#9868=CARTESIAN_POINT('Origin',(16.1172354493034,3.19999999999998,-4.53219747013295));
#9869=CARTESIAN_POINT('Origin',(16.2750862924123,12.4,-4.03126856700614));
#9870=CARTESIAN_POINT('',(17.9268126987052,4.19999999999999,-1.62153830221154));
#9871=CARTESIAN_POINT('Origin',(16.2750862924123,4.19999999999999,-4.0312685670061));
#9872=CARTESIAN_POINT('',(17.9268126987052,3.19999999999999,-1.62153830221157));
#9873=CARTESIAN_POINT('',(17.9268126987052,4.2,-1.62153830221154));
#9874=CARTESIAN_POINT('Origin',(16.2750862924123,3.19999999999999,-4.0312685670061));
#9875=CARTESIAN_POINT('Origin',(16.2750862924123,12.4,-4.03126856700614));
#9876=CARTESIAN_POINT('Origin',(0.,4.2,2.77555756156289E-14));
#9877=CARTESIAN_POINT('Origin',(0.,4.2,2.77555756156289E-14));
#9878=CARTESIAN_POINT('Origin',(16.6837000191206,12.4,-1.40008789315457));
#9879=CARTESIAN_POINT('',(17.4856646902766,4.2,4.272180981561));
#9880=CARTESIAN_POINT('',(17.4856646902766,3.19999999999999,4.272180981561));
#9881=CARTESIAN_POINT('',(17.4856646902766,4.19999999999999,4.272180981561));
#9882=CARTESIAN_POINT('Origin',(16.6837000191205,4.2,-1.40008789315454));
#9883=CARTESIAN_POINT('',(14.0265398949543,12.4,3.67507531558957));
#9884=CARTESIAN_POINT('',(14.0265398949543,12.4,3.67507531558957));
#9885=CARTESIAN_POINT('',(19.1301336490912,12.4,3.77994531281987));
#9886=CARTESIAN_POINT('Origin',(16.6837000191206,12.4,-1.40008789315457));
#9887=CARTESIAN_POINT('',(19.1301336490911,3.19999999999999,3.7799453128199));
#9888=CARTESIAN_POINT('',(19.1301336490912,12.4,3.77994531281987));
#9889=CARTESIAN_POINT('Origin',(16.6837000191205,3.19999999999999,-1.40008789315457));
#9890=CARTESIAN_POINT('Origin',(16.7438968736034,12.4,-0.878337959404313));
#9891=CARTESIAN_POINT('',(17.9097299807839,4.19999999999999,1.80043661799383));
#9892=CARTESIAN_POINT('Origin',(16.7438968736035,4.19999999999999,-0.878337959404313));
#9893=CARTESIAN_POINT('',(17.9097299807839,3.19999999999999,1.8004366179938));
#9894=CARTESIAN_POINT('',(17.9097299807839,4.2,1.80043661799383));
#9895=CARTESIAN_POINT('Origin',(16.7438968736035,3.19999999999999,-0.878337959404313));
#9896=CARTESIAN_POINT('Origin',(16.7438968736034,12.4,-0.878337959404313));
#9897=CARTESIAN_POINT('Origin',(0.,4.2,2.77555756156289E-14));
#9898=CARTESIAN_POINT('Origin',(0.,4.2,2.77555756156289E-14));
#9899=CARTESIAN_POINT('Origin',(16.6471722012903,12.4,1.78262450817579));
#9900=CARTESIAN_POINT('',(16.3611603832025,4.2,7.50416090679845));
#9901=CARTESIAN_POINT('',(16.3611603832025,3.19999999999999,7.50416090679845));
#9902=CARTESIAN_POINT('',(16.3611603832025,4.19999999999999,7.50416090679847));
#9903=CARTESIAN_POINT('Origin',(16.6471722012903,4.2,1.7826245081758));
#9904=CARTESIAN_POINT('',(13.0775494695622,12.4,6.2632020461702));
#9905=CARTESIAN_POINT('',(13.0775494695622,12.4,6.2632020461702));
#9906=CARTESIAN_POINT('',(18.0690678584481,12.4,7.33203837461298));
#9907=CARTESIAN_POINT('Origin',(16.6471722012903,12.4,1.78262450817579));
#9908=CARTESIAN_POINT('',(18.069067858448,3.19999999999999,7.33203837461302));
#9909=CARTESIAN_POINT('',(18.0690678584481,12.4,7.33203837461298));
#9910=CARTESIAN_POINT('Origin',(16.6471722012903,3.19999999999999,1.7826245081758));
#9911=CARTESIAN_POINT('Origin',(16.6075393959848,12.4,2.30633807053758));
#9912=CARTESIAN_POINT('',(17.2453429580105,4.19999999999999,5.15733906783304));
#9913=CARTESIAN_POINT('Origin',(16.6075393959848,4.19999999999999,2.30633807053758));
#9914=CARTESIAN_POINT('',(17.2453429580105,3.19999999999999,5.15733906783301));
#9915=CARTESIAN_POINT('',(17.2453429580105,4.19999999999999,5.15733906783306));
#9916=CARTESIAN_POINT('Origin',(16.6075393959848,3.19999999999999,2.30633807053758));
#9917=CARTESIAN_POINT('Origin',(16.6075393959848,12.4,2.30633807053758));
#9918=CARTESIAN_POINT('Origin',(0.,4.2,2.77555756156289E-14));
#9919=CARTESIAN_POINT('Origin',(0.,4.2,2.77555756156289E-14));
#9920=CARTESIAN_POINT('Origin',(16.0089722063213,12.4,4.90090821519788));
#9921=CARTESIAN_POINT('',(14.6453211112919,4.20000000000001,10.4649209049637));
#9922=CARTESIAN_POINT('',(14.6453211112919,3.20000000000002,10.4649209049637));
#9923=CARTESIAN_POINT('',(14.6453211112919,4.20000000000001,10.4649209049637));
#9924=CARTESIAN_POINT('Origin',(16.0089722063213,4.2,4.90090821519787));
#9925=CARTESIAN_POINT('',(11.6559023331174,12.4,8.62496033618851));
#9926=CARTESIAN_POINT('',(11.6559023331174,12.4,8.62496033618851));
#9927=CARTESIAN_POINT('',(16.3549388769035,12.4,10.6191324661079));
#9928=CARTESIAN_POINT('Origin',(16.0089722063213,12.4,4.90090821519788));
#9929=CARTESIAN_POINT('',(16.3549388769035,3.19999999999999,10.6191324661079));
#9930=CARTESIAN_POINT('',(16.3549388769035,12.4,10.6191324661079));
#9931=CARTESIAN_POINT('Origin',(16.0089722063213,3.19999999999999,4.90090821519787));
#9932=CARTESIAN_POINT('Origin',(15.8709421740734,12.4,5.40765703350503));
#9933=CARTESIAN_POINT('',(15.9576643084319,4.19999999999999,8.32784184644487));
#9934=CARTESIAN_POINT('Origin',(15.8709421740733,4.19999999999999,5.40765703350501));
#9935=CARTESIAN_POINT('',(15.9576643084319,3.19999999999999,8.32784184644486));
#9936=CARTESIAN_POINT('',(15.9576643084318,4.19999999999999,8.32784184644487));
#9937=CARTESIAN_POINT('Origin',(15.8709421740733,3.19999999999999,5.40765703350501));
#9938=CARTESIAN_POINT('Origin',(15.8709421740734,12.4,5.40765703350503));
#9939=CARTESIAN_POINT('Origin',(0.,4.2,2.77555756156289E-14));
#9940=CARTESIAN_POINT('Origin',(0.,4.2,2.77555756156289E-14));
#9941=CARTESIAN_POINT('Origin',(14.7921662448456,12.4,7.84206033013088));
#9942=CARTESIAN_POINT('',(12.4001617764072,4.20000000000001,13.0474513955381));
#9943=CARTESIAN_POINT('',(12.4001617764072,3.20000000000001,13.0474513955381));
#9944=CARTESIAN_POINT('',(12.4001617764072,4.2,13.0474513955381));
#9945=CARTESIAN_POINT('Origin',(14.7921662448455,4.20000000000001,7.84206033013091));
#9946=CARTESIAN_POINT('',(9.81298051719645,12.4,10.674990087542));
#9947=CARTESIAN_POINT('',(9.81298051719645,12.4,10.674990087542));
#9948=CARTESIAN_POINT('',(14.04969979197,12.4,13.5224234423979));
#9949=CARTESIAN_POINT('Origin',(14.7921662448456,12.4,7.84206033013088));
#9950=CARTESIAN_POINT('',(14.0496997919701,3.20000000000002,13.5224234423979));
#9951=CARTESIAN_POINT('',(14.0496997919701,12.4,13.5224234423979));
#9952=CARTESIAN_POINT('Origin',(14.7921662448455,3.20000000000001,7.84206033013088));
#9953=CARTESIAN_POINT('Origin',(14.5607277506545,12.4,8.3135291817686));
#9954=CARTESIAN_POINT('',(14.0932340934577,4.20000000000001,11.1973547227459));
#9955=CARTESIAN_POINT('Origin',(14.5607277506544,4.2,8.31352918176863));
#9956=CARTESIAN_POINT('',(14.0932340934576,3.20000000000002,11.1973547227459));
#9957=CARTESIAN_POINT('',(14.0932340934577,4.20000000000001,11.1973547227459));
#9958=CARTESIAN_POINT('Origin',(14.5607277506544,3.20000000000001,8.3135291817686));
#9959=CARTESIAN_POINT('Origin',(14.5607277506545,12.4,8.3135291817686));
#9960=CARTESIAN_POINT('Origin',(0.,4.2,2.77555756156289E-14));
#9961=CARTESIAN_POINT('Origin',(0.,4.2,2.77555756156289E-14));
#9962=CARTESIAN_POINT('Origin',(13.0407328546678,12.4,10.4997799524441));
#9963=CARTESIAN_POINT('',(9.70682828661676,4.20000000000001,15.1584129978746));
#9964=CARTESIAN_POINT('',(9.70682828661681,3.20000000000001,15.1584129978746));
#9965=CARTESIAN_POINT('',(9.70682828661676,4.2,15.1584129978746));
#9966=CARTESIAN_POINT('Origin',(13.0407328546679,4.2,10.4997799524441));
#9967=CARTESIAN_POINT('',(7.6153920179127,12.4,12.3391978837163));
#9968=CARTESIAN_POINT('',(7.6153920179127,12.4,12.3391978837163));
#9969=CARTESIAN_POINT('',(11.2366679504191,12.4,15.936978803149));
#9970=CARTESIAN_POINT('Origin',(13.0407328546678,12.4,10.4997799524441));
#9971=CARTESIAN_POINT('',(11.2366679504191,3.20000000000001,15.936978803149));
#9972=CARTESIAN_POINT('',(11.2366679504191,12.4,15.936978803149));
#9973=CARTESIAN_POINT('Origin',(13.0407328546679,3.20000000000001,10.4997799524441));
#9974=CARTESIAN_POINT('Origin',(12.7242506887207,12.4,10.9189287247141));
#9975=CARTESIAN_POINT('',(11.7194376787827,4.2,13.6621660249438));
#9976=CARTESIAN_POINT('Origin',(12.7242506887207,4.2,10.9189287247141));
#9977=CARTESIAN_POINT('',(11.7194376787827,3.20000000000001,13.6621660249438));
#9978=CARTESIAN_POINT('',(11.7194376787827,4.2,13.6621660249438));
#9979=CARTESIAN_POINT('Origin',(12.7242506887207,3.20000000000001,10.9189287247141));
#9980=CARTESIAN_POINT('Origin',(12.7242506887207,12.4,10.9189287247141));
#9981=CARTESIAN_POINT('Origin',(0.,4.2,2.77555756156289E-14));
#9982=CARTESIAN_POINT('Origin',(0.,4.2,2.77555756156289E-14));
#9983=CARTESIAN_POINT('Origin',(10.8179734018244,12.4,12.7780101703661));
#9984=CARTESIAN_POINT('',(6.66266473165367,4.2,16.7215100596082));
#9985=CARTESIAN_POINT('',(6.66266473165367,3.20000000000001,16.7215100596082));
#9986=CARTESIAN_POINT('',(6.66266473165367,4.2,16.7215100596082));
#9987=CARTESIAN_POINT('Origin',(10.8179734018244,4.20000000000001,12.7780101703661));
#9988=CARTESIAN_POINT('',(5.14256340939112,12.4,13.5574349189067));
#9989=CARTESIAN_POINT('',(5.14256340939112,12.4,13.5574349189067));
#9990=CARTESIAN_POINT('',(8.01751365228723,12.4,17.7755302265611));
#9991=CARTESIAN_POINT('Origin',(10.8179734018244,12.4,12.7780101703661));
#9992=CARTESIAN_POINT('',(8.01751365228728,3.19999999999999,17.775530226561));
#9993=CARTESIAN_POINT('',(8.01751365228723,12.4,17.7755302265611));
#9994=CARTESIAN_POINT('Origin',(10.8179734018244,3.20000000000001,12.7780101703661));
#9995=CARTESIAN_POINT('Origin',(10.4278860541849,12.4,13.1296897345571));
#9996=CARTESIAN_POINT('',(8.92207025169947,4.2,15.6331910505737));
#9997=CARTESIAN_POINT('Origin',(10.4278860541849,4.2,13.1296897345571));
#9998=CARTESIAN_POINT('',(8.92207025169947,3.20000000000001,15.6331910505737));
#9999=CARTESIAN_POINT('',(8.92207025169947,4.2,15.6331910505737));
#10000=CARTESIAN_POINT('Origin',(10.4278860541849,3.20000000000001,13.1296897345571));
#10001=CARTESIAN_POINT('Origin',(10.4278860541849,12.4,13.1296897345571));
#10002=CARTESIAN_POINT('Origin',(0.,4.2,2.77555756156289E-14));
#10003=CARTESIAN_POINT('Origin',(0.,4.2,2.77555756156289E-14));
#10004=CARTESIAN_POINT('Origin',(8.20422420428432,12.4,14.5944098079503));
#10005=CARTESIAN_POINT('',(3.37769511388492,4.2,17.680248180318));
#10006=CARTESIAN_POINT('',(3.37769511388489,3.20000000000002,17.680248180318));
#10007=CARTESIAN_POINT('',(3.37769511388492,4.2,17.680248180318));
#10008=CARTESIAN_POINT('Origin',(8.20422420428432,4.20000000000001,14.5944098079503));
#10009=CARTESIAN_POINT('',(2.48386916043594,12.4,14.2856709325756));
#10010=CARTESIAN_POINT('',(2.48386916043594,12.4,14.2856709325756));
#10011=CARTESIAN_POINT('',(4.50858552133354,12.4,18.9716276738929));
#10012=CARTESIAN_POINT('Origin',(8.20422420428432,12.4,14.5944098079503));
#10013=CARTESIAN_POINT('',(4.5085855213336,3.20000000000002,18.9716276738929));
#10014=CARTESIAN_POINT('',(4.50858552133354,12.4,18.9716276738929));
#10015=CARTESIAN_POINT('Origin',(8.20422420428432,3.20000000000001,14.5944098079503));
#10016=CARTESIAN_POINT('Origin',(7.75463044805863,12.4,14.8659095483202));
#10017=CARTESIAN_POINT('',(5.80223595949245,4.2,17.039191819754));
#10018=CARTESIAN_POINT('Origin',(7.75463044805866,4.2,14.8659095483202));
#10019=CARTESIAN_POINT('',(5.80223595949245,3.20000000000001,17.0391918197539));
#10020=CARTESIAN_POINT('',(5.80223595949245,4.2,17.039191819754));
#10021=CARTESIAN_POINT('Origin',(7.75463044805866,3.20000000000001,14.8659095483202));
#10022=CARTESIAN_POINT('Origin',(7.75463044805863,12.4,14.8659095483202));
#10023=CARTESIAN_POINT('Origin',(0.,4.2,2.77555756156289E-14));
#10024=CARTESIAN_POINT('Origin',(0.,4.2,2.77555756156289E-14));
#10025=CARTESIAN_POINT('Origin',(5.29395296810367,12.4,15.8833294497113));
#10026=CARTESIAN_POINT('',(-0.0293532057984991,4.2,17.9999760663538));
#10027=CARTESIAN_POINT('',(-0.0293532057984991,3.2,17.9999760663538));
#10028=CARTESIAN_POINT('',(-0.0293532057984991,4.2,17.9999760663538));
#10029=CARTESIAN_POINT('Origin',(5.29395296810378,4.2,15.8833294497113));
#10030=CARTESIAN_POINT('',(-0.264598591635412,12.4,14.4975855777886));
#10031=CARTESIAN_POINT('',(-0.264598591635412,12.4,14.4975855777886));
#10032=CARTESIAN_POINT('',(0.836705362633944,12.4,19.4820410669965));
#10033=CARTESIAN_POINT('Origin',(5.29395296810367,12.4,15.8833294497113));
#10034=CARTESIAN_POINT('',(0.836705362633999,3.20000000000002,19.4820410669965));
#10035=CARTESIAN_POINT('',(0.836705362633944,12.4,19.4820410669965));
#10036=CARTESIAN_POINT('Origin',(5.29395296810378,3.20000000000001,15.8833294497113));
#10037=CARTESIAN_POINT('Origin',(4.80110229304709,12.4,16.0648366582575));
#10038=CARTESIAN_POINT('',(2.47269374213108,4.20000000000002,17.8293518013871));
#10039=CARTESIAN_POINT('Origin',(4.80110229304714,4.20000000000001,16.0648366582576));
#10040=CARTESIAN_POINT('',(2.47269374213108,3.20000000000003,17.8293518013871));
#10041=CARTESIAN_POINT('',(2.47269374213108,4.20000000000002,17.8293518013871));
#10042=CARTESIAN_POINT('Origin',(4.80110229304714,3.20000000000002,16.0648366582576));
#10043=CARTESIAN_POINT('Origin',(4.80110229304709,12.4,16.0648366582575));
#10044=CARTESIAN_POINT('Origin',(0.,4.2,2.77555756156289E-14));
#10045=CARTESIAN_POINT('Origin',(0.,4.2,2.77555756156289E-14));
#10046=CARTESIAN_POINT('Origin',(2.19234447839592,12.4,16.5981841815485));
#10047=CARTESIAN_POINT('',(-3.43534062414527,4.2,17.6691379188713));
#10048=CARTESIAN_POINT('',(-3.43534062414522,3.2,17.6691379188713));
#10049=CARTESIAN_POINT('',(-3.43534062414527,4.2,17.6691379188713));
#10050=CARTESIAN_POINT('Origin',(2.19234447839597,4.20000000000002,16.5981841815486));
#10051=CARTESIAN_POINT('',(-3.00350306120015,12.4,14.1855197071296));
#10052=CARTESIAN_POINT('',(-3.00350306120015,12.4,14.1855197071296));
#10053=CARTESIAN_POINT('',(-2.86541550788591,12.4,19.288322735976));
#10054=CARTESIAN_POINT('Origin',(2.19234447839592,12.4,16.5981841815485));
#10055=CARTESIAN_POINT('',(-2.86541550788586,3.2,19.288322735976));
#10056=CARTESIAN_POINT('',(-2.86541550788591,12.4,19.288322735976));
#10057=CARTESIAN_POINT('Origin',(2.19234447839597,3.20000000000003,16.5981841815486));
#10058=CARTESIAN_POINT('Origin',(1.67404979201469,12.4,16.6831387148418));
#10059=CARTESIAN_POINT('',(-0.946218069611621,4.2,17.9751125549951));
#10060=CARTESIAN_POINT('Origin',(1.6740497920148,4.2,16.6831387148418));
#10061=CARTESIAN_POINT('',(-0.946218069611621,3.2,17.975112554995));
#10062=CARTESIAN_POINT('',(-0.946218069611621,4.2,17.9751125549951));
#10063=CARTESIAN_POINT('Origin',(1.6740497920148,3.20000000000002,16.6831387148418));
#10064=CARTESIAN_POINT('Origin',(1.67404979201469,12.4,16.6831387148418));
#10065=CARTESIAN_POINT('Origin',(0.,4.2,2.77555756156289E-14));
#10066=CARTESIAN_POINT('Origin',(0.,4.2,2.77555756156289E-14));
#10067=CARTESIAN_POINT('Origin',(-0.988501052859025,12.4,16.7131372909176));
#10068=CARTESIAN_POINT('',(-6.7171658816427,4.2,16.6996910905111));
#10069=CARTESIAN_POINT('',(-6.7171658816427,3.20000000000001,16.6996910905111));
#10070=CARTESIAN_POINT('',(-6.71716588164273,4.2,16.6996910905111));
#10071=CARTESIAN_POINT('Origin',(-0.98850105285897,4.2,16.7131372909176));
#10072=CARTESIAN_POINT('',(-5.63385310458223,12.4,13.3607521942437));
#10073=CARTESIAN_POINT('',(-5.6338531045822,12.4,13.3607521942438));
#10074=CARTESIAN_POINT('',(-6.46397279618338,12.4,18.3974741660425));
#10075=CARTESIAN_POINT('Origin',(-0.988501052859025,12.4,16.7131372909176));
#10076=CARTESIAN_POINT('',(-6.46397279618335,3.20000000000002,18.3974741660425));
#10077=CARTESIAN_POINT('',(-6.46397279618338,12.4,18.3974741660425));
#10078=CARTESIAN_POINT('Origin',(-0.98850105285897,3.2,16.7131372909176));
#10079=CARTESIAN_POINT('Origin',(-1.51350723019528,12.4,16.6984686707777));
#10080=CARTESIAN_POINT('',(-4.3309310949714,4.2,17.4712059071665));
#10081=CARTESIAN_POINT('Origin',(-1.51350723019517,4.2,16.6984686707777));
#10082=CARTESIAN_POINT('',(-4.3309310949714,3.2,17.4712059071664));
#10083=CARTESIAN_POINT('',(-4.3309310949714,4.2,17.4712059071665));
#10084=CARTESIAN_POINT('Origin',(-1.51350723019517,3.2,16.6984686707777));
#10085=CARTESIAN_POINT('Origin',(-1.51350723019528,12.4,16.6984686707777));
#10086=CARTESIAN_POINT('Origin',(0.,4.2,2.77555756156289E-14));
#10087=CARTESIAN_POINT('Origin',(0.,4.2,2.77555756156289E-14));
#10088=CARTESIAN_POINT('Origin',(-4.1336195805492,12.4,16.2240340729383));
#10089=CARTESIAN_POINT('',(-9.75621526277262,4.2,15.126673915519));
#10090=CARTESIAN_POINT('',(-9.75621526277262,3.2,15.126673915519));
#10091=CARTESIAN_POINT('',(-9.75621526277262,4.2,15.126673915519));
#10092=CARTESIAN_POINT('Origin',(-4.13361958054914,4.2,16.2240340729383));
#10093=CARTESIAN_POINT('',(-8.06058101790361,12.4,12.0530922859577));
#10094=CARTESIAN_POINT('',(-8.06058101790361,12.4,12.0530922859577));
#10095=CARTESIAN_POINT('',(-9.82890526590999,12.4,16.8416929455969));
#10096=CARTESIAN_POINT('Origin',(-4.1336195805492,12.4,16.2240340729383));
#10097=CARTESIAN_POINT('',(-9.82890526590993,3.2,16.8416929455969));
#10098=CARTESIAN_POINT('',(-9.82890526590999,12.4,16.8416929455969));
#10099=CARTESIAN_POINT('Origin',(-4.13361958054914,3.2,16.2240340729383));
#10100=CARTESIAN_POINT('Origin',(-4.64636215770131,12.4,16.110272461516));
#10101=CARTESIAN_POINT('',(-7.55911298642806,4.2,16.33584435707));
#10102=CARTESIAN_POINT('Origin',(-4.64636215770126,4.2,16.110272461516));
#10103=CARTESIAN_POINT('',(-7.559112986428,3.2,16.33584435707));
#10104=CARTESIAN_POINT('',(-7.55911298642806,4.2,16.33584435707));
#10105=CARTESIAN_POINT('Origin',(-4.64636215770126,3.2,16.110272461516));
#10106=CARTESIAN_POINT('Origin',(-4.64636215770131,12.4,16.110272461516));
#10107=CARTESIAN_POINT('Origin',(0.,4.2,2.77555756156289E-14));
#10108=CARTESIAN_POINT('Origin',(0.,4.2,2.77555756156289E-14));
#10109=CARTESIAN_POINT('Origin',(-7.12933832655757,12.4,15.1485519922546));
#10110=CARTESIAN_POINT('',(-12.442649604735,4.2,13.0069393330556));
#10111=CARTESIAN_POINT('',(-12.442649604735,3.2,13.0069393330556));
#10112=CARTESIAN_POINT('',(-12.442649604735,4.2,13.0069393330556));
#10113=CARTESIAN_POINT('Origin',(-7.12933832655746,4.2,15.1485519922546));
#10114=CARTESIAN_POINT('Origin',(-7.12933832655757,12.4,15.1485519922546));
#10115=CARTESIAN_POINT('Origin',(-7.12933832655746,3.2,15.1485519922546));
#10116=CARTESIAN_POINT('Origin',(-7.61128545084958,12.4,14.9398090305895));
#10117=CARTESIAN_POINT('',(-10.5140888394785,4.2,14.6100628292816));
#10118=CARTESIAN_POINT('Origin',(-7.61128545084952,4.2,14.9398090305896));
#10119=CARTESIAN_POINT('',(-10.5140888394784,3.2,14.6100628292816));
#10120=CARTESIAN_POINT('',(-10.5140888394785,4.2,14.6100628292816));
#10121=CARTESIAN_POINT('Origin',(-7.61128545084952,3.2,14.9398090305896));
#10122=CARTESIAN_POINT('Origin',(-7.61128545084958,12.4,14.9398090305895));
#10123=CARTESIAN_POINT('Origin',(0.,4.2,2.77555756156289E-14));
#10124=CARTESIAN_POINT('Origin',(0.,4.2,2.77555756156289E-14));
#10125=CARTESIAN_POINT('Origin',(-9.86738421013428,12.4,13.5255617734036));
#10126=CARTESIAN_POINT('',(-14.6793741709749,4.20000000000002,10.4171000738457));
#10127=CARTESIAN_POINT('',(-14.6793741709749,3.20000000000002,10.4171000738457));
#10128=CARTESIAN_POINT('',(-14.679374170975,4.20000000000002,10.4171000738457));
#10129=CARTESIAN_POINT('Origin',(-9.86738421013428,4.2,13.5255617734036));
#10130=CARTESIAN_POINT('Origin',(-9.86738421013428,12.4,13.5255617734036));
#10131=CARTESIAN_POINT('Origin',(-9.86738421013425,3.2,13.5255617734036));
#10132=CARTESIAN_POINT('Origin',(0.,4.2,2.77555756156289E-14));
#10133=CARTESIAN_POINT('Origin',(0.,4.2,2.77555756156289E-14));
#10134=CARTESIAN_POINT('Origin',(-12.248797119138,12.4,11.4137225115543));
#10135=CARTESIAN_POINT('',(-16.3855479079394,4.2,7.45075967647746));
#10136=CARTESIAN_POINT('',(-16.3855479079394,3.2,7.45075967647746));
#10137=CARTESIAN_POINT('',(-16.3855479079394,4.2,7.45075967647743));
#10138=CARTESIAN_POINT('Origin',(-12.248797119138,4.2,11.4137225115543));
#10139=CARTESIAN_POINT('Origin',(-12.248797119138,12.4,11.4137225115543));
#10140=CARTESIAN_POINT('Origin',(-12.248797119138,3.2,11.4137225115543));
#10141=CARTESIAN_POINT('Origin',(0.,4.2,2.77555756156289E-14));
#10142=CARTESIAN_POINT('Origin',(0.,4.2,2.77555756156289E-14));
#10143=CARTESIAN_POINT('Origin',(0.,4.2,2.77555756156289E-14));
#10144=CARTESIAN_POINT('Origin',(0.,4.2,2.77555756156289E-14));
#10145=CARTESIAN_POINT('Origin',(0.,4.2,2.77555756156289E-14));
#10146=CARTESIAN_POINT('Origin',(0.,4.2,2.77555756156289E-14));
#10147=CARTESIAN_POINT('Origin',(0.,4.2,2.77555756156289E-14));
#10148=CARTESIAN_POINT('Origin',(0.,4.2,2.77555756156289E-14));
#10149=CARTESIAN_POINT('Origin',(0.,4.2,2.77555756156289E-14));
#10150=CARTESIAN_POINT('Origin',(0.,4.2,2.77555756156289E-14));
#10151=CARTESIAN_POINT('Origin',(0.,4.2,2.77555756156289E-14));
#10152=CARTESIAN_POINT('Origin',(0.,4.2,2.77555756156289E-14));
#10153=CARTESIAN_POINT('Origin',(-15.4706213971121,12.4,-6.4004660786369));
#10154=CARTESIAN_POINT('',(-13.5842519886409,4.19999999999998,-11.8096612105981));
#10155=CARTESIAN_POINT('',(-13.5842519886409,3.19999999999998,-11.8096612105982));
#10156=CARTESIAN_POINT('',(-13.5842519886409,4.19999999999998,-11.8096612105981));
#10157=CARTESIAN_POINT('Origin',(-15.470621397112,4.2,-6.40046607863687));
#10158=CARTESIAN_POINT('Origin',(-15.4706213971121,12.4,-6.4004660786369));
#10159=CARTESIAN_POINT('Origin',(-15.470621397112,3.20000000000002,-6.4004660786369));
#10160=CARTESIAN_POINT('Origin',(0.,4.2,2.77555756156289E-14));
#10161=CARTESIAN_POINT('Origin',(0.,4.2,2.77555756156289E-14));
#10162=CARTESIAN_POINT('Origin',(-13.9797509444422,12.4,-9.2126356689023));
#10163=CARTESIAN_POINT('',(-11.1037737789139,4.19999999999999,-14.1670818401922));
#10164=CARTESIAN_POINT('',(-11.1037737789139,3.19999999999999,-14.1670818401923));
#10165=CARTESIAN_POINT('',(-11.1037737789139,4.19999999999999,-14.1670818401922));
#10166=CARTESIAN_POINT('Origin',(-13.9797509444421,4.2,-9.21263566890229));
#10167=CARTESIAN_POINT('Origin',(-13.9797509444422,12.4,-9.2126356689023));
#10168=CARTESIAN_POINT('Origin',(-13.9797509444421,3.19999999999999,-9.2126356689023));
#10169=CARTESIAN_POINT('Origin',(0.,4.2,2.77555756156289E-14));
#10170=CARTESIAN_POINT('Origin',(0.,4.2,2.77555756156289E-14));
#10171=CARTESIAN_POINT('Origin',(-11.9836158687543,12.4,-11.6918366028055));
#10172=CARTESIAN_POINT('',(-8.22197625421656,4.19999999999999,-16.0124672201101));
#10173=CARTESIAN_POINT('',(-8.22197625421656,3.19999999999999,-16.0124672201101));
#10174=CARTESIAN_POINT('',(-8.22197625421656,4.19999999999999,-16.0124672201101));
#10175=CARTESIAN_POINT('Origin',(-11.9836158687543,4.19999999999999,-11.6918366028055));
#10176=CARTESIAN_POINT('Origin',(-11.9836158687543,12.4,-11.6918366028055));
#10177=CARTESIAN_POINT('Origin',(-11.9836158687543,3.19999999999999,-11.6918366028055));
#10178=CARTESIAN_POINT('Origin',(0.,4.2,2.77555756156289E-14));
#10179=CARTESIAN_POINT('Origin',(0.,4.2,2.77555756156289E-14));
#10180=CARTESIAN_POINT('Origin',(-9.5543616925631,12.4,-13.7484640991001));
#10181=CARTESIAN_POINT('',(-5.0430150855417,4.2,-17.2791203146167));
#10182=CARTESIAN_POINT('',(-5.0430150855417,3.2,-17.2791203146167));
#10183=CARTESIAN_POINT('',(-5.0430150855417,4.2,-17.2791203146167));
#10184=CARTESIAN_POINT('Origin',(-9.5543616925631,4.19999999999999,-13.7484640991001));
#10185=CARTESIAN_POINT('',(-3.83056136335538,12.4,-13.9848775340212));
#10186=CARTESIAN_POINT('',(-3.83056136335538,12.4,-13.9848775340212));
#10187=CARTESIAN_POINT('',(-6.29153815872741,12.4,-18.4571543743145));
#10188=CARTESIAN_POINT('Origin',(-9.5543616925631,12.4,-13.7484640991001));
#10189=CARTESIAN_POINT('',(-6.29153815872749,3.19999999999999,-18.4571543743145));
#10190=CARTESIAN_POINT('',(-6.29153815872741,12.4,-18.4571543743145));
#10191=CARTESIAN_POINT('Origin',(-9.5543616925631,3.19999999999999,-13.7484640991001));
#10192=CARTESIAN_POINT('Origin',(0.,4.2,2.77555756156289E-14));
#10193=CARTESIAN_POINT('Origin',(0.,4.2,2.77555756156289E-14));
#10194=CARTESIAN_POINT('Origin',(-6.30642233919157,12.4,-15.5357200465426));
#10195=CARTESIAN_POINT('Origin',(-6.30642233919157,4.2,-15.5357200465425));
#10196=CARTESIAN_POINT('Origin',(-6.30642233919157,3.19999999999999,-15.5357200465426));
#10197=CARTESIAN_POINT('Origin',(-6.30642233919157,12.4,-15.5357200465426));
#10198=CARTESIAN_POINT('Origin',(-6.77978799115606,12.4,-15.3081862815795));
#10199=CARTESIAN_POINT('Origin',(-6.77978799115606,4.19999999999999,-15.3081862815795));
#10200=CARTESIAN_POINT('Origin',(-6.77978799115606,12.4,-15.3081862815795));
#10201=CARTESIAN_POINT('Origin',(-6.77978799115606,3.19999999999999,-15.3081862815795));
#10202=CARTESIAN_POINT('Origin',(-5.01604535611183,12.4,-15.8783269515367));
#10203=CARTESIAN_POINT('Origin',(0.,3.2,0.));
#10204=CARTESIAN_POINT('Origin',(0.,3.2,0.));
#10205=CARTESIAN_POINT('Origin',(0.,3.2,0.));
#10206=CARTESIAN_POINT('Origin',(0.,3.2,0.));
#10207=CARTESIAN_POINT('Origin',(0.,3.2,0.));
#10208=CARTESIAN_POINT('Origin',(0.,3.2,0.));
#10209=CARTESIAN_POINT('Origin',(0.,3.2,0.));
#10210=CARTESIAN_POINT('Origin',(0.,3.2,0.));
#10211=CARTESIAN_POINT('Origin',(0.,3.2,0.));
#10212=CARTESIAN_POINT('Origin',(0.,3.2,0.));
#10213=CARTESIAN_POINT('Origin',(0.,3.2,0.));
#10214=CARTESIAN_POINT('Origin',(0.,3.2,0.));
#10215=CARTESIAN_POINT('Origin',(0.,3.2,0.));
#10216=CARTESIAN_POINT('Origin',(0.,3.2,0.));
#10217=CARTESIAN_POINT('Origin',(0.,3.2,0.));
#10218=CARTESIAN_POINT('Origin',(0.,3.2,0.));
#10219=CARTESIAN_POINT('Origin',(0.,3.2,0.));
#10220=CARTESIAN_POINT('Origin',(0.,3.2,0.));
#10221=CARTESIAN_POINT('Origin',(0.,3.2,0.));
#10222=CARTESIAN_POINT('Origin',(0.,3.2,0.));
#10223=CARTESIAN_POINT('Origin',(0.,3.2,0.));
#10224=CARTESIAN_POINT('Origin',(0.,3.2,0.));
#10225=CARTESIAN_POINT('Origin',(0.,3.2,0.));
#10226=CARTESIAN_POINT('Origin',(0.,3.2,0.));
#10227=CARTESIAN_POINT('Origin',(0.,3.2,0.));
#10228=CARTESIAN_POINT('Origin',(0.,3.2,0.));
#10229=CARTESIAN_POINT('Origin',(0.,3.2,0.));
#10230=CARTESIAN_POINT('Origin',(0.,3.2,0.));
#10231=CARTESIAN_POINT('Origin',(0.,3.2,0.));
#10232=CARTESIAN_POINT('Origin',(0.,3.2,0.));
#10233=CARTESIAN_POINT('Origin',(0.,3.2,0.));
#10234=CARTESIAN_POINT('Origin',(0.,3.2,0.));
#10235=CARTESIAN_POINT('Origin',(0.,3.2,0.));
#10236=CARTESIAN_POINT('Origin',(0.,4.2,2.77555756156289E-14));
#10237=CARTESIAN_POINT('Origin',(-1.92040574799804,12.4,-16.5406777236462));
#10238=CARTESIAN_POINT('Origin',(1.244642327417,12.4,-16.6052053065077));
#10239=CARTESIAN_POINT('Origin',(0.,4.2,2.77555756156289E-14));
#10240=CARTESIAN_POINT('Origin',(4.36470578623532,12.4,-16.0695775051516));
#10241=CARTESIAN_POINT('Origin',(0.,4.2,2.77555756156289E-14));
#10242=CARTESIAN_POINT('Origin',(7.32701740580902,12.4,-14.9531533038835));
#10243=CARTESIAN_POINT('Origin',(0.,4.2,2.77555756156289E-14));
#10244=CARTESIAN_POINT('Origin',(10.0245115259791,12.4,-13.296283182152));
#10245=CARTESIAN_POINT('Origin',(0.,4.2,2.77555756156289E-14));
#10246=CARTESIAN_POINT('Origin',(12.3596936809904,12.4,-11.1588507430897));
#10247=CARTESIAN_POINT('Origin',(0.,4.2,2.77555756156289E-14));
#10248=CARTESIAN_POINT('Origin',(14.2481643035028,12.4,-8.61810836407014));
#10249=CARTESIAN_POINT('Origin',(0.,4.2,2.77555756156289E-14));
#10250=CARTESIAN_POINT('Origin',(15.6216691448566,12.4,-5.76588509451073));
#10251=CARTESIAN_POINT('Origin',(0.,4.2,2.77555756156289E-14));
#10252=CARTESIAN_POINT('Origin',(16.4305661614534,12.4,-2.70526771476863));
#10253=CARTESIAN_POINT('Origin',(0.,4.2,2.77555756156289E-14));
#10254=CARTESIAN_POINT('Origin',(16.6456197075527,12.4,0.453125088691511));
#10255=CARTESIAN_POINT('Origin',(0.,4.2,2.77555756156289E-14));
#10256=CARTESIAN_POINT('Origin',(16.2590571876819,12.4,3.59514077084042));
#10257=CARTESIAN_POINT('Origin',(0.,4.2,2.77555756156289E-14));
#10258=CARTESIAN_POINT('Origin',(15.2848499784879,12.4,6.60721869848324));
#10259=CARTESIAN_POINT('Origin',(0.,4.2,2.77555756156289E-14));
#10260=CARTESIAN_POINT('Origin',(13.7582084667832,12.4,9.38049452742248));
#10261=CARTESIAN_POINT('Origin',(0.,4.2,2.77555756156289E-14));
#10262=CARTESIAN_POINT('Origin',(11.7343094544264,12.4,11.8147348435005));
#10263=CARTESIAN_POINT('Origin',(0.,4.2,2.77555756156289E-14));
#10264=CARTESIAN_POINT('Origin',(9.28630192494159,12.4,13.8219598593431));
#10265=CARTESIAN_POINT('Origin',(0.,4.2,2.77555756156289E-14));
#10266=CARTESIAN_POINT('Origin',(6.50266324866566,12.4,15.3296232331039));
#10267=CARTESIAN_POINT('Origin',(0.,4.2,2.77555756156289E-14));
#10268=CARTESIAN_POINT('Origin',(3.48400138005922,12.4,16.2832340822766));
#10269=CARTESIAN_POINT('Origin',(0.,4.2,2.77555756156289E-14));
#10270=CARTESIAN_POINT('Origin',(0.339418624100335,12.4,16.6483264261632));
#10271=CARTESIAN_POINT('Origin',(0.,4.2,2.77555756156289E-14));
#10272=CARTESIAN_POINT('Origin',(-2.8174316052802,12.4,16.4117048762168));
#10273=CARTESIAN_POINT('Origin',(0.,4.2,2.77555756156289E-14));
#10274=CARTESIAN_POINT('Origin',(-5.87245251569934,12.4,15.5819215517639));
#10275=CARTESIAN_POINT('Origin',(0.,4.2,2.77555756156289E-14));
#10276=CARTESIAN_POINT('Origin',(-8.71522769167541,12.4,14.1889669841297));
#10277=CARTESIAN_POINT('Origin',(0.,4.2,2.77555756156289E-14));
#10278=CARTESIAN_POINT('Origin',(-11.24301183157,12.4,12.2831861806962));
#10279=CARTESIAN_POINT('Origin',(0.,4.2,2.77555756156289E-14));
#10280=CARTESIAN_POINT('Origin',(-13.3644442304901,12.4,9.93345902516284));
#10281=CARTESIAN_POINT('Origin',(0.,4.2,2.77555756156289E-14));
#10282=CARTESIAN_POINT('Origin',(0.,4.2,2.77555756156289E-14));
#10283=CARTESIAN_POINT('Origin',(-16.0990152406619,12.4,4.25484266165083));
#10284=CARTESIAN_POINT('Origin',(-15.0028507942004,12.4,7.22471077908513));
#10285=CARTESIAN_POINT('Origin',(0.,4.2,2.77555756156289E-14));
#10286=CARTESIAN_POINT('Origin',(-16.6133193307508,12.4,1.13119344454013));
#10287=CARTESIAN_POINT('Origin',(0.,4.2,2.77555756156289E-14));
#10288=CARTESIAN_POINT('Origin',(-16.5271747746451,12.4,-2.03334005095206));
#10289=CARTESIAN_POINT('Origin',(0.,4.2,2.77555756156289E-14));
#10290=CARTESIAN_POINT('Origin',(-15.8436950610498,12.4,-5.12438333918699));
#10291=CARTESIAN_POINT('Origin',(0.,4.2,2.77555756156289E-14));
#10292=CARTESIAN_POINT('Origin',(-14.5875829276033,12.4,-8.03021806209313));
#10293=CARTESIAN_POINT('Origin',(0.,4.2,2.77555756156289E-14));
#10294=CARTESIAN_POINT('Origin',(-12.8042375395766,12.4,-10.6458197817061));
#10295=CARTESIAN_POINT('Origin',(0.,4.2,2.77555756156289E-14));
#10296=CARTESIAN_POINT('Origin',(-10.5581136457542,12.4,-12.8766538369954));
#10297=CARTESIAN_POINT('Origin',(0.,4.2,2.77555756156289E-14));
#10298=CARTESIAN_POINT('Origin',(-7.93039201587739,12.4,-14.6420920728214));
#10299=CARTESIAN_POINT('Origin',(0.,4.2,2.77555756156289E-14));
#10300=CARTESIAN_POINT('Origin',(0.,4.2,2.77555756156289E-14));
#10301=CARTESIAN_POINT('Origin',(0.,4.4,0.));
#10302=CARTESIAN_POINT('Origin',(0.,12.9,2.77555756156289E-14));
#10303=CARTESIAN_POINT('Origin',(0.,0.699999999999999,2.77555756156289E-14));
#10304=CARTESIAN_POINT('',(15.514213562373,0.699999999999992,2.60000000000002));
#10305=CARTESIAN_POINT('',(15.5142135623731,0.699999999999992,-2.59999999999999));
#10306=CARTESIAN_POINT('',(15.5142135623731,0.699999999999992,1.38777878078145E-14));
#10307=CARTESIAN_POINT('',(11.014213562373,0.699999999999978,2.60000000000002));
#10308=CARTESIAN_POINT('',(-1.11022302462516E-13,0.699999999999999,2.60000000000002));
#10309=CARTESIAN_POINT('',(11.0142135623731,0.699999999999978,-2.59999999999998));
#10310=CARTESIAN_POINT('',(11.0142135623731,0.699999999999978,1.38777878078145E-14));
#10311=CARTESIAN_POINT('',(0.,0.699999999999985,-2.59999999999998));
#10312=CARTESIAN_POINT('Origin',(15.5142135623731,0.699999999999992,-2.59999999999999));
#10313=CARTESIAN_POINT('',(11.0142135623731,1.19999999999998,-2.59999999999998));
#10314=CARTESIAN_POINT('',(11.0142135623731,0.699999999999978,-2.59999999999998));
#10315=CARTESIAN_POINT('',(15.5142135623731,1.19999999999999,-2.60000000000002));
#10316=CARTESIAN_POINT('',(15.5142135623731,1.19999999999999,-2.60000000000002));
#10317=CARTESIAN_POINT('',(15.5142135623731,0.699999999999992,-2.59999999999999));
#10318=CARTESIAN_POINT('Origin',(15.514213562373,0.699999999999992,2.60000000000002));
#10319=CARTESIAN_POINT('',(15.514213562373,1.19999999999999,2.59999999999999));
#10320=CARTESIAN_POINT('',(15.514213562373,1.19999999999999,2.59999999999999));
#10321=CARTESIAN_POINT('',(15.514213562373,0.699999999999992,2.60000000000002));
#10322=CARTESIAN_POINT('Origin',(11.014213562373,0.699999999999978,2.60000000000002));
#10323=CARTESIAN_POINT('',(11.014213562373,1.19999999999998,2.60000000000002));
#10324=CARTESIAN_POINT('',(11.014213562373,1.19999999999998,2.60000000000002));
#10325=CARTESIAN_POINT('',(11.014213562373,0.699999999999978,2.60000000000002));
#10326=CARTESIAN_POINT('Origin',(11.0142135623731,0.699999999999978,-2.59999999999998));
#10327=CARTESIAN_POINT('',(11.0142135623731,1.19999999999998,-2.59999999999998));
#10328=CARTESIAN_POINT('Origin',(0.,1.2,0.));
#10329=CARTESIAN_POINT('Origin',(-22.9999999999997,14.9998690806237,-19.9999999999997));
#10330=CARTESIAN_POINT('',(-23.0000000000143,14.9998690806237,-22.6499999999997));
#10331=CARTESIAN_POINT('Origin',(-22.9999999999997,14.9998690806237,-19.9999999999997));
#10332=CARTESIAN_POINT('',(-23.,14.9998690806237,-22.25));
#10333=CARTESIAN_POINT('Origin',(-23.,14.9998690806237,-20.));
#10334=CARTESIAN_POINT('Ctrl Pts',(-26.5000000942893,0.899999999999962,
3.06018034338353));
#10335=CARTESIAN_POINT('Ctrl Pts',(-26.500000094487,0.899999999999962,2.96647067691752));
#10336=CARTESIAN_POINT('Ctrl Pts',(-26.4064878527073,0.899999999999961,
2.96039102014293));
#10337=CARTESIAN_POINT('Ctrl Pts',(-26.3129756109275,0.899999999999961,
2.95431136336834));
#10338=CARTESIAN_POINT('Ctrl Pts',(-26.3008419144479,0.899999999999961,
3.04723216297161));
#10339=CARTESIAN_POINT('Ctrl Pts',(-27.1194225757398,1.20000000000001,3.0601803446909));
#10340=CARTESIAN_POINT('Ctrl Pts',(-27.1194225771627,1.20000000000001,2.38601193684158));
#10341=CARTESIAN_POINT('Ctrl Pts',(-26.4466744868903,1.20000000000001,2.34227351921012));
#10342=CARTESIAN_POINT('Ctrl Pts',(-25.7739263966179,1.2,2.29853510157866));
#10343=CARTESIAN_POINT('Ctrl Pts',(-25.6866338563122,1.2,2.96702822386869));
#10344=CARTESIAN_POINT('Ctrl Pts',(-27.8076697773516,1.2,3.06018034614352));
#10345=CARTESIAN_POINT('Ctrl Pts',(-27.8076697801357,1.2,1.74105778120164));
#10346=CARTESIAN_POINT('Ctrl Pts',(-26.4913263026492,1.19999999999999,1.65547629595144));
#10347=CARTESIAN_POINT('Ctrl Pts',(-25.1749828251628,1.19999999999998,1.56989481070124));
#10348=CARTESIAN_POINT('Ctrl Pts',(-25.0041804583838,1.19999999999998,2.87791273597656));
#10349=CARTESIAN_POINT('',(-25.0041804583839,1.20000000000002,2.87791273597598));
#10350=CARTESIAN_POINT('',(-26.5000001002157,1.2,1.65606712287038));
#10351=CARTESIAN_POINT('Origin',(-26.4000000942893,1.20000000000004,3.06018034317249));
#10352=CARTESIAN_POINT('',(-26.5000000803649,0.900000000000007,3.06018034338353));
#10353=CARTESIAN_POINT('Ctrl Pts',(-26.5000001002157,1.19999999999999,1.65606712287041));
#10354=CARTESIAN_POINT('Ctrl Pts',(-26.5000000993175,1.19999999999999,1.86888041570116));
#10355=CARTESIAN_POINT('Ctrl Pts',(-26.5000000982465,1.17120626500481,2.12262792283551));
#10356=CARTESIAN_POINT('Ctrl Pts',(-26.5000000969286,1.10023445773906,2.43487571328227));
#10357=CARTESIAN_POINT('Ctrl Pts',(-26.5000000964058,1.0646787220401,2.55875235554412));
#10358=CARTESIAN_POINT('Ctrl Pts',(-26.5000000956494,1.00351967041306,2.73795867237093));
#10359=CARTESIAN_POINT('Ctrl Pts',(-26.5000000952629,0.967649619856705,
2.82953163685636));
#10360=CARTESIAN_POINT('Ctrl Pts',(-26.5000000947402,0.921234861179622,
2.95337693721579));
#10361=CARTESIAN_POINT('Ctrl Pts',(-26.5000000945017,0.900000000000019,
3.00987947237773));
#10362=CARTESIAN_POINT('Ctrl Pts',(-26.5000000942894,0.900000000000019,
3.06018034359454));
#10363=CARTESIAN_POINT('',(-26.3008419144479,0.899999999999998,3.04723216297161));
#10364=CARTESIAN_POINT('Origin',(-26.4000000942893,0.899999999999998,3.0601803431725));
#10365=CARTESIAN_POINT('Origin',(-25.0041804583839,-1.8,2.87791273597597));
#10366=CARTESIAN_POINT('Origin',(0.,8.,0.));
#10367=CARTESIAN_POINT('',(-4.63166819818069E-17,1.2,2.5));
#10368=CARTESIAN_POINT('Origin',(0.,1.2,0.));
#10369=CARTESIAN_POINT('',(4.52824962968602E-16,-0.699999999999998,2.5));
#10370=CARTESIAN_POINT('',(-1.83271835864643E-15,8.,2.5));
#10371=CARTESIAN_POINT('Origin',(-5.55111512312578E-14,-0.699999999999998,
0.));
#10372=CARTESIAN_POINT('Origin',(0.684887777715915,0.499999999999988,-0.684887777715887));
#10373=CARTESIAN_POINT('',(0.499999999999973,0.499999999999988,-22.561022344482));
#10374=CARTESIAN_POINT('',(15.7966091514714,0.499999999999974,-16.503715932658));
#10375=CARTESIAN_POINT('Origin',(0.684887777715915,0.499999999999988,-0.684887777715887));
#10376=CARTESIAN_POINT('',(0.499999999999973,-0.699999999999994,-22.561022344482));
#10377=CARTESIAN_POINT('',(0.499999999999973,0.499999999999988,-22.561022344482));
#10378=CARTESIAN_POINT('',(15.7966091514714,-0.700000000000001,-16.503715932658));
#10379=CARTESIAN_POINT('Origin',(0.684887777715942,-0.699999999999991,-0.684887777715887));
#10380=CARTESIAN_POINT('',(15.7966091514714,0.499999999999974,-16.5037159326579));
#10381=CARTESIAN_POINT('Origin',(1.73193277310923,6.99999999999999,-2.77555756156289E-14));
#10382=CARTESIAN_POINT('',(14.1519761168165,-0.699999999999984,18.2412202023604));
#10383=CARTESIAN_POINT('',(-4.8990433294927,-0.699999999999991,21.0482718306585));
#10384=CARTESIAN_POINT('Origin',(1.73193277310918,-0.700000000000001,0.));
#10385=CARTESIAN_POINT('',(14.1519761168165,15.,18.2412202023604));
#10386=CARTESIAN_POINT('',(14.1519761168165,7.,18.2412202023604));
#10387=CARTESIAN_POINT('',(-4.89904332949273,15.,21.0482718306585));
#10388=CARTESIAN_POINT('Origin',(1.73193277310923,15.,1.38777878078145E-14));
#10389=CARTESIAN_POINT('',(-4.8990433294927,7.00000000000001,21.0482718306585));
#10390=CARTESIAN_POINT('Origin',(20.,6.99999999999999,18.));
#10391=CARTESIAN_POINT('',(22.1852527283566,-0.699999999999984,15.5272140179122));
#10392=CARTESIAN_POINT('',(17.8147472716434,-0.699999999999998,20.4727859820878));
#10393=CARTESIAN_POINT('Origin',(19.9999999999999,-0.699999999999991,18.));
#10394=CARTESIAN_POINT('',(22.1852527283566,15.,15.5272140179122));
#10395=CARTESIAN_POINT('',(22.1852527283566,7.,15.5272140179122));
#10396=CARTESIAN_POINT('',(17.8147472716433,15.,20.4727859820878));
#10397=CARTESIAN_POINT('Origin',(19.9999999999999,15.,18.));
#10398=CARTESIAN_POINT('',(17.8147472716433,6.99999999999999,20.4727859820877));
#10399=CARTESIAN_POINT('Origin',(-23.,6.99999999999998,-20.));
#10400=CARTESIAN_POINT('',(-23.,-0.700000000000016,-22.25));
#10401=CARTESIAN_POINT('Origin',(-23.,-0.700000000000015,-20.0000000000001));
#10402=CARTESIAN_POINT('',(-23.,6.99999999999998,-22.25));
#10403=CARTESIAN_POINT('Origin',(20.,6.99999999999999,18.));
#10404=CARTESIAN_POINT('',(20.,-0.699999999999992,15.75));
#10405=CARTESIAN_POINT('Origin',(19.9999999999999,-0.699999999999991,18.));
#10406=CARTESIAN_POINT('',(20.,15.,15.75));
#10407=CARTESIAN_POINT('',(20.,6.99999999999999,15.75));
#10408=CARTESIAN_POINT('Origin',(19.9999999999999,15.,18.));
#10409=CARTESIAN_POINT('Origin',(0.,7.,0.));
#10410=CARTESIAN_POINT('',(6.02412606140099E-15,13.8,-16.));
#10411=CARTESIAN_POINT('Origin',(0.,13.8,0.));
#10412=CARTESIAN_POINT('',(5.70887870669547E-15,15.,-16.));
#10413=CARTESIAN_POINT('',(7.81052773806561E-15,7.,-16.));
#10414=CARTESIAN_POINT('Origin',(0.,15.,0.));
#10415=CARTESIAN_POINT('Origin',(-17.936707580694,6.99999999999999,-21.2639292073328));
#10416=CARTESIAN_POINT('',(-18.5989053771658,-0.699999999999998,-20.5146001218517));
#10417=CARTESIAN_POINT('',(-17.3330789029862,-0.700000000000001,-20.4666636183045));
#10418=CARTESIAN_POINT('Origin',(-17.9367075806941,-0.700000000000001,-21.2639292073329));
#10419=CARTESIAN_POINT('',(-18.5989053771657,15.,-20.5146001218517));
#10420=CARTESIAN_POINT('',(-18.5989053771658,6.99999999999999,-20.5146001218517));
#10421=CARTESIAN_POINT('',(-17.3330789029862,15.,-20.4666636183045));
#10422=CARTESIAN_POINT('Origin',(-17.936707580694,15.,-21.2639292073329));
#10423=CARTESIAN_POINT('',(-17.3330789029862,6.99999999999999,-20.4666636183045));
#10424=CARTESIAN_POINT('Origin',(-5.50000000000012,85.2650395998099,22.9558491109208));
#10425=CARTESIAN_POINT('',(-4.59856499423914,13.8,20.0944831905273));
#10426=CARTESIAN_POINT('',(-8.50000000000004,13.8,22.9558491109207));
#10427=CARTESIAN_POINT('Origin',(-5.50000000000001,13.8,22.9558491109207));
#10428=CARTESIAN_POINT('',(-4.59856499423902,1.20000000000001,20.0944831905273));
#10429=CARTESIAN_POINT('',(-4.59856499423908,85.2650395998099,20.0944831905274));
#10430=CARTESIAN_POINT('',(-8.21485715929909,1.20000000000001,21.6793105863934));
#10431=CARTESIAN_POINT('Origin',(-5.50000000000006,1.20000000000003,22.9558491109207));
#10432=CARTESIAN_POINT('',(-8.50000000000009,0.900000000000005,22.9558491109208));
#10433=CARTESIAN_POINT('Ctrl Pts',(-8.5000000000001,0.899999999999946,22.9558491109208));
#10434=CARTESIAN_POINT('Ctrl Pts',(-8.5000000000001,0.957109730302586,22.8344074855921));
#10435=CARTESIAN_POINT('Ctrl Pts',(-8.4926263694131,1.00693659834628,22.7099479330121));
#10436=CARTESIAN_POINT('Ctrl Pts',(-8.44385722523722,1.13567690634172,22.3202230001104));
#10437=CARTESIAN_POINT('Ctrl Pts',(-8.37543429803035,1.18502072623486,22.0569548131246));
#10438=CARTESIAN_POINT('Ctrl Pts',(-8.2520366883826,1.19904021528779,21.760726866355));
#10439=CARTESIAN_POINT('Ctrl Pts',(-8.23386852223196,1.20000000000001,21.7197426875595));
#10440=CARTESIAN_POINT('Ctrl Pts',(-8.21485715929916,1.20000000000001,21.6793105863934));
#10441=CARTESIAN_POINT('',(-8.50000000000012,85.2650395998099,22.9558491109208));
#10442=CARTESIAN_POINT('Origin',(-1.85000000000005,85.2650395998099,-0.0167968749999331));
#10443=CARTESIAN_POINT('',(-26.5000000526287,13.8,-0.00032742450023353));
#10444=CARTESIAN_POINT('',(22.7999999974976,13.8,-0.000327042156904567));
#10445=CARTESIAN_POINT('Origin',(-1.85000000000007,13.8,-0.0167968749999886));
#10446=CARTESIAN_POINT('',(-26.5000000889765,1.19999999999999,-0.000327424496550802));
#10447=CARTESIAN_POINT('',(-26.5000001072068,85.2650395998099,-0.000327424430193735));
#10448=CARTESIAN_POINT('',(22.6642781947813,1.19999999999999,-2.60000000026922));
#10449=CARTESIAN_POINT('Origin',(-1.85000000000005,1.19999999999998,-0.0167968749999886));
#10450=CARTESIAN_POINT('',(22.6642781947813,1.99999999999999,-2.60000000026923));
#10451=CARTESIAN_POINT('',(22.6642781955096,2.,-2.6));
#10452=CARTESIAN_POINT('',(22.8000000157213,1.99999999999999,-0.000327022059873534));
#10453=CARTESIAN_POINT('Origin',(-1.85000000000005,1.99999999999997,-0.0167968750000164));
#10454=CARTESIAN_POINT('',(22.7999999974616,85.2650395998099,-0.000327043078507394));
#10455=CARTESIAN_POINT('Origin',(-27.5,7.00000000000001,25.4));
#10456=CARTESIAN_POINT('',(-27.5000000000001,-0.699999999999998,25.4));
#10457=CARTESIAN_POINT('',(-27.5,6.49999999999999,25.4));
#10458=CARTESIAN_POINT('',(-27.5,7.00000000000001,25.4));
#10459=CARTESIAN_POINT('',(-27.5000000000001,6.49999999999999,13.2));
#10460=CARTESIAN_POINT('',(-27.5,6.49999999999999,22.2));
#10461=CARTESIAN_POINT('',(-27.5000000000001,8.89999999999999,13.2));
#10462=CARTESIAN_POINT('',(-27.5000000000001,6.49999999999999,13.2));
#10463=CARTESIAN_POINT('',(-27.5,8.89999999999999,22.2));
#10464=CARTESIAN_POINT('',(-27.5,8.89999999999999,22.2));
#10465=CARTESIAN_POINT('',(-27.5,8.49999999999999,22.2));
#10466=CARTESIAN_POINT('',(-27.5,7.00000000000001,22.2));
#10467=CARTESIAN_POINT('',(-27.5,8.49999999999999,25.4));
#10468=CARTESIAN_POINT('',(-27.5,8.49999999999999,25.4));
#10469=CARTESIAN_POINT('',(-27.5,15.,25.4));
#10470=CARTESIAN_POINT('',(-27.5,7.00000000000001,25.4));
#10471=CARTESIAN_POINT('',(-27.5,15.,1.38777878078145E-14));
#10472=CARTESIAN_POINT('',(-27.5000000000001,15.,-20.));
#10473=CARTESIAN_POINT('',(-27.5,-0.700000000000004,1.38777878078145E-14));
#10474=CARTESIAN_POINT('',(-27.5,6.99999999999999,-2.77555756156289E-14));
#10475=CARTESIAN_POINT('',(-27.5000000000001,-0.699999999999998,25.4));
#10476=CARTESIAN_POINT('Origin',(-29.3,6.49999999999999,22.2));
#10477=CARTESIAN_POINT('',(-28.38,8.49999999999999,22.2));
#10478=CARTESIAN_POINT('',(-28.38,8.49999999999999,22.2));
#10479=CARTESIAN_POINT('',(-29.3,8.89999999999999,22.2));
#10480=CARTESIAN_POINT('',(-29.3,8.89999999999999,22.2));
#10481=CARTESIAN_POINT('',(-29.3,6.49999999999999,22.2));
#10482=CARTESIAN_POINT('',(-29.3,6.49999999999999,22.2));
#10483=CARTESIAN_POINT('',(-28.38,6.49999999999999,22.2));
#10484=CARTESIAN_POINT('',(-29.3,6.49999999999999,22.2));
#10485=CARTESIAN_POINT('',(-28.38,6.49999999999999,22.2));
#10486=CARTESIAN_POINT('Origin',(-23.,15.,-20.));
#10487=CARTESIAN_POINT('',(-23.2068811797296,15.,-15.7788856726139));
#10488=CARTESIAN_POINT('',(-25.1852527283566,15.,-17.5272140179122));
#10489=CARTESIAN_POINT('',(-23.2068811797296,15.,-15.7788856726139));
#10490=CARTESIAN_POINT('',(-23.0428472901913,15.,-14.4662261325743));
#10491=CARTESIAN_POINT('Origin',(-23.8690789762014,15.,-15.0295565871327));
#10492=CARTESIAN_POINT('Origin',(-1.85000000000007,15.,-0.0167968749999886));
#10493=CARTESIAN_POINT('',(-7.50000000000001,15.,25.4));
#10494=CARTESIAN_POINT('',(-23.,15.,25.4));
#10495=CARTESIAN_POINT('',(-7.50000000000004,15.,22.9558491109208));
#10496=CARTESIAN_POINT('',(-7.50000000000006,15.,-20.));
#10497=CARTESIAN_POINT('Origin',(-5.50000000000001,15.,22.9558491109207));
#10498=CARTESIAN_POINT('',(15.3769800356373,15.,18.3184800525942));
#10499=CARTESIAN_POINT('Origin',(14.7147822391656,15.,19.0678091380753));
#10500=CARTESIAN_POINT('',(17.8147472716433,15.,20.4727859820878));
#10501=CARTESIAN_POINT('',(20.1437347075874,15.,13.7230818135115));
#10502=CARTESIAN_POINT('',(20.1437347075874,15.,13.7230818135115));
#10503=CARTESIAN_POINT('',(19.9790752063347,15.,12.4113409489929));
#10504=CARTESIAN_POINT('Origin',(20.805932504059,15.,12.9737527280303));
#10505=CARTESIAN_POINT('',(23.8,15.,7.7715611723761E-13));
#10506=CARTESIAN_POINT('Origin',(1.73193277310923,15.,1.38777878078145E-14));
#10507=CARTESIAN_POINT('Origin',(-1.85000000000007,15.,-0.0167968749999886));
#10508=CARTESIAN_POINT('',(-20.8147472716434,15.,-22.4727859820878));
#10509=CARTESIAN_POINT('',(-20.8147472716434,15.,-22.4727859820878));
#10510=CARTESIAN_POINT('Origin',(-23.,15.,-20.));
#10511=CARTESIAN_POINT('Origin',(-23.,6.99999999999998,-20.));
#10512=CARTESIAN_POINT('',(-20.8147472716434,-0.700000000000004,-22.4727859820878));
#10513=CARTESIAN_POINT('',(-20.8147472716434,7.,-22.4727859820878));
#10514=CARTESIAN_POINT('',(-25.1852527283567,-0.699999999999991,-17.5272140179122));
#10515=CARTESIAN_POINT('Origin',(-23.,-0.700000000000015,-20.0000000000001));
#10516=CARTESIAN_POINT('',(-25.1852527283567,7.,-17.5272140179122));
#10517=CARTESIAN_POINT('Origin',(-25.1852527283567,7.,-17.5272140179122));
#10518=CARTESIAN_POINT('',(-23.2068811797296,-0.699999999999998,-15.7788856726139));
#10519=CARTESIAN_POINT('',(-25.1852527283567,-0.699999999999991,-17.5272140179122));
#10520=CARTESIAN_POINT('',(-23.2068811797297,7.,-15.7788856726139));
#10521=CARTESIAN_POINT('Origin',(-1.85000000000007,7.,-0.0167968749999886));
#10522=CARTESIAN_POINT('',(-23.0428472901913,-0.700000000000004,-14.4662261325743));
#10523=CARTESIAN_POINT('',(-23.0428472901913,7.,-14.4662261325744));
#10524=CARTESIAN_POINT('Origin',(-1.8500000000001,-0.699999999999998,-0.0167968749999886));
#10525=CARTESIAN_POINT('Origin',(-27.5,7.00000000000001,25.4));
#10526=CARTESIAN_POINT('',(-7.50000000000006,-0.699999999999991,25.4));
#10527=CARTESIAN_POINT('',(-27.5000000000001,-0.699999999999998,25.4));
#10528=CARTESIAN_POINT('',(-7.50000000000001,6.99999999999999,25.4));
#10529=CARTESIAN_POINT('',(-28.38,8.49999999999999,25.4));
#10530=CARTESIAN_POINT('',(-28.38,8.49999999999999,25.4));
#10531=CARTESIAN_POINT('',(-28.38,6.5,25.4));
#10532=CARTESIAN_POINT('',(-28.38,6.5,25.4));
#10533=CARTESIAN_POINT('',(-28.38,6.5,25.4));
#10534=CARTESIAN_POINT('',(-8.49999999999998,0.900000000000005,25.4));
#10535=CARTESIAN_POINT('',(-26.5000000528471,0.90000000000001,25.4));
#10536=CARTESIAN_POINT('',(-2.84133944368148,0.900000000000012,25.4));
#10537=CARTESIAN_POINT('',(-26.50000002649,13.8,25.4));
#10538=CARTESIAN_POINT('',(-26.5000000536034,7.00000000000001,25.4));
#10539=CARTESIAN_POINT('',(-8.50000000000004,13.8,25.4));
#10540=CARTESIAN_POINT('',(-27.5,13.8,25.4));
#10541=CARTESIAN_POINT('',(-8.50000000000004,6.99999999999999,25.4));
#10542=CARTESIAN_POINT('Origin',(-7.50000000000001,6.99999999999999,25.4));
#10543=CARTESIAN_POINT('',(-7.50000000000004,-0.699999999999991,22.9558491109207));
#10544=CARTESIAN_POINT('',(-7.50000000000006,-0.699999999999991,25.4));
#10545=CARTESIAN_POINT('',(-7.50000000000006,6.99999999999999,22.9558491109207));
#10546=CARTESIAN_POINT('Origin',(-5.50000000000006,7.00000000000001,22.9558491109207));
#10547=CARTESIAN_POINT('Origin',(-5.50000000000006,-0.699999999999991,22.9558491109207));
#10548=CARTESIAN_POINT('Origin',(17.8147472716433,6.99999999999999,20.4727859820877));
#10549=CARTESIAN_POINT('',(15.3769800356374,-0.700000000000008,18.3184800525941));
#10550=CARTESIAN_POINT('',(15.3769800356374,6.99999999999999,18.3184800525941));
#10551=CARTESIAN_POINT('',(17.8147472716434,-0.699999999999991,20.4727859820878));
#10552=CARTESIAN_POINT('Origin',(22.1852527283566,7.,15.5272140179122));
#10553=CARTESIAN_POINT('',(20.1437347075873,-0.699999999999991,13.7230818135115));
#10554=CARTESIAN_POINT('',(22.1852527283566,-0.699999999999984,15.5272140179122));
#10555=CARTESIAN_POINT('',(20.1437347075874,6.99999999999999,13.7230818135114));
#10556=CARTESIAN_POINT('Origin',(1.73193277310923,6.99999999999999,-2.77555756156289E-14));
#10557=CARTESIAN_POINT('',(19.9790752063348,-0.699999999999991,12.4113409489929));
#10558=CARTESIAN_POINT('',(19.9790752063347,6.99999999999999,12.4113409489929));
#10559=CARTESIAN_POINT('',(23.6463022856133,-0.699999999999977,2.59999999999999));
#10560=CARTESIAN_POINT('Origin',(1.73193277310918,-0.700000000000001,0.));
#10561=CARTESIAN_POINT('',(23.6463022856133,2.,2.59999999999998));
#10562=CARTESIAN_POINT('',(23.6463022856133,2.,2.59999999999998));
#10563=CARTESIAN_POINT('',(23.8,2.,-1.45716771982052E-12));
#10564=CARTESIAN_POINT('Origin',(1.73193277310923,1.99999999999999,-1.38777878078145E-14));
#10565=CARTESIAN_POINT('',(23.8,7.,-1.38777878078145E-14));
#10566=CARTESIAN_POINT('Origin',(-1.85000000000007,7.,-0.0167968749999886));
#10567=CARTESIAN_POINT('',(23.6695972489771,2.,-2.6));
#10568=CARTESIAN_POINT('Origin',(-1.85000000000005,2.,-0.0167968750000164));
#10569=CARTESIAN_POINT('',(23.6695972489771,-0.699999999999977,-2.6));
#10570=CARTESIAN_POINT('',(23.6695972489771,2.,-2.6));
#10571=CARTESIAN_POINT('Origin',(-1.8500000000001,-0.699999999999998,-0.0167968749999886));
#10572=CARTESIAN_POINT('Origin',(-20.8147472716434,7.,-22.4727859820878));
#10573=CARTESIAN_POINT('',(-20.8147472716434,-0.699999999999998,-22.4727859820878));
#10574=CARTESIAN_POINT('Origin',(-23.8690789762014,6.99999999999999,-15.0295565871327));
#10575=CARTESIAN_POINT('Origin',(-23.8690789762014,-0.700000000000015,-15.0295565871327));
#10576=CARTESIAN_POINT('Origin',(-8.50000000000012,85.2650395998099,25.4));
#10577=CARTESIAN_POINT('',(-8.50000000000004,13.8,25.4));
#10578=CARTESIAN_POINT('',(-8.50000000000006,0.899999999999998,-0.0161345295261045));
#10579=CARTESIAN_POINT('Origin',(-23.,13.8,-20.));
#10580=CARTESIAN_POINT('',(-26.5000000000001,13.8,-20.));
#10581=CARTESIAN_POINT('Origin',(1.73193277310923,13.8,-1.38777878078145E-14));
#10582=CARTESIAN_POINT('Origin',(-26.5000001072068,85.2650395998099,-0.000327424393667397));
#10583=CARTESIAN_POINT('',(-26.5000000525161,0.899999999999998,-0.0161345295261184));
#10584=CARTESIAN_POINT('',(-26.5000001072067,1.20000000000001,-0.000327424393736786));
#10585=CARTESIAN_POINT('Origin',(14.7147822391656,7.00000000000001,19.0678091380753));
#10586=CARTESIAN_POINT('Origin',(14.7147822391657,-0.699999999999984,19.0678091380753));
#10587=CARTESIAN_POINT('Origin',(20.805932504059,6.99999999999999,12.9737527280303));
#10588=CARTESIAN_POINT('Origin',(20.805932504059,-0.699999999999991,12.9737527280303));
#10589=CARTESIAN_POINT('Origin',(1.73193277310921,85.2650395998099,1.38777878078145E-14));
#10590=CARTESIAN_POINT('',(22.638952089042,2.,2.59999999999999));
#10591=CARTESIAN_POINT('Origin',(1.73193277310923,1.99999999999999,-1.38777878078145E-14));
#10592=CARTESIAN_POINT('',(22.638952089042,1.20000000000001,2.60000000000002));
#10593=CARTESIAN_POINT('',(22.6389520890421,-70.2650395998099,2.60000000000005));
#10594=CARTESIAN_POINT('Origin',(1.73193277310923,1.19999999999999,0.));
#10595=CARTESIAN_POINT('Origin',(-29.3000000000001,6.49999999999999,13.2));
#10596=CARTESIAN_POINT('',(-29.3000000000001,6.49999999999999,13.2));
#10597=CARTESIAN_POINT('',(-29.3000000000001,6.49999999999999,13.2));
#10598=CARTESIAN_POINT('',(-29.3000000000001,8.89999999999999,13.2));
#10599=CARTESIAN_POINT('',(-29.3000000000001,6.49999999999999,13.2));
#10600=CARTESIAN_POINT('',(-29.3000000000001,8.89999999999999,13.2));
#10601=CARTESIAN_POINT('Origin',(-29.3,6.49999999999999,22.2));
#10602=CARTESIAN_POINT('',(-28.38,6.5,25.4));
#10603=CARTESIAN_POINT('',(-29.3,6.49999999999999,22.2));
#10604=CARTESIAN_POINT('Origin',(-29.3,8.89999999999999,22.2));
#10605=CARTESIAN_POINT('',(-29.3,8.89999999999999,22.2));
#10606=CARTESIAN_POINT('Origin',(-29.3,0.,0.));
#10607=CARTESIAN_POINT('Origin',(-23.,1.2,-20.));
#10608=CARTESIAN_POINT('Origin',(-2.84133944368137,1.2,-0.0161345295262505));
#10609=CARTESIAN_POINT('',(11.014213562373,1.19999999999998,2.60000000000002));
#10610=CARTESIAN_POINT('',(-23.0000000000001,1.2,2.60000000000005));
#10611=CARTESIAN_POINT('',(10.3071067811865,1.19999999999998,2.89289321881345));
#10612=CARTESIAN_POINT('Origin',(11.014213562373,1.19999999999999,3.60000000000003));
#10613=CARTESIAN_POINT('',(8.99289321881339,1.19999999999998,4.20710678118652));
#10614=CARTESIAN_POINT('',(8.99289321881341,1.19999999999998,4.20710678118652));
#10615=CARTESIAN_POINT('',(8.28578643762687,1.19999999999998,4.49999999999996));
#10616=CARTESIAN_POINT('Origin',(8.28578643762681,1.19999999999998,3.49999999999998));
#10617=CARTESIAN_POINT('',(5.49999999999995,1.19999999999999,4.50000000000003));
#10618=CARTESIAN_POINT('',(-23.,1.2,4.50000000000005));
#10619=CARTESIAN_POINT('',(4.49999999999989,1.20000000000001,3.5));
#10620=CARTESIAN_POINT('Origin',(5.49999999999989,1.19999999999998,3.50000000000003));
#10621=CARTESIAN_POINT('',(4.5,1.19999999999998,-3.5));
#10622=CARTESIAN_POINT('',(4.49999999999995,1.19999999999999,-19.9999999999999));
#10623=CARTESIAN_POINT('',(5.49999999999995,1.19999999999998,-4.49999999999999));
#10624=CARTESIAN_POINT('Origin',(5.50000000000001,1.19999999999998,-3.49999999999998));
#10625=CARTESIAN_POINT('',(8.28578643762684,1.19999999999998,-4.50000000000003));
#10626=CARTESIAN_POINT('',(-23.0000000000001,1.2,-4.49999999999996));
#10627=CARTESIAN_POINT('',(8.99289321881341,1.19999999999998,-4.20710678118659));
#10628=CARTESIAN_POINT('Origin',(8.2857864376269,1.19999999999998,-3.50000000000003));
#10629=CARTESIAN_POINT('',(10.3071067811866,1.19999999999998,-2.89289321881345));
#10630=CARTESIAN_POINT('',(10.3071067811866,1.19999999999998,-2.89289321881345));
#10631=CARTESIAN_POINT('',(11.0142135623731,1.19999999999998,-2.59999999999998));
#10632=CARTESIAN_POINT('Origin',(11.0142135623731,1.19999999999998,-3.59999999999998));
#10633=CARTESIAN_POINT('',(-23.,1.2,-2.59999999999996));
#10634=CARTESIAN_POINT('Origin',(-2.84133944368158,-1.79999999999995,-0.016134529526084));
#10635=CARTESIAN_POINT('Origin',(-2.84133944368153,0.899999999999998,-0.0161345295261323));
#10636=CARTESIAN_POINT('Origin',(10.5999999999999,1.99999999999998,2.59999999999996));
#10637=CARTESIAN_POINT('',(11.014213562373,-0.699999999999991,2.60000000000002));
#10638=CARTESIAN_POINT('',(11.014213562373,1.99999999999998,2.59999999999999));
#10639=CARTESIAN_POINT('',(10.5999999999999,1.99999999999998,2.59999999999996));
#10640=CARTESIAN_POINT('',(10.5999999999999,-0.699999999999991,2.59999999999999));
#10641=CARTESIAN_POINT('Origin',(11.014213562373,2.,3.60000000000001));
#10642=CARTESIAN_POINT('',(10.3071067811865,-0.699999999999994,2.89289321881347));
#10643=CARTESIAN_POINT('Origin',(11.014213562373,-0.699999999999991,3.60000000000003));
#10644=CARTESIAN_POINT('',(10.3071067811865,1.99999999999998,2.89289321881345));
#10645=CARTESIAN_POINT('Origin',(10.5999999999999,1.99999999999998,2.59999999999996));
#10646=CARTESIAN_POINT('',(8.99289321881341,-0.699999999999991,4.20710678118652));
#10647=CARTESIAN_POINT('',(10.5999999999999,-0.699999999999991,2.59999999999999));
#10648=CARTESIAN_POINT('',(8.99289321881341,1.99999999999998,4.20710678118652));
#10649=CARTESIAN_POINT('Origin',(8.28578643762681,1.99999999999998,3.49999999999998));
#10650=CARTESIAN_POINT('',(8.28578643762687,-0.699999999999994,4.49999999999996));
#10651=CARTESIAN_POINT('Origin',(8.28578643762681,-0.699999999999991,3.49999999999998));
#10652=CARTESIAN_POINT('',(8.28578643762687,1.99999999999998,4.49999999999996));
#10653=CARTESIAN_POINT('Origin',(4.49999999999995,2.,4.49999999999999));
#10654=CARTESIAN_POINT('',(5.49999999999995,-0.699999999999998,4.50000000000003));
#10655=CARTESIAN_POINT('',(5.49999999999995,2.,4.5));
#10656=CARTESIAN_POINT('',(4.49999999999995,-0.699999999999984,4.49999999999999));
#10657=CARTESIAN_POINT('Origin',(5.49999999999989,1.99999999999998,3.5));
#10658=CARTESIAN_POINT('',(4.49999999999989,-0.699999999999984,3.5));
#10659=CARTESIAN_POINT('Origin',(5.49999999999989,-0.699999999999998,3.50000000000003));
#10660=CARTESIAN_POINT('',(4.49999999999989,2.,3.5));
#10661=CARTESIAN_POINT('Origin',(4.49999999999995,1.99999999999998,-4.5));
#10662=CARTESIAN_POINT('',(4.5,-0.699999999999984,-3.5));
#10663=CARTESIAN_POINT('',(4.49999999999995,-0.699999999999984,-4.5));
#10664=CARTESIAN_POINT('',(4.5,1.99999999999998,-3.5));
#10665=CARTESIAN_POINT('Origin',(5.50000000000001,1.99999999999997,-3.5));
#10666=CARTESIAN_POINT('',(5.49999999999995,-0.699999999999998,-4.49999999999998));
#10667=CARTESIAN_POINT('Origin',(5.50000000000001,-0.699999999999998,-3.49999999999998));
#10668=CARTESIAN_POINT('',(5.49999999999995,1.99999999999997,-4.5));
#10669=CARTESIAN_POINT('Origin',(8.69999999999993,1.99999999999998,-4.50000000000003));
#10670=CARTESIAN_POINT('',(8.28578643762684,-0.699999999999994,-4.50000000000003));
#10671=CARTESIAN_POINT('',(8.69999999999993,-0.699999999999994,-4.5));
#10672=CARTESIAN_POINT('',(8.28578643762684,1.99999999999998,-4.50000000000003));
#10673=CARTESIAN_POINT('Origin',(8.2857864376269,1.99999999999998,-3.50000000000003));
#10674=CARTESIAN_POINT('',(8.99289321881347,-0.699999999999991,-4.20710678118658));
#10675=CARTESIAN_POINT('Origin',(8.2857864376269,-0.699999999999991,-3.50000000000003));
#10676=CARTESIAN_POINT('',(8.99289321881341,1.99999999999998,-4.20710678118658));
#10677=CARTESIAN_POINT('Origin',(10.6,1.99999999999998,-2.60000000000003));
#10678=CARTESIAN_POINT('',(10.3071067811866,-0.699999999999991,-2.89289321881342));
#10679=CARTESIAN_POINT('',(10.6,-0.699999999999991,-2.6));
#10680=CARTESIAN_POINT('',(10.3071067811866,1.99999999999998,-2.89289321881345));
#10681=CARTESIAN_POINT('Origin',(11.0142135623731,1.99999999999998,-3.60000000000001));
#10682=CARTESIAN_POINT('',(11.0142135623731,-0.699999999999991,-2.59999999999998));
#10683=CARTESIAN_POINT('Origin',(11.0142135623731,-0.699999999999994,-3.59999999999998));
#10684=CARTESIAN_POINT('',(11.0142135623731,1.99999999999998,-2.6));
#10685=CARTESIAN_POINT('Origin',(23.6695972489771,2.,-2.6));
#10686=CARTESIAN_POINT('',(18.9195972489771,0.799999999999995,-2.60000000000003));
#10687=CARTESIAN_POINT('',(18.9195972489771,-0.699999999999991,-2.60000000000003));
#10688=CARTESIAN_POINT('',(18.9195972489771,2.,-2.60000000000003));
#10689=CARTESIAN_POINT('',(22.4195972489771,0.799999999999997,-2.60000000000002));
#10690=CARTESIAN_POINT('',(23.6695972489771,0.799999999999995,-2.6));
#10691=CARTESIAN_POINT('',(22.4195972489771,-0.699999999999984,-2.60000000000005));
#10692=CARTESIAN_POINT('',(22.4195972489771,2.,-2.60000000000005));
#10693=CARTESIAN_POINT('',(23.6695972489771,-0.699999999999977,-2.6));
#10694=CARTESIAN_POINT('',(23.6695972489771,2.,-2.6));
#10695=CARTESIAN_POINT('',(23.6695972489771,-0.699999999999977,-2.6));
#10696=CARTESIAN_POINT('Origin',(-2.84133944368153,0.899999999999998,-0.0161345295261323));
#10697=CARTESIAN_POINT('Origin',(-1.85000000000005,2.,-0.0167968750000164));
#10698=CARTESIAN_POINT('Origin',(-23.,-0.700000000000015,-20.0000000000001));
#10699=CARTESIAN_POINT('',(21.9195972489771,-0.699999999999984,-2.1));
#10700=CARTESIAN_POINT('',(21.9195972489771,-0.699999999999991,-0.100000000000017));
#10701=CARTESIAN_POINT('',(21.919597248977,-0.699999999999991,0.399999999999984));
#10702=CARTESIAN_POINT('',(21.419597248977,-0.699999999999991,0.399999999999956));
#10703=CARTESIAN_POINT('Origin',(21.4195972489771,-0.699999999999991,-0.100000000000044));
#10704=CARTESIAN_POINT('',(19.919597248977,-0.699999999999991,0.399999999999984));
#10705=CARTESIAN_POINT('',(-23.0000000000001,-0.700000000000015,0.400000000000011));
#10706=CARTESIAN_POINT('',(19.4195972489771,-0.699999999999991,-0.100000000000044));
#10707=CARTESIAN_POINT('Origin',(19.9195972489771,-0.699999999999991,-0.100000000000003));
#10708=CARTESIAN_POINT('',(19.4195972489771,-0.699999999999991,-2.10000000000005));
#10709=CARTESIAN_POINT('',(19.419597248977,-0.699999999999991,0.399999999999956));
#10710=CARTESIAN_POINT('Origin',(18.9195972489771,-0.699999999999991,-2.1));
#10711=CARTESIAN_POINT('Origin',(22.419597248977,-0.699999999999984,-2.10000000000005));
#10712=CARTESIAN_POINT('',(-8.83146586949987,-0.699999999999998,-8.12435908831329));
#10713=CARTESIAN_POINT('',(-15.7879747751729,-0.699999999999991,-15.0808679939862));
#10714=CARTESIAN_POINT('',(-0.353553390593314,-0.700000000000001,0.353553390593273));
#10715=CARTESIAN_POINT('',(-21.1912467890502,-0.699999999999998,-0.499999999999959));
#10716=CARTESIAN_POINT('Origin',(0.684887777715942,-0.699999999999991,-0.684887777715887));
#10717=CARTESIAN_POINT('',(-11.9895788082818,-0.700000000000001,-0.499999999999987));
#10718=CARTESIAN_POINT('',(-23.0000000000001,-0.700000000000015,-0.5));
#10719=CARTESIAN_POINT('Origin',(-5.55111512312578E-14,-0.699999999999998,
0.));
#10720=CARTESIAN_POINT('',(-0.500000000000056,-0.700000000000001,11.9895788082818));
#10721=CARTESIAN_POINT('',(-8.12435908831338,-0.699999999999991,8.83146586949986));
#10722=CARTESIAN_POINT('Origin',(-5.55111512312578E-14,-0.699999999999998,
0.));
#10723=CARTESIAN_POINT('',(-14.4268335960395,-0.700000000000004,15.1339403772263));
#10724=CARTESIAN_POINT('',(0.353553390593064,-0.700000000000001,0.353553390593106));
#10725=CARTESIAN_POINT('',(-0.500000000000056,-0.699999999999998,21.1599168226422));
#10726=CARTESIAN_POINT('Origin',(0.684887777715942,-0.699999999999991,-0.684887777715887));
#10727=CARTESIAN_POINT('',(-0.500000000000056,-0.700000000000001,-20.0000000000001));
#10728=CARTESIAN_POINT('',(-11.9895788082818,-0.699999999999998,0.5));
#10729=CARTESIAN_POINT('',(-21.1599168226422,-0.699999999999998,0.500000000000014));
#10730=CARTESIAN_POINT('',(-5.55111512312578E-14,-0.699999999999998,0.499999999999987));
#10731=CARTESIAN_POINT('',(-15.1339403772262,-0.700000000000001,14.4268335960396));
#10732=CARTESIAN_POINT('Origin',(0.684887777715942,-0.699999999999991,-0.684887777715887));
#10733=CARTESIAN_POINT('',(-8.83146586949998,-0.699999999999998,8.12435908831331));
#10734=CARTESIAN_POINT('',(-1.85355339059337,-0.700000000000001,1.1464466094068));
#10735=CARTESIAN_POINT('Origin',(-5.55111512312578E-14,-0.699999999999998,
0.));
#10736=CARTESIAN_POINT('',(8.83146586949976,-0.699999999999991,8.12435908831326));
#10737=CARTESIAN_POINT('',(15.8193201372086,-0.700000000000001,15.1122133560221));
#10738=CARTESIAN_POINT('',(0.353553390593231,-0.699999999999998,-0.353553390593286));
#10739=CARTESIAN_POINT('',(22.1864953384274,-0.699999999999977,3.34999999999996));
#10740=CARTESIAN_POINT('Origin',(0.684887777715942,-0.699999999999991,-0.684887777715887));
#10741=CARTESIAN_POINT('',(11.5229119583549,-0.699999999999994,3.34999999999999));
#10742=CARTESIAN_POINT('',(-23.0000000000001,-0.700000000000015,3.35000000000001));
#10743=CARTESIAN_POINT('Origin',(-5.55111512312578E-14,-0.699999999999998,
0.));
#10744=CARTESIAN_POINT('',(0.499999999999945,-0.700000000000001,11.9895788082818));
#10745=CARTESIAN_POINT('',(0.5,-0.699999999999998,21.1912467890502));
#10746=CARTESIAN_POINT('',(0.499999999999945,-0.700000000000001,0.));
#10747=CARTESIAN_POINT('',(15.0808679939863,-0.699999999999994,15.7879747751728));
#10748=CARTESIAN_POINT('Origin',(0.684887777715942,-0.699999999999991,-0.684887777715887));
#10749=CARTESIAN_POINT('',(8.12435908831327,-0.699999999999994,8.83146586949982));
#10750=CARTESIAN_POINT('',(-21.8535533905933,-0.699999999999998,-21.1464466094067));
#10751=CARTESIAN_POINT('Origin',(-5.55111512312578E-14,-0.699999999999998,
0.));
#10752=CARTESIAN_POINT('',(8.12435908831327,-0.700000000000001,-8.83146586949987));
#10753=CARTESIAN_POINT('',(-0.353553390593342,-0.699999999999998,-0.353553390593286));
#10754=CARTESIAN_POINT('',(0.5,-0.699999999999991,-11.9895788082818));
#10755=CARTESIAN_POINT('',(0.499999999999973,-0.700000000000001,0.));
#10756=CARTESIAN_POINT('Origin',(-5.55111512312578E-14,-0.699999999999998,
0.));
#10757=CARTESIAN_POINT('',(8.83146586949987,-0.699999999999991,-8.12435908831333));
#10758=CARTESIAN_POINT('',(11.522911958355,-0.699999999999991,-3.35000000000001));
#10759=CARTESIAN_POINT('Origin',(-5.55111512312578E-14,-0.699999999999998,
0.));
#10760=CARTESIAN_POINT('',(22.3988607885733,-0.699999999999984,-3.35000000000003));
#10761=CARTESIAN_POINT('',(0.,-0.699999999999998,-3.35000000000001));
#10762=CARTESIAN_POINT('',(16.503715932658,-0.699999999999991,-15.7966091514715));
#10763=CARTESIAN_POINT('Origin',(0.684887777715942,-0.699999999999991,-0.684887777715887));
#10764=CARTESIAN_POINT('',(-1.14644660940683,-0.699999999999998,1.85355339059334));
#10765=CARTESIAN_POINT('',(-8.12435908831338,-0.699999999999998,-8.83146586949982));
#10766=CARTESIAN_POINT('',(-0.499999999999973,-0.699999999999998,-11.9895788082818));
#10767=CARTESIAN_POINT('Origin',(-5.55111512312578E-14,-0.699999999999998,
0.));
#10768=CARTESIAN_POINT('',(-0.500000000000056,-0.700000000000001,-22.5296923780741));
#10769=CARTESIAN_POINT('',(-0.500000000000056,-0.699999999999998,1.38777878078145E-14));
#10770=CARTESIAN_POINT('',(-15.1122133560221,-0.699999999999991,-15.8193201372086));
#10771=CARTESIAN_POINT('Origin',(0.684887777715942,-0.699999999999991,-0.684887777715887));
#10772=CARTESIAN_POINT('',(-21.1464466094068,-0.699999999999998,-21.8535533905932));
#10773=CARTESIAN_POINT('Origin',(18.919597248977,0.799999999999988,-2.1));
#10774=CARTESIAN_POINT('',(19.4195972489771,0.799999999999995,-2.10000000000005));
#10775=CARTESIAN_POINT('',(19.4195972489771,0.799999999999995,-2.10000000000005));
#10776=CARTESIAN_POINT('Origin',(18.919597248977,0.799999999999995,-2.1));
#10777=CARTESIAN_POINT('Origin',(19.4195972489771,0.799999999999995,0.399999999999956));
#10778=CARTESIAN_POINT('',(19.9195972489771,0.799999999999995,0.399999999999984));
#10779=CARTESIAN_POINT('',(19.4195972489771,0.799999999999988,-0.100000000000044));
#10780=CARTESIAN_POINT('Origin',(19.9195972489771,0.799999999999995,-0.100000000000003));
#10781=CARTESIAN_POINT('',(21.4195972489771,0.799999999999997,0.399999999999956));
#10782=CARTESIAN_POINT('',(19.4195972489771,0.799999999999995,0.399999999999956));
#10783=CARTESIAN_POINT('',(21.9195972489771,0.799999999999995,-0.100000000000017));
#10784=CARTESIAN_POINT('Origin',(21.4195972489771,0.799999999999995,-0.100000000000044));
#10785=CARTESIAN_POINT('',(21.9195972489771,0.799999999999997,-2.1));
#10786=CARTESIAN_POINT('',(21.9195972489771,0.799999999999997,0.399999999999984));
#10787=CARTESIAN_POINT('Origin',(22.419597248977,0.800000000000004,-2.10000000000002));
#10788=CARTESIAN_POINT('',(19.4195972489771,0.799999999999995,0.399999999999956));
#10789=CARTESIAN_POINT('Origin',(22.419597248977,0.800000000000004,-2.10000000000002));
#10790=CARTESIAN_POINT('',(21.9195972489771,0.799999999999997,-2.1));
#10791=CARTESIAN_POINT('Origin',(0.684887777715915,0.499999999999988,-0.684887777715887));
#10792=CARTESIAN_POINT('',(-15.7879747751729,0.499999999999987,-15.0808679939862));
#10793=CARTESIAN_POINT('',(-15.7879747751729,0.499999999999987,-15.0808679939862));
#10794=CARTESIAN_POINT('',(-21.1912467890502,0.5,-0.499999999999959));
#10795=CARTESIAN_POINT('Origin',(0.684887777715915,0.499999999999988,-0.684887777715887));
#10796=CARTESIAN_POINT('',(-21.1912467890502,0.5,-0.499999999999959));
#10797=CARTESIAN_POINT('Origin',(-0.353553390593259,0.5,0.353553390593273));
#10798=CARTESIAN_POINT('',(-8.83146586949987,0.499999999999988,-8.12435908831329));
#10799=CARTESIAN_POINT('',(-8.83146586949987,0.499999999999988,-8.12435908831329));
#10800=CARTESIAN_POINT('',(-0.353553390593259,0.5,0.353553390593273));
#10801=CARTESIAN_POINT('Origin',(0.,0.5,2.77555756156289E-14));
#10802=CARTESIAN_POINT('',(-11.9895788082818,0.5,-0.499999999999959));
#10803=CARTESIAN_POINT('Origin',(0.,0.5,2.77555756156289E-14));
#10804=CARTESIAN_POINT('',(-11.9895788082818,0.5,-0.499999999999959));
#10805=CARTESIAN_POINT('Origin',(-5.55111512312578E-14,0.499999999999987,
-0.499999999999973));
#10806=CARTESIAN_POINT('',(-5.55111512312578E-14,0.499999999999987,-0.499999999999973));
#10807=CARTESIAN_POINT('Origin',(0.35355339059312,0.500000000000002,0.353553390593106));
#10808=CARTESIAN_POINT('',(-8.12435908831338,0.5,8.83146586949986));
#10809=CARTESIAN_POINT('',(-8.12435908831338,0.5,8.83146586949986));
#10810=CARTESIAN_POINT('',(-14.4268335960395,0.5,15.1339403772263));
#10811=CARTESIAN_POINT('',(0.35355339059312,0.500000000000002,0.353553390593106));
#10812=CARTESIAN_POINT('',(-14.4268335960395,0.5,15.1339403772263));
#10813=CARTESIAN_POINT('Origin',(0.,0.5,2.77555756156289E-14));
#10814=CARTESIAN_POINT('',(-0.500000000000056,0.5,11.9895788082818));
#10815=CARTESIAN_POINT('Origin',(0.,0.5,2.77555756156289E-14));
#10816=CARTESIAN_POINT('',(-0.500000000000056,0.5,11.9895788082818));
#10817=CARTESIAN_POINT('Origin',(-0.5,0.5,2.77555756156289E-14));
#10818=CARTESIAN_POINT('',(-0.500000000000056,0.500000000000014,21.1599168226422));
#10819=CARTESIAN_POINT('',(-0.5,0.5,2.77555756156289E-14));
#10820=CARTESIAN_POINT('',(-0.500000000000056,0.500000000000014,21.1599168226422));
#10821=CARTESIAN_POINT('Origin',(0.684887777715915,0.499999999999988,-0.684887777715887));
#10822=CARTESIAN_POINT('Origin',(0.684887777715915,0.499999999999988,-0.684887777715887));
#10823=CARTESIAN_POINT('Origin',(0.684887777715915,0.499999999999988,-0.684887777715887));
#10824=CARTESIAN_POINT('',(-21.1599168226422,0.5,0.500000000000014));
#10825=CARTESIAN_POINT('',(-21.1599168226422,0.5,0.500000000000014));
#10826=CARTESIAN_POINT('',(-15.1339403772262,0.500000000000014,14.4268335960396));
#10827=CARTESIAN_POINT('Origin',(0.684887777715915,0.499999999999988,-0.684887777715887));
#10828=CARTESIAN_POINT('',(-15.1339403772262,0.500000000000014,14.4268335960396));
#10829=CARTESIAN_POINT('Origin',(0.,0.5,0.500000000000014));
#10830=CARTESIAN_POINT('',(-11.9895788082818,0.500000000000002,0.500000000000028));
#10831=CARTESIAN_POINT('',(-11.9895788082818,0.500000000000002,0.500000000000028));
#10832=CARTESIAN_POINT('',(0.,0.5,0.500000000000014));
#10833=CARTESIAN_POINT('Origin',(0.,0.5,2.77555756156289E-14));
#10834=CARTESIAN_POINT('',(-8.83146586949998,0.5,8.12435908831331));
#10835=CARTESIAN_POINT('Origin',(0.,0.5,2.77555756156289E-14));
#10836=CARTESIAN_POINT('',(-8.83146586949998,0.5,8.12435908831331));
#10837=CARTESIAN_POINT('Origin',(-0.353553390593342,0.5,-0.353553390593273));
#10838=CARTESIAN_POINT('',(-0.353553390593342,0.5,-0.353553390593273));
#10839=CARTESIAN_POINT('Origin',(0.684887777715915,0.499999999999988,-0.684887777715887));
#10840=CARTESIAN_POINT('',(15.8193201372086,0.500000000000009,15.1122133560221));
#10841=CARTESIAN_POINT('',(15.8193201372086,0.500000000000009,15.1122133560221));
#10842=CARTESIAN_POINT('',(22.1864953384274,0.499999999999994,3.34999999999996));
#10843=CARTESIAN_POINT('Origin',(0.684887777715915,0.499999999999988,-0.684887777715887));
#10844=CARTESIAN_POINT('',(22.1864953384274,0.499999999999994,3.34999999999996));
#10845=CARTESIAN_POINT('Origin',(0.353553390593231,0.499999999999988,-0.353553390593286));
#10846=CARTESIAN_POINT('',(8.83146586949976,0.500000000000007,8.12435908831326));
#10847=CARTESIAN_POINT('',(8.83146586949976,0.500000000000007,8.12435908831326));
#10848=CARTESIAN_POINT('',(0.353553390593231,0.499999999999988,-0.353553390593286));
#10849=CARTESIAN_POINT('Origin',(0.,0.5,2.77555756156289E-14));
#10850=CARTESIAN_POINT('',(11.5229119583549,0.499999999999994,3.34999999999999));
#10851=CARTESIAN_POINT('Origin',(0.,0.5,2.77555756156289E-14));
#10852=CARTESIAN_POINT('',(11.5229119583549,0.499999999999994,3.34999999999999));
#10853=CARTESIAN_POINT('Origin',(-5.55111512312578E-14,0.5,3.35000000000002));
#10854=CARTESIAN_POINT('',(-5.55111512312578E-14,0.5,3.35000000000002));
#10855=CARTESIAN_POINT('Origin',(0.684887777715915,0.499999999999988,-0.684887777715887));
#10856=CARTESIAN_POINT('',(0.499999999999973,0.500000000000014,21.1912467890502));
#10857=CARTESIAN_POINT('',(0.5,0.500000000000014,21.1912467890502));
#10858=CARTESIAN_POINT('',(15.0808679939863,0.500000000000023,15.7879747751728));
#10859=CARTESIAN_POINT('Origin',(0.684887777715915,0.499999999999988,-0.684887777715887));
#10860=CARTESIAN_POINT('',(15.0808679939863,0.500000000000023,15.7879747751728));
#10861=CARTESIAN_POINT('Origin',(0.499999999999973,0.499999999999988,0.));
#10862=CARTESIAN_POINT('',(0.499999999999945,0.500000000000002,11.9895788082818));
#10863=CARTESIAN_POINT('',(0.499999999999945,0.500000000000002,11.9895788082818));
#10864=CARTESIAN_POINT('',(0.499999999999973,0.499999999999988,0.));
#10865=CARTESIAN_POINT('Origin',(0.,0.5,2.77555756156289E-14));
#10866=CARTESIAN_POINT('',(8.12435908831327,0.500000000000009,8.83146586949982));
#10867=CARTESIAN_POINT('Origin',(0.,0.5,2.77555756156289E-14));
#10868=CARTESIAN_POINT('',(8.12435908831327,0.500000000000009,8.83146586949982));
#10869=CARTESIAN_POINT('Origin',(-0.353553390593259,0.5,0.353553390593273));
#10870=CARTESIAN_POINT('',(-0.353553390593259,0.5,0.353553390593273));
#10871=CARTESIAN_POINT('Origin',(-0.353553390593342,0.5,-0.353553390593286));
#10872=CARTESIAN_POINT('',(8.12435908831327,0.499999999999981,-8.83146586949987));
#10873=CARTESIAN_POINT('',(8.12435908831327,0.499999999999981,-8.83146586949987));
#10874=CARTESIAN_POINT('',(-0.353553390593342,0.5,-0.353553390593286));
#10875=CARTESIAN_POINT('Origin',(0.,0.5,2.77555756156289E-14));
#10876=CARTESIAN_POINT('',(0.5,0.499999999999988,-11.9895788082818));
#10877=CARTESIAN_POINT('Origin',(0.,0.5,2.77555756156289E-14));
#10878=CARTESIAN_POINT('',(0.5,0.499999999999988,-11.9895788082818));
#10879=CARTESIAN_POINT('Origin',(0.5,0.499999999999988,0.));
#10880=CARTESIAN_POINT('',(0.5,0.499999999999988,0.));
#10881=CARTESIAN_POINT('Origin',(0.,0.499999999999985,-3.34999999999998));
#10882=CARTESIAN_POINT('',(11.522911958355,0.49999999999998,-3.34999999999999));
#10883=CARTESIAN_POINT('',(11.522911958355,0.49999999999998,-3.35000000000001));
#10884=CARTESIAN_POINT('',(22.3988607885733,0.499999999999994,-3.35000000000001));
#10885=CARTESIAN_POINT('',(0.,0.499999999999985,-3.34999999999998));
#10886=CARTESIAN_POINT('',(22.3988607885733,0.499999999999994,-3.35000000000001));
#10887=CARTESIAN_POINT('Origin',(0.,0.5,2.77555756156289E-14));
#10888=CARTESIAN_POINT('',(8.83146586949987,0.499999999999981,-8.12435908831333));
#10889=CARTESIAN_POINT('Origin',(0.,0.5,2.77555756156289E-14));
#10890=CARTESIAN_POINT('',(8.83146586949987,0.499999999999981,-8.12435908831333));
#10891=CARTESIAN_POINT('Origin',(0.353553390593286,0.500000000000002,0.353553390593273));
#10892=CARTESIAN_POINT('',(16.503715932658,0.49999999999998,-15.7966091514715));
#10893=CARTESIAN_POINT('',(0.353553390593286,0.500000000000002,0.353553390593273));
#10894=CARTESIAN_POINT('',(16.503715932658,0.49999999999998,-15.7966091514715));
#10895=CARTESIAN_POINT('Origin',(0.684887777715915,0.499999999999988,-0.684887777715887));
#10896=CARTESIAN_POINT('Origin',(0.684887777715915,0.499999999999988,-0.684887777715887));
#10897=CARTESIAN_POINT('Origin',(-0.5,0.5,1.38777878078145E-14));
#10898=CARTESIAN_POINT('',(-0.499999999999973,0.499999999999987,-11.9895788082818));
#10899=CARTESIAN_POINT('',(-0.499999999999973,0.499999999999987,-11.9895788082818));
#10900=CARTESIAN_POINT('',(-0.500000000000056,0.499999999999978,-22.5296923780741));
#10901=CARTESIAN_POINT('',(-0.5,0.5,1.38777878078145E-14));
#10902=CARTESIAN_POINT('',(-0.500000000000056,0.499999999999978,-22.5296923780741));
#10903=CARTESIAN_POINT('Origin',(0.,0.5,2.77555756156289E-14));
#10904=CARTESIAN_POINT('',(-8.12435908831338,0.499999999999987,-8.83146586949982));
#10905=CARTESIAN_POINT('Origin',(0.,0.5,2.77555756156289E-14));
#10906=CARTESIAN_POINT('',(-8.12435908831338,0.499999999999987,-8.83146586949982));
#10907=CARTESIAN_POINT('Origin',(0.353553390593203,0.499999999999988,-0.353553390593259));
#10908=CARTESIAN_POINT('',(-15.1122133560221,0.499999999999987,-15.8193201372085));
#10909=CARTESIAN_POINT('',(0.353553390593203,0.499999999999988,-0.353553390593259));
#10910=CARTESIAN_POINT('',(-15.1122133560221,0.499999999999987,-15.8193201372085));
#10911=CARTESIAN_POINT('Origin',(0.684887777715915,0.499999999999988,-0.684887777715887));
#10912=CARTESIAN_POINT('Origin',(0.684887777715915,0.499999999999988,-0.684887777715887));
#10913=CARTESIAN_POINT('Origin',(21.4195972489771,-6.93889390390723E-15,
-0.100000000000044));
#10914=CARTESIAN_POINT('',(21.419597248977,-5.20417042793042E-15,0.399999999999956));
#10915=CARTESIAN_POINT('',(21.9195972489771,-6.93889390390723E-15,-0.100000000000044));
#10916=CARTESIAN_POINT('Origin',(21.9195972489771,0.799999999999997,0.399999999999984));
#10917=CARTESIAN_POINT('Origin',(19.4195972489771,0.799999999999995,0.399999999999956));
#10918=CARTESIAN_POINT('',(19.4195972489771,0.799999999999995,-0.100000000000044));
#10919=CARTESIAN_POINT('Origin',(19.9195972489771,7.63278329429795E-14,
-0.100000000000031));
#10920=CARTESIAN_POINT('',(19.919597248977,7.63278329429795E-14,0.399999999999956));
#10921=CARTESIAN_POINT('Origin',(-8.32667268468867E-14,0.,0.399999999999998));
#10922=CARTESIAN_POINT('Origin',(0.,0.5,2.77555756156289E-14));
#10923=CARTESIAN_POINT('Origin',(0.,0.5,2.77555756156289E-14));
#10924=CARTESIAN_POINT('Origin',(0.,0.5,2.77555756156289E-14));
#10925=CARTESIAN_POINT('Origin',(0.,0.5,2.77555756156289E-14));
#10926=CARTESIAN_POINT('Origin',(0.,0.5,2.77555756156289E-14));
#10927=CARTESIAN_POINT('Origin',(0.,0.5,2.77555756156289E-14));
#10928=CARTESIAN_POINT('Origin',(0.,0.5,2.77555756156289E-14));
#10929=CARTESIAN_POINT('Origin',(0.,0.5,2.77555756156289E-14));
#10930=CARTESIAN_POINT('Origin',(-28.38,8.49999999999999,25.4));
#10931=CARTESIAN_POINT('',(-28.38,8.49999999999999,25.4));
#10932=CARTESIAN_POINT('Origin',(-28.38,0.,0.));
#10933=UNCERTAINTY_MEASURE_WITH_UNIT(LENGTH_MEASURE(0.01),#10937,
'DISTANCE_ACCURACY_VALUE',
'Maximum model space distance between geometric entities at asserted c
onnectivities');
#10934=UNCERTAINTY_MEASURE_WITH_UNIT(LENGTH_MEASURE(0.01),#10937,
'DISTANCE_ACCURACY_VALUE',
'Maximum model space distance between geometric entities at asserted c
onnectivities');
#10935=(
GEOMETRIC_REPRESENTATION_CONTEXT(3)
GLOBAL_UNCERTAINTY_ASSIGNED_CONTEXT((#10933))
GLOBAL_UNIT_ASSIGNED_CONTEXT((#10937,#10939,#10940))
REPRESENTATION_CONTEXT('','3D')
);
#10936=(
GEOMETRIC_REPRESENTATION_CONTEXT(3)
GLOBAL_UNCERTAINTY_ASSIGNED_CONTEXT((#10934))
GLOBAL_UNIT_ASSIGNED_CONTEXT((#10937,#10939,#10940))
REPRESENTATION_CONTEXT('','3D')
);
#10937=(
LENGTH_UNIT()
NAMED_UNIT(*)
SI_UNIT(.MILLI.,.METRE.)
);
#10938=(
LENGTH_UNIT()
NAMED_UNIT(*)
SI_UNIT(.CENTI.,.METRE.)
);
#10939=(
NAMED_UNIT(*)
PLANE_ANGLE_UNIT()
SI_UNIT($,.RADIAN.)
);
#10940=(
NAMED_UNIT(*)
SI_UNIT($,.STERADIAN.)
SOLID_ANGLE_UNIT()
);
#10941=SHAPE_DEFINITION_REPRESENTATION(#10942,#10943);
#10942=PRODUCT_DEFINITION_SHAPE('',$,#10945);
#10943=SHAPE_REPRESENTATION('',(#5878),#10935);
#10944=PRODUCT_DEFINITION_CONTEXT('part definition',#10949,'design');
#10945=PRODUCT_DEFINITION('5015 Fan v1','5015 Fan v1',#10946,#10944);
#10946=PRODUCT_DEFINITION_FORMATION('',$,#10951);
#10947=PRODUCT_RELATED_PRODUCT_CATEGORY('5015 Fan v1','5015 Fan v1',(#10951));
#10948=APPLICATION_PROTOCOL_DEFINITION('international standard',
'automotive_design',2009,#10949);
#10949=APPLICATION_CONTEXT(
'Core Data for Automotive Mechanical Design Process');
#10950=PRODUCT_CONTEXT('part definition',#10949,'mechanical');
#10951=PRODUCT('5015 Fan v1','5015 Fan v1',$,(#10950));
#10952=PRESENTATION_STYLE_ASSIGNMENT((#10955));
#10953=PRESENTATION_STYLE_ASSIGNMENT((#10956));
#10954=PRESENTATION_STYLE_ASSIGNMENT((#10957));
#10955=SURFACE_STYLE_USAGE(.BOTH.,#10964);
#10956=SURFACE_STYLE_USAGE(.BOTH.,#10965);
#10957=SURFACE_STYLE_USAGE(.BOTH.,#10966);
#10958=SURFACE_STYLE_RENDERING_WITH_PROPERTIES($,#10976,(#10961));
#10959=SURFACE_STYLE_RENDERING_WITH_PROPERTIES($,#10977,(#10962));
#10960=SURFACE_STYLE_RENDERING_WITH_PROPERTIES($,#10978,(#10963));
#10961=SURFACE_STYLE_TRANSPARENT(0.);
#10962=SURFACE_STYLE_TRANSPARENT(0.);
#10963=SURFACE_STYLE_TRANSPARENT(0.);
#10964=SURFACE_SIDE_STYLE('',(#10967,#10958));
#10965=SURFACE_SIDE_STYLE('',(#10968,#10959));
#10966=SURFACE_SIDE_STYLE('',(#10969,#10960));
#10967=SURFACE_STYLE_FILL_AREA(#10970);
#10968=SURFACE_STYLE_FILL_AREA(#10971);
#10969=SURFACE_STYLE_FILL_AREA(#10972);
#10970=FILL_AREA_STYLE('',(#10973));
#10971=FILL_AREA_STYLE('',(#10974));
#10972=FILL_AREA_STYLE('',(#10975));
#10973=FILL_AREA_STYLE_COLOUR('',#10976);
#10974=FILL_AREA_STYLE_COLOUR('',#10977);
#10975=FILL_AREA_STYLE_COLOUR('',#10978);
#10976=COLOUR_RGB('',0.749019607843137,0.749019607843137,0.749019607843137);
#10977=COLOUR_RGB('',0.792156862745098,0.819607843137255,0.933333333333333);
#10978=COLOUR_RGB('',0.501960784313725,0.501960784313725,0.501960784313725);
ENDSEC;
END-ISO-10303-21;
