ISO-10303-21;
HEADER;
/* Generated by software containing ST-Developer
 * from STEP Tools, Inc. (www.steptools.com) 
 */

FILE_DESCRIPTION(
/* description */ (''),
/* implementation_level */ '2;1');

FILE_NAME(
/* name */ 'Giga extruder pancake stepper motor.stp',
/* time_stamp */ '2025-10-21T12:51:23+10:00',
/* author */ ('Jcw Drafting Lab 1'),
/* organization */ (''),
/* preprocessor_version */ 'ST-DEVELOPER v20',
/* originating_system */ 'Autodesk Inventor 2025',
/* authorisation */ '');

FILE_SCHEMA (('AUTOMOTIVE_DESIGN { 1 0 10303 214 3 1 1 }'));
ENDSEC;

DATA;
#10=MECHANICAL_DESIGN_GEOMETRIC_PRESENTATION_REPRESENTATION('',(#19,#20),
#5121);
#11=SHAPE_REPRESENTATION_RELATIONSHIP('SRR','None',#5128,#12);
#12=ADVANCED_BREP_SHAPE_REPRESENTATION('',(#21,#18),#5120);
#13=ORIENTED_CLOSED_SHELL('',*,#2747,.F.);
#14=ORIENTED_CLOSED_SHELL('',*,#2748,.F.);
#15=ORIENTED_CLOSED_SHELL('',*,#2749,.F.);
#16=ORIENTED_CLOSED_SHELL('',*,#2750,.F.);
#17=CONICAL_SURFACE('',#2918,17.7499999999999,0.785398163397996);
#18=BREP_WITH_VOIDS('Solid2',#2746,(#13,#14,#15,#16));
#19=STYLED_ITEM('',(#5138),#21);
#20=STYLED_ITEM('',(#5138),#18);
#21=MANIFOLD_SOLID_BREP('Solid1',#2745);
#22=FACE_BOUND('',#454,.T.);
#23=FACE_BOUND('',#456,.T.);
#24=FACE_BOUND('',#461,.T.);
#25=FACE_BOUND('',#463,.T.);
#26=FACE_BOUND('',#464,.T.);
#27=FACE_BOUND('',#465,.T.);
#28=FACE_BOUND('',#471,.T.);
#29=FACE_BOUND('',#474,.T.);
#30=FACE_BOUND('',#477,.T.);
#31=FACE_BOUND('',#497,.T.);
#32=B_SPLINE_CURVE_WITH_KNOTS('',3,(#3754,#3755,#3756,#3757),
 .UNSPECIFIED.,.F.,.F.,(4,4),(0.,1.),.UNSPECIFIED.);
#33=B_SPLINE_CURVE_WITH_KNOTS('',3,(#3759,#3760,#3761,#3762),
 .UNSPECIFIED.,.F.,.F.,(4,4),(0.,1.),.UNSPECIFIED.);
#34=B_SPLINE_CURVE_WITH_KNOTS('',3,(#3773,#3774,#3775,#3776),
 .UNSPECIFIED.,.F.,.F.,(4,4),(0.,1.),.UNSPECIFIED.);
#35=B_SPLINE_CURVE_WITH_KNOTS('',3,(#3778,#3779,#3780,#3781),
 .UNSPECIFIED.,.F.,.F.,(4,4),(0.,1.),.UNSPECIFIED.);
#36=B_SPLINE_CURVE_WITH_KNOTS('',3,(#3798,#3799,#3800,#3801),
 .UNSPECIFIED.,.F.,.F.,(4,4),(-0.0550091266877615,0.),.UNSPECIFIED.);
#37=B_SPLINE_CURVE_WITH_KNOTS('',3,(#3803,#3804,#3805,#3806),
 .UNSPECIFIED.,.F.,.F.,(4,4),(-0.0550091266877614,0.),.UNSPECIFIED.);
#38=B_SPLINE_CURVE_WITH_KNOTS('',3,(#3817,#3818,#3819,#3820),
 .UNSPECIFIED.,.F.,.F.,(4,4),(0.,1.),.UNSPECIFIED.);
#39=B_SPLINE_CURVE_WITH_KNOTS('',3,(#3822,#3823,#3824,#3825),
 .UNSPECIFIED.,.F.,.F.,(4,4),(0.,1.),.UNSPECIFIED.);
#40=B_SPLINE_CURVE_WITH_KNOTS('',3,(#3866,#3867,#3868,#3869),
 .UNSPECIFIED.,.F.,.F.,(4,4),(0.,1.),.UNSPECIFIED.);
#41=B_SPLINE_CURVE_WITH_KNOTS('',3,(#3871,#3872,#3873,#3874),
 .UNSPECIFIED.,.F.,.F.,(4,4),(0.,1.),.UNSPECIFIED.);
#42=B_SPLINE_CURVE_WITH_KNOTS('',3,(#3885,#3886,#3887,#3888),
 .UNSPECIFIED.,.F.,.F.,(4,4),(0.,1.),.UNSPECIFIED.);
#43=B_SPLINE_CURVE_WITH_KNOTS('',3,(#3890,#3891,#3892,#3893),
 .UNSPECIFIED.,.F.,.F.,(4,4),(0.,1.),.UNSPECIFIED.);
#44=B_SPLINE_CURVE_WITH_KNOTS('',3,(#3910,#3911,#3912,#3913),
 .UNSPECIFIED.,.F.,.F.,(4,4),(-0.0550091266877545,0.),.UNSPECIFIED.);
#45=B_SPLINE_CURVE_WITH_KNOTS('',3,(#3915,#3916,#3917,#3918),
 .UNSPECIFIED.,.F.,.F.,(4,4),(-0.055009126687757,0.),.UNSPECIFIED.);
#46=B_SPLINE_CURVE_WITH_KNOTS('',3,(#3929,#3930,#3931,#3932),
 .UNSPECIFIED.,.F.,.F.,(4,4),(0.,1.),.UNSPECIFIED.);
#47=B_SPLINE_CURVE_WITH_KNOTS('',3,(#3934,#3935,#3936,#3937),
 .UNSPECIFIED.,.F.,.F.,(4,4),(0.,1.),.UNSPECIFIED.);
#48=B_SPLINE_CURVE_WITH_KNOTS('',3,(#3978,#3979,#3980,#3981),
 .UNSPECIFIED.,.F.,.F.,(4,4),(0.,1.),.UNSPECIFIED.);
#49=B_SPLINE_CURVE_WITH_KNOTS('',3,(#3983,#3984,#3985,#3986),
 .UNSPECIFIED.,.F.,.F.,(4,4),(0.,1.),.UNSPECIFIED.);
#50=B_SPLINE_CURVE_WITH_KNOTS('',3,(#3997,#3998,#3999,#4000),
 .UNSPECIFIED.,.F.,.F.,(4,4),(0.,1.),.UNSPECIFIED.);
#51=B_SPLINE_CURVE_WITH_KNOTS('',3,(#4002,#4003,#4004,#4005),
 .UNSPECIFIED.,.F.,.F.,(4,4),(0.,1.),.UNSPECIFIED.);
#52=B_SPLINE_CURVE_WITH_KNOTS('',3,(#4022,#4023,#4024,#4025),
 .UNSPECIFIED.,.F.,.F.,(4,4),(-0.0550091266877561,0.),.UNSPECIFIED.);
#53=B_SPLINE_CURVE_WITH_KNOTS('',3,(#4027,#4028,#4029,#4030),
 .UNSPECIFIED.,.F.,.F.,(4,4),(-0.0550091266877528,0.),.UNSPECIFIED.);
#54=B_SPLINE_CURVE_WITH_KNOTS('',3,(#4041,#4042,#4043,#4044),
 .UNSPECIFIED.,.F.,.F.,(4,4),(0.,1.),.UNSPECIFIED.);
#55=B_SPLINE_CURVE_WITH_KNOTS('',3,(#4046,#4047,#4048,#4049),
 .UNSPECIFIED.,.F.,.F.,(4,4),(0.,1.),.UNSPECIFIED.);
#56=B_SPLINE_CURVE_WITH_KNOTS('',3,(#4090,#4091,#4092,#4093),
 .UNSPECIFIED.,.F.,.F.,(4,4),(0.,1.),.UNSPECIFIED.);
#57=B_SPLINE_CURVE_WITH_KNOTS('',3,(#4095,#4096,#4097,#4098),
 .UNSPECIFIED.,.F.,.F.,(4,4),(0.,1.),.UNSPECIFIED.);
#58=B_SPLINE_CURVE_WITH_KNOTS('',3,(#4109,#4110,#4111,#4112),
 .UNSPECIFIED.,.F.,.F.,(4,4),(0.,1.),.UNSPECIFIED.);
#59=B_SPLINE_CURVE_WITH_KNOTS('',3,(#4114,#4115,#4116,#4117),
 .UNSPECIFIED.,.F.,.F.,(4,4),(0.,1.),.UNSPECIFIED.);
#60=B_SPLINE_CURVE_WITH_KNOTS('',3,(#4134,#4135,#4136,#4137),
 .UNSPECIFIED.,.F.,.F.,(4,4),(-0.0550091266877596,0.),.UNSPECIFIED.);
#61=B_SPLINE_CURVE_WITH_KNOTS('',3,(#4139,#4140,#4141,#4142),
 .UNSPECIFIED.,.F.,.F.,(4,4),(-0.0550091266877523,0.),.UNSPECIFIED.);
#62=B_SPLINE_CURVE_WITH_KNOTS('',3,(#4153,#4154,#4155,#4156),
 .UNSPECIFIED.,.F.,.F.,(4,4),(0.,1.),.UNSPECIFIED.);
#63=B_SPLINE_CURVE_WITH_KNOTS('',3,(#4158,#4159,#4160,#4161),
 .UNSPECIFIED.,.F.,.F.,(4,4),(0.,1.),.UNSPECIFIED.);
#64=B_SPLINE_CURVE_WITH_KNOTS('',3,(#4202,#4203,#4204,#4205),
 .UNSPECIFIED.,.F.,.F.,(4,4),(0.,1.),.UNSPECIFIED.);
#65=B_SPLINE_CURVE_WITH_KNOTS('',3,(#4207,#4208,#4209,#4210),
 .UNSPECIFIED.,.F.,.F.,(4,4),(0.,1.),.UNSPECIFIED.);
#66=B_SPLINE_CURVE_WITH_KNOTS('',3,(#4221,#4222,#4223,#4224),
 .UNSPECIFIED.,.F.,.F.,(4,4),(0.,1.),.UNSPECIFIED.);
#67=B_SPLINE_CURVE_WITH_KNOTS('',3,(#4226,#4227,#4228,#4229),
 .UNSPECIFIED.,.F.,.F.,(4,4),(0.,1.),.UNSPECIFIED.);
#68=B_SPLINE_CURVE_WITH_KNOTS('',3,(#4246,#4247,#4248,#4249),
 .UNSPECIFIED.,.F.,.F.,(4,4),(-0.0550091266877554,0.),.UNSPECIFIED.);
#69=B_SPLINE_CURVE_WITH_KNOTS('',3,(#4251,#4252,#4253,#4254),
 .UNSPECIFIED.,.F.,.F.,(4,4),(-0.0550091266877554,0.),.UNSPECIFIED.);
#70=B_SPLINE_CURVE_WITH_KNOTS('',3,(#4265,#4266,#4267,#4268),
 .UNSPECIFIED.,.F.,.F.,(4,4),(0.,1.),.UNSPECIFIED.);
#71=B_SPLINE_CURVE_WITH_KNOTS('',3,(#4270,#4271,#4272,#4273),
 .UNSPECIFIED.,.F.,.F.,(4,4),(0.,1.),.UNSPECIFIED.);
#72=B_SPLINE_CURVE_WITH_KNOTS('',3,(#4314,#4315,#4316,#4317),
 .UNSPECIFIED.,.F.,.F.,(4,4),(0.,1.),.UNSPECIFIED.);
#73=B_SPLINE_CURVE_WITH_KNOTS('',3,(#4319,#4320,#4321,#4322),
 .UNSPECIFIED.,.F.,.F.,(4,4),(0.,1.),.UNSPECIFIED.);
#74=B_SPLINE_CURVE_WITH_KNOTS('',3,(#4333,#4334,#4335,#4336),
 .UNSPECIFIED.,.F.,.F.,(4,4),(0.,1.),.UNSPECIFIED.);
#75=B_SPLINE_CURVE_WITH_KNOTS('',3,(#4338,#4339,#4340,#4341),
 .UNSPECIFIED.,.F.,.F.,(4,4),(0.,1.),.UNSPECIFIED.);
#76=B_SPLINE_CURVE_WITH_KNOTS('',3,(#4358,#4359,#4360,#4361),
 .UNSPECIFIED.,.F.,.F.,(4,4),(-0.0550091266877576,0.),.UNSPECIFIED.);
#77=B_SPLINE_CURVE_WITH_KNOTS('',3,(#4363,#4364,#4365,#4366),
 .UNSPECIFIED.,.F.,.F.,(4,4),(-0.055009126687748,0.),.UNSPECIFIED.);
#78=B_SPLINE_CURVE_WITH_KNOTS('',3,(#4377,#4378,#4379,#4380),
 .UNSPECIFIED.,.F.,.F.,(4,4),(0.,1.),.UNSPECIFIED.);
#79=B_SPLINE_CURVE_WITH_KNOTS('',3,(#4382,#4383,#4384,#4385),
 .UNSPECIFIED.,.F.,.F.,(4,4),(0.,1.),.UNSPECIFIED.);
#80=B_SPLINE_CURVE_WITH_KNOTS('',3,(#4426,#4427,#4428,#4429),
 .UNSPECIFIED.,.F.,.F.,(4,4),(0.,1.),.UNSPECIFIED.);
#81=B_SPLINE_CURVE_WITH_KNOTS('',3,(#4431,#4432,#4433,#4434),
 .UNSPECIFIED.,.F.,.F.,(4,4),(0.,1.),.UNSPECIFIED.);
#82=B_SPLINE_CURVE_WITH_KNOTS('',3,(#4445,#4446,#4447,#4448),
 .UNSPECIFIED.,.F.,.F.,(4,4),(0.,1.),.UNSPECIFIED.);
#83=B_SPLINE_CURVE_WITH_KNOTS('',3,(#4450,#4451,#4452,#4453),
 .UNSPECIFIED.,.F.,.F.,(4,4),(0.,1.),.UNSPECIFIED.);
#84=B_SPLINE_CURVE_WITH_KNOTS('',3,(#4470,#4471,#4472,#4473),
 .UNSPECIFIED.,.F.,.F.,(4,4),(-0.0550091266877571,0.),.UNSPECIFIED.);
#85=B_SPLINE_CURVE_WITH_KNOTS('',3,(#4475,#4476,#4477,#4478),
 .UNSPECIFIED.,.F.,.F.,(4,4),(-0.0550091266877534,0.),.UNSPECIFIED.);
#86=B_SPLINE_CURVE_WITH_KNOTS('',3,(#4489,#4490,#4491,#4492),
 .UNSPECIFIED.,.F.,.F.,(4,4),(0.,1.),.UNSPECIFIED.);
#87=B_SPLINE_CURVE_WITH_KNOTS('',3,(#4494,#4495,#4496,#4497),
 .UNSPECIFIED.,.F.,.F.,(4,4),(0.,1.),.UNSPECIFIED.);
#88=B_SPLINE_CURVE_WITH_KNOTS('',3,(#4538,#4539,#4540,#4541),
 .UNSPECIFIED.,.F.,.F.,(4,4),(0.,1.),.UNSPECIFIED.);
#89=B_SPLINE_CURVE_WITH_KNOTS('',3,(#4543,#4544,#4545,#4546),
 .UNSPECIFIED.,.F.,.F.,(4,4),(0.,1.),.UNSPECIFIED.);
#90=B_SPLINE_CURVE_WITH_KNOTS('',3,(#4557,#4558,#4559,#4560),
 .UNSPECIFIED.,.F.,.F.,(4,4),(0.,1.),.UNSPECIFIED.);
#91=B_SPLINE_CURVE_WITH_KNOTS('',3,(#4562,#4563,#4564,#4565),
 .UNSPECIFIED.,.F.,.F.,(4,4),(0.,1.),.UNSPECIFIED.);
#92=B_SPLINE_CURVE_WITH_KNOTS('',3,(#4582,#4583,#4584,#4585),
 .UNSPECIFIED.,.F.,.F.,(4,4),(-0.0550091266877509,0.),.UNSPECIFIED.);
#93=B_SPLINE_CURVE_WITH_KNOTS('',3,(#4587,#4588,#4589,#4590,#4591,#4592,
#4593,#4594,#4595,#4596,#4597,#4598,#4599,#4600,#4601,#4602,#4603,#4604,
#4605,#4606,#4607,#4608,#4609,#4610,#4611,#4612,#4613,#4614,#4615,#4616,
#4617),.UNSPECIFIED.,.F.,.F.,(4,3,3,3,3,3,3,3,3,3,4),(-0.0550091266877562,
-0.0505762719736165,-0.0459357563361959,-0.0411013776641455,-0.0359637054561273,
-0.0313536787634748,-0.0278665886486615,-0.0202563936782075,-0.0124692640509385,
-0.00448108814123765,0.),.UNSPECIFIED.);
#94=B_SPLINE_CURVE_WITH_KNOTS('',3,(#4628,#4629,#4630,#4631),
 .UNSPECIFIED.,.F.,.F.,(4,4),(0.,1.),.UNSPECIFIED.);
#95=B_SPLINE_CURVE_WITH_KNOTS('',3,(#4633,#4634,#4635,#4636),
 .UNSPECIFIED.,.F.,.F.,(4,4),(0.,1.),.UNSPECIFIED.);
#96=B_SPLINE_CURVE_WITH_KNOTS('',3,(#4677,#4678,#4679,#4680),
 .UNSPECIFIED.,.F.,.F.,(4,4),(0.,1.),.UNSPECIFIED.);
#97=B_SPLINE_CURVE_WITH_KNOTS('',3,(#4682,#4683,#4684,#4685),
 .UNSPECIFIED.,.F.,.F.,(4,4),(0.,1.),.UNSPECIFIED.);
#98=B_SPLINE_CURVE_WITH_KNOTS('',3,(#4696,#4697,#4698,#4699),
 .UNSPECIFIED.,.F.,.F.,(4,4),(0.,1.),.UNSPECIFIED.);
#99=B_SPLINE_CURVE_WITH_KNOTS('',3,(#4701,#4702,#4703,#4704),
 .UNSPECIFIED.,.F.,.F.,(4,4),(0.,1.),.UNSPECIFIED.);
#100=B_SPLINE_CURVE_WITH_KNOTS('',3,(#4721,#4722,#4723,#4724),
 .UNSPECIFIED.,.F.,.F.,(4,4),(-0.0550091266877607,0.),.UNSPECIFIED.);
#101=B_SPLINE_CURVE_WITH_KNOTS('',3,(#4726,#4727,#4728,#4729,#4730,#4731,
#4732,#4733,#4734,#4735,#4736,#4737,#4738,#4739,#4740,#4741,#4742,#4743,
#4744,#4745,#4746,#4747,#4748,#4749,#4750,#4751,#4752,#4753,#4754,#4755,
#4756),.UNSPECIFIED.,.F.,.F.,(4,3,3,3,3,3,3,3,3,3,4),(-0.0550091266877574,
-0.0505762719732185,-0.045935756335003,-0.0411013776643124,-0.0359637054562734,
-0.0313536787629682,-0.0272830402906249,-0.0196577388637986,-0.0118584476800811,
-0.00386470740770036,0.),.UNSPECIFIED.);
#102=B_SPLINE_CURVE_WITH_KNOTS('',3,(#4767,#4768,#4769,#4770),
 .UNSPECIFIED.,.F.,.F.,(4,4),(0.,1.),.UNSPECIFIED.);
#103=B_SPLINE_CURVE_WITH_KNOTS('',3,(#4772,#4773,#4774,#4775),
 .UNSPECIFIED.,.F.,.F.,(4,4),(0.,1.),.UNSPECIFIED.);
#104=B_SPLINE_CURVE_WITH_KNOTS('',3,(#4816,#4817,#4818,#4819),
 .UNSPECIFIED.,.F.,.F.,(4,4),(0.,1.),.UNSPECIFIED.);
#105=B_SPLINE_CURVE_WITH_KNOTS('',3,(#4821,#4822,#4823,#4824),
 .UNSPECIFIED.,.F.,.F.,(4,4),(0.,1.),.UNSPECIFIED.);
#106=B_SPLINE_CURVE_WITH_KNOTS('',3,(#4835,#4836,#4837,#4838),
 .UNSPECIFIED.,.F.,.F.,(4,4),(0.,1.),.UNSPECIFIED.);
#107=B_SPLINE_CURVE_WITH_KNOTS('',3,(#4840,#4841,#4842,#4843),
 .UNSPECIFIED.,.F.,.F.,(4,4),(0.,1.),.UNSPECIFIED.);
#108=B_SPLINE_CURVE_WITH_KNOTS('',3,(#4860,#4861,#4862,#4863),
 .UNSPECIFIED.,.F.,.F.,(4,4),(-0.0550091266877554,0.),.UNSPECIFIED.);
#109=B_SPLINE_CURVE_WITH_KNOTS('',3,(#4865,#4866,#4867,#4868),
 .UNSPECIFIED.,.F.,.F.,(4,4),(-0.0550091266877554,0.),.UNSPECIFIED.);
#110=B_SPLINE_CURVE_WITH_KNOTS('',3,(#4879,#4880,#4881,#4882),
 .UNSPECIFIED.,.F.,.F.,(4,4),(0.,1.),.UNSPECIFIED.);
#111=B_SPLINE_CURVE_WITH_KNOTS('',3,(#4884,#4885,#4886,#4887),
 .UNSPECIFIED.,.F.,.F.,(4,4),(0.,1.),.UNSPECIFIED.);
#112=B_SPLINE_SURFACE_WITH_KNOTS('',3,1,((#3745,#3746),(#3747,#3748),(#3749,
#3750),(#3751,#3752)),.UNSPECIFIED.,.F.,.F.,.F.,(4,4),(2,2),(0.,1.),(0.,
1.1943936),.UNSPECIFIED.);
#113=B_SPLINE_SURFACE_WITH_KNOTS('',3,1,((#3764,#3765),(#3766,#3767),(#3768,
#3769),(#3770,#3771)),.UNSPECIFIED.,.F.,.F.,.F.,(4,4),(2,2),(0.,1.),(0.,
1.1943936),.UNSPECIFIED.);
#114=B_SPLINE_SURFACE_WITH_KNOTS('',3,1,((#3789,#3790),(#3791,#3792),(#3793,
#3794),(#3795,#3796)),.UNSPECIFIED.,.F.,.F.,.F.,(4,4),(2,2),(0.,1.),(0.,
1.1943936),.UNSPECIFIED.);
#115=B_SPLINE_SURFACE_WITH_KNOTS('',3,1,((#3808,#3809),(#3810,#3811),(#3812,
#3813),(#3814,#3815)),.UNSPECIFIED.,.F.,.F.,.F.,(4,4),(2,2),(0.,1.),(0.,
1.1943936),.UNSPECIFIED.);
#116=B_SPLINE_SURFACE_WITH_KNOTS('',3,1,((#3857,#3858),(#3859,#3860),(#3861,
#3862),(#3863,#3864)),.UNSPECIFIED.,.F.,.F.,.F.,(4,4),(2,2),(0.,1.),(0.,
1.1943936),.UNSPECIFIED.);
#117=B_SPLINE_SURFACE_WITH_KNOTS('',3,1,((#3876,#3877),(#3878,#3879),(#3880,
#3881),(#3882,#3883)),.UNSPECIFIED.,.F.,.F.,.F.,(4,4),(2,2),(0.,1.),(0.,
1.1943936),.UNSPECIFIED.);
#118=B_SPLINE_SURFACE_WITH_KNOTS('',3,1,((#3901,#3902),(#3903,#3904),(#3905,
#3906),(#3907,#3908)),.UNSPECIFIED.,.F.,.F.,.F.,(4,4),(2,2),(0.,1.),(0.,
1.1943936),.UNSPECIFIED.);
#119=B_SPLINE_SURFACE_WITH_KNOTS('',3,1,((#3920,#3921),(#3922,#3923),(#3924,
#3925),(#3926,#3927)),.UNSPECIFIED.,.F.,.F.,.F.,(4,4),(2,2),(0.,1.),(0.,
1.1943936),.UNSPECIFIED.);
#120=B_SPLINE_SURFACE_WITH_KNOTS('',3,1,((#3969,#3970),(#3971,#3972),(#3973,
#3974),(#3975,#3976)),.UNSPECIFIED.,.F.,.F.,.F.,(4,4),(2,2),(0.,1.),(0.,
1.1943936),.UNSPECIFIED.);
#121=B_SPLINE_SURFACE_WITH_KNOTS('',3,1,((#3988,#3989),(#3990,#3991),(#3992,
#3993),(#3994,#3995)),.UNSPECIFIED.,.F.,.F.,.F.,(4,4),(2,2),(0.,1.),(0.,
1.1943936),.UNSPECIFIED.);
#122=B_SPLINE_SURFACE_WITH_KNOTS('',3,1,((#4013,#4014),(#4015,#4016),(#4017,
#4018),(#4019,#4020)),.UNSPECIFIED.,.F.,.F.,.F.,(4,4),(2,2),(0.,1.),(0.,
1.1943936),.UNSPECIFIED.);
#123=B_SPLINE_SURFACE_WITH_KNOTS('',3,1,((#4032,#4033),(#4034,#4035),(#4036,
#4037),(#4038,#4039)),.UNSPECIFIED.,.F.,.F.,.F.,(4,4),(2,2),(0.,1.),(0.,
1.1943936),.UNSPECIFIED.);
#124=B_SPLINE_SURFACE_WITH_KNOTS('',3,1,((#4081,#4082),(#4083,#4084),(#4085,
#4086),(#4087,#4088)),.UNSPECIFIED.,.F.,.F.,.F.,(4,4),(2,2),(0.,1.),(0.,
1.1943936),.UNSPECIFIED.);
#125=B_SPLINE_SURFACE_WITH_KNOTS('',3,1,((#4100,#4101),(#4102,#4103),(#4104,
#4105),(#4106,#4107)),.UNSPECIFIED.,.F.,.F.,.F.,(4,4),(2,2),(0.,1.),(0.,
1.1943936),.UNSPECIFIED.);
#126=B_SPLINE_SURFACE_WITH_KNOTS('',3,1,((#4125,#4126),(#4127,#4128),(#4129,
#4130),(#4131,#4132)),.UNSPECIFIED.,.F.,.F.,.F.,(4,4),(2,2),(0.,1.),(0.,
1.1943936),.UNSPECIFIED.);
#127=B_SPLINE_SURFACE_WITH_KNOTS('',3,1,((#4144,#4145),(#4146,#4147),(#4148,
#4149),(#4150,#4151)),.UNSPECIFIED.,.F.,.F.,.F.,(4,4),(2,2),(0.,1.),(0.,
1.1943936),.UNSPECIFIED.);
#128=B_SPLINE_SURFACE_WITH_KNOTS('',3,1,((#4193,#4194),(#4195,#4196),(#4197,
#4198),(#4199,#4200)),.UNSPECIFIED.,.F.,.F.,.F.,(4,4),(2,2),(0.,1.),(0.,
1.1943936),.UNSPECIFIED.);
#129=B_SPLINE_SURFACE_WITH_KNOTS('',3,1,((#4212,#4213),(#4214,#4215),(#4216,
#4217),(#4218,#4219)),.UNSPECIFIED.,.F.,.F.,.F.,(4,4),(2,2),(0.,1.),(0.,
1.1943936),.UNSPECIFIED.);
#130=B_SPLINE_SURFACE_WITH_KNOTS('',3,1,((#4237,#4238),(#4239,#4240),(#4241,
#4242),(#4243,#4244)),.UNSPECIFIED.,.F.,.F.,.F.,(4,4),(2,2),(0.,1.),(0.,
1.1943936),.UNSPECIFIED.);
#131=B_SPLINE_SURFACE_WITH_KNOTS('',3,1,((#4256,#4257),(#4258,#4259),(#4260,
#4261),(#4262,#4263)),.UNSPECIFIED.,.F.,.F.,.F.,(4,4),(2,2),(0.,1.),(0.,
1.1943936),.UNSPECIFIED.);
#132=B_SPLINE_SURFACE_WITH_KNOTS('',3,1,((#4305,#4306),(#4307,#4308),(#4309,
#4310),(#4311,#4312)),.UNSPECIFIED.,.F.,.F.,.F.,(4,4),(2,2),(0.,1.),(0.,
1.1943936),.UNSPECIFIED.);
#133=B_SPLINE_SURFACE_WITH_KNOTS('',3,1,((#4324,#4325),(#4326,#4327),(#4328,
#4329),(#4330,#4331)),.UNSPECIFIED.,.F.,.F.,.F.,(4,4),(2,2),(0.,1.),(0.,
1.1943936),.UNSPECIFIED.);
#134=B_SPLINE_SURFACE_WITH_KNOTS('',3,1,((#4349,#4350),(#4351,#4352),(#4353,
#4354),(#4355,#4356)),.UNSPECIFIED.,.F.,.F.,.F.,(4,4),(2,2),(0.,1.),(0.,
1.1943936),.UNSPECIFIED.);
#135=B_SPLINE_SURFACE_WITH_KNOTS('',3,1,((#4368,#4369),(#4370,#4371),(#4372,
#4373),(#4374,#4375)),.UNSPECIFIED.,.F.,.F.,.F.,(4,4),(2,2),(0.,1.),(0.,
1.1943936),.UNSPECIFIED.);
#136=B_SPLINE_SURFACE_WITH_KNOTS('',3,1,((#4417,#4418),(#4419,#4420),(#4421,
#4422),(#4423,#4424)),.UNSPECIFIED.,.F.,.F.,.F.,(4,4),(2,2),(0.,1.),(0.,
1.1943936),.UNSPECIFIED.);
#137=B_SPLINE_SURFACE_WITH_KNOTS('',3,1,((#4436,#4437),(#4438,#4439),(#4440,
#4441),(#4442,#4443)),.UNSPECIFIED.,.F.,.F.,.F.,(4,4),(2,2),(0.,1.),(0.,
1.1943936),.UNSPECIFIED.);
#138=B_SPLINE_SURFACE_WITH_KNOTS('',3,1,((#4461,#4462),(#4463,#4464),(#4465,
#4466),(#4467,#4468)),.UNSPECIFIED.,.F.,.F.,.F.,(4,4),(2,2),(0.,1.),(0.,
1.1943936),.UNSPECIFIED.);
#139=B_SPLINE_SURFACE_WITH_KNOTS('',3,1,((#4480,#4481),(#4482,#4483),(#4484,
#4485),(#4486,#4487)),.UNSPECIFIED.,.F.,.F.,.F.,(4,4),(2,2),(0.,1.),(0.,
1.1943936),.UNSPECIFIED.);
#140=B_SPLINE_SURFACE_WITH_KNOTS('',3,1,((#4529,#4530),(#4531,#4532),(#4533,
#4534),(#4535,#4536)),.UNSPECIFIED.,.F.,.F.,.F.,(4,4),(2,2),(0.,1.),(0.,
1.1943936),.UNSPECIFIED.);
#141=B_SPLINE_SURFACE_WITH_KNOTS('',3,1,((#4548,#4549),(#4550,#4551),(#4552,
#4553),(#4554,#4555)),.UNSPECIFIED.,.F.,.F.,.F.,(4,4),(2,2),(0.,1.),(0.,
1.1943936),.UNSPECIFIED.);
#142=B_SPLINE_SURFACE_WITH_KNOTS('',3,1,((#4573,#4574),(#4575,#4576),(#4577,
#4578),(#4579,#4580)),.UNSPECIFIED.,.F.,.F.,.F.,(4,4),(2,2),(0.,1.),(0.,
1.1943936),.UNSPECIFIED.);
#143=B_SPLINE_SURFACE_WITH_KNOTS('',3,1,((#4619,#4620),(#4621,#4622),(#4623,
#4624),(#4625,#4626)),.UNSPECIFIED.,.F.,.F.,.F.,(4,4),(2,2),(0.,1.),(0.,
1.1943936),.UNSPECIFIED.);
#144=B_SPLINE_SURFACE_WITH_KNOTS('',3,1,((#4668,#4669),(#4670,#4671),(#4672,
#4673),(#4674,#4675)),.UNSPECIFIED.,.F.,.F.,.F.,(4,4),(2,2),(0.,1.),(0.,
1.1943936),.UNSPECIFIED.);
#145=B_SPLINE_SURFACE_WITH_KNOTS('',3,1,((#4687,#4688),(#4689,#4690),(#4691,
#4692),(#4693,#4694)),.UNSPECIFIED.,.F.,.F.,.F.,(4,4),(2,2),(0.,1.),(0.,
1.1943936),.UNSPECIFIED.);
#146=B_SPLINE_SURFACE_WITH_KNOTS('',3,1,((#4712,#4713),(#4714,#4715),(#4716,
#4717),(#4718,#4719)),.UNSPECIFIED.,.F.,.F.,.F.,(4,4),(2,2),(0.,1.),(0.,
1.1943936),.UNSPECIFIED.);
#147=B_SPLINE_SURFACE_WITH_KNOTS('',3,1,((#4758,#4759),(#4760,#4761),(#4762,
#4763),(#4764,#4765)),.UNSPECIFIED.,.F.,.F.,.F.,(4,4),(2,2),(0.,1.),(0.,
1.1943936),.UNSPECIFIED.);
#148=B_SPLINE_SURFACE_WITH_KNOTS('',3,1,((#4807,#4808),(#4809,#4810),(#4811,
#4812),(#4813,#4814)),.UNSPECIFIED.,.F.,.F.,.F.,(4,4),(2,2),(0.,1.),(0.,
1.1943936),.UNSPECIFIED.);
#149=B_SPLINE_SURFACE_WITH_KNOTS('',3,1,((#4826,#4827),(#4828,#4829),(#4830,
#4831),(#4832,#4833)),.UNSPECIFIED.,.F.,.F.,.F.,(4,4),(2,2),(0.,1.),(0.,
1.1943936),.UNSPECIFIED.);
#150=B_SPLINE_SURFACE_WITH_KNOTS('',3,1,((#4851,#4852),(#4853,#4854),(#4855,
#4856),(#4857,#4858)),.UNSPECIFIED.,.F.,.F.,.F.,(4,4),(2,2),(0.,1.),(0.,
1.1943936),.UNSPECIFIED.);
#151=B_SPLINE_SURFACE_WITH_KNOTS('',3,1,((#4870,#4871),(#4872,#4873),(#4874,
#4875),(#4876,#4877)),.UNSPECIFIED.,.F.,.F.,.F.,(4,4),(2,2),(0.,1.),(0.,
1.1943936),.UNSPECIFIED.);
#152=PLANE('',#2785);
#153=PLANE('',#2789);
#154=PLANE('',#2799);
#155=PLANE('',#2803);
#156=PLANE('',#2813);
#157=PLANE('',#2817);
#158=PLANE('',#2827);
#159=PLANE('',#2831);
#160=PLANE('',#2841);
#161=PLANE('',#2845);
#162=PLANE('',#2855);
#163=PLANE('',#2859);
#164=PLANE('',#2869);
#165=PLANE('',#2873);
#166=PLANE('',#2883);
#167=PLANE('',#2887);
#168=PLANE('',#2897);
#169=PLANE('',#2901);
#170=PLANE('',#2911);
#171=PLANE('',#2915);
#172=PLANE('',#2916);
#173=PLANE('',#2917);
#174=PLANE('',#2922);
#175=PLANE('',#2929);
#176=PLANE('',#2935);
#177=PLANE('',#2953);
#178=PLANE('',#2957);
#179=PLANE('',#2959);
#180=PLANE('',#2963);
#181=PLANE('',#2968);
#182=PLANE('',#2972);
#183=PLANE('',#2982);
#184=PLANE('',#2984);
#185=PLANE('',#2988);
#186=PLANE('',#2990);
#187=PLANE('',#2996);
#188=PLANE('',#3000);
#189=PLANE('',#3001);
#190=PLANE('',#3002);
#191=PLANE('',#3006);
#192=PLANE('',#3007);
#193=PLANE('',#3008);
#194=PLANE('',#3012);
#195=PLANE('',#3013);
#196=PLANE('',#3014);
#197=PLANE('',#3018);
#198=PLANE('',#3019);
#199=PLANE('',#3020);
#200=FACE_OUTER_BOUND('',#352,.T.);
#201=FACE_OUTER_BOUND('',#353,.T.);
#202=FACE_OUTER_BOUND('',#354,.T.);
#203=FACE_OUTER_BOUND('',#355,.T.);
#204=FACE_OUTER_BOUND('',#356,.T.);
#205=FACE_OUTER_BOUND('',#357,.T.);
#206=FACE_OUTER_BOUND('',#358,.T.);
#207=FACE_OUTER_BOUND('',#359,.T.);
#208=FACE_OUTER_BOUND('',#360,.T.);
#209=FACE_OUTER_BOUND('',#361,.T.);
#210=FACE_OUTER_BOUND('',#362,.T.);
#211=FACE_OUTER_BOUND('',#363,.T.);
#212=FACE_OUTER_BOUND('',#364,.T.);
#213=FACE_OUTER_BOUND('',#365,.T.);
#214=FACE_OUTER_BOUND('',#366,.T.);
#215=FACE_OUTER_BOUND('',#367,.T.);
#216=FACE_OUTER_BOUND('',#368,.T.);
#217=FACE_OUTER_BOUND('',#369,.T.);
#218=FACE_OUTER_BOUND('',#370,.T.);
#219=FACE_OUTER_BOUND('',#371,.T.);
#220=FACE_OUTER_BOUND('',#372,.T.);
#221=FACE_OUTER_BOUND('',#373,.T.);
#222=FACE_OUTER_BOUND('',#374,.T.);
#223=FACE_OUTER_BOUND('',#375,.T.);
#224=FACE_OUTER_BOUND('',#376,.T.);
#225=FACE_OUTER_BOUND('',#377,.T.);
#226=FACE_OUTER_BOUND('',#378,.T.);
#227=FACE_OUTER_BOUND('',#379,.T.);
#228=FACE_OUTER_BOUND('',#380,.T.);
#229=FACE_OUTER_BOUND('',#381,.T.);
#230=FACE_OUTER_BOUND('',#382,.T.);
#231=FACE_OUTER_BOUND('',#383,.T.);
#232=FACE_OUTER_BOUND('',#384,.T.);
#233=FACE_OUTER_BOUND('',#385,.T.);
#234=FACE_OUTER_BOUND('',#386,.T.);
#235=FACE_OUTER_BOUND('',#387,.T.);
#236=FACE_OUTER_BOUND('',#388,.T.);
#237=FACE_OUTER_BOUND('',#389,.T.);
#238=FACE_OUTER_BOUND('',#390,.T.);
#239=FACE_OUTER_BOUND('',#391,.T.);
#240=FACE_OUTER_BOUND('',#392,.T.);
#241=FACE_OUTER_BOUND('',#393,.T.);
#242=FACE_OUTER_BOUND('',#394,.T.);
#243=FACE_OUTER_BOUND('',#395,.T.);
#244=FACE_OUTER_BOUND('',#396,.T.);
#245=FACE_OUTER_BOUND('',#397,.T.);
#246=FACE_OUTER_BOUND('',#398,.T.);
#247=FACE_OUTER_BOUND('',#399,.T.);
#248=FACE_OUTER_BOUND('',#400,.T.);
#249=FACE_OUTER_BOUND('',#401,.T.);
#250=FACE_OUTER_BOUND('',#402,.T.);
#251=FACE_OUTER_BOUND('',#403,.T.);
#252=FACE_OUTER_BOUND('',#404,.T.);
#253=FACE_OUTER_BOUND('',#405,.T.);
#254=FACE_OUTER_BOUND('',#406,.T.);
#255=FACE_OUTER_BOUND('',#407,.T.);
#256=FACE_OUTER_BOUND('',#408,.T.);
#257=FACE_OUTER_BOUND('',#409,.T.);
#258=FACE_OUTER_BOUND('',#410,.T.);
#259=FACE_OUTER_BOUND('',#411,.T.);
#260=FACE_OUTER_BOUND('',#412,.T.);
#261=FACE_OUTER_BOUND('',#413,.T.);
#262=FACE_OUTER_BOUND('',#414,.T.);
#263=FACE_OUTER_BOUND('',#415,.T.);
#264=FACE_OUTER_BOUND('',#416,.T.);
#265=FACE_OUTER_BOUND('',#417,.T.);
#266=FACE_OUTER_BOUND('',#418,.T.);
#267=FACE_OUTER_BOUND('',#419,.T.);
#268=FACE_OUTER_BOUND('',#420,.T.);
#269=FACE_OUTER_BOUND('',#421,.T.);
#270=FACE_OUTER_BOUND('',#422,.T.);
#271=FACE_OUTER_BOUND('',#423,.T.);
#272=FACE_OUTER_BOUND('',#424,.T.);
#273=FACE_OUTER_BOUND('',#425,.T.);
#274=FACE_OUTER_BOUND('',#426,.T.);
#275=FACE_OUTER_BOUND('',#427,.T.);
#276=FACE_OUTER_BOUND('',#428,.T.);
#277=FACE_OUTER_BOUND('',#429,.T.);
#278=FACE_OUTER_BOUND('',#430,.T.);
#279=FACE_OUTER_BOUND('',#431,.T.);
#280=FACE_OUTER_BOUND('',#432,.T.);
#281=FACE_OUTER_BOUND('',#433,.T.);
#282=FACE_OUTER_BOUND('',#434,.T.);
#283=FACE_OUTER_BOUND('',#435,.T.);
#284=FACE_OUTER_BOUND('',#436,.T.);
#285=FACE_OUTER_BOUND('',#437,.T.);
#286=FACE_OUTER_BOUND('',#438,.T.);
#287=FACE_OUTER_BOUND('',#439,.T.);
#288=FACE_OUTER_BOUND('',#440,.T.);
#289=FACE_OUTER_BOUND('',#441,.T.);
#290=FACE_OUTER_BOUND('',#442,.T.);
#291=FACE_OUTER_BOUND('',#443,.T.);
#292=FACE_OUTER_BOUND('',#444,.T.);
#293=FACE_OUTER_BOUND('',#445,.T.);
#294=FACE_OUTER_BOUND('',#446,.T.);
#295=FACE_OUTER_BOUND('',#447,.T.);
#296=FACE_OUTER_BOUND('',#448,.T.);
#297=FACE_OUTER_BOUND('',#449,.T.);
#298=FACE_OUTER_BOUND('',#450,.T.);
#299=FACE_OUTER_BOUND('',#451,.T.);
#300=FACE_OUTER_BOUND('',#452,.T.);
#301=FACE_OUTER_BOUND('',#453,.T.);
#302=FACE_OUTER_BOUND('',#455,.T.);
#303=FACE_OUTER_BOUND('',#457,.T.);
#304=FACE_OUTER_BOUND('',#458,.T.);
#305=FACE_OUTER_BOUND('',#459,.T.);
#306=FACE_OUTER_BOUND('',#460,.T.);
#307=FACE_OUTER_BOUND('',#462,.T.);
#308=FACE_OUTER_BOUND('',#466,.T.);
#309=FACE_OUTER_BOUND('',#467,.T.);
#310=FACE_OUTER_BOUND('',#468,.T.);
#311=FACE_OUTER_BOUND('',#469,.T.);
#312=FACE_OUTER_BOUND('',#470,.T.);
#313=FACE_OUTER_BOUND('',#472,.T.);
#314=FACE_OUTER_BOUND('',#473,.T.);
#315=FACE_OUTER_BOUND('',#475,.T.);
#316=FACE_OUTER_BOUND('',#476,.T.);
#317=FACE_OUTER_BOUND('',#478,.T.);
#318=FACE_OUTER_BOUND('',#479,.T.);
#319=FACE_OUTER_BOUND('',#480,.T.);
#320=FACE_OUTER_BOUND('',#481,.T.);
#321=FACE_OUTER_BOUND('',#482,.T.);
#322=FACE_OUTER_BOUND('',#483,.T.);
#323=FACE_OUTER_BOUND('',#484,.T.);
#324=FACE_OUTER_BOUND('',#485,.T.);
#325=FACE_OUTER_BOUND('',#486,.T.);
#326=FACE_OUTER_BOUND('',#487,.T.);
#327=FACE_OUTER_BOUND('',#488,.T.);
#328=FACE_OUTER_BOUND('',#489,.T.);
#329=FACE_OUTER_BOUND('',#490,.T.);
#330=FACE_OUTER_BOUND('',#491,.T.);
#331=FACE_OUTER_BOUND('',#492,.T.);
#332=FACE_OUTER_BOUND('',#493,.T.);
#333=FACE_OUTER_BOUND('',#494,.T.);
#334=FACE_OUTER_BOUND('',#495,.T.);
#335=FACE_OUTER_BOUND('',#496,.T.);
#336=FACE_OUTER_BOUND('',#498,.T.);
#337=FACE_OUTER_BOUND('',#499,.T.);
#338=FACE_OUTER_BOUND('',#500,.T.);
#339=FACE_OUTER_BOUND('',#501,.T.);
#340=FACE_OUTER_BOUND('',#502,.T.);
#341=FACE_OUTER_BOUND('',#503,.T.);
#342=FACE_OUTER_BOUND('',#504,.T.);
#343=FACE_OUTER_BOUND('',#505,.T.);
#344=FACE_OUTER_BOUND('',#506,.T.);
#345=FACE_OUTER_BOUND('',#507,.T.);
#346=FACE_OUTER_BOUND('',#508,.T.);
#347=FACE_OUTER_BOUND('',#509,.T.);
#348=FACE_OUTER_BOUND('',#510,.T.);
#349=FACE_OUTER_BOUND('',#511,.T.);
#350=FACE_OUTER_BOUND('',#512,.T.);
#351=FACE_OUTER_BOUND('',#513,.T.);
#352=EDGE_LOOP('',(#1714,#1715,#1716,#1717));
#353=EDGE_LOOP('',(#1718,#1719,#1720,#1721));
#354=EDGE_LOOP('',(#1722,#1723,#1724,#1725));
#355=EDGE_LOOP('',(#1726,#1727,#1728,#1729));
#356=EDGE_LOOP('',(#1730,#1731,#1732,#1733));
#357=EDGE_LOOP('',(#1734,#1735,#1736,#1737));
#358=EDGE_LOOP('',(#1738,#1739,#1740,#1741));
#359=EDGE_LOOP('',(#1742,#1743,#1744,#1745));
#360=EDGE_LOOP('',(#1746,#1747,#1748,#1749));
#361=EDGE_LOOP('',(#1750,#1751,#1752,#1753));
#362=EDGE_LOOP('',(#1754,#1755,#1756,#1757));
#363=EDGE_LOOP('',(#1758,#1759,#1760,#1761));
#364=EDGE_LOOP('',(#1762,#1763,#1764,#1765));
#365=EDGE_LOOP('',(#1766,#1767,#1768,#1769));
#366=EDGE_LOOP('',(#1770,#1771,#1772,#1773));
#367=EDGE_LOOP('',(#1774,#1775,#1776,#1777));
#368=EDGE_LOOP('',(#1778,#1779,#1780,#1781));
#369=EDGE_LOOP('',(#1782,#1783,#1784,#1785));
#370=EDGE_LOOP('',(#1786,#1787,#1788,#1789));
#371=EDGE_LOOP('',(#1790,#1791,#1792,#1793));
#372=EDGE_LOOP('',(#1794,#1795,#1796,#1797));
#373=EDGE_LOOP('',(#1798,#1799,#1800,#1801));
#374=EDGE_LOOP('',(#1802,#1803,#1804,#1805));
#375=EDGE_LOOP('',(#1806,#1807,#1808,#1809));
#376=EDGE_LOOP('',(#1810,#1811,#1812,#1813));
#377=EDGE_LOOP('',(#1814,#1815,#1816,#1817));
#378=EDGE_LOOP('',(#1818,#1819,#1820,#1821));
#379=EDGE_LOOP('',(#1822,#1823,#1824,#1825));
#380=EDGE_LOOP('',(#1826,#1827,#1828,#1829));
#381=EDGE_LOOP('',(#1830,#1831,#1832,#1833));
#382=EDGE_LOOP('',(#1834,#1835,#1836,#1837));
#383=EDGE_LOOP('',(#1838,#1839,#1840,#1841));
#384=EDGE_LOOP('',(#1842,#1843,#1844,#1845));
#385=EDGE_LOOP('',(#1846,#1847,#1848,#1849));
#386=EDGE_LOOP('',(#1850,#1851,#1852,#1853));
#387=EDGE_LOOP('',(#1854,#1855,#1856,#1857));
#388=EDGE_LOOP('',(#1858,#1859,#1860,#1861));
#389=EDGE_LOOP('',(#1862,#1863,#1864,#1865));
#390=EDGE_LOOP('',(#1866,#1867,#1868,#1869));
#391=EDGE_LOOP('',(#1870,#1871,#1872,#1873));
#392=EDGE_LOOP('',(#1874,#1875,#1876,#1877));
#393=EDGE_LOOP('',(#1878,#1879,#1880,#1881));
#394=EDGE_LOOP('',(#1882,#1883,#1884,#1885));
#395=EDGE_LOOP('',(#1886,#1887,#1888,#1889));
#396=EDGE_LOOP('',(#1890,#1891,#1892,#1893));
#397=EDGE_LOOP('',(#1894,#1895,#1896,#1897));
#398=EDGE_LOOP('',(#1898,#1899,#1900,#1901));
#399=EDGE_LOOP('',(#1902,#1903,#1904,#1905));
#400=EDGE_LOOP('',(#1906,#1907,#1908,#1909));
#401=EDGE_LOOP('',(#1910,#1911,#1912,#1913));
#402=EDGE_LOOP('',(#1914,#1915,#1916,#1917));
#403=EDGE_LOOP('',(#1918,#1919,#1920,#1921));
#404=EDGE_LOOP('',(#1922,#1923,#1924,#1925));
#405=EDGE_LOOP('',(#1926,#1927,#1928,#1929));
#406=EDGE_LOOP('',(#1930,#1931,#1932,#1933));
#407=EDGE_LOOP('',(#1934,#1935,#1936,#1937));
#408=EDGE_LOOP('',(#1938,#1939,#1940,#1941));
#409=EDGE_LOOP('',(#1942,#1943,#1944,#1945));
#410=EDGE_LOOP('',(#1946,#1947,#1948,#1949));
#411=EDGE_LOOP('',(#1950,#1951,#1952,#1953));
#412=EDGE_LOOP('',(#1954,#1955,#1956,#1957));
#413=EDGE_LOOP('',(#1958,#1959,#1960,#1961));
#414=EDGE_LOOP('',(#1962,#1963,#1964,#1965));
#415=EDGE_LOOP('',(#1966,#1967,#1968,#1969));
#416=EDGE_LOOP('',(#1970,#1971,#1972,#1973));
#417=EDGE_LOOP('',(#1974,#1975,#1976,#1977));
#418=EDGE_LOOP('',(#1978,#1979,#1980,#1981));
#419=EDGE_LOOP('',(#1982,#1983,#1984,#1985));
#420=EDGE_LOOP('',(#1986,#1987,#1988,#1989));
#421=EDGE_LOOP('',(#1990,#1991,#1992,#1993));
#422=EDGE_LOOP('',(#1994,#1995,#1996,#1997));
#423=EDGE_LOOP('',(#1998,#1999,#2000,#2001));
#424=EDGE_LOOP('',(#2002,#2003,#2004,#2005));
#425=EDGE_LOOP('',(#2006,#2007,#2008,#2009));
#426=EDGE_LOOP('',(#2010,#2011,#2012,#2013));
#427=EDGE_LOOP('',(#2014,#2015,#2016,#2017));
#428=EDGE_LOOP('',(#2018,#2019,#2020,#2021));
#429=EDGE_LOOP('',(#2022,#2023,#2024,#2025));
#430=EDGE_LOOP('',(#2026,#2027,#2028,#2029));
#431=EDGE_LOOP('',(#2030,#2031,#2032,#2033));
#432=EDGE_LOOP('',(#2034,#2035,#2036,#2037));
#433=EDGE_LOOP('',(#2038,#2039,#2040,#2041));
#434=EDGE_LOOP('',(#2042,#2043,#2044,#2045));
#435=EDGE_LOOP('',(#2046,#2047,#2048,#2049));
#436=EDGE_LOOP('',(#2050,#2051,#2052,#2053));
#437=EDGE_LOOP('',(#2054,#2055,#2056,#2057));
#438=EDGE_LOOP('',(#2058,#2059,#2060,#2061));
#439=EDGE_LOOP('',(#2062,#2063,#2064,#2065));
#440=EDGE_LOOP('',(#2066,#2067,#2068,#2069));
#441=EDGE_LOOP('',(#2070,#2071,#2072,#2073));
#442=EDGE_LOOP('',(#2074,#2075,#2076,#2077));
#443=EDGE_LOOP('',(#2078,#2079,#2080,#2081));
#444=EDGE_LOOP('',(#2082,#2083,#2084,#2085));
#445=EDGE_LOOP('',(#2086,#2087,#2088,#2089));
#446=EDGE_LOOP('',(#2090,#2091,#2092,#2093));
#447=EDGE_LOOP('',(#2094,#2095,#2096,#2097));
#448=EDGE_LOOP('',(#2098,#2099,#2100,#2101));
#449=EDGE_LOOP('',(#2102,#2103,#2104,#2105));
#450=EDGE_LOOP('',(#2106,#2107,#2108,#2109));
#451=EDGE_LOOP('',(#2110,#2111,#2112,#2113));
#452=EDGE_LOOP('',(#2114,#2115,#2116,#2117));
#453=EDGE_LOOP('',(#2118,#2119,#2120,#2121,#2122,#2123,#2124,#2125,#2126,
#2127,#2128,#2129,#2130,#2131,#2132,#2133,#2134,#2135,#2136,#2137,#2138,
#2139,#2140,#2141,#2142,#2143,#2144,#2145,#2146,#2147,#2148,#2149,#2150,
#2151,#2152,#2153,#2154,#2155,#2156,#2157,#2158,#2159,#2160,#2161,#2162,
#2163,#2164,#2165,#2166,#2167,#2168,#2169,#2170,#2171,#2172,#2173,#2174,
#2175,#2176,#2177,#2178,#2179,#2180,#2181,#2182,#2183,#2184,#2185,#2186,
#2187,#2188,#2189,#2190,#2191,#2192,#2193,#2194,#2195,#2196,#2197,#2198,
#2199,#2200,#2201,#2202,#2203,#2204,#2205,#2206,#2207,#2208,#2209,#2210,
#2211,#2212,#2213,#2214,#2215,#2216,#2217));
#454=EDGE_LOOP('',(#2218));
#455=EDGE_LOOP('',(#2219,#2220,#2221,#2222,#2223,#2224,#2225,#2226,#2227,
#2228,#2229,#2230,#2231,#2232,#2233,#2234,#2235,#2236,#2237,#2238,#2239,
#2240,#2241,#2242,#2243,#2244,#2245,#2246,#2247,#2248,#2249,#2250,#2251,
#2252,#2253,#2254,#2255,#2256,#2257,#2258,#2259,#2260,#2261,#2262,#2263,
#2264,#2265,#2266,#2267,#2268,#2269,#2270,#2271,#2272,#2273,#2274,#2275,
#2276,#2277,#2278,#2279,#2280,#2281,#2282,#2283,#2284,#2285,#2286,#2287,
#2288,#2289,#2290,#2291,#2292,#2293,#2294,#2295,#2296,#2297,#2298,#2299,
#2300,#2301,#2302,#2303,#2304,#2305,#2306,#2307,#2308,#2309,#2310,#2311,
#2312,#2313,#2314,#2315,#2316,#2317,#2318));
#456=EDGE_LOOP('',(#2319));
#457=EDGE_LOOP('',(#2320,#2321,#2322,#2323,#2324));
#458=EDGE_LOOP('',(#2325));
#459=EDGE_LOOP('',(#2326,#2327,#2328,#2329,#2330,#2331,#2332,#2333,#2334,
#2335,#2336,#2337,#2338));
#460=EDGE_LOOP('',(#2339,#2340,#2341,#2342));
#461=EDGE_LOOP('',(#2343));
#462=EDGE_LOOP('',(#2344,#2345,#2346,#2347,#2348,#2349,#2350,#2351,#2352,
#2353,#2354,#2355));
#463=EDGE_LOOP('',(#2356,#2357,#2358,#2359));
#464=EDGE_LOOP('',(#2360));
#465=EDGE_LOOP('',(#2361));
#466=EDGE_LOOP('',(#2362,#2363,#2364,#2365));
#467=EDGE_LOOP('',(#2366,#2367,#2368,#2369));
#468=EDGE_LOOP('',(#2370));
#469=EDGE_LOOP('',(#2371,#2372,#2373,#2374));
#470=EDGE_LOOP('',(#2375));
#471=EDGE_LOOP('',(#2376));
#472=EDGE_LOOP('',(#2377,#2378,#2379,#2380));
#473=EDGE_LOOP('',(#2381,#2382,#2383,#2384,#2385,#2386));
#474=EDGE_LOOP('',(#2387));
#475=EDGE_LOOP('',(#2388,#2389,#2390,#2391,#2392));
#476=EDGE_LOOP('',(#2393,#2394,#2395,#2396,#2397,#2398));
#477=EDGE_LOOP('',(#2399));
#478=EDGE_LOOP('',(#2400,#2401,#2402,#2403));
#479=EDGE_LOOP('',(#2404,#2405,#2406,#2407));
#480=EDGE_LOOP('',(#2408,#2409,#2410,#2411,#2412,#2413));
#481=EDGE_LOOP('',(#2414,#2415,#2416,#2417));
#482=EDGE_LOOP('',(#2418,#2419,#2420,#2421,#2422,#2423));
#483=EDGE_LOOP('',(#2424,#2425,#2426,#2427));
#484=EDGE_LOOP('',(#2428,#2429,#2430,#2431));
#485=EDGE_LOOP('',(#2432,#2433,#2434,#2435));
#486=EDGE_LOOP('',(#2436,#2437,#2438,#2439,#2440,#2441));
#487=EDGE_LOOP('',(#2442,#2443,#2444,#2445));
#488=EDGE_LOOP('',(#2446,#2447,#2448,#2449,#2450,#2451));
#489=EDGE_LOOP('',(#2452,#2453,#2454,#2455));
#490=EDGE_LOOP('',(#2456,#2457,#2458,#2459));
#491=EDGE_LOOP('',(#2460,#2461,#2462,#2463));
#492=EDGE_LOOP('',(#2464,#2465,#2466,#2467));
#493=EDGE_LOOP('',(#2468,#2469,#2470,#2471));
#494=EDGE_LOOP('',(#2472,#2473,#2474,#2475));
#495=EDGE_LOOP('',(#2476,#2477,#2478,#2479));
#496=EDGE_LOOP('',(#2480));
#497=EDGE_LOOP('',(#2481));
#498=EDGE_LOOP('',(#2482,#2483,#2484,#2485));
#499=EDGE_LOOP('',(#2486,#2487,#2488,#2489));
#500=EDGE_LOOP('',(#2490,#2491));
#501=EDGE_LOOP('',(#2492,#2493));
#502=EDGE_LOOP('',(#2494,#2495,#2496,#2497));
#503=EDGE_LOOP('',(#2498,#2499,#2500,#2501));
#504=EDGE_LOOP('',(#2502,#2503));
#505=EDGE_LOOP('',(#2504,#2505));
#506=EDGE_LOOP('',(#2506,#2507,#2508,#2509));
#507=EDGE_LOOP('',(#2510,#2511,#2512,#2513));
#508=EDGE_LOOP('',(#2514,#2515));
#509=EDGE_LOOP('',(#2516,#2517));
#510=EDGE_LOOP('',(#2518,#2519,#2520,#2521));
#511=EDGE_LOOP('',(#2522,#2523,#2524,#2525));
#512=EDGE_LOOP('',(#2526,#2527));
#513=EDGE_LOOP('',(#2528,#2529));
#514=LINE('',#3716,#706);
#515=LINE('',#3723,#707);
#516=LINE('',#3726,#708);
#517=LINE('',#3732,#709);
#518=LINE('',#3738,#710);
#519=LINE('',#3741,#711);
#520=LINE('',#3743,#712);
#521=LINE('',#3744,#713);
#522=LINE('',#3763,#714);
#523=LINE('',#3782,#715);
#524=LINE('',#3788,#716);
#525=LINE('',#3807,#717);
#526=LINE('',#3826,#718);
#527=LINE('',#3829,#719);
#528=LINE('',#3831,#720);
#529=LINE('',#3832,#721);
#530=LINE('',#3838,#722);
#531=LINE('',#3844,#723);
#532=LINE('',#3850,#724);
#533=LINE('',#3853,#725);
#534=LINE('',#3855,#726);
#535=LINE('',#3856,#727);
#536=LINE('',#3875,#728);
#537=LINE('',#3894,#729);
#538=LINE('',#3900,#730);
#539=LINE('',#3919,#731);
#540=LINE('',#3938,#732);
#541=LINE('',#3941,#733);
#542=LINE('',#3943,#734);
#543=LINE('',#3944,#735);
#544=LINE('',#3950,#736);
#545=LINE('',#3956,#737);
#546=LINE('',#3962,#738);
#547=LINE('',#3965,#739);
#548=LINE('',#3967,#740);
#549=LINE('',#3968,#741);
#550=LINE('',#3987,#742);
#551=LINE('',#4006,#743);
#552=LINE('',#4012,#744);
#553=LINE('',#4031,#745);
#554=LINE('',#4050,#746);
#555=LINE('',#4053,#747);
#556=LINE('',#4055,#748);
#557=LINE('',#4056,#749);
#558=LINE('',#4062,#750);
#559=LINE('',#4068,#751);
#560=LINE('',#4074,#752);
#561=LINE('',#4077,#753);
#562=LINE('',#4079,#754);
#563=LINE('',#4080,#755);
#564=LINE('',#4099,#756);
#565=LINE('',#4118,#757);
#566=LINE('',#4124,#758);
#567=LINE('',#4143,#759);
#568=LINE('',#4162,#760);
#569=LINE('',#4165,#761);
#570=LINE('',#4167,#762);
#571=LINE('',#4168,#763);
#572=LINE('',#4174,#764);
#573=LINE('',#4180,#765);
#574=LINE('',#4186,#766);
#575=LINE('',#4189,#767);
#576=LINE('',#4191,#768);
#577=LINE('',#4192,#769);
#578=LINE('',#4211,#770);
#579=LINE('',#4230,#771);
#580=LINE('',#4236,#772);
#581=LINE('',#4255,#773);
#582=LINE('',#4274,#774);
#583=LINE('',#4277,#775);
#584=LINE('',#4279,#776);
#585=LINE('',#4280,#777);
#586=LINE('',#4286,#778);
#587=LINE('',#4292,#779);
#588=LINE('',#4298,#780);
#589=LINE('',#4301,#781);
#590=LINE('',#4303,#782);
#591=LINE('',#4304,#783);
#592=LINE('',#4323,#784);
#593=LINE('',#4342,#785);
#594=LINE('',#4348,#786);
#595=LINE('',#4367,#787);
#596=LINE('',#4386,#788);
#597=LINE('',#4389,#789);
#598=LINE('',#4391,#790);
#599=LINE('',#4392,#791);
#600=LINE('',#4398,#792);
#601=LINE('',#4404,#793);
#602=LINE('',#4410,#794);
#603=LINE('',#4413,#795);
#604=LINE('',#4415,#796);
#605=LINE('',#4416,#797);
#606=LINE('',#4435,#798);
#607=LINE('',#4454,#799);
#608=LINE('',#4460,#800);
#609=LINE('',#4479,#801);
#610=LINE('',#4498,#802);
#611=LINE('',#4501,#803);
#612=LINE('',#4503,#804);
#613=LINE('',#4504,#805);
#614=LINE('',#4510,#806);
#615=LINE('',#4516,#807);
#616=LINE('',#4522,#808);
#617=LINE('',#4525,#809);
#618=LINE('',#4527,#810);
#619=LINE('',#4528,#811);
#620=LINE('',#4547,#812);
#621=LINE('',#4566,#813);
#622=LINE('',#4572,#814);
#623=LINE('',#4618,#815);
#624=LINE('',#4637,#816);
#625=LINE('',#4640,#817);
#626=LINE('',#4642,#818);
#627=LINE('',#4643,#819);
#628=LINE('',#4649,#820);
#629=LINE('',#4655,#821);
#630=LINE('',#4661,#822);
#631=LINE('',#4664,#823);
#632=LINE('',#4666,#824);
#633=LINE('',#4667,#825);
#634=LINE('',#4686,#826);
#635=LINE('',#4705,#827);
#636=LINE('',#4711,#828);
#637=LINE('',#4757,#829);
#638=LINE('',#4776,#830);
#639=LINE('',#4779,#831);
#640=LINE('',#4781,#832);
#641=LINE('',#4782,#833);
#642=LINE('',#4788,#834);
#643=LINE('',#4794,#835);
#644=LINE('',#4800,#836);
#645=LINE('',#4803,#837);
#646=LINE('',#4805,#838);
#647=LINE('',#4806,#839);
#648=LINE('',#4825,#840);
#649=LINE('',#4844,#841);
#650=LINE('',#4850,#842);
#651=LINE('',#4869,#843);
#652=LINE('',#4888,#844);
#653=LINE('',#4890,#845);
#654=LINE('',#4891,#846);
#655=LINE('',#4898,#847);
#656=LINE('',#4905,#848);
#657=LINE('',#4909,#849);
#658=LINE('',#4913,#850);
#659=LINE('',#4917,#851);
#660=LINE('',#4921,#852);
#661=LINE('',#4939,#853);
#662=LINE('',#4943,#854);
#663=LINE('',#4951,#855);
#664=LINE('',#4955,#856);
#665=LINE('',#4972,#857);
#666=LINE('',#4973,#858);
#667=LINE('',#4977,#859);
#668=LINE('',#4984,#860);
#669=LINE('',#4998,#861);
#670=LINE('',#5002,#862);
#671=LINE('',#5015,#863);
#672=LINE('',#5019,#864);
#673=LINE('',#5025,#865);
#674=LINE('',#5027,#866);
#675=LINE('',#5029,#867);
#676=LINE('',#5030,#868);
#677=LINE('',#5032,#869);
#678=LINE('',#5034,#870);
#679=LINE('',#5036,#871);
#680=LINE('',#5038,#872);
#681=LINE('',#5040,#873);
#682=LINE('',#5042,#874);
#683=LINE('',#5044,#875);
#684=LINE('',#5046,#876);
#685=LINE('',#5048,#877);
#686=LINE('',#5050,#878);
#687=LINE('',#5053,#879);
#688=LINE('',#5055,#880);
#689=LINE('',#5060,#881);
#690=LINE('',#5067,#882);
#691=LINE('',#5070,#883);
#692=LINE('',#5072,#884);
#693=LINE('',#5073,#885);
#694=LINE('',#5081,#886);
#695=LINE('',#5084,#887);
#696=LINE('',#5086,#888);
#697=LINE('',#5087,#889);
#698=LINE('',#5095,#890);
#699=LINE('',#5098,#891);
#700=LINE('',#5100,#892);
#701=LINE('',#5101,#893);
#702=LINE('',#5109,#894);
#703=LINE('',#5112,#895);
#704=LINE('',#5114,#896);
#705=LINE('',#5115,#897);
#706=VECTOR('',#3027,1.25);
#707=VECTOR('',#3034,10.);
#708=VECTOR('',#3037,10.);
#709=VECTOR('',#3044,10.);
#710=VECTOR('',#3051,10.);
#711=VECTOR('',#3054,10.);
#712=VECTOR('',#3055,10.);
#713=VECTOR('',#3056,10.);
#714=VECTOR('',#3057,10.);
#715=VECTOR('',#3058,10.);
#716=VECTOR('',#3065,10.);
#717=VECTOR('',#3066,10.);
#718=VECTOR('',#3067,10.);
#719=VECTOR('',#3070,10.);
#720=VECTOR('',#3071,10.);
#721=VECTOR('',#3072,10.);
#722=VECTOR('',#3079,10.);
#723=VECTOR('',#3086,10.);
#724=VECTOR('',#3093,10.);
#725=VECTOR('',#3096,10.);
#726=VECTOR('',#3097,10.);
#727=VECTOR('',#3098,10.);
#728=VECTOR('',#3099,10.);
#729=VECTOR('',#3100,10.);
#730=VECTOR('',#3107,10.);
#731=VECTOR('',#3108,10.);
#732=VECTOR('',#3109,10.);
#733=VECTOR('',#3112,10.);
#734=VECTOR('',#3113,10.);
#735=VECTOR('',#3114,10.);
#736=VECTOR('',#3121,10.);
#737=VECTOR('',#3128,10.);
#738=VECTOR('',#3135,10.);
#739=VECTOR('',#3138,10.);
#740=VECTOR('',#3139,10.);
#741=VECTOR('',#3140,10.);
#742=VECTOR('',#3141,10.);
#743=VECTOR('',#3142,10.);
#744=VECTOR('',#3149,10.);
#745=VECTOR('',#3150,10.);
#746=VECTOR('',#3151,10.);
#747=VECTOR('',#3154,10.);
#748=VECTOR('',#3155,10.);
#749=VECTOR('',#3156,10.);
#750=VECTOR('',#3163,10.);
#751=VECTOR('',#3170,10.);
#752=VECTOR('',#3177,10.);
#753=VECTOR('',#3180,10.);
#754=VECTOR('',#3181,10.);
#755=VECTOR('',#3182,10.);
#756=VECTOR('',#3183,10.);
#757=VECTOR('',#3184,10.);
#758=VECTOR('',#3191,10.);
#759=VECTOR('',#3192,10.);
#760=VECTOR('',#3193,10.);
#761=VECTOR('',#3196,10.);
#762=VECTOR('',#3197,10.);
#763=VECTOR('',#3198,10.);
#764=VECTOR('',#3205,10.);
#765=VECTOR('',#3212,10.);
#766=VECTOR('',#3219,10.);
#767=VECTOR('',#3222,10.);
#768=VECTOR('',#3223,10.);
#769=VECTOR('',#3224,10.);
#770=VECTOR('',#3225,10.);
#771=VECTOR('',#3226,10.);
#772=VECTOR('',#3233,10.);
#773=VECTOR('',#3234,10.);
#774=VECTOR('',#3235,10.);
#775=VECTOR('',#3238,10.);
#776=VECTOR('',#3239,10.);
#777=VECTOR('',#3240,10.);
#778=VECTOR('',#3247,10.);
#779=VECTOR('',#3254,10.);
#780=VECTOR('',#3261,10.);
#781=VECTOR('',#3264,10.);
#782=VECTOR('',#3265,10.);
#783=VECTOR('',#3266,10.);
#784=VECTOR('',#3267,10.);
#785=VECTOR('',#3268,10.);
#786=VECTOR('',#3275,10.);
#787=VECTOR('',#3276,10.);
#788=VECTOR('',#3277,10.);
#789=VECTOR('',#3280,10.);
#790=VECTOR('',#3281,10.);
#791=VECTOR('',#3282,10.);
#792=VECTOR('',#3289,10.);
#793=VECTOR('',#3296,10.);
#794=VECTOR('',#3303,10.);
#795=VECTOR('',#3306,10.);
#796=VECTOR('',#3307,10.);
#797=VECTOR('',#3308,10.);
#798=VECTOR('',#3309,10.);
#799=VECTOR('',#3310,10.);
#800=VECTOR('',#3317,10.);
#801=VECTOR('',#3318,10.);
#802=VECTOR('',#3319,10.);
#803=VECTOR('',#3322,10.);
#804=VECTOR('',#3323,10.);
#805=VECTOR('',#3324,10.);
#806=VECTOR('',#3331,10.);
#807=VECTOR('',#3338,10.);
#808=VECTOR('',#3345,10.);
#809=VECTOR('',#3348,10.);
#810=VECTOR('',#3349,10.);
#811=VECTOR('',#3350,10.);
#812=VECTOR('',#3351,10.);
#813=VECTOR('',#3352,10.);
#814=VECTOR('',#3359,10.);
#815=VECTOR('',#3360,10.);
#816=VECTOR('',#3361,10.);
#817=VECTOR('',#3364,10.);
#818=VECTOR('',#3365,10.);
#819=VECTOR('',#3366,10.);
#820=VECTOR('',#3373,10.);
#821=VECTOR('',#3380,10.);
#822=VECTOR('',#3387,10.);
#823=VECTOR('',#3390,10.);
#824=VECTOR('',#3391,10.);
#825=VECTOR('',#3392,10.);
#826=VECTOR('',#3393,10.);
#827=VECTOR('',#3394,10.);
#828=VECTOR('',#3401,10.);
#829=VECTOR('',#3402,10.);
#830=VECTOR('',#3403,10.);
#831=VECTOR('',#3406,10.);
#832=VECTOR('',#3407,10.);
#833=VECTOR('',#3408,10.);
#834=VECTOR('',#3415,10.);
#835=VECTOR('',#3422,10.);
#836=VECTOR('',#3429,10.);
#837=VECTOR('',#3432,10.);
#838=VECTOR('',#3433,10.);
#839=VECTOR('',#3434,10.);
#840=VECTOR('',#3435,10.);
#841=VECTOR('',#3436,10.);
#842=VECTOR('',#3443,10.);
#843=VECTOR('',#3444,10.);
#844=VECTOR('',#3445,10.);
#845=VECTOR('',#3448,10.);
#846=VECTOR('',#3449,10.);
#847=VECTOR('',#3458,17.7500000000075);
#848=VECTOR('',#3467,18.);
#849=VECTOR('',#3470,1000.);
#850=VECTOR('',#3473,1000.);
#851=VECTOR('',#3476,1000.);
#852=VECTOR('',#3479,1000.);
#853=VECTOR('',#3498,1000.);
#854=VECTOR('',#3501,1000.);
#855=VECTOR('',#3508,1000.);
#856=VECTOR('',#3511,1000.);
#857=VECTOR('',#3530,1000.);
#858=VECTOR('',#3531,1000.);
#859=VECTOR('',#3536,12.);
#860=VECTOR('',#3545,1.25);
#861=VECTOR('',#3562,1000.);
#862=VECTOR('',#3565,1000.);
#863=VECTOR('',#3580,1000.);
#864=VECTOR('',#3583,1000.);
#865=VECTOR('',#3592,1.25);
#866=VECTOR('',#3595,1.25);
#867=VECTOR('',#3598,1000.);
#868=VECTOR('',#3599,1000.);
#869=VECTOR('',#3602,1000.);
#870=VECTOR('',#3605,1000.);
#871=VECTOR('',#3608,1000.);
#872=VECTOR('',#3611,1000.);
#873=VECTOR('',#3614,1000.);
#874=VECTOR('',#3617,1000.);
#875=VECTOR('',#3620,1000.);
#876=VECTOR('',#3623,1000.);
#877=VECTOR('',#3626,1000.);
#878=VECTOR('',#3629,1000.);
#879=VECTOR('',#3634,1000.);
#880=VECTOR('',#3637,1000.);
#881=VECTOR('',#3644,8.);
#882=VECTOR('',#3651,1000.);
#883=VECTOR('',#3654,1000.);
#884=VECTOR('',#3657,1000.);
#885=VECTOR('',#3658,1000.);
#886=VECTOR('',#3667,1000.);
#887=VECTOR('',#3670,1000.);
#888=VECTOR('',#3673,1000.);
#889=VECTOR('',#3674,1000.);
#890=VECTOR('',#3683,1000.);
#891=VECTOR('',#3686,1000.);
#892=VECTOR('',#3689,1000.);
#893=VECTOR('',#3690,1000.);
#894=VECTOR('',#3699,1000.);
#895=VECTOR('',#3702,1000.);
#896=VECTOR('',#3705,1000.);
#897=VECTOR('',#3706,1000.);
#898=CIRCLE('',#2774,1.25);
#899=CIRCLE('',#2775,1.25);
#900=CIRCLE('',#2777,0.2);
#901=CIRCLE('',#2778,0.2);
#902=CIRCLE('',#2780,1.87499999999999);
#903=CIRCLE('',#2781,1.87499999999999);
#904=CIRCLE('',#2783,0.2);
#905=CIRCLE('',#2784,0.2);
#906=CIRCLE('',#2787,3.00076572563416);
#907=CIRCLE('',#2788,3.00076572563416);
#908=CIRCLE('',#2791,0.2);
#909=CIRCLE('',#2792,0.2);
#910=CIRCLE('',#2794,1.87499999999999);
#911=CIRCLE('',#2795,1.87499999999999);
#912=CIRCLE('',#2797,0.2);
#913=CIRCLE('',#2798,0.2);
#914=CIRCLE('',#2801,3.00076572563416);
#915=CIRCLE('',#2802,3.00076572563416);
#916=CIRCLE('',#2805,0.2);
#917=CIRCLE('',#2806,0.2);
#918=CIRCLE('',#2808,1.87499999999999);
#919=CIRCLE('',#2809,1.87499999999999);
#920=CIRCLE('',#2811,0.2);
#921=CIRCLE('',#2812,0.2);
#922=CIRCLE('',#2815,3.00076572563416);
#923=CIRCLE('',#2816,3.00076572563416);
#924=CIRCLE('',#2819,0.2);
#925=CIRCLE('',#2820,0.2);
#926=CIRCLE('',#2822,1.87499999999999);
#927=CIRCLE('',#2823,1.87499999999999);
#928=CIRCLE('',#2825,0.2);
#929=CIRCLE('',#2826,0.2);
#930=CIRCLE('',#2829,3.00076572563416);
#931=CIRCLE('',#2830,3.00076572563416);
#932=CIRCLE('',#2833,0.2);
#933=CIRCLE('',#2834,0.2);
#934=CIRCLE('',#2836,1.875);
#935=CIRCLE('',#2837,1.875);
#936=CIRCLE('',#2839,0.2);
#937=CIRCLE('',#2840,0.2);
#938=CIRCLE('',#2843,3.00076572563416);
#939=CIRCLE('',#2844,3.00076572563416);
#940=CIRCLE('',#2847,0.2);
#941=CIRCLE('',#2848,0.2);
#942=CIRCLE('',#2850,1.875);
#943=CIRCLE('',#2851,1.875);
#944=CIRCLE('',#2853,0.2);
#945=CIRCLE('',#2854,0.2);
#946=CIRCLE('',#2857,3.00076572563416);
#947=CIRCLE('',#2858,3.00076572563416);
#948=CIRCLE('',#2861,0.2);
#949=CIRCLE('',#2862,0.2);
#950=CIRCLE('',#2864,1.87499999999999);
#951=CIRCLE('',#2865,1.87499999999999);
#952=CIRCLE('',#2867,0.2);
#953=CIRCLE('',#2868,0.2);
#954=CIRCLE('',#2871,3.00076572563416);
#955=CIRCLE('',#2872,3.00076572563416);
#956=CIRCLE('',#2875,0.2);
#957=CIRCLE('',#2876,0.2);
#958=CIRCLE('',#2878,1.87499999999999);
#959=CIRCLE('',#2879,1.87499999999999);
#960=CIRCLE('',#2881,0.2);
#961=CIRCLE('',#2882,0.2);
#962=CIRCLE('',#2885,3.00076572563416);
#963=CIRCLE('',#2886,3.00076572563416);
#964=CIRCLE('',#2889,0.2);
#965=CIRCLE('',#2890,0.2);
#966=CIRCLE('',#2892,1.87499999999999);
#967=CIRCLE('',#2893,1.87499999999999);
#968=CIRCLE('',#2895,0.2);
#969=CIRCLE('',#2896,0.2);
#970=CIRCLE('',#2899,3.00076572563416);
#971=CIRCLE('',#2900,3.00076572563416);
#972=CIRCLE('',#2903,0.2);
#973=CIRCLE('',#2904,0.2);
#974=CIRCLE('',#2906,1.87499999999999);
#975=CIRCLE('',#2907,1.87499999999999);
#976=CIRCLE('',#2909,0.2);
#977=CIRCLE('',#2910,0.2);
#978=CIRCLE('',#2913,3.00076572563416);
#979=CIRCLE('',#2914,3.00076572563416);
#980=CIRCLE('',#2919,17.4999999999999);
#981=CIRCLE('',#2920,18.);
#982=CIRCLE('',#2921,18.);
#983=CIRCLE('',#2924,18.);
#984=CIRCLE('',#2925,18.);
#985=CIRCLE('',#2926,18.);
#986=CIRCLE('',#2927,18.);
#987=CIRCLE('',#2928,18.);
#988=CIRCLE('',#2930,1.49999999999999);
#989=CIRCLE('',#2931,16.5);
#990=CIRCLE('',#2932,1.50000000000003);
#991=CIRCLE('',#2933,16.5);
#992=CIRCLE('',#2934,12.);
#993=CIRCLE('',#2936,10.);
#994=CIRCLE('',#2937,3.50000000000001);
#995=CIRCLE('',#2938,10.);
#996=CIRCLE('',#2939,17.95);
#997=CIRCLE('',#2940,10.);
#998=CIRCLE('',#2941,3.5);
#999=CIRCLE('',#2942,10.);
#1000=CIRCLE('',#2943,17.95);
#1001=CIRCLE('',#2944,16.5);
#1002=CIRCLE('',#2945,1.50000000000003);
#1003=CIRCLE('',#2946,16.5);
#1004=CIRCLE('',#2947,1.49999999999999);
#1005=CIRCLE('',#2948,1.25);
#1006=CIRCLE('',#2949,1.25);
#1007=CIRCLE('',#2952,12.);
#1008=CIRCLE('',#2954,1.25);
#1009=CIRCLE('',#2956,1.25);
#1010=CIRCLE('',#2958,8.);
#1011=CIRCLE('',#2960,10.);
#1012=CIRCLE('',#2961,17.95);
#1013=CIRCLE('',#2962,10.);
#1014=CIRCLE('',#2964,10.);
#1015=CIRCLE('',#2965,3.50000000000001);
#1016=CIRCLE('',#2966,10.);
#1017=CIRCLE('',#2967,1.25);
#1018=CIRCLE('',#2969,10.);
#1019=CIRCLE('',#2970,17.95);
#1020=CIRCLE('',#2971,10.);
#1021=CIRCLE('',#2973,3.5);
#1022=CIRCLE('',#2974,10.);
#1023=CIRCLE('',#2975,10.);
#1024=CIRCLE('',#2976,1.25);
#1025=CIRCLE('',#2995,8.);
#1026=CIRCLE('',#2998,13.);
#1027=CIRCLE('',#2999,13.);
#1028=CIRCLE('',#3004,13.);
#1029=CIRCLE('',#3005,13.);
#1030=CIRCLE('',#3010,13.);
#1031=CIRCLE('',#3011,13.);
#1032=CIRCLE('',#3016,13.);
#1033=CIRCLE('',#3017,13.);
#1034=VERTEX_POINT('',#3713);
#1035=VERTEX_POINT('',#3715);
#1036=VERTEX_POINT('',#3719);
#1037=VERTEX_POINT('',#3720);
#1038=VERTEX_POINT('',#3722);
#1039=VERTEX_POINT('',#3724);
#1040=VERTEX_POINT('',#3728);
#1041=VERTEX_POINT('',#3730);
#1042=VERTEX_POINT('',#3734);
#1043=VERTEX_POINT('',#3736);
#1044=VERTEX_POINT('',#3740);
#1045=VERTEX_POINT('',#3742);
#1046=VERTEX_POINT('',#3753);
#1047=VERTEX_POINT('',#3758);
#1048=VERTEX_POINT('',#3772);
#1049=VERTEX_POINT('',#3777);
#1050=VERTEX_POINT('',#3784);
#1051=VERTEX_POINT('',#3786);
#1052=VERTEX_POINT('',#3797);
#1053=VERTEX_POINT('',#3802);
#1054=VERTEX_POINT('',#3816);
#1055=VERTEX_POINT('',#3821);
#1056=VERTEX_POINT('',#3828);
#1057=VERTEX_POINT('',#3830);
#1058=VERTEX_POINT('',#3834);
#1059=VERTEX_POINT('',#3836);
#1060=VERTEX_POINT('',#3840);
#1061=VERTEX_POINT('',#3842);
#1062=VERTEX_POINT('',#3846);
#1063=VERTEX_POINT('',#3848);
#1064=VERTEX_POINT('',#3852);
#1065=VERTEX_POINT('',#3854);
#1066=VERTEX_POINT('',#3865);
#1067=VERTEX_POINT('',#3870);
#1068=VERTEX_POINT('',#3884);
#1069=VERTEX_POINT('',#3889);
#1070=VERTEX_POINT('',#3896);
#1071=VERTEX_POINT('',#3898);
#1072=VERTEX_POINT('',#3909);
#1073=VERTEX_POINT('',#3914);
#1074=VERTEX_POINT('',#3928);
#1075=VERTEX_POINT('',#3933);
#1076=VERTEX_POINT('',#3940);
#1077=VERTEX_POINT('',#3942);
#1078=VERTEX_POINT('',#3946);
#1079=VERTEX_POINT('',#3948);
#1080=VERTEX_POINT('',#3952);
#1081=VERTEX_POINT('',#3954);
#1082=VERTEX_POINT('',#3958);
#1083=VERTEX_POINT('',#3960);
#1084=VERTEX_POINT('',#3964);
#1085=VERTEX_POINT('',#3966);
#1086=VERTEX_POINT('',#3977);
#1087=VERTEX_POINT('',#3982);
#1088=VERTEX_POINT('',#3996);
#1089=VERTEX_POINT('',#4001);
#1090=VERTEX_POINT('',#4008);
#1091=VERTEX_POINT('',#4010);
#1092=VERTEX_POINT('',#4021);
#1093=VERTEX_POINT('',#4026);
#1094=VERTEX_POINT('',#4040);
#1095=VERTEX_POINT('',#4045);
#1096=VERTEX_POINT('',#4052);
#1097=VERTEX_POINT('',#4054);
#1098=VERTEX_POINT('',#4058);
#1099=VERTEX_POINT('',#4060);
#1100=VERTEX_POINT('',#4064);
#1101=VERTEX_POINT('',#4066);
#1102=VERTEX_POINT('',#4070);
#1103=VERTEX_POINT('',#4072);
#1104=VERTEX_POINT('',#4076);
#1105=VERTEX_POINT('',#4078);
#1106=VERTEX_POINT('',#4089);
#1107=VERTEX_POINT('',#4094);
#1108=VERTEX_POINT('',#4108);
#1109=VERTEX_POINT('',#4113);
#1110=VERTEX_POINT('',#4120);
#1111=VERTEX_POINT('',#4122);
#1112=VERTEX_POINT('',#4133);
#1113=VERTEX_POINT('',#4138);
#1114=VERTEX_POINT('',#4152);
#1115=VERTEX_POINT('',#4157);
#1116=VERTEX_POINT('',#4164);
#1117=VERTEX_POINT('',#4166);
#1118=VERTEX_POINT('',#4170);
#1119=VERTEX_POINT('',#4172);
#1120=VERTEX_POINT('',#4176);
#1121=VERTEX_POINT('',#4178);
#1122=VERTEX_POINT('',#4182);
#1123=VERTEX_POINT('',#4184);
#1124=VERTEX_POINT('',#4188);
#1125=VERTEX_POINT('',#4190);
#1126=VERTEX_POINT('',#4201);
#1127=VERTEX_POINT('',#4206);
#1128=VERTEX_POINT('',#4220);
#1129=VERTEX_POINT('',#4225);
#1130=VERTEX_POINT('',#4232);
#1131=VERTEX_POINT('',#4234);
#1132=VERTEX_POINT('',#4245);
#1133=VERTEX_POINT('',#4250);
#1134=VERTEX_POINT('',#4264);
#1135=VERTEX_POINT('',#4269);
#1136=VERTEX_POINT('',#4276);
#1137=VERTEX_POINT('',#4278);
#1138=VERTEX_POINT('',#4282);
#1139=VERTEX_POINT('',#4284);
#1140=VERTEX_POINT('',#4288);
#1141=VERTEX_POINT('',#4290);
#1142=VERTEX_POINT('',#4294);
#1143=VERTEX_POINT('',#4296);
#1144=VERTEX_POINT('',#4300);
#1145=VERTEX_POINT('',#4302);
#1146=VERTEX_POINT('',#4313);
#1147=VERTEX_POINT('',#4318);
#1148=VERTEX_POINT('',#4332);
#1149=VERTEX_POINT('',#4337);
#1150=VERTEX_POINT('',#4344);
#1151=VERTEX_POINT('',#4346);
#1152=VERTEX_POINT('',#4357);
#1153=VERTEX_POINT('',#4362);
#1154=VERTEX_POINT('',#4376);
#1155=VERTEX_POINT('',#4381);
#1156=VERTEX_POINT('',#4388);
#1157=VERTEX_POINT('',#4390);
#1158=VERTEX_POINT('',#4394);
#1159=VERTEX_POINT('',#4396);
#1160=VERTEX_POINT('',#4400);
#1161=VERTEX_POINT('',#4402);
#1162=VERTEX_POINT('',#4406);
#1163=VERTEX_POINT('',#4408);
#1164=VERTEX_POINT('',#4412);
#1165=VERTEX_POINT('',#4414);
#1166=VERTEX_POINT('',#4425);
#1167=VERTEX_POINT('',#4430);
#1168=VERTEX_POINT('',#4444);
#1169=VERTEX_POINT('',#4449);
#1170=VERTEX_POINT('',#4456);
#1171=VERTEX_POINT('',#4458);
#1172=VERTEX_POINT('',#4469);
#1173=VERTEX_POINT('',#4474);
#1174=VERTEX_POINT('',#4488);
#1175=VERTEX_POINT('',#4493);
#1176=VERTEX_POINT('',#4500);
#1177=VERTEX_POINT('',#4502);
#1178=VERTEX_POINT('',#4506);
#1179=VERTEX_POINT('',#4508);
#1180=VERTEX_POINT('',#4512);
#1181=VERTEX_POINT('',#4514);
#1182=VERTEX_POINT('',#4518);
#1183=VERTEX_POINT('',#4520);
#1184=VERTEX_POINT('',#4524);
#1185=VERTEX_POINT('',#4526);
#1186=VERTEX_POINT('',#4537);
#1187=VERTEX_POINT('',#4542);
#1188=VERTEX_POINT('',#4556);
#1189=VERTEX_POINT('',#4561);
#1190=VERTEX_POINT('',#4568);
#1191=VERTEX_POINT('',#4570);
#1192=VERTEX_POINT('',#4581);
#1193=VERTEX_POINT('',#4586);
#1194=VERTEX_POINT('',#4627);
#1195=VERTEX_POINT('',#4632);
#1196=VERTEX_POINT('',#4639);
#1197=VERTEX_POINT('',#4641);
#1198=VERTEX_POINT('',#4645);
#1199=VERTEX_POINT('',#4647);
#1200=VERTEX_POINT('',#4651);
#1201=VERTEX_POINT('',#4653);
#1202=VERTEX_POINT('',#4657);
#1203=VERTEX_POINT('',#4659);
#1204=VERTEX_POINT('',#4663);
#1205=VERTEX_POINT('',#4665);
#1206=VERTEX_POINT('',#4676);
#1207=VERTEX_POINT('',#4681);
#1208=VERTEX_POINT('',#4695);
#1209=VERTEX_POINT('',#4700);
#1210=VERTEX_POINT('',#4707);
#1211=VERTEX_POINT('',#4709);
#1212=VERTEX_POINT('',#4720);
#1213=VERTEX_POINT('',#4725);
#1214=VERTEX_POINT('',#4766);
#1215=VERTEX_POINT('',#4771);
#1216=VERTEX_POINT('',#4778);
#1217=VERTEX_POINT('',#4780);
#1218=VERTEX_POINT('',#4784);
#1219=VERTEX_POINT('',#4786);
#1220=VERTEX_POINT('',#4790);
#1221=VERTEX_POINT('',#4792);
#1222=VERTEX_POINT('',#4796);
#1223=VERTEX_POINT('',#4798);
#1224=VERTEX_POINT('',#4802);
#1225=VERTEX_POINT('',#4804);
#1226=VERTEX_POINT('',#4815);
#1227=VERTEX_POINT('',#4820);
#1228=VERTEX_POINT('',#4834);
#1229=VERTEX_POINT('',#4839);
#1230=VERTEX_POINT('',#4846);
#1231=VERTEX_POINT('',#4848);
#1232=VERTEX_POINT('',#4859);
#1233=VERTEX_POINT('',#4864);
#1234=VERTEX_POINT('',#4878);
#1235=VERTEX_POINT('',#4883);
#1236=VERTEX_POINT('',#4895);
#1237=VERTEX_POINT('',#4897);
#1238=VERTEX_POINT('',#4899);
#1239=VERTEX_POINT('',#4904);
#1240=VERTEX_POINT('',#4906);
#1241=VERTEX_POINT('',#4908);
#1242=VERTEX_POINT('',#4910);
#1243=VERTEX_POINT('',#4912);
#1244=VERTEX_POINT('',#4914);
#1245=VERTEX_POINT('',#4916);
#1246=VERTEX_POINT('',#4918);
#1247=VERTEX_POINT('',#4920);
#1248=VERTEX_POINT('',#4924);
#1249=VERTEX_POINT('',#4925);
#1250=VERTEX_POINT('',#4927);
#1251=VERTEX_POINT('',#4929);
#1252=VERTEX_POINT('',#4932);
#1253=VERTEX_POINT('',#4935);
#1254=VERTEX_POINT('',#4936);
#1255=VERTEX_POINT('',#4938);
#1256=VERTEX_POINT('',#4940);
#1257=VERTEX_POINT('',#4942);
#1258=VERTEX_POINT('',#4944);
#1259=VERTEX_POINT('',#4946);
#1260=VERTEX_POINT('',#4948);
#1261=VERTEX_POINT('',#4950);
#1262=VERTEX_POINT('',#4952);
#1263=VERTEX_POINT('',#4954);
#1264=VERTEX_POINT('',#4956);
#1265=VERTEX_POINT('',#4959);
#1266=VERTEX_POINT('',#4960);
#1267=VERTEX_POINT('',#4962);
#1268=VERTEX_POINT('',#4964);
#1269=VERTEX_POINT('',#4967);
#1270=VERTEX_POINT('',#4969);
#1271=VERTEX_POINT('',#4975);
#1272=VERTEX_POINT('',#4979);
#1273=VERTEX_POINT('',#4982);
#1274=VERTEX_POINT('',#4986);
#1275=VERTEX_POINT('',#4989);
#1276=VERTEX_POINT('',#4991);
#1277=VERTEX_POINT('',#4995);
#1278=VERTEX_POINT('',#4997);
#1279=VERTEX_POINT('',#4999);
#1280=VERTEX_POINT('',#5001);
#1281=VERTEX_POINT('',#5004);
#1282=VERTEX_POINT('',#5007);
#1283=VERTEX_POINT('',#5009);
#1284=VERTEX_POINT('',#5013);
#1285=VERTEX_POINT('',#5014);
#1286=VERTEX_POINT('',#5016);
#1287=VERTEX_POINT('',#5018);
#1288=VERTEX_POINT('',#5022);
#1289=VERTEX_POINT('',#5058);
#1290=VERTEX_POINT('',#5063);
#1291=VERTEX_POINT('',#5064);
#1292=VERTEX_POINT('',#5066);
#1293=VERTEX_POINT('',#5068);
#1294=VERTEX_POINT('',#5077);
#1295=VERTEX_POINT('',#5078);
#1296=VERTEX_POINT('',#5080);
#1297=VERTEX_POINT('',#5082);
#1298=VERTEX_POINT('',#5091);
#1299=VERTEX_POINT('',#5092);
#1300=VERTEX_POINT('',#5094);
#1301=VERTEX_POINT('',#5096);
#1302=VERTEX_POINT('',#5105);
#1303=VERTEX_POINT('',#5106);
#1304=VERTEX_POINT('',#5108);
#1305=VERTEX_POINT('',#5110);
#1306=EDGE_CURVE('',#1034,#1034,#898,.T.);
#1307=EDGE_CURVE('',#1034,#1035,#514,.T.);
#1308=EDGE_CURVE('',#1035,#1035,#899,.T.);
#1309=EDGE_CURVE('',#1036,#1037,#900,.T.);
#1310=EDGE_CURVE('',#1036,#1038,#515,.T.);
#1311=EDGE_CURVE('',#1039,#1038,#901,.T.);
#1312=EDGE_CURVE('',#1037,#1039,#516,.T.);
#1313=EDGE_CURVE('',#1040,#1037,#902,.T.);
#1314=EDGE_CURVE('',#1041,#1039,#903,.T.);
#1315=EDGE_CURVE('',#1040,#1041,#517,.T.);
#1316=EDGE_CURVE('',#1040,#1042,#904,.T.);
#1317=EDGE_CURVE('',#1043,#1041,#905,.T.);
#1318=EDGE_CURVE('',#1042,#1043,#518,.T.);
#1319=EDGE_CURVE('',#1044,#1042,#519,.T.);
#1320=EDGE_CURVE('',#1045,#1043,#520,.T.);
#1321=EDGE_CURVE('',#1044,#1045,#521,.T.);
#1322=EDGE_CURVE('',#1046,#1044,#32,.T.);
#1323=EDGE_CURVE('',#1047,#1045,#33,.T.);
#1324=EDGE_CURVE('',#1046,#1047,#522,.T.);
#1325=EDGE_CURVE('',#1048,#1046,#34,.T.);
#1326=EDGE_CURVE('',#1049,#1047,#35,.T.);
#1327=EDGE_CURVE('',#1048,#1049,#523,.T.);
#1328=EDGE_CURVE('',#1050,#1048,#906,.T.);
#1329=EDGE_CURVE('',#1051,#1049,#907,.T.);
#1330=EDGE_CURVE('',#1050,#1051,#524,.T.);
#1331=EDGE_CURVE('',#1052,#1050,#36,.T.);
#1332=EDGE_CURVE('',#1053,#1051,#37,.T.);
#1333=EDGE_CURVE('',#1052,#1053,#525,.T.);
#1334=EDGE_CURVE('',#1054,#1052,#38,.T.);
#1335=EDGE_CURVE('',#1055,#1053,#39,.T.);
#1336=EDGE_CURVE('',#1054,#1055,#526,.T.);
#1337=EDGE_CURVE('',#1056,#1054,#527,.T.);
#1338=EDGE_CURVE('',#1057,#1055,#528,.T.);
#1339=EDGE_CURVE('',#1056,#1057,#529,.T.);
#1340=EDGE_CURVE('',#1056,#1058,#908,.T.);
#1341=EDGE_CURVE('',#1059,#1057,#909,.T.);
#1342=EDGE_CURVE('',#1058,#1059,#530,.T.);
#1343=EDGE_CURVE('',#1060,#1058,#910,.T.);
#1344=EDGE_CURVE('',#1061,#1059,#911,.T.);
#1345=EDGE_CURVE('',#1060,#1061,#531,.T.);
#1346=EDGE_CURVE('',#1060,#1062,#912,.T.);
#1347=EDGE_CURVE('',#1063,#1061,#913,.T.);
#1348=EDGE_CURVE('',#1062,#1063,#532,.T.);
#1349=EDGE_CURVE('',#1064,#1062,#533,.T.);
#1350=EDGE_CURVE('',#1065,#1063,#534,.T.);
#1351=EDGE_CURVE('',#1064,#1065,#535,.T.);
#1352=EDGE_CURVE('',#1066,#1064,#40,.T.);
#1353=EDGE_CURVE('',#1067,#1065,#41,.T.);
#1354=EDGE_CURVE('',#1066,#1067,#536,.T.);
#1355=EDGE_CURVE('',#1068,#1066,#42,.T.);
#1356=EDGE_CURVE('',#1069,#1067,#43,.T.);
#1357=EDGE_CURVE('',#1068,#1069,#537,.T.);
#1358=EDGE_CURVE('',#1070,#1068,#914,.T.);
#1359=EDGE_CURVE('',#1071,#1069,#915,.T.);
#1360=EDGE_CURVE('',#1070,#1071,#538,.T.);
#1361=EDGE_CURVE('',#1072,#1070,#44,.T.);
#1362=EDGE_CURVE('',#1073,#1071,#45,.T.);
#1363=EDGE_CURVE('',#1072,#1073,#539,.T.);
#1364=EDGE_CURVE('',#1074,#1072,#46,.T.);
#1365=EDGE_CURVE('',#1075,#1073,#47,.T.);
#1366=EDGE_CURVE('',#1074,#1075,#540,.T.);
#1367=EDGE_CURVE('',#1076,#1074,#541,.T.);
#1368=EDGE_CURVE('',#1077,#1075,#542,.T.);
#1369=EDGE_CURVE('',#1076,#1077,#543,.T.);
#1370=EDGE_CURVE('',#1076,#1078,#916,.T.);
#1371=EDGE_CURVE('',#1079,#1077,#917,.T.);
#1372=EDGE_CURVE('',#1078,#1079,#544,.T.);
#1373=EDGE_CURVE('',#1080,#1078,#918,.T.);
#1374=EDGE_CURVE('',#1081,#1079,#919,.T.);
#1375=EDGE_CURVE('',#1080,#1081,#545,.T.);
#1376=EDGE_CURVE('',#1080,#1082,#920,.T.);
#1377=EDGE_CURVE('',#1083,#1081,#921,.T.);
#1378=EDGE_CURVE('',#1082,#1083,#546,.T.);
#1379=EDGE_CURVE('',#1084,#1082,#547,.T.);
#1380=EDGE_CURVE('',#1085,#1083,#548,.T.);
#1381=EDGE_CURVE('',#1084,#1085,#549,.T.);
#1382=EDGE_CURVE('',#1086,#1084,#48,.T.);
#1383=EDGE_CURVE('',#1087,#1085,#49,.T.);
#1384=EDGE_CURVE('',#1086,#1087,#550,.T.);
#1385=EDGE_CURVE('',#1088,#1086,#50,.T.);
#1386=EDGE_CURVE('',#1089,#1087,#51,.T.);
#1387=EDGE_CURVE('',#1088,#1089,#551,.T.);
#1388=EDGE_CURVE('',#1090,#1088,#922,.T.);
#1389=EDGE_CURVE('',#1091,#1089,#923,.T.);
#1390=EDGE_CURVE('',#1090,#1091,#552,.T.);
#1391=EDGE_CURVE('',#1092,#1090,#52,.T.);
#1392=EDGE_CURVE('',#1093,#1091,#53,.T.);
#1393=EDGE_CURVE('',#1092,#1093,#553,.T.);
#1394=EDGE_CURVE('',#1094,#1092,#54,.T.);
#1395=EDGE_CURVE('',#1095,#1093,#55,.T.);
#1396=EDGE_CURVE('',#1094,#1095,#554,.T.);
#1397=EDGE_CURVE('',#1096,#1094,#555,.T.);
#1398=EDGE_CURVE('',#1097,#1095,#556,.T.);
#1399=EDGE_CURVE('',#1096,#1097,#557,.T.);
#1400=EDGE_CURVE('',#1096,#1098,#924,.T.);
#1401=EDGE_CURVE('',#1099,#1097,#925,.T.);
#1402=EDGE_CURVE('',#1098,#1099,#558,.T.);
#1403=EDGE_CURVE('',#1100,#1098,#926,.T.);
#1404=EDGE_CURVE('',#1101,#1099,#927,.T.);
#1405=EDGE_CURVE('',#1100,#1101,#559,.T.);
#1406=EDGE_CURVE('',#1100,#1102,#928,.T.);
#1407=EDGE_CURVE('',#1103,#1101,#929,.T.);
#1408=EDGE_CURVE('',#1102,#1103,#560,.T.);
#1409=EDGE_CURVE('',#1104,#1102,#561,.T.);
#1410=EDGE_CURVE('',#1105,#1103,#562,.T.);
#1411=EDGE_CURVE('',#1104,#1105,#563,.T.);
#1412=EDGE_CURVE('',#1106,#1104,#56,.T.);
#1413=EDGE_CURVE('',#1107,#1105,#57,.T.);
#1414=EDGE_CURVE('',#1106,#1107,#564,.T.);
#1415=EDGE_CURVE('',#1108,#1106,#58,.T.);
#1416=EDGE_CURVE('',#1109,#1107,#59,.T.);
#1417=EDGE_CURVE('',#1108,#1109,#565,.T.);
#1418=EDGE_CURVE('',#1110,#1108,#930,.T.);
#1419=EDGE_CURVE('',#1111,#1109,#931,.T.);
#1420=EDGE_CURVE('',#1110,#1111,#566,.T.);
#1421=EDGE_CURVE('',#1112,#1110,#60,.T.);
#1422=EDGE_CURVE('',#1113,#1111,#61,.T.);
#1423=EDGE_CURVE('',#1112,#1113,#567,.T.);
#1424=EDGE_CURVE('',#1114,#1112,#62,.T.);
#1425=EDGE_CURVE('',#1115,#1113,#63,.T.);
#1426=EDGE_CURVE('',#1114,#1115,#568,.T.);
#1427=EDGE_CURVE('',#1116,#1114,#569,.T.);
#1428=EDGE_CURVE('',#1117,#1115,#570,.T.);
#1429=EDGE_CURVE('',#1116,#1117,#571,.T.);
#1430=EDGE_CURVE('',#1116,#1118,#932,.T.);
#1431=EDGE_CURVE('',#1119,#1117,#933,.T.);
#1432=EDGE_CURVE('',#1118,#1119,#572,.T.);
#1433=EDGE_CURVE('',#1120,#1118,#934,.T.);
#1434=EDGE_CURVE('',#1121,#1119,#935,.T.);
#1435=EDGE_CURVE('',#1120,#1121,#573,.T.);
#1436=EDGE_CURVE('',#1120,#1122,#936,.T.);
#1437=EDGE_CURVE('',#1123,#1121,#937,.T.);
#1438=EDGE_CURVE('',#1122,#1123,#574,.T.);
#1439=EDGE_CURVE('',#1124,#1122,#575,.T.);
#1440=EDGE_CURVE('',#1125,#1123,#576,.T.);
#1441=EDGE_CURVE('',#1124,#1125,#577,.T.);
#1442=EDGE_CURVE('',#1126,#1124,#64,.T.);
#1443=EDGE_CURVE('',#1127,#1125,#65,.T.);
#1444=EDGE_CURVE('',#1126,#1127,#578,.T.);
#1445=EDGE_CURVE('',#1128,#1126,#66,.T.);
#1446=EDGE_CURVE('',#1129,#1127,#67,.T.);
#1447=EDGE_CURVE('',#1128,#1129,#579,.T.);
#1448=EDGE_CURVE('',#1130,#1128,#938,.T.);
#1449=EDGE_CURVE('',#1131,#1129,#939,.T.);
#1450=EDGE_CURVE('',#1130,#1131,#580,.T.);
#1451=EDGE_CURVE('',#1132,#1130,#68,.T.);
#1452=EDGE_CURVE('',#1133,#1131,#69,.T.);
#1453=EDGE_CURVE('',#1132,#1133,#581,.T.);
#1454=EDGE_CURVE('',#1134,#1132,#70,.T.);
#1455=EDGE_CURVE('',#1135,#1133,#71,.T.);
#1456=EDGE_CURVE('',#1134,#1135,#582,.T.);
#1457=EDGE_CURVE('',#1136,#1134,#583,.T.);
#1458=EDGE_CURVE('',#1137,#1135,#584,.T.);
#1459=EDGE_CURVE('',#1136,#1137,#585,.T.);
#1460=EDGE_CURVE('',#1136,#1138,#940,.T.);
#1461=EDGE_CURVE('',#1139,#1137,#941,.T.);
#1462=EDGE_CURVE('',#1138,#1139,#586,.T.);
#1463=EDGE_CURVE('',#1140,#1138,#942,.T.);
#1464=EDGE_CURVE('',#1141,#1139,#943,.T.);
#1465=EDGE_CURVE('',#1140,#1141,#587,.T.);
#1466=EDGE_CURVE('',#1140,#1142,#944,.T.);
#1467=EDGE_CURVE('',#1143,#1141,#945,.T.);
#1468=EDGE_CURVE('',#1142,#1143,#588,.T.);
#1469=EDGE_CURVE('',#1144,#1142,#589,.T.);
#1470=EDGE_CURVE('',#1145,#1143,#590,.T.);
#1471=EDGE_CURVE('',#1144,#1145,#591,.T.);
#1472=EDGE_CURVE('',#1146,#1144,#72,.T.);
#1473=EDGE_CURVE('',#1147,#1145,#73,.T.);
#1474=EDGE_CURVE('',#1146,#1147,#592,.T.);
#1475=EDGE_CURVE('',#1148,#1146,#74,.T.);
#1476=EDGE_CURVE('',#1149,#1147,#75,.T.);
#1477=EDGE_CURVE('',#1148,#1149,#593,.T.);
#1478=EDGE_CURVE('',#1150,#1148,#946,.T.);
#1479=EDGE_CURVE('',#1151,#1149,#947,.T.);
#1480=EDGE_CURVE('',#1150,#1151,#594,.T.);
#1481=EDGE_CURVE('',#1152,#1150,#76,.T.);
#1482=EDGE_CURVE('',#1153,#1151,#77,.T.);
#1483=EDGE_CURVE('',#1152,#1153,#595,.T.);
#1484=EDGE_CURVE('',#1154,#1152,#78,.T.);
#1485=EDGE_CURVE('',#1155,#1153,#79,.T.);
#1486=EDGE_CURVE('',#1154,#1155,#596,.T.);
#1487=EDGE_CURVE('',#1156,#1154,#597,.T.);
#1488=EDGE_CURVE('',#1157,#1155,#598,.T.);
#1489=EDGE_CURVE('',#1156,#1157,#599,.T.);
#1490=EDGE_CURVE('',#1156,#1158,#948,.T.);
#1491=EDGE_CURVE('',#1159,#1157,#949,.T.);
#1492=EDGE_CURVE('',#1158,#1159,#600,.T.);
#1493=EDGE_CURVE('',#1160,#1158,#950,.T.);
#1494=EDGE_CURVE('',#1161,#1159,#951,.T.);
#1495=EDGE_CURVE('',#1160,#1161,#601,.T.);
#1496=EDGE_CURVE('',#1160,#1162,#952,.T.);
#1497=EDGE_CURVE('',#1163,#1161,#953,.T.);
#1498=EDGE_CURVE('',#1162,#1163,#602,.T.);
#1499=EDGE_CURVE('',#1164,#1162,#603,.T.);
#1500=EDGE_CURVE('',#1165,#1163,#604,.T.);
#1501=EDGE_CURVE('',#1164,#1165,#605,.T.);
#1502=EDGE_CURVE('',#1166,#1164,#80,.T.);
#1503=EDGE_CURVE('',#1167,#1165,#81,.T.);
#1504=EDGE_CURVE('',#1166,#1167,#606,.T.);
#1505=EDGE_CURVE('',#1168,#1166,#82,.T.);
#1506=EDGE_CURVE('',#1169,#1167,#83,.T.);
#1507=EDGE_CURVE('',#1168,#1169,#607,.T.);
#1508=EDGE_CURVE('',#1170,#1168,#954,.T.);
#1509=EDGE_CURVE('',#1171,#1169,#955,.T.);
#1510=EDGE_CURVE('',#1170,#1171,#608,.T.);
#1511=EDGE_CURVE('',#1172,#1170,#84,.T.);
#1512=EDGE_CURVE('',#1173,#1171,#85,.T.);
#1513=EDGE_CURVE('',#1172,#1173,#609,.T.);
#1514=EDGE_CURVE('',#1174,#1172,#86,.T.);
#1515=EDGE_CURVE('',#1175,#1173,#87,.T.);
#1516=EDGE_CURVE('',#1174,#1175,#610,.T.);
#1517=EDGE_CURVE('',#1176,#1174,#611,.T.);
#1518=EDGE_CURVE('',#1177,#1175,#612,.T.);
#1519=EDGE_CURVE('',#1176,#1177,#613,.T.);
#1520=EDGE_CURVE('',#1176,#1178,#956,.T.);
#1521=EDGE_CURVE('',#1179,#1177,#957,.T.);
#1522=EDGE_CURVE('',#1178,#1179,#614,.T.);
#1523=EDGE_CURVE('',#1180,#1178,#958,.T.);
#1524=EDGE_CURVE('',#1181,#1179,#959,.T.);
#1525=EDGE_CURVE('',#1180,#1181,#615,.T.);
#1526=EDGE_CURVE('',#1180,#1182,#960,.T.);
#1527=EDGE_CURVE('',#1183,#1181,#961,.T.);
#1528=EDGE_CURVE('',#1182,#1183,#616,.T.);
#1529=EDGE_CURVE('',#1184,#1182,#617,.T.);
#1530=EDGE_CURVE('',#1185,#1183,#618,.T.);
#1531=EDGE_CURVE('',#1184,#1185,#619,.T.);
#1532=EDGE_CURVE('',#1186,#1184,#88,.T.);
#1533=EDGE_CURVE('',#1187,#1185,#89,.T.);
#1534=EDGE_CURVE('',#1186,#1187,#620,.T.);
#1535=EDGE_CURVE('',#1188,#1186,#90,.T.);
#1536=EDGE_CURVE('',#1189,#1187,#91,.T.);
#1537=EDGE_CURVE('',#1188,#1189,#621,.T.);
#1538=EDGE_CURVE('',#1190,#1188,#962,.T.);
#1539=EDGE_CURVE('',#1191,#1189,#963,.T.);
#1540=EDGE_CURVE('',#1190,#1191,#622,.T.);
#1541=EDGE_CURVE('',#1192,#1190,#92,.T.);
#1542=EDGE_CURVE('',#1193,#1191,#93,.T.);
#1543=EDGE_CURVE('',#1192,#1193,#623,.T.);
#1544=EDGE_CURVE('',#1194,#1192,#94,.T.);
#1545=EDGE_CURVE('',#1195,#1193,#95,.T.);
#1546=EDGE_CURVE('',#1194,#1195,#624,.T.);
#1547=EDGE_CURVE('',#1196,#1194,#625,.T.);
#1548=EDGE_CURVE('',#1197,#1195,#626,.T.);
#1549=EDGE_CURVE('',#1196,#1197,#627,.T.);
#1550=EDGE_CURVE('',#1196,#1198,#964,.T.);
#1551=EDGE_CURVE('',#1199,#1197,#965,.T.);
#1552=EDGE_CURVE('',#1198,#1199,#628,.T.);
#1553=EDGE_CURVE('',#1200,#1198,#966,.T.);
#1554=EDGE_CURVE('',#1201,#1199,#967,.T.);
#1555=EDGE_CURVE('',#1200,#1201,#629,.T.);
#1556=EDGE_CURVE('',#1200,#1202,#968,.T.);
#1557=EDGE_CURVE('',#1203,#1201,#969,.T.);
#1558=EDGE_CURVE('',#1202,#1203,#630,.T.);
#1559=EDGE_CURVE('',#1204,#1202,#631,.T.);
#1560=EDGE_CURVE('',#1205,#1203,#632,.T.);
#1561=EDGE_CURVE('',#1204,#1205,#633,.T.);
#1562=EDGE_CURVE('',#1206,#1204,#96,.T.);
#1563=EDGE_CURVE('',#1207,#1205,#97,.T.);
#1564=EDGE_CURVE('',#1206,#1207,#634,.T.);
#1565=EDGE_CURVE('',#1208,#1206,#98,.T.);
#1566=EDGE_CURVE('',#1209,#1207,#99,.T.);
#1567=EDGE_CURVE('',#1208,#1209,#635,.T.);
#1568=EDGE_CURVE('',#1210,#1208,#970,.T.);
#1569=EDGE_CURVE('',#1211,#1209,#971,.T.);
#1570=EDGE_CURVE('',#1210,#1211,#636,.T.);
#1571=EDGE_CURVE('',#1212,#1210,#100,.T.);
#1572=EDGE_CURVE('',#1213,#1211,#101,.T.);
#1573=EDGE_CURVE('',#1212,#1213,#637,.T.);
#1574=EDGE_CURVE('',#1214,#1212,#102,.T.);
#1575=EDGE_CURVE('',#1215,#1213,#103,.T.);
#1576=EDGE_CURVE('',#1214,#1215,#638,.T.);
#1577=EDGE_CURVE('',#1216,#1214,#639,.T.);
#1578=EDGE_CURVE('',#1217,#1215,#640,.T.);
#1579=EDGE_CURVE('',#1216,#1217,#641,.T.);
#1580=EDGE_CURVE('',#1216,#1218,#972,.T.);
#1581=EDGE_CURVE('',#1219,#1217,#973,.T.);
#1582=EDGE_CURVE('',#1218,#1219,#642,.T.);
#1583=EDGE_CURVE('',#1220,#1218,#974,.T.);
#1584=EDGE_CURVE('',#1221,#1219,#975,.T.);
#1585=EDGE_CURVE('',#1220,#1221,#643,.T.);
#1586=EDGE_CURVE('',#1220,#1222,#976,.T.);
#1587=EDGE_CURVE('',#1223,#1221,#977,.T.);
#1588=EDGE_CURVE('',#1222,#1223,#644,.T.);
#1589=EDGE_CURVE('',#1224,#1222,#645,.T.);
#1590=EDGE_CURVE('',#1225,#1223,#646,.T.);
#1591=EDGE_CURVE('',#1224,#1225,#647,.T.);
#1592=EDGE_CURVE('',#1226,#1224,#104,.T.);
#1593=EDGE_CURVE('',#1227,#1225,#105,.T.);
#1594=EDGE_CURVE('',#1226,#1227,#648,.T.);
#1595=EDGE_CURVE('',#1228,#1226,#106,.T.);
#1596=EDGE_CURVE('',#1229,#1227,#107,.T.);
#1597=EDGE_CURVE('',#1228,#1229,#649,.T.);
#1598=EDGE_CURVE('',#1230,#1228,#978,.T.);
#1599=EDGE_CURVE('',#1231,#1229,#979,.T.);
#1600=EDGE_CURVE('',#1230,#1231,#650,.T.);
#1601=EDGE_CURVE('',#1232,#1230,#108,.T.);
#1602=EDGE_CURVE('',#1233,#1231,#109,.T.);
#1603=EDGE_CURVE('',#1232,#1233,#651,.T.);
#1604=EDGE_CURVE('',#1234,#1232,#110,.T.);
#1605=EDGE_CURVE('',#1235,#1233,#111,.T.);
#1606=EDGE_CURVE('',#1234,#1235,#652,.T.);
#1607=EDGE_CURVE('',#1036,#1234,#653,.T.);
#1608=EDGE_CURVE('',#1038,#1235,#654,.T.);
#1609=EDGE_CURVE('',#1236,#1236,#980,.T.);
#1610=EDGE_CURVE('',#1236,#1237,#655,.T.);
#1611=EDGE_CURVE('',#1237,#1238,#981,.T.);
#1612=EDGE_CURVE('',#1238,#1237,#982,.T.);
#1613=EDGE_CURVE('',#1238,#1239,#656,.T.);
#1614=EDGE_CURVE('',#1240,#1239,#983,.T.);
#1615=EDGE_CURVE('',#1241,#1240,#657,.T.);
#1616=EDGE_CURVE('',#1242,#1241,#984,.T.);
#1617=EDGE_CURVE('',#1242,#1243,#658,.T.);
#1618=EDGE_CURVE('',#1244,#1243,#985,.T.);
#1619=EDGE_CURVE('',#1245,#1244,#659,.T.);
#1620=EDGE_CURVE('',#1246,#1245,#986,.T.);
#1621=EDGE_CURVE('',#1247,#1246,#660,.T.);
#1622=EDGE_CURVE('',#1239,#1247,#987,.T.);
#1623=EDGE_CURVE('',#1248,#1249,#988,.T.);
#1624=EDGE_CURVE('',#1249,#1250,#989,.T.);
#1625=EDGE_CURVE('',#1250,#1251,#990,.T.);
#1626=EDGE_CURVE('',#1251,#1248,#991,.T.);
#1627=EDGE_CURVE('',#1252,#1252,#992,.T.);
#1628=EDGE_CURVE('',#1253,#1254,#993,.T.);
#1629=EDGE_CURVE('',#1254,#1255,#661,.T.);
#1630=EDGE_CURVE('',#1255,#1256,#994,.T.);
#1631=EDGE_CURVE('',#1256,#1257,#662,.T.);
#1632=EDGE_CURVE('',#1257,#1258,#995,.T.);
#1633=EDGE_CURVE('',#1258,#1259,#996,.T.);
#1634=EDGE_CURVE('',#1259,#1260,#997,.T.);
#1635=EDGE_CURVE('',#1260,#1261,#663,.T.);
#1636=EDGE_CURVE('',#1261,#1262,#998,.T.);
#1637=EDGE_CURVE('',#1262,#1263,#664,.T.);
#1638=EDGE_CURVE('',#1263,#1264,#999,.T.);
#1639=EDGE_CURVE('',#1253,#1264,#1000,.F.);
#1640=EDGE_CURVE('',#1265,#1266,#1001,.T.);
#1641=EDGE_CURVE('',#1267,#1265,#1002,.T.);
#1642=EDGE_CURVE('',#1268,#1267,#1003,.T.);
#1643=EDGE_CURVE('',#1266,#1268,#1004,.T.);
#1644=EDGE_CURVE('',#1269,#1269,#1005,.T.);
#1645=EDGE_CURVE('',#1270,#1270,#1006,.T.);
#1646=EDGE_CURVE('',#1248,#1266,#665,.T.);
#1647=EDGE_CURVE('',#1251,#1265,#666,.T.);
#1648=EDGE_CURVE('',#1271,#1271,#1007,.F.);
#1649=EDGE_CURVE('',#1271,#1252,#667,.T.);
#1650=EDGE_CURVE('',#1272,#1272,#1008,.T.);
#1651=EDGE_CURVE('',#1273,#1273,#1009,.T.);
#1652=EDGE_CURVE('',#1273,#1272,#668,.T.);
#1653=EDGE_CURVE('',#1274,#1274,#1010,.T.);
#1654=EDGE_CURVE('',#1275,#1243,#1011,.T.);
#1655=EDGE_CURVE('',#1276,#1275,#1012,.T.);
#1656=EDGE_CURVE('',#1244,#1276,#1013,.T.);
#1657=EDGE_CURVE('',#1277,#1245,#1014,.T.);
#1658=EDGE_CURVE('',#1278,#1277,#669,.T.);
#1659=EDGE_CURVE('',#1279,#1278,#1015,.T.);
#1660=EDGE_CURVE('',#1280,#1279,#670,.T.);
#1661=EDGE_CURVE('',#1246,#1280,#1016,.T.);
#1662=EDGE_CURVE('',#1281,#1281,#1017,.T.);
#1663=EDGE_CURVE('',#1282,#1247,#1018,.T.);
#1664=EDGE_CURVE('',#1283,#1282,#1019,.T.);
#1665=EDGE_CURVE('',#1240,#1283,#1020,.T.);
#1666=EDGE_CURVE('',#1284,#1285,#671,.T.);
#1667=EDGE_CURVE('',#1286,#1284,#1021,.T.);
#1668=EDGE_CURVE('',#1287,#1286,#672,.T.);
#1669=EDGE_CURVE('',#1242,#1287,#1022,.T.);
#1670=EDGE_CURVE('',#1285,#1241,#1023,.T.);
#1671=EDGE_CURVE('',#1288,#1288,#1024,.T.);
#1672=EDGE_CURVE('',#1288,#1269,#673,.T.);
#1673=EDGE_CURVE('',#1281,#1270,#674,.T.);
#1674=EDGE_CURVE('',#1260,#1287,#675,.T.);
#1675=EDGE_CURVE('',#1259,#1275,#676,.T.);
#1676=EDGE_CURVE('',#1258,#1276,#677,.T.);
#1677=EDGE_CURVE('',#1257,#1277,#678,.T.);
#1678=EDGE_CURVE('',#1256,#1278,#679,.T.);
#1679=EDGE_CURVE('',#1255,#1279,#680,.T.);
#1680=EDGE_CURVE('',#1254,#1280,#681,.T.);
#1681=EDGE_CURVE('',#1253,#1282,#682,.T.);
#1682=EDGE_CURVE('',#1264,#1283,#683,.T.);
#1683=EDGE_CURVE('',#1263,#1285,#684,.T.);
#1684=EDGE_CURVE('',#1262,#1284,#685,.T.);
#1685=EDGE_CURVE('',#1261,#1286,#686,.T.);
#1686=EDGE_CURVE('',#1249,#1268,#687,.T.);
#1687=EDGE_CURVE('',#1250,#1267,#688,.T.);
#1688=EDGE_CURVE('',#1289,#1289,#1025,.T.);
#1689=EDGE_CURVE('',#1289,#1274,#689,.T.);
#1690=EDGE_CURVE('',#1290,#1291,#1026,.T.);
#1691=EDGE_CURVE('',#1290,#1292,#690,.T.);
#1692=EDGE_CURVE('',#1293,#1292,#1027,.T.);
#1693=EDGE_CURVE('',#1293,#1291,#691,.T.);
#1694=EDGE_CURVE('',#1293,#1292,#692,.T.);
#1695=EDGE_CURVE('',#1291,#1290,#693,.T.);
#1696=EDGE_CURVE('',#1294,#1295,#1028,.T.);
#1697=EDGE_CURVE('',#1294,#1296,#694,.T.);
#1698=EDGE_CURVE('',#1297,#1296,#1029,.T.);
#1699=EDGE_CURVE('',#1297,#1295,#695,.T.);
#1700=EDGE_CURVE('',#1294,#1295,#696,.T.);
#1701=EDGE_CURVE('',#1296,#1297,#697,.T.);
#1702=EDGE_CURVE('',#1298,#1299,#1030,.T.);
#1703=EDGE_CURVE('',#1298,#1300,#698,.T.);
#1704=EDGE_CURVE('',#1301,#1300,#1031,.T.);
#1705=EDGE_CURVE('',#1301,#1299,#699,.T.);
#1706=EDGE_CURVE('',#1298,#1299,#700,.T.);
#1707=EDGE_CURVE('',#1300,#1301,#701,.T.);
#1708=EDGE_CURVE('',#1302,#1303,#1032,.T.);
#1709=EDGE_CURVE('',#1302,#1304,#702,.T.);
#1710=EDGE_CURVE('',#1305,#1304,#1033,.T.);
#1711=EDGE_CURVE('',#1305,#1303,#703,.T.);
#1712=EDGE_CURVE('',#1302,#1303,#704,.T.);
#1713=EDGE_CURVE('',#1304,#1305,#705,.T.);
#1714=ORIENTED_EDGE('',*,*,#1306,.F.);
#1715=ORIENTED_EDGE('',*,*,#1307,.T.);
#1716=ORIENTED_EDGE('',*,*,#1308,.F.);
#1717=ORIENTED_EDGE('',*,*,#1307,.F.);
#1718=ORIENTED_EDGE('',*,*,#1309,.F.);
#1719=ORIENTED_EDGE('',*,*,#1310,.T.);
#1720=ORIENTED_EDGE('',*,*,#1311,.F.);
#1721=ORIENTED_EDGE('',*,*,#1312,.F.);
#1722=ORIENTED_EDGE('',*,*,#1313,.T.);
#1723=ORIENTED_EDGE('',*,*,#1312,.T.);
#1724=ORIENTED_EDGE('',*,*,#1314,.F.);
#1725=ORIENTED_EDGE('',*,*,#1315,.F.);
#1726=ORIENTED_EDGE('',*,*,#1316,.F.);
#1727=ORIENTED_EDGE('',*,*,#1315,.T.);
#1728=ORIENTED_EDGE('',*,*,#1317,.F.);
#1729=ORIENTED_EDGE('',*,*,#1318,.F.);
#1730=ORIENTED_EDGE('',*,*,#1319,.T.);
#1731=ORIENTED_EDGE('',*,*,#1318,.T.);
#1732=ORIENTED_EDGE('',*,*,#1320,.F.);
#1733=ORIENTED_EDGE('',*,*,#1321,.F.);
#1734=ORIENTED_EDGE('',*,*,#1322,.T.);
#1735=ORIENTED_EDGE('',*,*,#1321,.T.);
#1736=ORIENTED_EDGE('',*,*,#1323,.F.);
#1737=ORIENTED_EDGE('',*,*,#1324,.F.);
#1738=ORIENTED_EDGE('',*,*,#1325,.T.);
#1739=ORIENTED_EDGE('',*,*,#1324,.T.);
#1740=ORIENTED_EDGE('',*,*,#1326,.F.);
#1741=ORIENTED_EDGE('',*,*,#1327,.F.);
#1742=ORIENTED_EDGE('',*,*,#1328,.T.);
#1743=ORIENTED_EDGE('',*,*,#1327,.T.);
#1744=ORIENTED_EDGE('',*,*,#1329,.F.);
#1745=ORIENTED_EDGE('',*,*,#1330,.F.);
#1746=ORIENTED_EDGE('',*,*,#1331,.T.);
#1747=ORIENTED_EDGE('',*,*,#1330,.T.);
#1748=ORIENTED_EDGE('',*,*,#1332,.F.);
#1749=ORIENTED_EDGE('',*,*,#1333,.F.);
#1750=ORIENTED_EDGE('',*,*,#1334,.T.);
#1751=ORIENTED_EDGE('',*,*,#1333,.T.);
#1752=ORIENTED_EDGE('',*,*,#1335,.F.);
#1753=ORIENTED_EDGE('',*,*,#1336,.F.);
#1754=ORIENTED_EDGE('',*,*,#1337,.T.);
#1755=ORIENTED_EDGE('',*,*,#1336,.T.);
#1756=ORIENTED_EDGE('',*,*,#1338,.F.);
#1757=ORIENTED_EDGE('',*,*,#1339,.F.);
#1758=ORIENTED_EDGE('',*,*,#1340,.F.);
#1759=ORIENTED_EDGE('',*,*,#1339,.T.);
#1760=ORIENTED_EDGE('',*,*,#1341,.F.);
#1761=ORIENTED_EDGE('',*,*,#1342,.F.);
#1762=ORIENTED_EDGE('',*,*,#1343,.T.);
#1763=ORIENTED_EDGE('',*,*,#1342,.T.);
#1764=ORIENTED_EDGE('',*,*,#1344,.F.);
#1765=ORIENTED_EDGE('',*,*,#1345,.F.);
#1766=ORIENTED_EDGE('',*,*,#1346,.F.);
#1767=ORIENTED_EDGE('',*,*,#1345,.T.);
#1768=ORIENTED_EDGE('',*,*,#1347,.F.);
#1769=ORIENTED_EDGE('',*,*,#1348,.F.);
#1770=ORIENTED_EDGE('',*,*,#1349,.T.);
#1771=ORIENTED_EDGE('',*,*,#1348,.T.);
#1772=ORIENTED_EDGE('',*,*,#1350,.F.);
#1773=ORIENTED_EDGE('',*,*,#1351,.F.);
#1774=ORIENTED_EDGE('',*,*,#1352,.T.);
#1775=ORIENTED_EDGE('',*,*,#1351,.T.);
#1776=ORIENTED_EDGE('',*,*,#1353,.F.);
#1777=ORIENTED_EDGE('',*,*,#1354,.F.);
#1778=ORIENTED_EDGE('',*,*,#1355,.T.);
#1779=ORIENTED_EDGE('',*,*,#1354,.T.);
#1780=ORIENTED_EDGE('',*,*,#1356,.F.);
#1781=ORIENTED_EDGE('',*,*,#1357,.F.);
#1782=ORIENTED_EDGE('',*,*,#1358,.T.);
#1783=ORIENTED_EDGE('',*,*,#1357,.T.);
#1784=ORIENTED_EDGE('',*,*,#1359,.F.);
#1785=ORIENTED_EDGE('',*,*,#1360,.F.);
#1786=ORIENTED_EDGE('',*,*,#1361,.T.);
#1787=ORIENTED_EDGE('',*,*,#1360,.T.);
#1788=ORIENTED_EDGE('',*,*,#1362,.F.);
#1789=ORIENTED_EDGE('',*,*,#1363,.F.);
#1790=ORIENTED_EDGE('',*,*,#1364,.T.);
#1791=ORIENTED_EDGE('',*,*,#1363,.T.);
#1792=ORIENTED_EDGE('',*,*,#1365,.F.);
#1793=ORIENTED_EDGE('',*,*,#1366,.F.);
#1794=ORIENTED_EDGE('',*,*,#1367,.T.);
#1795=ORIENTED_EDGE('',*,*,#1366,.T.);
#1796=ORIENTED_EDGE('',*,*,#1368,.F.);
#1797=ORIENTED_EDGE('',*,*,#1369,.F.);
#1798=ORIENTED_EDGE('',*,*,#1370,.F.);
#1799=ORIENTED_EDGE('',*,*,#1369,.T.);
#1800=ORIENTED_EDGE('',*,*,#1371,.F.);
#1801=ORIENTED_EDGE('',*,*,#1372,.F.);
#1802=ORIENTED_EDGE('',*,*,#1373,.T.);
#1803=ORIENTED_EDGE('',*,*,#1372,.T.);
#1804=ORIENTED_EDGE('',*,*,#1374,.F.);
#1805=ORIENTED_EDGE('',*,*,#1375,.F.);
#1806=ORIENTED_EDGE('',*,*,#1376,.F.);
#1807=ORIENTED_EDGE('',*,*,#1375,.T.);
#1808=ORIENTED_EDGE('',*,*,#1377,.F.);
#1809=ORIENTED_EDGE('',*,*,#1378,.F.);
#1810=ORIENTED_EDGE('',*,*,#1379,.T.);
#1811=ORIENTED_EDGE('',*,*,#1378,.T.);
#1812=ORIENTED_EDGE('',*,*,#1380,.F.);
#1813=ORIENTED_EDGE('',*,*,#1381,.F.);
#1814=ORIENTED_EDGE('',*,*,#1382,.T.);
#1815=ORIENTED_EDGE('',*,*,#1381,.T.);
#1816=ORIENTED_EDGE('',*,*,#1383,.F.);
#1817=ORIENTED_EDGE('',*,*,#1384,.F.);
#1818=ORIENTED_EDGE('',*,*,#1385,.T.);
#1819=ORIENTED_EDGE('',*,*,#1384,.T.);
#1820=ORIENTED_EDGE('',*,*,#1386,.F.);
#1821=ORIENTED_EDGE('',*,*,#1387,.F.);
#1822=ORIENTED_EDGE('',*,*,#1388,.T.);
#1823=ORIENTED_EDGE('',*,*,#1387,.T.);
#1824=ORIENTED_EDGE('',*,*,#1389,.F.);
#1825=ORIENTED_EDGE('',*,*,#1390,.F.);
#1826=ORIENTED_EDGE('',*,*,#1391,.T.);
#1827=ORIENTED_EDGE('',*,*,#1390,.T.);
#1828=ORIENTED_EDGE('',*,*,#1392,.F.);
#1829=ORIENTED_EDGE('',*,*,#1393,.F.);
#1830=ORIENTED_EDGE('',*,*,#1394,.T.);
#1831=ORIENTED_EDGE('',*,*,#1393,.T.);
#1832=ORIENTED_EDGE('',*,*,#1395,.F.);
#1833=ORIENTED_EDGE('',*,*,#1396,.F.);
#1834=ORIENTED_EDGE('',*,*,#1397,.T.);
#1835=ORIENTED_EDGE('',*,*,#1396,.T.);
#1836=ORIENTED_EDGE('',*,*,#1398,.F.);
#1837=ORIENTED_EDGE('',*,*,#1399,.F.);
#1838=ORIENTED_EDGE('',*,*,#1400,.F.);
#1839=ORIENTED_EDGE('',*,*,#1399,.T.);
#1840=ORIENTED_EDGE('',*,*,#1401,.F.);
#1841=ORIENTED_EDGE('',*,*,#1402,.F.);
#1842=ORIENTED_EDGE('',*,*,#1403,.T.);
#1843=ORIENTED_EDGE('',*,*,#1402,.T.);
#1844=ORIENTED_EDGE('',*,*,#1404,.F.);
#1845=ORIENTED_EDGE('',*,*,#1405,.F.);
#1846=ORIENTED_EDGE('',*,*,#1406,.F.);
#1847=ORIENTED_EDGE('',*,*,#1405,.T.);
#1848=ORIENTED_EDGE('',*,*,#1407,.F.);
#1849=ORIENTED_EDGE('',*,*,#1408,.F.);
#1850=ORIENTED_EDGE('',*,*,#1409,.T.);
#1851=ORIENTED_EDGE('',*,*,#1408,.T.);
#1852=ORIENTED_EDGE('',*,*,#1410,.F.);
#1853=ORIENTED_EDGE('',*,*,#1411,.F.);
#1854=ORIENTED_EDGE('',*,*,#1412,.T.);
#1855=ORIENTED_EDGE('',*,*,#1411,.T.);
#1856=ORIENTED_EDGE('',*,*,#1413,.F.);
#1857=ORIENTED_EDGE('',*,*,#1414,.F.);
#1858=ORIENTED_EDGE('',*,*,#1415,.T.);
#1859=ORIENTED_EDGE('',*,*,#1414,.T.);
#1860=ORIENTED_EDGE('',*,*,#1416,.F.);
#1861=ORIENTED_EDGE('',*,*,#1417,.F.);
#1862=ORIENTED_EDGE('',*,*,#1418,.T.);
#1863=ORIENTED_EDGE('',*,*,#1417,.T.);
#1864=ORIENTED_EDGE('',*,*,#1419,.F.);
#1865=ORIENTED_EDGE('',*,*,#1420,.F.);
#1866=ORIENTED_EDGE('',*,*,#1421,.T.);
#1867=ORIENTED_EDGE('',*,*,#1420,.T.);
#1868=ORIENTED_EDGE('',*,*,#1422,.F.);
#1869=ORIENTED_EDGE('',*,*,#1423,.F.);
#1870=ORIENTED_EDGE('',*,*,#1424,.T.);
#1871=ORIENTED_EDGE('',*,*,#1423,.T.);
#1872=ORIENTED_EDGE('',*,*,#1425,.F.);
#1873=ORIENTED_EDGE('',*,*,#1426,.F.);
#1874=ORIENTED_EDGE('',*,*,#1427,.T.);
#1875=ORIENTED_EDGE('',*,*,#1426,.T.);
#1876=ORIENTED_EDGE('',*,*,#1428,.F.);
#1877=ORIENTED_EDGE('',*,*,#1429,.F.);
#1878=ORIENTED_EDGE('',*,*,#1430,.F.);
#1879=ORIENTED_EDGE('',*,*,#1429,.T.);
#1880=ORIENTED_EDGE('',*,*,#1431,.F.);
#1881=ORIENTED_EDGE('',*,*,#1432,.F.);
#1882=ORIENTED_EDGE('',*,*,#1433,.T.);
#1883=ORIENTED_EDGE('',*,*,#1432,.T.);
#1884=ORIENTED_EDGE('',*,*,#1434,.F.);
#1885=ORIENTED_EDGE('',*,*,#1435,.F.);
#1886=ORIENTED_EDGE('',*,*,#1436,.F.);
#1887=ORIENTED_EDGE('',*,*,#1435,.T.);
#1888=ORIENTED_EDGE('',*,*,#1437,.F.);
#1889=ORIENTED_EDGE('',*,*,#1438,.F.);
#1890=ORIENTED_EDGE('',*,*,#1439,.T.);
#1891=ORIENTED_EDGE('',*,*,#1438,.T.);
#1892=ORIENTED_EDGE('',*,*,#1440,.F.);
#1893=ORIENTED_EDGE('',*,*,#1441,.F.);
#1894=ORIENTED_EDGE('',*,*,#1442,.T.);
#1895=ORIENTED_EDGE('',*,*,#1441,.T.);
#1896=ORIENTED_EDGE('',*,*,#1443,.F.);
#1897=ORIENTED_EDGE('',*,*,#1444,.F.);
#1898=ORIENTED_EDGE('',*,*,#1445,.T.);
#1899=ORIENTED_EDGE('',*,*,#1444,.T.);
#1900=ORIENTED_EDGE('',*,*,#1446,.F.);
#1901=ORIENTED_EDGE('',*,*,#1447,.F.);
#1902=ORIENTED_EDGE('',*,*,#1448,.T.);
#1903=ORIENTED_EDGE('',*,*,#1447,.T.);
#1904=ORIENTED_EDGE('',*,*,#1449,.F.);
#1905=ORIENTED_EDGE('',*,*,#1450,.F.);
#1906=ORIENTED_EDGE('',*,*,#1451,.T.);
#1907=ORIENTED_EDGE('',*,*,#1450,.T.);
#1908=ORIENTED_EDGE('',*,*,#1452,.F.);
#1909=ORIENTED_EDGE('',*,*,#1453,.F.);
#1910=ORIENTED_EDGE('',*,*,#1454,.T.);
#1911=ORIENTED_EDGE('',*,*,#1453,.T.);
#1912=ORIENTED_EDGE('',*,*,#1455,.F.);
#1913=ORIENTED_EDGE('',*,*,#1456,.F.);
#1914=ORIENTED_EDGE('',*,*,#1457,.T.);
#1915=ORIENTED_EDGE('',*,*,#1456,.T.);
#1916=ORIENTED_EDGE('',*,*,#1458,.F.);
#1917=ORIENTED_EDGE('',*,*,#1459,.F.);
#1918=ORIENTED_EDGE('',*,*,#1460,.F.);
#1919=ORIENTED_EDGE('',*,*,#1459,.T.);
#1920=ORIENTED_EDGE('',*,*,#1461,.F.);
#1921=ORIENTED_EDGE('',*,*,#1462,.F.);
#1922=ORIENTED_EDGE('',*,*,#1463,.T.);
#1923=ORIENTED_EDGE('',*,*,#1462,.T.);
#1924=ORIENTED_EDGE('',*,*,#1464,.F.);
#1925=ORIENTED_EDGE('',*,*,#1465,.F.);
#1926=ORIENTED_EDGE('',*,*,#1466,.F.);
#1927=ORIENTED_EDGE('',*,*,#1465,.T.);
#1928=ORIENTED_EDGE('',*,*,#1467,.F.);
#1929=ORIENTED_EDGE('',*,*,#1468,.F.);
#1930=ORIENTED_EDGE('',*,*,#1469,.T.);
#1931=ORIENTED_EDGE('',*,*,#1468,.T.);
#1932=ORIENTED_EDGE('',*,*,#1470,.F.);
#1933=ORIENTED_EDGE('',*,*,#1471,.F.);
#1934=ORIENTED_EDGE('',*,*,#1472,.T.);
#1935=ORIENTED_EDGE('',*,*,#1471,.T.);
#1936=ORIENTED_EDGE('',*,*,#1473,.F.);
#1937=ORIENTED_EDGE('',*,*,#1474,.F.);
#1938=ORIENTED_EDGE('',*,*,#1475,.T.);
#1939=ORIENTED_EDGE('',*,*,#1474,.T.);
#1940=ORIENTED_EDGE('',*,*,#1476,.F.);
#1941=ORIENTED_EDGE('',*,*,#1477,.F.);
#1942=ORIENTED_EDGE('',*,*,#1478,.T.);
#1943=ORIENTED_EDGE('',*,*,#1477,.T.);
#1944=ORIENTED_EDGE('',*,*,#1479,.F.);
#1945=ORIENTED_EDGE('',*,*,#1480,.F.);
#1946=ORIENTED_EDGE('',*,*,#1481,.T.);
#1947=ORIENTED_EDGE('',*,*,#1480,.T.);
#1948=ORIENTED_EDGE('',*,*,#1482,.F.);
#1949=ORIENTED_EDGE('',*,*,#1483,.F.);
#1950=ORIENTED_EDGE('',*,*,#1484,.T.);
#1951=ORIENTED_EDGE('',*,*,#1483,.T.);
#1952=ORIENTED_EDGE('',*,*,#1485,.F.);
#1953=ORIENTED_EDGE('',*,*,#1486,.F.);
#1954=ORIENTED_EDGE('',*,*,#1487,.T.);
#1955=ORIENTED_EDGE('',*,*,#1486,.T.);
#1956=ORIENTED_EDGE('',*,*,#1488,.F.);
#1957=ORIENTED_EDGE('',*,*,#1489,.F.);
#1958=ORIENTED_EDGE('',*,*,#1490,.F.);
#1959=ORIENTED_EDGE('',*,*,#1489,.T.);
#1960=ORIENTED_EDGE('',*,*,#1491,.F.);
#1961=ORIENTED_EDGE('',*,*,#1492,.F.);
#1962=ORIENTED_EDGE('',*,*,#1493,.T.);
#1963=ORIENTED_EDGE('',*,*,#1492,.T.);
#1964=ORIENTED_EDGE('',*,*,#1494,.F.);
#1965=ORIENTED_EDGE('',*,*,#1495,.F.);
#1966=ORIENTED_EDGE('',*,*,#1496,.F.);
#1967=ORIENTED_EDGE('',*,*,#1495,.T.);
#1968=ORIENTED_EDGE('',*,*,#1497,.F.);
#1969=ORIENTED_EDGE('',*,*,#1498,.F.);
#1970=ORIENTED_EDGE('',*,*,#1499,.T.);
#1971=ORIENTED_EDGE('',*,*,#1498,.T.);
#1972=ORIENTED_EDGE('',*,*,#1500,.F.);
#1973=ORIENTED_EDGE('',*,*,#1501,.F.);
#1974=ORIENTED_EDGE('',*,*,#1502,.T.);
#1975=ORIENTED_EDGE('',*,*,#1501,.T.);
#1976=ORIENTED_EDGE('',*,*,#1503,.F.);
#1977=ORIENTED_EDGE('',*,*,#1504,.F.);
#1978=ORIENTED_EDGE('',*,*,#1505,.T.);
#1979=ORIENTED_EDGE('',*,*,#1504,.T.);
#1980=ORIENTED_EDGE('',*,*,#1506,.F.);
#1981=ORIENTED_EDGE('',*,*,#1507,.F.);
#1982=ORIENTED_EDGE('',*,*,#1508,.T.);
#1983=ORIENTED_EDGE('',*,*,#1507,.T.);
#1984=ORIENTED_EDGE('',*,*,#1509,.F.);
#1985=ORIENTED_EDGE('',*,*,#1510,.F.);
#1986=ORIENTED_EDGE('',*,*,#1511,.T.);
#1987=ORIENTED_EDGE('',*,*,#1510,.T.);
#1988=ORIENTED_EDGE('',*,*,#1512,.F.);
#1989=ORIENTED_EDGE('',*,*,#1513,.F.);
#1990=ORIENTED_EDGE('',*,*,#1514,.T.);
#1991=ORIENTED_EDGE('',*,*,#1513,.T.);
#1992=ORIENTED_EDGE('',*,*,#1515,.F.);
#1993=ORIENTED_EDGE('',*,*,#1516,.F.);
#1994=ORIENTED_EDGE('',*,*,#1517,.T.);
#1995=ORIENTED_EDGE('',*,*,#1516,.T.);
#1996=ORIENTED_EDGE('',*,*,#1518,.F.);
#1997=ORIENTED_EDGE('',*,*,#1519,.F.);
#1998=ORIENTED_EDGE('',*,*,#1520,.F.);
#1999=ORIENTED_EDGE('',*,*,#1519,.T.);
#2000=ORIENTED_EDGE('',*,*,#1521,.F.);
#2001=ORIENTED_EDGE('',*,*,#1522,.F.);
#2002=ORIENTED_EDGE('',*,*,#1523,.T.);
#2003=ORIENTED_EDGE('',*,*,#1522,.T.);
#2004=ORIENTED_EDGE('',*,*,#1524,.F.);
#2005=ORIENTED_EDGE('',*,*,#1525,.F.);
#2006=ORIENTED_EDGE('',*,*,#1526,.F.);
#2007=ORIENTED_EDGE('',*,*,#1525,.T.);
#2008=ORIENTED_EDGE('',*,*,#1527,.F.);
#2009=ORIENTED_EDGE('',*,*,#1528,.F.);
#2010=ORIENTED_EDGE('',*,*,#1529,.T.);
#2011=ORIENTED_EDGE('',*,*,#1528,.T.);
#2012=ORIENTED_EDGE('',*,*,#1530,.F.);
#2013=ORIENTED_EDGE('',*,*,#1531,.F.);
#2014=ORIENTED_EDGE('',*,*,#1532,.T.);
#2015=ORIENTED_EDGE('',*,*,#1531,.T.);
#2016=ORIENTED_EDGE('',*,*,#1533,.F.);
#2017=ORIENTED_EDGE('',*,*,#1534,.F.);
#2018=ORIENTED_EDGE('',*,*,#1535,.T.);
#2019=ORIENTED_EDGE('',*,*,#1534,.T.);
#2020=ORIENTED_EDGE('',*,*,#1536,.F.);
#2021=ORIENTED_EDGE('',*,*,#1537,.F.);
#2022=ORIENTED_EDGE('',*,*,#1538,.T.);
#2023=ORIENTED_EDGE('',*,*,#1537,.T.);
#2024=ORIENTED_EDGE('',*,*,#1539,.F.);
#2025=ORIENTED_EDGE('',*,*,#1540,.F.);
#2026=ORIENTED_EDGE('',*,*,#1541,.T.);
#2027=ORIENTED_EDGE('',*,*,#1540,.T.);
#2028=ORIENTED_EDGE('',*,*,#1542,.F.);
#2029=ORIENTED_EDGE('',*,*,#1543,.F.);
#2030=ORIENTED_EDGE('',*,*,#1544,.T.);
#2031=ORIENTED_EDGE('',*,*,#1543,.T.);
#2032=ORIENTED_EDGE('',*,*,#1545,.F.);
#2033=ORIENTED_EDGE('',*,*,#1546,.F.);
#2034=ORIENTED_EDGE('',*,*,#1547,.T.);
#2035=ORIENTED_EDGE('',*,*,#1546,.T.);
#2036=ORIENTED_EDGE('',*,*,#1548,.F.);
#2037=ORIENTED_EDGE('',*,*,#1549,.F.);
#2038=ORIENTED_EDGE('',*,*,#1550,.F.);
#2039=ORIENTED_EDGE('',*,*,#1549,.T.);
#2040=ORIENTED_EDGE('',*,*,#1551,.F.);
#2041=ORIENTED_EDGE('',*,*,#1552,.F.);
#2042=ORIENTED_EDGE('',*,*,#1553,.T.);
#2043=ORIENTED_EDGE('',*,*,#1552,.T.);
#2044=ORIENTED_EDGE('',*,*,#1554,.F.);
#2045=ORIENTED_EDGE('',*,*,#1555,.F.);
#2046=ORIENTED_EDGE('',*,*,#1556,.F.);
#2047=ORIENTED_EDGE('',*,*,#1555,.T.);
#2048=ORIENTED_EDGE('',*,*,#1557,.F.);
#2049=ORIENTED_EDGE('',*,*,#1558,.F.);
#2050=ORIENTED_EDGE('',*,*,#1559,.T.);
#2051=ORIENTED_EDGE('',*,*,#1558,.T.);
#2052=ORIENTED_EDGE('',*,*,#1560,.F.);
#2053=ORIENTED_EDGE('',*,*,#1561,.F.);
#2054=ORIENTED_EDGE('',*,*,#1562,.T.);
#2055=ORIENTED_EDGE('',*,*,#1561,.T.);
#2056=ORIENTED_EDGE('',*,*,#1563,.F.);
#2057=ORIENTED_EDGE('',*,*,#1564,.F.);
#2058=ORIENTED_EDGE('',*,*,#1565,.T.);
#2059=ORIENTED_EDGE('',*,*,#1564,.T.);
#2060=ORIENTED_EDGE('',*,*,#1566,.F.);
#2061=ORIENTED_EDGE('',*,*,#1567,.F.);
#2062=ORIENTED_EDGE('',*,*,#1568,.T.);
#2063=ORIENTED_EDGE('',*,*,#1567,.T.);
#2064=ORIENTED_EDGE('',*,*,#1569,.F.);
#2065=ORIENTED_EDGE('',*,*,#1570,.F.);
#2066=ORIENTED_EDGE('',*,*,#1571,.T.);
#2067=ORIENTED_EDGE('',*,*,#1570,.T.);
#2068=ORIENTED_EDGE('',*,*,#1572,.F.);
#2069=ORIENTED_EDGE('',*,*,#1573,.F.);
#2070=ORIENTED_EDGE('',*,*,#1574,.T.);
#2071=ORIENTED_EDGE('',*,*,#1573,.T.);
#2072=ORIENTED_EDGE('',*,*,#1575,.F.);
#2073=ORIENTED_EDGE('',*,*,#1576,.F.);
#2074=ORIENTED_EDGE('',*,*,#1577,.T.);
#2075=ORIENTED_EDGE('',*,*,#1576,.T.);
#2076=ORIENTED_EDGE('',*,*,#1578,.F.);
#2077=ORIENTED_EDGE('',*,*,#1579,.F.);
#2078=ORIENTED_EDGE('',*,*,#1580,.F.);
#2079=ORIENTED_EDGE('',*,*,#1579,.T.);
#2080=ORIENTED_EDGE('',*,*,#1581,.F.);
#2081=ORIENTED_EDGE('',*,*,#1582,.F.);
#2082=ORIENTED_EDGE('',*,*,#1583,.T.);
#2083=ORIENTED_EDGE('',*,*,#1582,.T.);
#2084=ORIENTED_EDGE('',*,*,#1584,.F.);
#2085=ORIENTED_EDGE('',*,*,#1585,.F.);
#2086=ORIENTED_EDGE('',*,*,#1586,.F.);
#2087=ORIENTED_EDGE('',*,*,#1585,.T.);
#2088=ORIENTED_EDGE('',*,*,#1587,.F.);
#2089=ORIENTED_EDGE('',*,*,#1588,.F.);
#2090=ORIENTED_EDGE('',*,*,#1589,.T.);
#2091=ORIENTED_EDGE('',*,*,#1588,.T.);
#2092=ORIENTED_EDGE('',*,*,#1590,.F.);
#2093=ORIENTED_EDGE('',*,*,#1591,.F.);
#2094=ORIENTED_EDGE('',*,*,#1592,.T.);
#2095=ORIENTED_EDGE('',*,*,#1591,.T.);
#2096=ORIENTED_EDGE('',*,*,#1593,.F.);
#2097=ORIENTED_EDGE('',*,*,#1594,.F.);
#2098=ORIENTED_EDGE('',*,*,#1595,.T.);
#2099=ORIENTED_EDGE('',*,*,#1594,.T.);
#2100=ORIENTED_EDGE('',*,*,#1596,.F.);
#2101=ORIENTED_EDGE('',*,*,#1597,.F.);
#2102=ORIENTED_EDGE('',*,*,#1598,.T.);
#2103=ORIENTED_EDGE('',*,*,#1597,.T.);
#2104=ORIENTED_EDGE('',*,*,#1599,.F.);
#2105=ORIENTED_EDGE('',*,*,#1600,.F.);
#2106=ORIENTED_EDGE('',*,*,#1601,.T.);
#2107=ORIENTED_EDGE('',*,*,#1600,.T.);
#2108=ORIENTED_EDGE('',*,*,#1602,.F.);
#2109=ORIENTED_EDGE('',*,*,#1603,.F.);
#2110=ORIENTED_EDGE('',*,*,#1604,.T.);
#2111=ORIENTED_EDGE('',*,*,#1603,.T.);
#2112=ORIENTED_EDGE('',*,*,#1605,.F.);
#2113=ORIENTED_EDGE('',*,*,#1606,.F.);
#2114=ORIENTED_EDGE('',*,*,#1607,.T.);
#2115=ORIENTED_EDGE('',*,*,#1606,.T.);
#2116=ORIENTED_EDGE('',*,*,#1608,.F.);
#2117=ORIENTED_EDGE('',*,*,#1310,.F.);
#2118=ORIENTED_EDGE('',*,*,#1608,.T.);
#2119=ORIENTED_EDGE('',*,*,#1605,.T.);
#2120=ORIENTED_EDGE('',*,*,#1602,.T.);
#2121=ORIENTED_EDGE('',*,*,#1599,.T.);
#2122=ORIENTED_EDGE('',*,*,#1596,.T.);
#2123=ORIENTED_EDGE('',*,*,#1593,.T.);
#2124=ORIENTED_EDGE('',*,*,#1590,.T.);
#2125=ORIENTED_EDGE('',*,*,#1587,.T.);
#2126=ORIENTED_EDGE('',*,*,#1584,.T.);
#2127=ORIENTED_EDGE('',*,*,#1581,.T.);
#2128=ORIENTED_EDGE('',*,*,#1578,.T.);
#2129=ORIENTED_EDGE('',*,*,#1575,.T.);
#2130=ORIENTED_EDGE('',*,*,#1572,.T.);
#2131=ORIENTED_EDGE('',*,*,#1569,.T.);
#2132=ORIENTED_EDGE('',*,*,#1566,.T.);
#2133=ORIENTED_EDGE('',*,*,#1563,.T.);
#2134=ORIENTED_EDGE('',*,*,#1560,.T.);
#2135=ORIENTED_EDGE('',*,*,#1557,.T.);
#2136=ORIENTED_EDGE('',*,*,#1554,.T.);
#2137=ORIENTED_EDGE('',*,*,#1551,.T.);
#2138=ORIENTED_EDGE('',*,*,#1548,.T.);
#2139=ORIENTED_EDGE('',*,*,#1545,.T.);
#2140=ORIENTED_EDGE('',*,*,#1542,.T.);
#2141=ORIENTED_EDGE('',*,*,#1539,.T.);
#2142=ORIENTED_EDGE('',*,*,#1536,.T.);
#2143=ORIENTED_EDGE('',*,*,#1533,.T.);
#2144=ORIENTED_EDGE('',*,*,#1530,.T.);
#2145=ORIENTED_EDGE('',*,*,#1527,.T.);
#2146=ORIENTED_EDGE('',*,*,#1524,.T.);
#2147=ORIENTED_EDGE('',*,*,#1521,.T.);
#2148=ORIENTED_EDGE('',*,*,#1518,.T.);
#2149=ORIENTED_EDGE('',*,*,#1515,.T.);
#2150=ORIENTED_EDGE('',*,*,#1512,.T.);
#2151=ORIENTED_EDGE('',*,*,#1509,.T.);
#2152=ORIENTED_EDGE('',*,*,#1506,.T.);
#2153=ORIENTED_EDGE('',*,*,#1503,.T.);
#2154=ORIENTED_EDGE('',*,*,#1500,.T.);
#2155=ORIENTED_EDGE('',*,*,#1497,.T.);
#2156=ORIENTED_EDGE('',*,*,#1494,.T.);
#2157=ORIENTED_EDGE('',*,*,#1491,.T.);
#2158=ORIENTED_EDGE('',*,*,#1488,.T.);
#2159=ORIENTED_EDGE('',*,*,#1485,.T.);
#2160=ORIENTED_EDGE('',*,*,#1482,.T.);
#2161=ORIENTED_EDGE('',*,*,#1479,.T.);
#2162=ORIENTED_EDGE('',*,*,#1476,.T.);
#2163=ORIENTED_EDGE('',*,*,#1473,.T.);
#2164=ORIENTED_EDGE('',*,*,#1470,.T.);
#2165=ORIENTED_EDGE('',*,*,#1467,.T.);
#2166=ORIENTED_EDGE('',*,*,#1464,.T.);
#2167=ORIENTED_EDGE('',*,*,#1461,.T.);
#2168=ORIENTED_EDGE('',*,*,#1458,.T.);
#2169=ORIENTED_EDGE('',*,*,#1455,.T.);
#2170=ORIENTED_EDGE('',*,*,#1452,.T.);
#2171=ORIENTED_EDGE('',*,*,#1449,.T.);
#2172=ORIENTED_EDGE('',*,*,#1446,.T.);
#2173=ORIENTED_EDGE('',*,*,#1443,.T.);
#2174=ORIENTED_EDGE('',*,*,#1440,.T.);
#2175=ORIENTED_EDGE('',*,*,#1437,.T.);
#2176=ORIENTED_EDGE('',*,*,#1434,.T.);
#2177=ORIENTED_EDGE('',*,*,#1431,.T.);
#2178=ORIENTED_EDGE('',*,*,#1428,.T.);
#2179=ORIENTED_EDGE('',*,*,#1425,.T.);
#2180=ORIENTED_EDGE('',*,*,#1422,.T.);
#2181=ORIENTED_EDGE('',*,*,#1419,.T.);
#2182=ORIENTED_EDGE('',*,*,#1416,.T.);
#2183=ORIENTED_EDGE('',*,*,#1413,.T.);
#2184=ORIENTED_EDGE('',*,*,#1410,.T.);
#2185=ORIENTED_EDGE('',*,*,#1407,.T.);
#2186=ORIENTED_EDGE('',*,*,#1404,.T.);
#2187=ORIENTED_EDGE('',*,*,#1401,.T.);
#2188=ORIENTED_EDGE('',*,*,#1398,.T.);
#2189=ORIENTED_EDGE('',*,*,#1395,.T.);
#2190=ORIENTED_EDGE('',*,*,#1392,.T.);
#2191=ORIENTED_EDGE('',*,*,#1389,.T.);
#2192=ORIENTED_EDGE('',*,*,#1386,.T.);
#2193=ORIENTED_EDGE('',*,*,#1383,.T.);
#2194=ORIENTED_EDGE('',*,*,#1380,.T.);
#2195=ORIENTED_EDGE('',*,*,#1377,.T.);
#2196=ORIENTED_EDGE('',*,*,#1374,.T.);
#2197=ORIENTED_EDGE('',*,*,#1371,.T.);
#2198=ORIENTED_EDGE('',*,*,#1368,.T.);
#2199=ORIENTED_EDGE('',*,*,#1365,.T.);
#2200=ORIENTED_EDGE('',*,*,#1362,.T.);
#2201=ORIENTED_EDGE('',*,*,#1359,.T.);
#2202=ORIENTED_EDGE('',*,*,#1356,.T.);
#2203=ORIENTED_EDGE('',*,*,#1353,.T.);
#2204=ORIENTED_EDGE('',*,*,#1350,.T.);
#2205=ORIENTED_EDGE('',*,*,#1347,.T.);
#2206=ORIENTED_EDGE('',*,*,#1344,.T.);
#2207=ORIENTED_EDGE('',*,*,#1341,.T.);
#2208=ORIENTED_EDGE('',*,*,#1338,.T.);
#2209=ORIENTED_EDGE('',*,*,#1335,.T.);
#2210=ORIENTED_EDGE('',*,*,#1332,.T.);
#2211=ORIENTED_EDGE('',*,*,#1329,.T.);
#2212=ORIENTED_EDGE('',*,*,#1326,.T.);
#2213=ORIENTED_EDGE('',*,*,#1323,.T.);
#2214=ORIENTED_EDGE('',*,*,#1320,.T.);
#2215=ORIENTED_EDGE('',*,*,#1317,.T.);
#2216=ORIENTED_EDGE('',*,*,#1314,.T.);
#2217=ORIENTED_EDGE('',*,*,#1311,.T.);
#2218=ORIENTED_EDGE('',*,*,#1308,.T.);
#2219=ORIENTED_EDGE('',*,*,#1607,.F.);
#2220=ORIENTED_EDGE('',*,*,#1309,.T.);
#2221=ORIENTED_EDGE('',*,*,#1313,.F.);
#2222=ORIENTED_EDGE('',*,*,#1316,.T.);
#2223=ORIENTED_EDGE('',*,*,#1319,.F.);
#2224=ORIENTED_EDGE('',*,*,#1322,.F.);
#2225=ORIENTED_EDGE('',*,*,#1325,.F.);
#2226=ORIENTED_EDGE('',*,*,#1328,.F.);
#2227=ORIENTED_EDGE('',*,*,#1331,.F.);
#2228=ORIENTED_EDGE('',*,*,#1334,.F.);
#2229=ORIENTED_EDGE('',*,*,#1337,.F.);
#2230=ORIENTED_EDGE('',*,*,#1340,.T.);
#2231=ORIENTED_EDGE('',*,*,#1343,.F.);
#2232=ORIENTED_EDGE('',*,*,#1346,.T.);
#2233=ORIENTED_EDGE('',*,*,#1349,.F.);
#2234=ORIENTED_EDGE('',*,*,#1352,.F.);
#2235=ORIENTED_EDGE('',*,*,#1355,.F.);
#2236=ORIENTED_EDGE('',*,*,#1358,.F.);
#2237=ORIENTED_EDGE('',*,*,#1361,.F.);
#2238=ORIENTED_EDGE('',*,*,#1364,.F.);
#2239=ORIENTED_EDGE('',*,*,#1367,.F.);
#2240=ORIENTED_EDGE('',*,*,#1370,.T.);
#2241=ORIENTED_EDGE('',*,*,#1373,.F.);
#2242=ORIENTED_EDGE('',*,*,#1376,.T.);
#2243=ORIENTED_EDGE('',*,*,#1379,.F.);
#2244=ORIENTED_EDGE('',*,*,#1382,.F.);
#2245=ORIENTED_EDGE('',*,*,#1385,.F.);
#2246=ORIENTED_EDGE('',*,*,#1388,.F.);
#2247=ORIENTED_EDGE('',*,*,#1391,.F.);
#2248=ORIENTED_EDGE('',*,*,#1394,.F.);
#2249=ORIENTED_EDGE('',*,*,#1397,.F.);
#2250=ORIENTED_EDGE('',*,*,#1400,.T.);
#2251=ORIENTED_EDGE('',*,*,#1403,.F.);
#2252=ORIENTED_EDGE('',*,*,#1406,.T.);
#2253=ORIENTED_EDGE('',*,*,#1409,.F.);
#2254=ORIENTED_EDGE('',*,*,#1412,.F.);
#2255=ORIENTED_EDGE('',*,*,#1415,.F.);
#2256=ORIENTED_EDGE('',*,*,#1418,.F.);
#2257=ORIENTED_EDGE('',*,*,#1421,.F.);
#2258=ORIENTED_EDGE('',*,*,#1424,.F.);
#2259=ORIENTED_EDGE('',*,*,#1427,.F.);
#2260=ORIENTED_EDGE('',*,*,#1430,.T.);
#2261=ORIENTED_EDGE('',*,*,#1433,.F.);
#2262=ORIENTED_EDGE('',*,*,#1436,.T.);
#2263=ORIENTED_EDGE('',*,*,#1439,.F.);
#2264=ORIENTED_EDGE('',*,*,#1442,.F.);
#2265=ORIENTED_EDGE('',*,*,#1445,.F.);
#2266=ORIENTED_EDGE('',*,*,#1448,.F.);
#2267=ORIENTED_EDGE('',*,*,#1451,.F.);
#2268=ORIENTED_EDGE('',*,*,#1454,.F.);
#2269=ORIENTED_EDGE('',*,*,#1457,.F.);
#2270=ORIENTED_EDGE('',*,*,#1460,.T.);
#2271=ORIENTED_EDGE('',*,*,#1463,.F.);
#2272=ORIENTED_EDGE('',*,*,#1466,.T.);
#2273=ORIENTED_EDGE('',*,*,#1469,.F.);
#2274=ORIENTED_EDGE('',*,*,#1472,.F.);
#2275=ORIENTED_EDGE('',*,*,#1475,.F.);
#2276=ORIENTED_EDGE('',*,*,#1478,.F.);
#2277=ORIENTED_EDGE('',*,*,#1481,.F.);
#2278=ORIENTED_EDGE('',*,*,#1484,.F.);
#2279=ORIENTED_EDGE('',*,*,#1487,.F.);
#2280=ORIENTED_EDGE('',*,*,#1490,.T.);
#2281=ORIENTED_EDGE('',*,*,#1493,.F.);
#2282=ORIENTED_EDGE('',*,*,#1496,.T.);
#2283=ORIENTED_EDGE('',*,*,#1499,.F.);
#2284=ORIENTED_EDGE('',*,*,#1502,.F.);
#2285=ORIENTED_EDGE('',*,*,#1505,.F.);
#2286=ORIENTED_EDGE('',*,*,#1508,.F.);
#2287=ORIENTED_EDGE('',*,*,#1511,.F.);
#2288=ORIENTED_EDGE('',*,*,#1514,.F.);
#2289=ORIENTED_EDGE('',*,*,#1517,.F.);
#2290=ORIENTED_EDGE('',*,*,#1520,.T.);
#2291=ORIENTED_EDGE('',*,*,#1523,.F.);
#2292=ORIENTED_EDGE('',*,*,#1526,.T.);
#2293=ORIENTED_EDGE('',*,*,#1529,.F.);
#2294=ORIENTED_EDGE('',*,*,#1532,.F.);
#2295=ORIENTED_EDGE('',*,*,#1535,.F.);
#2296=ORIENTED_EDGE('',*,*,#1538,.F.);
#2297=ORIENTED_EDGE('',*,*,#1541,.F.);
#2298=ORIENTED_EDGE('',*,*,#1544,.F.);
#2299=ORIENTED_EDGE('',*,*,#1547,.F.);
#2300=ORIENTED_EDGE('',*,*,#1550,.T.);
#2301=ORIENTED_EDGE('',*,*,#1553,.F.);
#2302=ORIENTED_EDGE('',*,*,#1556,.T.);
#2303=ORIENTED_EDGE('',*,*,#1559,.F.);
#2304=ORIENTED_EDGE('',*,*,#1562,.F.);
#2305=ORIENTED_EDGE('',*,*,#1565,.F.);
#2306=ORIENTED_EDGE('',*,*,#1568,.F.);
#2307=ORIENTED_EDGE('',*,*,#1571,.F.);
#2308=ORIENTED_EDGE('',*,*,#1574,.F.);
#2309=ORIENTED_EDGE('',*,*,#1577,.F.);
#2310=ORIENTED_EDGE('',*,*,#1580,.T.);
#2311=ORIENTED_EDGE('',*,*,#1583,.F.);
#2312=ORIENTED_EDGE('',*,*,#1586,.T.);
#2313=ORIENTED_EDGE('',*,*,#1589,.F.);
#2314=ORIENTED_EDGE('',*,*,#1592,.F.);
#2315=ORIENTED_EDGE('',*,*,#1595,.F.);
#2316=ORIENTED_EDGE('',*,*,#1598,.F.);
#2317=ORIENTED_EDGE('',*,*,#1601,.F.);
#2318=ORIENTED_EDGE('',*,*,#1604,.F.);
#2319=ORIENTED_EDGE('',*,*,#1306,.T.);
#2320=ORIENTED_EDGE('',*,*,#1609,.T.);
#2321=ORIENTED_EDGE('',*,*,#1610,.T.);
#2322=ORIENTED_EDGE('',*,*,#1611,.T.);
#2323=ORIENTED_EDGE('',*,*,#1612,.T.);
#2324=ORIENTED_EDGE('',*,*,#1610,.F.);
#2325=ORIENTED_EDGE('',*,*,#1609,.F.);
#2326=ORIENTED_EDGE('',*,*,#1611,.F.);
#2327=ORIENTED_EDGE('',*,*,#1612,.F.);
#2328=ORIENTED_EDGE('',*,*,#1613,.T.);
#2329=ORIENTED_EDGE('',*,*,#1614,.F.);
#2330=ORIENTED_EDGE('',*,*,#1615,.F.);
#2331=ORIENTED_EDGE('',*,*,#1616,.F.);
#2332=ORIENTED_EDGE('',*,*,#1617,.T.);
#2333=ORIENTED_EDGE('',*,*,#1618,.F.);
#2334=ORIENTED_EDGE('',*,*,#1619,.F.);
#2335=ORIENTED_EDGE('',*,*,#1620,.F.);
#2336=ORIENTED_EDGE('',*,*,#1621,.F.);
#2337=ORIENTED_EDGE('',*,*,#1622,.F.);
#2338=ORIENTED_EDGE('',*,*,#1613,.F.);
#2339=ORIENTED_EDGE('',*,*,#1623,.T.);
#2340=ORIENTED_EDGE('',*,*,#1624,.T.);
#2341=ORIENTED_EDGE('',*,*,#1625,.T.);
#2342=ORIENTED_EDGE('',*,*,#1626,.T.);
#2343=ORIENTED_EDGE('',*,*,#1627,.T.);
#2344=ORIENTED_EDGE('',*,*,#1628,.T.);
#2345=ORIENTED_EDGE('',*,*,#1629,.T.);
#2346=ORIENTED_EDGE('',*,*,#1630,.T.);
#2347=ORIENTED_EDGE('',*,*,#1631,.T.);
#2348=ORIENTED_EDGE('',*,*,#1632,.T.);
#2349=ORIENTED_EDGE('',*,*,#1633,.T.);
#2350=ORIENTED_EDGE('',*,*,#1634,.T.);
#2351=ORIENTED_EDGE('',*,*,#1635,.T.);
#2352=ORIENTED_EDGE('',*,*,#1636,.T.);
#2353=ORIENTED_EDGE('',*,*,#1637,.T.);
#2354=ORIENTED_EDGE('',*,*,#1638,.T.);
#2355=ORIENTED_EDGE('',*,*,#1639,.F.);
#2356=ORIENTED_EDGE('',*,*,#1640,.F.);
#2357=ORIENTED_EDGE('',*,*,#1641,.F.);
#2358=ORIENTED_EDGE('',*,*,#1642,.F.);
#2359=ORIENTED_EDGE('',*,*,#1643,.F.);
#2360=ORIENTED_EDGE('',*,*,#1644,.F.);
#2361=ORIENTED_EDGE('',*,*,#1645,.F.);
#2362=ORIENTED_EDGE('',*,*,#1640,.T.);
#2363=ORIENTED_EDGE('',*,*,#1646,.F.);
#2364=ORIENTED_EDGE('',*,*,#1626,.F.);
#2365=ORIENTED_EDGE('',*,*,#1647,.T.);
#2366=ORIENTED_EDGE('',*,*,#1648,.F.);
#2367=ORIENTED_EDGE('',*,*,#1649,.T.);
#2368=ORIENTED_EDGE('',*,*,#1627,.F.);
#2369=ORIENTED_EDGE('',*,*,#1649,.F.);
#2370=ORIENTED_EDGE('',*,*,#1650,.T.);
#2371=ORIENTED_EDGE('',*,*,#1651,.T.);
#2372=ORIENTED_EDGE('',*,*,#1652,.T.);
#2373=ORIENTED_EDGE('',*,*,#1650,.F.);
#2374=ORIENTED_EDGE('',*,*,#1652,.F.);
#2375=ORIENTED_EDGE('',*,*,#1653,.F.);
#2376=ORIENTED_EDGE('',*,*,#1651,.F.);
#2377=ORIENTED_EDGE('',*,*,#1618,.T.);
#2378=ORIENTED_EDGE('',*,*,#1654,.F.);
#2379=ORIENTED_EDGE('',*,*,#1655,.F.);
#2380=ORIENTED_EDGE('',*,*,#1656,.F.);
#2381=ORIENTED_EDGE('',*,*,#1620,.T.);
#2382=ORIENTED_EDGE('',*,*,#1657,.F.);
#2383=ORIENTED_EDGE('',*,*,#1658,.F.);
#2384=ORIENTED_EDGE('',*,*,#1659,.F.);
#2385=ORIENTED_EDGE('',*,*,#1660,.F.);
#2386=ORIENTED_EDGE('',*,*,#1661,.F.);
#2387=ORIENTED_EDGE('',*,*,#1662,.F.);
#2388=ORIENTED_EDGE('',*,*,#1614,.T.);
#2389=ORIENTED_EDGE('',*,*,#1622,.T.);
#2390=ORIENTED_EDGE('',*,*,#1663,.F.);
#2391=ORIENTED_EDGE('',*,*,#1664,.F.);
#2392=ORIENTED_EDGE('',*,*,#1665,.F.);
#2393=ORIENTED_EDGE('',*,*,#1666,.F.);
#2394=ORIENTED_EDGE('',*,*,#1667,.F.);
#2395=ORIENTED_EDGE('',*,*,#1668,.F.);
#2396=ORIENTED_EDGE('',*,*,#1669,.F.);
#2397=ORIENTED_EDGE('',*,*,#1616,.T.);
#2398=ORIENTED_EDGE('',*,*,#1670,.F.);
#2399=ORIENTED_EDGE('',*,*,#1671,.F.);
#2400=ORIENTED_EDGE('',*,*,#1671,.T.);
#2401=ORIENTED_EDGE('',*,*,#1672,.T.);
#2402=ORIENTED_EDGE('',*,*,#1644,.T.);
#2403=ORIENTED_EDGE('',*,*,#1672,.F.);
#2404=ORIENTED_EDGE('',*,*,#1662,.T.);
#2405=ORIENTED_EDGE('',*,*,#1673,.T.);
#2406=ORIENTED_EDGE('',*,*,#1645,.T.);
#2407=ORIENTED_EDGE('',*,*,#1673,.F.);
#2408=ORIENTED_EDGE('',*,*,#1617,.F.);
#2409=ORIENTED_EDGE('',*,*,#1669,.T.);
#2410=ORIENTED_EDGE('',*,*,#1674,.F.);
#2411=ORIENTED_EDGE('',*,*,#1634,.F.);
#2412=ORIENTED_EDGE('',*,*,#1675,.T.);
#2413=ORIENTED_EDGE('',*,*,#1654,.T.);
#2414=ORIENTED_EDGE('',*,*,#1633,.F.);
#2415=ORIENTED_EDGE('',*,*,#1676,.T.);
#2416=ORIENTED_EDGE('',*,*,#1655,.T.);
#2417=ORIENTED_EDGE('',*,*,#1675,.F.);
#2418=ORIENTED_EDGE('',*,*,#1677,.T.);
#2419=ORIENTED_EDGE('',*,*,#1657,.T.);
#2420=ORIENTED_EDGE('',*,*,#1619,.T.);
#2421=ORIENTED_EDGE('',*,*,#1656,.T.);
#2422=ORIENTED_EDGE('',*,*,#1676,.F.);
#2423=ORIENTED_EDGE('',*,*,#1632,.F.);
#2424=ORIENTED_EDGE('',*,*,#1678,.T.);
#2425=ORIENTED_EDGE('',*,*,#1658,.T.);
#2426=ORIENTED_EDGE('',*,*,#1677,.F.);
#2427=ORIENTED_EDGE('',*,*,#1631,.F.);
#2428=ORIENTED_EDGE('',*,*,#1679,.T.);
#2429=ORIENTED_EDGE('',*,*,#1659,.T.);
#2430=ORIENTED_EDGE('',*,*,#1678,.F.);
#2431=ORIENTED_EDGE('',*,*,#1630,.F.);
#2432=ORIENTED_EDGE('',*,*,#1680,.T.);
#2433=ORIENTED_EDGE('',*,*,#1660,.T.);
#2434=ORIENTED_EDGE('',*,*,#1679,.F.);
#2435=ORIENTED_EDGE('',*,*,#1629,.F.);
#2436=ORIENTED_EDGE('',*,*,#1628,.F.);
#2437=ORIENTED_EDGE('',*,*,#1681,.T.);
#2438=ORIENTED_EDGE('',*,*,#1663,.T.);
#2439=ORIENTED_EDGE('',*,*,#1621,.T.);
#2440=ORIENTED_EDGE('',*,*,#1661,.T.);
#2441=ORIENTED_EDGE('',*,*,#1680,.F.);
#2442=ORIENTED_EDGE('',*,*,#1639,.T.);
#2443=ORIENTED_EDGE('',*,*,#1682,.T.);
#2444=ORIENTED_EDGE('',*,*,#1664,.T.);
#2445=ORIENTED_EDGE('',*,*,#1681,.F.);
#2446=ORIENTED_EDGE('',*,*,#1683,.T.);
#2447=ORIENTED_EDGE('',*,*,#1670,.T.);
#2448=ORIENTED_EDGE('',*,*,#1615,.T.);
#2449=ORIENTED_EDGE('',*,*,#1665,.T.);
#2450=ORIENTED_EDGE('',*,*,#1682,.F.);
#2451=ORIENTED_EDGE('',*,*,#1638,.F.);
#2452=ORIENTED_EDGE('',*,*,#1684,.T.);
#2453=ORIENTED_EDGE('',*,*,#1666,.T.);
#2454=ORIENTED_EDGE('',*,*,#1683,.F.);
#2455=ORIENTED_EDGE('',*,*,#1637,.F.);
#2456=ORIENTED_EDGE('',*,*,#1685,.T.);
#2457=ORIENTED_EDGE('',*,*,#1667,.T.);
#2458=ORIENTED_EDGE('',*,*,#1684,.F.);
#2459=ORIENTED_EDGE('',*,*,#1636,.F.);
#2460=ORIENTED_EDGE('',*,*,#1674,.T.);
#2461=ORIENTED_EDGE('',*,*,#1668,.T.);
#2462=ORIENTED_EDGE('',*,*,#1685,.F.);
#2463=ORIENTED_EDGE('',*,*,#1635,.F.);
#2464=ORIENTED_EDGE('',*,*,#1623,.F.);
#2465=ORIENTED_EDGE('',*,*,#1646,.T.);
#2466=ORIENTED_EDGE('',*,*,#1643,.T.);
#2467=ORIENTED_EDGE('',*,*,#1686,.F.);
#2468=ORIENTED_EDGE('',*,*,#1625,.F.);
#2469=ORIENTED_EDGE('',*,*,#1687,.T.);
#2470=ORIENTED_EDGE('',*,*,#1641,.T.);
#2471=ORIENTED_EDGE('',*,*,#1647,.F.);
#2472=ORIENTED_EDGE('',*,*,#1642,.T.);
#2473=ORIENTED_EDGE('',*,*,#1687,.F.);
#2474=ORIENTED_EDGE('',*,*,#1624,.F.);
#2475=ORIENTED_EDGE('',*,*,#1686,.T.);
#2476=ORIENTED_EDGE('',*,*,#1688,.T.);
#2477=ORIENTED_EDGE('',*,*,#1689,.T.);
#2478=ORIENTED_EDGE('',*,*,#1653,.T.);
#2479=ORIENTED_EDGE('',*,*,#1689,.F.);
#2480=ORIENTED_EDGE('',*,*,#1648,.T.);
#2481=ORIENTED_EDGE('',*,*,#1688,.F.);
#2482=ORIENTED_EDGE('',*,*,#1690,.F.);
#2483=ORIENTED_EDGE('',*,*,#1691,.T.);
#2484=ORIENTED_EDGE('',*,*,#1692,.F.);
#2485=ORIENTED_EDGE('',*,*,#1693,.T.);
#2486=ORIENTED_EDGE('',*,*,#1693,.F.);
#2487=ORIENTED_EDGE('',*,*,#1694,.T.);
#2488=ORIENTED_EDGE('',*,*,#1691,.F.);
#2489=ORIENTED_EDGE('',*,*,#1695,.F.);
#2490=ORIENTED_EDGE('',*,*,#1692,.T.);
#2491=ORIENTED_EDGE('',*,*,#1694,.F.);
#2492=ORIENTED_EDGE('',*,*,#1695,.T.);
#2493=ORIENTED_EDGE('',*,*,#1690,.T.);
#2494=ORIENTED_EDGE('',*,*,#1696,.F.);
#2495=ORIENTED_EDGE('',*,*,#1697,.T.);
#2496=ORIENTED_EDGE('',*,*,#1698,.F.);
#2497=ORIENTED_EDGE('',*,*,#1699,.T.);
#2498=ORIENTED_EDGE('',*,*,#1697,.F.);
#2499=ORIENTED_EDGE('',*,*,#1700,.T.);
#2500=ORIENTED_EDGE('',*,*,#1699,.F.);
#2501=ORIENTED_EDGE('',*,*,#1701,.F.);
#2502=ORIENTED_EDGE('',*,*,#1696,.T.);
#2503=ORIENTED_EDGE('',*,*,#1700,.F.);
#2504=ORIENTED_EDGE('',*,*,#1701,.T.);
#2505=ORIENTED_EDGE('',*,*,#1698,.T.);
#2506=ORIENTED_EDGE('',*,*,#1702,.F.);
#2507=ORIENTED_EDGE('',*,*,#1703,.T.);
#2508=ORIENTED_EDGE('',*,*,#1704,.F.);
#2509=ORIENTED_EDGE('',*,*,#1705,.T.);
#2510=ORIENTED_EDGE('',*,*,#1703,.F.);
#2511=ORIENTED_EDGE('',*,*,#1706,.T.);
#2512=ORIENTED_EDGE('',*,*,#1705,.F.);
#2513=ORIENTED_EDGE('',*,*,#1707,.F.);
#2514=ORIENTED_EDGE('',*,*,#1702,.T.);
#2515=ORIENTED_EDGE('',*,*,#1706,.F.);
#2516=ORIENTED_EDGE('',*,*,#1707,.T.);
#2517=ORIENTED_EDGE('',*,*,#1704,.T.);
#2518=ORIENTED_EDGE('',*,*,#1708,.F.);
#2519=ORIENTED_EDGE('',*,*,#1709,.T.);
#2520=ORIENTED_EDGE('',*,*,#1710,.F.);
#2521=ORIENTED_EDGE('',*,*,#1711,.T.);
#2522=ORIENTED_EDGE('',*,*,#1709,.F.);
#2523=ORIENTED_EDGE('',*,*,#1712,.T.);
#2524=ORIENTED_EDGE('',*,*,#1711,.F.);
#2525=ORIENTED_EDGE('',*,*,#1713,.F.);
#2526=ORIENTED_EDGE('',*,*,#1708,.T.);
#2527=ORIENTED_EDGE('',*,*,#1712,.F.);
#2528=ORIENTED_EDGE('',*,*,#1713,.T.);
#2529=ORIENTED_EDGE('',*,*,#1710,.T.);
#2530=CYLINDRICAL_SURFACE('',#2773,1.25);
#2531=CYLINDRICAL_SURFACE('',#2776,0.2);
#2532=CYLINDRICAL_SURFACE('',#2779,1.87499999999999);
#2533=CYLINDRICAL_SURFACE('',#2782,0.2);
#2534=CYLINDRICAL_SURFACE('',#2786,3.00076572563416);
#2535=CYLINDRICAL_SURFACE('',#2790,0.2);
#2536=CYLINDRICAL_SURFACE('',#2793,1.87499999999999);
#2537=CYLINDRICAL_SURFACE('',#2796,0.2);
#2538=CYLINDRICAL_SURFACE('',#2800,3.00076572563416);
#2539=CYLINDRICAL_SURFACE('',#2804,0.2);
#2540=CYLINDRICAL_SURFACE('',#2807,1.87499999999999);
#2541=CYLINDRICAL_SURFACE('',#2810,0.2);
#2542=CYLINDRICAL_SURFACE('',#2814,3.00076572563416);
#2543=CYLINDRICAL_SURFACE('',#2818,0.2);
#2544=CYLINDRICAL_SURFACE('',#2821,1.87499999999999);
#2545=CYLINDRICAL_SURFACE('',#2824,0.2);
#2546=CYLINDRICAL_SURFACE('',#2828,3.00076572563416);
#2547=CYLINDRICAL_SURFACE('',#2832,0.2);
#2548=CYLINDRICAL_SURFACE('',#2835,1.875);
#2549=CYLINDRICAL_SURFACE('',#2838,0.2);
#2550=CYLINDRICAL_SURFACE('',#2842,3.00076572563416);
#2551=CYLINDRICAL_SURFACE('',#2846,0.2);
#2552=CYLINDRICAL_SURFACE('',#2849,1.875);
#2553=CYLINDRICAL_SURFACE('',#2852,0.2);
#2554=CYLINDRICAL_SURFACE('',#2856,3.00076572563416);
#2555=CYLINDRICAL_SURFACE('',#2860,0.2);
#2556=CYLINDRICAL_SURFACE('',#2863,1.87499999999999);
#2557=CYLINDRICAL_SURFACE('',#2866,0.2);
#2558=CYLINDRICAL_SURFACE('',#2870,3.00076572563416);
#2559=CYLINDRICAL_SURFACE('',#2874,0.2);
#2560=CYLINDRICAL_SURFACE('',#2877,1.87499999999999);
#2561=CYLINDRICAL_SURFACE('',#2880,0.2);
#2562=CYLINDRICAL_SURFACE('',#2884,3.00076572563416);
#2563=CYLINDRICAL_SURFACE('',#2888,0.2);
#2564=CYLINDRICAL_SURFACE('',#2891,1.87499999999999);
#2565=CYLINDRICAL_SURFACE('',#2894,0.2);
#2566=CYLINDRICAL_SURFACE('',#2898,3.00076572563416);
#2567=CYLINDRICAL_SURFACE('',#2902,0.2);
#2568=CYLINDRICAL_SURFACE('',#2905,1.87499999999999);
#2569=CYLINDRICAL_SURFACE('',#2908,0.2);
#2570=CYLINDRICAL_SURFACE('',#2912,3.00076572563416);
#2571=CYLINDRICAL_SURFACE('',#2923,18.);
#2572=CYLINDRICAL_SURFACE('',#2950,16.5);
#2573=CYLINDRICAL_SURFACE('',#2951,12.);
#2574=CYLINDRICAL_SURFACE('',#2955,1.25);
#2575=CYLINDRICAL_SURFACE('',#2977,1.25);
#2576=CYLINDRICAL_SURFACE('',#2978,1.25);
#2577=CYLINDRICAL_SURFACE('',#2979,10.);
#2578=CYLINDRICAL_SURFACE('',#2980,17.95);
#2579=CYLINDRICAL_SURFACE('',#2981,10.);
#2580=CYLINDRICAL_SURFACE('',#2983,3.50000000000001);
#2581=CYLINDRICAL_SURFACE('',#2985,10.);
#2582=CYLINDRICAL_SURFACE('',#2986,17.95);
#2583=CYLINDRICAL_SURFACE('',#2987,10.);
#2584=CYLINDRICAL_SURFACE('',#2989,3.5);
#2585=CYLINDRICAL_SURFACE('',#2991,1.49999999999999);
#2586=CYLINDRICAL_SURFACE('',#2992,1.50000000000003);
#2587=CYLINDRICAL_SURFACE('',#2993,16.5);
#2588=CYLINDRICAL_SURFACE('',#2994,8.);
#2589=CYLINDRICAL_SURFACE('',#2997,13.);
#2590=CYLINDRICAL_SURFACE('',#3003,13.);
#2591=CYLINDRICAL_SURFACE('',#3009,13.);
#2592=CYLINDRICAL_SURFACE('',#3015,13.);
#2593=ADVANCED_FACE('',(#200),#2530,.F.);
#2594=ADVANCED_FACE('',(#201),#2531,.F.);
#2595=ADVANCED_FACE('',(#202),#2532,.T.);
#2596=ADVANCED_FACE('',(#203),#2533,.F.);
#2597=ADVANCED_FACE('',(#204),#152,.T.);
#2598=ADVANCED_FACE('',(#205),#112,.T.);
#2599=ADVANCED_FACE('',(#206),#113,.T.);
#2600=ADVANCED_FACE('',(#207),#2534,.T.);
#2601=ADVANCED_FACE('',(#208),#114,.T.);
#2602=ADVANCED_FACE('',(#209),#115,.T.);
#2603=ADVANCED_FACE('',(#210),#153,.T.);
#2604=ADVANCED_FACE('',(#211),#2535,.F.);
#2605=ADVANCED_FACE('',(#212),#2536,.T.);
#2606=ADVANCED_FACE('',(#213),#2537,.F.);
#2607=ADVANCED_FACE('',(#214),#154,.T.);
#2608=ADVANCED_FACE('',(#215),#116,.T.);
#2609=ADVANCED_FACE('',(#216),#117,.T.);
#2610=ADVANCED_FACE('',(#217),#2538,.T.);
#2611=ADVANCED_FACE('',(#218),#118,.T.);
#2612=ADVANCED_FACE('',(#219),#119,.T.);
#2613=ADVANCED_FACE('',(#220),#155,.T.);
#2614=ADVANCED_FACE('',(#221),#2539,.F.);
#2615=ADVANCED_FACE('',(#222),#2540,.T.);
#2616=ADVANCED_FACE('',(#223),#2541,.F.);
#2617=ADVANCED_FACE('',(#224),#156,.T.);
#2618=ADVANCED_FACE('',(#225),#120,.T.);
#2619=ADVANCED_FACE('',(#226),#121,.T.);
#2620=ADVANCED_FACE('',(#227),#2542,.T.);
#2621=ADVANCED_FACE('',(#228),#122,.T.);
#2622=ADVANCED_FACE('',(#229),#123,.T.);
#2623=ADVANCED_FACE('',(#230),#157,.T.);
#2624=ADVANCED_FACE('',(#231),#2543,.F.);
#2625=ADVANCED_FACE('',(#232),#2544,.T.);
#2626=ADVANCED_FACE('',(#233),#2545,.F.);
#2627=ADVANCED_FACE('',(#234),#158,.T.);
#2628=ADVANCED_FACE('',(#235),#124,.T.);
#2629=ADVANCED_FACE('',(#236),#125,.T.);
#2630=ADVANCED_FACE('',(#237),#2546,.T.);
#2631=ADVANCED_FACE('',(#238),#126,.T.);
#2632=ADVANCED_FACE('',(#239),#127,.T.);
#2633=ADVANCED_FACE('',(#240),#159,.T.);
#2634=ADVANCED_FACE('',(#241),#2547,.F.);
#2635=ADVANCED_FACE('',(#242),#2548,.T.);
#2636=ADVANCED_FACE('',(#243),#2549,.F.);
#2637=ADVANCED_FACE('',(#244),#160,.T.);
#2638=ADVANCED_FACE('',(#245),#128,.T.);
#2639=ADVANCED_FACE('',(#246),#129,.T.);
#2640=ADVANCED_FACE('',(#247),#2550,.T.);
#2641=ADVANCED_FACE('',(#248),#130,.T.);
#2642=ADVANCED_FACE('',(#249),#131,.T.);
#2643=ADVANCED_FACE('',(#250),#161,.T.);
#2644=ADVANCED_FACE('',(#251),#2551,.F.);
#2645=ADVANCED_FACE('',(#252),#2552,.T.);
#2646=ADVANCED_FACE('',(#253),#2553,.F.);
#2647=ADVANCED_FACE('',(#254),#162,.T.);
#2648=ADVANCED_FACE('',(#255),#132,.T.);
#2649=ADVANCED_FACE('',(#256),#133,.T.);
#2650=ADVANCED_FACE('',(#257),#2554,.T.);
#2651=ADVANCED_FACE('',(#258),#134,.T.);
#2652=ADVANCED_FACE('',(#259),#135,.T.);
#2653=ADVANCED_FACE('',(#260),#163,.T.);
#2654=ADVANCED_FACE('',(#261),#2555,.F.);
#2655=ADVANCED_FACE('',(#262),#2556,.T.);
#2656=ADVANCED_FACE('',(#263),#2557,.F.);
#2657=ADVANCED_FACE('',(#264),#164,.T.);
#2658=ADVANCED_FACE('',(#265),#136,.T.);
#2659=ADVANCED_FACE('',(#266),#137,.T.);
#2660=ADVANCED_FACE('',(#267),#2558,.T.);
#2661=ADVANCED_FACE('',(#268),#138,.T.);
#2662=ADVANCED_FACE('',(#269),#139,.T.);
#2663=ADVANCED_FACE('',(#270),#165,.T.);
#2664=ADVANCED_FACE('',(#271),#2559,.F.);
#2665=ADVANCED_FACE('',(#272),#2560,.T.);
#2666=ADVANCED_FACE('',(#273),#2561,.F.);
#2667=ADVANCED_FACE('',(#274),#166,.T.);
#2668=ADVANCED_FACE('',(#275),#140,.T.);
#2669=ADVANCED_FACE('',(#276),#141,.T.);
#2670=ADVANCED_FACE('',(#277),#2562,.T.);
#2671=ADVANCED_FACE('',(#278),#142,.T.);
#2672=ADVANCED_FACE('',(#279),#143,.T.);
#2673=ADVANCED_FACE('',(#280),#167,.T.);
#2674=ADVANCED_FACE('',(#281),#2563,.F.);
#2675=ADVANCED_FACE('',(#282),#2564,.T.);
#2676=ADVANCED_FACE('',(#283),#2565,.F.);
#2677=ADVANCED_FACE('',(#284),#168,.T.);
#2678=ADVANCED_FACE('',(#285),#144,.T.);
#2679=ADVANCED_FACE('',(#286),#145,.T.);
#2680=ADVANCED_FACE('',(#287),#2566,.T.);
#2681=ADVANCED_FACE('',(#288),#146,.T.);
#2682=ADVANCED_FACE('',(#289),#147,.T.);
#2683=ADVANCED_FACE('',(#290),#169,.T.);
#2684=ADVANCED_FACE('',(#291),#2567,.F.);
#2685=ADVANCED_FACE('',(#292),#2568,.T.);
#2686=ADVANCED_FACE('',(#293),#2569,.F.);
#2687=ADVANCED_FACE('',(#294),#170,.T.);
#2688=ADVANCED_FACE('',(#295),#148,.T.);
#2689=ADVANCED_FACE('',(#296),#149,.T.);
#2690=ADVANCED_FACE('',(#297),#2570,.T.);
#2691=ADVANCED_FACE('',(#298),#150,.T.);
#2692=ADVANCED_FACE('',(#299),#151,.T.);
#2693=ADVANCED_FACE('',(#300),#171,.T.);
#2694=ADVANCED_FACE('',(#301,#22),#172,.T.);
#2695=ADVANCED_FACE('',(#302,#23),#173,.F.);
#2696=ADVANCED_FACE('',(#303),#17,.T.);
#2697=ADVANCED_FACE('',(#304),#174,.T.);
#2698=ADVANCED_FACE('',(#305),#2571,.T.);
#2699=ADVANCED_FACE('',(#306,#24),#175,.T.);
#2700=ADVANCED_FACE('',(#307,#25,#26,#27),#176,.T.);
#2701=ADVANCED_FACE('',(#308),#2572,.F.);
#2702=ADVANCED_FACE('',(#309),#2573,.T.);
#2703=ADVANCED_FACE('',(#310),#177,.T.);
#2704=ADVANCED_FACE('',(#311),#2574,.T.);
#2705=ADVANCED_FACE('',(#312,#28),#178,.T.);
#2706=ADVANCED_FACE('',(#313),#179,.T.);
#2707=ADVANCED_FACE('',(#314,#29),#180,.F.);
#2708=ADVANCED_FACE('',(#315),#181,.T.);
#2709=ADVANCED_FACE('',(#316,#30),#182,.F.);
#2710=ADVANCED_FACE('',(#317),#2575,.F.);
#2711=ADVANCED_FACE('',(#318),#2576,.F.);
#2712=ADVANCED_FACE('',(#319),#2577,.F.);
#2713=ADVANCED_FACE('',(#320),#2578,.T.);
#2714=ADVANCED_FACE('',(#321),#2579,.F.);
#2715=ADVANCED_FACE('',(#322),#183,.F.);
#2716=ADVANCED_FACE('',(#323),#2580,.T.);
#2717=ADVANCED_FACE('',(#324),#184,.F.);
#2718=ADVANCED_FACE('',(#325),#2581,.F.);
#2719=ADVANCED_FACE('',(#326),#2582,.T.);
#2720=ADVANCED_FACE('',(#327),#2583,.F.);
#2721=ADVANCED_FACE('',(#328),#185,.F.);
#2722=ADVANCED_FACE('',(#329),#2584,.T.);
#2723=ADVANCED_FACE('',(#330),#186,.F.);
#2724=ADVANCED_FACE('',(#331),#2585,.F.);
#2725=ADVANCED_FACE('',(#332),#2586,.F.);
#2726=ADVANCED_FACE('',(#333),#2587,.F.);
#2727=ADVANCED_FACE('',(#334),#2588,.T.);
#2728=ADVANCED_FACE('',(#335,#31),#187,.T.);
#2729=ADVANCED_FACE('',(#336),#2589,.F.);
#2730=ADVANCED_FACE('',(#337),#188,.T.);
#2731=ADVANCED_FACE('',(#338),#189,.T.);
#2732=ADVANCED_FACE('',(#339),#190,.F.);
#2733=ADVANCED_FACE('',(#340),#2590,.F.);
#2734=ADVANCED_FACE('',(#341),#191,.T.);
#2735=ADVANCED_FACE('',(#342),#192,.T.);
#2736=ADVANCED_FACE('',(#343),#193,.F.);
#2737=ADVANCED_FACE('',(#344),#2591,.F.);
#2738=ADVANCED_FACE('',(#345),#194,.T.);
#2739=ADVANCED_FACE('',(#346),#195,.T.);
#2740=ADVANCED_FACE('',(#347),#196,.F.);
#2741=ADVANCED_FACE('',(#348),#2592,.F.);
#2742=ADVANCED_FACE('',(#349),#197,.T.);
#2743=ADVANCED_FACE('',(#350),#198,.T.);
#2744=ADVANCED_FACE('',(#351),#199,.F.);
#2745=CLOSED_SHELL('',(#2593,#2594,#2595,#2596,#2597,#2598,#2599,#2600,
#2601,#2602,#2603,#2604,#2605,#2606,#2607,#2608,#2609,#2610,#2611,#2612,
#2613,#2614,#2615,#2616,#2617,#2618,#2619,#2620,#2621,#2622,#2623,#2624,
#2625,#2626,#2627,#2628,#2629,#2630,#2631,#2632,#2633,#2634,#2635,#2636,
#2637,#2638,#2639,#2640,#2641,#2642,#2643,#2644,#2645,#2646,#2647,#2648,
#2649,#2650,#2651,#2652,#2653,#2654,#2655,#2656,#2657,#2658,#2659,#2660,
#2661,#2662,#2663,#2664,#2665,#2666,#2667,#2668,#2669,#2670,#2671,#2672,
#2673,#2674,#2675,#2676,#2677,#2678,#2679,#2680,#2681,#2682,#2683,#2684,
#2685,#2686,#2687,#2688,#2689,#2690,#2691,#2692,#2693,#2694,#2695));
#2746=CLOSED_SHELL('',(#2696,#2697,#2698,#2699,#2700,#2701,#2702,#2703,
#2704,#2705,#2706,#2707,#2708,#2709,#2710,#2711,#2712,#2713,#2714,#2715,
#2716,#2717,#2718,#2719,#2720,#2721,#2722,#2723,#2724,#2725,#2726,#2727,
#2728));
#2747=CLOSED_SHELL('',(#2729,#2730,#2731,#2732));
#2748=CLOSED_SHELL('',(#2733,#2734,#2735,#2736));
#2749=CLOSED_SHELL('',(#2737,#2738,#2739,#2740));
#2750=CLOSED_SHELL('',(#2741,#2742,#2743,#2744));
#2751=DERIVED_UNIT_ELEMENT(#2754,1.);
#2752=DERIVED_UNIT_ELEMENT(#5123,-3.);
#2753=DIMENSIONAL_EXPONENTS(0.,1.,0.,0.,0.,0.,0.);
#2754=(
CONVERSION_BASED_UNIT('gram',#2756)
MASS_UNIT()
NAMED_UNIT(#2753)
);
#2755=(
MASS_UNIT()
NAMED_UNIT(*)
SI_UNIT(.KILO.,.GRAM.)
);
#2756=MASS_MEASURE_WITH_UNIT(MASS_MEASURE(0.001),#2755);
#2757=DERIVED_UNIT((#2751,#2752));
#2758=MEASURE_REPRESENTATION_ITEM('density measure',
POSITIVE_RATIO_MEASURE(2.7),#2757);
#2759=PROPERTY_DEFINITION_REPRESENTATION(#2764,#2761);
#2760=PROPERTY_DEFINITION_REPRESENTATION(#2765,#2762);
#2761=REPRESENTATION('material name',(#2763),#5120);
#2762=REPRESENTATION('density',(#2758),#5120);
#2763=DESCRIPTIVE_REPRESENTATION_ITEM('Aluminum 6061 - Annodized Black',
'Aluminum 6061 - Annodized Black');
#2764=PROPERTY_DEFINITION('material property','material name',#5130);
#2765=PROPERTY_DEFINITION('material property','density of part',#5130);
#2766=DATE_TIME_ROLE('creation_date');
#2767=APPLIED_DATE_AND_TIME_ASSIGNMENT(#2768,#2766,(#5130));
#2768=DATE_AND_TIME(#2769,#2770);
#2769=CALENDAR_DATE(2024,8,11);
#2770=LOCAL_TIME(0,0,0.,#2771);
#2771=COORDINATED_UNIVERSAL_TIME_OFFSET(0,0,.BEHIND.);
#2772=AXIS2_PLACEMENT_3D('',#3711,#3021,#3022);
#2773=AXIS2_PLACEMENT_3D('',#3712,#3023,#3024);
#2774=AXIS2_PLACEMENT_3D('',#3714,#3025,#3026);
#2775=AXIS2_PLACEMENT_3D('',#3717,#3028,#3029);
#2776=AXIS2_PLACEMENT_3D('',#3718,#3030,#3031);
#2777=AXIS2_PLACEMENT_3D('',#3721,#3032,#3033);
#2778=AXIS2_PLACEMENT_3D('',#3725,#3035,#3036);
#2779=AXIS2_PLACEMENT_3D('',#3727,#3038,#3039);
#2780=AXIS2_PLACEMENT_3D('',#3729,#3040,#3041);
#2781=AXIS2_PLACEMENT_3D('',#3731,#3042,#3043);
#2782=AXIS2_PLACEMENT_3D('',#3733,#3045,#3046);
#2783=AXIS2_PLACEMENT_3D('',#3735,#3047,#3048);
#2784=AXIS2_PLACEMENT_3D('',#3737,#3049,#3050);
#2785=AXIS2_PLACEMENT_3D('',#3739,#3052,#3053);
#2786=AXIS2_PLACEMENT_3D('',#3783,#3059,#3060);
#2787=AXIS2_PLACEMENT_3D('',#3785,#3061,#3062);
#2788=AXIS2_PLACEMENT_3D('',#3787,#3063,#3064);
#2789=AXIS2_PLACEMENT_3D('',#3827,#3068,#3069);
#2790=AXIS2_PLACEMENT_3D('',#3833,#3073,#3074);
#2791=AXIS2_PLACEMENT_3D('',#3835,#3075,#3076);
#2792=AXIS2_PLACEMENT_3D('',#3837,#3077,#3078);
#2793=AXIS2_PLACEMENT_3D('',#3839,#3080,#3081);
#2794=AXIS2_PLACEMENT_3D('',#3841,#3082,#3083);
#2795=AXIS2_PLACEMENT_3D('',#3843,#3084,#3085);
#2796=AXIS2_PLACEMENT_3D('',#3845,#3087,#3088);
#2797=AXIS2_PLACEMENT_3D('',#3847,#3089,#3090);
#2798=AXIS2_PLACEMENT_3D('',#3849,#3091,#3092);
#2799=AXIS2_PLACEMENT_3D('',#3851,#3094,#3095);
#2800=AXIS2_PLACEMENT_3D('',#3895,#3101,#3102);
#2801=AXIS2_PLACEMENT_3D('',#3897,#3103,#3104);
#2802=AXIS2_PLACEMENT_3D('',#3899,#3105,#3106);
#2803=AXIS2_PLACEMENT_3D('',#3939,#3110,#3111);
#2804=AXIS2_PLACEMENT_3D('',#3945,#3115,#3116);
#2805=AXIS2_PLACEMENT_3D('',#3947,#3117,#3118);
#2806=AXIS2_PLACEMENT_3D('',#3949,#3119,#3120);
#2807=AXIS2_PLACEMENT_3D('',#3951,#3122,#3123);
#2808=AXIS2_PLACEMENT_3D('',#3953,#3124,#3125);
#2809=AXIS2_PLACEMENT_3D('',#3955,#3126,#3127);
#2810=AXIS2_PLACEMENT_3D('',#3957,#3129,#3130);
#2811=AXIS2_PLACEMENT_3D('',#3959,#3131,#3132);
#2812=AXIS2_PLACEMENT_3D('',#3961,#3133,#3134);
#2813=AXIS2_PLACEMENT_3D('',#3963,#3136,#3137);
#2814=AXIS2_PLACEMENT_3D('',#4007,#3143,#3144);
#2815=AXIS2_PLACEMENT_3D('',#4009,#3145,#3146);
#2816=AXIS2_PLACEMENT_3D('',#4011,#3147,#3148);
#2817=AXIS2_PLACEMENT_3D('',#4051,#3152,#3153);
#2818=AXIS2_PLACEMENT_3D('',#4057,#3157,#3158);
#2819=AXIS2_PLACEMENT_3D('',#4059,#3159,#3160);
#2820=AXIS2_PLACEMENT_3D('',#4061,#3161,#3162);
#2821=AXIS2_PLACEMENT_3D('',#4063,#3164,#3165);
#2822=AXIS2_PLACEMENT_3D('',#4065,#3166,#3167);
#2823=AXIS2_PLACEMENT_3D('',#4067,#3168,#3169);
#2824=AXIS2_PLACEMENT_3D('',#4069,#3171,#3172);
#2825=AXIS2_PLACEMENT_3D('',#4071,#3173,#3174);
#2826=AXIS2_PLACEMENT_3D('',#4073,#3175,#3176);
#2827=AXIS2_PLACEMENT_3D('',#4075,#3178,#3179);
#2828=AXIS2_PLACEMENT_3D('',#4119,#3185,#3186);
#2829=AXIS2_PLACEMENT_3D('',#4121,#3187,#3188);
#2830=AXIS2_PLACEMENT_3D('',#4123,#3189,#3190);
#2831=AXIS2_PLACEMENT_3D('',#4163,#3194,#3195);
#2832=AXIS2_PLACEMENT_3D('',#4169,#3199,#3200);
#2833=AXIS2_PLACEMENT_3D('',#4171,#3201,#3202);
#2834=AXIS2_PLACEMENT_3D('',#4173,#3203,#3204);
#2835=AXIS2_PLACEMENT_3D('',#4175,#3206,#3207);
#2836=AXIS2_PLACEMENT_3D('',#4177,#3208,#3209);
#2837=AXIS2_PLACEMENT_3D('',#4179,#3210,#3211);
#2838=AXIS2_PLACEMENT_3D('',#4181,#3213,#3214);
#2839=AXIS2_PLACEMENT_3D('',#4183,#3215,#3216);
#2840=AXIS2_PLACEMENT_3D('',#4185,#3217,#3218);
#2841=AXIS2_PLACEMENT_3D('',#4187,#3220,#3221);
#2842=AXIS2_PLACEMENT_3D('',#4231,#3227,#3228);
#2843=AXIS2_PLACEMENT_3D('',#4233,#3229,#3230);
#2844=AXIS2_PLACEMENT_3D('',#4235,#3231,#3232);
#2845=AXIS2_PLACEMENT_3D('',#4275,#3236,#3237);
#2846=AXIS2_PLACEMENT_3D('',#4281,#3241,#3242);
#2847=AXIS2_PLACEMENT_3D('',#4283,#3243,#3244);
#2848=AXIS2_PLACEMENT_3D('',#4285,#3245,#3246);
#2849=AXIS2_PLACEMENT_3D('',#4287,#3248,#3249);
#2850=AXIS2_PLACEMENT_3D('',#4289,#3250,#3251);
#2851=AXIS2_PLACEMENT_3D('',#4291,#3252,#3253);
#2852=AXIS2_PLACEMENT_3D('',#4293,#3255,#3256);
#2853=AXIS2_PLACEMENT_3D('',#4295,#3257,#3258);
#2854=AXIS2_PLACEMENT_3D('',#4297,#3259,#3260);
#2855=AXIS2_PLACEMENT_3D('',#4299,#3262,#3263);
#2856=AXIS2_PLACEMENT_3D('',#4343,#3269,#3270);
#2857=AXIS2_PLACEMENT_3D('',#4345,#3271,#3272);
#2858=AXIS2_PLACEMENT_3D('',#4347,#3273,#3274);
#2859=AXIS2_PLACEMENT_3D('',#4387,#3278,#3279);
#2860=AXIS2_PLACEMENT_3D('',#4393,#3283,#3284);
#2861=AXIS2_PLACEMENT_3D('',#4395,#3285,#3286);
#2862=AXIS2_PLACEMENT_3D('',#4397,#3287,#3288);
#2863=AXIS2_PLACEMENT_3D('',#4399,#3290,#3291);
#2864=AXIS2_PLACEMENT_3D('',#4401,#3292,#3293);
#2865=AXIS2_PLACEMENT_3D('',#4403,#3294,#3295);
#2866=AXIS2_PLACEMENT_3D('',#4405,#3297,#3298);
#2867=AXIS2_PLACEMENT_3D('',#4407,#3299,#3300);
#2868=AXIS2_PLACEMENT_3D('',#4409,#3301,#3302);
#2869=AXIS2_PLACEMENT_3D('',#4411,#3304,#3305);
#2870=AXIS2_PLACEMENT_3D('',#4455,#3311,#3312);
#2871=AXIS2_PLACEMENT_3D('',#4457,#3313,#3314);
#2872=AXIS2_PLACEMENT_3D('',#4459,#3315,#3316);
#2873=AXIS2_PLACEMENT_3D('',#4499,#3320,#3321);
#2874=AXIS2_PLACEMENT_3D('',#4505,#3325,#3326);
#2875=AXIS2_PLACEMENT_3D('',#4507,#3327,#3328);
#2876=AXIS2_PLACEMENT_3D('',#4509,#3329,#3330);
#2877=AXIS2_PLACEMENT_3D('',#4511,#3332,#3333);
#2878=AXIS2_PLACEMENT_3D('',#4513,#3334,#3335);
#2879=AXIS2_PLACEMENT_3D('',#4515,#3336,#3337);
#2880=AXIS2_PLACEMENT_3D('',#4517,#3339,#3340);
#2881=AXIS2_PLACEMENT_3D('',#4519,#3341,#3342);
#2882=AXIS2_PLACEMENT_3D('',#4521,#3343,#3344);
#2883=AXIS2_PLACEMENT_3D('',#4523,#3346,#3347);
#2884=AXIS2_PLACEMENT_3D('',#4567,#3353,#3354);
#2885=AXIS2_PLACEMENT_3D('',#4569,#3355,#3356);
#2886=AXIS2_PLACEMENT_3D('',#4571,#3357,#3358);
#2887=AXIS2_PLACEMENT_3D('',#4638,#3362,#3363);
#2888=AXIS2_PLACEMENT_3D('',#4644,#3367,#3368);
#2889=AXIS2_PLACEMENT_3D('',#4646,#3369,#3370);
#2890=AXIS2_PLACEMENT_3D('',#4648,#3371,#3372);
#2891=AXIS2_PLACEMENT_3D('',#4650,#3374,#3375);
#2892=AXIS2_PLACEMENT_3D('',#4652,#3376,#3377);
#2893=AXIS2_PLACEMENT_3D('',#4654,#3378,#3379);
#2894=AXIS2_PLACEMENT_3D('',#4656,#3381,#3382);
#2895=AXIS2_PLACEMENT_3D('',#4658,#3383,#3384);
#2896=AXIS2_PLACEMENT_3D('',#4660,#3385,#3386);
#2897=AXIS2_PLACEMENT_3D('',#4662,#3388,#3389);
#2898=AXIS2_PLACEMENT_3D('',#4706,#3395,#3396);
#2899=AXIS2_PLACEMENT_3D('',#4708,#3397,#3398);
#2900=AXIS2_PLACEMENT_3D('',#4710,#3399,#3400);
#2901=AXIS2_PLACEMENT_3D('',#4777,#3404,#3405);
#2902=AXIS2_PLACEMENT_3D('',#4783,#3409,#3410);
#2903=AXIS2_PLACEMENT_3D('',#4785,#3411,#3412);
#2904=AXIS2_PLACEMENT_3D('',#4787,#3413,#3414);
#2905=AXIS2_PLACEMENT_3D('',#4789,#3416,#3417);
#2906=AXIS2_PLACEMENT_3D('',#4791,#3418,#3419);
#2907=AXIS2_PLACEMENT_3D('',#4793,#3420,#3421);
#2908=AXIS2_PLACEMENT_3D('',#4795,#3423,#3424);
#2909=AXIS2_PLACEMENT_3D('',#4797,#3425,#3426);
#2910=AXIS2_PLACEMENT_3D('',#4799,#3427,#3428);
#2911=AXIS2_PLACEMENT_3D('',#4801,#3430,#3431);
#2912=AXIS2_PLACEMENT_3D('',#4845,#3437,#3438);
#2913=AXIS2_PLACEMENT_3D('',#4847,#3439,#3440);
#2914=AXIS2_PLACEMENT_3D('',#4849,#3441,#3442);
#2915=AXIS2_PLACEMENT_3D('',#4889,#3446,#3447);
#2916=AXIS2_PLACEMENT_3D('',#4892,#3450,#3451);
#2917=AXIS2_PLACEMENT_3D('',#4893,#3452,#3453);
#2918=AXIS2_PLACEMENT_3D('',#4894,#3454,#3455);
#2919=AXIS2_PLACEMENT_3D('',#4896,#3456,#3457);
#2920=AXIS2_PLACEMENT_3D('',#4900,#3459,#3460);
#2921=AXIS2_PLACEMENT_3D('',#4901,#3461,#3462);
#2922=AXIS2_PLACEMENT_3D('',#4902,#3463,#3464);
#2923=AXIS2_PLACEMENT_3D('',#4903,#3465,#3466);
#2924=AXIS2_PLACEMENT_3D('',#4907,#3468,#3469);
#2925=AXIS2_PLACEMENT_3D('',#4911,#3471,#3472);
#2926=AXIS2_PLACEMENT_3D('',#4915,#3474,#3475);
#2927=AXIS2_PLACEMENT_3D('',#4919,#3477,#3478);
#2928=AXIS2_PLACEMENT_3D('',#4922,#3480,#3481);
#2929=AXIS2_PLACEMENT_3D('',#4923,#3482,#3483);
#2930=AXIS2_PLACEMENT_3D('',#4926,#3484,#3485);
#2931=AXIS2_PLACEMENT_3D('',#4928,#3486,#3487);
#2932=AXIS2_PLACEMENT_3D('',#4930,#3488,#3489);
#2933=AXIS2_PLACEMENT_3D('',#4931,#3490,#3491);
#2934=AXIS2_PLACEMENT_3D('',#4933,#3492,#3493);
#2935=AXIS2_PLACEMENT_3D('',#4934,#3494,#3495);
#2936=AXIS2_PLACEMENT_3D('',#4937,#3496,#3497);
#2937=AXIS2_PLACEMENT_3D('',#4941,#3499,#3500);
#2938=AXIS2_PLACEMENT_3D('',#4945,#3502,#3503);
#2939=AXIS2_PLACEMENT_3D('',#4947,#3504,#3505);
#2940=AXIS2_PLACEMENT_3D('',#4949,#3506,#3507);
#2941=AXIS2_PLACEMENT_3D('',#4953,#3509,#3510);
#2942=AXIS2_PLACEMENT_3D('',#4957,#3512,#3513);
#2943=AXIS2_PLACEMENT_3D('',#4958,#3514,#3515);
#2944=AXIS2_PLACEMENT_3D('',#4961,#3516,#3517);
#2945=AXIS2_PLACEMENT_3D('',#4963,#3518,#3519);
#2946=AXIS2_PLACEMENT_3D('',#4965,#3520,#3521);
#2947=AXIS2_PLACEMENT_3D('',#4966,#3522,#3523);
#2948=AXIS2_PLACEMENT_3D('',#4968,#3524,#3525);
#2949=AXIS2_PLACEMENT_3D('',#4970,#3526,#3527);
#2950=AXIS2_PLACEMENT_3D('',#4971,#3528,#3529);
#2951=AXIS2_PLACEMENT_3D('',#4974,#3532,#3533);
#2952=AXIS2_PLACEMENT_3D('',#4976,#3534,#3535);
#2953=AXIS2_PLACEMENT_3D('',#4978,#3537,#3538);
#2954=AXIS2_PLACEMENT_3D('',#4980,#3539,#3540);
#2955=AXIS2_PLACEMENT_3D('',#4981,#3541,#3542);
#2956=AXIS2_PLACEMENT_3D('',#4983,#3543,#3544);
#2957=AXIS2_PLACEMENT_3D('',#4985,#3546,#3547);
#2958=AXIS2_PLACEMENT_3D('',#4987,#3548,#3549);
#2959=AXIS2_PLACEMENT_3D('',#4988,#3550,#3551);
#2960=AXIS2_PLACEMENT_3D('',#4990,#3552,#3553);
#2961=AXIS2_PLACEMENT_3D('',#4992,#3554,#3555);
#2962=AXIS2_PLACEMENT_3D('',#4993,#3556,#3557);
#2963=AXIS2_PLACEMENT_3D('',#4994,#3558,#3559);
#2964=AXIS2_PLACEMENT_3D('',#4996,#3560,#3561);
#2965=AXIS2_PLACEMENT_3D('',#5000,#3563,#3564);
#2966=AXIS2_PLACEMENT_3D('',#5003,#3566,#3567);
#2967=AXIS2_PLACEMENT_3D('',#5005,#3568,#3569);
#2968=AXIS2_PLACEMENT_3D('',#5006,#3570,#3571);
#2969=AXIS2_PLACEMENT_3D('',#5008,#3572,#3573);
#2970=AXIS2_PLACEMENT_3D('',#5010,#3574,#3575);
#2971=AXIS2_PLACEMENT_3D('',#5011,#3576,#3577);
#2972=AXIS2_PLACEMENT_3D('',#5012,#3578,#3579);
#2973=AXIS2_PLACEMENT_3D('',#5017,#3581,#3582);
#2974=AXIS2_PLACEMENT_3D('',#5020,#3584,#3585);
#2975=AXIS2_PLACEMENT_3D('',#5021,#3586,#3587);
#2976=AXIS2_PLACEMENT_3D('',#5023,#3588,#3589);
#2977=AXIS2_PLACEMENT_3D('',#5024,#3590,#3591);
#2978=AXIS2_PLACEMENT_3D('',#5026,#3593,#3594);
#2979=AXIS2_PLACEMENT_3D('',#5028,#3596,#3597);
#2980=AXIS2_PLACEMENT_3D('',#5031,#3600,#3601);
#2981=AXIS2_PLACEMENT_3D('',#5033,#3603,#3604);
#2982=AXIS2_PLACEMENT_3D('',#5035,#3606,#3607);
#2983=AXIS2_PLACEMENT_3D('',#5037,#3609,#3610);
#2984=AXIS2_PLACEMENT_3D('',#5039,#3612,#3613);
#2985=AXIS2_PLACEMENT_3D('',#5041,#3615,#3616);
#2986=AXIS2_PLACEMENT_3D('',#5043,#3618,#3619);
#2987=AXIS2_PLACEMENT_3D('',#5045,#3621,#3622);
#2988=AXIS2_PLACEMENT_3D('',#5047,#3624,#3625);
#2989=AXIS2_PLACEMENT_3D('',#5049,#3627,#3628);
#2990=AXIS2_PLACEMENT_3D('',#5051,#3630,#3631);
#2991=AXIS2_PLACEMENT_3D('',#5052,#3632,#3633);
#2992=AXIS2_PLACEMENT_3D('',#5054,#3635,#3636);
#2993=AXIS2_PLACEMENT_3D('',#5056,#3638,#3639);
#2994=AXIS2_PLACEMENT_3D('',#5057,#3640,#3641);
#2995=AXIS2_PLACEMENT_3D('',#5059,#3642,#3643);
#2996=AXIS2_PLACEMENT_3D('',#5061,#3645,#3646);
#2997=AXIS2_PLACEMENT_3D('',#5062,#3647,#3648);
#2998=AXIS2_PLACEMENT_3D('',#5065,#3649,#3650);
#2999=AXIS2_PLACEMENT_3D('',#5069,#3652,#3653);
#3000=AXIS2_PLACEMENT_3D('',#5071,#3655,#3656);
#3001=AXIS2_PLACEMENT_3D('',#5074,#3659,#3660);
#3002=AXIS2_PLACEMENT_3D('',#5075,#3661,#3662);
#3003=AXIS2_PLACEMENT_3D('',#5076,#3663,#3664);
#3004=AXIS2_PLACEMENT_3D('',#5079,#3665,#3666);
#3005=AXIS2_PLACEMENT_3D('',#5083,#3668,#3669);
#3006=AXIS2_PLACEMENT_3D('',#5085,#3671,#3672);
#3007=AXIS2_PLACEMENT_3D('',#5088,#3675,#3676);
#3008=AXIS2_PLACEMENT_3D('',#5089,#3677,#3678);
#3009=AXIS2_PLACEMENT_3D('',#5090,#3679,#3680);
#3010=AXIS2_PLACEMENT_3D('',#5093,#3681,#3682);
#3011=AXIS2_PLACEMENT_3D('',#5097,#3684,#3685);
#3012=AXIS2_PLACEMENT_3D('',#5099,#3687,#3688);
#3013=AXIS2_PLACEMENT_3D('',#5102,#3691,#3692);
#3014=AXIS2_PLACEMENT_3D('',#5103,#3693,#3694);
#3015=AXIS2_PLACEMENT_3D('',#5104,#3695,#3696);
#3016=AXIS2_PLACEMENT_3D('',#5107,#3697,#3698);
#3017=AXIS2_PLACEMENT_3D('',#5111,#3700,#3701);
#3018=AXIS2_PLACEMENT_3D('',#5113,#3703,#3704);
#3019=AXIS2_PLACEMENT_3D('',#5116,#3707,#3708);
#3020=AXIS2_PLACEMENT_3D('',#5117,#3709,#3710);
#3021=DIRECTION('axis',(0.,0.,1.));
#3022=DIRECTION('refdir',(1.,0.,0.));
#3023=DIRECTION('center_axis',(0.,1.,0.));
#3024=DIRECTION('ref_axis',(1.,0.,0.));
#3025=DIRECTION('center_axis',(0.,1.,0.));
#3026=DIRECTION('ref_axis',(1.,0.,0.));
#3027=DIRECTION('',(0.,1.,0.));
#3028=DIRECTION('center_axis',(0.,-1.,0.));
#3029=DIRECTION('ref_axis',(1.,0.,0.));
#3030=DIRECTION('center_axis',(0.,1.,0.));
#3031=DIRECTION('ref_axis',(-0.717446267673745,0.,0.696613847838968));
#3032=DIRECTION('center_axis',(0.,1.,0.));
#3033=DIRECTION('ref_axis',(-0.717446267673745,0.,0.696613847838968));
#3034=DIRECTION('',(0.,1.,0.));
#3035=DIRECTION('center_axis',(0.,-1.,0.));
#3036=DIRECTION('ref_axis',(-0.717446267673745,0.,0.696613847838968));
#3037=DIRECTION('',(0.,1.,0.));
#3038=DIRECTION('center_axis',(0.,1.,0.));
#3039=DIRECTION('ref_axis',(-0.550118043005246,0.,-0.835086904914739));
#3040=DIRECTION('center_axis',(0.,1.,0.));
#3041=DIRECTION('ref_axis',(-0.550118043005246,0.,-0.835086904914739));
#3042=DIRECTION('center_axis',(0.,1.,0.));
#3043=DIRECTION('ref_axis',(-0.550118043005246,0.,-0.835086904914739));
#3044=DIRECTION('',(0.,1.,0.));
#3045=DIRECTION('center_axis',(0.,1.,0.));
#3046=DIRECTION('ref_axis',(0.550118043005335,0.,0.835086904914681));
#3047=DIRECTION('center_axis',(0.,1.,0.));
#3048=DIRECTION('ref_axis',(0.550118043005335,0.,0.835086904914681));
#3049=DIRECTION('center_axis',(0.,-1.,0.));
#3050=DIRECTION('ref_axis',(0.550118043005335,0.,0.835086904914681));
#3051=DIRECTION('',(0.,1.,0.));
#3052=DIRECTION('center_axis',(-0.884222228590757,0.,0.467066430463585));
#3053=DIRECTION('ref_axis',(0.467066430463585,0.,0.884222228590757));
#3054=DIRECTION('',(0.467066430463585,0.,0.884222228590757));
#3055=DIRECTION('',(0.467066430463585,0.,0.884222228590757));
#3056=DIRECTION('',(0.,1.,0.));
#3057=DIRECTION('',(0.,1.,0.));
#3058=DIRECTION('',(0.,1.,0.));
#3059=DIRECTION('center_axis',(0.,1.,0.));
#3060=DIRECTION('ref_axis',(-0.262199249274007,0.,-0.965013758285418));
#3061=DIRECTION('center_axis',(0.,1.,0.));
#3062=DIRECTION('ref_axis',(-0.262199249274007,0.,-0.965013758285418));
#3063=DIRECTION('center_axis',(0.,1.,0.));
#3064=DIRECTION('ref_axis',(-0.262199249274007,0.,-0.965013758285418));
#3065=DIRECTION('',(0.,1.,0.));
#3066=DIRECTION('',(0.,1.,0.));
#3067=DIRECTION('',(0.,1.,0.));
#3068=DIRECTION('center_axis',(0.989885569401396,0.,-0.141868105967739));
#3069=DIRECTION('ref_axis',(-0.141868105967739,0.,-0.989885569401396));
#3070=DIRECTION('',(-0.141868105967739,0.,-0.989885569401396));
#3071=DIRECTION('',(-0.141868105967739,0.,-0.989885569401396));
#3072=DIRECTION('',(0.,1.,0.));
#3073=DIRECTION('center_axis',(0.,1.,0.));
#3074=DIRECTION('ref_axis',(-0.989885569401395,0.,0.141868105967748));
#3075=DIRECTION('center_axis',(0.,1.,0.));
#3076=DIRECTION('ref_axis',(-0.989885569401395,0.,0.141868105967748));
#3077=DIRECTION('center_axis',(0.,-1.,0.));
#3078=DIRECTION('ref_axis',(-0.989885569401395,0.,0.141868105967748));
#3079=DIRECTION('',(0.,1.,0.));
#3080=DIRECTION('center_axis',(0.,1.,0.));
#3081=DIRECTION('ref_axis',(0.0457969213879107,0.,-0.99895077055448));
#3082=DIRECTION('center_axis',(0.,1.,0.));
#3083=DIRECTION('ref_axis',(0.0457969213879107,0.,-0.99895077055448));
#3084=DIRECTION('center_axis',(0.,1.,0.));
#3085=DIRECTION('ref_axis',(0.0457969213879107,0.,-0.99895077055448));
#3086=DIRECTION('',(0.,1.,0.));
#3087=DIRECTION('center_axis',(0.,1.,0.));
#3088=DIRECTION('ref_axis',(-0.0457969213879178,0.,0.99895077055448));
#3089=DIRECTION('center_axis',(0.,1.,0.));
#3090=DIRECTION('ref_axis',(-0.0457969213879178,0.,0.99895077055448));
#3091=DIRECTION('center_axis',(0.,-1.,0.));
#3092=DIRECTION('ref_axis',(-0.0457969213879178,0.,0.99895077055448));
#3093=DIRECTION('',(0.,1.,0.));
#3094=DIRECTION('center_axis',(-0.989885569401396,0.,-0.141868105967739));
#3095=DIRECTION('ref_axis',(-0.141868105967739,0.,0.989885569401396));
#3096=DIRECTION('',(-0.141868105967739,0.,0.989885569401396));
#3097=DIRECTION('',(-0.141868105967739,0.,0.989885569401396));
#3098=DIRECTION('',(0.,1.,0.));
#3099=DIRECTION('',(0.,1.,0.));
#3100=DIRECTION('',(0.,1.,0.));
#3101=DIRECTION('center_axis',(0.,1.,0.));
#3102=DIRECTION('ref_axis',(0.355097206804481,0.,-0.934829382143959));
#3103=DIRECTION('center_axis',(0.,1.,0.));
#3104=DIRECTION('ref_axis',(0.355097206804481,0.,-0.934829382143959));
#3105=DIRECTION('center_axis',(0.,1.,0.));
#3106=DIRECTION('ref_axis',(0.355097206804481,0.,-0.934829382143959));
#3107=DIRECTION('',(0.,1.,0.));
#3108=DIRECTION('',(0.,1.,0.));
#3109=DIRECTION('',(0.,1.,0.));
#3110=DIRECTION('center_axis',(0.884222228590757,0.,0.467066430463585));
#3111=DIRECTION('ref_axis',(0.467066430463585,0.,-0.884222228590757));
#3112=DIRECTION('',(0.467066430463585,0.,-0.884222228590757));
#3113=DIRECTION('',(0.467066430463585,0.,-0.884222228590757));
#3114=DIRECTION('',(0.,1.,0.));
#3115=DIRECTION('center_axis',(0.,1.,0.));
#3116=DIRECTION('ref_axis',(-0.884222228590752,0.,-0.467066430463595));
#3117=DIRECTION('center_axis',(0.,1.,0.));
#3118=DIRECTION('ref_axis',(-0.884222228590752,0.,-0.467066430463595));
#3119=DIRECTION('center_axis',(0.,-1.,0.));
#3120=DIRECTION('ref_axis',(-0.884222228590752,0.,-0.467066430463595));
#3121=DIRECTION('',(0.,1.,0.));
#3122=DIRECTION('center_axis',(0.,1.,0.));
#3123=DIRECTION('ref_axis',(0.624219018390996,0.,-0.781249394930314));
#3124=DIRECTION('center_axis',(0.,1.,0.));
#3125=DIRECTION('ref_axis',(0.624219018390996,0.,-0.781249394930314));
#3126=DIRECTION('center_axis',(0.,1.,0.));
#3127=DIRECTION('ref_axis',(0.624219018390996,0.,-0.781249394930314));
#3128=DIRECTION('',(0.,1.,0.));
#3129=DIRECTION('center_axis',(0.,1.,0.));
#3130=DIRECTION('ref_axis',(-0.624219018391006,0.,0.781249394930306));
#3131=DIRECTION('center_axis',(0.,1.,0.));
#3132=DIRECTION('ref_axis',(-0.624219018391006,0.,0.781249394930306));
#3133=DIRECTION('center_axis',(0.,-1.,0.));
#3134=DIRECTION('ref_axis',(-0.624219018391006,0.,0.781249394930306));
#3135=DIRECTION('',(0.,1.,0.));
#3136=DIRECTION('center_axis',(-0.717446267673734,0.,-0.696613847838979));
#3137=DIRECTION('ref_axis',(-0.696613847838979,0.,0.717446267673734));
#3138=DIRECTION('',(-0.696613847838979,0.,0.717446267673734));
#3139=DIRECTION('',(-0.696613847838979,0.,0.717446267673734));
#3140=DIRECTION('',(0.,1.,0.));
#3141=DIRECTION('',(0.,1.,0.));
#3142=DIRECTION('',(0.,1.,0.));
#3143=DIRECTION('center_axis',(0.,1.,0.));
#3144=DIRECTION('ref_axis',(0.836758599193802,0.,-0.547571955705573));
#3145=DIRECTION('center_axis',(0.,1.,0.));
#3146=DIRECTION('ref_axis',(0.836758599193802,0.,-0.547571955705573));
#3147=DIRECTION('center_axis',(0.,1.,0.));
#3148=DIRECTION('ref_axis',(0.836758599193802,0.,-0.547571955705573));
#3149=DIRECTION('',(0.,1.,0.));
#3150=DIRECTION('',(0.,1.,0.));
#3151=DIRECTION('',(0.,1.,0.));
#3152=DIRECTION('center_axis',(0.440816050066612,0.,0.897597465461924));
#3153=DIRECTION('ref_axis',(0.897597465461924,0.,-0.440816050066612));
#3154=DIRECTION('',(0.897597465461924,0.,-0.440816050066612));
#3155=DIRECTION('',(0.897597465461924,0.,-0.440816050066612));
#3156=DIRECTION('',(0.,1.,0.));
#3157=DIRECTION('center_axis',(0.,1.,0.));
#3158=DIRECTION('ref_axis',(-0.440816050066628,0.,-0.897597465461916));
#3159=DIRECTION('center_axis',(0.,1.,0.));
#3160=DIRECTION('ref_axis',(-0.440816050066628,0.,-0.897597465461916));
#3161=DIRECTION('center_axis',(0.,-1.,0.));
#3162=DIRECTION('ref_axis',(-0.440816050066628,0.,-0.897597465461916));
#3163=DIRECTION('',(0.,1.,0.));
#3164=DIRECTION('center_axis',(0.,1.,0.));
#3165=DIRECTION('ref_axis',(0.964210666792821,0.,-0.265137304133053));
#3166=DIRECTION('center_axis',(0.,1.,0.));
#3167=DIRECTION('ref_axis',(0.964210666792821,0.,-0.265137304133053));
#3168=DIRECTION('center_axis',(0.,1.,0.));
#3169=DIRECTION('ref_axis',(0.964210666792821,0.,-0.265137304133053));
#3170=DIRECTION('',(0.,1.,0.));
#3171=DIRECTION('center_axis',(0.,1.,0.));
#3172=DIRECTION('ref_axis',(-0.964210666792819,0.,0.265137304133061));
#3173=DIRECTION('center_axis',(0.,1.,0.));
#3174=DIRECTION('ref_axis',(-0.964210666792819,0.,0.265137304133061));
#3175=DIRECTION('center_axis',(0.,-1.,0.));
#3176=DIRECTION('ref_axis',(-0.964210666792819,0.,0.265137304133061));
#3177=DIRECTION('',(0.,1.,0.));
#3178=DIRECTION('center_axis',(-0.170966876796483,0.,-0.985276776869554));
#3179=DIRECTION('ref_axis',(-0.985276776869554,0.,0.170966876796483));
#3180=DIRECTION('',(-0.985276776869554,0.,0.170966876796482));
#3181=DIRECTION('',(-0.985276776869554,0.,0.170966876796482));
#3182=DIRECTION('',(0.,1.,0.));
#3183=DIRECTION('',(0.,1.,0.));
#3184=DIRECTION('',(0.,1.,0.));
#3185=DIRECTION('center_axis',(0.,1.,0.));
#3186=DIRECTION('ref_axis',(0.998806647069844,0.,0.04883934652609));
#3187=DIRECTION('center_axis',(0.,1.,0.));
#3188=DIRECTION('ref_axis',(0.998806647069844,0.,0.04883934652609));
#3189=DIRECTION('center_axis',(0.,1.,0.));
#3190=DIRECTION('ref_axis',(0.998806647069844,0.,0.04883934652609));
#3191=DIRECTION('',(0.,1.,0.));
#3192=DIRECTION('',(0.,1.,0.));
#3193=DIRECTION('',(0.,1.,0.));
#3194=DIRECTION('center_axis',(-0.170966876796483,0.,0.985276776869554));
#3195=DIRECTION('ref_axis',(0.985276776869554,0.,0.170966876796483));
#3196=DIRECTION('',(0.985276776869554,0.,0.170966876796482));
#3197=DIRECTION('',(0.985276776869554,0.,0.170966876796482));
#3198=DIRECTION('',(0.,1.,0.));
#3199=DIRECTION('center_axis',(0.,1.,0.));
#3200=DIRECTION('ref_axis',(0.170966876796499,0.,-0.985276776869551));
#3201=DIRECTION('center_axis',(0.,1.,0.));
#3202=DIRECTION('ref_axis',(0.170966876796499,0.,-0.985276776869551));
#3203=DIRECTION('center_axis',(0.,-1.,0.));
#3204=DIRECTION('ref_axis',(0.170966876796499,0.,-0.985276776869551));
#3205=DIRECTION('',(0.,1.,0.));
#3206=DIRECTION('center_axis',(0.,1.,0.));
#3207=DIRECTION('ref_axis',(0.935906612794983,0.,0.352248225157519));
#3208=DIRECTION('center_axis',(0.,1.,0.));
#3209=DIRECTION('ref_axis',(0.935906612794983,0.,0.352248225157519));
#3210=DIRECTION('center_axis',(0.,1.,0.));
#3211=DIRECTION('ref_axis',(0.935906612794983,0.,0.352248225157519));
#3212=DIRECTION('',(0.,1.,0.));
#3213=DIRECTION('center_axis',(0.,1.,0.));
#3214=DIRECTION('ref_axis',(-0.935906612795011,0.,-0.352248225157445));
#3215=DIRECTION('center_axis',(0.,1.,0.));
#3216=DIRECTION('ref_axis',(-0.935906612795011,0.,-0.352248225157445));
#3217=DIRECTION('center_axis',(0.,-1.,0.));
#3218=DIRECTION('ref_axis',(-0.935906612795011,0.,-0.352248225157445));
#3219=DIRECTION('',(0.,1.,0.));
#3220=DIRECTION('center_axis',(0.440816050066618,0.,-0.897597465461921));
#3221=DIRECTION('ref_axis',(-0.897597465461921,0.,-0.440816050066618));
#3222=DIRECTION('',(-0.897597465461921,0.,-0.440816050066618));
#3223=DIRECTION('',(-0.897597465461921,0.,-0.440816050066618));
#3224=DIRECTION('',(0.,1.,0.));
#3225=DIRECTION('',(0.,1.,0.));
#3226=DIRECTION('',(0.,1.,0.));
#3227=DIRECTION('center_axis',(0.,1.,0.));
#3228=DIRECTION('ref_axis',(0.779344503954525,0.,0.626595678373124));
#3229=DIRECTION('center_axis',(0.,1.,0.));
#3230=DIRECTION('ref_axis',(0.779344503954525,0.,0.626595678373124));
#3231=DIRECTION('center_axis',(0.,1.,0.));
#3232=DIRECTION('ref_axis',(0.779344503954525,0.,0.626595678373124));
#3233=DIRECTION('',(0.,1.,0.));
#3234=DIRECTION('',(0.,1.,0.));
#3235=DIRECTION('',(0.,1.,0.));
#3236=DIRECTION('center_axis',(-0.717446267673745,0.,0.696613847838968));
#3237=DIRECTION('ref_axis',(0.696613847838968,0.,0.717446267673745));
#3238=DIRECTION('',(0.696613847838968,0.,0.717446267673745));
#3239=DIRECTION('',(0.696613847838968,0.,0.717446267673745));
#3240=DIRECTION('',(0.,1.,0.));
#3241=DIRECTION('center_axis',(0.,1.,0.));
#3242=DIRECTION('ref_axis',(0.717446267673732,0.,-0.696613847838981));
#3243=DIRECTION('center_axis',(0.,1.,0.));
#3244=DIRECTION('ref_axis',(0.717446267673732,0.,-0.696613847838981));
#3245=DIRECTION('center_axis',(0.,-1.,0.));
#3246=DIRECTION('ref_axis',(0.717446267673732,0.,-0.696613847838981));
#3247=DIRECTION('',(0.,1.,0.));
#3248=DIRECTION('center_axis',(0.,1.,0.));
#3249=DIRECTION('ref_axis',(0.550118043005254,0.,0.835086904914733));
#3250=DIRECTION('center_axis',(0.,1.,0.));
#3251=DIRECTION('ref_axis',(0.550118043005254,0.,0.835086904914733));
#3252=DIRECTION('center_axis',(0.,1.,0.));
#3253=DIRECTION('ref_axis',(0.550118043005254,0.,0.835086904914733));
#3254=DIRECTION('',(0.,1.,0.));
#3255=DIRECTION('center_axis',(0.,1.,0.));
#3256=DIRECTION('ref_axis',(-0.550118043005246,0.,-0.835086904914739));
#3257=DIRECTION('center_axis',(0.,1.,0.));
#3258=DIRECTION('ref_axis',(-0.550118043005246,0.,-0.835086904914739));
#3259=DIRECTION('center_axis',(0.,-1.,0.));
#3260=DIRECTION('ref_axis',(-0.550118043005246,0.,-0.835086904914739));
#3261=DIRECTION('',(0.,1.,0.));
#3262=DIRECTION('center_axis',(0.88422222859076,0.,-0.46706643046358));
#3263=DIRECTION('ref_axis',(-0.46706643046358,0.,-0.88422222859076));
#3264=DIRECTION('',(-0.46706643046358,0.,-0.88422222859076));
#3265=DIRECTION('',(-0.46706643046358,0.,-0.88422222859076));
#3266=DIRECTION('',(0.,1.,0.));
#3267=DIRECTION('',(0.,1.,0.));
#3268=DIRECTION('',(0.,1.,0.));
#3269=DIRECTION('center_axis',(0.,1.,0.));
#3270=DIRECTION('ref_axis',(0.262199249274007,0.,0.965013758285418));
#3271=DIRECTION('center_axis',(0.,1.,0.));
#3272=DIRECTION('ref_axis',(0.262199249274007,0.,0.965013758285418));
#3273=DIRECTION('center_axis',(0.,1.,0.));
#3274=DIRECTION('ref_axis',(0.262199249274007,0.,0.965013758285418));
#3275=DIRECTION('',(0.,1.,0.));
#3276=DIRECTION('',(0.,1.,0.));
#3277=DIRECTION('',(0.,1.,0.));
#3278=DIRECTION('center_axis',(-0.989885569401397,0.,0.141868105967736));
#3279=DIRECTION('ref_axis',(0.141868105967736,0.,0.989885569401397));
#3280=DIRECTION('',(0.141868105967736,0.,0.989885569401397));
#3281=DIRECTION('',(0.141868105967736,0.,0.989885569401397));
#3282=DIRECTION('',(0.,1.,0.));
#3283=DIRECTION('center_axis',(0.,1.,0.));
#3284=DIRECTION('ref_axis',(0.989885569401396,0.,-0.141868105967738));
#3285=DIRECTION('center_axis',(0.,1.,0.));
#3286=DIRECTION('ref_axis',(0.989885569401396,0.,-0.141868105967738));
#3287=DIRECTION('center_axis',(0.,-1.,0.));
#3288=DIRECTION('ref_axis',(0.989885569401396,0.,-0.141868105967738));
#3289=DIRECTION('',(0.,1.,0.));
#3290=DIRECTION('center_axis',(0.,1.,0.));
#3291=DIRECTION('ref_axis',(-0.0457969213879178,0.,0.99895077055448));
#3292=DIRECTION('center_axis',(0.,1.,0.));
#3293=DIRECTION('ref_axis',(-0.0457969213879178,0.,0.99895077055448));
#3294=DIRECTION('center_axis',(0.,1.,0.));
#3295=DIRECTION('ref_axis',(-0.0457969213879178,0.,0.99895077055448));
#3296=DIRECTION('',(0.,1.,0.));
#3297=DIRECTION('center_axis',(0.,1.,0.));
#3298=DIRECTION('ref_axis',(0.0457969213878419,0.,-0.998950770554483));
#3299=DIRECTION('center_axis',(0.,1.,0.));
#3300=DIRECTION('ref_axis',(0.0457969213878419,0.,-0.998950770554483));
#3301=DIRECTION('center_axis',(0.,-1.,0.));
#3302=DIRECTION('ref_axis',(0.0457969213878419,0.,-0.998950770554483));
#3303=DIRECTION('',(0.,1.,0.));
#3304=DIRECTION('center_axis',(0.989885569401397,0.,0.141868105967736));
#3305=DIRECTION('ref_axis',(0.141868105967736,0.,-0.989885569401397));
#3306=DIRECTION('',(0.141868105967736,0.,-0.989885569401397));
#3307=DIRECTION('',(0.141868105967736,0.,-0.989885569401397));
#3308=DIRECTION('',(0.,1.,0.));
#3309=DIRECTION('',(0.,1.,0.));
#3310=DIRECTION('',(0.,1.,0.));
#3311=DIRECTION('center_axis',(0.,1.,0.));
#3312=DIRECTION('ref_axis',(-0.355097206804477,0.,0.93482938214396));
#3313=DIRECTION('center_axis',(0.,1.,0.));
#3314=DIRECTION('ref_axis',(-0.355097206804477,0.,0.93482938214396));
#3315=DIRECTION('center_axis',(0.,1.,0.));
#3316=DIRECTION('ref_axis',(-0.355097206804477,0.,0.93482938214396));
#3317=DIRECTION('',(0.,1.,0.));
#3318=DIRECTION('',(0.,1.,0.));
#3319=DIRECTION('',(0.,1.,0.));
#3320=DIRECTION('center_axis',(-0.88422222859076,0.,-0.46706643046358));
#3321=DIRECTION('ref_axis',(-0.46706643046358,0.,0.88422222859076));
#3322=DIRECTION('',(-0.46706643046358,0.,0.88422222859076));
#3323=DIRECTION('',(-0.46706643046358,0.,0.88422222859076));
#3324=DIRECTION('',(0.,1.,0.));
#3325=DIRECTION('center_axis',(0.,1.,0.));
#3326=DIRECTION('ref_axis',(0.884222228590756,0.,0.467066430463586));
#3327=DIRECTION('center_axis',(0.,1.,0.));
#3328=DIRECTION('ref_axis',(0.884222228590756,0.,0.467066430463586));
#3329=DIRECTION('center_axis',(0.,-1.,0.));
#3330=DIRECTION('ref_axis',(0.884222228590756,0.,0.467066430463586));
#3331=DIRECTION('',(0.,1.,0.));
#3332=DIRECTION('center_axis',(0.,1.,0.));
#3333=DIRECTION('ref_axis',(-0.624219018391006,0.,0.781249394930306));
#3334=DIRECTION('center_axis',(0.,1.,0.));
#3335=DIRECTION('ref_axis',(-0.624219018391006,0.,0.781249394930306));
#3336=DIRECTION('center_axis',(0.,1.,0.));
#3337=DIRECTION('ref_axis',(-0.624219018391006,0.,0.781249394930306));
#3338=DIRECTION('',(0.,1.,0.));
#3339=DIRECTION('center_axis',(0.,1.,0.));
#3340=DIRECTION('ref_axis',(0.624219018390911,0.,-0.781249394930382));
#3341=DIRECTION('center_axis',(0.,1.,0.));
#3342=DIRECTION('ref_axis',(0.624219018390911,0.,-0.781249394930382));
#3343=DIRECTION('center_axis',(0.,-1.,0.));
#3344=DIRECTION('ref_axis',(0.624219018390911,0.,-0.781249394930382));
#3345=DIRECTION('',(0.,1.,0.));
#3346=DIRECTION('center_axis',(0.717446267673745,0.,0.696613847838968));
#3347=DIRECTION('ref_axis',(0.696613847838968,0.,-0.717446267673745));
#3348=DIRECTION('',(0.696613847838968,0.,-0.717446267673745));
#3349=DIRECTION('',(0.696613847838968,0.,-0.717446267673745));
#3350=DIRECTION('',(0.,1.,0.));
#3351=DIRECTION('',(0.,1.,0.));
#3352=DIRECTION('',(0.,1.,0.));
#3353=DIRECTION('center_axis',(0.,1.,0.));
#3354=DIRECTION('ref_axis',(-0.836758599193803,0.,0.547571955705572));
#3355=DIRECTION('center_axis',(0.,1.,0.));
#3356=DIRECTION('ref_axis',(-0.836758599193803,0.,0.547571955705572));
#3357=DIRECTION('center_axis',(0.,1.,0.));
#3358=DIRECTION('ref_axis',(-0.836758599193803,0.,0.547571955705572));
#3359=DIRECTION('',(0.,1.,0.));
#3360=DIRECTION('',(0.,1.,0.));
#3361=DIRECTION('',(0.,1.,0.));
#3362=DIRECTION('center_axis',(-0.440816050066626,0.,-0.897597465461917));
#3363=DIRECTION('ref_axis',(-0.897597465461917,0.,0.440816050066626));
#3364=DIRECTION('',(-0.897597465461917,0.,0.440816050066626));
#3365=DIRECTION('',(-0.897597465461917,0.,0.440816050066626));
#3366=DIRECTION('',(0.,1.,0.));
#3367=DIRECTION('center_axis',(0.,1.,0.));
#3368=DIRECTION('ref_axis',(0.440816050066628,0.,0.897597465461916));
#3369=DIRECTION('center_axis',(0.,1.,0.));
#3370=DIRECTION('ref_axis',(0.440816050066628,0.,0.897597465461916));
#3371=DIRECTION('center_axis',(0.,-1.,0.));
#3372=DIRECTION('ref_axis',(0.440816050066628,0.,0.897597465461916));
#3373=DIRECTION('',(0.,1.,0.));
#3374=DIRECTION('center_axis',(0.,1.,0.));
#3375=DIRECTION('ref_axis',(-0.964210666792821,0.,0.265137304133053));
#3376=DIRECTION('center_axis',(0.,1.,0.));
#3377=DIRECTION('ref_axis',(-0.964210666792821,0.,0.265137304133053));
#3378=DIRECTION('center_axis',(0.,1.,0.));
#3379=DIRECTION('ref_axis',(-0.964210666792821,0.,0.265137304133053));
#3380=DIRECTION('',(0.,1.,0.));
#3381=DIRECTION('center_axis',(0.,1.,0.));
#3382=DIRECTION('ref_axis',(0.964210666792821,0.,-0.265137304133053));
#3383=DIRECTION('center_axis',(0.,1.,0.));
#3384=DIRECTION('ref_axis',(0.964210666792821,0.,-0.265137304133053));
#3385=DIRECTION('center_axis',(0.,-1.,0.));
#3386=DIRECTION('ref_axis',(0.964210666792821,0.,-0.265137304133053));
#3387=DIRECTION('',(0.,1.,0.));
#3388=DIRECTION('center_axis',(0.17096687679648,0.,0.985276776869554));
#3389=DIRECTION('ref_axis',(0.985276776869554,0.,-0.17096687679648));
#3390=DIRECTION('',(0.985276776869554,0.,-0.17096687679648));
#3391=DIRECTION('',(0.985276776869554,0.,-0.17096687679648));
#3392=DIRECTION('',(0.,1.,0.));
#3393=DIRECTION('',(0.,1.,0.));
#3394=DIRECTION('',(0.,1.,0.));
#3395=DIRECTION('center_axis',(0.,1.,0.));
#3396=DIRECTION('ref_axis',(-0.998806647069844,0.,-0.0488393465260927));
#3397=DIRECTION('center_axis',(0.,1.,0.));
#3398=DIRECTION('ref_axis',(-0.998806647069844,0.,-0.0488393465260927));
#3399=DIRECTION('center_axis',(0.,1.,0.));
#3400=DIRECTION('ref_axis',(-0.998806647069844,0.,-0.0488393465260927));
#3401=DIRECTION('',(0.,1.,0.));
#3402=DIRECTION('',(0.,1.,0.));
#3403=DIRECTION('',(0.,1.,0.));
#3404=DIRECTION('center_axis',(0.17096687679648,0.,-0.985276776869554));
#3405=DIRECTION('ref_axis',(-0.985276776869554,0.,-0.17096687679648));
#3406=DIRECTION('',(-0.985276776869554,0.,-0.17096687679648));
#3407=DIRECTION('',(-0.985276776869554,0.,-0.17096687679648));
#3408=DIRECTION('',(0.,1.,0.));
#3409=DIRECTION('center_axis',(0.,1.,0.));
#3410=DIRECTION('ref_axis',(-0.170966876796477,0.,0.985276776869555));
#3411=DIRECTION('center_axis',(0.,1.,0.));
#3412=DIRECTION('ref_axis',(-0.170966876796477,0.,0.985276776869555));
#3413=DIRECTION('center_axis',(0.,-1.,0.));
#3414=DIRECTION('ref_axis',(-0.170966876796477,0.,0.985276776869555));
#3415=DIRECTION('',(0.,1.,0.));
#3416=DIRECTION('center_axis',(0.,1.,0.));
#3417=DIRECTION('ref_axis',(-0.935906612794985,0.,-0.352248225157512));
#3418=DIRECTION('center_axis',(0.,1.,0.));
#3419=DIRECTION('ref_axis',(-0.935906612794985,0.,-0.352248225157512));
#3420=DIRECTION('center_axis',(0.,1.,0.));
#3421=DIRECTION('ref_axis',(-0.935906612794985,0.,-0.352248225157512));
#3422=DIRECTION('',(0.,1.,0.));
#3423=DIRECTION('center_axis',(0.,1.,0.));
#3424=DIRECTION('ref_axis',(0.935906612794983,0.,0.352248225157519));
#3425=DIRECTION('center_axis',(0.,1.,0.));
#3426=DIRECTION('ref_axis',(0.935906612794983,0.,0.352248225157519));
#3427=DIRECTION('center_axis',(0.,-1.,0.));
#3428=DIRECTION('ref_axis',(0.935906612794983,0.,0.352248225157519));
#3429=DIRECTION('',(0.,1.,0.));
#3430=DIRECTION('center_axis',(-0.440816050066618,0.,0.897597465461921));
#3431=DIRECTION('ref_axis',(0.897597465461921,0.,0.440816050066618));
#3432=DIRECTION('',(0.897597465461921,0.,0.440816050066618));
#3433=DIRECTION('',(0.897597465461921,0.,0.440816050066618));
#3434=DIRECTION('',(0.,1.,0.));
#3435=DIRECTION('',(0.,1.,0.));
#3436=DIRECTION('',(0.,1.,0.));
#3437=DIRECTION('center_axis',(0.,1.,0.));
#3438=DIRECTION('ref_axis',(-0.779344503954527,0.,-0.626595678373122));
#3439=DIRECTION('center_axis',(0.,1.,0.));
#3440=DIRECTION('ref_axis',(-0.779344503954527,0.,-0.626595678373122));
#3441=DIRECTION('center_axis',(0.,1.,0.));
#3442=DIRECTION('ref_axis',(-0.779344503954527,0.,-0.626595678373122));
#3443=DIRECTION('',(0.,1.,0.));
#3444=DIRECTION('',(0.,1.,0.));
#3445=DIRECTION('',(0.,1.,0.));
#3446=DIRECTION('center_axis',(0.717446267673734,0.,-0.696613847838979));
#3447=DIRECTION('ref_axis',(-0.696613847838979,0.,-0.717446267673734));
#3448=DIRECTION('',(-0.696613847838979,0.,-0.717446267673734));
#3449=DIRECTION('',(-0.696613847838979,0.,-0.717446267673734));
#3450=DIRECTION('center_axis',(0.,1.,0.));
#3451=DIRECTION('ref_axis',(1.,0.,0.));
#3452=DIRECTION('center_axis',(0.,1.,0.));
#3453=DIRECTION('ref_axis',(1.,0.,0.));
#3454=DIRECTION('center_axis',(-4.22734483944978E-14,1.,4.01911850735483E-14));
#3455=DIRECTION('ref_axis',(-0.309016994374948,-3.9158710612989E-14,0.951056516295153));
#3456=DIRECTION('center_axis',(-4.22734483944981E-14,1.,4.01911850735479E-14));
#3457=DIRECTION('ref_axis',(-0.309016994374948,-5.12873024265545E-14,0.951056516295153));
#3458=DIRECTION('',(0.218508012224408,0.707106781186497,-0.672498511964011));
#3459=DIRECTION('center_axis',(4.22734483944981E-14,-1.,-4.01911850735479E-14));
#3460=DIRECTION('ref_axis',(-0.309016994374948,-2.73670241275782E-14,0.951056516295153));
#3461=DIRECTION('center_axis',(4.22734483944981E-14,-1.,-4.01911850735479E-14));
#3462=DIRECTION('ref_axis',(-0.309016994374948,-2.73670241275782E-14,0.951056516295153));
#3463=DIRECTION('center_axis',(4.22734483944981E-14,-1.,-4.01911850735479E-14));
#3464=DIRECTION('ref_axis',(0.,4.01911850735479E-14,-1.));
#3465=DIRECTION('center_axis',(3.00943747587092E-14,-1.,-1.89971369550466E-14));
#3466=DIRECTION('ref_axis',(0.309016994374948,2.73670241275782E-14,-0.951056516295153));
#3467=DIRECTION('',(-3.00943747587092E-14,1.,1.89971369550466E-14));
#3468=DIRECTION('center_axis',(-3.00943747587092E-14,1.,1.89971369550466E-14));
#3469=DIRECTION('ref_axis',(-0.309016994374948,-2.73670241275782E-14,0.951056516295153));
#3470=DIRECTION('',(3.00943747587092E-14,-1.,-1.89971369550466E-14));
#3471=DIRECTION('center_axis',(-3.00943747587092E-14,1.,1.89971369550466E-14));
#3472=DIRECTION('ref_axis',(-0.309016994374948,-2.73670241275782E-14,0.951056516295153));
#3473=DIRECTION('',(3.00943747587092E-14,-1.,-1.89971369550466E-14));
#3474=DIRECTION('center_axis',(-3.00943747587092E-14,1.,1.89971369550466E-14));
#3475=DIRECTION('ref_axis',(-0.309016994374948,-2.73670241275782E-14,0.951056516295153));
#3476=DIRECTION('',(3.00943747587092E-14,-1.,-1.89971369550466E-14));
#3477=DIRECTION('center_axis',(-3.00943747587092E-14,1.,1.89971369550466E-14));
#3478=DIRECTION('ref_axis',(-0.309016994374948,-2.73670241275782E-14,0.951056516295153));
#3479=DIRECTION('',(-3.00943747587092E-14,1.,1.89971369550466E-14));
#3480=DIRECTION('center_axis',(-3.00943747587092E-14,1.,1.89971369550466E-14));
#3481=DIRECTION('ref_axis',(-0.309016994374948,-2.73670241275782E-14,0.951056516295153));
#3482=DIRECTION('center_axis',(-3.00943747587092E-14,1.,1.89971369550466E-14));
#3483=DIRECTION('ref_axis',(-0.309016994374948,-2.73670241275782E-14,0.951056516295154));
#3484=DIRECTION('center_axis',(-3.00943747587092E-14,1.,1.89971369550466E-14));
#3485=DIRECTION('ref_axis',(-0.309016994374948,-2.73670241275782E-14,0.951056516295153));
#3486=DIRECTION('center_axis',(-3.00943747587092E-14,1.,1.89971369550466E-14));
#3487=DIRECTION('ref_axis',(-0.309016994374948,-2.73670241275782E-14,0.951056516295153));
#3488=DIRECTION('center_axis',(-3.00943747587092E-14,1.,1.89971369550466E-14));
#3489=DIRECTION('ref_axis',(-0.309016994374948,-2.73670241275782E-14,0.951056516295153));
#3490=DIRECTION('center_axis',(-3.00943747587092E-14,1.,1.89971369550466E-14));
#3491=DIRECTION('ref_axis',(-0.309016994374948,-2.73670241275782E-14,0.951056516295153));
#3492=DIRECTION('center_axis',(3.00943747587092E-14,-1.,-1.89971369550466E-14));
#3493=DIRECTION('ref_axis',(-0.309016994374948,-2.73670241275781E-14,0.951056516295154));
#3494=DIRECTION('center_axis',(-3.00943747587092E-14,1.,1.89971369550466E-14));
#3495=DIRECTION('ref_axis',(-0.309016994374948,-2.73670241275782E-14,0.951056516295154));
#3496=DIRECTION('center_axis',(3.00943747587092E-14,-1.,-1.89971369550466E-14));
#3497=DIRECTION('ref_axis',(-0.309016994374948,-2.73670241275782E-14,0.951056516295153));
#3498=DIRECTION('',(0.981627183447664,3.31662809494333E-14,-0.190808995376546));
#3499=DIRECTION('center_axis',(-3.00943747587092E-14,1.,1.89971369550466E-14));
#3500=DIRECTION('ref_axis',(-0.309016994374948,-2.73670241275781E-14,0.951056516295153));
#3501=DIRECTION('',(-0.681998360062497,-6.63068780030624E-15,-0.731353701619172));
#3502=DIRECTION('center_axis',(3.00943747587092E-14,-1.,-1.89971369550466E-14));
#3503=DIRECTION('ref_axis',(-0.309016994374948,-2.73670241275782E-14,0.951056516295153));
#3504=DIRECTION('center_axis',(-3.00943747587092E-14,1.,1.89971369550466E-14));
#3505=DIRECTION('ref_axis',(-0.309016994374948,-2.73670241275781E-14,0.951056516295153));
#3506=DIRECTION('center_axis',(3.00943747587092E-14,-1.,-1.89971369550466E-14));
#3507=DIRECTION('ref_axis',(-0.309016994374944,-2.73670241275781E-14,0.951056516295155));
#3508=DIRECTION('',(-0.981627183447664,-3.31662809494333E-14,0.190808995376546));
#3509=DIRECTION('center_axis',(-3.00943747587092E-14,1.,1.89971369550466E-14));
#3510=DIRECTION('ref_axis',(-0.309016994374948,-2.73670241275782E-14,0.951056516295153));
#3511=DIRECTION('',(0.681998360062497,6.63068780030624E-15,0.731353701619172));
#3512=DIRECTION('center_axis',(3.00943747587092E-14,-1.,-1.89971369550466E-14));
#3513=DIRECTION('ref_axis',(-0.309016994374944,-2.73670241275781E-14,0.951056516295155));
#3514=DIRECTION('center_axis',(-6.80284279600837E-14,1.,2.03117795818766E-14));
#3515=DIRECTION('ref_axis',(0.309016994374948,4.03395906691723E-14,-0.951056516295153));
#3516=DIRECTION('center_axis',(-3.00943747587092E-14,1.,1.89971369550466E-14));
#3517=DIRECTION('ref_axis',(-0.309016994374948,-2.73670241275782E-14,0.951056516295153));
#3518=DIRECTION('center_axis',(-3.00943747587092E-14,1.,1.89971369550466E-14));
#3519=DIRECTION('ref_axis',(-0.309016994374948,-2.73670241275782E-14,0.951056516295153));
#3520=DIRECTION('center_axis',(-3.00943747587092E-14,1.,1.89971369550466E-14));
#3521=DIRECTION('ref_axis',(-0.309016994374948,-2.73670241275782E-14,0.951056516295153));
#3522=DIRECTION('center_axis',(-3.00943747587092E-14,1.,1.89971369550466E-14));
#3523=DIRECTION('ref_axis',(-0.309016994374948,-2.73670241275782E-14,0.951056516295153));
#3524=DIRECTION('center_axis',(-3.00943747587092E-14,1.,1.89971369550466E-14));
#3525=DIRECTION('ref_axis',(-0.309016994374948,-2.73670241275782E-14,0.951056516295153));
#3526=DIRECTION('center_axis',(-3.00943747587092E-14,1.,1.89971369550466E-14));
#3527=DIRECTION('ref_axis',(0.309016994374948,2.73670241275782E-14,-0.951056516295153));
#3528=DIRECTION('center_axis',(-3.00943747587092E-14,1.,1.89971369550466E-14));
#3529=DIRECTION('ref_axis',(-0.309016994374948,-2.73670241275782E-14,0.951056516295153));
#3530=DIRECTION('',(-3.00943747587092E-14,1.,1.89971369550466E-14));
#3531=DIRECTION('',(-3.00943747587092E-14,1.,1.89971369550466E-14));
#3532=DIRECTION('center_axis',(-3.00943747587092E-14,1.,1.89971369550466E-14));
#3533=DIRECTION('ref_axis',(-0.309016994374948,-2.73670241275781E-14,0.951056516295154));
#3534=DIRECTION('center_axis',(3.00943747587092E-14,-1.,-1.89971369550466E-14));
#3535=DIRECTION('ref_axis',(-0.309016994374948,-2.73670241275781E-14,0.951056516295154));
#3536=DIRECTION('',(3.00943747587092E-14,-1.,-1.89971369550466E-14));
#3537=DIRECTION('center_axis',(-3.00943747587092E-14,1.,1.89971369550466E-14));
#3538=DIRECTION('ref_axis',(-0.309016994374948,-2.73670241275782E-14,0.951056516295154));
#3539=DIRECTION('center_axis',(-3.00943747587092E-14,1.,1.89971369550466E-14));
#3540=DIRECTION('ref_axis',(-0.951056516295153,-2.2751013054521E-14,-0.309016994374948));
#3541=DIRECTION('center_axis',(3.00943747587092E-14,-1.,-1.89971369550466E-14));
#3542=DIRECTION('ref_axis',(-0.951056516295153,-2.2751013054521E-14,-0.309016994374948));
#3543=DIRECTION('center_axis',(-2.98828484595972E-14,1.,1.90658676858177E-14));
#3544=DIRECTION('ref_axis',(-0.951056516295153,-2.25286006255386E-14,-0.309016994374949));
#3545=DIRECTION('',(-3.00943747587092E-14,1.,1.89971369550466E-14));
#3546=DIRECTION('center_axis',(-3.00943747587092E-14,1.,1.89971369550466E-14));
#3547=DIRECTION('ref_axis',(-0.309016994374948,-2.73670241275782E-14,0.951056516295154));
#3548=DIRECTION('center_axis',(3.00943747587092E-14,-1.,-1.89971369550466E-14));
#3549=DIRECTION('ref_axis',(0.309016994374948,2.73670241275782E-14,-0.951056516295153));
#3550=DIRECTION('center_axis',(-3.00943747587092E-14,1.,1.89971369550466E-14));
#3551=DIRECTION('ref_axis',(-0.309016994374948,-2.73670241275782E-14,0.951056516295154));
#3552=DIRECTION('center_axis',(3.00943747587092E-14,-1.,-1.89971369550466E-14));
#3553=DIRECTION('ref_axis',(0.309016994374948,2.73670241275782E-14,-0.951056516295153));
#3554=DIRECTION('center_axis',(-3.00943747587092E-14,1.,1.89971369550466E-14));
#3555=DIRECTION('ref_axis',(-0.309016994374948,-2.73670241275781E-14,0.951056516295153));
#3556=DIRECTION('center_axis',(3.00943747587092E-14,-1.,-1.89971369550466E-14));
#3557=DIRECTION('ref_axis',(-0.309016994374948,-2.73670241275782E-14,0.951056516295153));
#3558=DIRECTION('center_axis',(-3.00943747587092E-14,1.,1.89971369550466E-14));
#3559=DIRECTION('ref_axis',(-0.309016994374948,-2.73670241275782E-14,0.951056516295154));
#3560=DIRECTION('center_axis',(3.00943747587092E-14,-1.,-1.89971369550466E-14));
#3561=DIRECTION('ref_axis',(-0.309016994374947,-2.73670241275781E-14,0.951056516295154));
#3562=DIRECTION('',(-0.681998360062497,-6.63068780030624E-15,-0.731353701619172));
#3563=DIRECTION('center_axis',(-3.00943747587092E-14,1.,1.89971369550466E-14));
#3564=DIRECTION('ref_axis',(-0.309016994374948,-2.73670241275781E-14,0.951056516295153));
#3565=DIRECTION('',(0.981627183447664,3.31662809494333E-14,-0.190808995376546));
#3566=DIRECTION('center_axis',(3.00943747587092E-14,-1.,-1.89971369550466E-14));
#3567=DIRECTION('ref_axis',(-0.309016994374948,-2.73670241275782E-14,0.951056516295153));
#3568=DIRECTION('center_axis',(3.00943747587092E-14,-1.,-1.89971369550466E-14));
#3569=DIRECTION('ref_axis',(-0.309016994374948,-2.73670241275782E-14,0.951056516295153));
#3570=DIRECTION('center_axis',(-3.00943747587092E-14,1.,1.89971369550466E-14));
#3571=DIRECTION('ref_axis',(-0.309016994374948,-2.73670241275782E-14,0.951056516295154));
#3572=DIRECTION('center_axis',(3.00943747587092E-14,-1.,-1.89971369550466E-14));
#3573=DIRECTION('ref_axis',(-0.309016994374948,-2.73670241275782E-14,0.951056516295153));
#3574=DIRECTION('center_axis',(-3.00943747587092E-14,1.,1.89971369550466E-14));
#3575=DIRECTION('ref_axis',(-0.309016994374948,-2.73670241275781E-14,0.951056516295153));
#3576=DIRECTION('center_axis',(3.00943747587092E-14,-1.,-1.89971369550466E-14));
#3577=DIRECTION('ref_axis',(-0.309016994374948,-2.73670241275782E-14,0.951056516295153));
#3578=DIRECTION('center_axis',(-3.00943747587092E-14,1.,1.89971369550466E-14));
#3579=DIRECTION('ref_axis',(-0.309016994374948,-2.73670241275782E-14,0.951056516295154));
#3580=DIRECTION('',(0.681998360062497,6.63068780030624E-15,0.731353701619172));
#3581=DIRECTION('center_axis',(-3.00943747587092E-14,1.,1.89971369550466E-14));
#3582=DIRECTION('ref_axis',(-0.309016994374948,-2.73670241275782E-14,0.951056516295153));
#3583=DIRECTION('',(-0.981627183447664,-3.31662809494333E-14,0.190808995376546));
#3584=DIRECTION('center_axis',(3.00943747587092E-14,-1.,-1.89971369550466E-14));
#3585=DIRECTION('ref_axis',(-0.309016994374949,-2.73670241275782E-14,0.951056516295153));
#3586=DIRECTION('center_axis',(3.00943747587092E-14,-1.,-1.89971369550466E-14));
#3587=DIRECTION('ref_axis',(-0.309016994374944,-2.73670241275781E-14,0.951056516295155));
#3588=DIRECTION('center_axis',(3.00943747587092E-14,-1.,-1.89971369550466E-14));
#3589=DIRECTION('ref_axis',(-0.309016994374948,-2.73670241275782E-14,0.951056516295153));
#3590=DIRECTION('center_axis',(-3.00943747587092E-14,1.,1.89971369550466E-14));
#3591=DIRECTION('ref_axis',(-0.309016994374948,-2.73670241275782E-14,0.951056516295153));
#3592=DIRECTION('',(-3.00943747587092E-14,1.,1.89971369550466E-14));
#3593=DIRECTION('center_axis',(-3.00943747587092E-14,1.,1.89971369550466E-14));
#3594=DIRECTION('ref_axis',(-0.309016994374948,-2.73670241275782E-14,0.951056516295153));
#3595=DIRECTION('',(-3.00943747587092E-14,1.,1.89971369550466E-14));
#3596=DIRECTION('center_axis',(3.00943747587092E-14,-1.,-1.89971369550466E-14));
#3597=DIRECTION('ref_axis',(0.309016994374948,2.73670241275782E-14,-0.951056516295153));
#3598=DIRECTION('',(3.00943747587092E-14,-1.,-1.89971369550466E-14));
#3599=DIRECTION('',(3.00943747587092E-14,-1.,-1.89971369550466E-14));
#3600=DIRECTION('center_axis',(3.00943747587092E-14,-1.,-1.89971369550466E-14));
#3601=DIRECTION('ref_axis',(0.309016994374948,2.73670241275781E-14,-0.951056516295153));
#3602=DIRECTION('',(3.00943747587092E-14,-1.,-1.89971369550466E-14));
#3603=DIRECTION('center_axis',(3.00943747587092E-14,-1.,-1.89971369550466E-14));
#3604=DIRECTION('ref_axis',(0.309016994374948,2.73670241275782E-14,-0.951056516295153));
#3605=DIRECTION('',(3.00943747587092E-14,-1.,-1.89971369550466E-14));
#3606=DIRECTION('center_axis',(-0.731353701619172,-3.4965648626921E-14,
0.681998360062497));
#3607=DIRECTION('ref_axis',(0.681998360062497,6.63068780030624E-15,0.731353701619172));
#3608=DIRECTION('',(3.00943747587092E-14,-1.,-1.89971369550466E-14));
#3609=DIRECTION('center_axis',(3.00943747587092E-14,-1.,-1.89971369550466E-14));
#3610=DIRECTION('ref_axis',(0.309016994374948,2.73670241275781E-14,-0.951056516295153));
#3611=DIRECTION('',(3.00943747587092E-14,-1.,-1.89971369550466E-14));
#3612=DIRECTION('center_axis',(-0.190808995376546,1.29058286285573E-14,
-0.981627183447664));
#3613=DIRECTION('ref_axis',(-0.981627183447664,-3.31662809494333E-14,0.190808995376546));
#3614=DIRECTION('',(3.00943747587092E-14,-1.,-1.89971369550466E-14));
#3615=DIRECTION('center_axis',(3.00943747587092E-14,-1.,-1.89971369550466E-14));
#3616=DIRECTION('ref_axis',(0.309016994374948,2.73670241275782E-14,-0.951056516295153));
#3617=DIRECTION('',(3.00943747587092E-14,-1.,-1.89971369550466E-14));
#3618=DIRECTION('center_axis',(3.00943747587092E-14,-1.,-1.89971369550466E-14));
#3619=DIRECTION('ref_axis',(-0.309016994374951,-2.73670241275782E-14,0.951056516295152));
#3620=DIRECTION('',(3.00943747587092E-14,-1.,-1.89971369550466E-14));
#3621=DIRECTION('center_axis',(3.00943747587092E-14,-1.,-1.89971369550466E-14));
#3622=DIRECTION('ref_axis',(0.309016994374948,2.73670241275782E-14,-0.951056516295153));
#3623=DIRECTION('',(3.00943747587092E-14,-1.,-1.89971369550466E-14));
#3624=DIRECTION('center_axis',(0.731353701619172,3.4965648626921E-14,-0.681998360062497));
#3625=DIRECTION('ref_axis',(-0.681998360062497,-6.63068780030623E-15,-0.731353701619172));
#3626=DIRECTION('',(3.00943747587092E-14,-1.,-1.89971369550466E-14));
#3627=DIRECTION('center_axis',(3.00943747587092E-14,-1.,-1.89971369550466E-14));
#3628=DIRECTION('ref_axis',(0.309016994374948,2.73670241275782E-14,-0.951056516295153));
#3629=DIRECTION('',(3.00943747587092E-14,-1.,-1.89971369550466E-14));
#3630=DIRECTION('center_axis',(0.190808995376546,-1.29058286285573E-14,
0.981627183447664));
#3631=DIRECTION('ref_axis',(0.981627183447664,3.31662809494333E-14,-0.190808995376546));
#3632=DIRECTION('center_axis',(-3.00943747587092E-14,1.,1.89971369550466E-14));
#3633=DIRECTION('ref_axis',(0.951056516295153,2.2751013054521E-14,0.309016994374948));
#3634=DIRECTION('',(-3.00943747587092E-14,1.,1.89971369550466E-14));
#3635=DIRECTION('center_axis',(-3.00943747587092E-14,1.,1.89971369550466E-14));
#3636=DIRECTION('ref_axis',(-0.951056516295153,-2.2751013054521E-14,-0.309016994374948));
#3637=DIRECTION('',(-3.00943747587092E-14,1.,1.89971369550466E-14));
#3638=DIRECTION('center_axis',(-3.00943747587092E-14,1.,1.89971369550466E-14));
#3639=DIRECTION('ref_axis',(0.309016994374949,2.73670241275782E-14,-0.951056516295153));
#3640=DIRECTION('center_axis',(3.00943747587092E-14,-1.,-1.89971369550466E-14));
#3641=DIRECTION('ref_axis',(0.309016994374948,2.73670241275782E-14,-0.951056516295153));
#3642=DIRECTION('center_axis',(-3.00943747587092E-14,1.,1.89971369550466E-14));
#3643=DIRECTION('ref_axis',(-0.309016994374948,-2.73670241275782E-14,0.951056516295154));
#3644=DIRECTION('',(-3.00943747587092E-14,1.,1.89971369550466E-14));
#3645=DIRECTION('center_axis',(-3.00943747587092E-14,1.,1.89971369550466E-14));
#3646=DIRECTION('ref_axis',(-0.309016994374948,-2.73670241275782E-14,0.951056516295154));
#3647=DIRECTION('center_axis',(3.00943747587092E-14,-1.,-1.89971369550466E-14));
#3648=DIRECTION('ref_axis',(0.309016994374948,2.73670241275782E-14,-0.951056516295153));
#3649=DIRECTION('center_axis',(3.00943747587092E-14,-1.,-1.89971369550466E-14));
#3650=DIRECTION('ref_axis',(-0.309016994374948,-2.73670241275782E-14,0.951056516295153));
#3651=DIRECTION('',(3.00943747587092E-14,-1.,-1.89971369550466E-14));
#3652=DIRECTION('center_axis',(-3.00943747587092E-14,1.,1.89971369550466E-14));
#3653=DIRECTION('ref_axis',(-0.309016994374948,-2.73670241275782E-14,0.951056516295153));
#3654=DIRECTION('',(-3.00943747587092E-14,1.,1.89971369550466E-14));
#3655=DIRECTION('center_axis',(0.309016994374948,2.73670241275781E-14,-0.951056516295154));
#3656=DIRECTION('ref_axis',(-0.951056516295154,-2.27510130545211E-14,-0.309016994374948));
#3657=DIRECTION('',(-0.951056516295153,-2.27510130545211E-14,-0.309016994374948));
#3658=DIRECTION('',(-0.951056516295153,-2.27510130545211E-14,-0.309016994374948));
#3659=DIRECTION('center_axis',(-3.00943747587092E-14,1.,1.89971369550466E-14));
#3660=DIRECTION('ref_axis',(-0.309016994374948,-2.73670241275782E-14,0.951056516295154));
#3661=DIRECTION('center_axis',(-3.00943747587092E-14,1.,1.89971369550466E-14));
#3662=DIRECTION('ref_axis',(-0.309016994374948,-2.73670241275782E-14,0.951056516295154));
#3663=DIRECTION('center_axis',(3.00943747587092E-14,-1.,-1.89971369550466E-14));
#3664=DIRECTION('ref_axis',(0.309016994374948,2.73670241275782E-14,-0.951056516295153));
#3665=DIRECTION('center_axis',(-3.00943747587092E-14,1.,1.89971369550466E-14));
#3666=DIRECTION('ref_axis',(-0.309016994374948,-2.73670241275782E-14,0.951056516295153));
#3667=DIRECTION('',(-3.00943747587092E-14,1.,1.89971369550466E-14));
#3668=DIRECTION('center_axis',(3.00943747587092E-14,-1.,-1.89971369550466E-14));
#3669=DIRECTION('ref_axis',(-0.309016994374948,-2.73670241275782E-14,0.951056516295153));
#3670=DIRECTION('',(3.00943747587092E-14,-1.,-1.89971369550466E-14));
#3671=DIRECTION('center_axis',(-0.951056516295154,-2.27510130545211E-14,
-0.309016994374948));
#3672=DIRECTION('ref_axis',(-0.309016994374948,-2.73670241275782E-14,0.951056516295154));
#3673=DIRECTION('',(-0.309016994374948,-2.73670241275781E-14,0.951056516295153));
#3674=DIRECTION('',(-0.309016994374948,-2.73670241275781E-14,0.951056516295153));
#3675=DIRECTION('center_axis',(-3.00943747587092E-14,1.,1.89971369550466E-14));
#3676=DIRECTION('ref_axis',(-0.309016994374948,-2.73670241275782E-14,0.951056516295154));
#3677=DIRECTION('center_axis',(-3.00943747587092E-14,1.,1.89971369550466E-14));
#3678=DIRECTION('ref_axis',(-0.309016994374948,-2.73670241275782E-14,0.951056516295154));
#3679=DIRECTION('center_axis',(3.00943747587092E-14,-1.,-1.89971369550466E-14));
#3680=DIRECTION('ref_axis',(0.309016994374948,2.73670241275782E-14,-0.951056516295153));
#3681=DIRECTION('center_axis',(-3.00943747587092E-14,1.,1.89971369550466E-14));
#3682=DIRECTION('ref_axis',(-0.309016994374948,-2.73670241275782E-14,0.951056516295153));
#3683=DIRECTION('',(-3.00943747587092E-14,1.,1.89971369550466E-14));
#3684=DIRECTION('center_axis',(3.00943747587092E-14,-1.,-1.89971369550466E-14));
#3685=DIRECTION('ref_axis',(-0.309016994374946,-2.73670241275781E-14,0.951056516295154));
#3686=DIRECTION('',(3.00943747587092E-14,-1.,-1.89971369550466E-14));
#3687=DIRECTION('center_axis',(0.951056516295154,2.27510130545211E-14,0.309016994374948));
#3688=DIRECTION('ref_axis',(0.309016994374948,2.73670241275781E-14,-0.951056516295154));
#3689=DIRECTION('',(0.309016994374948,2.73670241275781E-14,-0.951056516295153));
#3690=DIRECTION('',(0.309016994374948,2.73670241275781E-14,-0.951056516295153));
#3691=DIRECTION('center_axis',(-3.00943747587092E-14,1.,1.89971369550466E-14));
#3692=DIRECTION('ref_axis',(-0.309016994374948,-2.73670241275782E-14,0.951056516295154));
#3693=DIRECTION('center_axis',(-3.00943747587092E-14,1.,1.89971369550466E-14));
#3694=DIRECTION('ref_axis',(-0.309016994374948,-2.73670241275782E-14,0.951056516295154));
#3695=DIRECTION('center_axis',(3.00943747587092E-14,-1.,-1.89971369550466E-14));
#3696=DIRECTION('ref_axis',(-0.309016994374948,-2.73670241275782E-14,0.951056516295153));
#3697=DIRECTION('center_axis',(-3.00943747587092E-14,1.,1.89971369550466E-14));
#3698=DIRECTION('ref_axis',(-0.309016994374948,-2.73670241275782E-14,0.951056516295153));
#3699=DIRECTION('',(-3.00943747587092E-14,1.,1.89971369550466E-14));
#3700=DIRECTION('center_axis',(3.00943747587092E-14,-1.,-1.89971369550466E-14));
#3701=DIRECTION('ref_axis',(-0.309016994374951,-2.73670241275782E-14,0.951056516295152));
#3702=DIRECTION('',(3.00943747587092E-14,-1.,-1.89971369550466E-14));
#3703=DIRECTION('center_axis',(-0.309016994374948,-2.73670241275781E-14,
0.951056516295154));
#3704=DIRECTION('ref_axis',(0.951056516295154,2.27510130545211E-14,0.309016994374948));
#3705=DIRECTION('',(0.951056516295153,2.27510130545211E-14,0.309016994374948));
#3706=DIRECTION('',(0.951056516295153,2.27510130545211E-14,0.309016994374948));
#3707=DIRECTION('center_axis',(-3.00943747587092E-14,1.,1.89971369550466E-14));
#3708=DIRECTION('ref_axis',(-0.309016994374948,-2.73670241275782E-14,0.951056516295154));
#3709=DIRECTION('center_axis',(-3.00943747587092E-14,1.,1.89971369550466E-14));
#3710=DIRECTION('ref_axis',(-0.309016994374948,-2.73670241275782E-14,0.951056516295154));
#3711=CARTESIAN_POINT('',(0.,0.,0.));
#3712=CARTESIAN_POINT('Origin',(0.,0.,0.));
#3713=CARTESIAN_POINT('',(-1.25,0.,1.53080849893419E-16));
#3714=CARTESIAN_POINT('Origin',(0.,0.,0.));
#3715=CARTESIAN_POINT('',(-1.25,4.,1.53080849893419E-16));
#3716=CARTESIAN_POINT('',(-1.25,0.,1.53080849893419E-16));
#3717=CARTESIAN_POINT('Origin',(0.,4.,0.));
#3718=CARTESIAN_POINT('Origin',(-1.29525446316132,0.,-1.6210924944804));
#3719=CARTESIAN_POINT('',(-1.43874371669607,0.,-1.48176972491261));
#3720=CARTESIAN_POINT('',(-1.17041065948313,0.,-1.46484261549433));
#3721=CARTESIAN_POINT('Origin',(-1.29525446316132,0.,-1.6210924944804));
#3722=CARTESIAN_POINT('',(-1.43874371669607,4.,-1.48176972491261));
#3723=CARTESIAN_POINT('',(-1.43874371669607,0.,-1.48176972491261));
#3724=CARTESIAN_POINT('',(-1.17041065948313,4.,-1.46484261549433));
#3725=CARTESIAN_POINT('Origin',(-1.29525446316132,4.,-1.6210924944804));
#3726=CARTESIAN_POINT('',(-1.17041065948313,0.,-1.46484261549433));
#3727=CARTESIAN_POINT('Origin',(-4.E-15,0.,-8.E-15));
#3728=CARTESIAN_POINT('',(-1.03147133063483,0.,-1.56578794671513));
#3729=CARTESIAN_POINT('Origin',(-4.E-15,0.,-8.E-15));
#3730=CARTESIAN_POINT('',(-1.03147133063483,4.,-1.56578794671513));
#3731=CARTESIAN_POINT('Origin',(-4.E-15,4.,-8.E-15));
#3732=CARTESIAN_POINT('',(-1.03147133063483,0.,-1.56578794671513));
#3733=CARTESIAN_POINT('Origin',(-1.1414949392359,0.,-1.73280532769807));
#3734=CARTESIAN_POINT('',(-0.96465049351775,0.,-1.82621861379079));
#3735=CARTESIAN_POINT('Origin',(-1.1414949392359,0.,-1.73280532769807));
#3736=CARTESIAN_POINT('',(-0.96465049351775,4.,-1.82621861379079));
#3737=CARTESIAN_POINT('Origin',(-1.1414949392359,4.,-1.73280532769807));
#3738=CARTESIAN_POINT('',(-0.96465049351775,0.,-1.82621861379079));
#3739=CARTESIAN_POINT('Origin',(-1.10088791765773,0.,-2.08413515613564));
#3740=CARTESIAN_POINT('',(-1.10088791765773,0.,-2.08413515613564));
#3741=CARTESIAN_POINT('',(-1.10088791765773,0.,-2.08413515613564));
#3742=CARTESIAN_POINT('',(-1.10088791765773,4.,-2.08413515613564));
#3743=CARTESIAN_POINT('',(-1.10088791765773,4.,-2.08413515613564));
#3744=CARTESIAN_POINT('',(-1.10088791765773,0.,-2.08413515613564));
#3745=CARTESIAN_POINT('Ctrl Pts',(-1.13855049013092,0.,-2.2633509036663));
#3746=CARTESIAN_POINT('Ctrl Pts',(-1.13855049013092,11.943936,-2.2633509036663));
#3747=CARTESIAN_POINT('Ctrl Pts',(-1.12959109695019,0.,-2.15907472418906));
#3748=CARTESIAN_POINT('Ctrl Pts',(-1.12959109695019,11.943936,-2.15907472418906));
#3749=CARTESIAN_POINT('Ctrl Pts',(-1.10882299826627,0.,-2.10262932695073));
#3750=CARTESIAN_POINT('Ctrl Pts',(-1.10882299826627,11.943936,-2.10262932695073));
#3751=CARTESIAN_POINT('Ctrl Pts',(-1.10088791765773,0.,-2.08413515613564));
#3752=CARTESIAN_POINT('Ctrl Pts',(-1.10088791765773,11.943936,-2.08413515613564));
#3753=CARTESIAN_POINT('',(-1.13855049013092,0.,-2.2633509036663));
#3754=CARTESIAN_POINT('Ctrl Pts',(-1.13855049013092,0.,-2.2633509036663));
#3755=CARTESIAN_POINT('Ctrl Pts',(-1.12959109695019,0.,-2.15907472418906));
#3756=CARTESIAN_POINT('Ctrl Pts',(-1.10882299826627,0.,-2.10262932695073));
#3757=CARTESIAN_POINT('Ctrl Pts',(-1.10088791765773,0.,-2.08413515613564));
#3758=CARTESIAN_POINT('',(-1.13855049013092,4.,-2.2633509036663));
#3759=CARTESIAN_POINT('Ctrl Pts',(-1.13855049013092,4.,-2.2633509036663));
#3760=CARTESIAN_POINT('Ctrl Pts',(-1.12959109695019,4.,-2.15907472418906));
#3761=CARTESIAN_POINT('Ctrl Pts',(-1.10882299826627,4.,-2.10262932695073));
#3762=CARTESIAN_POINT('Ctrl Pts',(-1.10088791765773,4.,-2.08413515613564));
#3763=CARTESIAN_POINT('',(-1.13855049013092,0.,-2.2633509036663));
#3764=CARTESIAN_POINT('Ctrl Pts',(-1.06556352744731,0.,-2.80520396925336));
#3765=CARTESIAN_POINT('Ctrl Pts',(-1.06556352744731,11.943936,-2.80520396925336));
#3766=CARTESIAN_POINT('Ctrl Pts',(-1.13993407329675,0.,-2.56883255496309));
#3767=CARTESIAN_POINT('Ctrl Pts',(-1.13993407329675,11.943936,-2.56883255496309));
#3768=CARTESIAN_POINT('Ctrl Pts',(-1.14872820513612,0.,-2.3863798322081));
#3769=CARTESIAN_POINT('Ctrl Pts',(-1.14872820513612,11.943936,-2.3863798322081));
#3770=CARTESIAN_POINT('Ctrl Pts',(-1.13855049013092,0.,-2.2633509036663));
#3771=CARTESIAN_POINT('Ctrl Pts',(-1.13855049013092,11.943936,-2.2633509036663));
#3772=CARTESIAN_POINT('',(-1.06556352744731,0.,-2.80520396925336));
#3773=CARTESIAN_POINT('Ctrl Pts',(-1.06556352744731,0.,-2.80520396925336));
#3774=CARTESIAN_POINT('Ctrl Pts',(-1.13993407329675,0.,-2.56883255496309));
#3775=CARTESIAN_POINT('Ctrl Pts',(-1.14872820513612,0.,-2.3863798322081));
#3776=CARTESIAN_POINT('Ctrl Pts',(-1.13855049013092,0.,-2.2633509036663));
#3777=CARTESIAN_POINT('',(-1.06556352744731,4.,-2.80520396925336));
#3778=CARTESIAN_POINT('Ctrl Pts',(-1.06556352744731,4.,-2.80520396925336));
#3779=CARTESIAN_POINT('Ctrl Pts',(-1.13993407329675,4.,-2.56883255496309));
#3780=CARTESIAN_POINT('Ctrl Pts',(-1.14872820513612,4.,-2.3863798322081));
#3781=CARTESIAN_POINT('Ctrl Pts',(-1.13855049013092,4.,-2.2633509036663));
#3782=CARTESIAN_POINT('',(-1.06556352744731,0.,-2.80520396925336));
#3783=CARTESIAN_POINT('Origin',(0.,0.,0.));
#3784=CARTESIAN_POINT('',(-0.786798520508441,0.,-2.8957802106283));
#3785=CARTESIAN_POINT('Origin',(0.,0.,0.));
#3786=CARTESIAN_POINT('',(-0.786798520508441,4.,-2.8957802106283));
#3787=CARTESIAN_POINT('Origin',(0.,4.,0.));
#3788=CARTESIAN_POINT('',(-0.786798520508441,0.,-2.8957802106283));
#3789=CARTESIAN_POINT('Ctrl Pts',(-0.408833058654142,0.,-2.50002703653518));
#3790=CARTESIAN_POINT('Ctrl Pts',(-0.408833058654142,11.943936,-2.50002703653518));
#3791=CARTESIAN_POINT('Ctrl Pts',(-0.473338231867155,0.,-2.6058273371614));
#3792=CARTESIAN_POINT('Ctrl Pts',(-0.473338231867155,11.943936,-2.6058273371614));
#3793=CARTESIAN_POINT('Ctrl Pts',(-0.587695853651973,0.,-2.74826562953827));
#3794=CARTESIAN_POINT('Ctrl Pts',(-0.587695853651973,11.943936,-2.74826562953827));
#3795=CARTESIAN_POINT('Ctrl Pts',(-0.786798520508441,0.,-2.8957802106283));
#3796=CARTESIAN_POINT('Ctrl Pts',(-0.786798520508441,11.943936,-2.8957802106283));
#3797=CARTESIAN_POINT('',(-0.408833058654142,0.,-2.50002703653518));
#3798=CARTESIAN_POINT('Ctrl Pts',(-0.408833058654142,0.,-2.50002703653518));
#3799=CARTESIAN_POINT('Ctrl Pts',(-0.473338231867155,0.,-2.6058273371614));
#3800=CARTESIAN_POINT('Ctrl Pts',(-0.587695853651973,0.,-2.74826562953827));
#3801=CARTESIAN_POINT('Ctrl Pts',(-0.786798520508441,0.,-2.8957802106283));
#3802=CARTESIAN_POINT('',(-0.408833058654142,4.,-2.50002703653518));
#3803=CARTESIAN_POINT('Ctrl Pts',(-0.408833058654142,4.,-2.50002703653518));
#3804=CARTESIAN_POINT('Ctrl Pts',(-0.473338231867156,4.,-2.6058273371614));
#3805=CARTESIAN_POINT('Ctrl Pts',(-0.587695853651973,4.,-2.74826562953827));
#3806=CARTESIAN_POINT('Ctrl Pts',(-0.786798520508441,4.,-2.8957802106283));
#3807=CARTESIAN_POINT('',(-0.408833058654142,0.,-2.50002703653518));
#3808=CARTESIAN_POINT('Ctrl Pts',(-0.334386874273647,0.,-2.3331864423142));
#3809=CARTESIAN_POINT('Ctrl Pts',(-0.334386874273647,11.943936,-2.3331864423142));
#3810=CARTESIAN_POINT('Ctrl Pts',(-0.338837860068094,0.,-2.35281266415793));
#3811=CARTESIAN_POINT('Ctrl Pts',(-0.338837860068094,11.943936,-2.35281266415793));
#3812=CARTESIAN_POINT('Ctrl Pts',(-0.35521388734842,0.,-2.41068513190255));
#3813=CARTESIAN_POINT('Ctrl Pts',(-0.35521388734842,11.943936,-2.41068513190255));
#3814=CARTESIAN_POINT('Ctrl Pts',(-0.408833058654142,0.,-2.50002703653518));
#3815=CARTESIAN_POINT('Ctrl Pts',(-0.408833058654142,11.943936,-2.50002703653518));
#3816=CARTESIAN_POINT('',(-0.334386874273647,0.,-2.3331864423142));
#3817=CARTESIAN_POINT('Ctrl Pts',(-0.334386874273647,0.,-2.3331864423142));
#3818=CARTESIAN_POINT('Ctrl Pts',(-0.338837860068094,0.,-2.35281266415793));
#3819=CARTESIAN_POINT('Ctrl Pts',(-0.35521388734842,0.,-2.41068513190255));
#3820=CARTESIAN_POINT('Ctrl Pts',(-0.408833058654142,0.,-2.50002703653518));
#3821=CARTESIAN_POINT('',(-0.334386874273647,4.,-2.3331864423142));
#3822=CARTESIAN_POINT('Ctrl Pts',(-0.334386874273647,4.,-2.3331864423142));
#3823=CARTESIAN_POINT('Ctrl Pts',(-0.338837860068094,4.,-2.35281266415793));
#3824=CARTESIAN_POINT('Ctrl Pts',(-0.35521388734842,4.,-2.41068513190255));
#3825=CARTESIAN_POINT('Ctrl Pts',(-0.408833058654142,4.,-2.50002703653518));
#3826=CARTESIAN_POINT('',(-0.334386874273647,0.,-2.3331864423142));
#3827=CARTESIAN_POINT('Origin',(-0.293005725760193,0.,-2.044449227707));
#3828=CARTESIAN_POINT('',(-0.293005725760193,0.,-2.044449227707));
#3829=CARTESIAN_POINT('',(-0.293005725760193,0.,-2.044449227707));
#3830=CARTESIAN_POINT('',(-0.293005725760193,4.,-2.044449227707));
#3831=CARTESIAN_POINT('',(-0.293005725760193,4.,-2.044449227707));
#3832=CARTESIAN_POINT('',(-0.293005725760193,0.,-2.044449227707));
#3833=CARTESIAN_POINT('Origin',(-0.095028611879914,0.,-2.07282284890055));
#3834=CARTESIAN_POINT('',(-0.0858692276023297,0.,-1.87303269478965));
#3835=CARTESIAN_POINT('Origin',(-0.095028611879914,0.,-2.07282284890055));
#3836=CARTESIAN_POINT('',(-0.0858692276023297,4.,-1.87303269478965));
#3837=CARTESIAN_POINT('Origin',(-0.095028611879914,4.,-2.07282284890055));
#3838=CARTESIAN_POINT('',(-0.0858692276023297,0.,-1.87303269478965));
#3839=CARTESIAN_POINT('Origin',(-2.E-15,0.,-8.E-15));
#3840=CARTESIAN_POINT('',(0.0858692276023302,0.,-1.87303269478965));
#3841=CARTESIAN_POINT('Origin',(-2.E-15,0.,-8.E-15));
#3842=CARTESIAN_POINT('',(0.0858692276023301,4.,-1.87303269478965));
#3843=CARTESIAN_POINT('Origin',(-2.E-15,4.,-8.E-15));
#3844=CARTESIAN_POINT('',(0.0858692276023302,0.,-1.87303269478965));
#3845=CARTESIAN_POINT('Origin',(0.095028611879914,0.,-2.07282284890055));
#3846=CARTESIAN_POINT('',(0.293005725760193,0.,-2.044449227707));
#3847=CARTESIAN_POINT('Origin',(0.095028611879914,0.,-2.07282284890055));
#3848=CARTESIAN_POINT('',(0.293005725760193,4.,-2.044449227707));
#3849=CARTESIAN_POINT('Origin',(0.095028611879914,4.,-2.07282284890055));
#3850=CARTESIAN_POINT('',(0.293005725760193,0.,-2.044449227707));
#3851=CARTESIAN_POINT('Origin',(0.334386874273647,0.,-2.3331864423142));
#3852=CARTESIAN_POINT('',(0.334386874273647,0.,-2.3331864423142));
#3853=CARTESIAN_POINT('',(0.334386874273647,0.,-2.3331864423142));
#3854=CARTESIAN_POINT('',(0.334386874273647,4.,-2.3331864423142));
#3855=CARTESIAN_POINT('',(0.334386874273647,4.,-2.3331864423142));
#3856=CARTESIAN_POINT('',(0.334386874273647,0.,-2.3331864423142));
#3857=CARTESIAN_POINT('Ctrl Pts',(0.409257586468056,0.,-2.50031253238925));
#3858=CARTESIAN_POINT('Ctrl Pts',(0.409257586468056,11.943936,-2.50031253238925));
#3859=CARTESIAN_POINT('Ctrl Pts',(0.35521388734842,0.,-2.41068513190255));
#3860=CARTESIAN_POINT('Ctrl Pts',(0.35521388734842,11.943936,-2.41068513190255));
#3861=CARTESIAN_POINT('Ctrl Pts',(0.338837860068094,0.,-2.35281266415793));
#3862=CARTESIAN_POINT('Ctrl Pts',(0.338837860068094,11.943936,-2.35281266415793));
#3863=CARTESIAN_POINT('Ctrl Pts',(0.334386874273647,0.,-2.3331864423142));
#3864=CARTESIAN_POINT('Ctrl Pts',(0.334386874273647,11.943936,-2.3331864423142));
#3865=CARTESIAN_POINT('',(0.409257586468056,0.,-2.50031253238925));
#3866=CARTESIAN_POINT('Ctrl Pts',(0.409257586468056,0.,-2.50031253238925));
#3867=CARTESIAN_POINT('Ctrl Pts',(0.35521388734842,0.,-2.41068513190255));
#3868=CARTESIAN_POINT('Ctrl Pts',(0.338837860068094,0.,-2.35281266415793));
#3869=CARTESIAN_POINT('Ctrl Pts',(0.334386874273647,0.,-2.3331864423142));
#3870=CARTESIAN_POINT('',(0.409257586468056,4.,-2.50031253238925));
#3871=CARTESIAN_POINT('Ctrl Pts',(0.409257586468056,4.,-2.50031253238925));
#3872=CARTESIAN_POINT('Ctrl Pts',(0.35521388734842,4.,-2.41068513190255));
#3873=CARTESIAN_POINT('Ctrl Pts',(0.338837860068094,4.,-2.35281266415793));
#3874=CARTESIAN_POINT('Ctrl Pts',(0.334386874273647,4.,-2.3331864423142));
#3875=CARTESIAN_POINT('',(0.409257586468056,0.,-2.50031253238925));
#3876=CARTESIAN_POINT('Ctrl Pts',(0.786798520508442,0.,-2.8957802106283));
#3877=CARTESIAN_POINT('Ctrl Pts',(0.786798520508442,11.943936,-2.8957802106283));
#3878=CARTESIAN_POINT('Ctrl Pts',(0.587695853651973,0.,-2.74826562953827));
#3879=CARTESIAN_POINT('Ctrl Pts',(0.587695853651973,11.943936,-2.74826562953827));
#3880=CARTESIAN_POINT('Ctrl Pts',(0.473338231867155,0.,-2.6058273371614));
#3881=CARTESIAN_POINT('Ctrl Pts',(0.473338231867155,11.943936,-2.6058273371614));
#3882=CARTESIAN_POINT('Ctrl Pts',(0.409257586468056,0.,-2.50031253238925));
#3883=CARTESIAN_POINT('Ctrl Pts',(0.409257586468056,11.943936,-2.50031253238925));
#3884=CARTESIAN_POINT('',(0.786798520508442,0.,-2.8957802106283));
#3885=CARTESIAN_POINT('Ctrl Pts',(0.786798520508442,0.,-2.8957802106283));
#3886=CARTESIAN_POINT('Ctrl Pts',(0.587695853651973,0.,-2.74826562953827));
#3887=CARTESIAN_POINT('Ctrl Pts',(0.473338231867155,0.,-2.6058273371614));
#3888=CARTESIAN_POINT('Ctrl Pts',(0.409257586468056,0.,-2.50031253238925));
#3889=CARTESIAN_POINT('',(0.786798520508442,4.,-2.8957802106283));
#3890=CARTESIAN_POINT('Ctrl Pts',(0.786798520508442,4.,-2.8957802106283));
#3891=CARTESIAN_POINT('Ctrl Pts',(0.587695853651973,4.,-2.74826562953827));
#3892=CARTESIAN_POINT('Ctrl Pts',(0.473338231867155,4.,-2.6058273371614));
#3893=CARTESIAN_POINT('Ctrl Pts',(0.409257586468056,4.,-2.50031253238925));
#3894=CARTESIAN_POINT('',(0.786798520508442,0.,-2.8957802106283));
#3895=CARTESIAN_POINT('Origin',(0.,0.,0.));
#3896=CARTESIAN_POINT('',(1.06556352744731,0.,-2.80520396925336));
#3897=CARTESIAN_POINT('Origin',(0.,0.,0.));
#3898=CARTESIAN_POINT('',(1.06556352744731,4.,-2.80520396925336));
#3899=CARTESIAN_POINT('Origin',(0.,4.,0.));
#3900=CARTESIAN_POINT('',(1.06556352744731,0.,-2.80520396925336));
#3901=CARTESIAN_POINT('Ctrl Pts',(1.13872613009434,0.,-2.26287040148033));
#3902=CARTESIAN_POINT('Ctrl Pts',(1.13872613009434,11.943936,-2.26287040148033));
#3903=CARTESIAN_POINT('Ctrl Pts',(1.14872820513612,0.,-2.3863798322081));
#3904=CARTESIAN_POINT('Ctrl Pts',(1.14872820513612,11.943936,-2.3863798322081));
#3905=CARTESIAN_POINT('Ctrl Pts',(1.13993407329675,0.,-2.56883255496309));
#3906=CARTESIAN_POINT('Ctrl Pts',(1.13993407329675,11.943936,-2.56883255496309));
#3907=CARTESIAN_POINT('Ctrl Pts',(1.06556352744731,0.,-2.80520396925336));
#3908=CARTESIAN_POINT('Ctrl Pts',(1.06556352744731,11.943936,-2.80520396925336));
#3909=CARTESIAN_POINT('',(1.13872613009434,0.,-2.26287040148033));
#3910=CARTESIAN_POINT('Ctrl Pts',(1.13872613009434,0.,-2.26287040148033));
#3911=CARTESIAN_POINT('Ctrl Pts',(1.14872820513612,0.,-2.3863798322081));
#3912=CARTESIAN_POINT('Ctrl Pts',(1.13993407329675,0.,-2.56883255496309));
#3913=CARTESIAN_POINT('Ctrl Pts',(1.06556352744731,0.,-2.80520396925336));
#3914=CARTESIAN_POINT('',(1.13872613009434,4.,-2.26287040148033));
#3915=CARTESIAN_POINT('Ctrl Pts',(1.13872613009434,4.,-2.26287040148033));
#3916=CARTESIAN_POINT('Ctrl Pts',(1.14872820513612,4.,-2.3863798322081));
#3917=CARTESIAN_POINT('Ctrl Pts',(1.13993407329675,4.,-2.56883255496309));
#3918=CARTESIAN_POINT('Ctrl Pts',(1.06556352744731,4.,-2.80520396925336));
#3919=CARTESIAN_POINT('',(1.13872613009434,0.,-2.26287040148033));
#3920=CARTESIAN_POINT('Ctrl Pts',(1.10088791765773,0.,-2.08413515613564));
#3921=CARTESIAN_POINT('Ctrl Pts',(1.10088791765773,11.943936,-2.08413515613564));
#3922=CARTESIAN_POINT('Ctrl Pts',(1.10882299826627,0.,-2.10262932695073));
#3923=CARTESIAN_POINT('Ctrl Pts',(1.10882299826627,11.943936,-2.10262932695073));
#3924=CARTESIAN_POINT('Ctrl Pts',(1.12959109695019,0.,-2.15907472418905));
#3925=CARTESIAN_POINT('Ctrl Pts',(1.12959109695019,11.943936,-2.15907472418905));
#3926=CARTESIAN_POINT('Ctrl Pts',(1.13872613009434,0.,-2.26287040148033));
#3927=CARTESIAN_POINT('Ctrl Pts',(1.13872613009434,11.943936,-2.26287040148033));
#3928=CARTESIAN_POINT('',(1.10088791765773,0.,-2.08413515613564));
#3929=CARTESIAN_POINT('Ctrl Pts',(1.10088791765773,0.,-2.08413515613564));
#3930=CARTESIAN_POINT('Ctrl Pts',(1.10882299826627,0.,-2.10262932695073));
#3931=CARTESIAN_POINT('Ctrl Pts',(1.12959109695019,0.,-2.15907472418905));
#3932=CARTESIAN_POINT('Ctrl Pts',(1.13872613009434,0.,-2.26287040148033));
#3933=CARTESIAN_POINT('',(1.10088791765773,4.,-2.08413515613564));
#3934=CARTESIAN_POINT('Ctrl Pts',(1.10088791765773,4.,-2.08413515613564));
#3935=CARTESIAN_POINT('Ctrl Pts',(1.10882299826627,4.,-2.10262932695073));
#3936=CARTESIAN_POINT('Ctrl Pts',(1.12959109695019,4.,-2.15907472418905));
#3937=CARTESIAN_POINT('Ctrl Pts',(1.13872613009434,4.,-2.26287040148033));
#3938=CARTESIAN_POINT('',(1.10088791765773,0.,-2.08413515613564));
#3939=CARTESIAN_POINT('Origin',(0.964650493517748,0.,-1.82621861379079));
#3940=CARTESIAN_POINT('',(0.96465049351775,0.,-1.82621861379079));
#3941=CARTESIAN_POINT('',(0.964650493517748,0.,-1.82621861379079));
#3942=CARTESIAN_POINT('',(0.96465049351775,4.,-1.82621861379079));
#3943=CARTESIAN_POINT('',(0.964650493517748,4.,-1.82621861379079));
#3944=CARTESIAN_POINT('',(0.96465049351775,0.,-1.82621861379079));
#3945=CARTESIAN_POINT('Origin',(1.1414949392359,0.,-1.73280532769807));
#3946=CARTESIAN_POINT('',(1.03147133063485,0.,-1.56578794671512));
#3947=CARTESIAN_POINT('Origin',(1.1414949392359,0.,-1.73280532769807));
#3948=CARTESIAN_POINT('',(1.03147133063485,4.,-1.56578794671512));
#3949=CARTESIAN_POINT('Origin',(1.1414949392359,4.,-1.73280532769807));
#3950=CARTESIAN_POINT('',(1.03147133063485,0.,-1.56578794671512));
#3951=CARTESIAN_POINT('Origin',(8.E-15,0.,-7.E-15));
#3952=CARTESIAN_POINT('',(1.17041065948312,0.,-1.46484261549434));
#3953=CARTESIAN_POINT('Origin',(8.E-15,0.,-7.E-15));
#3954=CARTESIAN_POINT('',(1.17041065948312,4.,-1.46484261549434));
#3955=CARTESIAN_POINT('Origin',(8.E-15,4.,-7.E-15));
#3956=CARTESIAN_POINT('',(1.17041065948312,0.,-1.46484261549434));
#3957=CARTESIAN_POINT('Origin',(1.29525446316132,0.,-1.6210924944804));
#3958=CARTESIAN_POINT('',(1.43874371669607,0.,-1.48176972491261));
#3959=CARTESIAN_POINT('Origin',(1.29525446316132,0.,-1.6210924944804));
#3960=CARTESIAN_POINT('',(1.43874371669607,4.,-1.48176972491261));
#3961=CARTESIAN_POINT('Origin',(1.29525446316132,4.,-1.6210924944804));
#3962=CARTESIAN_POINT('',(1.43874371669607,0.,-1.48176972491261));
#3963=CARTESIAN_POINT('Origin',(1.64193724562433,0.,-1.69103980961918));
#3964=CARTESIAN_POINT('',(1.64193724562433,0.,-1.69103980961918));
#3965=CARTESIAN_POINT('',(1.64193724562433,0.,-1.69103980961918));
#3966=CARTESIAN_POINT('',(1.64193724562433,4.,-1.69103980961918));
#3967=CARTESIAN_POINT('',(1.64193724562433,4.,-1.69103980961918));
#3968=CARTESIAN_POINT('',(1.64193724562433,0.,-1.69103980961918));
#3969=CARTESIAN_POINT('Ctrl Pts',(1.80074317518998,0.,-1.78223975623683));
#3970=CARTESIAN_POINT('Ctrl Pts',(1.80074317518998,11.943936,-1.78223975623683));
#3971=CARTESIAN_POINT('Ctrl Pts',(1.70433923995591,0.,-1.74149575540329));
#3972=CARTESIAN_POINT('Ctrl Pts',(1.70433923995591,11.943936,-1.74149575540329));
#3973=CARTESIAN_POINT('Ctrl Pts',(1.65707417253173,0.,-1.704301532818));
#3974=CARTESIAN_POINT('Ctrl Pts',(1.65707417253173,11.943936,-1.704301532818));
#3975=CARTESIAN_POINT('Ctrl Pts',(1.64193724562433,0.,-1.69103980961918));
#3976=CARTESIAN_POINT('Ctrl Pts',(1.64193724562433,11.943936,-1.69103980961918));
#3977=CARTESIAN_POINT('',(1.80074317518998,0.,-1.78223975623683));
#3978=CARTESIAN_POINT('Ctrl Pts',(1.80074317518998,0.,-1.78223975623683));
#3979=CARTESIAN_POINT('Ctrl Pts',(1.70433923995591,0.,-1.74149575540329));
#3980=CARTESIAN_POINT('Ctrl Pts',(1.65707417253173,0.,-1.704301532818));
#3981=CARTESIAN_POINT('Ctrl Pts',(1.64193724562433,0.,-1.69103980961918));
#3982=CARTESIAN_POINT('',(1.80074317518998,4.,-1.78223975623683));
#3983=CARTESIAN_POINT('Ctrl Pts',(1.80074317518998,4.,-1.78223975623683));
#3984=CARTESIAN_POINT('Ctrl Pts',(1.70433923995591,4.,-1.74149575540329));
#3985=CARTESIAN_POINT('Ctrl Pts',(1.65707417253173,4.,-1.704301532818));
#3986=CARTESIAN_POINT('Ctrl Pts',(1.64193724562433,4.,-1.69103980961918));
#3987=CARTESIAN_POINT('',(1.80074317518998,0.,-1.78223975623683));
#3988=CARTESIAN_POINT('Ctrl Pts',(2.3386302759281,0.,-1.88026683549256));
#3989=CARTESIAN_POINT('Ctrl Pts',(2.3386302759281,11.943936,-1.88026683549256));
#3990=CARTESIAN_POINT('Ctrl Pts',(2.09084593955302,0.,-1.87795464374296));
#3991=CARTESIAN_POINT('Ctrl Pts',(2.09084593955302,11.943936,-1.87795464374296));
#3992=CARTESIAN_POINT('Ctrl Pts',(1.91460555247195,0.,-1.82993736813268));
#3993=CARTESIAN_POINT('Ctrl Pts',(1.91460555247195,11.943936,-1.82993736813268));
#3994=CARTESIAN_POINT('Ctrl Pts',(1.80074317518998,0.,-1.78223975623683));
#3995=CARTESIAN_POINT('Ctrl Pts',(1.80074317518998,11.943936,-1.78223975623683));
#3996=CARTESIAN_POINT('',(2.33863027592809,0.,-1.88026683549256));
#3997=CARTESIAN_POINT('Ctrl Pts',(2.3386302759281,0.,-1.88026683549256));
#3998=CARTESIAN_POINT('Ctrl Pts',(2.09084593955302,0.,-1.87795464374296));
#3999=CARTESIAN_POINT('Ctrl Pts',(1.91460555247195,0.,-1.82993736813268));
#4000=CARTESIAN_POINT('Ctrl Pts',(1.80074317518998,0.,-1.78223975623683));
#4001=CARTESIAN_POINT('',(2.3386302759281,4.,-1.88026683549256));
#4002=CARTESIAN_POINT('Ctrl Pts',(2.3386302759281,4.,-1.88026683549256));
#4003=CARTESIAN_POINT('Ctrl Pts',(2.09084593955302,4.,-1.87795464374296));
#4004=CARTESIAN_POINT('Ctrl Pts',(1.91460555247195,4.,-1.82993736813268));
#4005=CARTESIAN_POINT('Ctrl Pts',(1.80074317518998,4.,-1.78223975623683));
#4006=CARTESIAN_POINT('',(2.33863027592809,0.,-1.88026683549256));
#4007=CARTESIAN_POINT('Origin',(1.E-15,0.,2.E-15));
#4008=CARTESIAN_POINT('',(2.51091652509042,0.,-1.64313515699975));
#4009=CARTESIAN_POINT('Origin',(1.E-15,0.,2.E-15));
#4010=CARTESIAN_POINT('',(2.51091652509042,4.,-1.64313515699975));
#4011=CARTESIAN_POINT('Origin',(1.E-15,4.,2.E-15));
#4012=CARTESIAN_POINT('',(2.51091652509042,0.,-1.64313515699975));
#4013=CARTESIAN_POINT('Ctrl Pts',(2.25133064102443,0.,-1.16137418519611));
#4014=CARTESIAN_POINT('Ctrl Pts',(2.25133064102443,11.943936,-1.16137418519611));
#4015=CARTESIAN_POINT('Ctrl Pts',(2.33201951161306,0.,-1.25541634141857));
#4016=CARTESIAN_POINT('Ctrl Pts',(2.33201951161306,11.943936,-1.25541634141857));
#4017=CARTESIAN_POINT('Ctrl Pts',(2.43214792918023,0.,-1.40819275579924));
#4018=CARTESIAN_POINT('Ctrl Pts',(2.43214792918023,11.943936,-1.40819275579924));
#4019=CARTESIAN_POINT('Ctrl Pts',(2.51091652509042,0.,-1.64313515699975));
#4020=CARTESIAN_POINT('Ctrl Pts',(2.51091652509042,11.943936,-1.64313515699975));
#4021=CARTESIAN_POINT('',(2.25133064102443,0.,-1.16137418519611));
#4022=CARTESIAN_POINT('Ctrl Pts',(2.25133064102443,0.,-1.16137418519611));
#4023=CARTESIAN_POINT('Ctrl Pts',(2.33201951161306,0.,-1.25541634141857));
#4024=CARTESIAN_POINT('Ctrl Pts',(2.43214792918023,0.,-1.40819275579924));
#4025=CARTESIAN_POINT('Ctrl Pts',(2.51091652509042,0.,-1.64313515699975));
#4026=CARTESIAN_POINT('',(2.25133064102443,4.,-1.16137418519611));
#4027=CARTESIAN_POINT('Ctrl Pts',(2.25133064102443,4.,-1.16137418519611));
#4028=CARTESIAN_POINT('Ctrl Pts',(2.33201951161306,4.,-1.25541634141857));
#4029=CARTESIAN_POINT('Ctrl Pts',(2.43214792918023,4.,-1.40819275579924));
#4030=CARTESIAN_POINT('Ctrl Pts',(2.51091652509042,4.,-1.64313515699975));
#4031=CARTESIAN_POINT('',(2.25133064102443,0.,-1.16137418519611));
#4032=CARTESIAN_POINT('Ctrl Pts',(2.11566094284795,0.,-1.03901507746183));
#4033=CARTESIAN_POINT('Ctrl Pts',(2.11566094284795,11.943936,-1.03901507746183));
#4034=CARTESIAN_POINT('Ctrl Pts',(2.13295115877048,0.,-1.04931305259066));
#4035=CARTESIAN_POINT('Ctrl Pts',(2.13295115877048,11.943936,-1.04931305259066));
#4036=CARTESIAN_POINT('Ctrl Pts',(2.18293067560311,0.,-1.08277115608615));
#4037=CARTESIAN_POINT('Ctrl Pts',(2.18293067560311,11.943936,-1.08277115608615));
#4038=CARTESIAN_POINT('Ctrl Pts',(2.25133064102443,0.,-1.16137418519611));
#4039=CARTESIAN_POINT('Ctrl Pts',(2.25133064102443,11.943936,-1.16137418519611));
#4040=CARTESIAN_POINT('',(2.11566094284795,0.,-1.03901507746183));
#4041=CARTESIAN_POINT('Ctrl Pts',(2.11566094284795,0.,-1.03901507746183));
#4042=CARTESIAN_POINT('Ctrl Pts',(2.13295115877048,0.,-1.04931305259066));
#4043=CARTESIAN_POINT('Ctrl Pts',(2.18293067560311,0.,-1.08277115608615));
#4044=CARTESIAN_POINT('Ctrl Pts',(2.25133064102443,0.,-1.16137418519611));
#4045=CARTESIAN_POINT('',(2.11566094284795,4.,-1.03901507746183));
#4046=CARTESIAN_POINT('Ctrl Pts',(2.11566094284795,4.,-1.03901507746183));
#4047=CARTESIAN_POINT('Ctrl Pts',(2.13295115877048,4.,-1.04931305259066));
#4048=CARTESIAN_POINT('Ctrl Pts',(2.18293067560311,4.,-1.08277115608615));
#4049=CARTESIAN_POINT('Ctrl Pts',(2.25133064102443,4.,-1.16137418519611));
#4050=CARTESIAN_POINT('',(2.11566094284795,0.,-1.03901507746183));
#4051=CARTESIAN_POINT('Origin',(1.85384301153626,0.,-0.910434560294222));
#4052=CARTESIAN_POINT('',(1.85384301153626,0.,-0.910434560294222));
#4053=CARTESIAN_POINT('',(1.85384301153626,0.,-0.910434560294222));
#4054=CARTESIAN_POINT('',(1.85384301153626,4.,-0.910434560294222));
#4055=CARTESIAN_POINT('',(1.85384301153626,4.,-0.910434560294222));
#4056=CARTESIAN_POINT('',(1.85384301153626,0.,-0.910434560294222));
#4057=CARTESIAN_POINT('Origin',(1.94200622154959,0.,-0.730915067201838));
#4058=CARTESIAN_POINT('',(1.7548248989906,0.,-0.660465422170333));
#4059=CARTESIAN_POINT('Origin',(1.94200622154959,0.,-0.730915067201838));
#4060=CARTESIAN_POINT('',(1.7548248989906,4.,-0.660465422170333));
#4061=CARTESIAN_POINT('Origin',(1.94200622154959,4.,-0.730915067201838));
#4062=CARTESIAN_POINT('',(1.7548248989906,0.,-0.660465422170333));
#4063=CARTESIAN_POINT('Origin',(6.E-15,0.,-3.E-15));
#4064=CARTESIAN_POINT('',(1.80789500023654,0.,-0.497132445249475));
#4065=CARTESIAN_POINT('Origin',(6.E-15,0.,-3.E-15));
#4066=CARTESIAN_POINT('',(1.80789500023654,4.,-0.497132445249475));
#4067=CARTESIAN_POINT('Origin',(6.E-15,4.,-3.E-15));
#4068=CARTESIAN_POINT('',(1.80789500023654,0.,-0.497132445249475));
#4069=CARTESIAN_POINT('Origin',(2.0007371335951,0.,-0.550159906076087));
#4070=CARTESIAN_POINT('',(2.0349305089544,0.,-0.353104550702177));
#4071=CARTESIAN_POINT('Origin',(2.0007371335951,0.,-0.550159906076087));
#4072=CARTESIAN_POINT('',(2.0349305089544,4.,-0.353104550702177));
#4073=CARTESIAN_POINT('Origin',(2.0007371335951,4.,-0.550159906076087));
#4074=CARTESIAN_POINT('',(2.0349305089544,0.,-0.353104550702177));
#4075=CARTESIAN_POINT('Origin',(2.3223233965409,0.,-0.40297344597879));
#4076=CARTESIAN_POINT('',(2.3223233965409,0.,-0.40297344597879));
#4077=CARTESIAN_POINT('',(2.3223233965409,0.,-0.40297344597879));
#4078=CARTESIAN_POINT('',(2.3223233965409,4.,-0.40297344597879));
#4079=CARTESIAN_POINT('',(2.3223233965409,4.,-0.40297344597879));
#4080=CARTESIAN_POINT('',(2.3223233965409,0.,-0.40297344597879));
#4081=CARTESIAN_POINT('Ctrl Pts',(2.50440607599874,0.,-0.383411969303268));
#4082=CARTESIAN_POINT('Ctrl Pts',(2.50440607599874,11.943936,-0.383411969303268));
#4083=CARTESIAN_POINT('Ctrl Pts',(2.40246493126041,0.,-0.407114191603652));
#4084=CARTESIAN_POINT('Ctrl Pts',(2.40246493126041,11.943936,-0.407114191603652));
#4085=CARTESIAN_POINT('Ctrl Pts',(2.34236447296784,0.,-0.404805143020131));
#4086=CARTESIAN_POINT('Ctrl Pts',(2.34236447296784,11.943936,-0.404805143020131));
#4087=CARTESIAN_POINT('Ctrl Pts',(2.3223233965409,0.,-0.40297344597879));
#4088=CARTESIAN_POINT('Ctrl Pts',(2.3223233965409,11.943936,-0.40297344597879));
#4089=CARTESIAN_POINT('',(2.50440607599874,0.,-0.383411969303268));
#4090=CARTESIAN_POINT('Ctrl Pts',(2.50440607599874,0.,-0.383411969303268));
#4091=CARTESIAN_POINT('Ctrl Pts',(2.40246493126041,0.,-0.407114191603652));
#4092=CARTESIAN_POINT('Ctrl Pts',(2.34236447296784,0.,-0.404805143020131));
#4093=CARTESIAN_POINT('Ctrl Pts',(2.3223233965409,0.,-0.40297344597879));
#4094=CARTESIAN_POINT('',(2.50440607599874,4.,-0.383411969303268));
#4095=CARTESIAN_POINT('Ctrl Pts',(2.50440607599874,4.,-0.383411969303268));
#4096=CARTESIAN_POINT('Ctrl Pts',(2.40246493126041,4.,-0.407114191603652));
#4097=CARTESIAN_POINT('Ctrl Pts',(2.34236447296784,4.,-0.404805143020131));
#4098=CARTESIAN_POINT('Ctrl Pts',(2.3223233965409,4.,-0.40297344597879));
#4099=CARTESIAN_POINT('',(2.50440607599874,0.,-0.383411969303268));
#4100=CARTESIAN_POINT('Ctrl Pts',(2.99718475306277,0.,-0.146555437117869));
#4101=CARTESIAN_POINT('Ctrl Pts',(2.99718475306277,11.943936,-0.146555437117869));
#4102=CARTESIAN_POINT('Ctrl Pts',(2.79536394178453,0.,-0.290328813368538));
#4103=CARTESIAN_POINT('Ctrl Pts',(2.79536394178453,11.943936,-0.290328813368538));
#4104=CARTESIAN_POINT('Ctrl Pts',(2.62455862708174,0.,-0.355073521760804));
#4105=CARTESIAN_POINT('Ctrl Pts',(2.62455862708174,11.943936,-0.355073521760804));
#4106=CARTESIAN_POINT('Ctrl Pts',(2.50440607599874,0.,-0.383411969303268));
#4107=CARTESIAN_POINT('Ctrl Pts',(2.50440607599874,11.943936,-0.383411969303268));
#4108=CARTESIAN_POINT('',(2.99718475306277,0.,-0.146555437117869));
#4109=CARTESIAN_POINT('Ctrl Pts',(2.99718475306277,0.,-0.146555437117869));
#4110=CARTESIAN_POINT('Ctrl Pts',(2.79536394178453,0.,-0.290328813368538));
#4111=CARTESIAN_POINT('Ctrl Pts',(2.62455862708174,0.,-0.355073521760804));
#4112=CARTESIAN_POINT('Ctrl Pts',(2.50440607599874,0.,-0.383411969303268));
#4113=CARTESIAN_POINT('',(2.99718475306277,4.,-0.146555437117869));
#4114=CARTESIAN_POINT('Ctrl Pts',(2.99718475306277,4.,-0.146555437117869));
#4115=CARTESIAN_POINT('Ctrl Pts',(2.79536394178453,4.,-0.290328813368538));
#4116=CARTESIAN_POINT('Ctrl Pts',(2.62455862708174,4.,-0.355073521760804));
#4117=CARTESIAN_POINT('Ctrl Pts',(2.50440607599874,4.,-0.383411969303268));
#4118=CARTESIAN_POINT('',(2.99718475306277,0.,-0.146555437117869));
#4119=CARTESIAN_POINT('Origin',(0.,0.,0.));
#4120=CARTESIAN_POINT('',(2.99718475306277,0.,0.146555437117869));
#4121=CARTESIAN_POINT('Origin',(0.,0.,0.));
#4122=CARTESIAN_POINT('',(2.99718475306277,4.,0.146555437117869));
#4123=CARTESIAN_POINT('Origin',(0.,4.,0.));
#4124=CARTESIAN_POINT('',(2.99718475306277,0.,0.146555437117869));
#4125=CARTESIAN_POINT('Ctrl Pts',(2.50400336699726,0.,0.383727496176307));
#4126=CARTESIAN_POINT('Ctrl Pts',(2.50400336699726,11.943936,0.383727496176307));
#4127=CARTESIAN_POINT('Ctrl Pts',(2.62455862708174,0.,0.355073521760804));
#4128=CARTESIAN_POINT('Ctrl Pts',(2.62455862708174,11.943936,0.355073521760804));
#4129=CARTESIAN_POINT('Ctrl Pts',(2.79536394178453,0.,0.290328813368538));
#4130=CARTESIAN_POINT('Ctrl Pts',(2.79536394178453,11.943936,0.290328813368538));
#4131=CARTESIAN_POINT('Ctrl Pts',(2.99718475306277,0.,0.146555437117869));
#4132=CARTESIAN_POINT('Ctrl Pts',(2.99718475306277,11.943936,0.146555437117869));
#4133=CARTESIAN_POINT('',(2.50400336699726,0.,0.383727496176307));
#4134=CARTESIAN_POINT('Ctrl Pts',(2.50400336699726,0.,0.383727496176307));
#4135=CARTESIAN_POINT('Ctrl Pts',(2.62455862708174,0.,0.355073521760804));
#4136=CARTESIAN_POINT('Ctrl Pts',(2.79536394178453,0.,0.290328813368538));
#4137=CARTESIAN_POINT('Ctrl Pts',(2.99718475306277,0.,0.146555437117869));
#4138=CARTESIAN_POINT('',(2.50400336699726,4.,0.383727496176307));
#4139=CARTESIAN_POINT('Ctrl Pts',(2.50400336699726,4.,0.383727496176307));
#4140=CARTESIAN_POINT('Ctrl Pts',(2.62455862708174,4.,0.355073521760804));
#4141=CARTESIAN_POINT('Ctrl Pts',(2.79536394178453,4.,0.290328813368538));
#4142=CARTESIAN_POINT('Ctrl Pts',(2.99718475306277,4.,0.146555437117869));
#4143=CARTESIAN_POINT('',(2.50400336699726,0.,0.383727496176307));
#4144=CARTESIAN_POINT('Ctrl Pts',(2.3223233965409,0.,0.40297344597879));
#4145=CARTESIAN_POINT('Ctrl Pts',(2.3223233965409,11.943936,0.40297344597879));
#4146=CARTESIAN_POINT('Ctrl Pts',(2.34236447296784,0.,0.404805143020131));
#4147=CARTESIAN_POINT('Ctrl Pts',(2.34236447296784,11.943936,0.404805143020131));
#4148=CARTESIAN_POINT('Ctrl Pts',(2.40246493126041,0.,0.407114191603652));
#4149=CARTESIAN_POINT('Ctrl Pts',(2.40246493126041,11.943936,0.407114191603652));
#4150=CARTESIAN_POINT('Ctrl Pts',(2.50400336699726,0.,0.383727496176307));
#4151=CARTESIAN_POINT('Ctrl Pts',(2.50400336699726,11.943936,0.383727496176307));
#4152=CARTESIAN_POINT('',(2.3223233965409,0.,0.40297344597879));
#4153=CARTESIAN_POINT('Ctrl Pts',(2.3223233965409,0.,0.40297344597879));
#4154=CARTESIAN_POINT('Ctrl Pts',(2.34236447296784,0.,0.404805143020131));
#4155=CARTESIAN_POINT('Ctrl Pts',(2.40246493126041,0.,0.407114191603652));
#4156=CARTESIAN_POINT('Ctrl Pts',(2.50400336699726,0.,0.383727496176307));
#4157=CARTESIAN_POINT('',(2.3223233965409,4.,0.40297344597879));
#4158=CARTESIAN_POINT('Ctrl Pts',(2.3223233965409,4.,0.40297344597879));
#4159=CARTESIAN_POINT('Ctrl Pts',(2.34236447296784,4.,0.404805143020131));
#4160=CARTESIAN_POINT('Ctrl Pts',(2.40246493126041,4.,0.407114191603652));
#4161=CARTESIAN_POINT('Ctrl Pts',(2.50400336699726,4.,0.383727496176307));
#4162=CARTESIAN_POINT('',(2.3223233965409,0.,0.40297344597879));
#4163=CARTESIAN_POINT('Origin',(2.0349305089544,0.,0.353104550702177));
#4164=CARTESIAN_POINT('',(2.0349305089544,0.,0.353104550702177));
#4165=CARTESIAN_POINT('',(2.0349305089544,0.,0.353104550702177));
#4166=CARTESIAN_POINT('',(2.0349305089544,4.,0.353104550702177));
#4167=CARTESIAN_POINT('',(2.0349305089544,4.,0.353104550702177));
#4168=CARTESIAN_POINT('',(2.0349305089544,0.,0.353104550702177));
#4169=CARTESIAN_POINT('Origin',(2.0007371335951,0.,0.550159906076087));
#4170=CARTESIAN_POINT('',(1.80789500023654,0.,0.497132445249466));
#4171=CARTESIAN_POINT('Origin',(2.0007371335951,0.,0.550159906076087));
#4172=CARTESIAN_POINT('',(1.80789500023654,4.,0.497132445249466));
#4173=CARTESIAN_POINT('Origin',(2.0007371335951,4.,0.550159906076087));
#4174=CARTESIAN_POINT('',(1.80789500023654,0.,0.497132445249466));
#4175=CARTESIAN_POINT('Origin',(2.E-15,0.,4.E-15));
#4176=CARTESIAN_POINT('',(1.75482489899059,0.,0.66046542217035));
#4177=CARTESIAN_POINT('Origin',(2.E-15,0.,4.E-15));
#4178=CARTESIAN_POINT('',(1.75482489899059,4.,0.66046542217035));
#4179=CARTESIAN_POINT('Origin',(2.E-15,4.,4.E-15));
#4180=CARTESIAN_POINT('',(1.75482489899059,0.,0.66046542217035));
#4181=CARTESIAN_POINT('Origin',(1.94200622154959,0.,0.730915067201839));
#4182=CARTESIAN_POINT('',(1.85384301153627,0.,0.910434560294225));
#4183=CARTESIAN_POINT('Origin',(1.94200622154959,0.,0.730915067201839));
#4184=CARTESIAN_POINT('',(1.85384301153627,4.,0.910434560294225));
#4185=CARTESIAN_POINT('Origin',(1.94200622154959,4.,0.730915067201839));
#4186=CARTESIAN_POINT('',(1.85384301153627,0.,0.910434560294225));
#4187=CARTESIAN_POINT('Origin',(2.11566094284795,0.,1.03901507746183));
#4188=CARTESIAN_POINT('',(2.11566094284795,0.,1.03901507746183));
#4189=CARTESIAN_POINT('',(2.11566094284795,0.,1.03901507746183));
#4190=CARTESIAN_POINT('',(2.11566094284795,4.,1.03901507746183));
#4191=CARTESIAN_POINT('',(2.11566094284795,4.,1.03901507746183));
#4192=CARTESIAN_POINT('',(2.11566094284795,0.,1.03901507746183));
#4193=CARTESIAN_POINT('Ctrl Pts',(2.25147097740773,0.,1.16186615821061));
#4194=CARTESIAN_POINT('Ctrl Pts',(2.25147097740773,11.943936,1.16186615821061));
#4195=CARTESIAN_POINT('Ctrl Pts',(2.18293067560311,0.,1.08277115608615));
#4196=CARTESIAN_POINT('Ctrl Pts',(2.18293067560311,11.943936,1.08277115608615));
#4197=CARTESIAN_POINT('Ctrl Pts',(2.13295115877048,0.,1.04931305259066));
#4198=CARTESIAN_POINT('Ctrl Pts',(2.13295115877048,11.943936,1.04931305259066));
#4199=CARTESIAN_POINT('Ctrl Pts',(2.11566094284795,0.,1.03901507746183));
#4200=CARTESIAN_POINT('Ctrl Pts',(2.11566094284795,11.943936,1.03901507746183));
#4201=CARTESIAN_POINT('',(2.25147097740773,0.,1.16186615821061));
#4202=CARTESIAN_POINT('Ctrl Pts',(2.25147097740773,0.,1.16186615821061));
#4203=CARTESIAN_POINT('Ctrl Pts',(2.18293067560311,0.,1.08277115608615));
#4204=CARTESIAN_POINT('Ctrl Pts',(2.13295115877048,0.,1.04931305259066));
#4205=CARTESIAN_POINT('Ctrl Pts',(2.11566094284795,0.,1.03901507746183));
#4206=CARTESIAN_POINT('',(2.25147097740773,4.,1.16186615821061));
#4207=CARTESIAN_POINT('Ctrl Pts',(2.25147097740773,4.,1.16186615821061));
#4208=CARTESIAN_POINT('Ctrl Pts',(2.18293067560311,4.,1.08277115608615));
#4209=CARTESIAN_POINT('Ctrl Pts',(2.13295115877048,4.,1.04931305259066));
#4210=CARTESIAN_POINT('Ctrl Pts',(2.11566094284795,4.,1.03901507746183));
#4211=CARTESIAN_POINT('',(2.25147097740773,0.,1.16186615821061));
#4212=CARTESIAN_POINT('Ctrl Pts',(2.51091652509042,0.,1.64313515699975));
#4213=CARTESIAN_POINT('Ctrl Pts',(2.51091652509042,11.943936,1.64313515699975));
#4214=CARTESIAN_POINT('Ctrl Pts',(2.43214792918023,0.,1.40819275579924));
#4215=CARTESIAN_POINT('Ctrl Pts',(2.43214792918023,11.943936,1.40819275579924));
#4216=CARTESIAN_POINT('Ctrl Pts',(2.33201951161306,0.,1.25541634141857));
#4217=CARTESIAN_POINT('Ctrl Pts',(2.33201951161306,11.943936,1.25541634141857));
#4218=CARTESIAN_POINT('Ctrl Pts',(2.25147097740773,0.,1.16186615821061));
#4219=CARTESIAN_POINT('Ctrl Pts',(2.25147097740773,11.943936,1.16186615821061));
#4220=CARTESIAN_POINT('',(2.51091652509042,0.,1.64313515699975));
#4221=CARTESIAN_POINT('Ctrl Pts',(2.51091652509042,0.,1.64313515699975));
#4222=CARTESIAN_POINT('Ctrl Pts',(2.43214792918023,0.,1.40819275579924));
#4223=CARTESIAN_POINT('Ctrl Pts',(2.33201951161306,0.,1.25541634141857));
#4224=CARTESIAN_POINT('Ctrl Pts',(2.25147097740773,0.,1.16186615821061));
#4225=CARTESIAN_POINT('',(2.51091652509042,4.,1.64313515699975));
#4226=CARTESIAN_POINT('Ctrl Pts',(2.51091652509042,4.,1.64313515699975));
#4227=CARTESIAN_POINT('Ctrl Pts',(2.43214792918023,4.,1.40819275579924));
#4228=CARTESIAN_POINT('Ctrl Pts',(2.33201951161306,4.,1.25541634141857));
#4229=CARTESIAN_POINT('Ctrl Pts',(2.25147097740773,4.,1.16186615821061));
#4230=CARTESIAN_POINT('',(2.51091652509042,0.,1.64313515699975));
#4231=CARTESIAN_POINT('Origin',(1.E-15,0.,-1.E-15));
#4232=CARTESIAN_POINT('',(2.3386302759281,0.,1.88026683549256));
#4233=CARTESIAN_POINT('Origin',(1.E-15,0.,-1.E-15));
#4234=CARTESIAN_POINT('',(2.3386302759281,4.,1.88026683549256));
#4235=CARTESIAN_POINT('Origin',(1.E-15,4.,-1.E-15));
#4236=CARTESIAN_POINT('',(2.3386302759281,0.,1.88026683549256));
#4237=CARTESIAN_POINT('Ctrl Pts',(1.80023191472133,0.,1.78225831642727));
#4238=CARTESIAN_POINT('Ctrl Pts',(1.80023191472133,11.943936,1.78225831642727));
#4239=CARTESIAN_POINT('Ctrl Pts',(1.91460555247195,0.,1.82993736813268));
#4240=CARTESIAN_POINT('Ctrl Pts',(1.91460555247195,11.943936,1.82993736813268));
#4241=CARTESIAN_POINT('Ctrl Pts',(2.09084593955302,0.,1.87795464374296));
#4242=CARTESIAN_POINT('Ctrl Pts',(2.09084593955302,11.943936,1.87795464374296));
#4243=CARTESIAN_POINT('Ctrl Pts',(2.3386302759281,0.,1.88026683549256));
#4244=CARTESIAN_POINT('Ctrl Pts',(2.3386302759281,11.943936,1.88026683549256));
#4245=CARTESIAN_POINT('',(1.80023191472133,0.,1.78225831642727));
#4246=CARTESIAN_POINT('Ctrl Pts',(1.80023191472133,0.,1.78225831642727));
#4247=CARTESIAN_POINT('Ctrl Pts',(1.91460555247195,0.,1.82993736813268));
#4248=CARTESIAN_POINT('Ctrl Pts',(2.09084593955302,0.,1.87795464374296));
#4249=CARTESIAN_POINT('Ctrl Pts',(2.3386302759281,0.,1.88026683549256));
#4250=CARTESIAN_POINT('',(1.80023191472133,4.,1.78225831642727));
#4251=CARTESIAN_POINT('Ctrl Pts',(1.80023191472133,4.,1.78225831642727));
#4252=CARTESIAN_POINT('Ctrl Pts',(1.91460555247195,4.,1.82993736813268));
#4253=CARTESIAN_POINT('Ctrl Pts',(2.09084593955302,4.,1.87795464374296));
#4254=CARTESIAN_POINT('Ctrl Pts',(2.3386302759281,4.,1.88026683549256));
#4255=CARTESIAN_POINT('',(1.80023191472133,0.,1.78225831642727));
#4256=CARTESIAN_POINT('Ctrl Pts',(1.64193724562433,0.,1.69103980961918));
#4257=CARTESIAN_POINT('Ctrl Pts',(1.64193724562433,11.943936,1.69103980961918));
#4258=CARTESIAN_POINT('Ctrl Pts',(1.65707417253172,0.,1.704301532818));
#4259=CARTESIAN_POINT('Ctrl Pts',(1.65707417253172,11.943936,1.704301532818));
#4260=CARTESIAN_POINT('Ctrl Pts',(1.70433923995591,0.,1.74149575540329));
#4261=CARTESIAN_POINT('Ctrl Pts',(1.70433923995591,11.943936,1.74149575540329));
#4262=CARTESIAN_POINT('Ctrl Pts',(1.80023191472133,0.,1.78225831642727));
#4263=CARTESIAN_POINT('Ctrl Pts',(1.80023191472133,11.943936,1.78225831642727));
#4264=CARTESIAN_POINT('',(1.64193724562433,0.,1.69103980961918));
#4265=CARTESIAN_POINT('Ctrl Pts',(1.64193724562433,0.,1.69103980961918));
#4266=CARTESIAN_POINT('Ctrl Pts',(1.65707417253172,0.,1.704301532818));
#4267=CARTESIAN_POINT('Ctrl Pts',(1.70433923995591,0.,1.74149575540329));
#4268=CARTESIAN_POINT('Ctrl Pts',(1.80023191472133,0.,1.78225831642727));
#4269=CARTESIAN_POINT('',(1.64193724562433,4.,1.69103980961918));
#4270=CARTESIAN_POINT('Ctrl Pts',(1.64193724562433,4.,1.69103980961918));
#4271=CARTESIAN_POINT('Ctrl Pts',(1.65707417253172,4.,1.704301532818));
#4272=CARTESIAN_POINT('Ctrl Pts',(1.70433923995591,4.,1.74149575540329));
#4273=CARTESIAN_POINT('Ctrl Pts',(1.80023191472133,4.,1.78225831642727));
#4274=CARTESIAN_POINT('',(1.64193724562433,0.,1.69103980961918));
#4275=CARTESIAN_POINT('Origin',(1.43874371669607,0.,1.4817697249126));
#4276=CARTESIAN_POINT('',(1.43874371669607,0.,1.4817697249126));
#4277=CARTESIAN_POINT('',(1.43874371669607,0.,1.4817697249126));
#4278=CARTESIAN_POINT('',(1.43874371669607,4.,1.4817697249126));
#4279=CARTESIAN_POINT('',(1.43874371669607,4.,1.4817697249126));
#4280=CARTESIAN_POINT('',(1.43874371669607,0.,1.4817697249126));
#4281=CARTESIAN_POINT('Origin',(1.29525446316132,0.,1.6210924944804));
#4282=CARTESIAN_POINT('',(1.17041065948312,0.,1.46484261549434));
#4283=CARTESIAN_POINT('Origin',(1.29525446316132,0.,1.6210924944804));
#4284=CARTESIAN_POINT('',(1.17041065948312,4.,1.46484261549434));
#4285=CARTESIAN_POINT('Origin',(1.29525446316132,4.,1.6210924944804));
#4286=CARTESIAN_POINT('',(1.17041065948312,0.,1.46484261549434));
#4287=CARTESIAN_POINT('Origin',(2.E-15,0.,2.E-15));
#4288=CARTESIAN_POINT('',(1.03147133063485,0.,1.56578794671513));
#4289=CARTESIAN_POINT('Origin',(2.E-15,0.,2.E-15));
#4290=CARTESIAN_POINT('',(1.03147133063485,4.,1.56578794671513));
#4291=CARTESIAN_POINT('Origin',(2.E-15,4.,2.E-15));
#4292=CARTESIAN_POINT('',(1.03147133063485,0.,1.56578794671513));
#4293=CARTESIAN_POINT('Origin',(1.1414949392359,0.,1.73280532769807));
#4294=CARTESIAN_POINT('',(0.964650493517749,0.,1.82621861379079));
#4295=CARTESIAN_POINT('Origin',(1.1414949392359,0.,1.73280532769807));
#4296=CARTESIAN_POINT('',(0.964650493517749,4.,1.82621861379079));
#4297=CARTESIAN_POINT('Origin',(1.1414949392359,4.,1.73280532769807));
#4298=CARTESIAN_POINT('',(0.964650493517749,0.,1.82621861379079));
#4299=CARTESIAN_POINT('Origin',(1.10088791765773,0.,2.08413515613564));
#4300=CARTESIAN_POINT('',(1.10088791765773,0.,2.08413515613564));
#4301=CARTESIAN_POINT('',(1.10088791765773,0.,2.08413515613564));
#4302=CARTESIAN_POINT('',(1.10088791765773,4.,2.08413515613564));
#4303=CARTESIAN_POINT('',(1.10088791765773,4.,2.08413515613564));
#4304=CARTESIAN_POINT('',(1.10088791765773,0.,2.08413515613564));
#4305=CARTESIAN_POINT('Ctrl Pts',(1.13855049013092,0.,2.2633509036663));
#4306=CARTESIAN_POINT('Ctrl Pts',(1.13855049013092,11.943936,2.2633509036663));
#4307=CARTESIAN_POINT('Ctrl Pts',(1.12959109695019,0.,2.15907472418906));
#4308=CARTESIAN_POINT('Ctrl Pts',(1.12959109695019,11.943936,2.15907472418906));
#4309=CARTESIAN_POINT('Ctrl Pts',(1.10882299826627,0.,2.10262932695073));
#4310=CARTESIAN_POINT('Ctrl Pts',(1.10882299826627,11.943936,2.10262932695073));
#4311=CARTESIAN_POINT('Ctrl Pts',(1.10088791765773,0.,2.08413515613564));
#4312=CARTESIAN_POINT('Ctrl Pts',(1.10088791765773,11.943936,2.08413515613564));
#4313=CARTESIAN_POINT('',(1.13855049013092,0.,2.2633509036663));
#4314=CARTESIAN_POINT('Ctrl Pts',(1.13855049013092,0.,2.2633509036663));
#4315=CARTESIAN_POINT('Ctrl Pts',(1.12959109695019,0.,2.15907472418906));
#4316=CARTESIAN_POINT('Ctrl Pts',(1.10882299826627,0.,2.10262932695073));
#4317=CARTESIAN_POINT('Ctrl Pts',(1.10088791765773,0.,2.08413515613564));
#4318=CARTESIAN_POINT('',(1.13855049013092,4.,2.2633509036663));
#4319=CARTESIAN_POINT('Ctrl Pts',(1.13855049013092,4.,2.2633509036663));
#4320=CARTESIAN_POINT('Ctrl Pts',(1.12959109695019,4.,2.15907472418906));
#4321=CARTESIAN_POINT('Ctrl Pts',(1.10882299826627,4.,2.10262932695073));
#4322=CARTESIAN_POINT('Ctrl Pts',(1.10088791765773,4.,2.08413515613564));
#4323=CARTESIAN_POINT('',(1.13855049013092,0.,2.2633509036663));
#4324=CARTESIAN_POINT('Ctrl Pts',(1.06556352744731,0.,2.80520396925336));
#4325=CARTESIAN_POINT('Ctrl Pts',(1.06556352744731,11.943936,2.80520396925336));
#4326=CARTESIAN_POINT('Ctrl Pts',(1.13993407329675,0.,2.56883255496309));
#4327=CARTESIAN_POINT('Ctrl Pts',(1.13993407329675,11.943936,2.56883255496309));
#4328=CARTESIAN_POINT('Ctrl Pts',(1.14872820513612,0.,2.3863798322081));
#4329=CARTESIAN_POINT('Ctrl Pts',(1.14872820513612,11.943936,2.3863798322081));
#4330=CARTESIAN_POINT('Ctrl Pts',(1.13855049013092,0.,2.2633509036663));
#4331=CARTESIAN_POINT('Ctrl Pts',(1.13855049013092,11.943936,2.2633509036663));
#4332=CARTESIAN_POINT('',(1.06556352744731,0.,2.80520396925335));
#4333=CARTESIAN_POINT('Ctrl Pts',(1.06556352744731,0.,2.80520396925336));
#4334=CARTESIAN_POINT('Ctrl Pts',(1.13993407329675,0.,2.56883255496309));
#4335=CARTESIAN_POINT('Ctrl Pts',(1.14872820513612,0.,2.3863798322081));
#4336=CARTESIAN_POINT('Ctrl Pts',(1.13855049013092,0.,2.2633509036663));
#4337=CARTESIAN_POINT('',(1.06556352744731,4.,2.80520396925335));
#4338=CARTESIAN_POINT('Ctrl Pts',(1.06556352744731,4.,2.80520396925336));
#4339=CARTESIAN_POINT('Ctrl Pts',(1.13993407329675,4.,2.56883255496309));
#4340=CARTESIAN_POINT('Ctrl Pts',(1.14872820513612,4.,2.3863798322081));
#4341=CARTESIAN_POINT('Ctrl Pts',(1.13855049013092,4.,2.2633509036663));
#4342=CARTESIAN_POINT('',(1.06556352744731,0.,2.80520396925335));
#4343=CARTESIAN_POINT('Origin',(0.,0.,0.));
#4344=CARTESIAN_POINT('',(0.786798520508441,0.,2.8957802106283));
#4345=CARTESIAN_POINT('Origin',(0.,0.,0.));
#4346=CARTESIAN_POINT('',(0.786798520508441,4.,2.8957802106283));
#4347=CARTESIAN_POINT('Origin',(0.,4.,0.));
#4348=CARTESIAN_POINT('',(0.786798520508441,0.,2.8957802106283));
#4349=CARTESIAN_POINT('Ctrl Pts',(0.408833058654142,0.,2.50002703653518));
#4350=CARTESIAN_POINT('Ctrl Pts',(0.408833058654142,11.943936,2.50002703653518));
#4351=CARTESIAN_POINT('Ctrl Pts',(0.473338231867154,0.,2.6058273371614));
#4352=CARTESIAN_POINT('Ctrl Pts',(0.473338231867154,11.943936,2.6058273371614));
#4353=CARTESIAN_POINT('Ctrl Pts',(0.587695853651973,0.,2.74826562953827));
#4354=CARTESIAN_POINT('Ctrl Pts',(0.587695853651973,11.943936,2.74826562953827));
#4355=CARTESIAN_POINT('Ctrl Pts',(0.786798520508441,0.,2.8957802106283));
#4356=CARTESIAN_POINT('Ctrl Pts',(0.786798520508441,11.943936,2.8957802106283));
#4357=CARTESIAN_POINT('',(0.408833058654142,0.,2.50002703653518));
#4358=CARTESIAN_POINT('Ctrl Pts',(0.408833058654142,0.,2.50002703653518));
#4359=CARTESIAN_POINT('Ctrl Pts',(0.473338231867154,0.,2.6058273371614));
#4360=CARTESIAN_POINT('Ctrl Pts',(0.587695853651973,0.,2.74826562953827));
#4361=CARTESIAN_POINT('Ctrl Pts',(0.786798520508441,0.,2.8957802106283));
#4362=CARTESIAN_POINT('',(0.408833058654142,4.,2.50002703653518));
#4363=CARTESIAN_POINT('Ctrl Pts',(0.408833058654142,4.,2.50002703653518));
#4364=CARTESIAN_POINT('Ctrl Pts',(0.473338231867154,4.,2.6058273371614));
#4365=CARTESIAN_POINT('Ctrl Pts',(0.587695853651973,4.,2.74826562953827));
#4366=CARTESIAN_POINT('Ctrl Pts',(0.786798520508441,4.,2.8957802106283));
#4367=CARTESIAN_POINT('',(0.408833058654142,0.,2.50002703653518));
#4368=CARTESIAN_POINT('Ctrl Pts',(0.334386874273646,0.,2.3331864423142));
#4369=CARTESIAN_POINT('Ctrl Pts',(0.334386874273646,11.943936,2.3331864423142));
#4370=CARTESIAN_POINT('Ctrl Pts',(0.338837860068094,0.,2.35281266415793));
#4371=CARTESIAN_POINT('Ctrl Pts',(0.338837860068094,11.943936,2.35281266415793));
#4372=CARTESIAN_POINT('Ctrl Pts',(0.35521388734842,0.,2.41068513190255));
#4373=CARTESIAN_POINT('Ctrl Pts',(0.35521388734842,11.943936,2.41068513190255));
#4374=CARTESIAN_POINT('Ctrl Pts',(0.408833058654142,0.,2.50002703653518));
#4375=CARTESIAN_POINT('Ctrl Pts',(0.408833058654142,11.943936,2.50002703653518));
#4376=CARTESIAN_POINT('',(0.334386874273646,0.,2.3331864423142));
#4377=CARTESIAN_POINT('Ctrl Pts',(0.334386874273646,0.,2.3331864423142));
#4378=CARTESIAN_POINT('Ctrl Pts',(0.338837860068094,0.,2.35281266415793));
#4379=CARTESIAN_POINT('Ctrl Pts',(0.35521388734842,0.,2.41068513190255));
#4380=CARTESIAN_POINT('Ctrl Pts',(0.408833058654142,0.,2.50002703653518));
#4381=CARTESIAN_POINT('',(0.334386874273646,4.,2.3331864423142));
#4382=CARTESIAN_POINT('Ctrl Pts',(0.334386874273646,4.,2.3331864423142));
#4383=CARTESIAN_POINT('Ctrl Pts',(0.338837860068094,4.,2.35281266415793));
#4384=CARTESIAN_POINT('Ctrl Pts',(0.35521388734842,4.,2.41068513190255));
#4385=CARTESIAN_POINT('Ctrl Pts',(0.408833058654142,4.,2.50002703653518));
#4386=CARTESIAN_POINT('',(0.334386874273646,0.,2.3331864423142));
#4387=CARTESIAN_POINT('Origin',(0.293005725760193,0.,2.044449227707));
#4388=CARTESIAN_POINT('',(0.293005725760193,0.,2.044449227707));
#4389=CARTESIAN_POINT('',(0.293005725760193,0.,2.044449227707));
#4390=CARTESIAN_POINT('',(0.293005725760193,4.,2.044449227707));
#4391=CARTESIAN_POINT('',(0.293005725760193,4.,2.044449227707));
#4392=CARTESIAN_POINT('',(0.293005725760193,0.,2.044449227707));
#4393=CARTESIAN_POINT('Origin',(0.095028611879914,0.,2.07282284890055));
#4394=CARTESIAN_POINT('',(0.0858692276023133,0.,1.87303269478965));
#4395=CARTESIAN_POINT('Origin',(0.095028611879914,0.,2.07282284890055));
#4396=CARTESIAN_POINT('',(0.0858692276023135,4.,1.87303269478965));
#4397=CARTESIAN_POINT('Origin',(0.095028611879914,4.,2.07282284890055));
#4398=CARTESIAN_POINT('',(0.0858692276023133,0.,1.87303269478965));
#4399=CARTESIAN_POINT('Origin',(0.,0.,8.E-15));
#4400=CARTESIAN_POINT('',(-0.0858692276023456,0.,1.87303269478965));
#4401=CARTESIAN_POINT('Origin',(0.,0.,8.E-15));
#4402=CARTESIAN_POINT('',(-0.0858692276023457,4.,1.87303269478965));
#4403=CARTESIAN_POINT('Origin',(0.,4.,8.E-15));
#4404=CARTESIAN_POINT('',(-0.0858692276023456,0.,1.87303269478965));
#4405=CARTESIAN_POINT('Origin',(-0.095028611879914,0.,2.07282284890055));
#4406=CARTESIAN_POINT('',(-0.293005725760193,0.,2.044449227707));
#4407=CARTESIAN_POINT('Origin',(-0.095028611879914,0.,2.07282284890055));
#4408=CARTESIAN_POINT('',(-0.293005725760193,4.,2.044449227707));
#4409=CARTESIAN_POINT('Origin',(-0.095028611879914,4.,2.07282284890055));
#4410=CARTESIAN_POINT('',(-0.293005725760193,0.,2.044449227707));
#4411=CARTESIAN_POINT('Origin',(-0.334386874273647,0.,2.3331864423142));
#4412=CARTESIAN_POINT('',(-0.334386874273647,0.,2.3331864423142));
#4413=CARTESIAN_POINT('',(-0.334386874273647,0.,2.3331864423142));
#4414=CARTESIAN_POINT('',(-0.334386874273647,4.,2.3331864423142));
#4415=CARTESIAN_POINT('',(-0.334386874273647,4.,2.3331864423142));
#4416=CARTESIAN_POINT('',(-0.334386874273647,0.,2.3331864423142));
#4417=CARTESIAN_POINT('Ctrl Pts',(-0.409257586468056,0.,2.50031253238925));
#4418=CARTESIAN_POINT('Ctrl Pts',(-0.409257586468056,11.943936,2.50031253238925));
#4419=CARTESIAN_POINT('Ctrl Pts',(-0.35521388734842,0.,2.41068513190255));
#4420=CARTESIAN_POINT('Ctrl Pts',(-0.35521388734842,11.943936,2.41068513190255));
#4421=CARTESIAN_POINT('Ctrl Pts',(-0.338837860068094,0.,2.35281266415793));
#4422=CARTESIAN_POINT('Ctrl Pts',(-0.338837860068094,11.943936,2.35281266415793));
#4423=CARTESIAN_POINT('Ctrl Pts',(-0.334386874273647,0.,2.3331864423142));
#4424=CARTESIAN_POINT('Ctrl Pts',(-0.334386874273647,11.943936,2.3331864423142));
#4425=CARTESIAN_POINT('',(-0.409257586468056,0.,2.50031253238925));
#4426=CARTESIAN_POINT('Ctrl Pts',(-0.409257586468056,0.,2.50031253238925));
#4427=CARTESIAN_POINT('Ctrl Pts',(-0.35521388734842,0.,2.41068513190255));
#4428=CARTESIAN_POINT('Ctrl Pts',(-0.338837860068094,0.,2.35281266415793));
#4429=CARTESIAN_POINT('Ctrl Pts',(-0.334386874273647,0.,2.3331864423142));
#4430=CARTESIAN_POINT('',(-0.409257586468056,4.,2.50031253238925));
#4431=CARTESIAN_POINT('Ctrl Pts',(-0.409257586468056,4.,2.50031253238925));
#4432=CARTESIAN_POINT('Ctrl Pts',(-0.35521388734842,4.,2.41068513190255));
#4433=CARTESIAN_POINT('Ctrl Pts',(-0.338837860068094,4.,2.35281266415793));
#4434=CARTESIAN_POINT('Ctrl Pts',(-0.334386874273647,4.,2.3331864423142));
#4435=CARTESIAN_POINT('',(-0.409257586468056,0.,2.50031253238925));
#4436=CARTESIAN_POINT('Ctrl Pts',(-0.786798520508442,0.,2.8957802106283));
#4437=CARTESIAN_POINT('Ctrl Pts',(-0.786798520508442,11.943936,2.8957802106283));
#4438=CARTESIAN_POINT('Ctrl Pts',(-0.587695853651973,0.,2.74826562953827));
#4439=CARTESIAN_POINT('Ctrl Pts',(-0.587695853651973,11.943936,2.74826562953827));
#4440=CARTESIAN_POINT('Ctrl Pts',(-0.473338231867155,0.,2.6058273371614));
#4441=CARTESIAN_POINT('Ctrl Pts',(-0.473338231867155,11.943936,2.6058273371614));
#4442=CARTESIAN_POINT('Ctrl Pts',(-0.409257586468056,0.,2.50031253238925));
#4443=CARTESIAN_POINT('Ctrl Pts',(-0.409257586468056,11.943936,2.50031253238925));
#4444=CARTESIAN_POINT('',(-0.786798520508442,0.,2.8957802106283));
#4445=CARTESIAN_POINT('Ctrl Pts',(-0.786798520508442,0.,2.8957802106283));
#4446=CARTESIAN_POINT('Ctrl Pts',(-0.587695853651973,0.,2.74826562953827));
#4447=CARTESIAN_POINT('Ctrl Pts',(-0.473338231867155,0.,2.6058273371614));
#4448=CARTESIAN_POINT('Ctrl Pts',(-0.409257586468056,0.,2.50031253238925));
#4449=CARTESIAN_POINT('',(-0.786798520508442,4.,2.8957802106283));
#4450=CARTESIAN_POINT('Ctrl Pts',(-0.786798520508442,4.,2.8957802106283));
#4451=CARTESIAN_POINT('Ctrl Pts',(-0.587695853651973,4.,2.74826562953827));
#4452=CARTESIAN_POINT('Ctrl Pts',(-0.473338231867155,4.,2.6058273371614));
#4453=CARTESIAN_POINT('Ctrl Pts',(-0.409257586468056,4.,2.50031253238925));
#4454=CARTESIAN_POINT('',(-0.786798520508442,0.,2.8957802106283));
#4455=CARTESIAN_POINT('Origin',(-1.E-15,0.,0.));
#4456=CARTESIAN_POINT('',(-1.06556352744731,0.,2.80520396925336));
#4457=CARTESIAN_POINT('Origin',(-1.E-15,0.,0.));
#4458=CARTESIAN_POINT('',(-1.06556352744731,4.,2.80520396925336));
#4459=CARTESIAN_POINT('Origin',(-1.E-15,4.,0.));
#4460=CARTESIAN_POINT('',(-1.06556352744731,0.,2.80520396925336));
#4461=CARTESIAN_POINT('Ctrl Pts',(-1.13872613009434,0.,2.26287040148033));
#4462=CARTESIAN_POINT('Ctrl Pts',(-1.13872613009434,11.943936,2.26287040148033));
#4463=CARTESIAN_POINT('Ctrl Pts',(-1.14872820513612,0.,2.3863798322081));
#4464=CARTESIAN_POINT('Ctrl Pts',(-1.14872820513612,11.943936,2.3863798322081));
#4465=CARTESIAN_POINT('Ctrl Pts',(-1.13993407329675,0.,2.56883255496309));
#4466=CARTESIAN_POINT('Ctrl Pts',(-1.13993407329675,11.943936,2.56883255496309));
#4467=CARTESIAN_POINT('Ctrl Pts',(-1.06556352744731,0.,2.80520396925336));
#4468=CARTESIAN_POINT('Ctrl Pts',(-1.06556352744731,11.943936,2.80520396925336));
#4469=CARTESIAN_POINT('',(-1.13872613009434,0.,2.26287040148033));
#4470=CARTESIAN_POINT('Ctrl Pts',(-1.13872613009434,0.,2.26287040148033));
#4471=CARTESIAN_POINT('Ctrl Pts',(-1.14872820513612,0.,2.3863798322081));
#4472=CARTESIAN_POINT('Ctrl Pts',(-1.13993407329675,0.,2.56883255496309));
#4473=CARTESIAN_POINT('Ctrl Pts',(-1.06556352744731,0.,2.80520396925336));
#4474=CARTESIAN_POINT('',(-1.13872613009434,4.,2.26287040148033));
#4475=CARTESIAN_POINT('Ctrl Pts',(-1.13872613009434,4.,2.26287040148033));
#4476=CARTESIAN_POINT('Ctrl Pts',(-1.14872820513612,4.,2.3863798322081));
#4477=CARTESIAN_POINT('Ctrl Pts',(-1.13993407329675,4.,2.56883255496309));
#4478=CARTESIAN_POINT('Ctrl Pts',(-1.06556352744731,4.,2.80520396925336));
#4479=CARTESIAN_POINT('',(-1.13872613009434,0.,2.26287040148033));
#4480=CARTESIAN_POINT('Ctrl Pts',(-1.10088791765773,0.,2.08413515613564));
#4481=CARTESIAN_POINT('Ctrl Pts',(-1.10088791765773,11.943936,2.08413515613564));
#4482=CARTESIAN_POINT('Ctrl Pts',(-1.10882299826627,0.,2.10262932695073));
#4483=CARTESIAN_POINT('Ctrl Pts',(-1.10882299826627,11.943936,2.10262932695073));
#4484=CARTESIAN_POINT('Ctrl Pts',(-1.12959109695019,0.,2.15907472418905));
#4485=CARTESIAN_POINT('Ctrl Pts',(-1.12959109695019,11.943936,2.15907472418905));
#4486=CARTESIAN_POINT('Ctrl Pts',(-1.13872613009434,0.,2.26287040148033));
#4487=CARTESIAN_POINT('Ctrl Pts',(-1.13872613009434,11.943936,2.26287040148033));
#4488=CARTESIAN_POINT('',(-1.10088791765773,0.,2.08413515613564));
#4489=CARTESIAN_POINT('Ctrl Pts',(-1.10088791765773,0.,2.08413515613564));
#4490=CARTESIAN_POINT('Ctrl Pts',(-1.10882299826627,0.,2.10262932695073));
#4491=CARTESIAN_POINT('Ctrl Pts',(-1.12959109695019,0.,2.15907472418905));
#4492=CARTESIAN_POINT('Ctrl Pts',(-1.13872613009434,0.,2.26287040148033));
#4493=CARTESIAN_POINT('',(-1.10088791765773,4.,2.08413515613564));
#4494=CARTESIAN_POINT('Ctrl Pts',(-1.10088791765773,4.,2.08413515613564));
#4495=CARTESIAN_POINT('Ctrl Pts',(-1.10882299826627,4.,2.10262932695073));
#4496=CARTESIAN_POINT('Ctrl Pts',(-1.12959109695019,4.,2.15907472418905));
#4497=CARTESIAN_POINT('Ctrl Pts',(-1.13872613009434,4.,2.26287040148033));
#4498=CARTESIAN_POINT('',(-1.10088791765773,0.,2.08413515613564));
#4499=CARTESIAN_POINT('Origin',(-0.964650493517749,0.,1.82621861379079));
#4500=CARTESIAN_POINT('',(-0.964650493517749,0.,1.82621861379079));
#4501=CARTESIAN_POINT('',(-0.964650493517749,0.,1.82621861379079));
#4502=CARTESIAN_POINT('',(-0.964650493517749,4.,1.82621861379079));
#4503=CARTESIAN_POINT('',(-0.964650493517749,4.,1.82621861379079));
#4504=CARTESIAN_POINT('',(-0.964650493517749,0.,1.82621861379079));
#4505=CARTESIAN_POINT('Origin',(-1.1414949392359,0.,1.73280532769807));
#4506=CARTESIAN_POINT('',(-1.03147133063484,0.,1.56578794671513));
#4507=CARTESIAN_POINT('Origin',(-1.1414949392359,0.,1.73280532769807));
#4508=CARTESIAN_POINT('',(-1.03147133063484,4.,1.56578794671513));
#4509=CARTESIAN_POINT('Origin',(-1.1414949392359,4.,1.73280532769807));
#4510=CARTESIAN_POINT('',(-1.03147133063484,0.,1.56578794671513));
#4511=CARTESIAN_POINT('Origin',(-7.E-15,0.,5.E-15));
#4512=CARTESIAN_POINT('',(-1.17041065948314,0.,1.46484261549432));
#4513=CARTESIAN_POINT('Origin',(-7.E-15,0.,5.E-15));
#4514=CARTESIAN_POINT('',(-1.17041065948314,4.,1.46484261549432));
#4515=CARTESIAN_POINT('Origin',(-7.E-15,4.,5.E-15));
#4516=CARTESIAN_POINT('',(-1.17041065948314,0.,1.46484261549432));
#4517=CARTESIAN_POINT('Origin',(-1.29525446316132,0.,1.6210924944804));
#4518=CARTESIAN_POINT('',(-1.43874371669607,0.,1.4817697249126));
#4519=CARTESIAN_POINT('Origin',(-1.29525446316132,0.,1.6210924944804));
#4520=CARTESIAN_POINT('',(-1.43874371669607,4.,1.4817697249126));
#4521=CARTESIAN_POINT('Origin',(-1.29525446316132,4.,1.6210924944804));
#4522=CARTESIAN_POINT('',(-1.43874371669607,0.,1.4817697249126));
#4523=CARTESIAN_POINT('Origin',(-1.64193724562433,0.,1.69103980961918));
#4524=CARTESIAN_POINT('',(-1.64193724562433,0.,1.69103980961918));
#4525=CARTESIAN_POINT('',(-1.64193724562433,0.,1.69103980961918));
#4526=CARTESIAN_POINT('',(-1.64193724562433,4.,1.69103980961918));
#4527=CARTESIAN_POINT('',(-1.64193724562433,4.,1.69103980961918));
#4528=CARTESIAN_POINT('',(-1.64193724562433,0.,1.69103980961918));
#4529=CARTESIAN_POINT('Ctrl Pts',(-1.80074317518998,0.,1.78223975623683));
#4530=CARTESIAN_POINT('Ctrl Pts',(-1.80074317518998,11.943936,1.78223975623683));
#4531=CARTESIAN_POINT('Ctrl Pts',(-1.70433923995591,0.,1.74149575540329));
#4532=CARTESIAN_POINT('Ctrl Pts',(-1.70433923995591,11.943936,1.74149575540329));
#4533=CARTESIAN_POINT('Ctrl Pts',(-1.65707417253173,0.,1.704301532818));
#4534=CARTESIAN_POINT('Ctrl Pts',(-1.65707417253173,11.943936,1.704301532818));
#4535=CARTESIAN_POINT('Ctrl Pts',(-1.64193724562433,0.,1.69103980961918));
#4536=CARTESIAN_POINT('Ctrl Pts',(-1.64193724562433,11.943936,1.69103980961918));
#4537=CARTESIAN_POINT('',(-1.80074317518998,0.,1.78223975623683));
#4538=CARTESIAN_POINT('Ctrl Pts',(-1.80074317518998,0.,1.78223975623683));
#4539=CARTESIAN_POINT('Ctrl Pts',(-1.70433923995591,0.,1.74149575540329));
#4540=CARTESIAN_POINT('Ctrl Pts',(-1.65707417253173,0.,1.704301532818));
#4541=CARTESIAN_POINT('Ctrl Pts',(-1.64193724562433,0.,1.69103980961918));
#4542=CARTESIAN_POINT('',(-1.80074317518998,4.,1.78223975623683));
#4543=CARTESIAN_POINT('Ctrl Pts',(-1.80074317518998,4.,1.78223975623683));
#4544=CARTESIAN_POINT('Ctrl Pts',(-1.70433923995591,4.,1.74149575540329));
#4545=CARTESIAN_POINT('Ctrl Pts',(-1.65707417253173,4.,1.704301532818));
#4546=CARTESIAN_POINT('Ctrl Pts',(-1.64193724562433,4.,1.69103980961918));
#4547=CARTESIAN_POINT('',(-1.80074317518998,0.,1.78223975623683));
#4548=CARTESIAN_POINT('Ctrl Pts',(-2.3386302759281,0.,1.88026683549256));
#4549=CARTESIAN_POINT('Ctrl Pts',(-2.3386302759281,11.943936,1.88026683549256));
#4550=CARTESIAN_POINT('Ctrl Pts',(-2.09084593955302,0.,1.87795464374296));
#4551=CARTESIAN_POINT('Ctrl Pts',(-2.09084593955302,11.943936,1.87795464374296));
#4552=CARTESIAN_POINT('Ctrl Pts',(-1.91460555247195,0.,1.82993736813268));
#4553=CARTESIAN_POINT('Ctrl Pts',(-1.91460555247195,11.943936,1.82993736813268));
#4554=CARTESIAN_POINT('Ctrl Pts',(-1.80074317518998,0.,1.78223975623683));
#4555=CARTESIAN_POINT('Ctrl Pts',(-1.80074317518998,11.943936,1.78223975623683));
#4556=CARTESIAN_POINT('',(-2.33863027592809,0.,1.88026683549256));
#4557=CARTESIAN_POINT('Ctrl Pts',(-2.3386302759281,0.,1.88026683549256));
#4558=CARTESIAN_POINT('Ctrl Pts',(-2.09084593955302,0.,1.87795464374296));
#4559=CARTESIAN_POINT('Ctrl Pts',(-1.91460555247195,0.,1.82993736813268));
#4560=CARTESIAN_POINT('Ctrl Pts',(-1.80074317518998,0.,1.78223975623683));
#4561=CARTESIAN_POINT('',(-2.33863027592809,4.,1.88026683549256));
#4562=CARTESIAN_POINT('Ctrl Pts',(-2.3386302759281,4.,1.88026683549256));
#4563=CARTESIAN_POINT('Ctrl Pts',(-2.09084593955302,4.,1.87795464374296));
#4564=CARTESIAN_POINT('Ctrl Pts',(-1.91460555247195,4.,1.82993736813268));
#4565=CARTESIAN_POINT('Ctrl Pts',(-1.80074317518998,4.,1.78223975623683));
#4566=CARTESIAN_POINT('',(-2.33863027592809,0.,1.88026683549256));
#4567=CARTESIAN_POINT('Origin',(0.,0.,0.));
#4568=CARTESIAN_POINT('',(-2.51091652509042,0.,1.64313515699975));
#4569=CARTESIAN_POINT('Origin',(0.,0.,0.));
#4570=CARTESIAN_POINT('',(-2.51091652509042,4.,1.64313515699975));
#4571=CARTESIAN_POINT('Origin',(0.,4.,0.));
#4572=CARTESIAN_POINT('',(-2.51091652509042,0.,1.64313515699975));
#4573=CARTESIAN_POINT('Ctrl Pts',(-2.25133064102443,0.,1.16137418519611));
#4574=CARTESIAN_POINT('Ctrl Pts',(-2.25133064102443,11.943936,1.16137418519611));
#4575=CARTESIAN_POINT('Ctrl Pts',(-2.33201951161306,0.,1.25541634141857));
#4576=CARTESIAN_POINT('Ctrl Pts',(-2.33201951161306,11.943936,1.25541634141857));
#4577=CARTESIAN_POINT('Ctrl Pts',(-2.43214792918023,0.,1.40819275579924));
#4578=CARTESIAN_POINT('Ctrl Pts',(-2.43214792918023,11.943936,1.40819275579924));
#4579=CARTESIAN_POINT('Ctrl Pts',(-2.51091652509042,0.,1.64313515699975));
#4580=CARTESIAN_POINT('Ctrl Pts',(-2.51091652509042,11.943936,1.64313515699975));
#4581=CARTESIAN_POINT('',(-2.25133064102443,0.,1.16137418519611));
#4582=CARTESIAN_POINT('Ctrl Pts',(-2.25133064102443,0.,1.16137418519611));
#4583=CARTESIAN_POINT('Ctrl Pts',(-2.33201951161306,0.,1.25541634141857));
#4584=CARTESIAN_POINT('Ctrl Pts',(-2.43214792918023,0.,1.40819275579924));
#4585=CARTESIAN_POINT('Ctrl Pts',(-2.51091652509042,0.,1.64313515699975));
#4586=CARTESIAN_POINT('',(-2.25133064102443,4.,1.16137418519611));
#4587=CARTESIAN_POINT('Ctrl Pts',(-2.25133064102443,4.,1.16137418519611));
#4588=CARTESIAN_POINT('Ctrl Pts',(-2.26086619025737,4.,1.17248778245047));
#4589=CARTESIAN_POINT('Ctrl Pts',(-2.27025137920099,4.,1.18393180998453));
#4590=CARTESIAN_POINT('Ctrl Pts',(-2.2794197388935,4.,1.19560156184101));
#4591=CARTESIAN_POINT('Ctrl Pts',(-2.28901759834665,4.,1.20781799334329));
#4592=CARTESIAN_POINT('Ctrl Pts',(-2.29837851857604,4.,1.22028152975289));
#4593=CARTESIAN_POINT('Ctrl Pts',(-2.30747070172743,4.,1.23290977768533));
#4594=CARTESIAN_POINT('Ctrl Pts',(-2.31694272159414,4.,1.24606558562566));
#4595=CARTESIAN_POINT('Ctrl Pts',(-2.32612377139271,4.,1.25939996791261));
#4596=CARTESIAN_POINT('Ctrl Pts',(-2.33501413780345,4.,1.27286331050956));
#4597=CARTESIAN_POINT('Ctrl Pts',(-2.34446225751562,4.,1.28717130038368));
#4598=CARTESIAN_POINT('Ctrl Pts',(-2.35358267651218,4.,1.30162461091692));
#4599=CARTESIAN_POINT('Ctrl Pts',(-2.36240564026358,4.,1.31621618169346));
#4600=CARTESIAN_POINT('Ctrl Pts',(-2.37032247433851,4.,1.32930917946443));
#4601=CARTESIAN_POINT('Ctrl Pts',(-2.37800055087886,4.,1.34251430513104));
#4602=CARTESIAN_POINT('Ctrl Pts',(-2.38547460925361,4.,1.35586149030604));
#4603=CARTESIAN_POINT('Ctrl Pts',(-2.39112809388911,4.,1.36595749204036));
#4604=CARTESIAN_POINT('Ctrl Pts',(-2.39666901605992,4.,1.37614295290766));
#4605=CARTESIAN_POINT('Ctrl Pts',(-2.4021002060568,4.,1.38641444494441));
#4606=CARTESIAN_POINT('Ctrl Pts',(-2.4139531876079,4.,1.40883085933675));
#4607=CARTESIAN_POINT('Ctrl Pts',(-2.42526655115527,4.,1.43162697206478));
#4608=CARTESIAN_POINT('Ctrl Pts',(-2.43603468949324,4.,1.45468359656764));
#4609=CARTESIAN_POINT('Ctrl Pts',(-2.44705318368526,4.,1.47827628039086));
#4610=CARTESIAN_POINT('Ctrl Pts',(-2.45750162088967,4.,1.50214158183672));
#4611=CARTESIAN_POINT('Ctrl Pts',(-2.46740233276732,4.,1.5261998554923));
#4612=CARTESIAN_POINT('Ctrl Pts',(-2.47755865889716,4.,1.55087926000247));
#4613=CARTESIAN_POINT('Ctrl Pts',(-2.48713931228536,4.,1.57576161799261));
#4614=CARTESIAN_POINT('Ctrl Pts',(-2.49618617289416,4.,1.60081296772461));
#4615=CARTESIAN_POINT('Ctrl Pts',(-2.50126114623573,4.,1.61486590139495));
#4616=CARTESIAN_POINT('Ctrl Pts',(-2.50616839533125,4.,1.62897295194912));
#4617=CARTESIAN_POINT('Ctrl Pts',(-2.51091652509042,4.,1.64313515699975));
#4618=CARTESIAN_POINT('',(-2.25133064102443,0.,1.16137418519611));
#4619=CARTESIAN_POINT('Ctrl Pts',(-2.11566094284795,0.,1.03901507746183));
#4620=CARTESIAN_POINT('Ctrl Pts',(-2.11566094284795,11.943936,1.03901507746183));
#4621=CARTESIAN_POINT('Ctrl Pts',(-2.13295115877048,0.,1.04931305259066));
#4622=CARTESIAN_POINT('Ctrl Pts',(-2.13295115877048,11.943936,1.04931305259066));
#4623=CARTESIAN_POINT('Ctrl Pts',(-2.18293067560311,0.,1.08277115608615));
#4624=CARTESIAN_POINT('Ctrl Pts',(-2.18293067560311,11.943936,1.08277115608615));
#4625=CARTESIAN_POINT('Ctrl Pts',(-2.25133064102443,0.,1.16137418519611));
#4626=CARTESIAN_POINT('Ctrl Pts',(-2.25133064102443,11.943936,1.16137418519611));
#4627=CARTESIAN_POINT('',(-2.11566094284795,0.,1.03901507746183));
#4628=CARTESIAN_POINT('Ctrl Pts',(-2.11566094284795,0.,1.03901507746183));
#4629=CARTESIAN_POINT('Ctrl Pts',(-2.13295115877048,0.,1.04931305259066));
#4630=CARTESIAN_POINT('Ctrl Pts',(-2.18293067560311,0.,1.08277115608615));
#4631=CARTESIAN_POINT('Ctrl Pts',(-2.25133064102443,0.,1.16137418519611));
#4632=CARTESIAN_POINT('',(-2.11566094284795,4.,1.03901507746183));
#4633=CARTESIAN_POINT('Ctrl Pts',(-2.11566094284795,4.,1.03901507746183));
#4634=CARTESIAN_POINT('Ctrl Pts',(-2.13295115877048,4.,1.04931305259066));
#4635=CARTESIAN_POINT('Ctrl Pts',(-2.18293067560311,4.,1.08277115608615));
#4636=CARTESIAN_POINT('Ctrl Pts',(-2.25133064102443,4.,1.16137418519611));
#4637=CARTESIAN_POINT('',(-2.11566094284795,0.,1.03901507746183));
#4638=CARTESIAN_POINT('Origin',(-1.85384301153627,0.,0.910434560294222));
#4639=CARTESIAN_POINT('',(-1.85384301153627,0.,0.910434560294222));
#4640=CARTESIAN_POINT('',(-1.85384301153627,0.,0.910434560294222));
#4641=CARTESIAN_POINT('',(-1.85384301153627,4.,0.910434560294222));
#4642=CARTESIAN_POINT('',(-1.85384301153627,4.,0.910434560294222));
#4643=CARTESIAN_POINT('',(-1.85384301153627,0.,0.910434560294222));
#4644=CARTESIAN_POINT('Origin',(-1.9420062215496,0.,0.730915067201838));
#4645=CARTESIAN_POINT('',(-1.7548248989906,0.,0.660465422170335));
#4646=CARTESIAN_POINT('Origin',(-1.9420062215496,0.,0.730915067201838));
#4647=CARTESIAN_POINT('',(-1.7548248989906,4.,0.660465422170335));
#4648=CARTESIAN_POINT('Origin',(-1.9420062215496,4.,0.730915067201838));
#4649=CARTESIAN_POINT('',(-1.7548248989906,0.,0.660465422170335));
#4650=CARTESIAN_POINT('Origin',(-7.E-15,0.,5.E-15));
#4651=CARTESIAN_POINT('',(-1.80789500023654,0.,0.497132445249477));
#4652=CARTESIAN_POINT('Origin',(-7.E-15,0.,5.E-15));
#4653=CARTESIAN_POINT('',(-1.80789500023654,4.,0.497132445249477));
#4654=CARTESIAN_POINT('Origin',(-7.E-15,4.,5.E-15));
#4655=CARTESIAN_POINT('',(-1.80789500023654,0.,0.497132445249477));
#4656=CARTESIAN_POINT('Origin',(-2.0007371335951,0.,0.550159906076087));
#4657=CARTESIAN_POINT('',(-2.0349305089544,0.,0.353104550702176));
#4658=CARTESIAN_POINT('Origin',(-2.0007371335951,0.,0.550159906076087));
#4659=CARTESIAN_POINT('',(-2.0349305089544,4.,0.353104550702176));
#4660=CARTESIAN_POINT('Origin',(-2.0007371335951,4.,0.550159906076087));
#4661=CARTESIAN_POINT('',(-2.0349305089544,0.,0.353104550702176));
#4662=CARTESIAN_POINT('Origin',(-2.3223233965409,0.,0.402973445978789));
#4663=CARTESIAN_POINT('',(-2.3223233965409,0.,0.402973445978789));
#4664=CARTESIAN_POINT('',(-2.3223233965409,0.,0.402973445978789));
#4665=CARTESIAN_POINT('',(-2.3223233965409,4.,0.402973445978789));
#4666=CARTESIAN_POINT('',(-2.3223233965409,4.,0.402973445978789));
#4667=CARTESIAN_POINT('',(-2.3223233965409,0.,0.402973445978789));
#4668=CARTESIAN_POINT('Ctrl Pts',(-2.50440607599874,0.,0.383411969303268));
#4669=CARTESIAN_POINT('Ctrl Pts',(-2.50440607599874,11.943936,0.383411969303268));
#4670=CARTESIAN_POINT('Ctrl Pts',(-2.40246493126041,0.,0.407114191603651));
#4671=CARTESIAN_POINT('Ctrl Pts',(-2.40246493126041,11.943936,0.407114191603651));
#4672=CARTESIAN_POINT('Ctrl Pts',(-2.34236447296784,0.,0.40480514302013));
#4673=CARTESIAN_POINT('Ctrl Pts',(-2.34236447296784,11.943936,0.40480514302013));
#4674=CARTESIAN_POINT('Ctrl Pts',(-2.3223233965409,0.,0.402973445978789));
#4675=CARTESIAN_POINT('Ctrl Pts',(-2.3223233965409,11.943936,0.402973445978789));
#4676=CARTESIAN_POINT('',(-2.50440607599874,0.,0.383411969303268));
#4677=CARTESIAN_POINT('Ctrl Pts',(-2.50440607599874,0.,0.383411969303268));
#4678=CARTESIAN_POINT('Ctrl Pts',(-2.40246493126041,0.,0.407114191603651));
#4679=CARTESIAN_POINT('Ctrl Pts',(-2.34236447296784,0.,0.40480514302013));
#4680=CARTESIAN_POINT('Ctrl Pts',(-2.3223233965409,0.,0.402973445978789));
#4681=CARTESIAN_POINT('',(-2.50440607599874,4.,0.383411969303268));
#4682=CARTESIAN_POINT('Ctrl Pts',(-2.50440607599874,4.,0.383411969303268));
#4683=CARTESIAN_POINT('Ctrl Pts',(-2.40246493126041,4.,0.407114191603651));
#4684=CARTESIAN_POINT('Ctrl Pts',(-2.34236447296784,4.,0.40480514302013));
#4685=CARTESIAN_POINT('Ctrl Pts',(-2.3223233965409,4.,0.402973445978789));
#4686=CARTESIAN_POINT('',(-2.50440607599874,0.,0.383411969303268));
#4687=CARTESIAN_POINT('Ctrl Pts',(-2.99718475306277,0.,0.146555437117869));
#4688=CARTESIAN_POINT('Ctrl Pts',(-2.99718475306277,11.943936,0.146555437117869));
#4689=CARTESIAN_POINT('Ctrl Pts',(-2.79536394178453,0.,0.290328813368538));
#4690=CARTESIAN_POINT('Ctrl Pts',(-2.79536394178453,11.943936,0.290328813368538));
#4691=CARTESIAN_POINT('Ctrl Pts',(-2.62455862708174,0.,0.355073521760804));
#4692=CARTESIAN_POINT('Ctrl Pts',(-2.62455862708174,11.943936,0.355073521760804));
#4693=CARTESIAN_POINT('Ctrl Pts',(-2.50440607599874,0.,0.383411969303268));
#4694=CARTESIAN_POINT('Ctrl Pts',(-2.50440607599874,11.943936,0.383411969303268));
#4695=CARTESIAN_POINT('',(-2.99718475306276,0.,0.146555437117861));
#4696=CARTESIAN_POINT('Ctrl Pts',(-2.99718475306277,0.,0.146555437117869));
#4697=CARTESIAN_POINT('Ctrl Pts',(-2.79536394178453,0.,0.290328813368538));
#4698=CARTESIAN_POINT('Ctrl Pts',(-2.62455862708174,0.,0.355073521760804));
#4699=CARTESIAN_POINT('Ctrl Pts',(-2.50440607599874,0.,0.383411969303268));
#4700=CARTESIAN_POINT('',(-2.99718475306276,4.,0.146555437117861));
#4701=CARTESIAN_POINT('Ctrl Pts',(-2.99718475306277,4.,0.146555437117869));
#4702=CARTESIAN_POINT('Ctrl Pts',(-2.79536394178453,4.,0.290328813368538));
#4703=CARTESIAN_POINT('Ctrl Pts',(-2.62455862708174,4.,0.355073521760804));
#4704=CARTESIAN_POINT('Ctrl Pts',(-2.50440607599874,4.,0.383411969303268));
#4705=CARTESIAN_POINT('',(-2.99718475306276,0.,0.146555437117861));
#4706=CARTESIAN_POINT('Origin',(0.,0.,0.));
#4707=CARTESIAN_POINT('',(-2.99718475306276,0.,-0.146555437117869));
#4708=CARTESIAN_POINT('Origin',(0.,0.,0.));
#4709=CARTESIAN_POINT('',(-2.99718475306276,4.,-0.146555437117869));
#4710=CARTESIAN_POINT('Origin',(0.,4.,0.));
#4711=CARTESIAN_POINT('',(-2.99718475306276,0.,-0.146555437117869));
#4712=CARTESIAN_POINT('Ctrl Pts',(-2.50400336699726,0.,-0.383727496176307));
#4713=CARTESIAN_POINT('Ctrl Pts',(-2.50400336699726,11.943936,-0.383727496176307));
#4714=CARTESIAN_POINT('Ctrl Pts',(-2.62455862708174,0.,-0.355073521760805));
#4715=CARTESIAN_POINT('Ctrl Pts',(-2.62455862708174,11.943936,-0.355073521760805));
#4716=CARTESIAN_POINT('Ctrl Pts',(-2.79536394178453,0.,-0.290328813368538));
#4717=CARTESIAN_POINT('Ctrl Pts',(-2.79536394178453,11.943936,-0.290328813368538));
#4718=CARTESIAN_POINT('Ctrl Pts',(-2.99718475306277,0.,-0.146555437117869));
#4719=CARTESIAN_POINT('Ctrl Pts',(-2.99718475306277,11.943936,-0.146555437117869));
#4720=CARTESIAN_POINT('',(-2.50400336699726,0.,-0.383727496176307));
#4721=CARTESIAN_POINT('Ctrl Pts',(-2.50400336699726,0.,-0.383727496176307));
#4722=CARTESIAN_POINT('Ctrl Pts',(-2.62455862708174,0.,-0.355073521760805));
#4723=CARTESIAN_POINT('Ctrl Pts',(-2.79536394178453,0.,-0.290328813368538));
#4724=CARTESIAN_POINT('Ctrl Pts',(-2.99718475306277,0.,-0.146555437117869));
#4725=CARTESIAN_POINT('',(-2.50400336699726,4.,-0.383727496176307));
#4726=CARTESIAN_POINT('Ctrl Pts',(-2.50400336699726,4.,-0.383727496176307));
#4727=CARTESIAN_POINT('Ctrl Pts',(-2.51825019694473,4.,-0.380341262340216));
#4728=CARTESIAN_POINT('Ctrl Pts',(-2.53256960490818,4.,-0.376599325231737));
#4729=CARTESIAN_POINT('Ctrl Pts',(-2.54684627175039,4.,-0.372547324274251));
#4730=CARTESIAN_POINT('Ctrl Pts',(-2.56179174143284,4.,-0.368305503817648));
#4731=CARTESIAN_POINT('Ctrl Pts',(-2.5766907678769,4.,-0.363724501910097));
#4732=CARTESIAN_POINT('Ctrl Pts',(-2.5914691964618,4.,-0.358852285890111));
#4733=CARTESIAN_POINT('Ctrl Pts',(-2.60686501138995,4.,-0.353776527280002));
#4734=CARTESIAN_POINT('Ctrl Pts',(-2.62213038995558,4.,-0.348385271073987));
#4735=CARTESIAN_POINT('Ctrl Pts',(-2.63723640168888,4.,-0.342718824377285));
#4736=CARTESIAN_POINT('Ctrl Pts',(-2.65329011653895,4.,-0.336696882842486));
#4737=CARTESIAN_POINT('Ctrl Pts',(-2.66916413328132,4.,-0.330364756777011));
#4738=CARTESIAN_POINT('Ctrl Pts',(-2.68487877100725,4.,-0.323745936018742));
#4739=CARTESIAN_POINT('Ctrl Pts',(-2.69897949531558,4.,-0.317806876627978));
#4740=CARTESIAN_POINT('Ctrl Pts',(-2.71295296784432,4.,-0.311636765706326));
#4741=CARTESIAN_POINT('Ctrl Pts',(-2.72684488669388,4.,-0.305231807359181));
#4742=CARTESIAN_POINT('Ctrl Pts',(-2.73911140554198,4.,-0.299576250114901));
#4743=CARTESIAN_POINT('Ctrl Pts',(-2.75132749622824,4.,-0.293730925661345));
#4744=CARTESIAN_POINT('Ctrl Pts',(-2.76348704051046,4.,-0.287706098515147));
#4745=CARTESIAN_POINT('Ctrl Pts',(-2.78626484084686,4.,-0.27642012376047));
#4746=CARTESIAN_POINT('Ctrl Pts',(-2.80882077999123,4.,-0.264515072724994));
#4747=CARTESIAN_POINT('Ctrl Pts',(-2.83108390849026,4.,-0.25208330420014));
#4748=CARTESIAN_POINT('Ctrl Pts',(-2.85385502429344,4.,-0.239367874707372));
#4749=CARTESIAN_POINT('Ctrl Pts',(-2.87632038590967,4.,-0.226102004818725));
#4750=CARTESIAN_POINT('Ctrl Pts',(-2.8984546751391,4.,-0.212361559765077));
#4751=CARTESIAN_POINT('Ctrl Pts',(-2.92114080841019,4.,-0.198278542937202));
#4752=CARTESIAN_POINT('Ctrl Pts',(-2.94347965544697,4.,-0.183697479544558));
#4753=CARTESIAN_POINT('Ctrl Pts',(-2.96548824926636,4.,-0.168667890212661));
#4754=CARTESIAN_POINT('Ctrl Pts',(-2.97612867198071,4.,-0.161401583922179));
#4755=CARTESIAN_POINT('Ctrl Pts',(-2.98669250485499,4.,-0.154029918761949));
#4756=CARTESIAN_POINT('Ctrl Pts',(-2.99718475306277,4.,-0.146555437117869));
#4757=CARTESIAN_POINT('',(-2.50400336699726,0.,-0.383727496176307));
#4758=CARTESIAN_POINT('Ctrl Pts',(-2.3223233965409,0.,-0.40297344597879));
#4759=CARTESIAN_POINT('Ctrl Pts',(-2.3223233965409,11.943936,-0.40297344597879));
#4760=CARTESIAN_POINT('Ctrl Pts',(-2.34236447296784,0.,-0.404805143020131));
#4761=CARTESIAN_POINT('Ctrl Pts',(-2.34236447296784,11.943936,-0.404805143020131));
#4762=CARTESIAN_POINT('Ctrl Pts',(-2.40246493126041,0.,-0.407114191603652));
#4763=CARTESIAN_POINT('Ctrl Pts',(-2.40246493126041,11.943936,-0.407114191603652));
#4764=CARTESIAN_POINT('Ctrl Pts',(-2.50400336699726,0.,-0.383727496176307));
#4765=CARTESIAN_POINT('Ctrl Pts',(-2.50400336699726,11.943936,-0.383727496176307));
#4766=CARTESIAN_POINT('',(-2.3223233965409,0.,-0.40297344597879));
#4767=CARTESIAN_POINT('Ctrl Pts',(-2.3223233965409,0.,-0.40297344597879));
#4768=CARTESIAN_POINT('Ctrl Pts',(-2.34236447296784,0.,-0.404805143020131));
#4769=CARTESIAN_POINT('Ctrl Pts',(-2.40246493126041,0.,-0.407114191603652));
#4770=CARTESIAN_POINT('Ctrl Pts',(-2.50400336699726,0.,-0.383727496176307));
#4771=CARTESIAN_POINT('',(-2.3223233965409,4.,-0.40297344597879));
#4772=CARTESIAN_POINT('Ctrl Pts',(-2.3223233965409,4.,-0.40297344597879));
#4773=CARTESIAN_POINT('Ctrl Pts',(-2.34236447296784,4.,-0.404805143020131));
#4774=CARTESIAN_POINT('Ctrl Pts',(-2.40246493126041,4.,-0.407114191603652));
#4775=CARTESIAN_POINT('Ctrl Pts',(-2.50400336699726,4.,-0.383727496176307));
#4776=CARTESIAN_POINT('',(-2.3223233965409,0.,-0.40297344597879));
#4777=CARTESIAN_POINT('Origin',(-2.0349305089544,0.,-0.353104550702177));
#4778=CARTESIAN_POINT('',(-2.0349305089544,0.,-0.353104550702177));
#4779=CARTESIAN_POINT('',(-2.0349305089544,0.,-0.353104550702177));
#4780=CARTESIAN_POINT('',(-2.0349305089544,4.,-0.353104550702177));
#4781=CARTESIAN_POINT('',(-2.0349305089544,4.,-0.353104550702177));
#4782=CARTESIAN_POINT('',(-2.0349305089544,0.,-0.353104550702177));
#4783=CARTESIAN_POINT('Origin',(-2.0007371335951,0.,-0.550159906076088));
#4784=CARTESIAN_POINT('',(-1.80789500023653,0.,-0.497132445249481));
#4785=CARTESIAN_POINT('Origin',(-2.0007371335951,0.,-0.550159906076088));
#4786=CARTESIAN_POINT('',(-1.80789500023653,4.,-0.497132445249481));
#4787=CARTESIAN_POINT('Origin',(-2.0007371335951,4.,-0.550159906076088));
#4788=CARTESIAN_POINT('',(-1.80789500023653,0.,-0.497132445249481));
#4789=CARTESIAN_POINT('Origin',(-5.E-15,0.,-3.E-15));
#4790=CARTESIAN_POINT('',(-1.75482489899059,0.,-0.660465422170334));
#4791=CARTESIAN_POINT('Origin',(-5.E-15,0.,-3.E-15));
#4792=CARTESIAN_POINT('',(-1.75482489899059,4.,-0.660465422170334));
#4793=CARTESIAN_POINT('Origin',(-5.E-15,4.,-3.E-15));
#4794=CARTESIAN_POINT('',(-1.75482489899059,0.,-0.660465422170334));
#4795=CARTESIAN_POINT('Origin',(-1.94200622154959,0.,-0.730915067201838));
#4796=CARTESIAN_POINT('',(-1.85384301153627,0.,-0.910434560294224));
#4797=CARTESIAN_POINT('Origin',(-1.94200622154959,0.,-0.730915067201838));
#4798=CARTESIAN_POINT('',(-1.85384301153627,4.,-0.910434560294224));
#4799=CARTESIAN_POINT('Origin',(-1.94200622154959,4.,-0.730915067201838));
#4800=CARTESIAN_POINT('',(-1.85384301153627,0.,-0.910434560294224));
#4801=CARTESIAN_POINT('Origin',(-2.11566094284795,0.,-1.03901507746183));
#4802=CARTESIAN_POINT('',(-2.11566094284795,0.,-1.03901507746183));
#4803=CARTESIAN_POINT('',(-2.11566094284795,0.,-1.03901507746183));
#4804=CARTESIAN_POINT('',(-2.11566094284795,4.,-1.03901507746183));
#4805=CARTESIAN_POINT('',(-2.11566094284795,4.,-1.03901507746183));
#4806=CARTESIAN_POINT('',(-2.11566094284795,0.,-1.03901507746183));
#4807=CARTESIAN_POINT('Ctrl Pts',(-2.25147097740773,0.,-1.16186615821061));
#4808=CARTESIAN_POINT('Ctrl Pts',(-2.25147097740773,11.943936,-1.16186615821061));
#4809=CARTESIAN_POINT('Ctrl Pts',(-2.18293067560311,0.,-1.08277115608615));
#4810=CARTESIAN_POINT('Ctrl Pts',(-2.18293067560311,11.943936,-1.08277115608615));
#4811=CARTESIAN_POINT('Ctrl Pts',(-2.13295115877048,0.,-1.04931305259066));
#4812=CARTESIAN_POINT('Ctrl Pts',(-2.13295115877048,11.943936,-1.04931305259066));
#4813=CARTESIAN_POINT('Ctrl Pts',(-2.11566094284795,0.,-1.03901507746183));
#4814=CARTESIAN_POINT('Ctrl Pts',(-2.11566094284795,11.943936,-1.03901507746183));
#4815=CARTESIAN_POINT('',(-2.25147097740773,0.,-1.16186615821061));
#4816=CARTESIAN_POINT('Ctrl Pts',(-2.25147097740773,0.,-1.16186615821061));
#4817=CARTESIAN_POINT('Ctrl Pts',(-2.18293067560311,0.,-1.08277115608615));
#4818=CARTESIAN_POINT('Ctrl Pts',(-2.13295115877048,0.,-1.04931305259066));
#4819=CARTESIAN_POINT('Ctrl Pts',(-2.11566094284795,0.,-1.03901507746183));
#4820=CARTESIAN_POINT('',(-2.25147097740773,4.,-1.16186615821061));
#4821=CARTESIAN_POINT('Ctrl Pts',(-2.25147097740773,4.,-1.16186615821061));
#4822=CARTESIAN_POINT('Ctrl Pts',(-2.18293067560311,4.,-1.08277115608615));
#4823=CARTESIAN_POINT('Ctrl Pts',(-2.13295115877048,4.,-1.04931305259066));
#4824=CARTESIAN_POINT('Ctrl Pts',(-2.11566094284795,4.,-1.03901507746183));
#4825=CARTESIAN_POINT('',(-2.25147097740773,0.,-1.16186615821061));
#4826=CARTESIAN_POINT('Ctrl Pts',(-2.51091652509042,0.,-1.64313515699975));
#4827=CARTESIAN_POINT('Ctrl Pts',(-2.51091652509042,11.943936,-1.64313515699975));
#4828=CARTESIAN_POINT('Ctrl Pts',(-2.43214792918023,0.,-1.40819275579924));
#4829=CARTESIAN_POINT('Ctrl Pts',(-2.43214792918023,11.943936,-1.40819275579924));
#4830=CARTESIAN_POINT('Ctrl Pts',(-2.33201951161306,0.,-1.25541634141857));
#4831=CARTESIAN_POINT('Ctrl Pts',(-2.33201951161306,11.943936,-1.25541634141857));
#4832=CARTESIAN_POINT('Ctrl Pts',(-2.25147097740773,0.,-1.16186615821061));
#4833=CARTESIAN_POINT('Ctrl Pts',(-2.25147097740773,11.943936,-1.16186615821061));
#4834=CARTESIAN_POINT('',(-2.51091652509042,0.,-1.64313515699975));
#4835=CARTESIAN_POINT('Ctrl Pts',(-2.51091652509042,0.,-1.64313515699975));
#4836=CARTESIAN_POINT('Ctrl Pts',(-2.43214792918023,0.,-1.40819275579924));
#4837=CARTESIAN_POINT('Ctrl Pts',(-2.33201951161306,0.,-1.25541634141857));
#4838=CARTESIAN_POINT('Ctrl Pts',(-2.25147097740773,0.,-1.16186615821061));
#4839=CARTESIAN_POINT('',(-2.51091652509042,4.,-1.64313515699975));
#4840=CARTESIAN_POINT('Ctrl Pts',(-2.51091652509042,4.,-1.64313515699975));
#4841=CARTESIAN_POINT('Ctrl Pts',(-2.43214792918023,4.,-1.40819275579924));
#4842=CARTESIAN_POINT('Ctrl Pts',(-2.33201951161306,4.,-1.25541634141857));
#4843=CARTESIAN_POINT('Ctrl Pts',(-2.25147097740773,4.,-1.16186615821061));
#4844=CARTESIAN_POINT('',(-2.51091652509042,0.,-1.64313515699975));
#4845=CARTESIAN_POINT('Origin',(-1.E-15,0.,1.E-15));
#4846=CARTESIAN_POINT('',(-2.3386302759281,0.,-1.88026683549256));
#4847=CARTESIAN_POINT('Origin',(-1.E-15,0.,1.E-15));
#4848=CARTESIAN_POINT('',(-2.3386302759281,4.,-1.88026683549256));
#4849=CARTESIAN_POINT('Origin',(-1.E-15,4.,1.E-15));
#4850=CARTESIAN_POINT('',(-2.3386302759281,0.,-1.88026683549256));
#4851=CARTESIAN_POINT('Ctrl Pts',(-1.80023191472133,0.,-1.78225831642727));
#4852=CARTESIAN_POINT('Ctrl Pts',(-1.80023191472133,11.943936,-1.78225831642727));
#4853=CARTESIAN_POINT('Ctrl Pts',(-1.91460555247195,0.,-1.82993736813268));
#4854=CARTESIAN_POINT('Ctrl Pts',(-1.91460555247195,11.943936,-1.82993736813268));
#4855=CARTESIAN_POINT('Ctrl Pts',(-2.09084593955302,0.,-1.87795464374296));
#4856=CARTESIAN_POINT('Ctrl Pts',(-2.09084593955302,11.943936,-1.87795464374296));
#4857=CARTESIAN_POINT('Ctrl Pts',(-2.3386302759281,0.,-1.88026683549256));
#4858=CARTESIAN_POINT('Ctrl Pts',(-2.3386302759281,11.943936,-1.88026683549256));
#4859=CARTESIAN_POINT('',(-1.80023191472133,0.,-1.78225831642727));
#4860=CARTESIAN_POINT('Ctrl Pts',(-1.80023191472133,0.,-1.78225831642727));
#4861=CARTESIAN_POINT('Ctrl Pts',(-1.91460555247195,0.,-1.82993736813268));
#4862=CARTESIAN_POINT('Ctrl Pts',(-2.09084593955302,0.,-1.87795464374296));
#4863=CARTESIAN_POINT('Ctrl Pts',(-2.3386302759281,0.,-1.88026683549256));
#4864=CARTESIAN_POINT('',(-1.80023191472133,4.,-1.78225831642727));
#4865=CARTESIAN_POINT('Ctrl Pts',(-1.80023191472133,4.,-1.78225831642727));
#4866=CARTESIAN_POINT('Ctrl Pts',(-1.91460555247195,4.,-1.82993736813268));
#4867=CARTESIAN_POINT('Ctrl Pts',(-2.09084593955302,4.,-1.87795464374296));
#4868=CARTESIAN_POINT('Ctrl Pts',(-2.3386302759281,4.,-1.88026683549256));
#4869=CARTESIAN_POINT('',(-1.80023191472133,0.,-1.78225831642727));
#4870=CARTESIAN_POINT('Ctrl Pts',(-1.64193724562433,0.,-1.69103980961918));
#4871=CARTESIAN_POINT('Ctrl Pts',(-1.64193724562433,11.943936,-1.69103980961918));
#4872=CARTESIAN_POINT('Ctrl Pts',(-1.65707417253172,0.,-1.704301532818));
#4873=CARTESIAN_POINT('Ctrl Pts',(-1.65707417253172,11.943936,-1.704301532818));
#4874=CARTESIAN_POINT('Ctrl Pts',(-1.70433923995591,0.,-1.74149575540329));
#4875=CARTESIAN_POINT('Ctrl Pts',(-1.70433923995591,11.943936,-1.74149575540329));
#4876=CARTESIAN_POINT('Ctrl Pts',(-1.80023191472133,0.,-1.78225831642727));
#4877=CARTESIAN_POINT('Ctrl Pts',(-1.80023191472133,11.943936,-1.78225831642727));
#4878=CARTESIAN_POINT('',(-1.64193724562433,0.,-1.69103980961918));
#4879=CARTESIAN_POINT('Ctrl Pts',(-1.64193724562433,0.,-1.69103980961918));
#4880=CARTESIAN_POINT('Ctrl Pts',(-1.65707417253172,0.,-1.704301532818));
#4881=CARTESIAN_POINT('Ctrl Pts',(-1.70433923995591,0.,-1.74149575540329));
#4882=CARTESIAN_POINT('Ctrl Pts',(-1.80023191472133,0.,-1.78225831642727));
#4883=CARTESIAN_POINT('',(-1.64193724562433,4.,-1.69103980961918));
#4884=CARTESIAN_POINT('Ctrl Pts',(-1.64193724562433,4.,-1.69103980961918));
#4885=CARTESIAN_POINT('Ctrl Pts',(-1.65707417253172,4.,-1.704301532818));
#4886=CARTESIAN_POINT('Ctrl Pts',(-1.70433923995591,4.,-1.74149575540329));
#4887=CARTESIAN_POINT('Ctrl Pts',(-1.80023191472133,4.,-1.78225831642727));
#4888=CARTESIAN_POINT('',(-1.64193724562433,0.,-1.69103980961918));
#4889=CARTESIAN_POINT('Origin',(-1.43874371669607,0.,-1.48176972491261));
#4890=CARTESIAN_POINT('',(-1.43874371669607,0.,-1.48176972491261));
#4891=CARTESIAN_POINT('',(-1.43874371669607,4.,-1.48176972491261));
#4892=CARTESIAN_POINT('Origin',(5.55111512312578E-16,4.,0.));
#4893=CARTESIAN_POINT('Origin',(5.55111512312578E-16,0.,0.));
#4894=CARTESIAN_POINT('Origin',(4.13403817827536E-12,-31.249997742819,-2.64818401138015E-12));
#4895=CARTESIAN_POINT('',(5.4077974015657,-31.4999977428181,-16.6434890351677));
#4896=CARTESIAN_POINT('Origin',(4.14460654037398E-12,-31.499997742819,-2.65823180764854E-12));
#4897=CARTESIAN_POINT('',(5.56230589875319,-30.9999977428185,-17.1190172933154));
#4898=CARTESIAN_POINT('',(5.48505165015945,-31.2499977428183,-16.8812531642416));
#4899=CARTESIAN_POINT('',(-5.56230589874495,-30.9999977428196,17.1190172933101));
#4900=CARTESIAN_POINT('Origin',(4.12346981617674E-12,-30.999997742819,-2.63813621511177E-12));
#4901=CARTESIAN_POINT('Origin',(4.12346981617674E-12,-30.999997742819,-2.63813621511177E-12));
#4902=CARTESIAN_POINT('Origin',(4.2588155224621E-12,-31.499997742819,-2.8576136031128E-12));
#4903=CARTESIAN_POINT('Origin',(3.25073301610246E-12,-1.99999999999473,
-2.08721928629529E-12));
#4904=CARTESIAN_POINT('',(-5.56230589874572,-5.30999999999522,17.1190172933106));
#4905=CARTESIAN_POINT('',(-5.56230589874582,-1.99999999999522,17.1190172933107));
#4906=CARTESIAN_POINT('',(-17.7277950668008,-5.30999999999532,3.11853845084201));
#4907=CARTESIAN_POINT('Origin',(3.35287353436797E-12,-5.30999999999473,
-2.1493917756743E-12));
#4908=CARTESIAN_POINT('',(-17.7277950668008,-4.49999999999532,3.11853845084202));
#4909=CARTESIAN_POINT('',(-17.7277950668008,-4.90499999999531,3.11853845084201));
#4910=CARTESIAN_POINT('',(-12.5090565717244,-4.49999999999485,-12.9430871002775));
#4911=CARTESIAN_POINT('Origin',(3.32622818177697E-12,-4.49999999999472,
-2.1360690993788E-12));
#4912=CARTESIAN_POINT('',(-12.5090565717244,-5.30999999999485,-12.9430871002776));
#4913=CARTESIAN_POINT('',(-12.5090565717253,25.9741570865918,-12.943087100277));
#4914=CARTESIAN_POINT('',(17.7277950668075,-5.30999999999413,-3.1185384508463));
#4915=CARTESIAN_POINT('Origin',(3.35287353436797E-12,-5.30999999999473,
-2.1493917756743E-12));
#4916=CARTESIAN_POINT('',(17.7277950668075,-4.49999999999413,-3.11853845084629));
#4917=CARTESIAN_POINT('',(17.7277950668066,25.9741570865925,-3.11853845084571));
#4918=CARTESIAN_POINT('',(12.509056571731,-4.49999999999459,12.9430871002733));
#4919=CARTESIAN_POINT('Origin',(3.32622818177697E-12,-4.49999999999472,
-2.1360690993788E-12));
#4920=CARTESIAN_POINT('',(12.5090565717311,-5.3099999999946,12.9430871002733));
#4921=CARTESIAN_POINT('',(12.5090565717311,-4.90499999999459,12.9430871002733));
#4922=CARTESIAN_POINT('Origin',(3.35287353436797E-12,-5.30999999999473,
-2.1493917756743E-12));
#4923=CARTESIAN_POINT('Origin',(-7.84621625943177,-2.00999999999491,-2.54939020359541));
#4924=CARTESIAN_POINT('',(15.1645413610795,-2.00999999999439,6.50282133448089));
#4925=CARTESIAN_POINT('',(16.0906341517177,-2.00999999999431,3.65260079883709));
#4926=CARTESIAN_POINT('Origin',(15.6924325188733,-2.00999999999435,5.09878040718455));
#4927=CARTESIAN_POINT('',(-15.164541361073,-2.00999999999506,-6.50282133448509));
#4928=CARTESIAN_POINT('Origin',(3.25073301610246E-12,-2.00999999999472,
-2.08721928629529E-12));
#4929=CARTESIAN_POINT('',(-16.0906341517112,-2.00999999999514,-3.65260079884123));
#4930=CARTESIAN_POINT('Origin',(-15.6924325188668,-2.0099999999951,-5.09878040718873));
#4931=CARTESIAN_POINT('Origin',(3.25073301610246E-12,-2.00999999999472,
-2.08721928629529E-12));
#4932=CARTESIAN_POINT('',(3.70820393250263,-2.0099999999944,-11.4126781955439));
#4933=CARTESIAN_POINT('Origin',(3.25073301610246E-12,-2.00999999999472,
-2.08721928629529E-12));
#4934=CARTESIAN_POINT('Origin',(3.25073301610246E-12,-1.99999999999473,
-2.08721928629529E-12));
#4935=CARTESIAN_POINT('',(11.887361485966,-2.00000002650114,13.4496519249382));
#4936=CARTESIAN_POINT('',(16.6017570397006,-1.99999999999444,11.1262223884785));
#4937=CARTESIAN_POINT('Origin',(18.509846993466,-1.99999999999457,20.9424942229551));
#4938=CARTESIAN_POINT('',(21.9225602052463,-1.99999999999426,10.0919630242988));
#4939=CARTESIAN_POINT('',(21.9225602052463,-1.99999999999426,10.0919630242988));
#4940=CARTESIAN_POINT('',(23.6676307986178,-1.9999999999941,4.7211879878707));
#4941=CARTESIAN_POINT('Origin',(20.8281377068671,-1.99999999999423,6.76747217680926));
#4942=CARTESIAN_POINT('',(19.9709330152775,-1.99999999999414,0.756964954598969));
#4943=CARTESIAN_POINT('',(23.6676307986178,-1.9999999999941,4.7211879878707));
#4944=CARTESIAN_POINT('',(17.5225845103723,-1.99999999999413,-3.89378120558812));
#4945=CARTESIAN_POINT('Origin',(27.2844700314692,-1.99999999999379,-6.06301864602601));
#4946=CARTESIAN_POINT('',(-11.8873614859594,-1.99999999999483,-13.4496519249424));
#4947=CARTESIAN_POINT('Origin',(3.25073301610246E-12,-1.99999999999473,
-2.08721928629529E-12));
#4948=CARTESIAN_POINT('',(-16.6017570396941,-1.99999999999501,-11.1262223884827));
#4949=CARTESIAN_POINT('Origin',(-18.5098469934596,-1.99999999999489,-20.9424942229593));
#4950=CARTESIAN_POINT('',(-21.9225602052399,-1.99999999999519,-10.0919630243029));
#4951=CARTESIAN_POINT('',(-21.9225602052399,-1.99999999999519,-10.0919630243029));
#4952=CARTESIAN_POINT('',(-23.6676307986113,-1.99999999999535,-4.72118798787488));
#4953=CARTESIAN_POINT('Origin',(-20.8281377068606,-1.99999999999523,-6.76747217681344));
#4954=CARTESIAN_POINT('',(-19.970933015271,-1.99999999999531,-0.756964954603143));
#4955=CARTESIAN_POINT('',(-23.6676307986113,-1.99999999999535,-4.72118798787488));
#4956=CARTESIAN_POINT('',(-17.5225845103658,-2.00000002650239,3.89378120558394));
#4957=CARTESIAN_POINT('Origin',(-27.2844700314628,-1.99999999999566,6.06301864602183));
#4958=CARTESIAN_POINT('Origin',(3.25091467125345E-12,-2.00000005363207,
-2.08765705720893E-12));
#4959=CARTESIAN_POINT('',(-16.0906341517112,-1.99999999999514,-3.65260079884123));
#4960=CARTESIAN_POINT('',(15.1645413610795,-1.99999999999439,6.50282133448089));
#4961=CARTESIAN_POINT('Origin',(3.25073301610246E-12,-1.99999999999473,
-2.08721928629529E-12));
#4962=CARTESIAN_POINT('',(-15.164541361073,-1.99999999999506,-6.50282133448509));
#4963=CARTESIAN_POINT('Origin',(-15.6924325188668,-1.9999999999951,-5.09878040718873));
#4964=CARTESIAN_POINT('',(16.0906341517177,-1.99999999999431,3.65260079883709));
#4965=CARTESIAN_POINT('Origin',(3.25073301610246E-12,-1.99999999999473,
-2.08721928629529E-12));
#4966=CARTESIAN_POINT('Origin',(15.6924325188733,-1.99999999999435,5.09878040718455));
#4967=CARTESIAN_POINT('',(-20.4561323116364,-1.99999999999519,-7.96092807709801));
#4968=CARTESIAN_POINT('Origin',(-20.842403554605,-1.99999999999522,-6.77210743172907));
#4969=CARTESIAN_POINT('',(21.2286747975802,-1.99999999999419,5.58328678635595));
#4970=CARTESIAN_POINT('Origin',(20.8424035546115,-1.99999999999422,6.77210743172489));
#4971=CARTESIAN_POINT('Origin',(3.25073301610246E-12,-2.00999999999472,
-2.08721928629529E-12));
#4972=CARTESIAN_POINT('',(15.1645413610795,-2.00999999999439,6.50282133448089));
#4973=CARTESIAN_POINT('',(-16.0906341517112,-2.00999999999514,-3.65260079884123));
#4974=CARTESIAN_POINT('Origin',(3.31068505943222E-12,-3.99999999999472,
-2.1227464230833E-12));
#4975=CARTESIAN_POINT('',(3.70820393250263,-1.9999999999944,-11.4126781955439));
#4976=CARTESIAN_POINT('Origin',(3.25073301610246E-12,-1.99999999999473,
-2.08721928629529E-12));
#4977=CARTESIAN_POINT('',(3.70820393250268,-3.99999999999439,-11.412678195544));
#4978=CARTESIAN_POINT('Origin',(3.07087688611318E-12,4.00000000000527,-1.97175609173428E-12));
#4979=CARTESIAN_POINT('',(1.18882064537201,4.0000000000053,0.386271242966711));
#4980=CARTESIAN_POINT('Origin',(3.07087688611318E-12,4.00000000000527,-1.97175609173428E-12));
#4981=CARTESIAN_POINT('Origin',(3.07087688611318E-12,4.00000000000527,-1.97175609173428E-12));
#4982=CARTESIAN_POINT('',(1.18882064537196,-0.5100007629341,0.386271242966387));
#4983=CARTESIAN_POINT('Origin',(2.99316127438942E-12,-0.510000762934131,
-2.32702745961433E-12));
#4984=CARTESIAN_POINT('',(1.18882064537201,4.0000000000053,0.386271242966714));
#4985=CARTESIAN_POINT('Origin',(3.20632409511745E-12,-0.509999999994726,
-2.06057393370429E-12));
#4986=CARTESIAN_POINT('',(-2.47213595499638,-0.509999999994945,7.60845213035917));
#4987=CARTESIAN_POINT('Origin',(3.20632409511745E-12,-0.509999999994726,
-2.06057393370429E-12));
#4988=CARTESIAN_POINT('Origin',(31.0027856935604,-5.30999999999347,-16.9398986772396));
#4989=CARTESIAN_POINT('',(-11.8873614859593,-5.30999999999483,-13.4496519249425));
#4990=CARTESIAN_POINT('Origin',(-18.5098469934595,-5.30999999999489,-20.9424942229594));
#4991=CARTESIAN_POINT('',(17.5225845103724,-5.30999999999412,-3.89378120558818));
#4992=CARTESIAN_POINT('Origin',(3.35065308831872E-12,-5.30999999999473,
-2.1493917756743E-12));
#4993=CARTESIAN_POINT('Origin',(27.2844700314693,-5.30999999999379,-6.06301864602608));
#4994=CARTESIAN_POINT('Origin',(3.32622818177697E-12,-4.49999999999472,
-2.1360690993788E-12));
#4995=CARTESIAN_POINT('',(19.9709330152776,-4.49999999999413,0.75696495459892));
#4996=CARTESIAN_POINT('Origin',(27.2844700314693,-4.49999999999378,-6.06301864602606));
#4997=CARTESIAN_POINT('',(23.6676307986179,-4.4999999999941,4.72118798787066));
#4998=CARTESIAN_POINT('',(23.6676307986179,-4.4999999999941,4.72118798787065));
#4999=CARTESIAN_POINT('',(21.9225602052464,-4.49999999999425,10.0919630242987));
#5000=CARTESIAN_POINT('Origin',(20.8281377068672,-4.49999999999422,6.76747217680921));
#5001=CARTESIAN_POINT('',(16.6017570397007,-4.49999999999443,11.1262223884784));
#5002=CARTESIAN_POINT('',(21.9225602052464,-4.49999999999425,10.0919630242987));
#5003=CARTESIAN_POINT('Origin',(18.5098469934661,-4.49999999999456,20.9424942229551));
#5004=CARTESIAN_POINT('',(21.2286747975803,-4.49999999999419,5.5832867863559));
#5005=CARTESIAN_POINT('Origin',(20.8424035546116,-4.49999999999423,6.77210743172485));
#5006=CARTESIAN_POINT('Origin',(31.0027856935604,-5.30999999999347,-16.9398986772396));
#5007=CARTESIAN_POINT('',(11.887361485966,-5.30999999999462,13.4496519249382));
#5008=CARTESIAN_POINT('Origin',(18.5098469934661,-5.30999999999457,20.9424942229551));
#5009=CARTESIAN_POINT('',(-17.5225845103657,-5.30999999999533,3.89378120558387));
#5010=CARTESIAN_POINT('Origin',(3.35065308831872E-12,-5.30999999999473,
-2.1493917756743E-12));
#5011=CARTESIAN_POINT('Origin',(-27.2844700314627,-5.30999999999566,6.06301864602177));
#5012=CARTESIAN_POINT('Origin',(3.32622818177697E-12,-4.49999999999472,
-2.1360690993788E-12));
#5013=CARTESIAN_POINT('',(-23.6676307986113,-4.49999999999534,-4.72118798787493));
#5014=CARTESIAN_POINT('',(-19.970933015271,-4.4999999999953,-0.756964954603192));
#5015=CARTESIAN_POINT('',(-23.6676307986113,-4.49999999999534,-4.72118798787493));
#5016=CARTESIAN_POINT('',(-21.9225602052398,-4.49999999999519,-10.091963024303));
#5017=CARTESIAN_POINT('Origin',(-20.8281377068605,-4.49999999999522,-6.76747217681349));
#5018=CARTESIAN_POINT('',(-16.601757039694,-4.499999999995,-11.1262223884827));
#5019=CARTESIAN_POINT('',(-21.9225602052398,-4.49999999999519,-10.091963024303));
#5020=CARTESIAN_POINT('Origin',(-18.5098469934595,-4.49999999999488,-20.9424942229593));
#5021=CARTESIAN_POINT('Origin',(-27.2844700314627,-4.49999999999565,6.06301864602178));
#5022=CARTESIAN_POINT('',(-20.4561323116363,-4.49999999999519,-7.96092807709806));
#5023=CARTESIAN_POINT('Origin',(-20.842403554605,-4.49999999999522,-6.77210743172911));
#5024=CARTESIAN_POINT('Origin',(-20.8424035546049,-6.99999999999523,-6.77210743172916));
#5025=CARTESIAN_POINT('',(-20.4561323116362,-6.9999999999952,-7.9609280770981));
#5026=CARTESIAN_POINT('Origin',(20.8424035546117,-6.99999999999423,6.7721074317248));
#5027=CARTESIAN_POINT('',(21.2286747975804,-6.9999999999942,5.58328678635586));
#5028=CARTESIAN_POINT('Origin',(-18.5098469934614,60.2049033437127,-20.9424942229581));
#5029=CARTESIAN_POINT('',(-16.601757039696,60.2049033437125,-11.1262223884815));
#5030=CARTESIAN_POINT('',(-11.8873614859613,60.2049033437127,-13.4496519249412));
#5031=CARTESIAN_POINT('Origin',(1.37889699658444E-12,60.2049033437128,-9.05941988094128E-13));
#5032=CARTESIAN_POINT('',(17.5225845103704,60.2049033437134,-3.89378120558693));
#5033=CARTESIAN_POINT('Origin',(27.2844700314674,60.2049033437138,-6.06301864602483));
#5034=CARTESIAN_POINT('',(19.9709330152757,60.2049033437134,0.75696495460015));
#5035=CARTESIAN_POINT('Origin',(23.667630798616,60.2049033437134,4.72118798787188));
#5036=CARTESIAN_POINT('',(23.667630798616,60.2049033437134,4.72118798787188));
#5037=CARTESIAN_POINT('Origin',(20.8281377068652,60.2049033437133,6.76747217681045));
#5038=CARTESIAN_POINT('',(21.9225602052445,60.2049033437133,10.0919630242999));
#5039=CARTESIAN_POINT('Origin',(21.9225602052445,60.2049033437133,10.0919630242999));
#5040=CARTESIAN_POINT('',(16.6017570396987,60.2049033437131,11.1262223884797));
#5041=CARTESIAN_POINT('Origin',(18.5098469934642,60.204903343713,20.9424942229563));
#5042=CARTESIAN_POINT('',(11.8873614859641,60.2049033437129,13.4496519249394));
#5043=CARTESIAN_POINT('Origin',(1.37889699658444E-12,60.2049033437128,-9.05941988094128E-13));
#5044=CARTESIAN_POINT('',(-17.5225845103677,60.2049033437122,3.89378120558512));
#5045=CARTESIAN_POINT('Origin',(-27.2844700314646,60.2049033437119,6.06301864602301));
#5046=CARTESIAN_POINT('',(-19.9709330152729,60.2049033437122,-0.756964954601962));
#5047=CARTESIAN_POINT('Origin',(-23.6676307986132,60.2049033437122,-4.7211879878737));
#5048=CARTESIAN_POINT('',(-23.6676307986132,60.2049033437122,-4.7211879878737));
#5049=CARTESIAN_POINT('Origin',(-20.8281377068625,60.2049033437123,-6.76747217681226));
#5050=CARTESIAN_POINT('',(-21.9225602052417,60.2049033437124,-10.0919630243017));
#5051=CARTESIAN_POINT('Origin',(-21.9225602052417,60.2049033437124,-10.0919630243017));
#5052=CARTESIAN_POINT('Origin',(15.6924325188733,-2.00999999999435,5.09878040718455));
#5053=CARTESIAN_POINT('',(16.0906341517177,-2.00999999999431,3.65260079883709));
#5054=CARTESIAN_POINT('Origin',(-15.6924325188668,-2.0099999999951,-5.09878040718873));
#5055=CARTESIAN_POINT('',(-15.164541361073,-2.00999999999506,-6.50282133448509));
#5056=CARTESIAN_POINT('Origin',(3.25073301610246E-12,-2.00999999999472,
-2.08721928629529E-12));
#5057=CARTESIAN_POINT('Origin',(3.1952218648712E-12,-0.149999999994725,
-2.05169214950729E-12));
#5058=CARTESIAN_POINT('',(-2.47213595499633,-1.99999999999494,7.60845213035914));
#5059=CARTESIAN_POINT('Origin',(3.25073301610246E-12,-1.99999999999473,
-2.08721928629529E-12));
#5060=CARTESIAN_POINT('',(-2.47213595499639,-0.149999999994944,7.60845213035918));
#5061=CARTESIAN_POINT('Origin',(3.25073301610246E-12,-1.99999999999473,
-2.08721928629529E-12));
#5062=CARTESIAN_POINT('Origin',(1.37889699658444E-12,60.2049033437128,-9.05941988094128E-13));
#5063=CARTESIAN_POINT('',(-3.74461191500705,-5.2999999999946,-12.449011270218));
#5064=CARTESIAN_POINT('',(10.3467999068414,-5.29999999999426,-7.87043402157026));
#5065=CARTESIAN_POINT('Origin',(3.35065308831872E-12,-5.29999999999472,
-2.1493917756743E-12));
#5066=CARTESIAN_POINT('',(-3.74461191500705,-5.3099999999946,-12.449011270218));
#5067=CARTESIAN_POINT('',(-3.74461191500902,60.2049033437129,-12.4490112702168));
#5068=CARTESIAN_POINT('',(10.3467999068414,-5.30999999999426,-7.87043402157026));
#5069=CARTESIAN_POINT('Origin',(3.35065308831872E-12,-5.30999999999473,
-2.1493917756743E-12));
#5070=CARTESIAN_POINT('',(10.3467999068394,60.2049033437133,-7.87043402156901));
#5071=CARTESIAN_POINT('Origin',(13.3151465708567,-5.30999999999419,-6.90595972518444));
#5072=CARTESIAN_POINT('',(13.3151465708567,-5.30999999999419,-6.90595972518444));
#5073=CARTESIAN_POINT('',(13.3151465708567,-5.29999999999419,-6.90595972518444));
#5074=CARTESIAN_POINT('Origin',(31.0027856935604,-5.30999999999347,-16.9398986772396));
#5075=CARTESIAN_POINT('Origin',(31.0027856935604,-5.29999999999347,-16.9398986772396));
#5076=CARTESIAN_POINT('Origin',(1.37889699658444E-12,60.2049033437128,-9.05941988094128E-13));
#5077=CARTESIAN_POINT('',(-6.43487877627524,-5.30999999999471,-11.2956777191388));
#5078=CARTESIAN_POINT('',(-11.8453590647059,-5.30999999999518,5.35606839277541));
#5079=CARTESIAN_POINT('Origin',(3.35065308831872E-12,-5.30999999999473,
-2.1493917756743E-12));
#5080=CARTESIAN_POINT('',(-6.43487877627524,-5.2999999999947,-11.2956777191388));
#5081=CARTESIAN_POINT('',(-6.43487877627721,60.2049033437128,-11.2956777191375));
#5082=CARTESIAN_POINT('',(-11.8453590647059,-5.29999999999518,5.35606839277541));
#5083=CARTESIAN_POINT('Origin',(3.35065308831872E-12,-5.29999999999472,
-2.1493917756743E-12));
#5084=CARTESIAN_POINT('',(-11.8453590647078,60.2049033437124,5.35606839277666));
#5085=CARTESIAN_POINT('Origin',(-12.0856427587767,-5.30999999999521,6.09558556226877));
#5086=CARTESIAN_POINT('',(-12.0856427587767,-5.30999999999521,6.09558556226877));
#5087=CARTESIAN_POINT('',(-12.0856427587767,-5.2999999999952,6.09558556226877));
#5088=CARTESIAN_POINT('Origin',(31.0027856935604,-5.30999999999347,-16.9398986772396));
#5089=CARTESIAN_POINT('Origin',(31.0027856935604,-5.29999999999347,-16.9398986772396));
#5090=CARTESIAN_POINT('Origin',(1.37889699658444E-12,60.2049033437128,-9.05941988094128E-13));
#5091=CARTESIAN_POINT('',(7.65797727242565,-5.30999999999469,10.50501709161));
#5092=CARTESIAN_POINT('',(12.3701278774601,-5.30999999999428,-3.9974912501949));
#5093=CARTESIAN_POINT('Origin',(3.35065308831872E-12,-5.30999999999473,
-2.1493917756743E-12));
#5094=CARTESIAN_POINT('',(7.65797727242565,-5.29999999999469,10.50501709161));
#5095=CARTESIAN_POINT('',(7.65797727242368,60.2049033437129,10.5050170916113));
#5096=CARTESIAN_POINT('',(12.3701278774601,-5.29999999999428,-3.9974912501949));
#5097=CARTESIAN_POINT('Origin',(3.35065308831872E-12,-5.29999999999472,
-2.1493917756743E-12));
#5098=CARTESIAN_POINT('',(12.3701278774581,60.2049033437133,-3.99749125019365));
#5099=CARTESIAN_POINT('Origin',(7.06852873665675,-5.30999999999475,12.319153146158));
#5100=CARTESIAN_POINT('',(7.06852873665675,-5.30999999999475,12.319153146158));
#5101=CARTESIAN_POINT('',(7.06852873665675,-5.29999999999474,12.319153146158));
#5102=CARTESIAN_POINT('Origin',(31.0027856935604,-5.30999999999347,-16.9398986772396));
#5103=CARTESIAN_POINT('Origin',(31.0027856935604,-5.29999999999347,-16.9398986772396));
#5104=CARTESIAN_POINT('Origin',(1.37889699658444E-12,60.2049033437128,-9.05941988094128E-13));
#5105=CARTESIAN_POINT('',(-11.3527014910382,-5.30999999999519,6.33373261633892));
#5106=CARTESIAN_POINT('',(5.46165381447267,-5.30999999999479,11.7970478345577));
#5107=CARTESIAN_POINT('Origin',(3.35065308831872E-12,-5.30999999999473,
-2.1493917756743E-12));
#5108=CARTESIAN_POINT('',(-11.3527014910382,-5.29999999999519,6.33373261633892));
#5109=CARTESIAN_POINT('',(-11.3527014910402,60.2049033437124,6.33373261634016));
#5110=CARTESIAN_POINT('',(5.46165381447267,-5.29999999999478,11.7970478345577));
#5111=CARTESIAN_POINT('Origin',(3.35065308831872E-12,-5.29999999999472,
-2.1493917756743E-12));
#5112=CARTESIAN_POINT('',(5.4616538144707,60.2049033437128,11.7970478345589));
#5113=CARTESIAN_POINT('Origin',(7.06852873665675,-5.30999999999475,12.319153146158));
#5114=CARTESIAN_POINT('',(7.06852873665675,-5.30999999999475,12.319153146158));
#5115=CARTESIAN_POINT('',(7.06852873665675,-5.29999999999474,12.319153146158));
#5116=CARTESIAN_POINT('Origin',(31.0027856935604,-5.30999999999347,-16.9398986772396));
#5117=CARTESIAN_POINT('Origin',(31.0027856935604,-5.29999999999347,-16.9398986772396));
#5118=UNCERTAINTY_MEASURE_WITH_UNIT(LENGTH_MEASURE(0.01),#5122,
'DISTANCE_ACCURACY_VALUE',
'Maximum model space distance between geometric entities at asserted c
onnectivities');
#5119=UNCERTAINTY_MEASURE_WITH_UNIT(LENGTH_MEASURE(0.01),#5122,
'DISTANCE_ACCURACY_VALUE',
'Maximum model space distance between geometric entities at asserted c
onnectivities');
#5120=(
GEOMETRIC_REPRESENTATION_CONTEXT(3)
GLOBAL_UNCERTAINTY_ASSIGNED_CONTEXT((#5118))
GLOBAL_UNIT_ASSIGNED_CONTEXT((#5122,#5124,#5125))
REPRESENTATION_CONTEXT('','3D')
);
#5121=(
GEOMETRIC_REPRESENTATION_CONTEXT(3)
GLOBAL_UNCERTAINTY_ASSIGNED_CONTEXT((#5119))
GLOBAL_UNIT_ASSIGNED_CONTEXT((#5122,#5124,#5125))
REPRESENTATION_CONTEXT('','3D')
);
#5122=(
LENGTH_UNIT()
NAMED_UNIT(*)
SI_UNIT(.MILLI.,.METRE.)
);
#5123=(
LENGTH_UNIT()
NAMED_UNIT(*)
SI_UNIT(.CENTI.,.METRE.)
);
#5124=(
NAMED_UNIT(*)
PLANE_ANGLE_UNIT()
SI_UNIT($,.RADIAN.)
);
#5125=(
NAMED_UNIT(*)
SI_UNIT($,.STERADIAN.)
SOLID_ANGLE_UNIT()
);
#5126=SHAPE_DEFINITION_REPRESENTATION(#5127,#5128);
#5127=PRODUCT_DEFINITION_SHAPE('',$,#5130);
#5128=SHAPE_REPRESENTATION('',(#2772),#5120);
#5129=PRODUCT_DEFINITION_CONTEXT('part definition',#5134,'design');
#5130=PRODUCT_DEFINITION('giga extruder stepper motor pancake',
'giga extruder stepper motor pancake',#5131,#5129);
#5131=PRODUCT_DEFINITION_FORMATION('',$,#5136);
#5132=PRODUCT_RELATED_PRODUCT_CATEGORY(
'giga extruder stepper motor pancake',
'giga extruder stepper motor pancake',(#5136));
#5133=APPLICATION_PROTOCOL_DEFINITION('international standard',
'automotive_design',2009,#5134);
#5134=APPLICATION_CONTEXT(
'Core Data for Automotive Mechanical Design Process');
#5135=PRODUCT_CONTEXT('part definition',#5134,'mechanical');
#5136=PRODUCT('giga extruder stepper motor pancake',
'giga extruder stepper motor pancake',$,(#5135));
#5137=PRESENTATION_STYLE_ASSIGNMENT((#5139));
#5138=PRESENTATION_STYLE_ASSIGNMENT((#5140));
#5139=SURFACE_STYLE_USAGE(.BOTH.,#5145);
#5140=SURFACE_STYLE_USAGE(.BOTH.,#5146);
#5141=SURFACE_STYLE_RENDERING_WITH_PROPERTIES($,#5153,(#5143));
#5142=SURFACE_STYLE_RENDERING_WITH_PROPERTIES($,#5154,(#5144));
#5143=SURFACE_STYLE_TRANSPARENT(0.);
#5144=SURFACE_STYLE_TRANSPARENT(0.);
#5145=SURFACE_SIDE_STYLE('',(#5147,#5141));
#5146=SURFACE_SIDE_STYLE('',(#5148,#5142));
#5147=SURFACE_STYLE_FILL_AREA(#5149);
#5148=SURFACE_STYLE_FILL_AREA(#5150);
#5149=FILL_AREA_STYLE('',(#5151));
#5150=FILL_AREA_STYLE('',(#5152));
#5151=FILL_AREA_STYLE_COLOUR('',#5153);
#5152=FILL_AREA_STYLE_COLOUR('',#5154);
#5153=COLOUR_RGB('',0.749019607843137,0.749019607843137,0.749019607843137);
#5154=COLOUR_RGB('',0.0392156862745098,0.0392156862745098,0.0392156862745098);
ENDSEC;
END-ISO-10303-21;
