ISO-10303-21;
HEADER;
/* Generated by software containing ST-Developer
 * from STEP Tools, Inc. (www.steptools.com) 
 */

FILE_DESCRIPTION(
/* description */ (''),
/* implementation_level */ '2;1');

FILE_NAME(
/* name */ 'Giga heat exchanger.stp',
/* time_stamp */ '2025-10-21T12:52:07+10:00',
/* author */ ('Jcw Drafting Lab 1'),
/* organization */ (''),
/* preprocessor_version */ 'ST-DEVELOPER v20',
/* originating_system */ 'Autodesk Inventor 2025',
/* authorisation */ '');

FILE_SCHEMA (('AUTOMOTIVE_DESIGN { 1 0 10303 214 3 1 1 }'));
ENDSEC;

DATA;
#10=MECHANICAL_DESIGN_GEOMETRIC_PRESENTATION_REPRESENTATION('',(#13),#5873);
#11=SHAPE_REPRESENTATION_RELATIONSHIP('SRR','None',#5880,#12);
#12=ADVANCED_BREP_SHAPE_REPRESENTATION('',(#14),#5872);
#13=STYLED_ITEM('',(#5889),#14);
#14=MANIFOLD_SOLID_BREP('Solid1',#3311);
#15=FACE_BOUND('',#365,.T.);
#16=FACE_BOUND('',#366,.T.);
#17=FACE_BOUND('',#374,.T.);
#18=FACE_BOUND('',#375,.T.);
#19=FACE_BOUND('',#384,.T.);
#20=FACE_BOUND('',#408,.T.);
#21=FACE_BOUND('',#410,.T.);
#22=FACE_BOUND('',#413,.T.);
#23=FACE_BOUND('',#434,.T.);
#24=FACE_BOUND('',#438,.T.);
#25=FACE_BOUND('',#441,.T.);
#26=FACE_BOUND('',#518,.T.);
#27=FACE_BOUND('',#521,.T.);
#28=FACE_BOUND('',#525,.T.);
#29=B_SPLINE_CURVE_WITH_KNOTS('',3,(#4645,#4646,#4647,#4648,#4649,#4650,
#4651,#4652,#4653,#4654,#4655,#4656,#4657,#4658,#4659,#4660,#4661,#4662,
#4663,#4664,#4665,#4666,#4667,#4668,#4669,#4670,#4671,#4672,#4673,#4674,
#4675,#4676,#4677,#4678),.UNSPECIFIED.,.T.,.F.,(4,2,2,2,2,2,2,2,2,2,2,2,
2,2,2,2,4),(0.,0.0489319847096036,0.0978639694192072,0.146409265153408,
0.194954560887609,0.243499856621809,0.29204515235601,0.340977137065614,
0.389909121775217,0.438841106484821,0.487773091194425,0.536318386928625,
0.584863682662826,0.633408978397027,0.681954274131227,0.730886258840831,
0.779818243550434),.UNSPECIFIED.);
#30=B_SPLINE_CURVE_WITH_KNOTS('',3,(#4680,#4681,#4682,#4683,#4684,#4685,
#4686,#4687,#4688,#4689,#4690,#4691,#4692,#4693,#4694,#4695,#4696,#4697,
#4698,#4699,#4700,#4701,#4702,#4703,#4704,#4705,#4706,#4707,#4708,#4709,
#4710,#4711,#4712,#4713),.UNSPECIFIED.,.T.,.F.,(4,2,2,2,2,2,2,2,2,2,2,2,
2,2,2,2,4),(0.,0.0489319847096036,0.0978639694192072,0.146409265153408,
0.194954560887609,0.243499856621809,0.29204515235601,0.340977137065614,
0.389909121775217,0.438841106484821,0.487773091194425,0.536318386928625,
0.584863682662826,0.633408978397026,0.681954274131227,0.730886258840831,
0.779818243550434),.UNSPECIFIED.);
#31=B_SPLINE_CURVE_WITH_KNOTS('',3,(#5301,#5302,#5303,#5304,#5305,#5306,
#5307,#5308,#5309,#5310,#5311,#5312,#5313,#5314,#5315,#5316,#5317,#5318),
 .UNSPECIFIED.,.F.,.F.,(4,2,2,2,2,2,2,2,4),(0.,0.0470857054663214,0.0941714109326428,
0.141259003749688,0.188346596566734,0.235435148103988,0.282523699641241,
0.329609500342542,0.376695301043842),.UNSPECIFIED.);
#32=B_SPLINE_CURVE_WITH_KNOTS('',3,(#5319,#5320,#5321,#5322,#5323,#5324,
#5325,#5326,#5327,#5328,#5329,#5330,#5331,#5332,#5333,#5334,#5335,#5336),
 .UNSPECIFIED.,.F.,.F.,(4,2,2,2,2,2,2,2,4),(0.376695301043842,0.423781101745142,
0.470866902446442,0.517955453983696,0.56504400552095,0.612131598337995,
0.65921919115504,0.706304896621362,0.753390602087683),.UNSPECIFIED.);
#33=B_SPLINE_CURVE_WITH_KNOTS('',3,(#5340,#5341,#5342,#5343,#5344,#5345,
#5346,#5347,#5348,#5349,#5350,#5351,#5352,#5353,#5354,#5355,#5356,#5357),
 .UNSPECIFIED.,.F.,.F.,(4,2,2,2,2,2,2,2,4),(0.,0.0470857054663214,0.0941714109326428,
0.141259003749688,0.188346596566734,0.235435148103988,0.282523699641241,
0.329609500342542,0.376695301043842),.UNSPECIFIED.);
#34=B_SPLINE_CURVE_WITH_KNOTS('',3,(#5358,#5359,#5360,#5361,#5362,#5363,
#5364,#5365,#5366,#5367,#5368,#5369,#5370,#5371,#5372,#5373,#5374,#5375),
 .UNSPECIFIED.,.F.,.F.,(4,2,2,2,2,2,2,2,4),(0.376695301043842,0.423781101745142,
0.470866902446442,0.517955453983696,0.56504400552095,0.612131598337995,
0.65921919115504,0.706304896621362,0.753390602087683),.UNSPECIFIED.);
#35=B_SPLINE_CURVE_WITH_KNOTS('',3,(#5380,#5381,#5382,#5383,#5384,#5385,
#5386,#5387,#5388,#5389,#5390,#5391,#5392,#5393,#5394,#5395,#5396,#5397),
 .UNSPECIFIED.,.F.,.F.,(4,2,2,2,2,2,2,2,4),(0.,0.047083973121222,0.094167946242444,
0.141278937071117,0.18838992789979,0.235513732679722,0.282637537459655,
0.329722785728251,0.376808033996848),.UNSPECIFIED.);
#36=B_SPLINE_CURVE_WITH_KNOTS('',3,(#5398,#5399,#5400,#5401,#5402,#5403,
#5404,#5405,#5406,#5407,#5408,#5409,#5410,#5411,#5412,#5413,#5414,#5415),
 .UNSPECIFIED.,.F.,.F.,(4,2,2,2,2,2,2,2,4),(0.376808033996848,0.423893282265444,
0.47097853053404,0.518102335313973,0.565226140093905,0.612337130922578,
0.659448121751251,0.706532094872473,0.753616067993695),.UNSPECIFIED.);
#37=B_SPLINE_CURVE_WITH_KNOTS('',3,(#5422,#5423,#5424,#5425,#5426,#5427,
#5428,#5429,#5430,#5431,#5432,#5433,#5434,#5435,#5436,#5437,#5438,#5439),
 .UNSPECIFIED.,.F.,.F.,(4,2,2,2,2,2,2,2,4),(0.,0.0470852482685963,0.0941704965371926,
0.141294301317125,0.188418106097058,0.235529096925731,0.282640087754404,
0.329724060875626,0.376808033996848),.UNSPECIFIED.);
#38=B_SPLINE_CURVE_WITH_KNOTS('',3,(#5440,#5441,#5442,#5443,#5444,#5445,
#5446,#5447,#5448,#5449,#5450,#5451,#5452,#5453,#5454,#5455,#5456,#5457),
 .UNSPECIFIED.,.F.,.F.,(4,2,2,2,2,2,2,2,4),(0.376808033996848,0.42389200711807,
0.470975980239292,0.518086971067965,0.565197961896638,0.61232176667657,
0.659445571456503,0.706530819725099,0.753616067993695),.UNSPECIFIED.);
#39=B_SPLINE_CURVE_WITH_KNOTS('',3,(#5461,#5462,#5463,#5464,#5465,#5466,
#5467,#5468,#5469,#5470,#5471,#5472,#5473,#5474,#5475,#5476,#5477,#5478),
 .UNSPECIFIED.,.F.,.F.,(4,2,2,2,2,2,2,2,4),(0.,0.0470858007013001,0.0941716014026001,
0.141260152939854,0.188348704477108,0.235436297294153,0.282523890111199,
0.32960959557752,0.376695301043842),.UNSPECIFIED.);
#40=B_SPLINE_CURVE_WITH_KNOTS('',3,(#5479,#5480,#5481,#5482,#5483,#5484,
#5485,#5486,#5487,#5488,#5489,#5490,#5491,#5492,#5493,#5494,#5495,#5496),
 .UNSPECIFIED.,.F.,.F.,(4,2,2,2,2,2,2,2,4),(0.376695301043842,0.423781006510163,
0.470866711976484,0.51795430479353,0.565041897610575,0.612130449147829,
0.659219000685083,0.706304801386383,0.753390602087683),.UNSPECIFIED.);
#41=B_SPLINE_CURVE_WITH_KNOTS('',3,(#5500,#5501,#5502,#5503,#5504,#5505,
#5506,#5507,#5508,#5509,#5510,#5511,#5512,#5513,#5514,#5515,#5516,#5517),
 .UNSPECIFIED.,.F.,.F.,(4,2,2,2,2,2,2,2,4),(0.,0.0470858007013001,0.0941716014026001,
0.141260152939854,0.188348704477108,0.235436297294153,0.282523890111199,
0.32960959557752,0.376695301043842),.UNSPECIFIED.);
#42=B_SPLINE_CURVE_WITH_KNOTS('',3,(#5518,#5519,#5520,#5521,#5522,#5523,
#5524,#5525,#5526,#5527,#5528,#5529,#5530,#5531,#5532,#5533,#5534,#5535),
 .UNSPECIFIED.,.F.,.F.,(4,2,2,2,2,2,2,2,4),(0.376695301043842,0.423781006510163,
0.470866711976484,0.51795430479353,0.565041897610575,0.612130449147829,
0.659219000685083,0.706304801386383,0.753390602087683),.UNSPECIFIED.);
#43=CYLINDRICAL_SURFACE('',#3341,2.);
#44=CYLINDRICAL_SURFACE('',#3343,0.5);
#45=CYLINDRICAL_SURFACE('',#3408,0.5);
#46=CYLINDRICAL_SURFACE('',#3410,0.5);
#47=CYLINDRICAL_SURFACE('',#3412,18.25);
#48=CYLINDRICAL_SURFACE('',#3474,0.5);
#49=CYLINDRICAL_SURFACE('',#3476,0.5);
#50=CYLINDRICAL_SURFACE('',#3478,0.5);
#51=CYLINDRICAL_SURFACE('',#3480,1.);
#52=CYLINDRICAL_SURFACE('',#3483,1.);
#53=CYLINDRICAL_SURFACE('',#3485,1.);
#54=CYLINDRICAL_SURFACE('',#3486,2.5);
#55=CYLINDRICAL_SURFACE('',#3487,1.25);
#56=CYLINDRICAL_SURFACE('',#3488,1.25);
#57=CYLINDRICAL_SURFACE('',#3489,1.25);
#58=CYLINDRICAL_SURFACE('',#3491,1.25);
#59=CYLINDRICAL_SURFACE('',#3495,1.25);
#60=CYLINDRICAL_SURFACE('',#3499,1.25);
#61=CYLINDRICAL_SURFACE('',#3510,1.5);
#62=CYLINDRICAL_SURFACE('',#3515,1.5);
#63=CYLINDRICAL_SURFACE('',#3530,2.5);
#64=CYLINDRICAL_SURFACE('',#3534,0.5);
#65=CYLINDRICAL_SURFACE('',#3536,0.5);
#66=CYLINDRICAL_SURFACE('',#3538,2.);
#67=CYLINDRICAL_SURFACE('',#3540,2.);
#68=CYLINDRICAL_SURFACE('',#3541,18.25);
#69=CYLINDRICAL_SURFACE('',#3542,2.);
#70=CYLINDRICAL_SURFACE('',#3543,2.);
#71=CYLINDRICAL_SURFACE('',#3547,0.2);
#72=CYLINDRICAL_SURFACE('',#3548,0.2);
#73=CYLINDRICAL_SURFACE('',#3550,0.2);
#74=CYLINDRICAL_SURFACE('',#3552,0.2);
#75=CYLINDRICAL_SURFACE('',#3555,126.812500000008);
#76=CYLINDRICAL_SURFACE('',#3558,450.124999999938);
#77=CYLINDRICAL_SURFACE('',#3560,450.124999999938);
#78=CYLINDRICAL_SURFACE('',#3564,450.124999999938);
#79=CYLINDRICAL_SURFACE('',#3566,450.124999999938);
#80=CYLINDRICAL_SURFACE('',#3570,450.124999999938);
#81=CYLINDRICAL_SURFACE('',#3572,450.124999999938);
#82=CYLINDRICAL_SURFACE('',#3576,450.124999999938);
#83=CYLINDRICAL_SURFACE('',#3578,450.124999999938);
#84=CYLINDRICAL_SURFACE('',#3580,450.124999999938);
#85=CYLINDRICAL_SURFACE('',#3582,450.124999999938);
#86=CYLINDRICAL_SURFACE('',#3584,450.124999999938);
#87=CYLINDRICAL_SURFACE('',#3586,450.124999999938);
#88=CYLINDRICAL_SURFACE('',#3588,450.124999999938);
#89=CYLINDRICAL_SURFACE('',#3590,450.124999999938);
#90=CYLINDRICAL_SURFACE('',#3592,120.249999999994);
#91=CYLINDRICAL_SURFACE('',#3594,120.249999999994);
#92=CYLINDRICAL_SURFACE('',#3597,1.25);
#93=CYLINDRICAL_SURFACE('',#3599,1.25);
#94=CYLINDRICAL_SURFACE('',#3602,120.249999999994);
#95=CYLINDRICAL_SURFACE('',#3604,120.249999999994);
#96=CYLINDRICAL_SURFACE('',#3606,450.124999999938);
#97=CYLINDRICAL_SURFACE('',#3608,450.124999999938);
#98=CYLINDRICAL_SURFACE('',#3610,450.124999999938);
#99=CYLINDRICAL_SURFACE('',#3612,450.124999999938);
#100=CYLINDRICAL_SURFACE('',#3614,450.124999999938);
#101=CYLINDRICAL_SURFACE('',#3616,450.124999999938);
#102=CYLINDRICAL_SURFACE('',#3618,450.124999999938);
#103=CYLINDRICAL_SURFACE('',#3620,450.124999999938);
#104=CYLINDRICAL_SURFACE('',#3624,450.124999999938);
#105=CYLINDRICAL_SURFACE('',#3626,450.124999999938);
#106=CYLINDRICAL_SURFACE('',#3630,450.124999999938);
#107=CYLINDRICAL_SURFACE('',#3632,450.124999999938);
#108=CYLINDRICAL_SURFACE('',#3636,450.124999999938);
#109=CYLINDRICAL_SURFACE('',#3638,450.124999999938);
#110=CYLINDRICAL_SURFACE('',#3641,126.812500000008);
#111=CYLINDRICAL_SURFACE('',#3643,2.5);
#112=CYLINDRICAL_SURFACE('',#3645,1.25);
#113=CYLINDRICAL_SURFACE('',#3647,2.5);
#114=CYLINDRICAL_SURFACE('',#3650,2.5);
#115=CYLINDRICAL_SURFACE('',#3652,1.25);
#116=PLANE('',#3339);
#117=PLANE('',#3340);
#118=PLANE('',#3346);
#119=PLANE('',#3407);
#120=PLANE('',#3414);
#121=PLANE('',#3475);
#122=PLANE('',#3477);
#123=PLANE('',#3479);
#124=PLANE('',#3481);
#125=PLANE('',#3484);
#126=PLANE('',#3505);
#127=PLANE('',#3520);
#128=PLANE('',#3532);
#129=PLANE('',#3533);
#130=PLANE('',#3535);
#131=PLANE('',#3537);
#132=PLANE('',#3539);
#133=PLANE('',#3544);
#134=PLANE('',#3545);
#135=PLANE('',#3546);
#136=PLANE('',#3549);
#137=PLANE('',#3551);
#138=PLANE('',#3553);
#139=PLANE('',#3554);
#140=PLANE('',#3556);
#141=PLANE('',#3557);
#142=PLANE('',#3559);
#143=PLANE('',#3561);
#144=PLANE('',#3562);
#145=PLANE('',#3563);
#146=PLANE('',#3565);
#147=PLANE('',#3567);
#148=PLANE('',#3568);
#149=PLANE('',#3569);
#150=PLANE('',#3571);
#151=PLANE('',#3573);
#152=PLANE('',#3574);
#153=PLANE('',#3575);
#154=PLANE('',#3577);
#155=PLANE('',#3579);
#156=PLANE('',#3581);
#157=PLANE('',#3583);
#158=PLANE('',#3585);
#159=PLANE('',#3587);
#160=PLANE('',#3589);
#161=PLANE('',#3591);
#162=PLANE('',#3593);
#163=PLANE('',#3595);
#164=PLANE('',#3596);
#165=PLANE('',#3598);
#166=PLANE('',#3600);
#167=PLANE('',#3601);
#168=PLANE('',#3603);
#169=PLANE('',#3605);
#170=PLANE('',#3607);
#171=PLANE('',#3609);
#172=PLANE('',#3611);
#173=PLANE('',#3613);
#174=PLANE('',#3615);
#175=PLANE('',#3617);
#176=PLANE('',#3619);
#177=PLANE('',#3621);
#178=PLANE('',#3622);
#179=PLANE('',#3623);
#180=PLANE('',#3625);
#181=PLANE('',#3627);
#182=PLANE('',#3628);
#183=PLANE('',#3629);
#184=PLANE('',#3631);
#185=PLANE('',#3633);
#186=PLANE('',#3634);
#187=PLANE('',#3635);
#188=PLANE('',#3637);
#189=PLANE('',#3639);
#190=PLANE('',#3640);
#191=PLANE('',#3642);
#192=PLANE('',#3644);
#193=PLANE('',#3646);
#194=PLANE('',#3648);
#195=PLANE('',#3649);
#196=PLANE('',#3651);
#197=PLANE('',#3653);
#198=FACE_OUTER_BOUND('',#361,.T.);
#199=FACE_OUTER_BOUND('',#362,.T.);
#200=FACE_OUTER_BOUND('',#363,.T.);
#201=FACE_OUTER_BOUND('',#364,.T.);
#202=FACE_OUTER_BOUND('',#367,.T.);
#203=FACE_OUTER_BOUND('',#368,.T.);
#204=FACE_OUTER_BOUND('',#369,.T.);
#205=FACE_OUTER_BOUND('',#370,.T.);
#206=FACE_OUTER_BOUND('',#371,.T.);
#207=FACE_OUTER_BOUND('',#372,.T.);
#208=FACE_OUTER_BOUND('',#373,.T.);
#209=FACE_OUTER_BOUND('',#376,.T.);
#210=FACE_OUTER_BOUND('',#377,.T.);
#211=FACE_OUTER_BOUND('',#378,.T.);
#212=FACE_OUTER_BOUND('',#379,.T.);
#213=FACE_OUTER_BOUND('',#380,.T.);
#214=FACE_OUTER_BOUND('',#381,.T.);
#215=FACE_OUTER_BOUND('',#382,.T.);
#216=FACE_OUTER_BOUND('',#383,.T.);
#217=FACE_OUTER_BOUND('',#385,.T.);
#218=FACE_OUTER_BOUND('',#386,.T.);
#219=FACE_OUTER_BOUND('',#387,.T.);
#220=FACE_OUTER_BOUND('',#388,.T.);
#221=FACE_OUTER_BOUND('',#389,.T.);
#222=FACE_OUTER_BOUND('',#390,.T.);
#223=FACE_OUTER_BOUND('',#391,.T.);
#224=FACE_OUTER_BOUND('',#392,.T.);
#225=FACE_OUTER_BOUND('',#393,.T.);
#226=FACE_OUTER_BOUND('',#394,.T.);
#227=FACE_OUTER_BOUND('',#395,.T.);
#228=FACE_OUTER_BOUND('',#396,.T.);
#229=FACE_OUTER_BOUND('',#397,.T.);
#230=FACE_OUTER_BOUND('',#398,.T.);
#231=FACE_OUTER_BOUND('',#399,.T.);
#232=FACE_OUTER_BOUND('',#400,.T.);
#233=FACE_OUTER_BOUND('',#401,.T.);
#234=FACE_OUTER_BOUND('',#402,.T.);
#235=FACE_OUTER_BOUND('',#403,.T.);
#236=FACE_OUTER_BOUND('',#404,.T.);
#237=FACE_OUTER_BOUND('',#405,.T.);
#238=FACE_OUTER_BOUND('',#406,.T.);
#239=FACE_OUTER_BOUND('',#407,.T.);
#240=FACE_OUTER_BOUND('',#409,.T.);
#241=FACE_OUTER_BOUND('',#411,.T.);
#242=FACE_OUTER_BOUND('',#412,.T.);
#243=FACE_OUTER_BOUND('',#414,.T.);
#244=FACE_OUTER_BOUND('',#415,.T.);
#245=FACE_OUTER_BOUND('',#416,.T.);
#246=FACE_OUTER_BOUND('',#417,.T.);
#247=FACE_OUTER_BOUND('',#418,.T.);
#248=FACE_OUTER_BOUND('',#419,.T.);
#249=FACE_OUTER_BOUND('',#420,.T.);
#250=FACE_OUTER_BOUND('',#421,.T.);
#251=FACE_OUTER_BOUND('',#422,.T.);
#252=FACE_OUTER_BOUND('',#423,.T.);
#253=FACE_OUTER_BOUND('',#424,.T.);
#254=FACE_OUTER_BOUND('',#425,.T.);
#255=FACE_OUTER_BOUND('',#426,.T.);
#256=FACE_OUTER_BOUND('',#427,.T.);
#257=FACE_OUTER_BOUND('',#428,.T.);
#258=FACE_OUTER_BOUND('',#429,.T.);
#259=FACE_OUTER_BOUND('',#430,.T.);
#260=FACE_OUTER_BOUND('',#431,.T.);
#261=FACE_OUTER_BOUND('',#432,.T.);
#262=FACE_OUTER_BOUND('',#433,.T.);
#263=FACE_OUTER_BOUND('',#435,.T.);
#264=FACE_OUTER_BOUND('',#436,.T.);
#265=FACE_OUTER_BOUND('',#437,.T.);
#266=FACE_OUTER_BOUND('',#439,.T.);
#267=FACE_OUTER_BOUND('',#440,.T.);
#268=FACE_OUTER_BOUND('',#442,.T.);
#269=FACE_OUTER_BOUND('',#443,.T.);
#270=FACE_OUTER_BOUND('',#444,.T.);
#271=FACE_OUTER_BOUND('',#445,.T.);
#272=FACE_OUTER_BOUND('',#446,.T.);
#273=FACE_OUTER_BOUND('',#447,.T.);
#274=FACE_OUTER_BOUND('',#448,.T.);
#275=FACE_OUTER_BOUND('',#449,.T.);
#276=FACE_OUTER_BOUND('',#450,.T.);
#277=FACE_OUTER_BOUND('',#451,.T.);
#278=FACE_OUTER_BOUND('',#452,.T.);
#279=FACE_OUTER_BOUND('',#453,.T.);
#280=FACE_OUTER_BOUND('',#454,.T.);
#281=FACE_OUTER_BOUND('',#455,.T.);
#282=FACE_OUTER_BOUND('',#456,.T.);
#283=FACE_OUTER_BOUND('',#457,.T.);
#284=FACE_OUTER_BOUND('',#458,.T.);
#285=FACE_OUTER_BOUND('',#459,.T.);
#286=FACE_OUTER_BOUND('',#460,.T.);
#287=FACE_OUTER_BOUND('',#461,.T.);
#288=FACE_OUTER_BOUND('',#462,.T.);
#289=FACE_OUTER_BOUND('',#463,.T.);
#290=FACE_OUTER_BOUND('',#464,.T.);
#291=FACE_OUTER_BOUND('',#465,.T.);
#292=FACE_OUTER_BOUND('',#466,.T.);
#293=FACE_OUTER_BOUND('',#467,.T.);
#294=FACE_OUTER_BOUND('',#468,.T.);
#295=FACE_OUTER_BOUND('',#469,.T.);
#296=FACE_OUTER_BOUND('',#470,.T.);
#297=FACE_OUTER_BOUND('',#471,.T.);
#298=FACE_OUTER_BOUND('',#472,.T.);
#299=FACE_OUTER_BOUND('',#473,.T.);
#300=FACE_OUTER_BOUND('',#474,.T.);
#301=FACE_OUTER_BOUND('',#475,.T.);
#302=FACE_OUTER_BOUND('',#476,.T.);
#303=FACE_OUTER_BOUND('',#477,.T.);
#304=FACE_OUTER_BOUND('',#478,.T.);
#305=FACE_OUTER_BOUND('',#479,.T.);
#306=FACE_OUTER_BOUND('',#480,.T.);
#307=FACE_OUTER_BOUND('',#481,.T.);
#308=FACE_OUTER_BOUND('',#482,.T.);
#309=FACE_OUTER_BOUND('',#483,.T.);
#310=FACE_OUTER_BOUND('',#484,.T.);
#311=FACE_OUTER_BOUND('',#485,.T.);
#312=FACE_OUTER_BOUND('',#486,.T.);
#313=FACE_OUTER_BOUND('',#487,.T.);
#314=FACE_OUTER_BOUND('',#488,.T.);
#315=FACE_OUTER_BOUND('',#489,.T.);
#316=FACE_OUTER_BOUND('',#490,.T.);
#317=FACE_OUTER_BOUND('',#491,.T.);
#318=FACE_OUTER_BOUND('',#492,.T.);
#319=FACE_OUTER_BOUND('',#493,.T.);
#320=FACE_OUTER_BOUND('',#494,.T.);
#321=FACE_OUTER_BOUND('',#495,.T.);
#322=FACE_OUTER_BOUND('',#496,.T.);
#323=FACE_OUTER_BOUND('',#497,.T.);
#324=FACE_OUTER_BOUND('',#498,.T.);
#325=FACE_OUTER_BOUND('',#499,.T.);
#326=FACE_OUTER_BOUND('',#500,.T.);
#327=FACE_OUTER_BOUND('',#501,.T.);
#328=FACE_OUTER_BOUND('',#502,.T.);
#329=FACE_OUTER_BOUND('',#503,.T.);
#330=FACE_OUTER_BOUND('',#504,.T.);
#331=FACE_OUTER_BOUND('',#505,.T.);
#332=FACE_OUTER_BOUND('',#506,.T.);
#333=FACE_OUTER_BOUND('',#507,.T.);
#334=FACE_OUTER_BOUND('',#508,.T.);
#335=FACE_OUTER_BOUND('',#509,.T.);
#336=FACE_OUTER_BOUND('',#510,.T.);
#337=FACE_OUTER_BOUND('',#511,.T.);
#338=FACE_OUTER_BOUND('',#512,.T.);
#339=FACE_OUTER_BOUND('',#513,.T.);
#340=FACE_OUTER_BOUND('',#514,.T.);
#341=FACE_OUTER_BOUND('',#515,.T.);
#342=FACE_OUTER_BOUND('',#516,.T.);
#343=FACE_OUTER_BOUND('',#517,.T.);
#344=FACE_OUTER_BOUND('',#519,.T.);
#345=FACE_OUTER_BOUND('',#520,.T.);
#346=FACE_OUTER_BOUND('',#522,.T.);
#347=FACE_OUTER_BOUND('',#523,.T.);
#348=FACE_OUTER_BOUND('',#524,.T.);
#349=FACE_OUTER_BOUND('',#526,.T.);
#350=FACE_OUTER_BOUND('',#527,.T.);
#351=FACE_OUTER_BOUND('',#528,.T.);
#352=FACE_OUTER_BOUND('',#529,.T.);
#353=FACE_OUTER_BOUND('',#530,.T.);
#354=FACE_OUTER_BOUND('',#531,.T.);
#355=FACE_OUTER_BOUND('',#532,.T.);
#356=FACE_OUTER_BOUND('',#533,.T.);
#357=FACE_OUTER_BOUND('',#534,.T.);
#358=FACE_OUTER_BOUND('',#535,.T.);
#359=FACE_OUTER_BOUND('',#536,.T.);
#360=FACE_OUTER_BOUND('',#537,.T.);
#361=EDGE_LOOP('',(#2156,#2157,#2158,#2159,#2160,#2161));
#362=EDGE_LOOP('',(#2162,#2163,#2164,#2165));
#363=EDGE_LOOP('',(#2166,#2167,#2168,#2169));
#364=EDGE_LOOP('',(#2170,#2171,#2172,#2173,#2174));
#365=EDGE_LOOP('',(#2175));
#366=EDGE_LOOP('',(#2176));
#367=EDGE_LOOP('',(#2177,#2178,#2179,#2180));
#368=EDGE_LOOP('',(#2181,#2182,#2183,#2184,#2185,#2186,#2187,#2188,#2189,
#2190,#2191,#2192,#2193,#2194,#2195,#2196,#2197,#2198,#2199,#2200,#2201,
#2202,#2203,#2204,#2205,#2206,#2207,#2208,#2209,#2210,#2211,#2212,#2213,
#2214,#2215,#2216,#2217,#2218,#2219,#2220,#2221,#2222,#2223,#2224,#2225,
#2226,#2227,#2228,#2229,#2230,#2231,#2232,#2233,#2234,#2235,#2236,#2237,
#2238,#2239,#2240,#2241,#2242,#2243,#2244,#2245,#2246,#2247,#2248,#2249,
#2250,#2251,#2252,#2253,#2254,#2255,#2256,#2257,#2258,#2259,#2260,#2261,
#2262,#2263,#2264,#2265,#2266,#2267,#2268,#2269,#2270,#2271,#2272,#2273,
#2274,#2275,#2276,#2277,#2278,#2279,#2280,#2281,#2282,#2283,#2284,#2285,
#2286,#2287,#2288,#2289,#2290,#2291,#2292,#2293,#2294,#2295,#2296,#2297,
#2298,#2299,#2300,#2301,#2302,#2303,#2304,#2305,#2306,#2307,#2308,#2309,
#2310,#2311,#2312,#2313,#2314,#2315));
#369=EDGE_LOOP('',(#2316,#2317,#2318,#2319));
#370=EDGE_LOOP('',(#2320,#2321,#2322,#2323));
#371=EDGE_LOOP('',(#2324,#2325,#2326,#2327));
#372=EDGE_LOOP('',(#2328,#2329,#2330,#2331));
#373=EDGE_LOOP('',(#2332,#2333,#2334,#2335,#2336,#2337,#2338,#2339,#2340,
#2341,#2342,#2343,#2344,#2345,#2346,#2347,#2348,#2349,#2350,#2351,#2352,
#2353,#2354,#2355,#2356,#2357,#2358,#2359,#2360,#2361,#2362,#2363,#2364,
#2365,#2366,#2367,#2368,#2369,#2370,#2371,#2372,#2373,#2374,#2375,#2376,
#2377,#2378,#2379,#2380,#2381,#2382,#2383,#2384,#2385,#2386,#2387,#2388,
#2389,#2390,#2391,#2392,#2393,#2394,#2395,#2396,#2397,#2398,#2399,#2400,
#2401,#2402,#2403,#2404,#2405,#2406,#2407,#2408,#2409,#2410,#2411,#2412,
#2413,#2414,#2415,#2416,#2417,#2418,#2419,#2420,#2421,#2422,#2423,#2424,
#2425,#2426,#2427,#2428,#2429,#2430,#2431,#2432,#2433,#2434,#2435,#2436,
#2437,#2438,#2439,#2440,#2441,#2442,#2443,#2444,#2445,#2446,#2447,#2448,
#2449,#2450,#2451,#2452,#2453,#2454,#2455,#2456,#2457,#2458,#2459,#2460,
#2461,#2462,#2463,#2464,#2465,#2466));
#374=EDGE_LOOP('',(#2467));
#375=EDGE_LOOP('',(#2468));
#376=EDGE_LOOP('',(#2469,#2470,#2471,#2472));
#377=EDGE_LOOP('',(#2473,#2474,#2475,#2476));
#378=EDGE_LOOP('',(#2477,#2478,#2479,#2480));
#379=EDGE_LOOP('',(#2481,#2482,#2483,#2484));
#380=EDGE_LOOP('',(#2485,#2486,#2487,#2488));
#381=EDGE_LOOP('',(#2489,#2490,#2491,#2492));
#382=EDGE_LOOP('',(#2493,#2494,#2495,#2496));
#383=EDGE_LOOP('',(#2497,#2498,#2499,#2500));
#384=EDGE_LOOP('',(#2501));
#385=EDGE_LOOP('',(#2502,#2503,#2504,#2505));
#386=EDGE_LOOP('',(#2506,#2507,#2508,#2509));
#387=EDGE_LOOP('',(#2510,#2511,#2512,#2513));
#388=EDGE_LOOP('',(#2514,#2515,#2516,#2517));
#389=EDGE_LOOP('',(#2518,#2519,#2520,#2521,#2522,#2523));
#390=EDGE_LOOP('',(#2524,#2525,#2526,#2527,#2528));
#391=EDGE_LOOP('',(#2529,#2530,#2531,#2532,#2533));
#392=EDGE_LOOP('',(#2534,#2535,#2536,#2537,#2538,#2539));
#393=EDGE_LOOP('',(#2540,#2541,#2542,#2543,#2544));
#394=EDGE_LOOP('',(#2545,#2546,#2547,#2548,#2549));
#395=EDGE_LOOP('',(#2550,#2551,#2552,#2553,#2554));
#396=EDGE_LOOP('',(#2555,#2556,#2557,#2558,#2559));
#397=EDGE_LOOP('',(#2560,#2561,#2562,#2563,#2564,#2565));
#398=EDGE_LOOP('',(#2566,#2567,#2568,#2569,#2570,#2571,#2572,#2573,#2574,
#2575,#2576,#2577));
#399=EDGE_LOOP('',(#2578,#2579,#2580,#2581,#2582));
#400=EDGE_LOOP('',(#2583,#2584,#2585,#2586,#2587,#2588));
#401=EDGE_LOOP('',(#2589,#2590,#2591,#2592,#2593));
#402=EDGE_LOOP('',(#2594,#2595,#2596,#2597,#2598));
#403=EDGE_LOOP('',(#2599,#2600,#2601,#2602,#2603,#2604,#2605,#2606,#2607,
#2608,#2609,#2610));
#404=EDGE_LOOP('',(#2611,#2612,#2613,#2614,#2615));
#405=EDGE_LOOP('',(#2616,#2617,#2618,#2619,#2620));
#406=EDGE_LOOP('',(#2621,#2622,#2623,#2624,#2625));
#407=EDGE_LOOP('',(#2626,#2627,#2628,#2629,#2630,#2631,#2632,#2633));
#408=EDGE_LOOP('',(#2634));
#409=EDGE_LOOP('',(#2635));
#410=EDGE_LOOP('',(#2636));
#411=EDGE_LOOP('',(#2637,#2638,#2639,#2640));
#412=EDGE_LOOP('',(#2641,#2642,#2643,#2644));
#413=EDGE_LOOP('',(#2645));
#414=EDGE_LOOP('',(#2646,#2647,#2648,#2649));
#415=EDGE_LOOP('',(#2650,#2651,#2652,#2653,#2654));
#416=EDGE_LOOP('',(#2655,#2656,#2657,#2658));
#417=EDGE_LOOP('',(#2659,#2660,#2661,#2662));
#418=EDGE_LOOP('',(#2663,#2664,#2665,#2666));
#419=EDGE_LOOP('',(#2667,#2668,#2669,#2670));
#420=EDGE_LOOP('',(#2671,#2672,#2673,#2674));
#421=EDGE_LOOP('',(#2675,#2676,#2677,#2678));
#422=EDGE_LOOP('',(#2679,#2680,#2681,#2682));
#423=EDGE_LOOP('',(#2683,#2684,#2685,#2686));
#424=EDGE_LOOP('',(#2687,#2688,#2689,#2690,#2691,#2692,#2693,#2694));
#425=EDGE_LOOP('',(#2695,#2696,#2697,#2698));
#426=EDGE_LOOP('',(#2699,#2700,#2701,#2702));
#427=EDGE_LOOP('',(#2703,#2704,#2705,#2706));
#428=EDGE_LOOP('',(#2707,#2708,#2709,#2710));
#429=EDGE_LOOP('',(#2711,#2712,#2713,#2714));
#430=EDGE_LOOP('',(#2715,#2716,#2717,#2718));
#431=EDGE_LOOP('',(#2719,#2720,#2721,#2722));
#432=EDGE_LOOP('',(#2723,#2724,#2725,#2726));
#433=EDGE_LOOP('',(#2727,#2728,#2729,#2730));
#434=EDGE_LOOP('',(#2731,#2732));
#435=EDGE_LOOP('',(#2733,#2734,#2735,#2736));
#436=EDGE_LOOP('',(#2737,#2738,#2739,#2740));
#437=EDGE_LOOP('',(#2741,#2742,#2743,#2744));
#438=EDGE_LOOP('',(#2745,#2746));
#439=EDGE_LOOP('',(#2747,#2748,#2749,#2750));
#440=EDGE_LOOP('',(#2751,#2752,#2753,#2754));
#441=EDGE_LOOP('',(#2755,#2756));
#442=EDGE_LOOP('',(#2757,#2758,#2759,#2760));
#443=EDGE_LOOP('',(#2761,#2762,#2763,#2764));
#444=EDGE_LOOP('',(#2765,#2766,#2767,#2768));
#445=EDGE_LOOP('',(#2769,#2770,#2771,#2772));
#446=EDGE_LOOP('',(#2773,#2774,#2775,#2776));
#447=EDGE_LOOP('',(#2777,#2778,#2779,#2780));
#448=EDGE_LOOP('',(#2781,#2782,#2783,#2784));
#449=EDGE_LOOP('',(#2785,#2786,#2787,#2788));
#450=EDGE_LOOP('',(#2789,#2790,#2791,#2792));
#451=EDGE_LOOP('',(#2793,#2794,#2795,#2796));
#452=EDGE_LOOP('',(#2797,#2798,#2799,#2800));
#453=EDGE_LOOP('',(#2801,#2802,#2803,#2804));
#454=EDGE_LOOP('',(#2805,#2806,#2807,#2808));
#455=EDGE_LOOP('',(#2809,#2810,#2811,#2812));
#456=EDGE_LOOP('',(#2813,#2814,#2815,#2816));
#457=EDGE_LOOP('',(#2817,#2818,#2819,#2820));
#458=EDGE_LOOP('',(#2821,#2822,#2823,#2824));
#459=EDGE_LOOP('',(#2825,#2826,#2827,#2828));
#460=EDGE_LOOP('',(#2829,#2830,#2831,#2832));
#461=EDGE_LOOP('',(#2833,#2834,#2835,#2836));
#462=EDGE_LOOP('',(#2837,#2838,#2839,#2840));
#463=EDGE_LOOP('',(#2841,#2842,#2843,#2844));
#464=EDGE_LOOP('',(#2845,#2846,#2847,#2848));
#465=EDGE_LOOP('',(#2849,#2850,#2851,#2852));
#466=EDGE_LOOP('',(#2853,#2854,#2855,#2856));
#467=EDGE_LOOP('',(#2857,#2858,#2859,#2860));
#468=EDGE_LOOP('',(#2861,#2862,#2863,#2864));
#469=EDGE_LOOP('',(#2865,#2866,#2867,#2868));
#470=EDGE_LOOP('',(#2869,#2870,#2871,#2872));
#471=EDGE_LOOP('',(#2873,#2874,#2875,#2876));
#472=EDGE_LOOP('',(#2877,#2878,#2879,#2880));
#473=EDGE_LOOP('',(#2881,#2882,#2883,#2884));
#474=EDGE_LOOP('',(#2885,#2886,#2887,#2888));
#475=EDGE_LOOP('',(#2889,#2890,#2891,#2892));
#476=EDGE_LOOP('',(#2893,#2894,#2895,#2896));
#477=EDGE_LOOP('',(#2897,#2898,#2899,#2900));
#478=EDGE_LOOP('',(#2901,#2902,#2903,#2904));
#479=EDGE_LOOP('',(#2905,#2906,#2907,#2908,#2909,#2910,#2911,#2912));
#480=EDGE_LOOP('',(#2913,#2914,#2915,#2916));
#481=EDGE_LOOP('',(#2917,#2918,#2919,#2920));
#482=EDGE_LOOP('',(#2921,#2922,#2923,#2924));
#483=EDGE_LOOP('',(#2925,#2926,#2927,#2928));
#484=EDGE_LOOP('',(#2929,#2930,#2931,#2932));
#485=EDGE_LOOP('',(#2933,#2934,#2935,#2936));
#486=EDGE_LOOP('',(#2937,#2938,#2939,#2940));
#487=EDGE_LOOP('',(#2941,#2942,#2943,#2944));
#488=EDGE_LOOP('',(#2945,#2946,#2947,#2948));
#489=EDGE_LOOP('',(#2949,#2950,#2951,#2952));
#490=EDGE_LOOP('',(#2953,#2954,#2955,#2956));
#491=EDGE_LOOP('',(#2957,#2958,#2959,#2960));
#492=EDGE_LOOP('',(#2961,#2962,#2963,#2964));
#493=EDGE_LOOP('',(#2965,#2966,#2967,#2968));
#494=EDGE_LOOP('',(#2969,#2970,#2971,#2972));
#495=EDGE_LOOP('',(#2973,#2974,#2975,#2976));
#496=EDGE_LOOP('',(#2977,#2978,#2979,#2980));
#497=EDGE_LOOP('',(#2981,#2982,#2983,#2984));
#498=EDGE_LOOP('',(#2985,#2986,#2987,#2988));
#499=EDGE_LOOP('',(#2989,#2990,#2991,#2992));
#500=EDGE_LOOP('',(#2993,#2994,#2995,#2996));
#501=EDGE_LOOP('',(#2997,#2998,#2999,#3000));
#502=EDGE_LOOP('',(#3001,#3002,#3003,#3004));
#503=EDGE_LOOP('',(#3005,#3006,#3007,#3008));
#504=EDGE_LOOP('',(#3009,#3010,#3011,#3012));
#505=EDGE_LOOP('',(#3013,#3014,#3015,#3016));
#506=EDGE_LOOP('',(#3017,#3018,#3019,#3020));
#507=EDGE_LOOP('',(#3021,#3022,#3023,#3024));
#508=EDGE_LOOP('',(#3025,#3026,#3027,#3028));
#509=EDGE_LOOP('',(#3029,#3030,#3031,#3032));
#510=EDGE_LOOP('',(#3033,#3034,#3035,#3036));
#511=EDGE_LOOP('',(#3037,#3038,#3039,#3040));
#512=EDGE_LOOP('',(#3041,#3042,#3043,#3044));
#513=EDGE_LOOP('',(#3045,#3046,#3047,#3048));
#514=EDGE_LOOP('',(#3049,#3050,#3051,#3052));
#515=EDGE_LOOP('',(#3053,#3054,#3055,#3056));
#516=EDGE_LOOP('',(#3057,#3058,#3059,#3060));
#517=EDGE_LOOP('',(#3061,#3062,#3063,#3064));
#518=EDGE_LOOP('',(#3065,#3066));
#519=EDGE_LOOP('',(#3067,#3068,#3069,#3070));
#520=EDGE_LOOP('',(#3071,#3072,#3073,#3074));
#521=EDGE_LOOP('',(#3075,#3076));
#522=EDGE_LOOP('',(#3077,#3078,#3079,#3080));
#523=EDGE_LOOP('',(#3081,#3082,#3083,#3084));
#524=EDGE_LOOP('',(#3085,#3086,#3087,#3088));
#525=EDGE_LOOP('',(#3089,#3090));
#526=EDGE_LOOP('',(#3091,#3092,#3093,#3094));
#527=EDGE_LOOP('',(#3095,#3096,#3097,#3098));
#528=EDGE_LOOP('',(#3099,#3100,#3101,#3102));
#529=EDGE_LOOP('',(#3103,#3104,#3105,#3106));
#530=EDGE_LOOP('',(#3107,#3108,#3109,#3110));
#531=EDGE_LOOP('',(#3111,#3112,#3113,#3114));
#532=EDGE_LOOP('',(#3115,#3116,#3117,#3118,#3119));
#533=EDGE_LOOP('',(#3120,#3121,#3122,#3123));
#534=EDGE_LOOP('',(#3124,#3125,#3126,#3127));
#535=EDGE_LOOP('',(#3128,#3129,#3130,#3131));
#536=EDGE_LOOP('',(#3132,#3133,#3134,#3135));
#537=EDGE_LOOP('',(#3136,#3137,#3138,#3139));
#538=LINE('',#4623,#859);
#539=LINE('',#4630,#860);
#540=LINE('',#4632,#861);
#541=LINE('',#4633,#862);
#542=LINE('',#4636,#863);
#543=LINE('',#4638,#864);
#544=LINE('',#4639,#865);
#545=LINE('',#4642,#866);
#546=LINE('',#4719,#867);
#547=LINE('',#4722,#868);
#548=LINE('',#4725,#869);
#549=LINE('',#4729,#870);
#550=LINE('',#4733,#871);
#551=LINE('',#4737,#872);
#552=LINE('',#4741,#873);
#553=LINE('',#4743,#874);
#554=LINE('',#4745,#875);
#555=LINE('',#4749,#876);
#556=LINE('',#4753,#877);
#557=LINE('',#4757,#878);
#558=LINE('',#4761,#879);
#559=LINE('',#4769,#880);
#560=LINE('',#4773,#881);
#561=LINE('',#4777,#882);
#562=LINE('',#4781,#883);
#563=LINE('',#4785,#884);
#564=LINE('',#4789,#885);
#565=LINE('',#4793,#886);
#566=LINE('',#4797,#887);
#567=LINE('',#4801,#888);
#568=LINE('',#4805,#889);
#569=LINE('',#4809,#890);
#570=LINE('',#4811,#891);
#571=LINE('',#4813,#892);
#572=LINE('',#4817,#893);
#573=LINE('',#4821,#894);
#574=LINE('',#4823,#895);
#575=LINE('',#4825,#896);
#576=LINE('',#4829,#897);
#577=LINE('',#4833,#898);
#578=LINE('',#4835,#899);
#579=LINE('',#4837,#900);
#580=LINE('',#4841,#901);
#581=LINE('',#4845,#902);
#582=LINE('',#4847,#903);
#583=LINE('',#4851,#904);
#584=LINE('',#4855,#905);
#585=LINE('',#4861,#906);
#586=LINE('',#4865,#907);
#587=LINE('',#4869,#908);
#588=LINE('',#4873,#909);
#589=LINE('',#4876,#910);
#590=LINE('',#4878,#911);
#591=LINE('',#4882,#912);
#592=LINE('',#4886,#913);
#593=LINE('',#4890,#914);
#594=LINE('',#4894,#915);
#595=LINE('',#4898,#916);
#596=LINE('',#4902,#917);
#597=LINE('',#4906,#918);
#598=LINE('',#4908,#919);
#599=LINE('',#4912,#920);
#600=LINE('',#4916,#921);
#601=LINE('',#4918,#922);
#602=LINE('',#4920,#923);
#603=LINE('',#4924,#924);
#604=LINE('',#4928,#925);
#605=LINE('',#4930,#926);
#606=LINE('',#4932,#927);
#607=LINE('',#4936,#928);
#608=LINE('',#4940,#929);
#609=LINE('',#4942,#930);
#610=LINE('',#4944,#931);
#611=LINE('',#4948,#932);
#612=LINE('',#4952,#933);
#613=LINE('',#4956,#934);
#614=LINE('',#4960,#935);
#615=LINE('',#4964,#936);
#616=LINE('',#4968,#937);
#617=LINE('',#4972,#938);
#618=LINE('',#4976,#939);
#619=LINE('',#4980,#940);
#620=LINE('',#4984,#941);
#621=LINE('',#4990,#942);
#622=LINE('',#4991,#943);
#623=LINE('',#4995,#944);
#624=LINE('',#4998,#945);
#625=LINE('',#5001,#946);
#626=LINE('',#5005,#947);
#627=LINE('',#5012,#948);
#628=LINE('',#5016,#949);
#629=LINE('',#5020,#950);
#630=LINE('',#5024,#951);
#631=LINE('',#5028,#952);
#632=LINE('',#5032,#953);
#633=LINE('',#5036,#954);
#634=LINE('',#5040,#955);
#635=LINE('',#5044,#956);
#636=LINE('',#5048,#957);
#637=LINE('',#5052,#958);
#638=LINE('',#5054,#959);
#639=LINE('',#5056,#960);
#640=LINE('',#5060,#961);
#641=LINE('',#5064,#962);
#642=LINE('',#5066,#963);
#643=LINE('',#5068,#964);
#644=LINE('',#5072,#965);
#645=LINE('',#5076,#966);
#646=LINE('',#5078,#967);
#647=LINE('',#5080,#968);
#648=LINE('',#5084,#969);
#649=LINE('',#5088,#970);
#650=LINE('',#5090,#971);
#651=LINE('',#5094,#972);
#652=LINE('',#5098,#973);
#653=LINE('',#5102,#974);
#654=LINE('',#5106,#975);
#655=LINE('',#5110,#976);
#656=LINE('',#5114,#977);
#657=LINE('',#5117,#978);
#658=LINE('',#5119,#979);
#659=LINE('',#5123,#980);
#660=LINE('',#5127,#981);
#661=LINE('',#5131,#982);
#662=LINE('',#5135,#983);
#663=LINE('',#5141,#984);
#664=LINE('',#5145,#985);
#665=LINE('',#5149,#986);
#666=LINE('',#5151,#987);
#667=LINE('',#5155,#988);
#668=LINE('',#5159,#989);
#669=LINE('',#5161,#990);
#670=LINE('',#5163,#991);
#671=LINE('',#5167,#992);
#672=LINE('',#5171,#993);
#673=LINE('',#5173,#994);
#674=LINE('',#5175,#995);
#675=LINE('',#5179,#996);
#676=LINE('',#5183,#997);
#677=LINE('',#5185,#998);
#678=LINE('',#5187,#999);
#679=LINE('',#5191,#1000);
#680=LINE('',#5195,#1001);
#681=LINE('',#5199,#1002);
#682=LINE('',#5203,#1003);
#683=LINE('',#5207,#1004);
#684=LINE('',#5211,#1005);
#685=LINE('',#5215,#1006);
#686=LINE('',#5219,#1007);
#687=LINE('',#5223,#1008);
#688=LINE('',#5227,#1009);
#689=LINE('',#5230,#1010);
#690=LINE('',#5234,#1011);
#691=LINE('',#5238,#1012);
#692=LINE('',#5242,#1013);
#693=LINE('',#5246,#1014);
#694=LINE('',#5248,#1015);
#695=LINE('',#5250,#1016);
#696=LINE('',#5254,#1017);
#697=LINE('',#5258,#1018);
#698=LINE('',#5261,#1019);
#699=LINE('',#5267,#1020);
#700=LINE('',#5268,#1021);
#701=LINE('',#5270,#1022);
#702=LINE('',#5272,#1023);
#703=LINE('',#5273,#1024);
#704=LINE('',#5275,#1025);
#705=LINE('',#5277,#1026);
#706=LINE('',#5278,#1027);
#707=LINE('',#5280,#1028);
#708=LINE('',#5282,#1029);
#709=LINE('',#5283,#1030);
#710=LINE('',#5285,#1031);
#711=LINE('',#5289,#1032);
#712=LINE('',#5290,#1033);
#713=LINE('',#5292,#1034);
#714=LINE('',#5294,#1035);
#715=LINE('',#5295,#1036);
#716=LINE('',#5297,#1037);
#717=LINE('',#5338,#1038);
#718=LINE('',#5378,#1039);
#719=LINE('',#5420,#1040);
#720=LINE('',#5498,#1041);
#721=LINE('',#5538,#1042);
#722=LINE('',#5543,#1043);
#723=LINE('',#5546,#1044);
#724=LINE('',#5551,#1045);
#725=LINE('',#5557,#1046);
#726=LINE('',#5567,#1047);
#727=LINE('',#5569,#1048);
#728=LINE('',#5571,#1049);
#729=LINE('',#5574,#1050);
#730=LINE('',#5576,#1051);
#731=LINE('',#5580,#1052);
#732=LINE('',#5583,#1053);
#733=LINE('',#5587,#1054);
#734=LINE('',#5593,#1055);
#735=LINE('',#5599,#1056);
#736=LINE('',#5605,#1057);
#737=LINE('',#5607,#1058);
#738=LINE('',#5612,#1059);
#739=LINE('',#5616,#1060);
#740=LINE('',#5618,#1061);
#741=LINE('',#5619,#1062);
#742=LINE('',#5621,#1063);
#743=LINE('',#5626,#1064);
#744=LINE('',#5632,#1065);
#745=LINE('',#5635,#1066);
#746=LINE('',#5636,#1067);
#747=LINE('',#5639,#1068);
#748=LINE('',#5640,#1069);
#749=LINE('',#5643,#1070);
#750=LINE('',#5646,#1071);
#751=LINE('',#5648,#1072);
#752=LINE('',#5650,#1073);
#753=LINE('',#5651,#1074);
#754=LINE('',#5654,#1075);
#755=LINE('',#5656,#1076);
#756=LINE('',#5658,#1077);
#757=LINE('',#5659,#1078);
#758=LINE('',#5661,#1079);
#759=LINE('',#5662,#1080);
#760=LINE('',#5664,#1081);
#761=LINE('',#5666,#1082);
#762=LINE('',#5668,#1083);
#763=LINE('',#5669,#1084);
#764=LINE('',#5671,#1085);
#765=LINE('',#5673,#1086);
#766=LINE('',#5674,#1087);
#767=LINE('',#5676,#1088);
#768=LINE('',#5678,#1089);
#769=LINE('',#5680,#1090);
#770=LINE('',#5683,#1091);
#771=LINE('',#5685,#1092);
#772=LINE('',#5687,#1093);
#773=LINE('',#5689,#1094);
#774=LINE('',#5691,#1095);
#775=LINE('',#5693,#1096);
#776=LINE('',#5695,#1097);
#777=LINE('',#5697,#1098);
#778=LINE('',#5699,#1099);
#779=LINE('',#5701,#1100);
#780=LINE('',#5703,#1101);
#781=LINE('',#5705,#1102);
#782=LINE('',#5707,#1103);
#783=LINE('',#5709,#1104);
#784=LINE('',#5711,#1105);
#785=LINE('',#5713,#1106);
#786=LINE('',#5715,#1107);
#787=LINE('',#5717,#1108);
#788=LINE('',#5719,#1109);
#789=LINE('',#5721,#1110);
#790=LINE('',#5723,#1111);
#791=LINE('',#5725,#1112);
#792=LINE('',#5727,#1113);
#793=LINE('',#5729,#1114);
#794=LINE('',#5731,#1115);
#795=LINE('',#5733,#1116);
#796=LINE('',#5735,#1117);
#797=LINE('',#5737,#1118);
#798=LINE('',#5739,#1119);
#799=LINE('',#5741,#1120);
#800=LINE('',#5743,#1121);
#801=LINE('',#5745,#1122);
#802=LINE('',#5747,#1123);
#803=LINE('',#5749,#1124);
#804=LINE('',#5751,#1125);
#805=LINE('',#5753,#1126);
#806=LINE('',#5755,#1127);
#807=LINE('',#5757,#1128);
#808=LINE('',#5759,#1129);
#809=LINE('',#5763,#1130);
#810=LINE('',#5769,#1131);
#811=LINE('',#5771,#1132);
#812=LINE('',#5773,#1133);
#813=LINE('',#5775,#1134);
#814=LINE('',#5777,#1135);
#815=LINE('',#5779,#1136);
#816=LINE('',#5781,#1137);
#817=LINE('',#5783,#1138);
#818=LINE('',#5785,#1139);
#819=LINE('',#5787,#1140);
#820=LINE('',#5789,#1141);
#821=LINE('',#5791,#1142);
#822=LINE('',#5793,#1143);
#823=LINE('',#5795,#1144);
#824=LINE('',#5797,#1145);
#825=LINE('',#5799,#1146);
#826=LINE('',#5801,#1147);
#827=LINE('',#5803,#1148);
#828=LINE('',#5805,#1149);
#829=LINE('',#5807,#1150);
#830=LINE('',#5809,#1151);
#831=LINE('',#5811,#1152);
#832=LINE('',#5813,#1153);
#833=LINE('',#5815,#1154);
#834=LINE('',#5817,#1155);
#835=LINE('',#5819,#1156);
#836=LINE('',#5821,#1157);
#837=LINE('',#5823,#1158);
#838=LINE('',#5825,#1159);
#839=LINE('',#5827,#1160);
#840=LINE('',#5829,#1161);
#841=LINE('',#5831,#1162);
#842=LINE('',#5833,#1163);
#843=LINE('',#5835,#1164);
#844=LINE('',#5837,#1165);
#845=LINE('',#5839,#1166);
#846=LINE('',#5841,#1167);
#847=LINE('',#5843,#1168);
#848=LINE('',#5845,#1169);
#849=LINE('',#5847,#1170);
#850=LINE('',#5850,#1171);
#851=LINE('',#5852,#1172);
#852=LINE('',#5854,#1173);
#853=LINE('',#5856,#1174);
#854=LINE('',#5858,#1175);
#855=LINE('',#5862,#1176);
#856=LINE('',#5864,#1177);
#857=LINE('',#5866,#1178);
#858=LINE('',#5868,#1179);
#859=VECTOR('',#3660,2.25);
#860=VECTOR('',#3669,10.);
#861=VECTOR('',#3670,10.);
#862=VECTOR('',#3671,10.);
#863=VECTOR('',#3674,10.);
#864=VECTOR('',#3675,10.);
#865=VECTOR('',#3676,10.);
#866=VECTOR('',#3679,2.);
#867=VECTOR('',#3686,10.);
#868=VECTOR('',#3689,10.);
#869=VECTOR('',#3692,10.);
#870=VECTOR('',#3695,10.);
#871=VECTOR('',#3698,10.);
#872=VECTOR('',#3701,10.);
#873=VECTOR('',#3704,10.);
#874=VECTOR('',#3705,10.);
#875=VECTOR('',#3706,10.);
#876=VECTOR('',#3709,10.);
#877=VECTOR('',#3712,10.);
#878=VECTOR('',#3715,10.);
#879=VECTOR('',#3718,10.);
#880=VECTOR('',#3725,10.);
#881=VECTOR('',#3728,10.);
#882=VECTOR('',#3731,10.);
#883=VECTOR('',#3734,10.);
#884=VECTOR('',#3737,10.);
#885=VECTOR('',#3740,10.);
#886=VECTOR('',#3743,10.);
#887=VECTOR('',#3746,10.);
#888=VECTOR('',#3749,10.);
#889=VECTOR('',#3752,10.);
#890=VECTOR('',#3755,10.);
#891=VECTOR('',#3756,10.);
#892=VECTOR('',#3757,10.);
#893=VECTOR('',#3760,10.);
#894=VECTOR('',#3763,10.);
#895=VECTOR('',#3764,10.);
#896=VECTOR('',#3765,10.);
#897=VECTOR('',#3768,10.);
#898=VECTOR('',#3771,10.);
#899=VECTOR('',#3772,10.);
#900=VECTOR('',#3773,10.);
#901=VECTOR('',#3776,10.);
#902=VECTOR('',#3779,10.);
#903=VECTOR('',#3780,10.);
#904=VECTOR('',#3783,10.);
#905=VECTOR('',#3786,10.);
#906=VECTOR('',#3791,10.);
#907=VECTOR('',#3794,10.);
#908=VECTOR('',#3797,10.);
#909=VECTOR('',#3800,10.);
#910=VECTOR('',#3803,10.);
#911=VECTOR('',#3804,10.);
#912=VECTOR('',#3807,10.);
#913=VECTOR('',#3810,10.);
#914=VECTOR('',#3813,10.);
#915=VECTOR('',#3816,10.);
#916=VECTOR('',#3819,10.);
#917=VECTOR('',#3822,10.);
#918=VECTOR('',#3825,10.);
#919=VECTOR('',#3826,10.);
#920=VECTOR('',#3829,10.);
#921=VECTOR('',#3832,10.);
#922=VECTOR('',#3833,10.);
#923=VECTOR('',#3834,10.);
#924=VECTOR('',#3837,10.);
#925=VECTOR('',#3840,10.);
#926=VECTOR('',#3841,10.);
#927=VECTOR('',#3842,10.);
#928=VECTOR('',#3845,10.);
#929=VECTOR('',#3848,10.);
#930=VECTOR('',#3849,10.);
#931=VECTOR('',#3850,10.);
#932=VECTOR('',#3853,10.);
#933=VECTOR('',#3856,10.);
#934=VECTOR('',#3859,10.);
#935=VECTOR('',#3862,10.);
#936=VECTOR('',#3865,10.);
#937=VECTOR('',#3868,10.);
#938=VECTOR('',#3871,10.);
#939=VECTOR('',#3874,10.);
#940=VECTOR('',#3877,10.);
#941=VECTOR('',#3880,10.);
#942=VECTOR('',#3887,10.);
#943=VECTOR('',#3888,10.);
#944=VECTOR('',#3893,10.);
#945=VECTOR('',#3896,10.);
#946=VECTOR('',#3899,10.);
#947=VECTOR('',#3904,10.);
#948=VECTOR('',#3911,10.);
#949=VECTOR('',#3914,10.);
#950=VECTOR('',#3917,10.);
#951=VECTOR('',#3920,10.);
#952=VECTOR('',#3923,10.);
#953=VECTOR('',#3926,10.);
#954=VECTOR('',#3929,10.);
#955=VECTOR('',#3932,10.);
#956=VECTOR('',#3935,10.);
#957=VECTOR('',#3938,10.);
#958=VECTOR('',#3941,10.);
#959=VECTOR('',#3942,10.);
#960=VECTOR('',#3943,10.);
#961=VECTOR('',#3946,10.);
#962=VECTOR('',#3949,10.);
#963=VECTOR('',#3950,10.);
#964=VECTOR('',#3951,10.);
#965=VECTOR('',#3954,10.);
#966=VECTOR('',#3957,10.);
#967=VECTOR('',#3958,10.);
#968=VECTOR('',#3959,10.);
#969=VECTOR('',#3962,10.);
#970=VECTOR('',#3965,10.);
#971=VECTOR('',#3966,10.);
#972=VECTOR('',#3969,10.);
#973=VECTOR('',#3972,10.);
#974=VECTOR('',#3975,10.);
#975=VECTOR('',#3978,10.);
#976=VECTOR('',#3981,10.);
#977=VECTOR('',#3984,10.);
#978=VECTOR('',#3987,10.);
#979=VECTOR('',#3988,10.);
#980=VECTOR('',#3991,10.);
#981=VECTOR('',#3994,10.);
#982=VECTOR('',#3997,10.);
#983=VECTOR('',#4000,10.);
#984=VECTOR('',#4005,10.);
#985=VECTOR('',#4008,10.);
#986=VECTOR('',#4011,10.);
#987=VECTOR('',#4012,10.);
#988=VECTOR('',#4015,10.);
#989=VECTOR('',#4018,10.);
#990=VECTOR('',#4019,10.);
#991=VECTOR('',#4020,10.);
#992=VECTOR('',#4023,10.);
#993=VECTOR('',#4026,10.);
#994=VECTOR('',#4027,10.);
#995=VECTOR('',#4028,10.);
#996=VECTOR('',#4031,10.);
#997=VECTOR('',#4034,10.);
#998=VECTOR('',#4035,10.);
#999=VECTOR('',#4036,10.);
#1000=VECTOR('',#4039,10.);
#1001=VECTOR('',#4042,10.);
#1002=VECTOR('',#4045,10.);
#1003=VECTOR('',#4048,10.);
#1004=VECTOR('',#4051,10.);
#1005=VECTOR('',#4054,10.);
#1006=VECTOR('',#4057,10.);
#1007=VECTOR('',#4060,10.);
#1008=VECTOR('',#4063,10.);
#1009=VECTOR('',#4066,10.);
#1010=VECTOR('',#4069,10.);
#1011=VECTOR('',#4072,10.);
#1012=VECTOR('',#4075,10.);
#1013=VECTOR('',#4078,10.);
#1014=VECTOR('',#4081,10.);
#1015=VECTOR('',#4082,10.);
#1016=VECTOR('',#4083,10.);
#1017=VECTOR('',#4086,10.);
#1018=VECTOR('',#4089,10.);
#1019=VECTOR('',#4092,10.);
#1020=VECTOR('',#4099,10.);
#1021=VECTOR('',#4100,10.);
#1022=VECTOR('',#4103,10.);
#1023=VECTOR('',#4106,10.);
#1024=VECTOR('',#4107,10.);
#1025=VECTOR('',#4110,10.);
#1026=VECTOR('',#4113,10.);
#1027=VECTOR('',#4114,10.);
#1028=VECTOR('',#4117,10.);
#1029=VECTOR('',#4120,10.);
#1030=VECTOR('',#4121,10.);
#1031=VECTOR('',#4124,10.);
#1032=VECTOR('',#4129,10.);
#1033=VECTOR('',#4130,10.);
#1034=VECTOR('',#4133,10.);
#1035=VECTOR('',#4136,10.);
#1036=VECTOR('',#4137,10.);
#1037=VECTOR('',#4140,10.);
#1038=VECTOR('',#4143,1.25);
#1039=VECTOR('',#4146,1.25);
#1040=VECTOR('',#4151,1.25);
#1041=VECTOR('',#4154,1.25);
#1042=VECTOR('',#4157,1.5);
#1043=VECTOR('',#4164,1.25);
#1044=VECTOR('',#4167,1.5);
#1045=VECTOR('',#4174,1.25);
#1046=VECTOR('',#4179,1.75);
#1047=VECTOR('',#4190,10.);
#1048=VECTOR('',#4191,10.);
#1049=VECTOR('',#4192,10.);
#1050=VECTOR('',#4195,10.);
#1051=VECTOR('',#4196,10.);
#1052=VECTOR('',#4201,10.);
#1053=VECTOR('',#4204,1.5);
#1054=VECTOR('',#4209,1.75);
#1055=VECTOR('',#4216,1.5);
#1056=VECTOR('',#4223,1.75);
#1057=VECTOR('',#4230,10.);
#1058=VECTOR('',#4231,10.);
#1059=VECTOR('',#4236,10.);
#1060=VECTOR('',#4239,10.);
#1061=VECTOR('',#4240,10.);
#1062=VECTOR('',#4241,10.);
#1063=VECTOR('',#4244,1.75);
#1064=VECTOR('',#4249,2.75);
#1065=VECTOR('',#4256,2.5);
#1066=VECTOR('',#4261,10.);
#1067=VECTOR('',#4262,10.);
#1068=VECTOR('',#4267,10.);
#1069=VECTOR('',#4268,10.);
#1070=VECTOR('',#4273,10.);
#1071=VECTOR('',#4278,10.);
#1072=VECTOR('',#4281,10.);
#1073=VECTOR('',#4284,10.);
#1074=VECTOR('',#4285,10.);
#1075=VECTOR('',#4290,10.);
#1076=VECTOR('',#4293,10.);
#1077=VECTOR('',#4296,10.);
#1078=VECTOR('',#4297,10.);
#1079=VECTOR('',#4300,10.);
#1080=VECTOR('',#4301,10.);
#1081=VECTOR('',#4304,10.);
#1082=VECTOR('',#4307,10.);
#1083=VECTOR('',#4310,10.);
#1084=VECTOR('',#4311,10.);
#1085=VECTOR('',#4314,10.);
#1086=VECTOR('',#4317,10.);
#1087=VECTOR('',#4318,10.);
#1088=VECTOR('',#4321,10.);
#1089=VECTOR('',#4324,10.);
#1090=VECTOR('',#4327,10.);
#1091=VECTOR('',#4332,10.);
#1092=VECTOR('',#4335,10.);
#1093=VECTOR('',#4338,10.);
#1094=VECTOR('',#4341,10.);
#1095=VECTOR('',#4344,10.);
#1096=VECTOR('',#4347,10.);
#1097=VECTOR('',#4350,10.);
#1098=VECTOR('',#4353,10.);
#1099=VECTOR('',#4356,10.);
#1100=VECTOR('',#4359,10.);
#1101=VECTOR('',#4362,10.);
#1102=VECTOR('',#4365,10.);
#1103=VECTOR('',#4368,10.);
#1104=VECTOR('',#4371,10.);
#1105=VECTOR('',#4374,10.);
#1106=VECTOR('',#4377,10.);
#1107=VECTOR('',#4380,10.);
#1108=VECTOR('',#4383,10.);
#1109=VECTOR('',#4386,10.);
#1110=VECTOR('',#4389,10.);
#1111=VECTOR('',#4392,10.);
#1112=VECTOR('',#4395,10.);
#1113=VECTOR('',#4398,10.);
#1114=VECTOR('',#4401,10.);
#1115=VECTOR('',#4404,10.);
#1116=VECTOR('',#4407,10.);
#1117=VECTOR('',#4410,10.);
#1118=VECTOR('',#4413,10.);
#1119=VECTOR('',#4416,10.);
#1120=VECTOR('',#4419,10.);
#1121=VECTOR('',#4422,10.);
#1122=VECTOR('',#4425,10.);
#1123=VECTOR('',#4428,10.);
#1124=VECTOR('',#4431,10.);
#1125=VECTOR('',#4434,10.);
#1126=VECTOR('',#4437,10.);
#1127=VECTOR('',#4440,10.);
#1128=VECTOR('',#4443,10.);
#1129=VECTOR('',#4446,10.);
#1130=VECTOR('',#4453,10.);
#1131=VECTOR('',#4464,10.);
#1132=VECTOR('',#4467,10.);
#1133=VECTOR('',#4470,10.);
#1134=VECTOR('',#4473,10.);
#1135=VECTOR('',#4476,10.);
#1136=VECTOR('',#4479,10.);
#1137=VECTOR('',#4482,10.);
#1138=VECTOR('',#4485,10.);
#1139=VECTOR('',#4488,10.);
#1140=VECTOR('',#4491,10.);
#1141=VECTOR('',#4494,10.);
#1142=VECTOR('',#4497,10.);
#1143=VECTOR('',#4500,10.);
#1144=VECTOR('',#4503,10.);
#1145=VECTOR('',#4506,10.);
#1146=VECTOR('',#4509,10.);
#1147=VECTOR('',#4512,10.);
#1148=VECTOR('',#4515,10.);
#1149=VECTOR('',#4518,10.);
#1150=VECTOR('',#4521,10.);
#1151=VECTOR('',#4524,10.);
#1152=VECTOR('',#4527,10.);
#1153=VECTOR('',#4530,10.);
#1154=VECTOR('',#4533,10.);
#1155=VECTOR('',#4536,10.);
#1156=VECTOR('',#4539,10.);
#1157=VECTOR('',#4542,10.);
#1158=VECTOR('',#4545,10.);
#1159=VECTOR('',#4548,10.);
#1160=VECTOR('',#4551,10.);
#1161=VECTOR('',#4554,10.);
#1162=VECTOR('',#4557,10.);
#1163=VECTOR('',#4560,10.);
#1164=VECTOR('',#4563,10.);
#1165=VECTOR('',#4566,10.);
#1166=VECTOR('',#4569,10.);
#1167=VECTOR('',#4572,10.);
#1168=VECTOR('',#4575,10.);
#1169=VECTOR('',#4578,10.);
#1170=VECTOR('',#4581,10.);
#1171=VECTOR('',#4586,10.);
#1172=VECTOR('',#4589,10.);
#1173=VECTOR('',#4592,10.);
#1174=VECTOR('',#4595,10.);
#1175=VECTOR('',#4598,10.);
#1176=VECTOR('',#4605,10.);
#1177=VECTOR('',#4608,10.);
#1178=VECTOR('',#4611,10.);
#1179=VECTOR('',#4614,10.);
#1180=CIRCLE('',#3335,2.5);
#1181=CIRCLE('',#3336,2.);
#1182=CIRCLE('',#3337,2.);
#1183=CIRCLE('',#3338,2.5);
#1184=CIRCLE('',#3342,2.);
#1185=CIRCLE('',#3344,0.5);
#1186=CIRCLE('',#3345,0.5);
#1187=CIRCLE('',#3347,0.5);
#1188=CIRCLE('',#3348,0.2);
#1189=CIRCLE('',#3349,1.25);
#1190=CIRCLE('',#3350,0.2);
#1191=CIRCLE('',#3351,0.2);
#1192=CIRCLE('',#3352,1.25);
#1193=CIRCLE('',#3353,0.2);
#1194=CIRCLE('',#3354,0.5);
#1195=CIRCLE('',#3355,0.5);
#1196=CIRCLE('',#3356,18.25);
#1197=CIRCLE('',#3357,2.);
#1198=CIRCLE('',#3358,120.249999999994);
#1199=CIRCLE('',#3359,120.249999999994);
#1200=CIRCLE('',#3360,450.124999999938);
#1201=CIRCLE('',#3361,450.124999999938);
#1202=CIRCLE('',#3362,450.124999999938);
#1203=CIRCLE('',#3363,450.124999999938);
#1204=CIRCLE('',#3364,450.124999999938);
#1205=CIRCLE('',#3365,450.124999999938);
#1206=CIRCLE('',#3366,450.124999999938);
#1207=CIRCLE('',#3367,450.124999999938);
#1208=CIRCLE('',#3368,450.124999999938);
#1209=CIRCLE('',#3369,450.124999999938);
#1210=CIRCLE('',#3370,450.124999999938);
#1211=CIRCLE('',#3371,450.124999999938);
#1212=CIRCLE('',#3372,450.124999999938);
#1213=CIRCLE('',#3373,450.124999999938);
#1214=CIRCLE('',#3374,126.812500000008);
#1215=CIRCLE('',#3375,0.5);
#1216=CIRCLE('',#3376,1.);
#1217=CIRCLE('',#3377,2.5);
#1218=CIRCLE('',#3378,1.25);
#1219=CIRCLE('',#3379,2.5);
#1220=CIRCLE('',#3380,1.);
#1221=CIRCLE('',#3381,0.5);
#1222=CIRCLE('',#3382,0.5);
#1223=CIRCLE('',#3383,1.);
#1224=CIRCLE('',#3384,2.5);
#1225=CIRCLE('',#3385,1.25);
#1226=CIRCLE('',#3386,2.5);
#1227=CIRCLE('',#3387,0.5);
#1228=CIRCLE('',#3388,126.812500000008);
#1229=CIRCLE('',#3389,450.124999999938);
#1230=CIRCLE('',#3390,450.124999999938);
#1231=CIRCLE('',#3391,450.124999999938);
#1232=CIRCLE('',#3392,450.124999999938);
#1233=CIRCLE('',#3393,450.124999999938);
#1234=CIRCLE('',#3394,450.124999999938);
#1235=CIRCLE('',#3395,450.124999999938);
#1236=CIRCLE('',#3396,450.124999999938);
#1237=CIRCLE('',#3397,450.124999999938);
#1238=CIRCLE('',#3398,450.124999999938);
#1239=CIRCLE('',#3399,450.124999999938);
#1240=CIRCLE('',#3400,450.124999999938);
#1241=CIRCLE('',#3401,450.124999999938);
#1242=CIRCLE('',#3402,450.124999999938);
#1243=CIRCLE('',#3403,120.249999999994);
#1244=CIRCLE('',#3404,120.249999999994);
#1245=CIRCLE('',#3405,2.);
#1246=CIRCLE('',#3406,18.25);
#1247=CIRCLE('',#3409,0.5);
#1248=CIRCLE('',#3411,0.5);
#1249=CIRCLE('',#3413,18.25);
#1250=CIRCLE('',#3415,18.25);
#1251=CIRCLE('',#3416,2.);
#1252=CIRCLE('',#3417,120.249999999994);
#1253=CIRCLE('',#3418,120.249999999994);
#1254=CIRCLE('',#3419,450.124999999938);
#1255=CIRCLE('',#3420,450.124999999938);
#1256=CIRCLE('',#3421,450.124999999938);
#1257=CIRCLE('',#3422,450.124999999938);
#1258=CIRCLE('',#3423,450.124999999938);
#1259=CIRCLE('',#3424,450.124999999938);
#1260=CIRCLE('',#3425,450.124999999938);
#1261=CIRCLE('',#3426,450.124999999938);
#1262=CIRCLE('',#3427,450.124999999938);
#1263=CIRCLE('',#3428,450.124999999938);
#1264=CIRCLE('',#3429,450.124999999938);
#1265=CIRCLE('',#3430,450.124999999938);
#1266=CIRCLE('',#3431,450.124999999938);
#1267=CIRCLE('',#3432,450.124999999938);
#1268=CIRCLE('',#3433,126.812500000008);
#1269=CIRCLE('',#3434,0.5);
#1270=CIRCLE('',#3435,2.5);
#1271=CIRCLE('',#3436,1.25);
#1272=CIRCLE('',#3437,2.5);
#1273=CIRCLE('',#3438,1.);
#1274=CIRCLE('',#3439,0.5);
#1275=CIRCLE('',#3440,0.5);
#1276=CIRCLE('',#3441,1.);
#1277=CIRCLE('',#3442,2.5);
#1278=CIRCLE('',#3443,1.25);
#1279=CIRCLE('',#3444,2.5);
#1280=CIRCLE('',#3445,1.);
#1281=CIRCLE('',#3446,0.5);
#1282=CIRCLE('',#3447,126.812500000008);
#1283=CIRCLE('',#3448,450.124999999938);
#1284=CIRCLE('',#3449,450.124999999938);
#1285=CIRCLE('',#3450,450.124999999938);
#1286=CIRCLE('',#3451,450.124999999938);
#1287=CIRCLE('',#3452,450.124999999938);
#1288=CIRCLE('',#3453,450.124999999938);
#1289=CIRCLE('',#3454,450.124999999938);
#1290=CIRCLE('',#3455,450.124999999938);
#1291=CIRCLE('',#3456,450.124999999938);
#1292=CIRCLE('',#3457,450.124999999938);
#1293=CIRCLE('',#3458,450.124999999938);
#1294=CIRCLE('',#3459,450.124999999938);
#1295=CIRCLE('',#3460,450.124999999938);
#1296=CIRCLE('',#3461,450.124999999938);
#1297=CIRCLE('',#3462,120.249999999994);
#1298=CIRCLE('',#3463,120.249999999994);
#1299=CIRCLE('',#3464,2.);
#1300=CIRCLE('',#3465,0.5);
#1301=CIRCLE('',#3466,0.2);
#1302=CIRCLE('',#3467,1.25);
#1303=CIRCLE('',#3468,0.2);
#1304=CIRCLE('',#3469,0.2);
#1305=CIRCLE('',#3470,1.25);
#1306=CIRCLE('',#3471,0.2);
#1307=CIRCLE('',#3472,1.75);
#1308=CIRCLE('',#3473,1.75);
#1309=CIRCLE('',#3482,1.25);
#1310=CIRCLE('',#3490,1.25);
#1311=CIRCLE('',#3493,1.25);
#1312=CIRCLE('',#3494,1.25);
#1313=CIRCLE('',#3497,1.25);
#1314=CIRCLE('',#3498,1.25);
#1315=CIRCLE('',#3501,2.);
#1316=CIRCLE('',#3502,1.5);
#1317=CIRCLE('',#3503,1.5);
#1318=CIRCLE('',#3504,2.);
#1319=CIRCLE('',#3506,2.);
#1320=CIRCLE('',#3507,2.);
#1321=CIRCLE('',#3508,2.);
#1322=CIRCLE('',#3509,2.);
#1323=CIRCLE('',#3511,1.5);
#1324=CIRCLE('',#3513,1.5);
#1325=CIRCLE('',#3514,1.5);
#1326=CIRCLE('',#3516,1.5);
#1327=CIRCLE('',#3518,2.);
#1328=CIRCLE('',#3519,2.);
#1329=CIRCLE('',#3521,2.);
#1330=CIRCLE('',#3522,2.);
#1331=CIRCLE('',#3523,2.);
#1332=CIRCLE('',#3524,2.);
#1333=CIRCLE('',#3527,3.);
#1334=CIRCLE('',#3528,2.5);
#1335=CIRCLE('',#3529,2.5);
#1336=CIRCLE('',#3531,2.5);
#1337=VERTEX_POINT('',#4619);
#1338=VERTEX_POINT('',#4620);
#1339=VERTEX_POINT('',#4622);
#1340=VERTEX_POINT('',#4624);
#1341=VERTEX_POINT('',#4629);
#1342=VERTEX_POINT('',#4631);
#1343=VERTEX_POINT('',#4635);
#1344=VERTEX_POINT('',#4637);
#1345=VERTEX_POINT('',#4641);
#1346=VERTEX_POINT('',#4644);
#1347=VERTEX_POINT('',#4679);
#1348=VERTEX_POINT('',#4715);
#1349=VERTEX_POINT('',#4716);
#1350=VERTEX_POINT('',#4718);
#1351=VERTEX_POINT('',#4720);
#1352=VERTEX_POINT('',#4724);
#1353=VERTEX_POINT('',#4726);
#1354=VERTEX_POINT('',#4728);
#1355=VERTEX_POINT('',#4730);
#1356=VERTEX_POINT('',#4732);
#1357=VERTEX_POINT('',#4734);
#1358=VERTEX_POINT('',#4736);
#1359=VERTEX_POINT('',#4738);
#1360=VERTEX_POINT('',#4740);
#1361=VERTEX_POINT('',#4742);
#1362=VERTEX_POINT('',#4744);
#1363=VERTEX_POINT('',#4746);
#1364=VERTEX_POINT('',#4748);
#1365=VERTEX_POINT('',#4750);
#1366=VERTEX_POINT('',#4752);
#1367=VERTEX_POINT('',#4754);
#1368=VERTEX_POINT('',#4756);
#1369=VERTEX_POINT('',#4758);
#1370=VERTEX_POINT('',#4760);
#1371=VERTEX_POINT('',#4762);
#1372=VERTEX_POINT('',#4764);
#1373=VERTEX_POINT('',#4766);
#1374=VERTEX_POINT('',#4768);
#1375=VERTEX_POINT('',#4770);
#1376=VERTEX_POINT('',#4772);
#1377=VERTEX_POINT('',#4774);
#1378=VERTEX_POINT('',#4776);
#1379=VERTEX_POINT('',#4778);
#1380=VERTEX_POINT('',#4780);
#1381=VERTEX_POINT('',#4782);
#1382=VERTEX_POINT('',#4784);
#1383=VERTEX_POINT('',#4786);
#1384=VERTEX_POINT('',#4788);
#1385=VERTEX_POINT('',#4790);
#1386=VERTEX_POINT('',#4792);
#1387=VERTEX_POINT('',#4794);
#1388=VERTEX_POINT('',#4796);
#1389=VERTEX_POINT('',#4798);
#1390=VERTEX_POINT('',#4800);
#1391=VERTEX_POINT('',#4802);
#1392=VERTEX_POINT('',#4804);
#1393=VERTEX_POINT('',#4806);
#1394=VERTEX_POINT('',#4808);
#1395=VERTEX_POINT('',#4810);
#1396=VERTEX_POINT('',#4812);
#1397=VERTEX_POINT('',#4814);
#1398=VERTEX_POINT('',#4816);
#1399=VERTEX_POINT('',#4818);
#1400=VERTEX_POINT('',#4820);
#1401=VERTEX_POINT('',#4822);
#1402=VERTEX_POINT('',#4824);
#1403=VERTEX_POINT('',#4826);
#1404=VERTEX_POINT('',#4828);
#1405=VERTEX_POINT('',#4830);
#1406=VERTEX_POINT('',#4832);
#1407=VERTEX_POINT('',#4834);
#1408=VERTEX_POINT('',#4836);
#1409=VERTEX_POINT('',#4838);
#1410=VERTEX_POINT('',#4840);
#1411=VERTEX_POINT('',#4842);
#1412=VERTEX_POINT('',#4844);
#1413=VERTEX_POINT('',#4846);
#1414=VERTEX_POINT('',#4848);
#1415=VERTEX_POINT('',#4850);
#1416=VERTEX_POINT('',#4852);
#1417=VERTEX_POINT('',#4854);
#1418=VERTEX_POINT('',#4856);
#1419=VERTEX_POINT('',#4858);
#1420=VERTEX_POINT('',#4860);
#1421=VERTEX_POINT('',#4862);
#1422=VERTEX_POINT('',#4864);
#1423=VERTEX_POINT('',#4866);
#1424=VERTEX_POINT('',#4868);
#1425=VERTEX_POINT('',#4870);
#1426=VERTEX_POINT('',#4872);
#1427=VERTEX_POINT('',#4874);
#1428=VERTEX_POINT('',#4877);
#1429=VERTEX_POINT('',#4879);
#1430=VERTEX_POINT('',#4881);
#1431=VERTEX_POINT('',#4883);
#1432=VERTEX_POINT('',#4885);
#1433=VERTEX_POINT('',#4887);
#1434=VERTEX_POINT('',#4889);
#1435=VERTEX_POINT('',#4891);
#1436=VERTEX_POINT('',#4893);
#1437=VERTEX_POINT('',#4895);
#1438=VERTEX_POINT('',#4897);
#1439=VERTEX_POINT('',#4899);
#1440=VERTEX_POINT('',#4901);
#1441=VERTEX_POINT('',#4903);
#1442=VERTEX_POINT('',#4905);
#1443=VERTEX_POINT('',#4907);
#1444=VERTEX_POINT('',#4909);
#1445=VERTEX_POINT('',#4911);
#1446=VERTEX_POINT('',#4913);
#1447=VERTEX_POINT('',#4915);
#1448=VERTEX_POINT('',#4917);
#1449=VERTEX_POINT('',#4919);
#1450=VERTEX_POINT('',#4921);
#1451=VERTEX_POINT('',#4923);
#1452=VERTEX_POINT('',#4925);
#1453=VERTEX_POINT('',#4927);
#1454=VERTEX_POINT('',#4929);
#1455=VERTEX_POINT('',#4931);
#1456=VERTEX_POINT('',#4933);
#1457=VERTEX_POINT('',#4935);
#1458=VERTEX_POINT('',#4937);
#1459=VERTEX_POINT('',#4939);
#1460=VERTEX_POINT('',#4941);
#1461=VERTEX_POINT('',#4943);
#1462=VERTEX_POINT('',#4945);
#1463=VERTEX_POINT('',#4947);
#1464=VERTEX_POINT('',#4949);
#1465=VERTEX_POINT('',#4951);
#1466=VERTEX_POINT('',#4953);
#1467=VERTEX_POINT('',#4955);
#1468=VERTEX_POINT('',#4957);
#1469=VERTEX_POINT('',#4959);
#1470=VERTEX_POINT('',#4961);
#1471=VERTEX_POINT('',#4963);
#1472=VERTEX_POINT('',#4965);
#1473=VERTEX_POINT('',#4967);
#1474=VERTEX_POINT('',#4969);
#1475=VERTEX_POINT('',#4971);
#1476=VERTEX_POINT('',#4973);
#1477=VERTEX_POINT('',#4975);
#1478=VERTEX_POINT('',#4977);
#1479=VERTEX_POINT('',#4979);
#1480=VERTEX_POINT('',#4981);
#1481=VERTEX_POINT('',#4983);
#1482=VERTEX_POINT('',#4985);
#1483=VERTEX_POINT('',#4989);
#1484=VERTEX_POINT('',#4993);
#1485=VERTEX_POINT('',#4997);
#1486=VERTEX_POINT('',#4999);
#1487=VERTEX_POINT('',#5003);
#1488=VERTEX_POINT('',#5007);
#1489=VERTEX_POINT('',#5009);
#1490=VERTEX_POINT('',#5011);
#1491=VERTEX_POINT('',#5013);
#1492=VERTEX_POINT('',#5015);
#1493=VERTEX_POINT('',#5017);
#1494=VERTEX_POINT('',#5019);
#1495=VERTEX_POINT('',#5021);
#1496=VERTEX_POINT('',#5023);
#1497=VERTEX_POINT('',#5025);
#1498=VERTEX_POINT('',#5027);
#1499=VERTEX_POINT('',#5029);
#1500=VERTEX_POINT('',#5031);
#1501=VERTEX_POINT('',#5033);
#1502=VERTEX_POINT('',#5035);
#1503=VERTEX_POINT('',#5037);
#1504=VERTEX_POINT('',#5039);
#1505=VERTEX_POINT('',#5041);
#1506=VERTEX_POINT('',#5043);
#1507=VERTEX_POINT('',#5045);
#1508=VERTEX_POINT('',#5047);
#1509=VERTEX_POINT('',#5049);
#1510=VERTEX_POINT('',#5051);
#1511=VERTEX_POINT('',#5053);
#1512=VERTEX_POINT('',#5055);
#1513=VERTEX_POINT('',#5057);
#1514=VERTEX_POINT('',#5059);
#1515=VERTEX_POINT('',#5061);
#1516=VERTEX_POINT('',#5063);
#1517=VERTEX_POINT('',#5065);
#1518=VERTEX_POINT('',#5067);
#1519=VERTEX_POINT('',#5069);
#1520=VERTEX_POINT('',#5071);
#1521=VERTEX_POINT('',#5073);
#1522=VERTEX_POINT('',#5075);
#1523=VERTEX_POINT('',#5077);
#1524=VERTEX_POINT('',#5079);
#1525=VERTEX_POINT('',#5081);
#1526=VERTEX_POINT('',#5083);
#1527=VERTEX_POINT('',#5085);
#1528=VERTEX_POINT('',#5087);
#1529=VERTEX_POINT('',#5089);
#1530=VERTEX_POINT('',#5091);
#1531=VERTEX_POINT('',#5093);
#1532=VERTEX_POINT('',#5095);
#1533=VERTEX_POINT('',#5097);
#1534=VERTEX_POINT('',#5099);
#1535=VERTEX_POINT('',#5101);
#1536=VERTEX_POINT('',#5103);
#1537=VERTEX_POINT('',#5105);
#1538=VERTEX_POINT('',#5107);
#1539=VERTEX_POINT('',#5109);
#1540=VERTEX_POINT('',#5111);
#1541=VERTEX_POINT('',#5113);
#1542=VERTEX_POINT('',#5115);
#1543=VERTEX_POINT('',#5118);
#1544=VERTEX_POINT('',#5120);
#1545=VERTEX_POINT('',#5122);
#1546=VERTEX_POINT('',#5124);
#1547=VERTEX_POINT('',#5126);
#1548=VERTEX_POINT('',#5128);
#1549=VERTEX_POINT('',#5130);
#1550=VERTEX_POINT('',#5132);
#1551=VERTEX_POINT('',#5134);
#1552=VERTEX_POINT('',#5136);
#1553=VERTEX_POINT('',#5138);
#1554=VERTEX_POINT('',#5140);
#1555=VERTEX_POINT('',#5142);
#1556=VERTEX_POINT('',#5144);
#1557=VERTEX_POINT('',#5146);
#1558=VERTEX_POINT('',#5148);
#1559=VERTEX_POINT('',#5150);
#1560=VERTEX_POINT('',#5152);
#1561=VERTEX_POINT('',#5154);
#1562=VERTEX_POINT('',#5156);
#1563=VERTEX_POINT('',#5158);
#1564=VERTEX_POINT('',#5160);
#1565=VERTEX_POINT('',#5162);
#1566=VERTEX_POINT('',#5164);
#1567=VERTEX_POINT('',#5166);
#1568=VERTEX_POINT('',#5168);
#1569=VERTEX_POINT('',#5170);
#1570=VERTEX_POINT('',#5172);
#1571=VERTEX_POINT('',#5174);
#1572=VERTEX_POINT('',#5176);
#1573=VERTEX_POINT('',#5178);
#1574=VERTEX_POINT('',#5180);
#1575=VERTEX_POINT('',#5182);
#1576=VERTEX_POINT('',#5184);
#1577=VERTEX_POINT('',#5186);
#1578=VERTEX_POINT('',#5188);
#1579=VERTEX_POINT('',#5190);
#1580=VERTEX_POINT('',#5192);
#1581=VERTEX_POINT('',#5194);
#1582=VERTEX_POINT('',#5196);
#1583=VERTEX_POINT('',#5198);
#1584=VERTEX_POINT('',#5200);
#1585=VERTEX_POINT('',#5202);
#1586=VERTEX_POINT('',#5204);
#1587=VERTEX_POINT('',#5206);
#1588=VERTEX_POINT('',#5208);
#1589=VERTEX_POINT('',#5210);
#1590=VERTEX_POINT('',#5212);
#1591=VERTEX_POINT('',#5214);
#1592=VERTEX_POINT('',#5216);
#1593=VERTEX_POINT('',#5218);
#1594=VERTEX_POINT('',#5220);
#1595=VERTEX_POINT('',#5222);
#1596=VERTEX_POINT('',#5224);
#1597=VERTEX_POINT('',#5226);
#1598=VERTEX_POINT('',#5229);
#1599=VERTEX_POINT('',#5231);
#1600=VERTEX_POINT('',#5233);
#1601=VERTEX_POINT('',#5235);
#1602=VERTEX_POINT('',#5237);
#1603=VERTEX_POINT('',#5239);
#1604=VERTEX_POINT('',#5241);
#1605=VERTEX_POINT('',#5243);
#1606=VERTEX_POINT('',#5245);
#1607=VERTEX_POINT('',#5247);
#1608=VERTEX_POINT('',#5249);
#1609=VERTEX_POINT('',#5251);
#1610=VERTEX_POINT('',#5253);
#1611=VERTEX_POINT('',#5255);
#1612=VERTEX_POINT('',#5257);
#1613=VERTEX_POINT('',#5259);
#1614=VERTEX_POINT('',#5262);
#1615=VERTEX_POINT('',#5264);
#1616=VERTEX_POINT('',#5286);
#1617=VERTEX_POINT('',#5299);
#1618=VERTEX_POINT('',#5300);
#1619=VERTEX_POINT('',#5337);
#1620=VERTEX_POINT('',#5339);
#1621=VERTEX_POINT('',#5377);
#1622=VERTEX_POINT('',#5379);
#1623=VERTEX_POINT('',#5417);
#1624=VERTEX_POINT('',#5419);
#1625=VERTEX_POINT('',#5421);
#1626=VERTEX_POINT('',#5459);
#1627=VERTEX_POINT('',#5460);
#1628=VERTEX_POINT('',#5497);
#1629=VERTEX_POINT('',#5499);
#1630=VERTEX_POINT('',#5537);
#1631=VERTEX_POINT('',#5539);
#1632=VERTEX_POINT('',#5545);
#1633=VERTEX_POINT('',#5547);
#1634=VERTEX_POINT('',#5553);
#1635=VERTEX_POINT('',#5554);
#1636=VERTEX_POINT('',#5556);
#1637=VERTEX_POINT('',#5558);
#1638=VERTEX_POINT('',#5563);
#1639=VERTEX_POINT('',#5564);
#1640=VERTEX_POINT('',#5566);
#1641=VERTEX_POINT('',#5568);
#1642=VERTEX_POINT('',#5570);
#1643=VERTEX_POINT('',#5572);
#1644=VERTEX_POINT('',#5575);
#1645=VERTEX_POINT('',#5577);
#1646=VERTEX_POINT('',#5582);
#1647=VERTEX_POINT('',#5586);
#1648=VERTEX_POINT('',#5588);
#1649=VERTEX_POINT('',#5592);
#1650=VERTEX_POINT('',#5596);
#1651=VERTEX_POINT('',#5597);
#1652=VERTEX_POINT('',#5602);
#1653=VERTEX_POINT('',#5603);
#1654=VERTEX_POINT('',#5606);
#1655=VERTEX_POINT('',#5608);
#1656=VERTEX_POINT('',#5611);
#1657=VERTEX_POINT('',#5613);
#1658=VERTEX_POINT('',#5615);
#1659=VERTEX_POINT('',#5617);
#1660=VERTEX_POINT('',#5623);
#1661=VERTEX_POINT('',#5625);
#1662=VERTEX_POINT('',#5627);
#1663=VERTEX_POINT('',#5631);
#1664=EDGE_CURVE('',#1337,#1338,#1180,.T.);
#1665=EDGE_CURVE('',#1338,#1339,#538,.T.);
#1666=EDGE_CURVE('',#1339,#1340,#1181,.T.);
#1667=EDGE_CURVE('',#1340,#1339,#1182,.T.);
#1668=EDGE_CURVE('',#1338,#1337,#1183,.T.);
#1669=EDGE_CURVE('',#1341,#1337,#539,.T.);
#1670=EDGE_CURVE('',#1341,#1342,#540,.T.);
#1671=EDGE_CURVE('',#1342,#1338,#541,.T.);
#1672=EDGE_CURVE('',#1338,#1343,#542,.T.);
#1673=EDGE_CURVE('',#1344,#1343,#543,.T.);
#1674=EDGE_CURVE('',#1337,#1344,#544,.T.);
#1675=EDGE_CURVE('',#1340,#1345,#545,.T.);
#1676=EDGE_CURVE('',#1345,#1345,#1184,.T.);
#1677=EDGE_CURVE('',#1346,#1346,#29,.T.);
#1678=EDGE_CURVE('',#1347,#1347,#30,.T.);
#1679=EDGE_CURVE('',#1348,#1349,#1185,.T.);
#1680=EDGE_CURVE('',#1349,#1350,#546,.T.);
#1681=EDGE_CURVE('',#1350,#1351,#1186,.T.);
#1682=EDGE_CURVE('',#1351,#1348,#547,.T.);
#1683=EDGE_CURVE('',#1348,#1352,#548,.T.);
#1684=EDGE_CURVE('',#1353,#1352,#1187,.T.);
#1685=EDGE_CURVE('',#1353,#1354,#549,.T.);
#1686=EDGE_CURVE('',#1355,#1354,#1188,.T.);
#1687=EDGE_CURVE('',#1355,#1356,#550,.T.);
#1688=EDGE_CURVE('',#1356,#1357,#1189,.T.);
#1689=EDGE_CURVE('',#1357,#1358,#551,.T.);
#1690=EDGE_CURVE('',#1359,#1358,#1190,.T.);
#1691=EDGE_CURVE('',#1359,#1360,#552,.T.);
#1692=EDGE_CURVE('',#1360,#1361,#553,.T.);
#1693=EDGE_CURVE('',#1361,#1362,#554,.T.);
#1694=EDGE_CURVE('',#1363,#1362,#1191,.T.);
#1695=EDGE_CURVE('',#1363,#1364,#555,.T.);
#1696=EDGE_CURVE('',#1364,#1365,#1192,.T.);
#1697=EDGE_CURVE('',#1365,#1366,#556,.T.);
#1698=EDGE_CURVE('',#1367,#1366,#1193,.T.);
#1699=EDGE_CURVE('',#1367,#1368,#557,.T.);
#1700=EDGE_CURVE('',#1369,#1368,#1194,.T.);
#1701=EDGE_CURVE('',#1369,#1370,#558,.T.);
#1702=EDGE_CURVE('',#1371,#1370,#1195,.T.);
#1703=EDGE_CURVE('',#1371,#1372,#1196,.T.);
#1704=EDGE_CURVE('',#1373,#1372,#1197,.T.);
#1705=EDGE_CURVE('',#1373,#1374,#559,.T.);
#1706=EDGE_CURVE('',#1374,#1375,#1198,.T.);
#1707=EDGE_CURVE('',#1375,#1376,#560,.T.);
#1708=EDGE_CURVE('',#1376,#1377,#1199,.T.);
#1709=EDGE_CURVE('',#1377,#1378,#561,.T.);
#1710=EDGE_CURVE('',#1378,#1379,#1200,.T.);
#1711=EDGE_CURVE('',#1379,#1380,#562,.T.);
#1712=EDGE_CURVE('',#1380,#1381,#1201,.T.);
#1713=EDGE_CURVE('',#1381,#1382,#563,.T.);
#1714=EDGE_CURVE('',#1382,#1383,#1202,.T.);
#1715=EDGE_CURVE('',#1383,#1384,#564,.T.);
#1716=EDGE_CURVE('',#1384,#1385,#1203,.T.);
#1717=EDGE_CURVE('',#1385,#1386,#565,.T.);
#1718=EDGE_CURVE('',#1386,#1387,#1204,.T.);
#1719=EDGE_CURVE('',#1387,#1388,#566,.T.);
#1720=EDGE_CURVE('',#1388,#1389,#1205,.T.);
#1721=EDGE_CURVE('',#1389,#1390,#567,.T.);
#1722=EDGE_CURVE('',#1390,#1391,#1206,.T.);
#1723=EDGE_CURVE('',#1391,#1392,#568,.T.);
#1724=EDGE_CURVE('',#1392,#1393,#1207,.T.);
#1725=EDGE_CURVE('',#1393,#1394,#569,.T.);
#1726=EDGE_CURVE('',#1394,#1395,#570,.T.);
#1727=EDGE_CURVE('',#1395,#1396,#571,.T.);
#1728=EDGE_CURVE('',#1396,#1397,#1208,.T.);
#1729=EDGE_CURVE('',#1397,#1398,#572,.T.);
#1730=EDGE_CURVE('',#1398,#1399,#1209,.T.);
#1731=EDGE_CURVE('',#1399,#1400,#573,.T.);
#1732=EDGE_CURVE('',#1400,#1401,#574,.T.);
#1733=EDGE_CURVE('',#1401,#1402,#575,.T.);
#1734=EDGE_CURVE('',#1402,#1403,#1210,.T.);
#1735=EDGE_CURVE('',#1403,#1404,#576,.T.);
#1736=EDGE_CURVE('',#1404,#1405,#1211,.T.);
#1737=EDGE_CURVE('',#1405,#1406,#577,.T.);
#1738=EDGE_CURVE('',#1406,#1407,#578,.T.);
#1739=EDGE_CURVE('',#1407,#1408,#579,.T.);
#1740=EDGE_CURVE('',#1408,#1409,#1212,.T.);
#1741=EDGE_CURVE('',#1409,#1410,#580,.T.);
#1742=EDGE_CURVE('',#1410,#1411,#1213,.T.);
#1743=EDGE_CURVE('',#1411,#1412,#581,.T.);
#1744=EDGE_CURVE('',#1412,#1413,#582,.T.);
#1745=EDGE_CURVE('',#1413,#1414,#1214,.T.);
#1746=EDGE_CURVE('',#1414,#1415,#583,.T.);
#1747=EDGE_CURVE('',#1416,#1415,#1215,.T.);
#1748=EDGE_CURVE('',#1416,#1417,#584,.T.);
#1749=EDGE_CURVE('',#1418,#1417,#1216,.T.);
#1750=EDGE_CURVE('',#1418,#1419,#1217,.T.);
#1751=EDGE_CURVE('',#1419,#1420,#585,.T.);
#1752=EDGE_CURVE('',#1420,#1421,#1218,.T.);
#1753=EDGE_CURVE('',#1421,#1422,#586,.T.);
#1754=EDGE_CURVE('',#1422,#1423,#1219,.T.);
#1755=EDGE_CURVE('',#1423,#1424,#587,.T.);
#1756=EDGE_CURVE('',#1425,#1424,#1220,.T.);
#1757=EDGE_CURVE('',#1425,#1426,#588,.T.);
#1758=EDGE_CURVE('',#1427,#1426,#1221,.T.);
#1759=EDGE_CURVE('',#1427,#1344,#589,.T.);
#1760=EDGE_CURVE('',#1343,#1428,#590,.T.);
#1761=EDGE_CURVE('',#1429,#1428,#1222,.T.);
#1762=EDGE_CURVE('',#1429,#1430,#591,.T.);
#1763=EDGE_CURVE('',#1431,#1430,#1223,.T.);
#1764=EDGE_CURVE('',#1431,#1432,#592,.T.);
#1765=EDGE_CURVE('',#1432,#1433,#1224,.T.);
#1766=EDGE_CURVE('',#1433,#1434,#593,.T.);
#1767=EDGE_CURVE('',#1434,#1435,#1225,.T.);
#1768=EDGE_CURVE('',#1435,#1436,#594,.T.);
#1769=EDGE_CURVE('',#1436,#1437,#1226,.T.);
#1770=EDGE_CURVE('',#1437,#1438,#595,.T.);
#1771=EDGE_CURVE('',#1439,#1438,#1227,.T.);
#1772=EDGE_CURVE('',#1439,#1440,#596,.T.);
#1773=EDGE_CURVE('',#1440,#1441,#1228,.T.);
#1774=EDGE_CURVE('',#1441,#1442,#597,.T.);
#1775=EDGE_CURVE('',#1442,#1443,#598,.T.);
#1776=EDGE_CURVE('',#1443,#1444,#1229,.T.);
#1777=EDGE_CURVE('',#1444,#1445,#599,.T.);
#1778=EDGE_CURVE('',#1445,#1446,#1230,.T.);
#1779=EDGE_CURVE('',#1446,#1447,#600,.T.);
#1780=EDGE_CURVE('',#1447,#1448,#601,.T.);
#1781=EDGE_CURVE('',#1448,#1449,#602,.T.);
#1782=EDGE_CURVE('',#1449,#1450,#1231,.T.);
#1783=EDGE_CURVE('',#1450,#1451,#603,.T.);
#1784=EDGE_CURVE('',#1451,#1452,#1232,.T.);
#1785=EDGE_CURVE('',#1452,#1453,#604,.T.);
#1786=EDGE_CURVE('',#1453,#1454,#605,.T.);
#1787=EDGE_CURVE('',#1454,#1455,#606,.T.);
#1788=EDGE_CURVE('',#1455,#1456,#1233,.T.);
#1789=EDGE_CURVE('',#1456,#1457,#607,.T.);
#1790=EDGE_CURVE('',#1457,#1458,#1234,.T.);
#1791=EDGE_CURVE('',#1458,#1459,#608,.T.);
#1792=EDGE_CURVE('',#1459,#1460,#609,.T.);
#1793=EDGE_CURVE('',#1460,#1461,#610,.T.);
#1794=EDGE_CURVE('',#1461,#1462,#1235,.T.);
#1795=EDGE_CURVE('',#1462,#1463,#611,.T.);
#1796=EDGE_CURVE('',#1463,#1464,#1236,.T.);
#1797=EDGE_CURVE('',#1464,#1465,#612,.T.);
#1798=EDGE_CURVE('',#1465,#1466,#1237,.T.);
#1799=EDGE_CURVE('',#1466,#1467,#613,.T.);
#1800=EDGE_CURVE('',#1467,#1468,#1238,.T.);
#1801=EDGE_CURVE('',#1468,#1469,#614,.T.);
#1802=EDGE_CURVE('',#1469,#1470,#1239,.T.);
#1803=EDGE_CURVE('',#1470,#1471,#615,.T.);
#1804=EDGE_CURVE('',#1471,#1472,#1240,.T.);
#1805=EDGE_CURVE('',#1472,#1473,#616,.T.);
#1806=EDGE_CURVE('',#1473,#1474,#1241,.T.);
#1807=EDGE_CURVE('',#1474,#1475,#617,.T.);
#1808=EDGE_CURVE('',#1475,#1476,#1242,.T.);
#1809=EDGE_CURVE('',#1476,#1477,#618,.T.);
#1810=EDGE_CURVE('',#1477,#1478,#1243,.T.);
#1811=EDGE_CURVE('',#1478,#1479,#619,.T.);
#1812=EDGE_CURVE('',#1479,#1480,#1244,.T.);
#1813=EDGE_CURVE('',#1480,#1481,#620,.T.);
#1814=EDGE_CURVE('',#1482,#1481,#1245,.T.);
#1815=EDGE_CURVE('',#1482,#1349,#1246,.T.);
#1816=EDGE_CURVE('',#1351,#1483,#621,.T.);
#1817=EDGE_CURVE('',#1352,#1483,#622,.T.);
#1818=EDGE_CURVE('',#1483,#1484,#1247,.T.);
#1819=EDGE_CURVE('',#1484,#1353,#623,.T.);
#1820=EDGE_CURVE('',#1370,#1485,#624,.T.);
#1821=EDGE_CURVE('',#1485,#1486,#1248,.T.);
#1822=EDGE_CURVE('',#1486,#1371,#625,.T.);
#1823=EDGE_CURVE('',#1486,#1487,#1249,.T.);
#1824=EDGE_CURVE('',#1372,#1487,#626,.T.);
#1825=EDGE_CURVE('',#1488,#1350,#1250,.T.);
#1826=EDGE_CURVE('',#1489,#1488,#1251,.T.);
#1827=EDGE_CURVE('',#1490,#1489,#627,.T.);
#1828=EDGE_CURVE('',#1491,#1490,#1252,.T.);
#1829=EDGE_CURVE('',#1492,#1491,#628,.T.);
#1830=EDGE_CURVE('',#1493,#1492,#1253,.T.);
#1831=EDGE_CURVE('',#1494,#1493,#629,.T.);
#1832=EDGE_CURVE('',#1495,#1494,#1254,.T.);
#1833=EDGE_CURVE('',#1496,#1495,#630,.T.);
#1834=EDGE_CURVE('',#1497,#1496,#1255,.T.);
#1835=EDGE_CURVE('',#1498,#1497,#631,.T.);
#1836=EDGE_CURVE('',#1499,#1498,#1256,.T.);
#1837=EDGE_CURVE('',#1500,#1499,#632,.T.);
#1838=EDGE_CURVE('',#1501,#1500,#1257,.T.);
#1839=EDGE_CURVE('',#1502,#1501,#633,.T.);
#1840=EDGE_CURVE('',#1503,#1502,#1258,.T.);
#1841=EDGE_CURVE('',#1504,#1503,#634,.T.);
#1842=EDGE_CURVE('',#1505,#1504,#1259,.T.);
#1843=EDGE_CURVE('',#1506,#1505,#635,.T.);
#1844=EDGE_CURVE('',#1507,#1506,#1260,.T.);
#1845=EDGE_CURVE('',#1508,#1507,#636,.T.);
#1846=EDGE_CURVE('',#1509,#1508,#1261,.T.);
#1847=EDGE_CURVE('',#1510,#1509,#637,.T.);
#1848=EDGE_CURVE('',#1511,#1510,#638,.T.);
#1849=EDGE_CURVE('',#1512,#1511,#639,.T.);
#1850=EDGE_CURVE('',#1513,#1512,#1262,.T.);
#1851=EDGE_CURVE('',#1514,#1513,#640,.T.);
#1852=EDGE_CURVE('',#1515,#1514,#1263,.T.);
#1853=EDGE_CURVE('',#1516,#1515,#641,.T.);
#1854=EDGE_CURVE('',#1517,#1516,#642,.T.);
#1855=EDGE_CURVE('',#1518,#1517,#643,.T.);
#1856=EDGE_CURVE('',#1519,#1518,#1264,.T.);
#1857=EDGE_CURVE('',#1520,#1519,#644,.T.);
#1858=EDGE_CURVE('',#1521,#1520,#1265,.T.);
#1859=EDGE_CURVE('',#1522,#1521,#645,.T.);
#1860=EDGE_CURVE('',#1523,#1522,#646,.T.);
#1861=EDGE_CURVE('',#1524,#1523,#647,.T.);
#1862=EDGE_CURVE('',#1525,#1524,#1266,.T.);
#1863=EDGE_CURVE('',#1526,#1525,#648,.T.);
#1864=EDGE_CURVE('',#1527,#1526,#1267,.T.);
#1865=EDGE_CURVE('',#1528,#1527,#649,.T.);
#1866=EDGE_CURVE('',#1529,#1528,#650,.T.);
#1867=EDGE_CURVE('',#1530,#1529,#1268,.T.);
#1868=EDGE_CURVE('',#1531,#1530,#651,.T.);
#1869=EDGE_CURVE('',#1532,#1531,#1269,.T.);
#1870=EDGE_CURVE('',#1533,#1532,#652,.T.);
#1871=EDGE_CURVE('',#1534,#1533,#1270,.T.);
#1872=EDGE_CURVE('',#1535,#1534,#653,.T.);
#1873=EDGE_CURVE('',#1536,#1535,#1271,.T.);
#1874=EDGE_CURVE('',#1537,#1536,#654,.T.);
#1875=EDGE_CURVE('',#1538,#1537,#1272,.T.);
#1876=EDGE_CURVE('',#1539,#1538,#655,.T.);
#1877=EDGE_CURVE('',#1540,#1539,#1273,.T.);
#1878=EDGE_CURVE('',#1541,#1540,#656,.T.);
#1879=EDGE_CURVE('',#1542,#1541,#1274,.T.);
#1880=EDGE_CURVE('',#1342,#1542,#657,.T.);
#1881=EDGE_CURVE('',#1543,#1341,#658,.T.);
#1882=EDGE_CURVE('',#1544,#1543,#1275,.T.);
#1883=EDGE_CURVE('',#1545,#1544,#659,.T.);
#1884=EDGE_CURVE('',#1546,#1545,#1276,.T.);
#1885=EDGE_CURVE('',#1547,#1546,#660,.T.);
#1886=EDGE_CURVE('',#1548,#1547,#1277,.T.);
#1887=EDGE_CURVE('',#1549,#1548,#661,.T.);
#1888=EDGE_CURVE('',#1550,#1549,#1278,.T.);
#1889=EDGE_CURVE('',#1551,#1550,#662,.T.);
#1890=EDGE_CURVE('',#1552,#1551,#1279,.T.);
#1891=EDGE_CURVE('',#1553,#1552,#1280,.T.);
#1892=EDGE_CURVE('',#1554,#1553,#663,.T.);
#1893=EDGE_CURVE('',#1555,#1554,#1281,.T.);
#1894=EDGE_CURVE('',#1556,#1555,#664,.T.);
#1895=EDGE_CURVE('',#1557,#1556,#1282,.T.);
#1896=EDGE_CURVE('',#1558,#1557,#665,.T.);
#1897=EDGE_CURVE('',#1559,#1558,#666,.T.);
#1898=EDGE_CURVE('',#1560,#1559,#1283,.T.);
#1899=EDGE_CURVE('',#1561,#1560,#667,.T.);
#1900=EDGE_CURVE('',#1562,#1561,#1284,.T.);
#1901=EDGE_CURVE('',#1563,#1562,#668,.T.);
#1902=EDGE_CURVE('',#1564,#1563,#669,.T.);
#1903=EDGE_CURVE('',#1565,#1564,#670,.T.);
#1904=EDGE_CURVE('',#1566,#1565,#1285,.T.);
#1905=EDGE_CURVE('',#1567,#1566,#671,.T.);
#1906=EDGE_CURVE('',#1568,#1567,#1286,.T.);
#1907=EDGE_CURVE('',#1569,#1568,#672,.T.);
#1908=EDGE_CURVE('',#1570,#1569,#673,.T.);
#1909=EDGE_CURVE('',#1571,#1570,#674,.T.);
#1910=EDGE_CURVE('',#1572,#1571,#1287,.T.);
#1911=EDGE_CURVE('',#1573,#1572,#675,.T.);
#1912=EDGE_CURVE('',#1574,#1573,#1288,.T.);
#1913=EDGE_CURVE('',#1575,#1574,#676,.T.);
#1914=EDGE_CURVE('',#1576,#1575,#677,.T.);
#1915=EDGE_CURVE('',#1577,#1576,#678,.T.);
#1916=EDGE_CURVE('',#1578,#1577,#1289,.T.);
#1917=EDGE_CURVE('',#1579,#1578,#679,.T.);
#1918=EDGE_CURVE('',#1580,#1579,#1290,.T.);
#1919=EDGE_CURVE('',#1581,#1580,#680,.T.);
#1920=EDGE_CURVE('',#1582,#1581,#1291,.T.);
#1921=EDGE_CURVE('',#1583,#1582,#681,.T.);
#1922=EDGE_CURVE('',#1584,#1583,#1292,.T.);
#1923=EDGE_CURVE('',#1585,#1584,#682,.T.);
#1924=EDGE_CURVE('',#1586,#1585,#1293,.T.);
#1925=EDGE_CURVE('',#1587,#1586,#683,.T.);
#1926=EDGE_CURVE('',#1588,#1587,#1294,.T.);
#1927=EDGE_CURVE('',#1589,#1588,#684,.T.);
#1928=EDGE_CURVE('',#1590,#1589,#1295,.T.);
#1929=EDGE_CURVE('',#1591,#1590,#685,.T.);
#1930=EDGE_CURVE('',#1592,#1591,#1296,.T.);
#1931=EDGE_CURVE('',#1593,#1592,#686,.T.);
#1932=EDGE_CURVE('',#1594,#1593,#1297,.T.);
#1933=EDGE_CURVE('',#1595,#1594,#687,.T.);
#1934=EDGE_CURVE('',#1596,#1595,#1298,.T.);
#1935=EDGE_CURVE('',#1597,#1596,#688,.T.);
#1936=EDGE_CURVE('',#1487,#1597,#1299,.T.);
#1937=EDGE_CURVE('',#1598,#1485,#689,.T.);
#1938=EDGE_CURVE('',#1599,#1598,#1300,.T.);
#1939=EDGE_CURVE('',#1600,#1599,#690,.T.);
#1940=EDGE_CURVE('',#1601,#1600,#1301,.T.);
#1941=EDGE_CURVE('',#1602,#1601,#691,.T.);
#1942=EDGE_CURVE('',#1603,#1602,#1302,.T.);
#1943=EDGE_CURVE('',#1604,#1603,#692,.T.);
#1944=EDGE_CURVE('',#1605,#1604,#1303,.T.);
#1945=EDGE_CURVE('',#1606,#1605,#693,.T.);
#1946=EDGE_CURVE('',#1606,#1607,#694,.T.);
#1947=EDGE_CURVE('',#1608,#1607,#695,.T.);
#1948=EDGE_CURVE('',#1609,#1608,#1304,.T.);
#1949=EDGE_CURVE('',#1610,#1609,#696,.T.);
#1950=EDGE_CURVE('',#1611,#1610,#1305,.T.);
#1951=EDGE_CURVE('',#1612,#1611,#697,.T.);
#1952=EDGE_CURVE('',#1613,#1612,#1306,.T.);
#1953=EDGE_CURVE('',#1484,#1613,#698,.T.);
#1954=EDGE_CURVE('',#1614,#1614,#1307,.T.);
#1955=EDGE_CURVE('',#1615,#1615,#1308,.T.);
#1956=EDGE_CURVE('',#1368,#1599,#699,.T.);
#1957=EDGE_CURVE('',#1598,#1369,#700,.T.);
#1958=EDGE_CURVE('',#1600,#1367,#701,.T.);
#1959=EDGE_CURVE('',#1438,#1532,#702,.T.);
#1960=EDGE_CURVE('',#1531,#1439,#703,.T.);
#1961=EDGE_CURVE('',#1530,#1440,#704,.T.);
#1962=EDGE_CURVE('',#1415,#1555,#705,.T.);
#1963=EDGE_CURVE('',#1554,#1416,#706,.T.);
#1964=EDGE_CURVE('',#1556,#1414,#707,.T.);
#1965=EDGE_CURVE('',#1545,#1425,#708,.T.);
#1966=EDGE_CURVE('',#1424,#1546,#709,.T.);
#1967=EDGE_CURVE('',#1426,#1544,#710,.T.);
#1968=EDGE_CURVE('',#1616,#1616,#1309,.T.);
#1969=EDGE_CURVE('',#1539,#1431,#711,.T.);
#1970=EDGE_CURVE('',#1430,#1540,#712,.T.);
#1971=EDGE_CURVE('',#1538,#1432,#713,.T.);
#1972=EDGE_CURVE('',#1552,#1418,#714,.T.);
#1973=EDGE_CURVE('',#1417,#1553,#715,.T.);
#1974=EDGE_CURVE('',#1551,#1419,#716,.T.);
#1975=EDGE_CURVE('',#1617,#1618,#31,.T.);
#1976=EDGE_CURVE('',#1618,#1617,#32,.T.);
#1977=EDGE_CURVE('',#1618,#1619,#717,.T.);
#1978=EDGE_CURVE('',#1620,#1619,#33,.T.);
#1979=EDGE_CURVE('',#1619,#1620,#34,.T.);
#1980=EDGE_CURVE('',#1616,#1621,#718,.T.);
#1981=EDGE_CURVE('',#1622,#1621,#35,.T.);
#1982=EDGE_CURVE('',#1621,#1622,#36,.T.);
#1983=EDGE_CURVE('',#1623,#1623,#1310,.T.);
#1984=EDGE_CURVE('',#1623,#1624,#719,.T.);
#1985=EDGE_CURVE('',#1625,#1624,#37,.T.);
#1986=EDGE_CURVE('',#1624,#1625,#38,.T.);
#1987=EDGE_CURVE('',#1626,#1627,#39,.T.);
#1988=EDGE_CURVE('',#1627,#1626,#40,.T.);
#1989=EDGE_CURVE('',#1627,#1628,#720,.T.);
#1990=EDGE_CURVE('',#1629,#1628,#41,.T.);
#1991=EDGE_CURVE('',#1628,#1629,#42,.T.);
#1992=EDGE_CURVE('',#1615,#1630,#721,.T.);
#1993=EDGE_CURVE('',#1630,#1631,#1311,.T.);
#1994=EDGE_CURVE('',#1631,#1630,#1312,.T.);
#1995=EDGE_CURVE('',#1631,#1347,#722,.T.);
#1996=EDGE_CURVE('',#1614,#1632,#723,.T.);
#1997=EDGE_CURVE('',#1632,#1633,#1313,.T.);
#1998=EDGE_CURVE('',#1633,#1632,#1314,.T.);
#1999=EDGE_CURVE('',#1633,#1346,#724,.T.);
#2000=EDGE_CURVE('',#1634,#1635,#1315,.T.);
#2001=EDGE_CURVE('',#1635,#1636,#725,.T.);
#2002=EDGE_CURVE('',#1636,#1637,#1316,.T.);
#2003=EDGE_CURVE('',#1637,#1636,#1317,.T.);
#2004=EDGE_CURVE('',#1635,#1634,#1318,.T.);
#2005=EDGE_CURVE('',#1638,#1639,#1319,.T.);
#2006=EDGE_CURVE('',#1640,#1638,#726,.T.);
#2007=EDGE_CURVE('',#1640,#1641,#727,.T.);
#2008=EDGE_CURVE('',#1642,#1641,#728,.T.);
#2009=EDGE_CURVE('',#1643,#1642,#1320,.T.);
#2010=EDGE_CURVE('',#1634,#1643,#729,.T.);
#2011=EDGE_CURVE('',#1644,#1634,#730,.T.);
#2012=EDGE_CURVE('',#1645,#1644,#1321,.T.);
#2013=EDGE_CURVE('',#1644,#1645,#1322,.T.);
#2014=EDGE_CURVE('',#1639,#1644,#731,.T.);
#2015=EDGE_CURVE('',#1637,#1646,#732,.T.);
#2016=EDGE_CURVE('',#1646,#1646,#1323,.T.);
#2017=EDGE_CURVE('',#1645,#1647,#733,.T.);
#2018=EDGE_CURVE('',#1647,#1648,#1324,.T.);
#2019=EDGE_CURVE('',#1648,#1647,#1325,.T.);
#2020=EDGE_CURVE('',#1648,#1649,#734,.T.);
#2021=EDGE_CURVE('',#1649,#1649,#1326,.T.);
#2022=EDGE_CURVE('',#1650,#1651,#1327,.T.);
#2023=EDGE_CURVE('',#1651,#1649,#735,.T.);
#2024=EDGE_CURVE('',#1651,#1650,#1328,.T.);
#2025=EDGE_CURVE('',#1652,#1653,#1329,.T.);
#2026=EDGE_CURVE('',#1650,#1652,#736,.T.);
#2027=EDGE_CURVE('',#1654,#1650,#737,.T.);
#2028=EDGE_CURVE('',#1655,#1654,#1330,.T.);
#2029=EDGE_CURVE('',#1654,#1655,#1331,.T.);
#2030=EDGE_CURVE('',#1656,#1654,#738,.T.);
#2031=EDGE_CURVE('',#1657,#1656,#1332,.T.);
#2032=EDGE_CURVE('',#1658,#1657,#739,.T.);
#2033=EDGE_CURVE('',#1658,#1659,#740,.T.);
#2034=EDGE_CURVE('',#1653,#1659,#741,.T.);
#2035=EDGE_CURVE('',#1655,#1646,#742,.T.);
#2036=EDGE_CURVE('',#1660,#1660,#1333,.T.);
#2037=EDGE_CURVE('',#1660,#1661,#743,.T.);
#2038=EDGE_CURVE('',#1661,#1662,#1334,.T.);
#2039=EDGE_CURVE('',#1662,#1661,#1335,.T.);
#2040=EDGE_CURVE('',#1662,#1663,#744,.T.);
#2041=EDGE_CURVE('',#1663,#1663,#1336,.T.);
#2042=EDGE_CURVE('',#1639,#1652,#745,.T.);
#2043=EDGE_CURVE('',#1656,#1643,#746,.T.);
#2044=EDGE_CURVE('',#1541,#1429,#747,.T.);
#2045=EDGE_CURVE('',#1428,#1542,#748,.T.);
#2046=EDGE_CURVE('',#1543,#1427,#749,.T.);
#2047=EDGE_CURVE('',#1597,#1373,#750,.T.);
#2048=EDGE_CURVE('',#1596,#1374,#751,.T.);
#2049=EDGE_CURVE('',#1488,#1482,#752,.T.);
#2050=EDGE_CURVE('',#1481,#1489,#753,.T.);
#2051=EDGE_CURVE('',#1653,#1638,#754,.T.);
#2052=EDGE_CURVE('',#1642,#1657,#755,.T.);
#2053=EDGE_CURVE('',#1641,#1360,#756,.T.);
#2054=EDGE_CURVE('',#1361,#1640,#757,.T.);
#2055=EDGE_CURVE('',#1607,#1658,#758,.T.);
#2056=EDGE_CURVE('',#1659,#1606,#759,.T.);
#2057=EDGE_CURVE('',#1608,#1359,#760,.T.);
#2058=EDGE_CURVE('',#1366,#1601,#761,.T.);
#2059=EDGE_CURVE('',#1362,#1605,#762,.T.);
#2060=EDGE_CURVE('',#1604,#1363,#763,.T.);
#2061=EDGE_CURVE('',#1603,#1364,#764,.T.);
#2062=EDGE_CURVE('',#1354,#1613,#765,.T.);
#2063=EDGE_CURVE('',#1612,#1355,#766,.T.);
#2064=EDGE_CURVE('',#1611,#1356,#767,.T.);
#2065=EDGE_CURVE('',#1358,#1609,#768,.T.);
#2066=EDGE_CURVE('',#1610,#1357,#769,.T.);
#2067=EDGE_CURVE('',#1557,#1413,#770,.T.);
#2068=EDGE_CURVE('',#1558,#1412,#771,.T.);
#2069=EDGE_CURVE('',#1559,#1411,#772,.T.);
#2070=EDGE_CURVE('',#1560,#1410,#773,.T.);
#2071=EDGE_CURVE('',#1561,#1409,#774,.T.);
#2072=EDGE_CURVE('',#1562,#1408,#775,.T.);
#2073=EDGE_CURVE('',#1563,#1407,#776,.T.);
#2074=EDGE_CURVE('',#1564,#1406,#777,.T.);
#2075=EDGE_CURVE('',#1565,#1405,#778,.T.);
#2076=EDGE_CURVE('',#1566,#1404,#779,.T.);
#2077=EDGE_CURVE('',#1567,#1403,#780,.T.);
#2078=EDGE_CURVE('',#1568,#1402,#781,.T.);
#2079=EDGE_CURVE('',#1569,#1401,#782,.T.);
#2080=EDGE_CURVE('',#1570,#1400,#783,.T.);
#2081=EDGE_CURVE('',#1571,#1399,#784,.T.);
#2082=EDGE_CURVE('',#1572,#1398,#785,.T.);
#2083=EDGE_CURVE('',#1573,#1397,#786,.T.);
#2084=EDGE_CURVE('',#1574,#1396,#787,.T.);
#2085=EDGE_CURVE('',#1575,#1395,#788,.T.);
#2086=EDGE_CURVE('',#1576,#1394,#789,.T.);
#2087=EDGE_CURVE('',#1577,#1393,#790,.T.);
#2088=EDGE_CURVE('',#1578,#1392,#791,.T.);
#2089=EDGE_CURVE('',#1579,#1391,#792,.T.);
#2090=EDGE_CURVE('',#1580,#1390,#793,.T.);
#2091=EDGE_CURVE('',#1581,#1389,#794,.T.);
#2092=EDGE_CURVE('',#1582,#1388,#795,.T.);
#2093=EDGE_CURVE('',#1583,#1387,#796,.T.);
#2094=EDGE_CURVE('',#1584,#1386,#797,.T.);
#2095=EDGE_CURVE('',#1585,#1385,#798,.T.);
#2096=EDGE_CURVE('',#1586,#1384,#799,.T.);
#2097=EDGE_CURVE('',#1587,#1383,#800,.T.);
#2098=EDGE_CURVE('',#1588,#1382,#801,.T.);
#2099=EDGE_CURVE('',#1589,#1381,#802,.T.);
#2100=EDGE_CURVE('',#1590,#1380,#803,.T.);
#2101=EDGE_CURVE('',#1591,#1379,#804,.T.);
#2102=EDGE_CURVE('',#1592,#1378,#805,.T.);
#2103=EDGE_CURVE('',#1593,#1377,#806,.T.);
#2104=EDGE_CURVE('',#1594,#1376,#807,.T.);
#2105=EDGE_CURVE('',#1595,#1375,#808,.T.);
#2106=EDGE_CURVE('',#1602,#1365,#809,.T.);
#2107=EDGE_CURVE('',#1490,#1480,#810,.T.);
#2108=EDGE_CURVE('',#1491,#1479,#811,.T.);
#2109=EDGE_CURVE('',#1492,#1478,#812,.T.);
#2110=EDGE_CURVE('',#1493,#1477,#813,.T.);
#2111=EDGE_CURVE('',#1494,#1476,#814,.T.);
#2112=EDGE_CURVE('',#1495,#1475,#815,.T.);
#2113=EDGE_CURVE('',#1496,#1474,#816,.T.);
#2114=EDGE_CURVE('',#1497,#1473,#817,.T.);
#2115=EDGE_CURVE('',#1498,#1472,#818,.T.);
#2116=EDGE_CURVE('',#1499,#1471,#819,.T.);
#2117=EDGE_CURVE('',#1500,#1470,#820,.T.);
#2118=EDGE_CURVE('',#1501,#1469,#821,.T.);
#2119=EDGE_CURVE('',#1502,#1468,#822,.T.);
#2120=EDGE_CURVE('',#1503,#1467,#823,.T.);
#2121=EDGE_CURVE('',#1504,#1466,#824,.T.);
#2122=EDGE_CURVE('',#1505,#1465,#825,.T.);
#2123=EDGE_CURVE('',#1506,#1464,#826,.T.);
#2124=EDGE_CURVE('',#1507,#1463,#827,.T.);
#2125=EDGE_CURVE('',#1508,#1462,#828,.T.);
#2126=EDGE_CURVE('',#1509,#1461,#829,.T.);
#2127=EDGE_CURVE('',#1510,#1460,#830,.T.);
#2128=EDGE_CURVE('',#1511,#1459,#831,.T.);
#2129=EDGE_CURVE('',#1512,#1458,#832,.T.);
#2130=EDGE_CURVE('',#1513,#1457,#833,.T.);
#2131=EDGE_CURVE('',#1514,#1456,#834,.T.);
#2132=EDGE_CURVE('',#1515,#1455,#835,.T.);
#2133=EDGE_CURVE('',#1516,#1454,#836,.T.);
#2134=EDGE_CURVE('',#1517,#1453,#837,.T.);
#2135=EDGE_CURVE('',#1518,#1452,#838,.T.);
#2136=EDGE_CURVE('',#1519,#1451,#839,.T.);
#2137=EDGE_CURVE('',#1520,#1450,#840,.T.);
#2138=EDGE_CURVE('',#1521,#1449,#841,.T.);
#2139=EDGE_CURVE('',#1522,#1448,#842,.T.);
#2140=EDGE_CURVE('',#1523,#1447,#843,.T.);
#2141=EDGE_CURVE('',#1524,#1446,#844,.T.);
#2142=EDGE_CURVE('',#1525,#1445,#845,.T.);
#2143=EDGE_CURVE('',#1526,#1444,#846,.T.);
#2144=EDGE_CURVE('',#1527,#1443,#847,.T.);
#2145=EDGE_CURVE('',#1528,#1442,#848,.T.);
#2146=EDGE_CURVE('',#1529,#1441,#849,.T.);
#2147=EDGE_CURVE('',#1533,#1437,#850,.T.);
#2148=EDGE_CURVE('',#1534,#1436,#851,.T.);
#2149=EDGE_CURVE('',#1535,#1435,#852,.T.);
#2150=EDGE_CURVE('',#1536,#1434,#853,.T.);
#2151=EDGE_CURVE('',#1537,#1433,#854,.T.);
#2152=EDGE_CURVE('',#1547,#1423,#855,.T.);
#2153=EDGE_CURVE('',#1548,#1422,#856,.T.);
#2154=EDGE_CURVE('',#1549,#1421,#857,.T.);
#2155=EDGE_CURVE('',#1550,#1420,#858,.T.);
#2156=ORIENTED_EDGE('',*,*,#1664,.T.);
#2157=ORIENTED_EDGE('',*,*,#1665,.T.);
#2158=ORIENTED_EDGE('',*,*,#1666,.T.);
#2159=ORIENTED_EDGE('',*,*,#1667,.T.);
#2160=ORIENTED_EDGE('',*,*,#1665,.F.);
#2161=ORIENTED_EDGE('',*,*,#1668,.T.);
#2162=ORIENTED_EDGE('',*,*,#1664,.F.);
#2163=ORIENTED_EDGE('',*,*,#1669,.F.);
#2164=ORIENTED_EDGE('',*,*,#1670,.T.);
#2165=ORIENTED_EDGE('',*,*,#1671,.T.);
#2166=ORIENTED_EDGE('',*,*,#1668,.F.);
#2167=ORIENTED_EDGE('',*,*,#1672,.T.);
#2168=ORIENTED_EDGE('',*,*,#1673,.F.);
#2169=ORIENTED_EDGE('',*,*,#1674,.F.);
#2170=ORIENTED_EDGE('',*,*,#1666,.F.);
#2171=ORIENTED_EDGE('',*,*,#1667,.F.);
#2172=ORIENTED_EDGE('',*,*,#1675,.T.);
#2173=ORIENTED_EDGE('',*,*,#1676,.F.);
#2174=ORIENTED_EDGE('',*,*,#1675,.F.);
#2175=ORIENTED_EDGE('',*,*,#1677,.F.);
#2176=ORIENTED_EDGE('',*,*,#1678,.F.);
#2177=ORIENTED_EDGE('',*,*,#1679,.T.);
#2178=ORIENTED_EDGE('',*,*,#1680,.T.);
#2179=ORIENTED_EDGE('',*,*,#1681,.T.);
#2180=ORIENTED_EDGE('',*,*,#1682,.T.);
#2181=ORIENTED_EDGE('',*,*,#1679,.F.);
#2182=ORIENTED_EDGE('',*,*,#1683,.T.);
#2183=ORIENTED_EDGE('',*,*,#1684,.F.);
#2184=ORIENTED_EDGE('',*,*,#1685,.T.);
#2185=ORIENTED_EDGE('',*,*,#1686,.F.);
#2186=ORIENTED_EDGE('',*,*,#1687,.T.);
#2187=ORIENTED_EDGE('',*,*,#1688,.T.);
#2188=ORIENTED_EDGE('',*,*,#1689,.T.);
#2189=ORIENTED_EDGE('',*,*,#1690,.F.);
#2190=ORIENTED_EDGE('',*,*,#1691,.T.);
#2191=ORIENTED_EDGE('',*,*,#1692,.T.);
#2192=ORIENTED_EDGE('',*,*,#1693,.T.);
#2193=ORIENTED_EDGE('',*,*,#1694,.F.);
#2194=ORIENTED_EDGE('',*,*,#1695,.T.);
#2195=ORIENTED_EDGE('',*,*,#1696,.T.);
#2196=ORIENTED_EDGE('',*,*,#1697,.T.);
#2197=ORIENTED_EDGE('',*,*,#1698,.F.);
#2198=ORIENTED_EDGE('',*,*,#1699,.T.);
#2199=ORIENTED_EDGE('',*,*,#1700,.F.);
#2200=ORIENTED_EDGE('',*,*,#1701,.T.);
#2201=ORIENTED_EDGE('',*,*,#1702,.F.);
#2202=ORIENTED_EDGE('',*,*,#1703,.T.);
#2203=ORIENTED_EDGE('',*,*,#1704,.F.);
#2204=ORIENTED_EDGE('',*,*,#1705,.T.);
#2205=ORIENTED_EDGE('',*,*,#1706,.T.);
#2206=ORIENTED_EDGE('',*,*,#1707,.T.);
#2207=ORIENTED_EDGE('',*,*,#1708,.T.);
#2208=ORIENTED_EDGE('',*,*,#1709,.T.);
#2209=ORIENTED_EDGE('',*,*,#1710,.T.);
#2210=ORIENTED_EDGE('',*,*,#1711,.T.);
#2211=ORIENTED_EDGE('',*,*,#1712,.T.);
#2212=ORIENTED_EDGE('',*,*,#1713,.T.);
#2213=ORIENTED_EDGE('',*,*,#1714,.T.);
#2214=ORIENTED_EDGE('',*,*,#1715,.T.);
#2215=ORIENTED_EDGE('',*,*,#1716,.T.);
#2216=ORIENTED_EDGE('',*,*,#1717,.T.);
#2217=ORIENTED_EDGE('',*,*,#1718,.T.);
#2218=ORIENTED_EDGE('',*,*,#1719,.T.);
#2219=ORIENTED_EDGE('',*,*,#1720,.T.);
#2220=ORIENTED_EDGE('',*,*,#1721,.T.);
#2221=ORIENTED_EDGE('',*,*,#1722,.T.);
#2222=ORIENTED_EDGE('',*,*,#1723,.T.);
#2223=ORIENTED_EDGE('',*,*,#1724,.T.);
#2224=ORIENTED_EDGE('',*,*,#1725,.T.);
#2225=ORIENTED_EDGE('',*,*,#1726,.T.);
#2226=ORIENTED_EDGE('',*,*,#1727,.T.);
#2227=ORIENTED_EDGE('',*,*,#1728,.T.);
#2228=ORIENTED_EDGE('',*,*,#1729,.T.);
#2229=ORIENTED_EDGE('',*,*,#1730,.T.);
#2230=ORIENTED_EDGE('',*,*,#1731,.T.);
#2231=ORIENTED_EDGE('',*,*,#1732,.T.);
#2232=ORIENTED_EDGE('',*,*,#1733,.T.);
#2233=ORIENTED_EDGE('',*,*,#1734,.T.);
#2234=ORIENTED_EDGE('',*,*,#1735,.T.);
#2235=ORIENTED_EDGE('',*,*,#1736,.T.);
#2236=ORIENTED_EDGE('',*,*,#1737,.T.);
#2237=ORIENTED_EDGE('',*,*,#1738,.T.);
#2238=ORIENTED_EDGE('',*,*,#1739,.T.);
#2239=ORIENTED_EDGE('',*,*,#1740,.T.);
#2240=ORIENTED_EDGE('',*,*,#1741,.T.);
#2241=ORIENTED_EDGE('',*,*,#1742,.T.);
#2242=ORIENTED_EDGE('',*,*,#1743,.T.);
#2243=ORIENTED_EDGE('',*,*,#1744,.T.);
#2244=ORIENTED_EDGE('',*,*,#1745,.T.);
#2245=ORIENTED_EDGE('',*,*,#1746,.T.);
#2246=ORIENTED_EDGE('',*,*,#1747,.F.);
#2247=ORIENTED_EDGE('',*,*,#1748,.T.);
#2248=ORIENTED_EDGE('',*,*,#1749,.F.);
#2249=ORIENTED_EDGE('',*,*,#1750,.T.);
#2250=ORIENTED_EDGE('',*,*,#1751,.T.);
#2251=ORIENTED_EDGE('',*,*,#1752,.T.);
#2252=ORIENTED_EDGE('',*,*,#1753,.T.);
#2253=ORIENTED_EDGE('',*,*,#1754,.T.);
#2254=ORIENTED_EDGE('',*,*,#1755,.T.);
#2255=ORIENTED_EDGE('',*,*,#1756,.F.);
#2256=ORIENTED_EDGE('',*,*,#1757,.T.);
#2257=ORIENTED_EDGE('',*,*,#1758,.F.);
#2258=ORIENTED_EDGE('',*,*,#1759,.T.);
#2259=ORIENTED_EDGE('',*,*,#1673,.T.);
#2260=ORIENTED_EDGE('',*,*,#1760,.T.);
#2261=ORIENTED_EDGE('',*,*,#1761,.F.);
#2262=ORIENTED_EDGE('',*,*,#1762,.T.);
#2263=ORIENTED_EDGE('',*,*,#1763,.F.);
#2264=ORIENTED_EDGE('',*,*,#1764,.T.);
#2265=ORIENTED_EDGE('',*,*,#1765,.T.);
#2266=ORIENTED_EDGE('',*,*,#1766,.T.);
#2267=ORIENTED_EDGE('',*,*,#1767,.T.);
#2268=ORIENTED_EDGE('',*,*,#1768,.T.);
#2269=ORIENTED_EDGE('',*,*,#1769,.T.);
#2270=ORIENTED_EDGE('',*,*,#1770,.T.);
#2271=ORIENTED_EDGE('',*,*,#1771,.F.);
#2272=ORIENTED_EDGE('',*,*,#1772,.T.);
#2273=ORIENTED_EDGE('',*,*,#1773,.T.);
#2274=ORIENTED_EDGE('',*,*,#1774,.T.);
#2275=ORIENTED_EDGE('',*,*,#1775,.T.);
#2276=ORIENTED_EDGE('',*,*,#1776,.T.);
#2277=ORIENTED_EDGE('',*,*,#1777,.T.);
#2278=ORIENTED_EDGE('',*,*,#1778,.T.);
#2279=ORIENTED_EDGE('',*,*,#1779,.T.);
#2280=ORIENTED_EDGE('',*,*,#1780,.T.);
#2281=ORIENTED_EDGE('',*,*,#1781,.T.);
#2282=ORIENTED_EDGE('',*,*,#1782,.T.);
#2283=ORIENTED_EDGE('',*,*,#1783,.T.);
#2284=ORIENTED_EDGE('',*,*,#1784,.T.);
#2285=ORIENTED_EDGE('',*,*,#1785,.T.);
#2286=ORIENTED_EDGE('',*,*,#1786,.T.);
#2287=ORIENTED_EDGE('',*,*,#1787,.T.);
#2288=ORIENTED_EDGE('',*,*,#1788,.T.);
#2289=ORIENTED_EDGE('',*,*,#1789,.T.);
#2290=ORIENTED_EDGE('',*,*,#1790,.T.);
#2291=ORIENTED_EDGE('',*,*,#1791,.T.);
#2292=ORIENTED_EDGE('',*,*,#1792,.T.);
#2293=ORIENTED_EDGE('',*,*,#1793,.T.);
#2294=ORIENTED_EDGE('',*,*,#1794,.T.);
#2295=ORIENTED_EDGE('',*,*,#1795,.T.);
#2296=ORIENTED_EDGE('',*,*,#1796,.T.);
#2297=ORIENTED_EDGE('',*,*,#1797,.T.);
#2298=ORIENTED_EDGE('',*,*,#1798,.T.);
#2299=ORIENTED_EDGE('',*,*,#1799,.T.);
#2300=ORIENTED_EDGE('',*,*,#1800,.T.);
#2301=ORIENTED_EDGE('',*,*,#1801,.T.);
#2302=ORIENTED_EDGE('',*,*,#1802,.T.);
#2303=ORIENTED_EDGE('',*,*,#1803,.T.);
#2304=ORIENTED_EDGE('',*,*,#1804,.T.);
#2305=ORIENTED_EDGE('',*,*,#1805,.T.);
#2306=ORIENTED_EDGE('',*,*,#1806,.T.);
#2307=ORIENTED_EDGE('',*,*,#1807,.T.);
#2308=ORIENTED_EDGE('',*,*,#1808,.T.);
#2309=ORIENTED_EDGE('',*,*,#1809,.T.);
#2310=ORIENTED_EDGE('',*,*,#1810,.T.);
#2311=ORIENTED_EDGE('',*,*,#1811,.T.);
#2312=ORIENTED_EDGE('',*,*,#1812,.T.);
#2313=ORIENTED_EDGE('',*,*,#1813,.T.);
#2314=ORIENTED_EDGE('',*,*,#1814,.F.);
#2315=ORIENTED_EDGE('',*,*,#1815,.T.);
#2316=ORIENTED_EDGE('',*,*,#1682,.F.);
#2317=ORIENTED_EDGE('',*,*,#1816,.T.);
#2318=ORIENTED_EDGE('',*,*,#1817,.F.);
#2319=ORIENTED_EDGE('',*,*,#1683,.F.);
#2320=ORIENTED_EDGE('',*,*,#1684,.T.);
#2321=ORIENTED_EDGE('',*,*,#1817,.T.);
#2322=ORIENTED_EDGE('',*,*,#1818,.T.);
#2323=ORIENTED_EDGE('',*,*,#1819,.T.);
#2324=ORIENTED_EDGE('',*,*,#1702,.T.);
#2325=ORIENTED_EDGE('',*,*,#1820,.T.);
#2326=ORIENTED_EDGE('',*,*,#1821,.T.);
#2327=ORIENTED_EDGE('',*,*,#1822,.T.);
#2328=ORIENTED_EDGE('',*,*,#1822,.F.);
#2329=ORIENTED_EDGE('',*,*,#1823,.T.);
#2330=ORIENTED_EDGE('',*,*,#1824,.F.);
#2331=ORIENTED_EDGE('',*,*,#1703,.F.);
#2332=ORIENTED_EDGE('',*,*,#1681,.F.);
#2333=ORIENTED_EDGE('',*,*,#1825,.F.);
#2334=ORIENTED_EDGE('',*,*,#1826,.F.);
#2335=ORIENTED_EDGE('',*,*,#1827,.F.);
#2336=ORIENTED_EDGE('',*,*,#1828,.F.);
#2337=ORIENTED_EDGE('',*,*,#1829,.F.);
#2338=ORIENTED_EDGE('',*,*,#1830,.F.);
#2339=ORIENTED_EDGE('',*,*,#1831,.F.);
#2340=ORIENTED_EDGE('',*,*,#1832,.F.);
#2341=ORIENTED_EDGE('',*,*,#1833,.F.);
#2342=ORIENTED_EDGE('',*,*,#1834,.F.);
#2343=ORIENTED_EDGE('',*,*,#1835,.F.);
#2344=ORIENTED_EDGE('',*,*,#1836,.F.);
#2345=ORIENTED_EDGE('',*,*,#1837,.F.);
#2346=ORIENTED_EDGE('',*,*,#1838,.F.);
#2347=ORIENTED_EDGE('',*,*,#1839,.F.);
#2348=ORIENTED_EDGE('',*,*,#1840,.F.);
#2349=ORIENTED_EDGE('',*,*,#1841,.F.);
#2350=ORIENTED_EDGE('',*,*,#1842,.F.);
#2351=ORIENTED_EDGE('',*,*,#1843,.F.);
#2352=ORIENTED_EDGE('',*,*,#1844,.F.);
#2353=ORIENTED_EDGE('',*,*,#1845,.F.);
#2354=ORIENTED_EDGE('',*,*,#1846,.F.);
#2355=ORIENTED_EDGE('',*,*,#1847,.F.);
#2356=ORIENTED_EDGE('',*,*,#1848,.F.);
#2357=ORIENTED_EDGE('',*,*,#1849,.F.);
#2358=ORIENTED_EDGE('',*,*,#1850,.F.);
#2359=ORIENTED_EDGE('',*,*,#1851,.F.);
#2360=ORIENTED_EDGE('',*,*,#1852,.F.);
#2361=ORIENTED_EDGE('',*,*,#1853,.F.);
#2362=ORIENTED_EDGE('',*,*,#1854,.F.);
#2363=ORIENTED_EDGE('',*,*,#1855,.F.);
#2364=ORIENTED_EDGE('',*,*,#1856,.F.);
#2365=ORIENTED_EDGE('',*,*,#1857,.F.);
#2366=ORIENTED_EDGE('',*,*,#1858,.F.);
#2367=ORIENTED_EDGE('',*,*,#1859,.F.);
#2368=ORIENTED_EDGE('',*,*,#1860,.F.);
#2369=ORIENTED_EDGE('',*,*,#1861,.F.);
#2370=ORIENTED_EDGE('',*,*,#1862,.F.);
#2371=ORIENTED_EDGE('',*,*,#1863,.F.);
#2372=ORIENTED_EDGE('',*,*,#1864,.F.);
#2373=ORIENTED_EDGE('',*,*,#1865,.F.);
#2374=ORIENTED_EDGE('',*,*,#1866,.F.);
#2375=ORIENTED_EDGE('',*,*,#1867,.F.);
#2376=ORIENTED_EDGE('',*,*,#1868,.F.);
#2377=ORIENTED_EDGE('',*,*,#1869,.F.);
#2378=ORIENTED_EDGE('',*,*,#1870,.F.);
#2379=ORIENTED_EDGE('',*,*,#1871,.F.);
#2380=ORIENTED_EDGE('',*,*,#1872,.F.);
#2381=ORIENTED_EDGE('',*,*,#1873,.F.);
#2382=ORIENTED_EDGE('',*,*,#1874,.F.);
#2383=ORIENTED_EDGE('',*,*,#1875,.F.);
#2384=ORIENTED_EDGE('',*,*,#1876,.F.);
#2385=ORIENTED_EDGE('',*,*,#1877,.F.);
#2386=ORIENTED_EDGE('',*,*,#1878,.F.);
#2387=ORIENTED_EDGE('',*,*,#1879,.F.);
#2388=ORIENTED_EDGE('',*,*,#1880,.F.);
#2389=ORIENTED_EDGE('',*,*,#1670,.F.);
#2390=ORIENTED_EDGE('',*,*,#1881,.F.);
#2391=ORIENTED_EDGE('',*,*,#1882,.F.);
#2392=ORIENTED_EDGE('',*,*,#1883,.F.);
#2393=ORIENTED_EDGE('',*,*,#1884,.F.);
#2394=ORIENTED_EDGE('',*,*,#1885,.F.);
#2395=ORIENTED_EDGE('',*,*,#1886,.F.);
#2396=ORIENTED_EDGE('',*,*,#1887,.F.);
#2397=ORIENTED_EDGE('',*,*,#1888,.F.);
#2398=ORIENTED_EDGE('',*,*,#1889,.F.);
#2399=ORIENTED_EDGE('',*,*,#1890,.F.);
#2400=ORIENTED_EDGE('',*,*,#1891,.F.);
#2401=ORIENTED_EDGE('',*,*,#1892,.F.);
#2402=ORIENTED_EDGE('',*,*,#1893,.F.);
#2403=ORIENTED_EDGE('',*,*,#1894,.F.);
#2404=ORIENTED_EDGE('',*,*,#1895,.F.);
#2405=ORIENTED_EDGE('',*,*,#1896,.F.);
#2406=ORIENTED_EDGE('',*,*,#1897,.F.);
#2407=ORIENTED_EDGE('',*,*,#1898,.F.);
#2408=ORIENTED_EDGE('',*,*,#1899,.F.);
#2409=ORIENTED_EDGE('',*,*,#1900,.F.);
#2410=ORIENTED_EDGE('',*,*,#1901,.F.);
#2411=ORIENTED_EDGE('',*,*,#1902,.F.);
#2412=ORIENTED_EDGE('',*,*,#1903,.F.);
#2413=ORIENTED_EDGE('',*,*,#1904,.F.);
#2414=ORIENTED_EDGE('',*,*,#1905,.F.);
#2415=ORIENTED_EDGE('',*,*,#1906,.F.);
#2416=ORIENTED_EDGE('',*,*,#1907,.F.);
#2417=ORIENTED_EDGE('',*,*,#1908,.F.);
#2418=ORIENTED_EDGE('',*,*,#1909,.F.);
#2419=ORIENTED_EDGE('',*,*,#1910,.F.);
#2420=ORIENTED_EDGE('',*,*,#1911,.F.);
#2421=ORIENTED_EDGE('',*,*,#1912,.F.);
#2422=ORIENTED_EDGE('',*,*,#1913,.F.);
#2423=ORIENTED_EDGE('',*,*,#1914,.F.);
#2424=ORIENTED_EDGE('',*,*,#1915,.F.);
#2425=ORIENTED_EDGE('',*,*,#1916,.F.);
#2426=ORIENTED_EDGE('',*,*,#1917,.F.);
#2427=ORIENTED_EDGE('',*,*,#1918,.F.);
#2428=ORIENTED_EDGE('',*,*,#1919,.F.);
#2429=ORIENTED_EDGE('',*,*,#1920,.F.);
#2430=ORIENTED_EDGE('',*,*,#1921,.F.);
#2431=ORIENTED_EDGE('',*,*,#1922,.F.);
#2432=ORIENTED_EDGE('',*,*,#1923,.F.);
#2433=ORIENTED_EDGE('',*,*,#1924,.F.);
#2434=ORIENTED_EDGE('',*,*,#1925,.F.);
#2435=ORIENTED_EDGE('',*,*,#1926,.F.);
#2436=ORIENTED_EDGE('',*,*,#1927,.F.);
#2437=ORIENTED_EDGE('',*,*,#1928,.F.);
#2438=ORIENTED_EDGE('',*,*,#1929,.F.);
#2439=ORIENTED_EDGE('',*,*,#1930,.F.);
#2440=ORIENTED_EDGE('',*,*,#1931,.F.);
#2441=ORIENTED_EDGE('',*,*,#1932,.F.);
#2442=ORIENTED_EDGE('',*,*,#1933,.F.);
#2443=ORIENTED_EDGE('',*,*,#1934,.F.);
#2444=ORIENTED_EDGE('',*,*,#1935,.F.);
#2445=ORIENTED_EDGE('',*,*,#1936,.F.);
#2446=ORIENTED_EDGE('',*,*,#1823,.F.);
#2447=ORIENTED_EDGE('',*,*,#1821,.F.);
#2448=ORIENTED_EDGE('',*,*,#1937,.F.);
#2449=ORIENTED_EDGE('',*,*,#1938,.F.);
#2450=ORIENTED_EDGE('',*,*,#1939,.F.);
#2451=ORIENTED_EDGE('',*,*,#1940,.F.);
#2452=ORIENTED_EDGE('',*,*,#1941,.F.);
#2453=ORIENTED_EDGE('',*,*,#1942,.F.);
#2454=ORIENTED_EDGE('',*,*,#1943,.F.);
#2455=ORIENTED_EDGE('',*,*,#1944,.F.);
#2456=ORIENTED_EDGE('',*,*,#1945,.F.);
#2457=ORIENTED_EDGE('',*,*,#1946,.T.);
#2458=ORIENTED_EDGE('',*,*,#1947,.F.);
#2459=ORIENTED_EDGE('',*,*,#1948,.F.);
#2460=ORIENTED_EDGE('',*,*,#1949,.F.);
#2461=ORIENTED_EDGE('',*,*,#1950,.F.);
#2462=ORIENTED_EDGE('',*,*,#1951,.F.);
#2463=ORIENTED_EDGE('',*,*,#1952,.F.);
#2464=ORIENTED_EDGE('',*,*,#1953,.F.);
#2465=ORIENTED_EDGE('',*,*,#1818,.F.);
#2466=ORIENTED_EDGE('',*,*,#1816,.F.);
#2467=ORIENTED_EDGE('',*,*,#1954,.F.);
#2468=ORIENTED_EDGE('',*,*,#1955,.F.);
#2469=ORIENTED_EDGE('',*,*,#1700,.T.);
#2470=ORIENTED_EDGE('',*,*,#1956,.T.);
#2471=ORIENTED_EDGE('',*,*,#1938,.T.);
#2472=ORIENTED_EDGE('',*,*,#1957,.T.);
#2473=ORIENTED_EDGE('',*,*,#1956,.F.);
#2474=ORIENTED_EDGE('',*,*,#1699,.F.);
#2475=ORIENTED_EDGE('',*,*,#1958,.F.);
#2476=ORIENTED_EDGE('',*,*,#1939,.T.);
#2477=ORIENTED_EDGE('',*,*,#1771,.T.);
#2478=ORIENTED_EDGE('',*,*,#1959,.T.);
#2479=ORIENTED_EDGE('',*,*,#1869,.T.);
#2480=ORIENTED_EDGE('',*,*,#1960,.T.);
#2481=ORIENTED_EDGE('',*,*,#1960,.F.);
#2482=ORIENTED_EDGE('',*,*,#1868,.T.);
#2483=ORIENTED_EDGE('',*,*,#1961,.T.);
#2484=ORIENTED_EDGE('',*,*,#1772,.F.);
#2485=ORIENTED_EDGE('',*,*,#1747,.T.);
#2486=ORIENTED_EDGE('',*,*,#1962,.T.);
#2487=ORIENTED_EDGE('',*,*,#1893,.T.);
#2488=ORIENTED_EDGE('',*,*,#1963,.T.);
#2489=ORIENTED_EDGE('',*,*,#1962,.F.);
#2490=ORIENTED_EDGE('',*,*,#1746,.F.);
#2491=ORIENTED_EDGE('',*,*,#1964,.F.);
#2492=ORIENTED_EDGE('',*,*,#1894,.T.);
#2493=ORIENTED_EDGE('',*,*,#1884,.T.);
#2494=ORIENTED_EDGE('',*,*,#1965,.T.);
#2495=ORIENTED_EDGE('',*,*,#1756,.T.);
#2496=ORIENTED_EDGE('',*,*,#1966,.T.);
#2497=ORIENTED_EDGE('',*,*,#1965,.F.);
#2498=ORIENTED_EDGE('',*,*,#1883,.T.);
#2499=ORIENTED_EDGE('',*,*,#1967,.F.);
#2500=ORIENTED_EDGE('',*,*,#1757,.F.);
#2501=ORIENTED_EDGE('',*,*,#1968,.T.);
#2502=ORIENTED_EDGE('',*,*,#1877,.T.);
#2503=ORIENTED_EDGE('',*,*,#1969,.T.);
#2504=ORIENTED_EDGE('',*,*,#1763,.T.);
#2505=ORIENTED_EDGE('',*,*,#1970,.T.);
#2506=ORIENTED_EDGE('',*,*,#1969,.F.);
#2507=ORIENTED_EDGE('',*,*,#1876,.T.);
#2508=ORIENTED_EDGE('',*,*,#1971,.T.);
#2509=ORIENTED_EDGE('',*,*,#1764,.F.);
#2510=ORIENTED_EDGE('',*,*,#1891,.T.);
#2511=ORIENTED_EDGE('',*,*,#1972,.T.);
#2512=ORIENTED_EDGE('',*,*,#1749,.T.);
#2513=ORIENTED_EDGE('',*,*,#1973,.T.);
#2514=ORIENTED_EDGE('',*,*,#1972,.F.);
#2515=ORIENTED_EDGE('',*,*,#1890,.T.);
#2516=ORIENTED_EDGE('',*,*,#1974,.T.);
#2517=ORIENTED_EDGE('',*,*,#1750,.F.);
#2518=ORIENTED_EDGE('',*,*,#1975,.F.);
#2519=ORIENTED_EDGE('',*,*,#1976,.F.);
#2520=ORIENTED_EDGE('',*,*,#1977,.T.);
#2521=ORIENTED_EDGE('',*,*,#1978,.F.);
#2522=ORIENTED_EDGE('',*,*,#1979,.F.);
#2523=ORIENTED_EDGE('',*,*,#1977,.F.);
#2524=ORIENTED_EDGE('',*,*,#1968,.F.);
#2525=ORIENTED_EDGE('',*,*,#1980,.T.);
#2526=ORIENTED_EDGE('',*,*,#1981,.F.);
#2527=ORIENTED_EDGE('',*,*,#1982,.F.);
#2528=ORIENTED_EDGE('',*,*,#1980,.F.);
#2529=ORIENTED_EDGE('',*,*,#1983,.F.);
#2530=ORIENTED_EDGE('',*,*,#1984,.T.);
#2531=ORIENTED_EDGE('',*,*,#1985,.F.);
#2532=ORIENTED_EDGE('',*,*,#1986,.F.);
#2533=ORIENTED_EDGE('',*,*,#1984,.F.);
#2534=ORIENTED_EDGE('',*,*,#1987,.F.);
#2535=ORIENTED_EDGE('',*,*,#1988,.F.);
#2536=ORIENTED_EDGE('',*,*,#1989,.T.);
#2537=ORIENTED_EDGE('',*,*,#1990,.F.);
#2538=ORIENTED_EDGE('',*,*,#1991,.F.);
#2539=ORIENTED_EDGE('',*,*,#1989,.F.);
#2540=ORIENTED_EDGE('',*,*,#1955,.T.);
#2541=ORIENTED_EDGE('',*,*,#1992,.T.);
#2542=ORIENTED_EDGE('',*,*,#1993,.T.);
#2543=ORIENTED_EDGE('',*,*,#1994,.T.);
#2544=ORIENTED_EDGE('',*,*,#1992,.F.);
#2545=ORIENTED_EDGE('',*,*,#1993,.F.);
#2546=ORIENTED_EDGE('',*,*,#1994,.F.);
#2547=ORIENTED_EDGE('',*,*,#1995,.T.);
#2548=ORIENTED_EDGE('',*,*,#1678,.T.);
#2549=ORIENTED_EDGE('',*,*,#1995,.F.);
#2550=ORIENTED_EDGE('',*,*,#1954,.T.);
#2551=ORIENTED_EDGE('',*,*,#1996,.T.);
#2552=ORIENTED_EDGE('',*,*,#1997,.T.);
#2553=ORIENTED_EDGE('',*,*,#1998,.T.);
#2554=ORIENTED_EDGE('',*,*,#1996,.F.);
#2555=ORIENTED_EDGE('',*,*,#1997,.F.);
#2556=ORIENTED_EDGE('',*,*,#1998,.F.);
#2557=ORIENTED_EDGE('',*,*,#1999,.T.);
#2558=ORIENTED_EDGE('',*,*,#1677,.T.);
#2559=ORIENTED_EDGE('',*,*,#1999,.F.);
#2560=ORIENTED_EDGE('',*,*,#2000,.T.);
#2561=ORIENTED_EDGE('',*,*,#2001,.T.);
#2562=ORIENTED_EDGE('',*,*,#2002,.T.);
#2563=ORIENTED_EDGE('',*,*,#2003,.T.);
#2564=ORIENTED_EDGE('',*,*,#2001,.F.);
#2565=ORIENTED_EDGE('',*,*,#2004,.T.);
#2566=ORIENTED_EDGE('',*,*,#2005,.F.);
#2567=ORIENTED_EDGE('',*,*,#2006,.F.);
#2568=ORIENTED_EDGE('',*,*,#2007,.T.);
#2569=ORIENTED_EDGE('',*,*,#2008,.F.);
#2570=ORIENTED_EDGE('',*,*,#2009,.F.);
#2571=ORIENTED_EDGE('',*,*,#2010,.F.);
#2572=ORIENTED_EDGE('',*,*,#2004,.F.);
#2573=ORIENTED_EDGE('',*,*,#2000,.F.);
#2574=ORIENTED_EDGE('',*,*,#2011,.F.);
#2575=ORIENTED_EDGE('',*,*,#2012,.F.);
#2576=ORIENTED_EDGE('',*,*,#2013,.F.);
#2577=ORIENTED_EDGE('',*,*,#2014,.F.);
#2578=ORIENTED_EDGE('',*,*,#2002,.F.);
#2579=ORIENTED_EDGE('',*,*,#2003,.F.);
#2580=ORIENTED_EDGE('',*,*,#2015,.T.);
#2581=ORIENTED_EDGE('',*,*,#2016,.F.);
#2582=ORIENTED_EDGE('',*,*,#2015,.F.);
#2583=ORIENTED_EDGE('',*,*,#2013,.T.);
#2584=ORIENTED_EDGE('',*,*,#2017,.T.);
#2585=ORIENTED_EDGE('',*,*,#2018,.T.);
#2586=ORIENTED_EDGE('',*,*,#2019,.T.);
#2587=ORIENTED_EDGE('',*,*,#2017,.F.);
#2588=ORIENTED_EDGE('',*,*,#2012,.T.);
#2589=ORIENTED_EDGE('',*,*,#2018,.F.);
#2590=ORIENTED_EDGE('',*,*,#2019,.F.);
#2591=ORIENTED_EDGE('',*,*,#2020,.T.);
#2592=ORIENTED_EDGE('',*,*,#2021,.F.);
#2593=ORIENTED_EDGE('',*,*,#2020,.F.);
#2594=ORIENTED_EDGE('',*,*,#2022,.T.);
#2595=ORIENTED_EDGE('',*,*,#2023,.T.);
#2596=ORIENTED_EDGE('',*,*,#2021,.T.);
#2597=ORIENTED_EDGE('',*,*,#2023,.F.);
#2598=ORIENTED_EDGE('',*,*,#2024,.T.);
#2599=ORIENTED_EDGE('',*,*,#2025,.F.);
#2600=ORIENTED_EDGE('',*,*,#2026,.F.);
#2601=ORIENTED_EDGE('',*,*,#2024,.F.);
#2602=ORIENTED_EDGE('',*,*,#2022,.F.);
#2603=ORIENTED_EDGE('',*,*,#2027,.F.);
#2604=ORIENTED_EDGE('',*,*,#2028,.F.);
#2605=ORIENTED_EDGE('',*,*,#2029,.F.);
#2606=ORIENTED_EDGE('',*,*,#2030,.F.);
#2607=ORIENTED_EDGE('',*,*,#2031,.F.);
#2608=ORIENTED_EDGE('',*,*,#2032,.F.);
#2609=ORIENTED_EDGE('',*,*,#2033,.T.);
#2610=ORIENTED_EDGE('',*,*,#2034,.F.);
#2611=ORIENTED_EDGE('',*,*,#2029,.T.);
#2612=ORIENTED_EDGE('',*,*,#2035,.T.);
#2613=ORIENTED_EDGE('',*,*,#2016,.T.);
#2614=ORIENTED_EDGE('',*,*,#2035,.F.);
#2615=ORIENTED_EDGE('',*,*,#2028,.T.);
#2616=ORIENTED_EDGE('',*,*,#2036,.T.);
#2617=ORIENTED_EDGE('',*,*,#2037,.T.);
#2618=ORIENTED_EDGE('',*,*,#2038,.T.);
#2619=ORIENTED_EDGE('',*,*,#2039,.T.);
#2620=ORIENTED_EDGE('',*,*,#2037,.F.);
#2621=ORIENTED_EDGE('',*,*,#2038,.F.);
#2622=ORIENTED_EDGE('',*,*,#2039,.F.);
#2623=ORIENTED_EDGE('',*,*,#2040,.T.);
#2624=ORIENTED_EDGE('',*,*,#2041,.F.);
#2625=ORIENTED_EDGE('',*,*,#2040,.F.);
#2626=ORIENTED_EDGE('',*,*,#2042,.F.);
#2627=ORIENTED_EDGE('',*,*,#2014,.T.);
#2628=ORIENTED_EDGE('',*,*,#2011,.T.);
#2629=ORIENTED_EDGE('',*,*,#2010,.T.);
#2630=ORIENTED_EDGE('',*,*,#2043,.F.);
#2631=ORIENTED_EDGE('',*,*,#2030,.T.);
#2632=ORIENTED_EDGE('',*,*,#2027,.T.);
#2633=ORIENTED_EDGE('',*,*,#2026,.T.);
#2634=ORIENTED_EDGE('',*,*,#2036,.F.);
#2635=ORIENTED_EDGE('',*,*,#2041,.T.);
#2636=ORIENTED_EDGE('',*,*,#1676,.T.);
#2637=ORIENTED_EDGE('',*,*,#1879,.T.);
#2638=ORIENTED_EDGE('',*,*,#2044,.T.);
#2639=ORIENTED_EDGE('',*,*,#1761,.T.);
#2640=ORIENTED_EDGE('',*,*,#2045,.T.);
#2641=ORIENTED_EDGE('',*,*,#1970,.F.);
#2642=ORIENTED_EDGE('',*,*,#1762,.F.);
#2643=ORIENTED_EDGE('',*,*,#2044,.F.);
#2644=ORIENTED_EDGE('',*,*,#1878,.T.);
#2645=ORIENTED_EDGE('',*,*,#1983,.T.);
#2646=ORIENTED_EDGE('',*,*,#1882,.T.);
#2647=ORIENTED_EDGE('',*,*,#2046,.T.);
#2648=ORIENTED_EDGE('',*,*,#1758,.T.);
#2649=ORIENTED_EDGE('',*,*,#1967,.T.);
#2650=ORIENTED_EDGE('',*,*,#2046,.F.);
#2651=ORIENTED_EDGE('',*,*,#1881,.T.);
#2652=ORIENTED_EDGE('',*,*,#1669,.T.);
#2653=ORIENTED_EDGE('',*,*,#1674,.T.);
#2654=ORIENTED_EDGE('',*,*,#1759,.F.);
#2655=ORIENTED_EDGE('',*,*,#1936,.T.);
#2656=ORIENTED_EDGE('',*,*,#2047,.T.);
#2657=ORIENTED_EDGE('',*,*,#1704,.T.);
#2658=ORIENTED_EDGE('',*,*,#1824,.T.);
#2659=ORIENTED_EDGE('',*,*,#2047,.F.);
#2660=ORIENTED_EDGE('',*,*,#1935,.T.);
#2661=ORIENTED_EDGE('',*,*,#2048,.T.);
#2662=ORIENTED_EDGE('',*,*,#1705,.F.);
#2663=ORIENTED_EDGE('',*,*,#1826,.T.);
#2664=ORIENTED_EDGE('',*,*,#2049,.T.);
#2665=ORIENTED_EDGE('',*,*,#1814,.T.);
#2666=ORIENTED_EDGE('',*,*,#2050,.T.);
#2667=ORIENTED_EDGE('',*,*,#1680,.F.);
#2668=ORIENTED_EDGE('',*,*,#1815,.F.);
#2669=ORIENTED_EDGE('',*,*,#2049,.F.);
#2670=ORIENTED_EDGE('',*,*,#1825,.T.);
#2671=ORIENTED_EDGE('',*,*,#2005,.T.);
#2672=ORIENTED_EDGE('',*,*,#2042,.T.);
#2673=ORIENTED_EDGE('',*,*,#2025,.T.);
#2674=ORIENTED_EDGE('',*,*,#2051,.T.);
#2675=ORIENTED_EDGE('',*,*,#2009,.T.);
#2676=ORIENTED_EDGE('',*,*,#2052,.T.);
#2677=ORIENTED_EDGE('',*,*,#2031,.T.);
#2678=ORIENTED_EDGE('',*,*,#2043,.T.);
#2679=ORIENTED_EDGE('',*,*,#2053,.F.);
#2680=ORIENTED_EDGE('',*,*,#2007,.F.);
#2681=ORIENTED_EDGE('',*,*,#2054,.F.);
#2682=ORIENTED_EDGE('',*,*,#1692,.F.);
#2683=ORIENTED_EDGE('',*,*,#2055,.F.);
#2684=ORIENTED_EDGE('',*,*,#1946,.F.);
#2685=ORIENTED_EDGE('',*,*,#2056,.F.);
#2686=ORIENTED_EDGE('',*,*,#2033,.F.);
#2687=ORIENTED_EDGE('',*,*,#2052,.F.);
#2688=ORIENTED_EDGE('',*,*,#2008,.T.);
#2689=ORIENTED_EDGE('',*,*,#2053,.T.);
#2690=ORIENTED_EDGE('',*,*,#1691,.F.);
#2691=ORIENTED_EDGE('',*,*,#2057,.F.);
#2692=ORIENTED_EDGE('',*,*,#1947,.T.);
#2693=ORIENTED_EDGE('',*,*,#2055,.T.);
#2694=ORIENTED_EDGE('',*,*,#2032,.T.);
#2695=ORIENTED_EDGE('',*,*,#1698,.T.);
#2696=ORIENTED_EDGE('',*,*,#2058,.T.);
#2697=ORIENTED_EDGE('',*,*,#1940,.T.);
#2698=ORIENTED_EDGE('',*,*,#1958,.T.);
#2699=ORIENTED_EDGE('',*,*,#1694,.T.);
#2700=ORIENTED_EDGE('',*,*,#2059,.T.);
#2701=ORIENTED_EDGE('',*,*,#1944,.T.);
#2702=ORIENTED_EDGE('',*,*,#2060,.T.);
#2703=ORIENTED_EDGE('',*,*,#2060,.F.);
#2704=ORIENTED_EDGE('',*,*,#1943,.T.);
#2705=ORIENTED_EDGE('',*,*,#2061,.T.);
#2706=ORIENTED_EDGE('',*,*,#1695,.F.);
#2707=ORIENTED_EDGE('',*,*,#1686,.T.);
#2708=ORIENTED_EDGE('',*,*,#2062,.T.);
#2709=ORIENTED_EDGE('',*,*,#1952,.T.);
#2710=ORIENTED_EDGE('',*,*,#2063,.T.);
#2711=ORIENTED_EDGE('',*,*,#2063,.F.);
#2712=ORIENTED_EDGE('',*,*,#1951,.T.);
#2713=ORIENTED_EDGE('',*,*,#2064,.T.);
#2714=ORIENTED_EDGE('',*,*,#1687,.F.);
#2715=ORIENTED_EDGE('',*,*,#1690,.T.);
#2716=ORIENTED_EDGE('',*,*,#2065,.T.);
#2717=ORIENTED_EDGE('',*,*,#1948,.T.);
#2718=ORIENTED_EDGE('',*,*,#2057,.T.);
#2719=ORIENTED_EDGE('',*,*,#2065,.F.);
#2720=ORIENTED_EDGE('',*,*,#1689,.F.);
#2721=ORIENTED_EDGE('',*,*,#2066,.F.);
#2722=ORIENTED_EDGE('',*,*,#1949,.T.);
#2723=ORIENTED_EDGE('',*,*,#1963,.F.);
#2724=ORIENTED_EDGE('',*,*,#1892,.T.);
#2725=ORIENTED_EDGE('',*,*,#1973,.F.);
#2726=ORIENTED_EDGE('',*,*,#1748,.F.);
#2727=ORIENTED_EDGE('',*,*,#1895,.T.);
#2728=ORIENTED_EDGE('',*,*,#1964,.T.);
#2729=ORIENTED_EDGE('',*,*,#1745,.F.);
#2730=ORIENTED_EDGE('',*,*,#2067,.F.);
#2731=ORIENTED_EDGE('',*,*,#1981,.T.);
#2732=ORIENTED_EDGE('',*,*,#1982,.T.);
#2733=ORIENTED_EDGE('',*,*,#1896,.T.);
#2734=ORIENTED_EDGE('',*,*,#2067,.T.);
#2735=ORIENTED_EDGE('',*,*,#1744,.F.);
#2736=ORIENTED_EDGE('',*,*,#2068,.F.);
#2737=ORIENTED_EDGE('',*,*,#1897,.T.);
#2738=ORIENTED_EDGE('',*,*,#2068,.T.);
#2739=ORIENTED_EDGE('',*,*,#1743,.F.);
#2740=ORIENTED_EDGE('',*,*,#2069,.F.);
#2741=ORIENTED_EDGE('',*,*,#1898,.T.);
#2742=ORIENTED_EDGE('',*,*,#2069,.T.);
#2743=ORIENTED_EDGE('',*,*,#1742,.F.);
#2744=ORIENTED_EDGE('',*,*,#2070,.F.);
#2745=ORIENTED_EDGE('',*,*,#1975,.T.);
#2746=ORIENTED_EDGE('',*,*,#1976,.T.);
#2747=ORIENTED_EDGE('',*,*,#1899,.T.);
#2748=ORIENTED_EDGE('',*,*,#2070,.T.);
#2749=ORIENTED_EDGE('',*,*,#1741,.F.);
#2750=ORIENTED_EDGE('',*,*,#2071,.F.);
#2751=ORIENTED_EDGE('',*,*,#1900,.T.);
#2752=ORIENTED_EDGE('',*,*,#2071,.T.);
#2753=ORIENTED_EDGE('',*,*,#1740,.F.);
#2754=ORIENTED_EDGE('',*,*,#2072,.F.);
#2755=ORIENTED_EDGE('',*,*,#1978,.T.);
#2756=ORIENTED_EDGE('',*,*,#1979,.T.);
#2757=ORIENTED_EDGE('',*,*,#1901,.T.);
#2758=ORIENTED_EDGE('',*,*,#2072,.T.);
#2759=ORIENTED_EDGE('',*,*,#1739,.F.);
#2760=ORIENTED_EDGE('',*,*,#2073,.F.);
#2761=ORIENTED_EDGE('',*,*,#1902,.T.);
#2762=ORIENTED_EDGE('',*,*,#2073,.T.);
#2763=ORIENTED_EDGE('',*,*,#1738,.F.);
#2764=ORIENTED_EDGE('',*,*,#2074,.F.);
#2765=ORIENTED_EDGE('',*,*,#1903,.T.);
#2766=ORIENTED_EDGE('',*,*,#2074,.T.);
#2767=ORIENTED_EDGE('',*,*,#1737,.F.);
#2768=ORIENTED_EDGE('',*,*,#2075,.F.);
#2769=ORIENTED_EDGE('',*,*,#1904,.T.);
#2770=ORIENTED_EDGE('',*,*,#2075,.T.);
#2771=ORIENTED_EDGE('',*,*,#1736,.F.);
#2772=ORIENTED_EDGE('',*,*,#2076,.F.);
#2773=ORIENTED_EDGE('',*,*,#1905,.T.);
#2774=ORIENTED_EDGE('',*,*,#2076,.T.);
#2775=ORIENTED_EDGE('',*,*,#1735,.F.);
#2776=ORIENTED_EDGE('',*,*,#2077,.F.);
#2777=ORIENTED_EDGE('',*,*,#1906,.T.);
#2778=ORIENTED_EDGE('',*,*,#2077,.T.);
#2779=ORIENTED_EDGE('',*,*,#1734,.F.);
#2780=ORIENTED_EDGE('',*,*,#2078,.F.);
#2781=ORIENTED_EDGE('',*,*,#1907,.T.);
#2782=ORIENTED_EDGE('',*,*,#2078,.T.);
#2783=ORIENTED_EDGE('',*,*,#1733,.F.);
#2784=ORIENTED_EDGE('',*,*,#2079,.F.);
#2785=ORIENTED_EDGE('',*,*,#1908,.T.);
#2786=ORIENTED_EDGE('',*,*,#2079,.T.);
#2787=ORIENTED_EDGE('',*,*,#1732,.F.);
#2788=ORIENTED_EDGE('',*,*,#2080,.F.);
#2789=ORIENTED_EDGE('',*,*,#1909,.T.);
#2790=ORIENTED_EDGE('',*,*,#2080,.T.);
#2791=ORIENTED_EDGE('',*,*,#1731,.F.);
#2792=ORIENTED_EDGE('',*,*,#2081,.F.);
#2793=ORIENTED_EDGE('',*,*,#1910,.T.);
#2794=ORIENTED_EDGE('',*,*,#2081,.T.);
#2795=ORIENTED_EDGE('',*,*,#1730,.F.);
#2796=ORIENTED_EDGE('',*,*,#2082,.F.);
#2797=ORIENTED_EDGE('',*,*,#1911,.T.);
#2798=ORIENTED_EDGE('',*,*,#2082,.T.);
#2799=ORIENTED_EDGE('',*,*,#1729,.F.);
#2800=ORIENTED_EDGE('',*,*,#2083,.F.);
#2801=ORIENTED_EDGE('',*,*,#1912,.T.);
#2802=ORIENTED_EDGE('',*,*,#2083,.T.);
#2803=ORIENTED_EDGE('',*,*,#1728,.F.);
#2804=ORIENTED_EDGE('',*,*,#2084,.F.);
#2805=ORIENTED_EDGE('',*,*,#1913,.T.);
#2806=ORIENTED_EDGE('',*,*,#2084,.T.);
#2807=ORIENTED_EDGE('',*,*,#1727,.F.);
#2808=ORIENTED_EDGE('',*,*,#2085,.F.);
#2809=ORIENTED_EDGE('',*,*,#1914,.T.);
#2810=ORIENTED_EDGE('',*,*,#2085,.T.);
#2811=ORIENTED_EDGE('',*,*,#1726,.F.);
#2812=ORIENTED_EDGE('',*,*,#2086,.F.);
#2813=ORIENTED_EDGE('',*,*,#1915,.T.);
#2814=ORIENTED_EDGE('',*,*,#2086,.T.);
#2815=ORIENTED_EDGE('',*,*,#1725,.F.);
#2816=ORIENTED_EDGE('',*,*,#2087,.F.);
#2817=ORIENTED_EDGE('',*,*,#1916,.T.);
#2818=ORIENTED_EDGE('',*,*,#2087,.T.);
#2819=ORIENTED_EDGE('',*,*,#1724,.F.);
#2820=ORIENTED_EDGE('',*,*,#2088,.F.);
#2821=ORIENTED_EDGE('',*,*,#1917,.T.);
#2822=ORIENTED_EDGE('',*,*,#2088,.T.);
#2823=ORIENTED_EDGE('',*,*,#1723,.F.);
#2824=ORIENTED_EDGE('',*,*,#2089,.F.);
#2825=ORIENTED_EDGE('',*,*,#1918,.T.);
#2826=ORIENTED_EDGE('',*,*,#2089,.T.);
#2827=ORIENTED_EDGE('',*,*,#1722,.F.);
#2828=ORIENTED_EDGE('',*,*,#2090,.F.);
#2829=ORIENTED_EDGE('',*,*,#1919,.T.);
#2830=ORIENTED_EDGE('',*,*,#2090,.T.);
#2831=ORIENTED_EDGE('',*,*,#1721,.F.);
#2832=ORIENTED_EDGE('',*,*,#2091,.F.);
#2833=ORIENTED_EDGE('',*,*,#1920,.T.);
#2834=ORIENTED_EDGE('',*,*,#2091,.T.);
#2835=ORIENTED_EDGE('',*,*,#1720,.F.);
#2836=ORIENTED_EDGE('',*,*,#2092,.F.);
#2837=ORIENTED_EDGE('',*,*,#1921,.T.);
#2838=ORIENTED_EDGE('',*,*,#2092,.T.);
#2839=ORIENTED_EDGE('',*,*,#1719,.F.);
#2840=ORIENTED_EDGE('',*,*,#2093,.F.);
#2841=ORIENTED_EDGE('',*,*,#1922,.T.);
#2842=ORIENTED_EDGE('',*,*,#2093,.T.);
#2843=ORIENTED_EDGE('',*,*,#1718,.F.);
#2844=ORIENTED_EDGE('',*,*,#2094,.F.);
#2845=ORIENTED_EDGE('',*,*,#1923,.T.);
#2846=ORIENTED_EDGE('',*,*,#2094,.T.);
#2847=ORIENTED_EDGE('',*,*,#1717,.F.);
#2848=ORIENTED_EDGE('',*,*,#2095,.F.);
#2849=ORIENTED_EDGE('',*,*,#1924,.T.);
#2850=ORIENTED_EDGE('',*,*,#2095,.T.);
#2851=ORIENTED_EDGE('',*,*,#1716,.F.);
#2852=ORIENTED_EDGE('',*,*,#2096,.F.);
#2853=ORIENTED_EDGE('',*,*,#1925,.T.);
#2854=ORIENTED_EDGE('',*,*,#2096,.T.);
#2855=ORIENTED_EDGE('',*,*,#1715,.F.);
#2856=ORIENTED_EDGE('',*,*,#2097,.F.);
#2857=ORIENTED_EDGE('',*,*,#1926,.T.);
#2858=ORIENTED_EDGE('',*,*,#2097,.T.);
#2859=ORIENTED_EDGE('',*,*,#1714,.F.);
#2860=ORIENTED_EDGE('',*,*,#2098,.F.);
#2861=ORIENTED_EDGE('',*,*,#1927,.T.);
#2862=ORIENTED_EDGE('',*,*,#2098,.T.);
#2863=ORIENTED_EDGE('',*,*,#1713,.F.);
#2864=ORIENTED_EDGE('',*,*,#2099,.F.);
#2865=ORIENTED_EDGE('',*,*,#1928,.T.);
#2866=ORIENTED_EDGE('',*,*,#2099,.T.);
#2867=ORIENTED_EDGE('',*,*,#1712,.F.);
#2868=ORIENTED_EDGE('',*,*,#2100,.F.);
#2869=ORIENTED_EDGE('',*,*,#1929,.T.);
#2870=ORIENTED_EDGE('',*,*,#2100,.T.);
#2871=ORIENTED_EDGE('',*,*,#1711,.F.);
#2872=ORIENTED_EDGE('',*,*,#2101,.F.);
#2873=ORIENTED_EDGE('',*,*,#1930,.T.);
#2874=ORIENTED_EDGE('',*,*,#2101,.T.);
#2875=ORIENTED_EDGE('',*,*,#1710,.F.);
#2876=ORIENTED_EDGE('',*,*,#2102,.F.);
#2877=ORIENTED_EDGE('',*,*,#1931,.T.);
#2878=ORIENTED_EDGE('',*,*,#2102,.T.);
#2879=ORIENTED_EDGE('',*,*,#1709,.F.);
#2880=ORIENTED_EDGE('',*,*,#2103,.F.);
#2881=ORIENTED_EDGE('',*,*,#1932,.T.);
#2882=ORIENTED_EDGE('',*,*,#2103,.T.);
#2883=ORIENTED_EDGE('',*,*,#1708,.F.);
#2884=ORIENTED_EDGE('',*,*,#2104,.F.);
#2885=ORIENTED_EDGE('',*,*,#1933,.T.);
#2886=ORIENTED_EDGE('',*,*,#2104,.T.);
#2887=ORIENTED_EDGE('',*,*,#1707,.F.);
#2888=ORIENTED_EDGE('',*,*,#2105,.F.);
#2889=ORIENTED_EDGE('',*,*,#1934,.T.);
#2890=ORIENTED_EDGE('',*,*,#2105,.T.);
#2891=ORIENTED_EDGE('',*,*,#1706,.F.);
#2892=ORIENTED_EDGE('',*,*,#2048,.F.);
#2893=ORIENTED_EDGE('',*,*,#1820,.F.);
#2894=ORIENTED_EDGE('',*,*,#1701,.F.);
#2895=ORIENTED_EDGE('',*,*,#1957,.F.);
#2896=ORIENTED_EDGE('',*,*,#1937,.T.);
#2897=ORIENTED_EDGE('',*,*,#2058,.F.);
#2898=ORIENTED_EDGE('',*,*,#1697,.F.);
#2899=ORIENTED_EDGE('',*,*,#2106,.F.);
#2900=ORIENTED_EDGE('',*,*,#1941,.T.);
#2901=ORIENTED_EDGE('',*,*,#1942,.T.);
#2902=ORIENTED_EDGE('',*,*,#2106,.T.);
#2903=ORIENTED_EDGE('',*,*,#1696,.F.);
#2904=ORIENTED_EDGE('',*,*,#2061,.F.);
#2905=ORIENTED_EDGE('',*,*,#2051,.F.);
#2906=ORIENTED_EDGE('',*,*,#2034,.T.);
#2907=ORIENTED_EDGE('',*,*,#2056,.T.);
#2908=ORIENTED_EDGE('',*,*,#1945,.T.);
#2909=ORIENTED_EDGE('',*,*,#2059,.F.);
#2910=ORIENTED_EDGE('',*,*,#1693,.F.);
#2911=ORIENTED_EDGE('',*,*,#2054,.T.);
#2912=ORIENTED_EDGE('',*,*,#2006,.T.);
#2913=ORIENTED_EDGE('',*,*,#1950,.T.);
#2914=ORIENTED_EDGE('',*,*,#2066,.T.);
#2915=ORIENTED_EDGE('',*,*,#1688,.F.);
#2916=ORIENTED_EDGE('',*,*,#2064,.F.);
#2917=ORIENTED_EDGE('',*,*,#1819,.F.);
#2918=ORIENTED_EDGE('',*,*,#1953,.T.);
#2919=ORIENTED_EDGE('',*,*,#2062,.F.);
#2920=ORIENTED_EDGE('',*,*,#1685,.F.);
#2921=ORIENTED_EDGE('',*,*,#2050,.F.);
#2922=ORIENTED_EDGE('',*,*,#1813,.F.);
#2923=ORIENTED_EDGE('',*,*,#2107,.F.);
#2924=ORIENTED_EDGE('',*,*,#1827,.T.);
#2925=ORIENTED_EDGE('',*,*,#1828,.T.);
#2926=ORIENTED_EDGE('',*,*,#2107,.T.);
#2927=ORIENTED_EDGE('',*,*,#1812,.F.);
#2928=ORIENTED_EDGE('',*,*,#2108,.F.);
#2929=ORIENTED_EDGE('',*,*,#1829,.T.);
#2930=ORIENTED_EDGE('',*,*,#2108,.T.);
#2931=ORIENTED_EDGE('',*,*,#1811,.F.);
#2932=ORIENTED_EDGE('',*,*,#2109,.F.);
#2933=ORIENTED_EDGE('',*,*,#1830,.T.);
#2934=ORIENTED_EDGE('',*,*,#2109,.T.);
#2935=ORIENTED_EDGE('',*,*,#1810,.F.);
#2936=ORIENTED_EDGE('',*,*,#2110,.F.);
#2937=ORIENTED_EDGE('',*,*,#1831,.T.);
#2938=ORIENTED_EDGE('',*,*,#2110,.T.);
#2939=ORIENTED_EDGE('',*,*,#1809,.F.);
#2940=ORIENTED_EDGE('',*,*,#2111,.F.);
#2941=ORIENTED_EDGE('',*,*,#1832,.T.);
#2942=ORIENTED_EDGE('',*,*,#2111,.T.);
#2943=ORIENTED_EDGE('',*,*,#1808,.F.);
#2944=ORIENTED_EDGE('',*,*,#2112,.F.);
#2945=ORIENTED_EDGE('',*,*,#1833,.T.);
#2946=ORIENTED_EDGE('',*,*,#2112,.T.);
#2947=ORIENTED_EDGE('',*,*,#1807,.F.);
#2948=ORIENTED_EDGE('',*,*,#2113,.F.);
#2949=ORIENTED_EDGE('',*,*,#1834,.T.);
#2950=ORIENTED_EDGE('',*,*,#2113,.T.);
#2951=ORIENTED_EDGE('',*,*,#1806,.F.);
#2952=ORIENTED_EDGE('',*,*,#2114,.F.);
#2953=ORIENTED_EDGE('',*,*,#1835,.T.);
#2954=ORIENTED_EDGE('',*,*,#2114,.T.);
#2955=ORIENTED_EDGE('',*,*,#1805,.F.);
#2956=ORIENTED_EDGE('',*,*,#2115,.F.);
#2957=ORIENTED_EDGE('',*,*,#1836,.T.);
#2958=ORIENTED_EDGE('',*,*,#2115,.T.);
#2959=ORIENTED_EDGE('',*,*,#1804,.F.);
#2960=ORIENTED_EDGE('',*,*,#2116,.F.);
#2961=ORIENTED_EDGE('',*,*,#1837,.T.);
#2962=ORIENTED_EDGE('',*,*,#2116,.T.);
#2963=ORIENTED_EDGE('',*,*,#1803,.F.);
#2964=ORIENTED_EDGE('',*,*,#2117,.F.);
#2965=ORIENTED_EDGE('',*,*,#1838,.T.);
#2966=ORIENTED_EDGE('',*,*,#2117,.T.);
#2967=ORIENTED_EDGE('',*,*,#1802,.F.);
#2968=ORIENTED_EDGE('',*,*,#2118,.F.);
#2969=ORIENTED_EDGE('',*,*,#1839,.T.);
#2970=ORIENTED_EDGE('',*,*,#2118,.T.);
#2971=ORIENTED_EDGE('',*,*,#1801,.F.);
#2972=ORIENTED_EDGE('',*,*,#2119,.F.);
#2973=ORIENTED_EDGE('',*,*,#1840,.T.);
#2974=ORIENTED_EDGE('',*,*,#2119,.T.);
#2975=ORIENTED_EDGE('',*,*,#1800,.F.);
#2976=ORIENTED_EDGE('',*,*,#2120,.F.);
#2977=ORIENTED_EDGE('',*,*,#1841,.T.);
#2978=ORIENTED_EDGE('',*,*,#2120,.T.);
#2979=ORIENTED_EDGE('',*,*,#1799,.F.);
#2980=ORIENTED_EDGE('',*,*,#2121,.F.);
#2981=ORIENTED_EDGE('',*,*,#1842,.T.);
#2982=ORIENTED_EDGE('',*,*,#2121,.T.);
#2983=ORIENTED_EDGE('',*,*,#1798,.F.);
#2984=ORIENTED_EDGE('',*,*,#2122,.F.);
#2985=ORIENTED_EDGE('',*,*,#1843,.T.);
#2986=ORIENTED_EDGE('',*,*,#2122,.T.);
#2987=ORIENTED_EDGE('',*,*,#1797,.F.);
#2988=ORIENTED_EDGE('',*,*,#2123,.F.);
#2989=ORIENTED_EDGE('',*,*,#1844,.T.);
#2990=ORIENTED_EDGE('',*,*,#2123,.T.);
#2991=ORIENTED_EDGE('',*,*,#1796,.F.);
#2992=ORIENTED_EDGE('',*,*,#2124,.F.);
#2993=ORIENTED_EDGE('',*,*,#1845,.T.);
#2994=ORIENTED_EDGE('',*,*,#2124,.T.);
#2995=ORIENTED_EDGE('',*,*,#1795,.F.);
#2996=ORIENTED_EDGE('',*,*,#2125,.F.);
#2997=ORIENTED_EDGE('',*,*,#1846,.T.);
#2998=ORIENTED_EDGE('',*,*,#2125,.T.);
#2999=ORIENTED_EDGE('',*,*,#1794,.F.);
#3000=ORIENTED_EDGE('',*,*,#2126,.F.);
#3001=ORIENTED_EDGE('',*,*,#1847,.T.);
#3002=ORIENTED_EDGE('',*,*,#2126,.T.);
#3003=ORIENTED_EDGE('',*,*,#1793,.F.);
#3004=ORIENTED_EDGE('',*,*,#2127,.F.);
#3005=ORIENTED_EDGE('',*,*,#1848,.T.);
#3006=ORIENTED_EDGE('',*,*,#2127,.T.);
#3007=ORIENTED_EDGE('',*,*,#1792,.F.);
#3008=ORIENTED_EDGE('',*,*,#2128,.F.);
#3009=ORIENTED_EDGE('',*,*,#1849,.T.);
#3010=ORIENTED_EDGE('',*,*,#2128,.T.);
#3011=ORIENTED_EDGE('',*,*,#1791,.F.);
#3012=ORIENTED_EDGE('',*,*,#2129,.F.);
#3013=ORIENTED_EDGE('',*,*,#1850,.T.);
#3014=ORIENTED_EDGE('',*,*,#2129,.T.);
#3015=ORIENTED_EDGE('',*,*,#1790,.F.);
#3016=ORIENTED_EDGE('',*,*,#2130,.F.);
#3017=ORIENTED_EDGE('',*,*,#1851,.T.);
#3018=ORIENTED_EDGE('',*,*,#2130,.T.);
#3019=ORIENTED_EDGE('',*,*,#1789,.F.);
#3020=ORIENTED_EDGE('',*,*,#2131,.F.);
#3021=ORIENTED_EDGE('',*,*,#1852,.T.);
#3022=ORIENTED_EDGE('',*,*,#2131,.T.);
#3023=ORIENTED_EDGE('',*,*,#1788,.F.);
#3024=ORIENTED_EDGE('',*,*,#2132,.F.);
#3025=ORIENTED_EDGE('',*,*,#1853,.T.);
#3026=ORIENTED_EDGE('',*,*,#2132,.T.);
#3027=ORIENTED_EDGE('',*,*,#1787,.F.);
#3028=ORIENTED_EDGE('',*,*,#2133,.F.);
#3029=ORIENTED_EDGE('',*,*,#1854,.T.);
#3030=ORIENTED_EDGE('',*,*,#2133,.T.);
#3031=ORIENTED_EDGE('',*,*,#1786,.F.);
#3032=ORIENTED_EDGE('',*,*,#2134,.F.);
#3033=ORIENTED_EDGE('',*,*,#1855,.T.);
#3034=ORIENTED_EDGE('',*,*,#2134,.T.);
#3035=ORIENTED_EDGE('',*,*,#1785,.F.);
#3036=ORIENTED_EDGE('',*,*,#2135,.F.);
#3037=ORIENTED_EDGE('',*,*,#1856,.T.);
#3038=ORIENTED_EDGE('',*,*,#2135,.T.);
#3039=ORIENTED_EDGE('',*,*,#1784,.F.);
#3040=ORIENTED_EDGE('',*,*,#2136,.F.);
#3041=ORIENTED_EDGE('',*,*,#1857,.T.);
#3042=ORIENTED_EDGE('',*,*,#2136,.T.);
#3043=ORIENTED_EDGE('',*,*,#1783,.F.);
#3044=ORIENTED_EDGE('',*,*,#2137,.F.);
#3045=ORIENTED_EDGE('',*,*,#1858,.T.);
#3046=ORIENTED_EDGE('',*,*,#2137,.T.);
#3047=ORIENTED_EDGE('',*,*,#1782,.F.);
#3048=ORIENTED_EDGE('',*,*,#2138,.F.);
#3049=ORIENTED_EDGE('',*,*,#1859,.T.);
#3050=ORIENTED_EDGE('',*,*,#2138,.T.);
#3051=ORIENTED_EDGE('',*,*,#1781,.F.);
#3052=ORIENTED_EDGE('',*,*,#2139,.F.);
#3053=ORIENTED_EDGE('',*,*,#1860,.T.);
#3054=ORIENTED_EDGE('',*,*,#2139,.T.);
#3055=ORIENTED_EDGE('',*,*,#1780,.F.);
#3056=ORIENTED_EDGE('',*,*,#2140,.F.);
#3057=ORIENTED_EDGE('',*,*,#1861,.T.);
#3058=ORIENTED_EDGE('',*,*,#2140,.T.);
#3059=ORIENTED_EDGE('',*,*,#1779,.F.);
#3060=ORIENTED_EDGE('',*,*,#2141,.F.);
#3061=ORIENTED_EDGE('',*,*,#1862,.T.);
#3062=ORIENTED_EDGE('',*,*,#2141,.T.);
#3063=ORIENTED_EDGE('',*,*,#1778,.F.);
#3064=ORIENTED_EDGE('',*,*,#2142,.F.);
#3065=ORIENTED_EDGE('',*,*,#1990,.T.);
#3066=ORIENTED_EDGE('',*,*,#1991,.T.);
#3067=ORIENTED_EDGE('',*,*,#1863,.T.);
#3068=ORIENTED_EDGE('',*,*,#2142,.T.);
#3069=ORIENTED_EDGE('',*,*,#1777,.F.);
#3070=ORIENTED_EDGE('',*,*,#2143,.F.);
#3071=ORIENTED_EDGE('',*,*,#1864,.T.);
#3072=ORIENTED_EDGE('',*,*,#2143,.T.);
#3073=ORIENTED_EDGE('',*,*,#1776,.F.);
#3074=ORIENTED_EDGE('',*,*,#2144,.F.);
#3075=ORIENTED_EDGE('',*,*,#1987,.T.);
#3076=ORIENTED_EDGE('',*,*,#1988,.T.);
#3077=ORIENTED_EDGE('',*,*,#1865,.T.);
#3078=ORIENTED_EDGE('',*,*,#2144,.T.);
#3079=ORIENTED_EDGE('',*,*,#1775,.F.);
#3080=ORIENTED_EDGE('',*,*,#2145,.F.);
#3081=ORIENTED_EDGE('',*,*,#1866,.T.);
#3082=ORIENTED_EDGE('',*,*,#2145,.T.);
#3083=ORIENTED_EDGE('',*,*,#1774,.F.);
#3084=ORIENTED_EDGE('',*,*,#2146,.F.);
#3085=ORIENTED_EDGE('',*,*,#1867,.T.);
#3086=ORIENTED_EDGE('',*,*,#2146,.T.);
#3087=ORIENTED_EDGE('',*,*,#1773,.F.);
#3088=ORIENTED_EDGE('',*,*,#1961,.F.);
#3089=ORIENTED_EDGE('',*,*,#1985,.T.);
#3090=ORIENTED_EDGE('',*,*,#1986,.T.);
#3091=ORIENTED_EDGE('',*,*,#1959,.F.);
#3092=ORIENTED_EDGE('',*,*,#1770,.F.);
#3093=ORIENTED_EDGE('',*,*,#2147,.F.);
#3094=ORIENTED_EDGE('',*,*,#1870,.T.);
#3095=ORIENTED_EDGE('',*,*,#1871,.T.);
#3096=ORIENTED_EDGE('',*,*,#2147,.T.);
#3097=ORIENTED_EDGE('',*,*,#1769,.F.);
#3098=ORIENTED_EDGE('',*,*,#2148,.F.);
#3099=ORIENTED_EDGE('',*,*,#1872,.T.);
#3100=ORIENTED_EDGE('',*,*,#2148,.T.);
#3101=ORIENTED_EDGE('',*,*,#1768,.F.);
#3102=ORIENTED_EDGE('',*,*,#2149,.F.);
#3103=ORIENTED_EDGE('',*,*,#1873,.T.);
#3104=ORIENTED_EDGE('',*,*,#2149,.T.);
#3105=ORIENTED_EDGE('',*,*,#1767,.F.);
#3106=ORIENTED_EDGE('',*,*,#2150,.F.);
#3107=ORIENTED_EDGE('',*,*,#1874,.T.);
#3108=ORIENTED_EDGE('',*,*,#2150,.T.);
#3109=ORIENTED_EDGE('',*,*,#1766,.F.);
#3110=ORIENTED_EDGE('',*,*,#2151,.F.);
#3111=ORIENTED_EDGE('',*,*,#1875,.T.);
#3112=ORIENTED_EDGE('',*,*,#2151,.T.);
#3113=ORIENTED_EDGE('',*,*,#1765,.F.);
#3114=ORIENTED_EDGE('',*,*,#1971,.F.);
#3115=ORIENTED_EDGE('',*,*,#2045,.F.);
#3116=ORIENTED_EDGE('',*,*,#1760,.F.);
#3117=ORIENTED_EDGE('',*,*,#1672,.F.);
#3118=ORIENTED_EDGE('',*,*,#1671,.F.);
#3119=ORIENTED_EDGE('',*,*,#1880,.T.);
#3120=ORIENTED_EDGE('',*,*,#1966,.F.);
#3121=ORIENTED_EDGE('',*,*,#1755,.F.);
#3122=ORIENTED_EDGE('',*,*,#2152,.F.);
#3123=ORIENTED_EDGE('',*,*,#1885,.T.);
#3124=ORIENTED_EDGE('',*,*,#1886,.T.);
#3125=ORIENTED_EDGE('',*,*,#2152,.T.);
#3126=ORIENTED_EDGE('',*,*,#1754,.F.);
#3127=ORIENTED_EDGE('',*,*,#2153,.F.);
#3128=ORIENTED_EDGE('',*,*,#1887,.T.);
#3129=ORIENTED_EDGE('',*,*,#2153,.T.);
#3130=ORIENTED_EDGE('',*,*,#1753,.F.);
#3131=ORIENTED_EDGE('',*,*,#2154,.F.);
#3132=ORIENTED_EDGE('',*,*,#1888,.T.);
#3133=ORIENTED_EDGE('',*,*,#2154,.T.);
#3134=ORIENTED_EDGE('',*,*,#1752,.F.);
#3135=ORIENTED_EDGE('',*,*,#2155,.F.);
#3136=ORIENTED_EDGE('',*,*,#1889,.T.);
#3137=ORIENTED_EDGE('',*,*,#2155,.T.);
#3138=ORIENTED_EDGE('',*,*,#1751,.F.);
#3139=ORIENTED_EDGE('',*,*,#1974,.F.);
#3140=CONICAL_SURFACE('',#3334,2.25,0.785398163397448);
#3141=CONICAL_SURFACE('',#3492,1.5,0.785398163397448);
#3142=CONICAL_SURFACE('',#3496,1.5,0.785398163397449);
#3143=CONICAL_SURFACE('',#3500,1.75,0.785398163397451);
#3144=CONICAL_SURFACE('',#3512,1.75,0.785398163397455);
#3145=CONICAL_SURFACE('',#3517,1.75,0.785398163397439);
#3146=CONICAL_SURFACE('',#3525,1.75,0.785398163397453);
#3147=CONICAL_SURFACE('',#3526,2.75,0.78539816339745);
#3148=ADVANCED_FACE('',(#198),#3140,.F.);
#3149=ADVANCED_FACE('',(#199),#116,.T.);
#3150=ADVANCED_FACE('',(#200),#117,.T.);
#3151=ADVANCED_FACE('',(#201,#15,#16),#43,.F.);
#3152=ADVANCED_FACE('',(#202),#44,.T.);
#3153=ADVANCED_FACE('',(#203),#118,.T.);
#3154=ADVANCED_FACE('',(#204),#119,.T.);
#3155=ADVANCED_FACE('',(#205),#45,.T.);
#3156=ADVANCED_FACE('',(#206),#46,.T.);
#3157=ADVANCED_FACE('',(#207),#47,.F.);
#3158=ADVANCED_FACE('',(#208,#17,#18),#120,.F.);
#3159=ADVANCED_FACE('',(#209),#48,.T.);
#3160=ADVANCED_FACE('',(#210),#121,.T.);
#3161=ADVANCED_FACE('',(#211),#49,.T.);
#3162=ADVANCED_FACE('',(#212),#122,.T.);
#3163=ADVANCED_FACE('',(#213),#50,.T.);
#3164=ADVANCED_FACE('',(#214),#123,.T.);
#3165=ADVANCED_FACE('',(#215),#51,.F.);
#3166=ADVANCED_FACE('',(#216,#19),#124,.T.);
#3167=ADVANCED_FACE('',(#217),#52,.F.);
#3168=ADVANCED_FACE('',(#218),#125,.T.);
#3169=ADVANCED_FACE('',(#219),#53,.F.);
#3170=ADVANCED_FACE('',(#220),#54,.T.);
#3171=ADVANCED_FACE('',(#221),#55,.F.);
#3172=ADVANCED_FACE('',(#222),#56,.F.);
#3173=ADVANCED_FACE('',(#223),#57,.F.);
#3174=ADVANCED_FACE('',(#224),#58,.F.);
#3175=ADVANCED_FACE('',(#225),#3141,.F.);
#3176=ADVANCED_FACE('',(#226),#59,.F.);
#3177=ADVANCED_FACE('',(#227),#3142,.F.);
#3178=ADVANCED_FACE('',(#228),#60,.F.);
#3179=ADVANCED_FACE('',(#229),#3143,.F.);
#3180=ADVANCED_FACE('',(#230),#126,.F.);
#3181=ADVANCED_FACE('',(#231),#61,.F.);
#3182=ADVANCED_FACE('',(#232),#3144,.F.);
#3183=ADVANCED_FACE('',(#233),#62,.F.);
#3184=ADVANCED_FACE('',(#234),#3145,.F.);
#3185=ADVANCED_FACE('',(#235),#127,.F.);
#3186=ADVANCED_FACE('',(#236),#3146,.F.);
#3187=ADVANCED_FACE('',(#237),#3147,.F.);
#3188=ADVANCED_FACE('',(#238),#63,.F.);
#3189=ADVANCED_FACE('',(#239,#20),#128,.T.);
#3190=ADVANCED_FACE('',(#240,#21),#129,.T.);
#3191=ADVANCED_FACE('',(#241),#64,.F.);
#3192=ADVANCED_FACE('',(#242,#22),#130,.T.);
#3193=ADVANCED_FACE('',(#243),#65,.F.);
#3194=ADVANCED_FACE('',(#244),#131,.T.);
#3195=ADVANCED_FACE('',(#245),#66,.F.);
#3196=ADVANCED_FACE('',(#246),#132,.T.);
#3197=ADVANCED_FACE('',(#247),#67,.F.);
#3198=ADVANCED_FACE('',(#248),#68,.F.);
#3199=ADVANCED_FACE('',(#249),#69,.T.);
#3200=ADVANCED_FACE('',(#250),#70,.T.);
#3201=ADVANCED_FACE('',(#251),#133,.F.);
#3202=ADVANCED_FACE('',(#252),#134,.F.);
#3203=ADVANCED_FACE('',(#253),#135,.T.);
#3204=ADVANCED_FACE('',(#254),#71,.T.);
#3205=ADVANCED_FACE('',(#255),#72,.T.);
#3206=ADVANCED_FACE('',(#256),#136,.T.);
#3207=ADVANCED_FACE('',(#257),#73,.T.);
#3208=ADVANCED_FACE('',(#258),#137,.T.);
#3209=ADVANCED_FACE('',(#259),#74,.T.);
#3210=ADVANCED_FACE('',(#260),#138,.T.);
#3211=ADVANCED_FACE('',(#261),#139,.T.);
#3212=ADVANCED_FACE('',(#262,#23),#75,.T.);
#3213=ADVANCED_FACE('',(#263),#140,.T.);
#3214=ADVANCED_FACE('',(#264),#141,.T.);
#3215=ADVANCED_FACE('',(#265,#24),#76,.T.);
#3216=ADVANCED_FACE('',(#266),#142,.T.);
#3217=ADVANCED_FACE('',(#267,#25),#77,.T.);
#3218=ADVANCED_FACE('',(#268),#143,.T.);
#3219=ADVANCED_FACE('',(#269),#144,.T.);
#3220=ADVANCED_FACE('',(#270),#145,.T.);
#3221=ADVANCED_FACE('',(#271),#78,.T.);
#3222=ADVANCED_FACE('',(#272),#146,.T.);
#3223=ADVANCED_FACE('',(#273),#79,.T.);
#3224=ADVANCED_FACE('',(#274),#147,.T.);
#3225=ADVANCED_FACE('',(#275),#148,.T.);
#3226=ADVANCED_FACE('',(#276),#149,.T.);
#3227=ADVANCED_FACE('',(#277),#80,.T.);
#3228=ADVANCED_FACE('',(#278),#150,.T.);
#3229=ADVANCED_FACE('',(#279),#81,.T.);
#3230=ADVANCED_FACE('',(#280),#151,.T.);
#3231=ADVANCED_FACE('',(#281),#152,.T.);
#3232=ADVANCED_FACE('',(#282),#153,.T.);
#3233=ADVANCED_FACE('',(#283),#82,.T.);
#3234=ADVANCED_FACE('',(#284),#154,.T.);
#3235=ADVANCED_FACE('',(#285),#83,.T.);
#3236=ADVANCED_FACE('',(#286),#155,.T.);
#3237=ADVANCED_FACE('',(#287),#84,.T.);
#3238=ADVANCED_FACE('',(#288),#156,.T.);
#3239=ADVANCED_FACE('',(#289),#85,.T.);
#3240=ADVANCED_FACE('',(#290),#157,.T.);
#3241=ADVANCED_FACE('',(#291),#86,.T.);
#3242=ADVANCED_FACE('',(#292),#158,.T.);
#3243=ADVANCED_FACE('',(#293),#87,.T.);
#3244=ADVANCED_FACE('',(#294),#159,.T.);
#3245=ADVANCED_FACE('',(#295),#88,.T.);
#3246=ADVANCED_FACE('',(#296),#160,.T.);
#3247=ADVANCED_FACE('',(#297),#89,.T.);
#3248=ADVANCED_FACE('',(#298),#161,.T.);
#3249=ADVANCED_FACE('',(#299),#90,.T.);
#3250=ADVANCED_FACE('',(#300),#162,.T.);
#3251=ADVANCED_FACE('',(#301),#91,.T.);
#3252=ADVANCED_FACE('',(#302),#163,.T.);
#3253=ADVANCED_FACE('',(#303),#164,.T.);
#3254=ADVANCED_FACE('',(#304),#92,.F.);
#3255=ADVANCED_FACE('',(#305),#165,.T.);
#3256=ADVANCED_FACE('',(#306),#93,.F.);
#3257=ADVANCED_FACE('',(#307),#166,.T.);
#3258=ADVANCED_FACE('',(#308),#167,.T.);
#3259=ADVANCED_FACE('',(#309),#94,.T.);
#3260=ADVANCED_FACE('',(#310),#168,.T.);
#3261=ADVANCED_FACE('',(#311),#95,.T.);
#3262=ADVANCED_FACE('',(#312),#169,.T.);
#3263=ADVANCED_FACE('',(#313),#96,.T.);
#3264=ADVANCED_FACE('',(#314),#170,.T.);
#3265=ADVANCED_FACE('',(#315),#97,.T.);
#3266=ADVANCED_FACE('',(#316),#171,.T.);
#3267=ADVANCED_FACE('',(#317),#98,.T.);
#3268=ADVANCED_FACE('',(#318),#172,.T.);
#3269=ADVANCED_FACE('',(#319),#99,.T.);
#3270=ADVANCED_FACE('',(#320),#173,.T.);
#3271=ADVANCED_FACE('',(#321),#100,.T.);
#3272=ADVANCED_FACE('',(#322),#174,.T.);
#3273=ADVANCED_FACE('',(#323),#101,.T.);
#3274=ADVANCED_FACE('',(#324),#175,.T.);
#3275=ADVANCED_FACE('',(#325),#102,.T.);
#3276=ADVANCED_FACE('',(#326),#176,.T.);
#3277=ADVANCED_FACE('',(#327),#103,.T.);
#3278=ADVANCED_FACE('',(#328),#177,.T.);
#3279=ADVANCED_FACE('',(#329),#178,.T.);
#3280=ADVANCED_FACE('',(#330),#179,.T.);
#3281=ADVANCED_FACE('',(#331),#104,.T.);
#3282=ADVANCED_FACE('',(#332),#180,.T.);
#3283=ADVANCED_FACE('',(#333),#105,.T.);
#3284=ADVANCED_FACE('',(#334),#181,.T.);
#3285=ADVANCED_FACE('',(#335),#182,.T.);
#3286=ADVANCED_FACE('',(#336),#183,.T.);
#3287=ADVANCED_FACE('',(#337),#106,.T.);
#3288=ADVANCED_FACE('',(#338),#184,.T.);
#3289=ADVANCED_FACE('',(#339),#107,.T.);
#3290=ADVANCED_FACE('',(#340),#185,.T.);
#3291=ADVANCED_FACE('',(#341),#186,.T.);
#3292=ADVANCED_FACE('',(#342),#187,.T.);
#3293=ADVANCED_FACE('',(#343,#26),#108,.T.);
#3294=ADVANCED_FACE('',(#344),#188,.T.);
#3295=ADVANCED_FACE('',(#345,#27),#109,.T.);
#3296=ADVANCED_FACE('',(#346),#189,.T.);
#3297=ADVANCED_FACE('',(#347),#190,.T.);
#3298=ADVANCED_FACE('',(#348,#28),#110,.T.);
#3299=ADVANCED_FACE('',(#349),#191,.T.);
#3300=ADVANCED_FACE('',(#350),#111,.T.);
#3301=ADVANCED_FACE('',(#351),#192,.T.);
#3302=ADVANCED_FACE('',(#352),#112,.F.);
#3303=ADVANCED_FACE('',(#353),#193,.T.);
#3304=ADVANCED_FACE('',(#354),#113,.T.);
#3305=ADVANCED_FACE('',(#355),#194,.T.);
#3306=ADVANCED_FACE('',(#356),#195,.T.);
#3307=ADVANCED_FACE('',(#357),#114,.T.);
#3308=ADVANCED_FACE('',(#358),#196,.T.);
#3309=ADVANCED_FACE('',(#359),#115,.F.);
#3310=ADVANCED_FACE('',(#360),#197,.T.);
#3311=CLOSED_SHELL('',(#3148,#3149,#3150,#3151,#3152,#3153,#3154,#3155,
#3156,#3157,#3158,#3159,#3160,#3161,#3162,#3163,#3164,#3165,#3166,#3167,
#3168,#3169,#3170,#3171,#3172,#3173,#3174,#3175,#3176,#3177,#3178,#3179,
#3180,#3181,#3182,#3183,#3184,#3185,#3186,#3187,#3188,#3189,#3190,#3191,
#3192,#3193,#3194,#3195,#3196,#3197,#3198,#3199,#3200,#3201,#3202,#3203,
#3204,#3205,#3206,#3207,#3208,#3209,#3210,#3211,#3212,#3213,#3214,#3215,
#3216,#3217,#3218,#3219,#3220,#3221,#3222,#3223,#3224,#3225,#3226,#3227,
#3228,#3229,#3230,#3231,#3232,#3233,#3234,#3235,#3236,#3237,#3238,#3239,
#3240,#3241,#3242,#3243,#3244,#3245,#3246,#3247,#3248,#3249,#3250,#3251,
#3252,#3253,#3254,#3255,#3256,#3257,#3258,#3259,#3260,#3261,#3262,#3263,
#3264,#3265,#3266,#3267,#3268,#3269,#3270,#3271,#3272,#3273,#3274,#3275,
#3276,#3277,#3278,#3279,#3280,#3281,#3282,#3283,#3284,#3285,#3286,#3287,
#3288,#3289,#3290,#3291,#3292,#3293,#3294,#3295,#3296,#3297,#3298,#3299,
#3300,#3301,#3302,#3303,#3304,#3305,#3306,#3307,#3308,#3309,#3310));
#3312=DERIVED_UNIT_ELEMENT(#3315,1.);
#3313=DERIVED_UNIT_ELEMENT(#5875,-3.);
#3314=DIMENSIONAL_EXPONENTS(0.,1.,0.,0.,0.,0.,0.);
#3315=(
CONVERSION_BASED_UNIT('gram',#3317)
MASS_UNIT()
NAMED_UNIT(#3314)
);
#3316=(
MASS_UNIT()
NAMED_UNIT(*)
SI_UNIT(.KILO.,.GRAM.)
);
#3317=MASS_MEASURE_WITH_UNIT(MASS_MEASURE(0.001),#3316);
#3318=DERIVED_UNIT((#3312,#3313));
#3319=MEASURE_REPRESENTATION_ITEM('density measure',
POSITIVE_RATIO_MEASURE(2.7),#3318);
#3320=PROPERTY_DEFINITION_REPRESENTATION(#3325,#3322);
#3321=PROPERTY_DEFINITION_REPRESENTATION(#3326,#3323);
#3322=REPRESENTATION('material name',(#3324),#5872);
#3323=REPRESENTATION('density',(#3319),#5872);
#3324=DESCRIPTIVE_REPRESENTATION_ITEM('Aluminum 6061','Aluminum 6061');
#3325=PROPERTY_DEFINITION('material property','material name',#5882);
#3326=PROPERTY_DEFINITION('material property','density of part',#5882);
#3327=DATE_TIME_ROLE('creation_date');
#3328=APPLIED_DATE_AND_TIME_ASSIGNMENT(#3329,#3327,(#5882));
#3329=DATE_AND_TIME(#3330,#3331);
#3330=CALENDAR_DATE(2025,10,9);
#3331=LOCAL_TIME(0,0,0.,#3332);
#3332=COORDINATED_UNIVERSAL_TIME_OFFSET(0,0,.BEHIND.);
#3333=AXIS2_PLACEMENT_3D('',#4617,#3654,#3655);
#3334=AXIS2_PLACEMENT_3D('',#4618,#3656,#3657);
#3335=AXIS2_PLACEMENT_3D('',#4621,#3658,#3659);
#3336=AXIS2_PLACEMENT_3D('',#4625,#3661,#3662);
#3337=AXIS2_PLACEMENT_3D('',#4626,#3663,#3664);
#3338=AXIS2_PLACEMENT_3D('',#4627,#3665,#3666);
#3339=AXIS2_PLACEMENT_3D('',#4628,#3667,#3668);
#3340=AXIS2_PLACEMENT_3D('',#4634,#3672,#3673);
#3341=AXIS2_PLACEMENT_3D('',#4640,#3677,#3678);
#3342=AXIS2_PLACEMENT_3D('',#4643,#3680,#3681);
#3343=AXIS2_PLACEMENT_3D('',#4714,#3682,#3683);
#3344=AXIS2_PLACEMENT_3D('',#4717,#3684,#3685);
#3345=AXIS2_PLACEMENT_3D('',#4721,#3687,#3688);
#3346=AXIS2_PLACEMENT_3D('',#4723,#3690,#3691);
#3347=AXIS2_PLACEMENT_3D('',#4727,#3693,#3694);
#3348=AXIS2_PLACEMENT_3D('',#4731,#3696,#3697);
#3349=AXIS2_PLACEMENT_3D('',#4735,#3699,#3700);
#3350=AXIS2_PLACEMENT_3D('',#4739,#3702,#3703);
#3351=AXIS2_PLACEMENT_3D('',#4747,#3707,#3708);
#3352=AXIS2_PLACEMENT_3D('',#4751,#3710,#3711);
#3353=AXIS2_PLACEMENT_3D('',#4755,#3713,#3714);
#3354=AXIS2_PLACEMENT_3D('',#4759,#3716,#3717);
#3355=AXIS2_PLACEMENT_3D('',#4763,#3719,#3720);
#3356=AXIS2_PLACEMENT_3D('',#4765,#3721,#3722);
#3357=AXIS2_PLACEMENT_3D('',#4767,#3723,#3724);
#3358=AXIS2_PLACEMENT_3D('',#4771,#3726,#3727);
#3359=AXIS2_PLACEMENT_3D('',#4775,#3729,#3730);
#3360=AXIS2_PLACEMENT_3D('',#4779,#3732,#3733);
#3361=AXIS2_PLACEMENT_3D('',#4783,#3735,#3736);
#3362=AXIS2_PLACEMENT_3D('',#4787,#3738,#3739);
#3363=AXIS2_PLACEMENT_3D('',#4791,#3741,#3742);
#3364=AXIS2_PLACEMENT_3D('',#4795,#3744,#3745);
#3365=AXIS2_PLACEMENT_3D('',#4799,#3747,#3748);
#3366=AXIS2_PLACEMENT_3D('',#4803,#3750,#3751);
#3367=AXIS2_PLACEMENT_3D('',#4807,#3753,#3754);
#3368=AXIS2_PLACEMENT_3D('',#4815,#3758,#3759);
#3369=AXIS2_PLACEMENT_3D('',#4819,#3761,#3762);
#3370=AXIS2_PLACEMENT_3D('',#4827,#3766,#3767);
#3371=AXIS2_PLACEMENT_3D('',#4831,#3769,#3770);
#3372=AXIS2_PLACEMENT_3D('',#4839,#3774,#3775);
#3373=AXIS2_PLACEMENT_3D('',#4843,#3777,#3778);
#3374=AXIS2_PLACEMENT_3D('',#4849,#3781,#3782);
#3375=AXIS2_PLACEMENT_3D('',#4853,#3784,#3785);
#3376=AXIS2_PLACEMENT_3D('',#4857,#3787,#3788);
#3377=AXIS2_PLACEMENT_3D('',#4859,#3789,#3790);
#3378=AXIS2_PLACEMENT_3D('',#4863,#3792,#3793);
#3379=AXIS2_PLACEMENT_3D('',#4867,#3795,#3796);
#3380=AXIS2_PLACEMENT_3D('',#4871,#3798,#3799);
#3381=AXIS2_PLACEMENT_3D('',#4875,#3801,#3802);
#3382=AXIS2_PLACEMENT_3D('',#4880,#3805,#3806);
#3383=AXIS2_PLACEMENT_3D('',#4884,#3808,#3809);
#3384=AXIS2_PLACEMENT_3D('',#4888,#3811,#3812);
#3385=AXIS2_PLACEMENT_3D('',#4892,#3814,#3815);
#3386=AXIS2_PLACEMENT_3D('',#4896,#3817,#3818);
#3387=AXIS2_PLACEMENT_3D('',#4900,#3820,#3821);
#3388=AXIS2_PLACEMENT_3D('',#4904,#3823,#3824);
#3389=AXIS2_PLACEMENT_3D('',#4910,#3827,#3828);
#3390=AXIS2_PLACEMENT_3D('',#4914,#3830,#3831);
#3391=AXIS2_PLACEMENT_3D('',#4922,#3835,#3836);
#3392=AXIS2_PLACEMENT_3D('',#4926,#3838,#3839);
#3393=AXIS2_PLACEMENT_3D('',#4934,#3843,#3844);
#3394=AXIS2_PLACEMENT_3D('',#4938,#3846,#3847);
#3395=AXIS2_PLACEMENT_3D('',#4946,#3851,#3852);
#3396=AXIS2_PLACEMENT_3D('',#4950,#3854,#3855);
#3397=AXIS2_PLACEMENT_3D('',#4954,#3857,#3858);
#3398=AXIS2_PLACEMENT_3D('',#4958,#3860,#3861);
#3399=AXIS2_PLACEMENT_3D('',#4962,#3863,#3864);
#3400=AXIS2_PLACEMENT_3D('',#4966,#3866,#3867);
#3401=AXIS2_PLACEMENT_3D('',#4970,#3869,#3870);
#3402=AXIS2_PLACEMENT_3D('',#4974,#3872,#3873);
#3403=AXIS2_PLACEMENT_3D('',#4978,#3875,#3876);
#3404=AXIS2_PLACEMENT_3D('',#4982,#3878,#3879);
#3405=AXIS2_PLACEMENT_3D('',#4986,#3881,#3882);
#3406=AXIS2_PLACEMENT_3D('',#4987,#3883,#3884);
#3407=AXIS2_PLACEMENT_3D('',#4988,#3885,#3886);
#3408=AXIS2_PLACEMENT_3D('',#4992,#3889,#3890);
#3409=AXIS2_PLACEMENT_3D('',#4994,#3891,#3892);
#3410=AXIS2_PLACEMENT_3D('',#4996,#3894,#3895);
#3411=AXIS2_PLACEMENT_3D('',#5000,#3897,#3898);
#3412=AXIS2_PLACEMENT_3D('',#5002,#3900,#3901);
#3413=AXIS2_PLACEMENT_3D('',#5004,#3902,#3903);
#3414=AXIS2_PLACEMENT_3D('',#5006,#3905,#3906);
#3415=AXIS2_PLACEMENT_3D('',#5008,#3907,#3908);
#3416=AXIS2_PLACEMENT_3D('',#5010,#3909,#3910);
#3417=AXIS2_PLACEMENT_3D('',#5014,#3912,#3913);
#3418=AXIS2_PLACEMENT_3D('',#5018,#3915,#3916);
#3419=AXIS2_PLACEMENT_3D('',#5022,#3918,#3919);
#3420=AXIS2_PLACEMENT_3D('',#5026,#3921,#3922);
#3421=AXIS2_PLACEMENT_3D('',#5030,#3924,#3925);
#3422=AXIS2_PLACEMENT_3D('',#5034,#3927,#3928);
#3423=AXIS2_PLACEMENT_3D('',#5038,#3930,#3931);
#3424=AXIS2_PLACEMENT_3D('',#5042,#3933,#3934);
#3425=AXIS2_PLACEMENT_3D('',#5046,#3936,#3937);
#3426=AXIS2_PLACEMENT_3D('',#5050,#3939,#3940);
#3427=AXIS2_PLACEMENT_3D('',#5058,#3944,#3945);
#3428=AXIS2_PLACEMENT_3D('',#5062,#3947,#3948);
#3429=AXIS2_PLACEMENT_3D('',#5070,#3952,#3953);
#3430=AXIS2_PLACEMENT_3D('',#5074,#3955,#3956);
#3431=AXIS2_PLACEMENT_3D('',#5082,#3960,#3961);
#3432=AXIS2_PLACEMENT_3D('',#5086,#3963,#3964);
#3433=AXIS2_PLACEMENT_3D('',#5092,#3967,#3968);
#3434=AXIS2_PLACEMENT_3D('',#5096,#3970,#3971);
#3435=AXIS2_PLACEMENT_3D('',#5100,#3973,#3974);
#3436=AXIS2_PLACEMENT_3D('',#5104,#3976,#3977);
#3437=AXIS2_PLACEMENT_3D('',#5108,#3979,#3980);
#3438=AXIS2_PLACEMENT_3D('',#5112,#3982,#3983);
#3439=AXIS2_PLACEMENT_3D('',#5116,#3985,#3986);
#3440=AXIS2_PLACEMENT_3D('',#5121,#3989,#3990);
#3441=AXIS2_PLACEMENT_3D('',#5125,#3992,#3993);
#3442=AXIS2_PLACEMENT_3D('',#5129,#3995,#3996);
#3443=AXIS2_PLACEMENT_3D('',#5133,#3998,#3999);
#3444=AXIS2_PLACEMENT_3D('',#5137,#4001,#4002);
#3445=AXIS2_PLACEMENT_3D('',#5139,#4003,#4004);
#3446=AXIS2_PLACEMENT_3D('',#5143,#4006,#4007);
#3447=AXIS2_PLACEMENT_3D('',#5147,#4009,#4010);
#3448=AXIS2_PLACEMENT_3D('',#5153,#4013,#4014);
#3449=AXIS2_PLACEMENT_3D('',#5157,#4016,#4017);
#3450=AXIS2_PLACEMENT_3D('',#5165,#4021,#4022);
#3451=AXIS2_PLACEMENT_3D('',#5169,#4024,#4025);
#3452=AXIS2_PLACEMENT_3D('',#5177,#4029,#4030);
#3453=AXIS2_PLACEMENT_3D('',#5181,#4032,#4033);
#3454=AXIS2_PLACEMENT_3D('',#5189,#4037,#4038);
#3455=AXIS2_PLACEMENT_3D('',#5193,#4040,#4041);
#3456=AXIS2_PLACEMENT_3D('',#5197,#4043,#4044);
#3457=AXIS2_PLACEMENT_3D('',#5201,#4046,#4047);
#3458=AXIS2_PLACEMENT_3D('',#5205,#4049,#4050);
#3459=AXIS2_PLACEMENT_3D('',#5209,#4052,#4053);
#3460=AXIS2_PLACEMENT_3D('',#5213,#4055,#4056);
#3461=AXIS2_PLACEMENT_3D('',#5217,#4058,#4059);
#3462=AXIS2_PLACEMENT_3D('',#5221,#4061,#4062);
#3463=AXIS2_PLACEMENT_3D('',#5225,#4064,#4065);
#3464=AXIS2_PLACEMENT_3D('',#5228,#4067,#4068);
#3465=AXIS2_PLACEMENT_3D('',#5232,#4070,#4071);
#3466=AXIS2_PLACEMENT_3D('',#5236,#4073,#4074);
#3467=AXIS2_PLACEMENT_3D('',#5240,#4076,#4077);
#3468=AXIS2_PLACEMENT_3D('',#5244,#4079,#4080);
#3469=AXIS2_PLACEMENT_3D('',#5252,#4084,#4085);
#3470=AXIS2_PLACEMENT_3D('',#5256,#4087,#4088);
#3471=AXIS2_PLACEMENT_3D('',#5260,#4090,#4091);
#3472=AXIS2_PLACEMENT_3D('',#5263,#4093,#4094);
#3473=AXIS2_PLACEMENT_3D('',#5265,#4095,#4096);
#3474=AXIS2_PLACEMENT_3D('',#5266,#4097,#4098);
#3475=AXIS2_PLACEMENT_3D('',#5269,#4101,#4102);
#3476=AXIS2_PLACEMENT_3D('',#5271,#4104,#4105);
#3477=AXIS2_PLACEMENT_3D('',#5274,#4108,#4109);
#3478=AXIS2_PLACEMENT_3D('',#5276,#4111,#4112);
#3479=AXIS2_PLACEMENT_3D('',#5279,#4115,#4116);
#3480=AXIS2_PLACEMENT_3D('',#5281,#4118,#4119);
#3481=AXIS2_PLACEMENT_3D('',#5284,#4122,#4123);
#3482=AXIS2_PLACEMENT_3D('',#5287,#4125,#4126);
#3483=AXIS2_PLACEMENT_3D('',#5288,#4127,#4128);
#3484=AXIS2_PLACEMENT_3D('',#5291,#4131,#4132);
#3485=AXIS2_PLACEMENT_3D('',#5293,#4134,#4135);
#3486=AXIS2_PLACEMENT_3D('',#5296,#4138,#4139);
#3487=AXIS2_PLACEMENT_3D('',#5298,#4141,#4142);
#3488=AXIS2_PLACEMENT_3D('',#5376,#4144,#4145);
#3489=AXIS2_PLACEMENT_3D('',#5416,#4147,#4148);
#3490=AXIS2_PLACEMENT_3D('',#5418,#4149,#4150);
#3491=AXIS2_PLACEMENT_3D('',#5458,#4152,#4153);
#3492=AXIS2_PLACEMENT_3D('',#5536,#4155,#4156);
#3493=AXIS2_PLACEMENT_3D('',#5540,#4158,#4159);
#3494=AXIS2_PLACEMENT_3D('',#5541,#4160,#4161);
#3495=AXIS2_PLACEMENT_3D('',#5542,#4162,#4163);
#3496=AXIS2_PLACEMENT_3D('',#5544,#4165,#4166);
#3497=AXIS2_PLACEMENT_3D('',#5548,#4168,#4169);
#3498=AXIS2_PLACEMENT_3D('',#5549,#4170,#4171);
#3499=AXIS2_PLACEMENT_3D('',#5550,#4172,#4173);
#3500=AXIS2_PLACEMENT_3D('',#5552,#4175,#4176);
#3501=AXIS2_PLACEMENT_3D('',#5555,#4177,#4178);
#3502=AXIS2_PLACEMENT_3D('',#5559,#4180,#4181);
#3503=AXIS2_PLACEMENT_3D('',#5560,#4182,#4183);
#3504=AXIS2_PLACEMENT_3D('',#5561,#4184,#4185);
#3505=AXIS2_PLACEMENT_3D('',#5562,#4186,#4187);
#3506=AXIS2_PLACEMENT_3D('',#5565,#4188,#4189);
#3507=AXIS2_PLACEMENT_3D('',#5573,#4193,#4194);
#3508=AXIS2_PLACEMENT_3D('',#5578,#4197,#4198);
#3509=AXIS2_PLACEMENT_3D('',#5579,#4199,#4200);
#3510=AXIS2_PLACEMENT_3D('',#5581,#4202,#4203);
#3511=AXIS2_PLACEMENT_3D('',#5584,#4205,#4206);
#3512=AXIS2_PLACEMENT_3D('',#5585,#4207,#4208);
#3513=AXIS2_PLACEMENT_3D('',#5589,#4210,#4211);
#3514=AXIS2_PLACEMENT_3D('',#5590,#4212,#4213);
#3515=AXIS2_PLACEMENT_3D('',#5591,#4214,#4215);
#3516=AXIS2_PLACEMENT_3D('',#5594,#4217,#4218);
#3517=AXIS2_PLACEMENT_3D('',#5595,#4219,#4220);
#3518=AXIS2_PLACEMENT_3D('',#5598,#4221,#4222);
#3519=AXIS2_PLACEMENT_3D('',#5600,#4224,#4225);
#3520=AXIS2_PLACEMENT_3D('',#5601,#4226,#4227);
#3521=AXIS2_PLACEMENT_3D('',#5604,#4228,#4229);
#3522=AXIS2_PLACEMENT_3D('',#5609,#4232,#4233);
#3523=AXIS2_PLACEMENT_3D('',#5610,#4234,#4235);
#3524=AXIS2_PLACEMENT_3D('',#5614,#4237,#4238);
#3525=AXIS2_PLACEMENT_3D('',#5620,#4242,#4243);
#3526=AXIS2_PLACEMENT_3D('',#5622,#4245,#4246);
#3527=AXIS2_PLACEMENT_3D('',#5624,#4247,#4248);
#3528=AXIS2_PLACEMENT_3D('',#5628,#4250,#4251);
#3529=AXIS2_PLACEMENT_3D('',#5629,#4252,#4253);
#3530=AXIS2_PLACEMENT_3D('',#5630,#4254,#4255);
#3531=AXIS2_PLACEMENT_3D('',#5633,#4257,#4258);
#3532=AXIS2_PLACEMENT_3D('',#5634,#4259,#4260);
#3533=AXIS2_PLACEMENT_3D('',#5637,#4263,#4264);
#3534=AXIS2_PLACEMENT_3D('',#5638,#4265,#4266);
#3535=AXIS2_PLACEMENT_3D('',#5641,#4269,#4270);
#3536=AXIS2_PLACEMENT_3D('',#5642,#4271,#4272);
#3537=AXIS2_PLACEMENT_3D('',#5644,#4274,#4275);
#3538=AXIS2_PLACEMENT_3D('',#5645,#4276,#4277);
#3539=AXIS2_PLACEMENT_3D('',#5647,#4279,#4280);
#3540=AXIS2_PLACEMENT_3D('',#5649,#4282,#4283);
#3541=AXIS2_PLACEMENT_3D('',#5652,#4286,#4287);
#3542=AXIS2_PLACEMENT_3D('',#5653,#4288,#4289);
#3543=AXIS2_PLACEMENT_3D('',#5655,#4291,#4292);
#3544=AXIS2_PLACEMENT_3D('',#5657,#4294,#4295);
#3545=AXIS2_PLACEMENT_3D('',#5660,#4298,#4299);
#3546=AXIS2_PLACEMENT_3D('',#5663,#4302,#4303);
#3547=AXIS2_PLACEMENT_3D('',#5665,#4305,#4306);
#3548=AXIS2_PLACEMENT_3D('',#5667,#4308,#4309);
#3549=AXIS2_PLACEMENT_3D('',#5670,#4312,#4313);
#3550=AXIS2_PLACEMENT_3D('',#5672,#4315,#4316);
#3551=AXIS2_PLACEMENT_3D('',#5675,#4319,#4320);
#3552=AXIS2_PLACEMENT_3D('',#5677,#4322,#4323);
#3553=AXIS2_PLACEMENT_3D('',#5679,#4325,#4326);
#3554=AXIS2_PLACEMENT_3D('',#5681,#4328,#4329);
#3555=AXIS2_PLACEMENT_3D('',#5682,#4330,#4331);
#3556=AXIS2_PLACEMENT_3D('',#5684,#4333,#4334);
#3557=AXIS2_PLACEMENT_3D('',#5686,#4336,#4337);
#3558=AXIS2_PLACEMENT_3D('',#5688,#4339,#4340);
#3559=AXIS2_PLACEMENT_3D('',#5690,#4342,#4343);
#3560=AXIS2_PLACEMENT_3D('',#5692,#4345,#4346);
#3561=AXIS2_PLACEMENT_3D('',#5694,#4348,#4349);
#3562=AXIS2_PLACEMENT_3D('',#5696,#4351,#4352);
#3563=AXIS2_PLACEMENT_3D('',#5698,#4354,#4355);
#3564=AXIS2_PLACEMENT_3D('',#5700,#4357,#4358);
#3565=AXIS2_PLACEMENT_3D('',#5702,#4360,#4361);
#3566=AXIS2_PLACEMENT_3D('',#5704,#4363,#4364);
#3567=AXIS2_PLACEMENT_3D('',#5706,#4366,#4367);
#3568=AXIS2_PLACEMENT_3D('',#5708,#4369,#4370);
#3569=AXIS2_PLACEMENT_3D('',#5710,#4372,#4373);
#3570=AXIS2_PLACEMENT_3D('',#5712,#4375,#4376);
#3571=AXIS2_PLACEMENT_3D('',#5714,#4378,#4379);
#3572=AXIS2_PLACEMENT_3D('',#5716,#4381,#4382);
#3573=AXIS2_PLACEMENT_3D('',#5718,#4384,#4385);
#3574=AXIS2_PLACEMENT_3D('',#5720,#4387,#4388);
#3575=AXIS2_PLACEMENT_3D('',#5722,#4390,#4391);
#3576=AXIS2_PLACEMENT_3D('',#5724,#4393,#4394);
#3577=AXIS2_PLACEMENT_3D('',#5726,#4396,#4397);
#3578=AXIS2_PLACEMENT_3D('',#5728,#4399,#4400);
#3579=AXIS2_PLACEMENT_3D('',#5730,#4402,#4403);
#3580=AXIS2_PLACEMENT_3D('',#5732,#4405,#4406);
#3581=AXIS2_PLACEMENT_3D('',#5734,#4408,#4409);
#3582=AXIS2_PLACEMENT_3D('',#5736,#4411,#4412);
#3583=AXIS2_PLACEMENT_3D('',#5738,#4414,#4415);
#3584=AXIS2_PLACEMENT_3D('',#5740,#4417,#4418);
#3585=AXIS2_PLACEMENT_3D('',#5742,#4420,#4421);
#3586=AXIS2_PLACEMENT_3D('',#5744,#4423,#4424);
#3587=AXIS2_PLACEMENT_3D('',#5746,#4426,#4427);
#3588=AXIS2_PLACEMENT_3D('',#5748,#4429,#4430);
#3589=AXIS2_PLACEMENT_3D('',#5750,#4432,#4433);
#3590=AXIS2_PLACEMENT_3D('',#5752,#4435,#4436);
#3591=AXIS2_PLACEMENT_3D('',#5754,#4438,#4439);
#3592=AXIS2_PLACEMENT_3D('',#5756,#4441,#4442);
#3593=AXIS2_PLACEMENT_3D('',#5758,#4444,#4445);
#3594=AXIS2_PLACEMENT_3D('',#5760,#4447,#4448);
#3595=AXIS2_PLACEMENT_3D('',#5761,#4449,#4450);
#3596=AXIS2_PLACEMENT_3D('',#5762,#4451,#4452);
#3597=AXIS2_PLACEMENT_3D('',#5764,#4454,#4455);
#3598=AXIS2_PLACEMENT_3D('',#5765,#4456,#4457);
#3599=AXIS2_PLACEMENT_3D('',#5766,#4458,#4459);
#3600=AXIS2_PLACEMENT_3D('',#5767,#4460,#4461);
#3601=AXIS2_PLACEMENT_3D('',#5768,#4462,#4463);
#3602=AXIS2_PLACEMENT_3D('',#5770,#4465,#4466);
#3603=AXIS2_PLACEMENT_3D('',#5772,#4468,#4469);
#3604=AXIS2_PLACEMENT_3D('',#5774,#4471,#4472);
#3605=AXIS2_PLACEMENT_3D('',#5776,#4474,#4475);
#3606=AXIS2_PLACEMENT_3D('',#5778,#4477,#4478);
#3607=AXIS2_PLACEMENT_3D('',#5780,#4480,#4481);
#3608=AXIS2_PLACEMENT_3D('',#5782,#4483,#4484);
#3609=AXIS2_PLACEMENT_3D('',#5784,#4486,#4487);
#3610=AXIS2_PLACEMENT_3D('',#5786,#4489,#4490);
#3611=AXIS2_PLACEMENT_3D('',#5788,#4492,#4493);
#3612=AXIS2_PLACEMENT_3D('',#5790,#4495,#4496);
#3613=AXIS2_PLACEMENT_3D('',#5792,#4498,#4499);
#3614=AXIS2_PLACEMENT_3D('',#5794,#4501,#4502);
#3615=AXIS2_PLACEMENT_3D('',#5796,#4504,#4505);
#3616=AXIS2_PLACEMENT_3D('',#5798,#4507,#4508);
#3617=AXIS2_PLACEMENT_3D('',#5800,#4510,#4511);
#3618=AXIS2_PLACEMENT_3D('',#5802,#4513,#4514);
#3619=AXIS2_PLACEMENT_3D('',#5804,#4516,#4517);
#3620=AXIS2_PLACEMENT_3D('',#5806,#4519,#4520);
#3621=AXIS2_PLACEMENT_3D('',#5808,#4522,#4523);
#3622=AXIS2_PLACEMENT_3D('',#5810,#4525,#4526);
#3623=AXIS2_PLACEMENT_3D('',#5812,#4528,#4529);
#3624=AXIS2_PLACEMENT_3D('',#5814,#4531,#4532);
#3625=AXIS2_PLACEMENT_3D('',#5816,#4534,#4535);
#3626=AXIS2_PLACEMENT_3D('',#5818,#4537,#4538);
#3627=AXIS2_PLACEMENT_3D('',#5820,#4540,#4541);
#3628=AXIS2_PLACEMENT_3D('',#5822,#4543,#4544);
#3629=AXIS2_PLACEMENT_3D('',#5824,#4546,#4547);
#3630=AXIS2_PLACEMENT_3D('',#5826,#4549,#4550);
#3631=AXIS2_PLACEMENT_3D('',#5828,#4552,#4553);
#3632=AXIS2_PLACEMENT_3D('',#5830,#4555,#4556);
#3633=AXIS2_PLACEMENT_3D('',#5832,#4558,#4559);
#3634=AXIS2_PLACEMENT_3D('',#5834,#4561,#4562);
#3635=AXIS2_PLACEMENT_3D('',#5836,#4564,#4565);
#3636=AXIS2_PLACEMENT_3D('',#5838,#4567,#4568);
#3637=AXIS2_PLACEMENT_3D('',#5840,#4570,#4571);
#3638=AXIS2_PLACEMENT_3D('',#5842,#4573,#4574);
#3639=AXIS2_PLACEMENT_3D('',#5844,#4576,#4577);
#3640=AXIS2_PLACEMENT_3D('',#5846,#4579,#4580);
#3641=AXIS2_PLACEMENT_3D('',#5848,#4582,#4583);
#3642=AXIS2_PLACEMENT_3D('',#5849,#4584,#4585);
#3643=AXIS2_PLACEMENT_3D('',#5851,#4587,#4588);
#3644=AXIS2_PLACEMENT_3D('',#5853,#4590,#4591);
#3645=AXIS2_PLACEMENT_3D('',#5855,#4593,#4594);
#3646=AXIS2_PLACEMENT_3D('',#5857,#4596,#4597);
#3647=AXIS2_PLACEMENT_3D('',#5859,#4599,#4600);
#3648=AXIS2_PLACEMENT_3D('',#5860,#4601,#4602);
#3649=AXIS2_PLACEMENT_3D('',#5861,#4603,#4604);
#3650=AXIS2_PLACEMENT_3D('',#5863,#4606,#4607);
#3651=AXIS2_PLACEMENT_3D('',#5865,#4609,#4610);
#3652=AXIS2_PLACEMENT_3D('',#5867,#4612,#4613);
#3653=AXIS2_PLACEMENT_3D('',#5869,#4615,#4616);
#3654=DIRECTION('axis',(0.,0.,1.));
#3655=DIRECTION('refdir',(1.,0.,0.));
#3656=DIRECTION('center_axis',(0.,-1.,0.));
#3657=DIRECTION('ref_axis',(-1.,0.,0.));
#3658=DIRECTION('center_axis',(0.,-1.,0.));
#3659=DIRECTION('ref_axis',(-1.,0.,0.));
#3660=DIRECTION('',(-0.707106781186547,0.707106781186548,-8.65956056235493E-17));
#3661=DIRECTION('center_axis',(0.,1.,0.));
#3662=DIRECTION('ref_axis',(-1.,0.,0.));
#3663=DIRECTION('center_axis',(0.,1.,0.));
#3664=DIRECTION('ref_axis',(-1.,0.,0.));
#3665=DIRECTION('center_axis',(0.,-1.,0.));
#3666=DIRECTION('ref_axis',(-1.,0.,0.));
#3667=DIRECTION('center_axis',(0.,-1.,0.));
#3668=DIRECTION('ref_axis',(1.,0.,0.));
#3669=DIRECTION('',(0.,0.,1.));
#3670=DIRECTION('',(1.,0.,0.));
#3671=DIRECTION('',(0.,0.,1.));
#3672=DIRECTION('center_axis',(0.,-1.,0.));
#3673=DIRECTION('ref_axis',(1.,0.,0.));
#3674=DIRECTION('',(0.,0.,1.));
#3675=DIRECTION('',(1.,0.,0.));
#3676=DIRECTION('',(0.,0.,1.));
#3677=DIRECTION('center_axis',(0.,-1.,0.));
#3678=DIRECTION('ref_axis',(1.,0.,0.));
#3679=DIRECTION('',(0.,1.,0.));
#3680=DIRECTION('center_axis',(0.,-1.,0.));
#3681=DIRECTION('ref_axis',(1.,0.,0.));
#3682=DIRECTION('center_axis',(0.,0.,1.));
#3683=DIRECTION('ref_axis',(-0.346410161513773,-0.938083151964687,0.));
#3684=DIRECTION('center_axis',(0.,0.,-1.));
#3685=DIRECTION('ref_axis',(-0.346410161513773,-0.938083151964687,0.));
#3686=DIRECTION('',(0.,0.,-1.));
#3687=DIRECTION('center_axis',(0.,0.,1.));
#3688=DIRECTION('ref_axis',(-0.346410161513773,-0.938083151964687,0.));
#3689=DIRECTION('',(0.,0.,1.));
#3690=DIRECTION('center_axis',(0.,0.,1.));
#3691=DIRECTION('ref_axis',(1.,0.,0.));
#3692=DIRECTION('',(1.,0.,0.));
#3693=DIRECTION('center_axis',(0.,0.,-1.));
#3694=DIRECTION('ref_axis',(0.707106781186551,-0.707106781186544,0.));
#3695=DIRECTION('',(0.,1.,0.));
#3696=DIRECTION('center_axis',(0.,0.,-1.));
#3697=DIRECTION('ref_axis',(0.470982572559944,0.882142514758708,0.));
#3698=DIRECTION('',(-0.830947501931107,-0.556350832689637,0.));
#3699=DIRECTION('center_axis',(0.,0.,-1.));
#3700=DIRECTION('ref_axis',(-1.,0.,0.));
#3701=DIRECTION('',(0.830947501931104,-0.556350832689642,0.));
#3702=DIRECTION('center_axis',(0.,0.,-1.));
#3703=DIRECTION('ref_axis',(0.470982572559944,-0.882142514758708,0.));
#3704=DIRECTION('',(0.,1.,0.));
#3705=DIRECTION('',(-1.,0.,0.));
#3706=DIRECTION('',(0.,-1.,0.));
#3707=DIRECTION('center_axis',(0.,0.,-1.));
#3708=DIRECTION('ref_axis',(-0.470982572559944,-0.882142514758708,0.));
#3709=DIRECTION('',(0.830947501931104,0.556350832689642,0.));
#3710=DIRECTION('center_axis',(0.,0.,-1.));
#3711=DIRECTION('ref_axis',(-1.,0.,0.));
#3712=DIRECTION('',(-0.830947501931106,0.556350832689639,0.));
#3713=DIRECTION('center_axis',(0.,0.,-1.));
#3714=DIRECTION('ref_axis',(-0.470982572559944,0.882142514758708,0.));
#3715=DIRECTION('',(0.,-1.,0.));
#3716=DIRECTION('center_axis',(0.,0.,-1.));
#3717=DIRECTION('ref_axis',(-0.707106781186546,-0.707106781186549,0.));
#3718=DIRECTION('',(1.,0.,0.));
#3719=DIRECTION('center_axis',(0.,0.,-1.));
#3720=DIRECTION('ref_axis',(0.346410161513777,-0.938083151964685,0.));
#3721=DIRECTION('center_axis',(0.,0.,-1.));
#3722=DIRECTION('ref_axis',(0.,-1.,0.));
#3723=DIRECTION('center_axis',(0.,0.,1.));
#3724=DIRECTION('ref_axis',(0.662164283589457,0.749358700182003,0.));
#3725=DIRECTION('',(5.37204689334753E-17,-1.,0.));
#3726=DIRECTION('center_axis',(0.,0.,1.));
#3727=DIRECTION('ref_axis',(4.1546807574329E-17,1.,0.));
#3728=DIRECTION('',(0.,-1.,0.));
#3729=DIRECTION('center_axis',(0.,0.,1.));
#3730=DIRECTION('ref_axis',(-0.0644490644490625,-0.997920997920998,0.));
#3731=DIRECTION('',(5.37204689334753E-17,-1.,0.));
#3732=DIRECTION('center_axis',(0.,0.,1.));
#3733=DIRECTION('ref_axis',(6.16619286101367E-18,1.,0.));
#3734=DIRECTION('',(0.,-1.,0.));
#3735=DIRECTION('center_axis',(0.,0.,1.));
#3736=DIRECTION('ref_axis',(-0.0333240766453869,-0.999444598722577,0.));
#3737=DIRECTION('',(5.37204689334753E-17,-1.,0.));
#3738=DIRECTION('center_axis',(0.,0.,1.));
#3739=DIRECTION('ref_axis',(5.42624971769203E-17,1.,0.));
#3740=DIRECTION('',(0.,-1.,0.));
#3741=DIRECTION('center_axis',(0.,0.,1.));
#3742=DIRECTION('ref_axis',(-0.0333240766453869,-0.999444598722577,0.));
#3743=DIRECTION('',(5.37204689334753E-17,-1.,0.));
#3744=DIRECTION('center_axis',(0.,0.,1.));
#3745=DIRECTION('ref_axis',(5.42624971769203E-17,1.,0.));
#3746=DIRECTION('',(0.,-1.,0.));
#3747=DIRECTION('center_axis',(0.,0.,1.));
#3748=DIRECTION('ref_axis',(-0.0333240766453869,-0.999444598722577,0.));
#3749=DIRECTION('',(5.37204689334753E-17,-1.,0.));
#3750=DIRECTION('center_axis',(0.,0.,1.));
#3751=DIRECTION('ref_axis',(5.42624971769203E-17,1.,0.));
#3752=DIRECTION('',(0.,-1.,0.));
#3753=DIRECTION('center_axis',(0.,0.,1.));
#3754=DIRECTION('ref_axis',(-0.0333240766453869,-0.999444598722577,0.));
#3755=DIRECTION('',(1.,-4.44089209850106E-15,0.));
#3756=DIRECTION('',(2.37904933848248E-16,-1.,0.));
#3757=DIRECTION('',(-1.,0.,0.));
#3758=DIRECTION('center_axis',(0.,0.,1.));
#3759=DIRECTION('ref_axis',(5.42624971769203E-17,1.,0.));
#3760=DIRECTION('',(0.,-1.,0.));
#3761=DIRECTION('center_axis',(0.,0.,1.));
#3762=DIRECTION('ref_axis',(-0.0333240766453869,-0.999444598722577,0.));
#3763=DIRECTION('',(1.,-4.44089209850105E-15,0.));
#3764=DIRECTION('',(2.37904933848248E-16,-1.,0.));
#3765=DIRECTION('',(-1.,0.,0.));
#3766=DIRECTION('center_axis',(0.,0.,1.));
#3767=DIRECTION('ref_axis',(5.42624971769203E-17,1.,0.));
#3768=DIRECTION('',(0.,-1.,0.));
#3769=DIRECTION('center_axis',(0.,0.,1.));
#3770=DIRECTION('ref_axis',(-0.0333240766453869,-0.999444598722577,0.));
#3771=DIRECTION('',(1.,0.,0.));
#3772=DIRECTION('',(2.37904933848248E-16,-1.,0.));
#3773=DIRECTION('',(-1.,0.,0.));
#3774=DIRECTION('center_axis',(0.,0.,1.));
#3775=DIRECTION('ref_axis',(5.42624971769203E-17,1.,0.));
#3776=DIRECTION('',(0.,-1.,0.));
#3777=DIRECTION('center_axis',(0.,0.,1.));
#3778=DIRECTION('ref_axis',(-0.0333240766453869,-0.999444598722577,0.));
#3779=DIRECTION('',(0.999999961441174,0.000277700649039852,0.));
#3780=DIRECTION('',(2.37904933848248E-16,-1.,0.));
#3781=DIRECTION('center_axis',(0.,0.,1.));
#3782=DIRECTION('ref_axis',(-1.88229039167584E-16,1.,0.));
#3783=DIRECTION('',(-1.,-1.11022302462516E-15,0.));
#3784=DIRECTION('center_axis',(0.,0.,-1.));
#3785=DIRECTION('ref_axis',(-0.707106781186551,0.707106781186544,0.));
#3786=DIRECTION('',(0.,-1.,0.));
#3787=DIRECTION('center_axis',(0.,0.,1.));
#3788=DIRECTION('ref_axis',(0.925820099772552,-0.377964473009227,0.));
#3789=DIRECTION('center_axis',(0.,0.,1.));
#3790=DIRECTION('ref_axis',(1.,0.,0.));
#3791=DIRECTION('',(1.,-1.2509555207044E-16,0.));
#3792=DIRECTION('center_axis',(0.,0.,-1.));
#3793=DIRECTION('ref_axis',(-1.,0.,0.));
#3794=DIRECTION('',(1.,-1.2509555207044E-16,0.));
#3795=DIRECTION('center_axis',(0.,0.,1.));
#3796=DIRECTION('ref_axis',(1.,0.,0.));
#3797=DIRECTION('',(0.,1.,0.));
#3798=DIRECTION('center_axis',(0.,0.,1.));
#3799=DIRECTION('ref_axis',(-0.707106781186546,0.707106781186549,0.));
#3800=DIRECTION('',(1.,-1.57898385724467E-15,0.));
#3801=DIRECTION('center_axis',(0.,0.,1.));
#3802=DIRECTION('ref_axis',(0.707106781186549,0.707106781186546,0.));
#3803=DIRECTION('',(2.37904933848248E-16,-1.,0.));
#3804=DIRECTION('',(2.37904933848248E-16,1.,0.));
#3805=DIRECTION('center_axis',(0.,0.,1.));
#3806=DIRECTION('ref_axis',(-0.707106781186546,0.707106781186549,0.));
#3807=DIRECTION('',(1.,1.57898385724466E-15,0.));
#3808=DIRECTION('center_axis',(0.,0.,1.));
#3809=DIRECTION('ref_axis',(0.707106781186548,0.707106781186548,0.));
#3810=DIRECTION('',(0.,-1.,0.));
#3811=DIRECTION('center_axis',(0.,0.,1.));
#3812=DIRECTION('ref_axis',(1.,0.,0.));
#3813=DIRECTION('',(1.,-1.2509555207044E-16,0.));
#3814=DIRECTION('center_axis',(0.,0.,-1.));
#3815=DIRECTION('ref_axis',(-1.,0.,0.));
#3816=DIRECTION('',(1.,-1.2509555207044E-16,0.));
#3817=DIRECTION('center_axis',(0.,0.,1.));
#3818=DIRECTION('ref_axis',(1.,0.,0.));
#3819=DIRECTION('',(0.,1.,0.));
#3820=DIRECTION('center_axis',(0.,0.,-1.));
#3821=DIRECTION('ref_axis',(0.707106781186548,0.707106781186548,0.));
#3822=DIRECTION('',(-1.,1.11022302462516E-15,0.));
#3823=DIRECTION('center_axis',(0.,0.,1.));
#3824=DIRECTION('ref_axis',(0.0887136520453369,0.996057171020208,0.));
#3825=DIRECTION('',(2.37904933848248E-16,1.,0.));
#3826=DIRECTION('',(0.999982995990489,-0.00583161468934096,0.));
#3827=DIRECTION('center_axis',(0.,0.,1.));
#3828=DIRECTION('ref_axis',(-5.42624971769203E-17,-1.,0.));
#3829=DIRECTION('',(0.,1.,0.));
#3830=DIRECTION('center_axis',(0.,0.,1.));
#3831=DIRECTION('ref_axis',(0.0333240766453869,0.999444598722577,0.));
#3832=DIRECTION('',(-1.,0.,0.));
#3833=DIRECTION('',(2.37904933848248E-16,1.,0.));
#3834=DIRECTION('',(1.,-2.30926389122107E-13,0.));
#3835=DIRECTION('center_axis',(0.,0.,1.));
#3836=DIRECTION('ref_axis',(-5.42624971769203E-17,-1.,0.));
#3837=DIRECTION('',(0.,1.,0.));
#3838=DIRECTION('center_axis',(0.,0.,1.));
#3839=DIRECTION('ref_axis',(0.0333240766453869,0.999444598722577,0.));
#3840=DIRECTION('',(-1.,0.,0.));
#3841=DIRECTION('',(2.37904933848248E-16,1.,0.));
#3842=DIRECTION('',(1.,-1.33226762956163E-13,0.));
#3843=DIRECTION('center_axis',(0.,0.,1.));
#3844=DIRECTION('ref_axis',(-5.42624971769203E-17,-1.,0.));
#3845=DIRECTION('',(0.,1.,0.));
#3846=DIRECTION('center_axis',(0.,0.,1.));
#3847=DIRECTION('ref_axis',(0.0333240766453869,0.999444598722577,0.));
#3848=DIRECTION('',(-1.,0.,0.));
#3849=DIRECTION('',(2.37904933848248E-16,1.,0.));
#3850=DIRECTION('',(1.,9.32587340685224E-14,0.));
#3851=DIRECTION('center_axis',(0.,0.,1.));
#3852=DIRECTION('ref_axis',(-5.42624971769203E-17,-1.,0.));
#3853=DIRECTION('',(0.,1.,0.));
#3854=DIRECTION('center_axis',(0.,0.,1.));
#3855=DIRECTION('ref_axis',(0.0333240766453869,0.999444598722577,0.));
#3856=DIRECTION('',(5.37204689334753E-17,1.,0.));
#3857=DIRECTION('center_axis',(0.,0.,1.));
#3858=DIRECTION('ref_axis',(-5.42624971769203E-17,-1.,0.));
#3859=DIRECTION('',(0.,1.,0.));
#3860=DIRECTION('center_axis',(0.,0.,1.));
#3861=DIRECTION('ref_axis',(0.0333240766453869,0.999444598722577,0.));
#3862=DIRECTION('',(5.37204689334753E-17,1.,0.));
#3863=DIRECTION('center_axis',(0.,0.,1.));
#3864=DIRECTION('ref_axis',(-5.42624971769203E-17,-1.,0.));
#3865=DIRECTION('',(0.,1.,0.));
#3866=DIRECTION('center_axis',(0.,0.,1.));
#3867=DIRECTION('ref_axis',(0.0333240766453869,0.999444598722577,0.));
#3868=DIRECTION('',(5.37204689334753E-17,1.,0.));
#3869=DIRECTION('center_axis',(0.,0.,1.));
#3870=DIRECTION('ref_axis',(-3.57639185938793E-17,-1.,0.));
#3871=DIRECTION('',(0.,1.,0.));
#3872=DIRECTION('center_axis',(0.,0.,1.));
#3873=DIRECTION('ref_axis',(0.0333240766453869,0.999444598722577,0.));
#3874=DIRECTION('',(5.37204689334753E-17,1.,0.));
#3875=DIRECTION('center_axis',(0.,0.,1.));
#3876=DIRECTION('ref_axis',(-4.1546807574329E-17,-1.,0.));
#3877=DIRECTION('',(0.,1.,0.));
#3878=DIRECTION('center_axis',(0.,0.,1.));
#3879=DIRECTION('ref_axis',(0.0644490644490626,0.997920997920998,0.));
#3880=DIRECTION('',(5.37204689334753E-17,1.,0.));
#3881=DIRECTION('center_axis',(0.,0.,1.));
#3882=DIRECTION('ref_axis',(-0.662164283589457,0.749358700182003,0.));
#3883=DIRECTION('center_axis',(0.,0.,-1.));
#3884=DIRECTION('ref_axis',(-0.657534246575342,-0.753424657534247,0.));
#3885=DIRECTION('center_axis',(0.,-1.,0.));
#3886=DIRECTION('ref_axis',(1.,0.,0.));
#3887=DIRECTION('',(1.,0.,0.));
#3888=DIRECTION('',(0.,0.,-1.));
#3889=DIRECTION('center_axis',(0.,0.,1.));
#3890=DIRECTION('ref_axis',(0.707106781186551,-0.707106781186544,0.));
#3891=DIRECTION('center_axis',(0.,0.,1.));
#3892=DIRECTION('ref_axis',(0.707106781186551,-0.707106781186544,0.));
#3893=DIRECTION('',(0.,0.,1.));
#3894=DIRECTION('center_axis',(0.,0.,1.));
#3895=DIRECTION('ref_axis',(0.346410161513777,-0.938083151964685,0.));
#3896=DIRECTION('',(0.,0.,-1.));
#3897=DIRECTION('center_axis',(0.,0.,1.));
#3898=DIRECTION('ref_axis',(0.346410161513777,-0.938083151964685,0.));
#3899=DIRECTION('',(0.,0.,1.));
#3900=DIRECTION('center_axis',(0.,0.,1.));
#3901=DIRECTION('ref_axis',(0.,-1.,0.));
#3902=DIRECTION('center_axis',(0.,0.,-1.));
#3903=DIRECTION('ref_axis',(0.,-1.,0.));
#3904=DIRECTION('',(0.,0.,-1.));
#3905=DIRECTION('center_axis',(0.,0.,1.));
#3906=DIRECTION('ref_axis',(1.,0.,0.));
#3907=DIRECTION('center_axis',(0.,0.,-1.));
#3908=DIRECTION('ref_axis',(-0.657534246575342,-0.753424657534247,0.));
#3909=DIRECTION('center_axis',(0.,0.,-1.));
#3910=DIRECTION('ref_axis',(-0.662164283589457,0.749358700182003,0.));
#3911=DIRECTION('',(5.37204689334753E-17,1.,0.));
#3912=DIRECTION('center_axis',(0.,0.,1.));
#3913=DIRECTION('ref_axis',(0.0644490644490626,0.997920997920998,0.));
#3914=DIRECTION('',(0.,1.,0.));
#3915=DIRECTION('center_axis',(0.,0.,1.));
#3916=DIRECTION('ref_axis',(-4.1546807574329E-17,-1.,0.));
#3917=DIRECTION('',(5.37204689334753E-17,1.,0.));
#3918=DIRECTION('center_axis',(0.,0.,1.));
#3919=DIRECTION('ref_axis',(0.0333240766453869,0.999444598722577,0.));
#3920=DIRECTION('',(0.,1.,0.));
#3921=DIRECTION('center_axis',(0.,0.,1.));
#3922=DIRECTION('ref_axis',(-3.57639185938793E-17,-1.,0.));
#3923=DIRECTION('',(5.37204689334753E-17,1.,0.));
#3924=DIRECTION('center_axis',(0.,0.,1.));
#3925=DIRECTION('ref_axis',(0.0333240766453869,0.999444598722577,0.));
#3926=DIRECTION('',(0.,1.,0.));
#3927=DIRECTION('center_axis',(0.,0.,1.));
#3928=DIRECTION('ref_axis',(-5.42624971769203E-17,-1.,0.));
#3929=DIRECTION('',(5.37204689334753E-17,1.,0.));
#3930=DIRECTION('center_axis',(0.,0.,1.));
#3931=DIRECTION('ref_axis',(0.0333240766453869,0.999444598722577,0.));
#3932=DIRECTION('',(0.,1.,0.));
#3933=DIRECTION('center_axis',(0.,0.,1.));
#3934=DIRECTION('ref_axis',(-5.42624971769203E-17,-1.,0.));
#3935=DIRECTION('',(5.37204689334753E-17,1.,0.));
#3936=DIRECTION('center_axis',(0.,0.,1.));
#3937=DIRECTION('ref_axis',(0.0333240766453869,0.999444598722577,0.));
#3938=DIRECTION('',(0.,1.,0.));
#3939=DIRECTION('center_axis',(0.,0.,1.));
#3940=DIRECTION('ref_axis',(-5.42624971769203E-17,-1.,0.));
#3941=DIRECTION('',(1.,9.32587340685224E-14,0.));
#3942=DIRECTION('',(2.37904933848248E-16,1.,0.));
#3943=DIRECTION('',(-1.,0.,0.));
#3944=DIRECTION('center_axis',(0.,0.,1.));
#3945=DIRECTION('ref_axis',(0.0333240766453869,0.999444598722577,0.));
#3946=DIRECTION('',(0.,1.,0.));
#3947=DIRECTION('center_axis',(0.,0.,1.));
#3948=DIRECTION('ref_axis',(-5.42624971769203E-17,-1.,0.));
#3949=DIRECTION('',(1.,-1.33226762956163E-13,0.));
#3950=DIRECTION('',(2.37904933848248E-16,1.,0.));
#3951=DIRECTION('',(-1.,0.,0.));
#3952=DIRECTION('center_axis',(0.,0.,1.));
#3953=DIRECTION('ref_axis',(0.0333240766453869,0.999444598722577,0.));
#3954=DIRECTION('',(0.,1.,0.));
#3955=DIRECTION('center_axis',(0.,0.,1.));
#3956=DIRECTION('ref_axis',(-5.42624971769203E-17,-1.,0.));
#3957=DIRECTION('',(1.,-2.30926389122107E-13,0.));
#3958=DIRECTION('',(2.37904933848248E-16,1.,0.));
#3959=DIRECTION('',(-1.,0.,0.));
#3960=DIRECTION('center_axis',(0.,0.,1.));
#3961=DIRECTION('ref_axis',(0.0333240766453869,0.999444598722577,0.));
#3962=DIRECTION('',(0.,1.,0.));
#3963=DIRECTION('center_axis',(0.,0.,1.));
#3964=DIRECTION('ref_axis',(-5.42624971769203E-17,-1.,0.));
#3965=DIRECTION('',(0.999982995990489,-0.00583161468934096,0.));
#3966=DIRECTION('',(2.37904933848248E-16,1.,0.));
#3967=DIRECTION('center_axis',(0.,0.,1.));
#3968=DIRECTION('ref_axis',(0.0887136520453369,0.996057171020208,0.));
#3969=DIRECTION('',(-1.,1.11022302462516E-15,0.));
#3970=DIRECTION('center_axis',(0.,0.,1.));
#3971=DIRECTION('ref_axis',(0.707106781186548,0.707106781186548,0.));
#3972=DIRECTION('',(0.,1.,0.));
#3973=DIRECTION('center_axis',(0.,0.,1.));
#3974=DIRECTION('ref_axis',(1.,0.,0.));
#3975=DIRECTION('',(1.,-1.2509555207044E-16,0.));
#3976=DIRECTION('center_axis',(0.,0.,-1.));
#3977=DIRECTION('ref_axis',(-1.,0.,0.));
#3978=DIRECTION('',(1.,-1.2509555207044E-16,0.));
#3979=DIRECTION('center_axis',(0.,0.,1.));
#3980=DIRECTION('ref_axis',(1.,0.,0.));
#3981=DIRECTION('',(0.,-1.,0.));
#3982=DIRECTION('center_axis',(0.,0.,-1.));
#3983=DIRECTION('ref_axis',(0.707106781186548,0.707106781186548,0.));
#3984=DIRECTION('',(1.,1.57898385724466E-15,0.));
#3985=DIRECTION('center_axis',(0.,0.,-1.));
#3986=DIRECTION('ref_axis',(-0.707106781186546,0.707106781186549,0.));
#3987=DIRECTION('',(2.37904933848248E-16,1.,0.));
#3988=DIRECTION('',(2.37904933848248E-16,-1.,0.));
#3989=DIRECTION('center_axis',(0.,0.,-1.));
#3990=DIRECTION('ref_axis',(0.707106781186549,0.707106781186546,0.));
#3991=DIRECTION('',(1.,-1.57898385724467E-15,0.));
#3992=DIRECTION('center_axis',(0.,0.,-1.));
#3993=DIRECTION('ref_axis',(-0.707106781186546,0.707106781186549,0.));
#3994=DIRECTION('',(0.,1.,0.));
#3995=DIRECTION('center_axis',(0.,0.,1.));
#3996=DIRECTION('ref_axis',(1.,0.,0.));
#3997=DIRECTION('',(1.,-1.2509555207044E-16,0.));
#3998=DIRECTION('center_axis',(0.,0.,-1.));
#3999=DIRECTION('ref_axis',(-1.,0.,0.));
#4000=DIRECTION('',(1.,-1.2509555207044E-16,0.));
#4001=DIRECTION('center_axis',(0.,0.,1.));
#4002=DIRECTION('ref_axis',(1.,0.,0.));
#4003=DIRECTION('center_axis',(0.,0.,-1.));
#4004=DIRECTION('ref_axis',(0.925820099772552,-0.377964473009227,0.));
#4005=DIRECTION('',(0.,-1.,0.));
#4006=DIRECTION('center_axis',(0.,0.,1.));
#4007=DIRECTION('ref_axis',(-0.707106781186551,0.707106781186544,0.));
#4008=DIRECTION('',(-1.,-1.11022302462516E-15,0.));
#4009=DIRECTION('center_axis',(0.,0.,1.));
#4010=DIRECTION('ref_axis',(-1.88229039167584E-16,1.,0.));
#4011=DIRECTION('',(2.37904933848248E-16,-1.,0.));
#4012=DIRECTION('',(0.999999961441174,0.000277700649039852,0.));
#4013=DIRECTION('center_axis',(0.,0.,1.));
#4014=DIRECTION('ref_axis',(-0.0333240766453869,-0.999444598722577,0.));
#4015=DIRECTION('',(0.,-1.,0.));
#4016=DIRECTION('center_axis',(0.,0.,1.));
#4017=DIRECTION('ref_axis',(5.42624971769203E-17,1.,0.));
#4018=DIRECTION('',(-1.,0.,0.));
#4019=DIRECTION('',(2.37904933848248E-16,-1.,0.));
#4020=DIRECTION('',(1.,0.,0.));
#4021=DIRECTION('center_axis',(0.,0.,1.));
#4022=DIRECTION('ref_axis',(-0.0333240766453869,-0.999444598722577,0.));
#4023=DIRECTION('',(0.,-1.,0.));
#4024=DIRECTION('center_axis',(0.,0.,1.));
#4025=DIRECTION('ref_axis',(5.42624971769203E-17,1.,0.));
#4026=DIRECTION('',(-1.,0.,0.));
#4027=DIRECTION('',(2.37904933848248E-16,-1.,0.));
#4028=DIRECTION('',(1.,-4.44089209850105E-15,0.));
#4029=DIRECTION('center_axis',(0.,0.,1.));
#4030=DIRECTION('ref_axis',(-0.0333240766453869,-0.999444598722577,0.));
#4031=DIRECTION('',(0.,-1.,0.));
#4032=DIRECTION('center_axis',(0.,0.,1.));
#4033=DIRECTION('ref_axis',(5.42624971769203E-17,1.,0.));
#4034=DIRECTION('',(-1.,0.,0.));
#4035=DIRECTION('',(2.37904933848248E-16,-1.,0.));
#4036=DIRECTION('',(1.,-4.44089209850106E-15,0.));
#4037=DIRECTION('center_axis',(0.,0.,1.));
#4038=DIRECTION('ref_axis',(-0.0333240766453869,-0.999444598722577,0.));
#4039=DIRECTION('',(0.,-1.,0.));
#4040=DIRECTION('center_axis',(0.,0.,1.));
#4041=DIRECTION('ref_axis',(5.42624971769203E-17,1.,0.));
#4042=DIRECTION('',(5.37204689334753E-17,-1.,0.));
#4043=DIRECTION('center_axis',(0.,0.,1.));
#4044=DIRECTION('ref_axis',(-0.0333240766453869,-0.999444598722577,0.));
#4045=DIRECTION('',(0.,-1.,0.));
#4046=DIRECTION('center_axis',(0.,0.,1.));
#4047=DIRECTION('ref_axis',(5.42624971769203E-17,1.,0.));
#4048=DIRECTION('',(5.37204689334753E-17,-1.,0.));
#4049=DIRECTION('center_axis',(0.,0.,1.));
#4050=DIRECTION('ref_axis',(-0.0333240766453869,-0.999444598722577,0.));
#4051=DIRECTION('',(0.,-1.,0.));
#4052=DIRECTION('center_axis',(0.,0.,1.));
#4053=DIRECTION('ref_axis',(5.42624971769203E-17,1.,0.));
#4054=DIRECTION('',(5.37204689334753E-17,-1.,0.));
#4055=DIRECTION('center_axis',(0.,0.,1.));
#4056=DIRECTION('ref_axis',(-0.0333240766453869,-0.999444598722577,0.));
#4057=DIRECTION('',(0.,-1.,0.));
#4058=DIRECTION('center_axis',(0.,0.,1.));
#4059=DIRECTION('ref_axis',(6.16619286101367E-18,1.,0.));
#4060=DIRECTION('',(5.37204689334753E-17,-1.,0.));
#4061=DIRECTION('center_axis',(0.,0.,1.));
#4062=DIRECTION('ref_axis',(-0.0644490644490625,-0.997920997920998,0.));
#4063=DIRECTION('',(0.,-1.,0.));
#4064=DIRECTION('center_axis',(0.,0.,1.));
#4065=DIRECTION('ref_axis',(4.1546807574329E-17,1.,0.));
#4066=DIRECTION('',(5.37204689334753E-17,-1.,0.));
#4067=DIRECTION('center_axis',(0.,0.,-1.));
#4068=DIRECTION('ref_axis',(0.662164283589457,0.749358700182003,0.));
#4069=DIRECTION('',(1.,0.,0.));
#4070=DIRECTION('center_axis',(0.,0.,1.));
#4071=DIRECTION('ref_axis',(-0.707106781186546,-0.707106781186549,0.));
#4072=DIRECTION('',(0.,-1.,0.));
#4073=DIRECTION('center_axis',(0.,0.,1.));
#4074=DIRECTION('ref_axis',(-0.470982572559944,0.882142514758708,0.));
#4075=DIRECTION('',(-0.830947501931106,0.556350832689639,0.));
#4076=DIRECTION('center_axis',(0.,0.,-1.));
#4077=DIRECTION('ref_axis',(-1.,0.,0.));
#4078=DIRECTION('',(0.830947501931104,0.556350832689642,0.));
#4079=DIRECTION('center_axis',(0.,0.,1.));
#4080=DIRECTION('ref_axis',(-0.470982572559944,-0.882142514758708,0.));
#4081=DIRECTION('',(0.,-1.,0.));
#4082=DIRECTION('',(1.,0.,0.));
#4083=DIRECTION('',(0.,1.,0.));
#4084=DIRECTION('center_axis',(0.,0.,1.));
#4085=DIRECTION('ref_axis',(0.470982572559944,-0.882142514758708,0.));
#4086=DIRECTION('',(0.830947501931104,-0.556350832689642,0.));
#4087=DIRECTION('center_axis',(0.,0.,-1.));
#4088=DIRECTION('ref_axis',(-1.,0.,0.));
#4089=DIRECTION('',(-0.830947501931107,-0.556350832689637,0.));
#4090=DIRECTION('center_axis',(0.,0.,1.));
#4091=DIRECTION('ref_axis',(0.470982572559944,0.882142514758708,0.));
#4092=DIRECTION('',(0.,1.,0.));
#4093=DIRECTION('center_axis',(0.,0.,-1.));
#4094=DIRECTION('ref_axis',(-1.,0.,0.));
#4095=DIRECTION('center_axis',(0.,0.,-1.));
#4096=DIRECTION('ref_axis',(-1.,0.,0.));
#4097=DIRECTION('center_axis',(0.,0.,1.));
#4098=DIRECTION('ref_axis',(-0.707106781186546,-0.707106781186549,0.));
#4099=DIRECTION('',(0.,0.,-1.));
#4100=DIRECTION('',(0.,0.,1.));
#4101=DIRECTION('center_axis',(-1.,0.,0.));
#4102=DIRECTION('ref_axis',(0.,-1.,0.));
#4103=DIRECTION('',(0.,0.,1.));
#4104=DIRECTION('center_axis',(0.,0.,1.));
#4105=DIRECTION('ref_axis',(0.707106781186548,0.707106781186548,0.));
#4106=DIRECTION('',(0.,0.,-1.));
#4107=DIRECTION('',(0.,0.,1.));
#4108=DIRECTION('center_axis',(1.11022302462516E-15,1.,0.));
#4109=DIRECTION('ref_axis',(-1.,1.11022302462516E-15,0.));
#4110=DIRECTION('',(0.,0.,1.));
#4111=DIRECTION('center_axis',(0.,0.,1.));
#4112=DIRECTION('ref_axis',(-0.707106781186551,0.707106781186544,0.));
#4113=DIRECTION('',(0.,0.,-1.));
#4114=DIRECTION('',(0.,0.,1.));
#4115=DIRECTION('center_axis',(-1.11022302462516E-15,1.,0.));
#4116=DIRECTION('ref_axis',(-1.,-1.11022302462516E-15,0.));
#4117=DIRECTION('',(0.,0.,1.));
#4118=DIRECTION('center_axis',(0.,0.,1.));
#4119=DIRECTION('ref_axis',(-0.707106781186546,0.707106781186549,0.));
#4120=DIRECTION('',(0.,0.,1.));
#4121=DIRECTION('',(0.,0.,-1.));
#4122=DIRECTION('center_axis',(-1.57898385724467E-15,-1.,0.));
#4123=DIRECTION('ref_axis',(1.,-1.57898385724467E-15,0.));
#4124=DIRECTION('',(0.,0.,-1.));
#4125=DIRECTION('center_axis',(1.57898385724467E-15,1.,0.));
#4126=DIRECTION('ref_axis',(1.,0.,0.));
#4127=DIRECTION('center_axis',(0.,0.,1.));
#4128=DIRECTION('ref_axis',(0.707106781186548,0.707106781186548,0.));
#4129=DIRECTION('',(0.,0.,1.));
#4130=DIRECTION('',(0.,0.,-1.));
#4131=DIRECTION('center_axis',(-1.,0.,0.));
#4132=DIRECTION('ref_axis',(0.,-1.,0.));
#4133=DIRECTION('',(0.,0.,1.));
#4134=DIRECTION('center_axis',(0.,0.,1.));
#4135=DIRECTION('ref_axis',(0.925820099772552,-0.377964473009227,0.));
#4136=DIRECTION('',(0.,0.,1.));
#4137=DIRECTION('',(0.,0.,-1.));
#4138=DIRECTION('center_axis',(0.,0.,1.));
#4139=DIRECTION('ref_axis',(-0.983512927113183,0.180837833987411,0.));
#4140=DIRECTION('',(0.,0.,1.));
#4141=DIRECTION('center_axis',(0.,-1.,0.));
#4142=DIRECTION('ref_axis',(1.,0.,0.));
#4143=DIRECTION('',(0.,1.,0.));
#4144=DIRECTION('center_axis',(0.,-1.,0.));
#4145=DIRECTION('ref_axis',(1.,0.,0.));
#4146=DIRECTION('',(0.,1.,0.));
#4147=DIRECTION('center_axis',(0.,-1.,0.));
#4148=DIRECTION('ref_axis',(1.,0.,0.));
#4149=DIRECTION('center_axis',(-1.57898385724466E-15,1.,0.));
#4150=DIRECTION('ref_axis',(1.,0.,0.));
#4151=DIRECTION('',(0.,1.,0.));
#4152=DIRECTION('center_axis',(0.,-1.,0.));
#4153=DIRECTION('ref_axis',(1.,0.,0.));
#4154=DIRECTION('',(0.,1.,0.));
#4155=DIRECTION('center_axis',(0.,0.,-1.));
#4156=DIRECTION('ref_axis',(-1.,0.,0.));
#4157=DIRECTION('',(-0.707106781186548,8.65956056235493E-17,0.707106781186548));
#4158=DIRECTION('center_axis',(0.,0.,1.));
#4159=DIRECTION('ref_axis',(-1.,0.,0.));
#4160=DIRECTION('center_axis',(0.,0.,1.));
#4161=DIRECTION('ref_axis',(-1.,0.,0.));
#4162=DIRECTION('center_axis',(0.,0.,1.));
#4163=DIRECTION('ref_axis',(1.,0.,0.));
#4164=DIRECTION('',(0.,0.,1.));
#4165=DIRECTION('center_axis',(0.,0.,-1.));
#4166=DIRECTION('ref_axis',(-1.,0.,0.));
#4167=DIRECTION('',(-0.707106781186548,8.65956056235494E-17,0.707106781186547));
#4168=DIRECTION('center_axis',(0.,0.,1.));
#4169=DIRECTION('ref_axis',(-1.,0.,0.));
#4170=DIRECTION('center_axis',(0.,0.,1.));
#4171=DIRECTION('ref_axis',(-1.,0.,0.));
#4172=DIRECTION('center_axis',(0.,0.,1.));
#4173=DIRECTION('ref_axis',(1.,0.,0.));
#4174=DIRECTION('',(0.,0.,1.));
#4175=DIRECTION('center_axis',(0.,0.,1.));
#4176=DIRECTION('ref_axis',(-1.,0.,2.368475785867E-16));
#4177=DIRECTION('center_axis',(2.368475785867E-16,0.,1.));
#4178=DIRECTION('ref_axis',(-1.,0.,2.368475785867E-16));
#4179=DIRECTION('',(-0.707106781186549,-8.65956056235495E-17,-0.707106781186546));
#4180=DIRECTION('center_axis',(-2.368475785867E-16,0.,-1.));
#4181=DIRECTION('ref_axis',(-1.,0.,2.368475785867E-16));
#4182=DIRECTION('center_axis',(-2.368475785867E-16,0.,-1.));
#4183=DIRECTION('ref_axis',(-1.,0.,2.368475785867E-16));
#4184=DIRECTION('center_axis',(2.368475785867E-16,0.,1.));
#4185=DIRECTION('ref_axis',(-1.,0.,2.368475785867E-16));
#4186=DIRECTION('center_axis',(-2.368475785867E-16,0.,-1.));
#4187=DIRECTION('ref_axis',(1.,0.,-2.368475785867E-16));
#4188=DIRECTION('center_axis',(-2.368475785867E-16,0.,-1.));
#4189=DIRECTION('ref_axis',(-0.707106781186547,0.707106781186548,0.));
#4190=DIRECTION('',(0.,1.,0.));
#4191=DIRECTION('',(1.,0.,-2.368475785867E-16));
#4192=DIRECTION('',(0.,-1.,0.));
#4193=DIRECTION('center_axis',(-2.368475785867E-16,0.,-1.));
#4194=DIRECTION('ref_axis',(0.707106781186548,0.707106781186548,0.));
#4195=DIRECTION('',(1.,0.,-2.368475785867E-16));
#4196=DIRECTION('',(1.,0.,-2.368475785867E-16));
#4197=DIRECTION('center_axis',(2.368475785867E-16,0.,1.));
#4198=DIRECTION('ref_axis',(-1.,0.,2.368475785867E-16));
#4199=DIRECTION('center_axis',(2.368475785867E-16,0.,1.));
#4200=DIRECTION('ref_axis',(-1.,0.,2.368475785867E-16));
#4201=DIRECTION('',(1.,0.,-2.368475785867E-16));
#4202=DIRECTION('center_axis',(2.368475785867E-16,0.,1.));
#4203=DIRECTION('ref_axis',(1.,0.,-2.368475785867E-16));
#4204=DIRECTION('',(-2.368475785867E-16,0.,-1.));
#4205=DIRECTION('center_axis',(1.1842378929335E-16,0.,1.));
#4206=DIRECTION('ref_axis',(1.,0.,-2.368475785867E-16));
#4207=DIRECTION('center_axis',(0.,0.,1.));
#4208=DIRECTION('ref_axis',(-1.,0.,2.368475785867E-16));
#4209=DIRECTION('',(-0.707106781186552,-8.65956056235499E-17,-0.707106781186543));
#4210=DIRECTION('center_axis',(-2.368475785867E-16,0.,-1.));
#4211=DIRECTION('ref_axis',(-1.,0.,2.368475785867E-16));
#4212=DIRECTION('center_axis',(-2.368475785867E-16,0.,-1.));
#4213=DIRECTION('ref_axis',(-1.,0.,2.368475785867E-16));
#4214=DIRECTION('center_axis',(2.368475785867E-16,0.,1.));
#4215=DIRECTION('ref_axis',(1.,0.,-2.368475785867E-16));
#4216=DIRECTION('',(-2.368475785867E-16,0.,-1.));
#4217=DIRECTION('center_axis',(1.1842378929335E-16,0.,1.));
#4218=DIRECTION('ref_axis',(1.,0.,-2.368475785867E-16));
#4219=DIRECTION('center_axis',(0.,0.,-1.));
#4220=DIRECTION('ref_axis',(1.,0.,-1.69176841847643E-16));
#4221=DIRECTION('center_axis',(-1.1842378929335E-16,0.,-1.));
#4222=DIRECTION('ref_axis',(1.,0.,-1.1842378929335E-16));
#4223=DIRECTION('',(0.707106781186541,-8.65956056235485E-17,0.707106781186554));
#4224=DIRECTION('center_axis',(-1.1842378929335E-16,0.,-1.));
#4225=DIRECTION('ref_axis',(1.,0.,-1.1842378929335E-16));
#4226=DIRECTION('center_axis',(1.1842378929335E-16,0.,1.));
#4227=DIRECTION('ref_axis',(-1.,0.,1.1842378929335E-16));
#4228=DIRECTION('center_axis',(1.1842378929335E-16,0.,1.));
#4229=DIRECTION('ref_axis',(-0.707106781186547,0.707106781186548,0.));
#4230=DIRECTION('',(-1.,0.,1.1842378929335E-16));
#4231=DIRECTION('',(-1.,0.,1.1842378929335E-16));
#4232=DIRECTION('center_axis',(-1.1842378929335E-16,0.,-1.));
#4233=DIRECTION('ref_axis',(1.,0.,-1.1842378929335E-16));
#4234=DIRECTION('center_axis',(-1.1842378929335E-16,0.,-1.));
#4235=DIRECTION('ref_axis',(1.,0.,-1.1842378929335E-16));
#4236=DIRECTION('',(-1.,0.,1.1842378929335E-16));
#4237=DIRECTION('center_axis',(1.1842378929335E-16,0.,1.));
#4238=DIRECTION('ref_axis',(0.707106781186548,0.707106781186548,0.));
#4239=DIRECTION('',(0.,1.,0.));
#4240=DIRECTION('',(-1.,0.,1.1842378929335E-16));
#4241=DIRECTION('',(0.,-1.,0.));
#4242=DIRECTION('center_axis',(0.,0.,-1.));
#4243=DIRECTION('ref_axis',(1.,0.,-1.69176841847643E-16));
#4244=DIRECTION('',(0.707106781186551,-8.65956056235498E-17,0.707106781186544));
#4245=DIRECTION('center_axis',(0.,1.,0.));
#4246=DIRECTION('ref_axis',(-1.,0.,2.81961403079405E-16));
#4247=DIRECTION('center_axis',(0.,1.,0.));
#4248=DIRECTION('ref_axis',(-1.,0.,2.81961403079405E-16));
#4249=DIRECTION('',(-0.707106781186549,-0.707106781186546,2.8597242577387E-16));
#4250=DIRECTION('center_axis',(0.,-1.,0.));
#4251=DIRECTION('ref_axis',(-1.,0.,2.81961403079405E-16));
#4252=DIRECTION('center_axis',(0.,-1.,0.));
#4253=DIRECTION('ref_axis',(-1.,0.,2.81961403079405E-16));
#4254=DIRECTION('center_axis',(0.,1.,0.));
#4255=DIRECTION('ref_axis',(1.,0.,-2.81961403079405E-16));
#4256=DIRECTION('',(0.,-1.,0.));
#4257=DIRECTION('center_axis',(0.,1.,0.));
#4258=DIRECTION('ref_axis',(1.,0.,-2.81961403079405E-16));
#4259=DIRECTION('center_axis',(0.,1.,0.));
#4260=DIRECTION('ref_axis',(-1.,0.,0.));
#4261=DIRECTION('',(0.,0.,-1.));
#4262=DIRECTION('',(0.,0.,1.));
#4263=DIRECTION('center_axis',(0.,1.,0.));
#4264=DIRECTION('ref_axis',(1.,0.,-2.81961403079405E-16));
#4265=DIRECTION('center_axis',(0.,0.,1.));
#4266=DIRECTION('ref_axis',(-0.707106781186546,0.707106781186549,0.));
#4267=DIRECTION('',(0.,0.,1.));
#4268=DIRECTION('',(0.,0.,-1.));
#4269=DIRECTION('center_axis',(1.57898385724466E-15,-1.,0.));
#4270=DIRECTION('ref_axis',(1.,1.57898385724466E-15,0.));
#4271=DIRECTION('center_axis',(0.,0.,1.));
#4272=DIRECTION('ref_axis',(0.707106781186549,0.707106781186546,0.));
#4273=DIRECTION('',(0.,0.,1.));
#4274=DIRECTION('center_axis',(-1.,-2.37904933848248E-16,0.));
#4275=DIRECTION('ref_axis',(2.37904933848248E-16,-1.,0.));
#4276=DIRECTION('center_axis',(0.,0.,1.));
#4277=DIRECTION('ref_axis',(0.662164283589457,0.749358700182003,0.));
#4278=DIRECTION('',(0.,0.,1.));
#4279=DIRECTION('center_axis',(-1.,-5.37204689334753E-17,0.));
#4280=DIRECTION('ref_axis',(5.37204689334753E-17,-1.,0.));
#4281=DIRECTION('',(0.,0.,1.));
#4282=DIRECTION('center_axis',(0.,0.,1.));
#4283=DIRECTION('ref_axis',(-0.662164283589457,0.749358700182003,0.));
#4284=DIRECTION('',(0.,0.,1.));
#4285=DIRECTION('',(0.,0.,-1.));
#4286=DIRECTION('center_axis',(0.,0.,1.));
#4287=DIRECTION('ref_axis',(-0.657534246575342,-0.753424657534247,0.));
#4288=DIRECTION('center_axis',(0.,0.,1.));
#4289=DIRECTION('ref_axis',(-0.707106781186547,0.707106781186548,0.));
#4290=DIRECTION('',(0.,0.,1.));
#4291=DIRECTION('center_axis',(0.,0.,1.));
#4292=DIRECTION('ref_axis',(0.707106781186548,0.707106781186548,0.));
#4293=DIRECTION('',(0.,0.,-1.));
#4294=DIRECTION('center_axis',(0.,-1.,0.));
#4295=DIRECTION('ref_axis',(0.,0.,-1.));
#4296=DIRECTION('',(0.,0.,1.));
#4297=DIRECTION('',(0.,0.,-1.));
#4298=DIRECTION('center_axis',(0.,-1.,0.));
#4299=DIRECTION('ref_axis',(0.,0.,-1.));
#4300=DIRECTION('',(0.,0.,1.));
#4301=DIRECTION('',(0.,0.,-1.));
#4302=DIRECTION('center_axis',(1.,0.,0.));
#4303=DIRECTION('ref_axis',(0.,1.,0.));
#4304=DIRECTION('',(0.,0.,1.));
#4305=DIRECTION('center_axis',(0.,0.,1.));
#4306=DIRECTION('ref_axis',(-0.470982572559944,0.882142514758708,0.));
#4307=DIRECTION('',(0.,0.,-1.));
#4308=DIRECTION('center_axis',(0.,0.,1.));
#4309=DIRECTION('ref_axis',(-0.470982572559944,-0.882142514758708,0.));
#4310=DIRECTION('',(0.,0.,-1.));
#4311=DIRECTION('',(0.,0.,1.));
#4312=DIRECTION('center_axis',(0.556350832689642,-0.830947501931104,0.));
#4313=DIRECTION('ref_axis',(0.830947501931104,0.556350832689642,0.));
#4314=DIRECTION('',(0.,0.,1.));
#4315=DIRECTION('center_axis',(0.,0.,1.));
#4316=DIRECTION('ref_axis',(0.470982572559944,0.882142514758708,0.));
#4317=DIRECTION('',(0.,0.,-1.));
#4318=DIRECTION('',(0.,0.,1.));
#4319=DIRECTION('center_axis',(-0.556350832689637,0.830947501931107,0.));
#4320=DIRECTION('ref_axis',(-0.830947501931107,-0.556350832689637,0.));
#4321=DIRECTION('',(0.,0.,1.));
#4322=DIRECTION('center_axis',(0.,0.,1.));
#4323=DIRECTION('ref_axis',(0.470982572559944,-0.882142514758708,0.));
#4324=DIRECTION('',(0.,0.,-1.));
#4325=DIRECTION('center_axis',(-0.556350832689642,-0.830947501931104,0.));
#4326=DIRECTION('ref_axis',(0.830947501931104,-0.556350832689642,0.));
#4327=DIRECTION('',(0.,0.,1.));
#4328=DIRECTION('center_axis',(-1.,0.,0.));
#4329=DIRECTION('ref_axis',(0.,-1.,0.));
#4330=DIRECTION('center_axis',(0.,0.,1.));
#4331=DIRECTION('ref_axis',(-1.88229039167584E-16,1.,0.));
#4332=DIRECTION('',(0.,0.,1.));
#4333=DIRECTION('center_axis',(-1.,-2.37904933848248E-16,0.));
#4334=DIRECTION('ref_axis',(2.37904933848248E-16,-1.,0.));
#4335=DIRECTION('',(0.,0.,1.));
#4336=DIRECTION('center_axis',(0.000277700649039852,-0.999999961441174,
0.));
#4337=DIRECTION('ref_axis',(0.999999961441174,0.000277700649039852,0.));
#4338=DIRECTION('',(0.,0.,1.));
#4339=DIRECTION('center_axis',(0.,0.,1.));
#4340=DIRECTION('ref_axis',(-0.0333240766453869,-0.999444598722577,0.));
#4341=DIRECTION('',(0.,0.,1.));
#4342=DIRECTION('center_axis',(-1.,0.,0.));
#4343=DIRECTION('ref_axis',(0.,-1.,0.));
#4344=DIRECTION('',(0.,0.,1.));
#4345=DIRECTION('center_axis',(0.,0.,1.));
#4346=DIRECTION('ref_axis',(5.42624971769203E-17,1.,0.));
#4347=DIRECTION('',(0.,0.,1.));
#4348=DIRECTION('center_axis',(0.,1.,0.));
#4349=DIRECTION('ref_axis',(-1.,0.,0.));
#4350=DIRECTION('',(0.,0.,1.));
#4351=DIRECTION('center_axis',(-1.,-2.37904933848248E-16,0.));
#4352=DIRECTION('ref_axis',(2.37904933848248E-16,-1.,0.));
#4353=DIRECTION('',(0.,0.,1.));
#4354=DIRECTION('center_axis',(0.,-1.,0.));
#4355=DIRECTION('ref_axis',(1.,0.,0.));
#4356=DIRECTION('',(0.,0.,1.));
#4357=DIRECTION('center_axis',(0.,0.,1.));
#4358=DIRECTION('ref_axis',(-0.0333240766453869,-0.999444598722577,0.));
#4359=DIRECTION('',(0.,0.,1.));
#4360=DIRECTION('center_axis',(-1.,0.,0.));
#4361=DIRECTION('ref_axis',(0.,-1.,0.));
#4362=DIRECTION('',(0.,0.,1.));
#4363=DIRECTION('center_axis',(0.,0.,1.));
#4364=DIRECTION('ref_axis',(5.42624971769203E-17,1.,0.));
#4365=DIRECTION('',(0.,0.,1.));
#4366=DIRECTION('center_axis',(0.,1.,0.));
#4367=DIRECTION('ref_axis',(-1.,0.,0.));
#4368=DIRECTION('',(0.,0.,1.));
#4369=DIRECTION('center_axis',(-1.,-2.37904933848248E-16,0.));
#4370=DIRECTION('ref_axis',(2.37904933848248E-16,-1.,0.));
#4371=DIRECTION('',(0.,0.,1.));
#4372=DIRECTION('center_axis',(-4.44089209850105E-15,-1.,0.));
#4373=DIRECTION('ref_axis',(1.,-4.44089209850105E-15,0.));
#4374=DIRECTION('',(0.,0.,1.));
#4375=DIRECTION('center_axis',(0.,0.,1.));
#4376=DIRECTION('ref_axis',(-0.0333240766453869,-0.999444598722577,0.));
#4377=DIRECTION('',(0.,0.,1.));
#4378=DIRECTION('center_axis',(-1.,0.,0.));
#4379=DIRECTION('ref_axis',(0.,-1.,0.));
#4380=DIRECTION('',(0.,0.,1.));
#4381=DIRECTION('center_axis',(0.,0.,1.));
#4382=DIRECTION('ref_axis',(5.42624971769203E-17,1.,0.));
#4383=DIRECTION('',(0.,0.,1.));
#4384=DIRECTION('center_axis',(0.,1.,0.));
#4385=DIRECTION('ref_axis',(-1.,0.,0.));
#4386=DIRECTION('',(0.,0.,1.));
#4387=DIRECTION('center_axis',(-1.,-2.37904933848248E-16,0.));
#4388=DIRECTION('ref_axis',(2.37904933848248E-16,-1.,0.));
#4389=DIRECTION('',(0.,0.,1.));
#4390=DIRECTION('center_axis',(-4.44089209850106E-15,-1.,0.));
#4391=DIRECTION('ref_axis',(1.,-4.44089209850106E-15,0.));
#4392=DIRECTION('',(0.,0.,1.));
#4393=DIRECTION('center_axis',(0.,0.,1.));
#4394=DIRECTION('ref_axis',(-0.0333240766453869,-0.999444598722577,0.));
#4395=DIRECTION('',(0.,0.,1.));
#4396=DIRECTION('center_axis',(-1.,0.,0.));
#4397=DIRECTION('ref_axis',(0.,-1.,0.));
#4398=DIRECTION('',(0.,0.,1.));
#4399=DIRECTION('center_axis',(0.,0.,1.));
#4400=DIRECTION('ref_axis',(5.42624971769203E-17,1.,0.));
#4401=DIRECTION('',(0.,0.,1.));
#4402=DIRECTION('center_axis',(-1.,-5.37204689334753E-17,0.));
#4403=DIRECTION('ref_axis',(5.37204689334753E-17,-1.,0.));
#4404=DIRECTION('',(0.,0.,1.));
#4405=DIRECTION('center_axis',(0.,0.,1.));
#4406=DIRECTION('ref_axis',(-0.0333240766453869,-0.999444598722577,0.));
#4407=DIRECTION('',(0.,0.,1.));
#4408=DIRECTION('center_axis',(-1.,0.,0.));
#4409=DIRECTION('ref_axis',(0.,-1.,0.));
#4410=DIRECTION('',(0.,0.,1.));
#4411=DIRECTION('center_axis',(0.,0.,1.));
#4412=DIRECTION('ref_axis',(5.42624971769203E-17,1.,0.));
#4413=DIRECTION('',(0.,0.,1.));
#4414=DIRECTION('center_axis',(-1.,-5.37204689334753E-17,0.));
#4415=DIRECTION('ref_axis',(5.37204689334753E-17,-1.,0.));
#4416=DIRECTION('',(0.,0.,1.));
#4417=DIRECTION('center_axis',(0.,0.,1.));
#4418=DIRECTION('ref_axis',(-0.0333240766453869,-0.999444598722577,0.));
#4419=DIRECTION('',(0.,0.,1.));
#4420=DIRECTION('center_axis',(-1.,0.,0.));
#4421=DIRECTION('ref_axis',(0.,-1.,0.));
#4422=DIRECTION('',(0.,0.,1.));
#4423=DIRECTION('center_axis',(0.,0.,1.));
#4424=DIRECTION('ref_axis',(5.42624971769203E-17,1.,0.));
#4425=DIRECTION('',(0.,0.,1.));
#4426=DIRECTION('center_axis',(-1.,-5.37204689334753E-17,0.));
#4427=DIRECTION('ref_axis',(5.37204689334753E-17,-1.,0.));
#4428=DIRECTION('',(0.,0.,1.));
#4429=DIRECTION('center_axis',(0.,0.,1.));
#4430=DIRECTION('ref_axis',(-0.0333240766453869,-0.999444598722577,0.));
#4431=DIRECTION('',(0.,0.,1.));
#4432=DIRECTION('center_axis',(-1.,0.,0.));
#4433=DIRECTION('ref_axis',(0.,-1.,0.));
#4434=DIRECTION('',(0.,0.,1.));
#4435=DIRECTION('center_axis',(0.,0.,1.));
#4436=DIRECTION('ref_axis',(6.16619286101367E-18,1.,0.));
#4437=DIRECTION('',(0.,0.,1.));
#4438=DIRECTION('center_axis',(-1.,-5.37204689334753E-17,0.));
#4439=DIRECTION('ref_axis',(5.37204689334753E-17,-1.,0.));
#4440=DIRECTION('',(0.,0.,1.));
#4441=DIRECTION('center_axis',(0.,0.,1.));
#4442=DIRECTION('ref_axis',(-0.0644490644490625,-0.997920997920998,0.));
#4443=DIRECTION('',(0.,0.,1.));
#4444=DIRECTION('center_axis',(-1.,0.,0.));
#4445=DIRECTION('ref_axis',(0.,-1.,0.));
#4446=DIRECTION('',(0.,0.,1.));
#4447=DIRECTION('center_axis',(0.,0.,1.));
#4448=DIRECTION('ref_axis',(4.1546807574329E-17,1.,0.));
#4449=DIRECTION('center_axis',(0.,-1.,0.));
#4450=DIRECTION('ref_axis',(1.,0.,0.));
#4451=DIRECTION('center_axis',(0.556350832689639,0.830947501931106,0.));
#4452=DIRECTION('ref_axis',(-0.830947501931106,0.556350832689639,0.));
#4453=DIRECTION('',(0.,0.,1.));
#4454=DIRECTION('center_axis',(0.,0.,1.));
#4455=DIRECTION('ref_axis',(1.,2.54207057918564E-15,0.));
#4456=DIRECTION('center_axis',(-1.,0.,0.));
#4457=DIRECTION('ref_axis',(0.,-1.,0.));
#4458=DIRECTION('center_axis',(0.,0.,1.));
#4459=DIRECTION('ref_axis',(-1.,0.,0.));
#4460=DIRECTION('center_axis',(1.,0.,0.));
#4461=DIRECTION('ref_axis',(0.,1.,0.));
#4462=DIRECTION('center_axis',(1.,-5.37204689334753E-17,0.));
#4463=DIRECTION('ref_axis',(5.37204689334753E-17,1.,0.));
#4464=DIRECTION('',(0.,0.,1.));
#4465=DIRECTION('center_axis',(0.,0.,1.));
#4466=DIRECTION('ref_axis',(0.0644490644490626,0.997920997920998,0.));
#4467=DIRECTION('',(0.,0.,1.));
#4468=DIRECTION('center_axis',(1.,0.,0.));
#4469=DIRECTION('ref_axis',(0.,1.,0.));
#4470=DIRECTION('',(0.,0.,1.));
#4471=DIRECTION('center_axis',(0.,0.,1.));
#4472=DIRECTION('ref_axis',(-4.1546807574329E-17,-1.,0.));
#4473=DIRECTION('',(0.,0.,1.));
#4474=DIRECTION('center_axis',(1.,-5.37204689334753E-17,0.));
#4475=DIRECTION('ref_axis',(5.37204689334753E-17,1.,0.));
#4476=DIRECTION('',(0.,0.,1.));
#4477=DIRECTION('center_axis',(0.,0.,1.));
#4478=DIRECTION('ref_axis',(0.0333240766453869,0.999444598722577,0.));
#4479=DIRECTION('',(0.,0.,1.));
#4480=DIRECTION('center_axis',(1.,0.,0.));
#4481=DIRECTION('ref_axis',(0.,1.,0.));
#4482=DIRECTION('',(0.,0.,1.));
#4483=DIRECTION('center_axis',(0.,0.,1.));
#4484=DIRECTION('ref_axis',(-3.57639185938793E-17,-1.,0.));
#4485=DIRECTION('',(0.,0.,1.));
#4486=DIRECTION('center_axis',(1.,-5.37204689334753E-17,0.));
#4487=DIRECTION('ref_axis',(5.37204689334753E-17,1.,0.));
#4488=DIRECTION('',(0.,0.,1.));
#4489=DIRECTION('center_axis',(0.,0.,1.));
#4490=DIRECTION('ref_axis',(0.0333240766453869,0.999444598722577,0.));
#4491=DIRECTION('',(0.,0.,1.));
#4492=DIRECTION('center_axis',(1.,0.,0.));
#4493=DIRECTION('ref_axis',(0.,1.,0.));
#4494=DIRECTION('',(0.,0.,1.));
#4495=DIRECTION('center_axis',(0.,0.,1.));
#4496=DIRECTION('ref_axis',(-5.42624971769203E-17,-1.,0.));
#4497=DIRECTION('',(0.,0.,1.));
#4498=DIRECTION('center_axis',(1.,-5.37204689334753E-17,0.));
#4499=DIRECTION('ref_axis',(5.37204689334753E-17,1.,0.));
#4500=DIRECTION('',(0.,0.,1.));
#4501=DIRECTION('center_axis',(0.,0.,1.));
#4502=DIRECTION('ref_axis',(0.0333240766453869,0.999444598722577,0.));
#4503=DIRECTION('',(0.,0.,1.));
#4504=DIRECTION('center_axis',(1.,0.,0.));
#4505=DIRECTION('ref_axis',(0.,1.,0.));
#4506=DIRECTION('',(0.,0.,1.));
#4507=DIRECTION('center_axis',(0.,0.,1.));
#4508=DIRECTION('ref_axis',(-5.42624971769203E-17,-1.,0.));
#4509=DIRECTION('',(0.,0.,1.));
#4510=DIRECTION('center_axis',(1.,-5.37204689334753E-17,0.));
#4511=DIRECTION('ref_axis',(5.37204689334753E-17,1.,0.));
#4512=DIRECTION('',(0.,0.,1.));
#4513=DIRECTION('center_axis',(0.,0.,1.));
#4514=DIRECTION('ref_axis',(0.0333240766453869,0.999444598722577,0.));
#4515=DIRECTION('',(0.,0.,1.));
#4516=DIRECTION('center_axis',(1.,0.,0.));
#4517=DIRECTION('ref_axis',(0.,1.,0.));
#4518=DIRECTION('',(0.,0.,1.));
#4519=DIRECTION('center_axis',(0.,0.,1.));
#4520=DIRECTION('ref_axis',(-5.42624971769203E-17,-1.,0.));
#4521=DIRECTION('',(0.,0.,1.));
#4522=DIRECTION('center_axis',(9.32587340685224E-14,-1.,0.));
#4523=DIRECTION('ref_axis',(1.,9.32587340685224E-14,0.));
#4524=DIRECTION('',(0.,0.,1.));
#4525=DIRECTION('center_axis',(1.,-2.37904933848248E-16,0.));
#4526=DIRECTION('ref_axis',(2.37904933848248E-16,1.,0.));
#4527=DIRECTION('',(0.,0.,1.));
#4528=DIRECTION('center_axis',(0.,1.,0.));
#4529=DIRECTION('ref_axis',(-1.,0.,0.));
#4530=DIRECTION('',(0.,0.,1.));
#4531=DIRECTION('center_axis',(0.,0.,1.));
#4532=DIRECTION('ref_axis',(0.0333240766453869,0.999444598722577,0.));
#4533=DIRECTION('',(0.,0.,1.));
#4534=DIRECTION('center_axis',(1.,0.,0.));
#4535=DIRECTION('ref_axis',(0.,1.,0.));
#4536=DIRECTION('',(0.,0.,1.));
#4537=DIRECTION('center_axis',(0.,0.,1.));
#4538=DIRECTION('ref_axis',(-5.42624971769203E-17,-1.,0.));
#4539=DIRECTION('',(0.,0.,1.));
#4540=DIRECTION('center_axis',(-1.33226762956163E-13,-1.,0.));
#4541=DIRECTION('ref_axis',(1.,-1.33226762956163E-13,0.));
#4542=DIRECTION('',(0.,0.,1.));
#4543=DIRECTION('center_axis',(1.,-2.37904933848248E-16,0.));
#4544=DIRECTION('ref_axis',(2.37904933848248E-16,1.,0.));
#4545=DIRECTION('',(0.,0.,1.));
#4546=DIRECTION('center_axis',(0.,1.,0.));
#4547=DIRECTION('ref_axis',(-1.,0.,0.));
#4548=DIRECTION('',(0.,0.,1.));
#4549=DIRECTION('center_axis',(0.,0.,1.));
#4550=DIRECTION('ref_axis',(0.0333240766453869,0.999444598722577,0.));
#4551=DIRECTION('',(0.,0.,1.));
#4552=DIRECTION('center_axis',(1.,0.,0.));
#4553=DIRECTION('ref_axis',(0.,1.,0.));
#4554=DIRECTION('',(0.,0.,1.));
#4555=DIRECTION('center_axis',(0.,0.,1.));
#4556=DIRECTION('ref_axis',(-5.42624971769203E-17,-1.,0.));
#4557=DIRECTION('',(0.,0.,1.));
#4558=DIRECTION('center_axis',(-2.30926389122107E-13,-1.,0.));
#4559=DIRECTION('ref_axis',(1.,-2.30926389122107E-13,0.));
#4560=DIRECTION('',(0.,0.,1.));
#4561=DIRECTION('center_axis',(1.,-2.37904933848248E-16,0.));
#4562=DIRECTION('ref_axis',(2.37904933848248E-16,1.,0.));
#4563=DIRECTION('',(0.,0.,1.));
#4564=DIRECTION('center_axis',(0.,1.,0.));
#4565=DIRECTION('ref_axis',(-1.,0.,0.));
#4566=DIRECTION('',(0.,0.,1.));
#4567=DIRECTION('center_axis',(0.,0.,1.));
#4568=DIRECTION('ref_axis',(0.0333240766453869,0.999444598722577,0.));
#4569=DIRECTION('',(0.,0.,1.));
#4570=DIRECTION('center_axis',(1.,0.,0.));
#4571=DIRECTION('ref_axis',(0.,1.,0.));
#4572=DIRECTION('',(0.,0.,1.));
#4573=DIRECTION('center_axis',(0.,0.,1.));
#4574=DIRECTION('ref_axis',(-5.42624971769203E-17,-1.,0.));
#4575=DIRECTION('',(0.,0.,1.));
#4576=DIRECTION('center_axis',(-0.00583161468934096,-0.999982995990489,
0.));
#4577=DIRECTION('ref_axis',(0.999982995990489,-0.00583161468934096,0.));
#4578=DIRECTION('',(0.,0.,1.));
#4579=DIRECTION('center_axis',(1.,-2.37904933848248E-16,0.));
#4580=DIRECTION('ref_axis',(2.37904933848248E-16,1.,0.));
#4581=DIRECTION('',(0.,0.,1.));
#4582=DIRECTION('center_axis',(0.,0.,1.));
#4583=DIRECTION('ref_axis',(0.0887136520453369,0.996057171020208,0.));
#4584=DIRECTION('center_axis',(1.,0.,0.));
#4585=DIRECTION('ref_axis',(0.,1.,0.));
#4586=DIRECTION('',(0.,0.,1.));
#4587=DIRECTION('center_axis',(0.,0.,1.));
#4588=DIRECTION('ref_axis',(1.,0.,0.));
#4589=DIRECTION('',(0.,0.,1.));
#4590=DIRECTION('center_axis',(-1.2509555207044E-16,-1.,0.));
#4591=DIRECTION('ref_axis',(1.,-1.2509555207044E-16,0.));
#4592=DIRECTION('',(0.,0.,1.));
#4593=DIRECTION('center_axis',(0.,0.,1.));
#4594=DIRECTION('ref_axis',(1.83697019872103E-16,1.,0.));
#4595=DIRECTION('',(0.,0.,1.));
#4596=DIRECTION('center_axis',(-1.2509555207044E-16,-1.,0.));
#4597=DIRECTION('ref_axis',(1.,-1.2509555207044E-16,0.));
#4598=DIRECTION('',(0.,0.,1.));
#4599=DIRECTION('center_axis',(0.,0.,1.));
#4600=DIRECTION('ref_axis',(1.,0.,0.));
#4601=DIRECTION('center_axis',(1.,-2.37904933848248E-16,0.));
#4602=DIRECTION('ref_axis',(2.37904933848248E-16,1.,0.));
#4603=DIRECTION('center_axis',(1.,0.,0.));
#4604=DIRECTION('ref_axis',(0.,1.,0.));
#4605=DIRECTION('',(0.,0.,1.));
#4606=DIRECTION('center_axis',(0.,0.,1.));
#4607=DIRECTION('ref_axis',(1.,0.,0.));
#4608=DIRECTION('',(0.,0.,1.));
#4609=DIRECTION('center_axis',(-1.2509555207044E-16,-1.,0.));
#4610=DIRECTION('ref_axis',(1.,-1.2509555207044E-16,0.));
#4611=DIRECTION('',(0.,0.,1.));
#4612=DIRECTION('center_axis',(0.,0.,1.));
#4613=DIRECTION('ref_axis',(-7.04481399828022E-16,1.,0.));
#4614=DIRECTION('',(0.,0.,1.));
#4615=DIRECTION('center_axis',(-1.2509555207044E-16,-1.,0.));
#4616=DIRECTION('ref_axis',(1.,-1.2509555207044E-16,0.));
#4617=CARTESIAN_POINT('',(0.,0.,0.));
#4618=CARTESIAN_POINT('Origin',(4.44089209850063E-15,-18.75,6.));
#4619=CARTESIAN_POINT('',(-2.49999999999999,-19.,6.));
#4620=CARTESIAN_POINT('',(2.5,-19.,6.));
#4621=CARTESIAN_POINT('Origin',(4.44089209850063E-15,-19.,6.));
#4622=CARTESIAN_POINT('',(2.,-18.5,6.));
#4623=CARTESIAN_POINT('',(2.25,-18.75,6.));
#4624=CARTESIAN_POINT('',(-2.,-18.5,6.));
#4625=CARTESIAN_POINT('Origin',(4.44089209850063E-15,-18.5,6.));
#4626=CARTESIAN_POINT('Origin',(4.44089209850063E-15,-18.5,6.));
#4627=CARTESIAN_POINT('Origin',(4.44089209850063E-15,-19.,6.));
#4628=CARTESIAN_POINT('Origin',(-2.49999999999999,-19.,0.));
#4629=CARTESIAN_POINT('',(-2.49999999999999,-19.,0.));
#4630=CARTESIAN_POINT('',(-2.49999999999999,-19.,0.));
#4631=CARTESIAN_POINT('',(2.5,-19.,0.));
#4632=CARTESIAN_POINT('',(-2.74999999999999,-19.,0.));
#4633=CARTESIAN_POINT('',(2.5,-19.,0.));
#4634=CARTESIAN_POINT('Origin',(-2.49999999999999,-19.,0.));
#4635=CARTESIAN_POINT('',(2.5,-19.,15.));
#4636=CARTESIAN_POINT('',(2.5,-19.,0.));
#4637=CARTESIAN_POINT('',(-2.49999999999999,-19.,15.));
#4638=CARTESIAN_POINT('',(-2.74999999999999,-19.,15.));
#4639=CARTESIAN_POINT('',(-2.49999999999999,-19.,0.));
#4640=CARTESIAN_POINT('Origin',(4.44089209850063E-15,-11.5,6.));
#4641=CARTESIAN_POINT('',(-2.,-5.,6.));
#4642=CARTESIAN_POINT('',(-2.,-11.5,6.));
#4643=CARTESIAN_POINT('Origin',(4.44089209850063E-15,-5.,6.));
#4644=CARTESIAN_POINT('',(-1.24999999999999,-13.,4.4387505004004));
#4645=CARTESIAN_POINT('Ctrl Pts',(-1.24999999999999,-13.,4.4387505004004));
#4646=CARTESIAN_POINT('Ctrl Pts',(-1.24999999999999,-13.1631066156987,4.4387505004004));
#4647=CARTESIAN_POINT('Ctrl Pts',(-1.21644696227961,-13.3320273350086,4.41052020712166));
#4648=CARTESIAN_POINT('Ctrl Pts',(-1.08783860860903,-13.6376468410954,4.31988226293392));
#4649=CARTESIAN_POINT('Ctrl Pts',(-0.99279759954469,-13.7749693534217,4.25957062532813));
#4650=CARTESIAN_POINT('Ctrl Pts',(-0.775830056107311,-13.9919368968591,
4.15267838884801));
#4651=CARTESIAN_POINT('Ctrl Pts',(-0.638287359153761,-14.0875668192666,
4.09800045318683));
#4652=CARTESIAN_POINT('Ctrl Pts',(-0.331412560416587,-14.2167079182561,
4.02131892790296));
#4653=CARTESIAN_POINT('Ctrl Pts',(-0.161817652447329,-14.25,4.));
#4654=CARTESIAN_POINT('Ctrl Pts',(0.161817652447343,-14.25,4.));
#4655=CARTESIAN_POINT('Ctrl Pts',(0.331412560416601,-14.2167079182561,4.02131892790296));
#4656=CARTESIAN_POINT('Ctrl Pts',(0.638287359153776,-14.0875668192666,4.09800045318683));
#4657=CARTESIAN_POINT('Ctrl Pts',(0.775830056107326,-13.9919368968591,4.15267838884801));
#4658=CARTESIAN_POINT('Ctrl Pts',(0.992797599544704,-13.7749693534217,4.25957062532813));
#4659=CARTESIAN_POINT('Ctrl Pts',(1.08783860860905,-13.6376468410954,4.31988226293392));
#4660=CARTESIAN_POINT('Ctrl Pts',(1.21644696227963,-13.3320273350086,4.41052020712166));
#4661=CARTESIAN_POINT('Ctrl Pts',(1.25000000000001,-13.1631066156987,4.4387505004004));
#4662=CARTESIAN_POINT('Ctrl Pts',(1.25000000000001,-12.8368933843013,4.4387505004004));
#4663=CARTESIAN_POINT('Ctrl Pts',(1.21644696227963,-12.6679726649915,4.41052020712166));
#4664=CARTESIAN_POINT('Ctrl Pts',(1.08783860860905,-12.3623531589046,4.31988226293392));
#4665=CARTESIAN_POINT('Ctrl Pts',(0.992797599544704,-12.2250306465783,4.25957062532813));
#4666=CARTESIAN_POINT('Ctrl Pts',(0.775830056107325,-12.008063103141,4.15267838884801));
#4667=CARTESIAN_POINT('Ctrl Pts',(0.638287359153776,-11.9124331807334,4.09800045318683));
#4668=CARTESIAN_POINT('Ctrl Pts',(0.331412560416602,-11.7832920817439,4.02131892790296));
#4669=CARTESIAN_POINT('Ctrl Pts',(0.161817652447343,-11.75,4.));
#4670=CARTESIAN_POINT('Ctrl Pts',(-0.161817652447328,-11.75,4.));
#4671=CARTESIAN_POINT('Ctrl Pts',(-0.331412560416587,-11.7832920817439,
4.02131892790296));
#4672=CARTESIAN_POINT('Ctrl Pts',(-0.638287359153761,-11.9124331807334,
4.09800045318683));
#4673=CARTESIAN_POINT('Ctrl Pts',(-0.77583005610731,-12.008063103141,4.15267838884801));
#4674=CARTESIAN_POINT('Ctrl Pts',(-0.992797599544689,-12.2250306465783,
4.25957062532813));
#4675=CARTESIAN_POINT('Ctrl Pts',(-1.08783860860903,-12.3623531589046,4.31988226293392));
#4676=CARTESIAN_POINT('Ctrl Pts',(-1.21644696227961,-12.6679726649915,4.41052020712166));
#4677=CARTESIAN_POINT('Ctrl Pts',(-1.24999999999999,-12.8368933843013,4.43875050040039));
#4678=CARTESIAN_POINT('Ctrl Pts',(-1.24999999999999,-13.,4.43875050040039));
#4679=CARTESIAN_POINT('',(-1.24999999999999,-17.,4.4387505004004));
#4680=CARTESIAN_POINT('Ctrl Pts',(-1.24999999999999,-17.,4.4387505004004));
#4681=CARTESIAN_POINT('Ctrl Pts',(-1.24999999999999,-17.1631066156987,4.4387505004004));
#4682=CARTESIAN_POINT('Ctrl Pts',(-1.21644696227962,-17.3320273350086,4.41052020712166));
#4683=CARTESIAN_POINT('Ctrl Pts',(-1.08783860860903,-17.6376468410954,4.31988226293392));
#4684=CARTESIAN_POINT('Ctrl Pts',(-0.992797599544691,-17.7749693534217,
4.25957062532813));
#4685=CARTESIAN_POINT('Ctrl Pts',(-0.775830056107312,-17.9919368968591,
4.15267838884801));
#4686=CARTESIAN_POINT('Ctrl Pts',(-0.638287359153761,-18.0875668192666,
4.09800045318683));
#4687=CARTESIAN_POINT('Ctrl Pts',(-0.331412560416587,-18.2167079182561,
4.02131892790296));
#4688=CARTESIAN_POINT('Ctrl Pts',(-0.161817652447329,-18.25,4.));
#4689=CARTESIAN_POINT('Ctrl Pts',(0.161817652447342,-18.25,4.));
#4690=CARTESIAN_POINT('Ctrl Pts',(0.331412560416601,-18.2167079182561,4.02131892790296));
#4691=CARTESIAN_POINT('Ctrl Pts',(0.638287359153776,-18.0875668192666,4.09800045318683));
#4692=CARTESIAN_POINT('Ctrl Pts',(0.775830056107325,-17.9919368968591,4.15267838884801));
#4693=CARTESIAN_POINT('Ctrl Pts',(0.992797599544704,-17.7749693534217,4.25957062532813));
#4694=CARTESIAN_POINT('Ctrl Pts',(1.08783860860905,-17.6376468410954,4.31988226293392));
#4695=CARTESIAN_POINT('Ctrl Pts',(1.21644696227963,-17.3320273350086,4.41052020712166));
#4696=CARTESIAN_POINT('Ctrl Pts',(1.25000000000001,-17.1631066156987,4.4387505004004));
#4697=CARTESIAN_POINT('Ctrl Pts',(1.25000000000001,-16.8368933843013,4.4387505004004));
#4698=CARTESIAN_POINT('Ctrl Pts',(1.21644696227963,-16.6679726649914,4.41052020712166));
#4699=CARTESIAN_POINT('Ctrl Pts',(1.08783860860904,-16.3623531589046,4.31988226293392));
#4700=CARTESIAN_POINT('Ctrl Pts',(0.992797599544704,-16.2250306465783,4.25957062532813));
#4701=CARTESIAN_POINT('Ctrl Pts',(0.775830056107325,-16.008063103141,4.15267838884801));
#4702=CARTESIAN_POINT('Ctrl Pts',(0.638287359153774,-15.9124331807334,4.09800045318683));
#4703=CARTESIAN_POINT('Ctrl Pts',(0.331412560416599,-15.7832920817439,4.02131892790296));
#4704=CARTESIAN_POINT('Ctrl Pts',(0.161817652447342,-15.75,4.));
#4705=CARTESIAN_POINT('Ctrl Pts',(-0.161817652447329,-15.75,4.));
#4706=CARTESIAN_POINT('Ctrl Pts',(-0.331412560416588,-15.7832920817439,
4.02131892790296));
#4707=CARTESIAN_POINT('Ctrl Pts',(-0.638287359153761,-15.9124331807334,
4.09800045318683));
#4708=CARTESIAN_POINT('Ctrl Pts',(-0.77583005610731,-16.008063103141,4.15267838884801));
#4709=CARTESIAN_POINT('Ctrl Pts',(-0.99279759954469,-16.2250306465783,4.25957062532813));
#4710=CARTESIAN_POINT('Ctrl Pts',(-1.08783860860903,-16.3623531589046,4.31988226293392));
#4711=CARTESIAN_POINT('Ctrl Pts',(-1.21644696227962,-16.6679726649915,4.41052020712166));
#4712=CARTESIAN_POINT('Ctrl Pts',(-1.24999999999999,-16.8368933843013,4.4387505004004));
#4713=CARTESIAN_POINT('Ctrl Pts',(-1.24999999999999,-17.,4.4387505004004));
#4714=CARTESIAN_POINT('Origin',(14.936057606954,8.,0.));
#4715=CARTESIAN_POINT('',(14.936057606954,7.5,15.));
#4716=CARTESIAN_POINT('',(14.6110960707685,7.62,15.));
#4717=CARTESIAN_POINT('Origin',(14.936057606954,8.,15.));
#4718=CARTESIAN_POINT('',(14.6110960707685,7.62,0.));
#4719=CARTESIAN_POINT('',(14.6110960707685,7.62,0.));
#4720=CARTESIAN_POINT('',(14.936057606954,7.5,0.));
#4721=CARTESIAN_POINT('Origin',(14.936057606954,8.,0.));
#4722=CARTESIAN_POINT('',(14.936057606954,7.5,0.));
#4723=CARTESIAN_POINT('Origin',(-18.25,-21.,15.));
#4724=CARTESIAN_POINT('',(17.25,7.5,15.));
#4725=CARTESIAN_POINT('',(14.75,7.5,15.));
#4726=CARTESIAN_POINT('',(17.75,8.,15.));
#4727=CARTESIAN_POINT('Origin',(17.25,8.,15.));
#4728=CARTESIAN_POINT('',(17.75,10.6254033307585,15.));
#4729=CARTESIAN_POINT('',(17.75,-22.5,15.));
#4730=CARTESIAN_POINT('',(17.4387298334621,10.7915928311447,15.));
#4731=CARTESIAN_POINT('Origin',(17.55,10.6254033307585,15.));
#4732=CARTESIAN_POINT('',(16.945438540862,10.4613156225861,15.));
#4733=CARTESIAN_POINT('',(17.75,11.,15.));
#4734=CARTESIAN_POINT('',(16.945438540862,12.5386843774139,15.));
#4735=CARTESIAN_POINT('Origin',(16.25,11.5,15.));
#4736=CARTESIAN_POINT('',(17.4387298334621,12.2084071688553,15.));
#4737=CARTESIAN_POINT('',(16.945438540862,12.5386843774139,15.));
#4738=CARTESIAN_POINT('',(17.75,12.3745966692415,15.));
#4739=CARTESIAN_POINT('Origin',(17.55,12.3745966692415,15.));
#4740=CARTESIAN_POINT('',(17.75,16.,15.));
#4741=CARTESIAN_POINT('',(17.75,-22.5,15.));
#4742=CARTESIAN_POINT('',(-17.75,16.,15.));
#4743=CARTESIAN_POINT('',(-9.12499999999999,16.,15.));
#4744=CARTESIAN_POINT('',(-17.75,12.3745966692415,15.));
#4745=CARTESIAN_POINT('',(-17.75,22.5,15.));
#4746=CARTESIAN_POINT('',(-17.4387298334621,12.2084071688553,15.));
#4747=CARTESIAN_POINT('Origin',(-17.55,12.3745966692415,15.));
#4748=CARTESIAN_POINT('',(-16.945438540862,12.5386843774139,15.));
#4749=CARTESIAN_POINT('',(-17.75,12.,15.));
#4750=CARTESIAN_POINT('',(-16.945438540862,10.4613156225861,15.));
#4751=CARTESIAN_POINT('Origin',(-16.25,11.5,15.));
#4752=CARTESIAN_POINT('',(-17.4387298334621,10.7915928311447,15.));
#4753=CARTESIAN_POINT('',(-16.945438540862,10.4613156225861,15.));
#4754=CARTESIAN_POINT('',(-17.75,10.6254033307585,15.));
#4755=CARTESIAN_POINT('Origin',(-17.55,10.6254033307585,15.));
#4756=CARTESIAN_POINT('',(-17.75,8.,15.));
#4757=CARTESIAN_POINT('',(-17.75,22.5,15.));
#4758=CARTESIAN_POINT('',(-17.25,7.5,15.));
#4759=CARTESIAN_POINT('Origin',(-17.25,8.,15.));
#4760=CARTESIAN_POINT('',(-14.9360576069539,7.5,15.));
#4761=CARTESIAN_POINT('',(-17.75,7.5,15.));
#4762=CARTESIAN_POINT('',(-14.6110960707685,7.62,15.));
#4763=CARTESIAN_POINT('Origin',(-14.9360576069539,8.,15.));
#4764=CARTESIAN_POINT('',(-4.99615384615384,11.8612476903003,15.));
#4765=CARTESIAN_POINT('Origin',(-2.74999999999999,-6.25000000000002,15.));
#4766=CARTESIAN_POINT('',(-2.74999999999999,9.87645342287014,15.));
#4767=CARTESIAN_POINT('Origin',(-4.74999999999999,9.87645342287014,15.));
#4768=CARTESIAN_POINT('',(-2.75000000000001,5.49999999999257,15.));
#4769=CARTESIAN_POINT('',(-2.74999999999999,12.,15.));
#4770=CARTESIAN_POINT('',(-10.4999999999999,5.24999999999256,15.));
#4771=CARTESIAN_POINT('Origin',(-2.75000000000001,-114.750000000004,15.));
#4772=CARTESIAN_POINT('',(-10.4999999999995,4.75000000000744,15.));
#4773=CARTESIAN_POINT('',(-10.5,5.49999999999999,15.));
#4774=CARTESIAN_POINT('',(-2.75000000000009,4.50000000000746,15.));
#4775=CARTESIAN_POINT('Origin',(-2.75000000000001,124.750000000004,15.));
#4776=CARTESIAN_POINT('',(-2.74999999999999,2.49999999999998,15.));
#4777=CARTESIAN_POINT('',(-2.74999999999999,12.,15.));
#4778=CARTESIAN_POINT('',(-17.75,2.25000000000002,15.));
#4779=CARTESIAN_POINT('Origin',(-2.74999999999999,-447.624999999856,15.));
#4780=CARTESIAN_POINT('',(-17.75,1.75000000000004,15.));
#4781=CARTESIAN_POINT('',(-17.75,22.5,15.));
#4782=CARTESIAN_POINT('',(-2.74999999999963,1.50000000001927,15.));
#4783=CARTESIAN_POINT('Origin',(-2.74999999999999,451.624999999856,15.));
#4784=CARTESIAN_POINT('',(-2.74999999999997,-1.93267624126747E-11,15.));
#4785=CARTESIAN_POINT('',(-2.74999999999999,12.,15.));
#4786=CARTESIAN_POINT('',(-17.75,-0.249999999999986,15.));
#4787=CARTESIAN_POINT('Origin',(-2.74999999999999,-450.124999999856,15.));
#4788=CARTESIAN_POINT('',(-17.75,-0.749999999999957,15.));
#4789=CARTESIAN_POINT('',(-17.75,22.5,15.));
#4790=CARTESIAN_POINT('',(-2.74999999999963,-0.999999999980736,15.));
#4791=CARTESIAN_POINT('Origin',(-2.74999999999999,449.124999999856,15.));
#4792=CARTESIAN_POINT('',(-2.74999999999997,-2.50000000001933,15.));
#4793=CARTESIAN_POINT('',(-2.74999999999999,12.,15.));
#4794=CARTESIAN_POINT('',(-17.75,-2.74999999999999,15.));
#4795=CARTESIAN_POINT('Origin',(-2.74999999999999,-452.624999999856,15.));
#4796=CARTESIAN_POINT('',(-17.75,-3.24999999999996,15.));
#4797=CARTESIAN_POINT('',(-17.75,22.5,15.));
#4798=CARTESIAN_POINT('',(-2.74999999999963,-3.49999999998074,15.));
#4799=CARTESIAN_POINT('Origin',(-2.74999999999999,446.624999999856,15.));
#4800=CARTESIAN_POINT('',(-2.74999999999997,-5.00000000001933,15.));
#4801=CARTESIAN_POINT('',(-2.74999999999999,12.,15.));
#4802=CARTESIAN_POINT('',(-17.75,-5.24999999999999,15.));
#4803=CARTESIAN_POINT('Origin',(-2.74999999999999,-455.124999999856,15.));
#4804=CARTESIAN_POINT('',(-17.75,-5.74999999999996,15.));
#4805=CARTESIAN_POINT('',(-17.75,22.5,15.));
#4806=CARTESIAN_POINT('',(-2.74999999999997,-6.00000000000003,15.));
#4807=CARTESIAN_POINT('Origin',(-2.74999999999999,444.124999999856,15.));
#4808=CARTESIAN_POINT('',(-2.49999999999999,-6.00000000000003,15.));
#4809=CARTESIAN_POINT('',(-2.74999999999997,-6.00000000000003,15.));
#4810=CARTESIAN_POINT('',(-2.49999999999999,-7.5,15.));
#4811=CARTESIAN_POINT('',(-2.49999999999999,-5.00000000000001,15.));
#4812=CARTESIAN_POINT('',(-2.74999999999997,-7.5,15.));
#4813=CARTESIAN_POINT('',(-2.49999999999999,-7.5,15.));
#4814=CARTESIAN_POINT('',(-17.75,-7.74999999999999,15.));
#4815=CARTESIAN_POINT('Origin',(-2.74999999999999,-457.624999999856,15.));
#4816=CARTESIAN_POINT('',(-17.75,-8.24999999999996,15.));
#4817=CARTESIAN_POINT('',(-17.75,22.5,15.));
#4818=CARTESIAN_POINT('',(-2.74999999999997,-8.50000000000003,15.));
#4819=CARTESIAN_POINT('Origin',(-2.74999999999999,441.624999999856,15.));
#4820=CARTESIAN_POINT('',(-2.49999999999999,-8.50000000000003,15.));
#4821=CARTESIAN_POINT('',(-2.74999999999997,-8.50000000000003,15.));
#4822=CARTESIAN_POINT('',(-2.49999999999999,-10.,15.));
#4823=CARTESIAN_POINT('',(-2.49999999999999,-5.00000000000001,15.));
#4824=CARTESIAN_POINT('',(-2.74999999999997,-10.,15.));
#4825=CARTESIAN_POINT('',(-2.49999999999999,-10.,15.));
#4826=CARTESIAN_POINT('',(-17.75,-10.25,15.));
#4827=CARTESIAN_POINT('Origin',(-2.74999999999999,-460.124999999856,15.));
#4828=CARTESIAN_POINT('',(-17.75,-10.75,15.));
#4829=CARTESIAN_POINT('',(-17.75,22.5,15.));
#4830=CARTESIAN_POINT('',(-2.74999999999997,-11.,15.));
#4831=CARTESIAN_POINT('Origin',(-2.74999999999999,439.124999999856,15.));
#4832=CARTESIAN_POINT('',(-2.49999999999999,-11.,15.));
#4833=CARTESIAN_POINT('',(-2.74999999999997,-11.,15.));
#4834=CARTESIAN_POINT('',(-2.49999999999999,-12.5,15.));
#4835=CARTESIAN_POINT('',(-2.49999999999999,-5.00000000000001,15.));
#4836=CARTESIAN_POINT('',(-2.74999999999997,-12.5,15.));
#4837=CARTESIAN_POINT('',(-2.49999999999999,-12.5,15.));
#4838=CARTESIAN_POINT('',(-17.75,-12.75,15.));
#4839=CARTESIAN_POINT('Origin',(-2.74999999999999,-462.624999999856,15.));
#4840=CARTESIAN_POINT('',(-17.75,-13.25,15.));
#4841=CARTESIAN_POINT('',(-17.75,22.5,15.));
#4842=CARTESIAN_POINT('',(-2.74999999999997,-13.5,15.));
#4843=CARTESIAN_POINT('Origin',(-2.74999999999999,436.624999999856,15.));
#4844=CARTESIAN_POINT('',(-2.49999999999999,-13.4999305748351,15.));
#4845=CARTESIAN_POINT('',(-2.74999999999997,-13.5,15.));
#4846=CARTESIAN_POINT('',(-2.49999999999999,-15.,15.));
#4847=CARTESIAN_POINT('',(-2.49999999999999,-5.00000000000001,15.));
#4848=CARTESIAN_POINT('',(-13.75,-15.5,15.));
#4849=CARTESIAN_POINT('Origin',(-2.49999999999997,-141.812500000008,15.));
#4850=CARTESIAN_POINT('',(-17.25,-15.5,15.));
#4851=CARTESIAN_POINT('',(-13.75,-15.5,15.));
#4852=CARTESIAN_POINT('',(-17.75,-16.,15.));
#4853=CARTESIAN_POINT('Origin',(-17.25,-16.,15.));
#4854=CARTESIAN_POINT('',(-17.75,-19.0505102572168,15.));
#4855=CARTESIAN_POINT('',(-17.75,22.5,15.));
#4856=CARTESIAN_POINT('',(-18.0357142857143,-19.7503644694406,15.));
#4857=CARTESIAN_POINT('Origin',(-18.75,-19.0505102572168,15.));
#4858=CARTESIAN_POINT('',(-18.5412878474779,-22.5,15.));
#4859=CARTESIAN_POINT('Origin',(-16.25,-21.5,15.));
#4860=CARTESIAN_POINT('',(-17.,-22.5,15.));
#4861=CARTESIAN_POINT('',(-17.75,-22.5,15.));
#4862=CARTESIAN_POINT('',(-15.5,-22.5,15.));
#4863=CARTESIAN_POINT('Origin',(-16.25,-21.5,15.));
#4864=CARTESIAN_POINT('',(-13.9587121525221,-22.5,15.));
#4865=CARTESIAN_POINT('',(-17.75,-22.5,15.));
#4866=CARTESIAN_POINT('',(-13.75,-21.5,15.));
#4867=CARTESIAN_POINT('Origin',(-16.25,-21.5,15.));
#4868=CARTESIAN_POINT('',(-13.75,-18.5,15.));
#4869=CARTESIAN_POINT('',(-13.75,-22.5,15.));
#4870=CARTESIAN_POINT('',(-12.75,-17.5,15.));
#4871=CARTESIAN_POINT('Origin',(-12.75,-18.5,15.));
#4872=CARTESIAN_POINT('',(-2.99999999999999,-17.5000000000001,15.));
#4873=CARTESIAN_POINT('',(-13.75,-17.5,15.));
#4874=CARTESIAN_POINT('',(-2.49999999999999,-18.,15.));
#4875=CARTESIAN_POINT('Origin',(-2.99999999999999,-18.,15.));
#4876=CARTESIAN_POINT('',(-2.49999999999999,-5.00000000000001,15.));
#4877=CARTESIAN_POINT('',(2.5,-18.0000000000001,15.));
#4878=CARTESIAN_POINT('',(2.5,-19.,15.));
#4879=CARTESIAN_POINT('',(3.,-17.5000000000001,15.));
#4880=CARTESIAN_POINT('Origin',(3.,-18.0000000000001,15.));
#4881=CARTESIAN_POINT('',(12.75,-17.5,15.));
#4882=CARTESIAN_POINT('',(2.49999999999999,-17.5000000000001,15.));
#4883=CARTESIAN_POINT('',(13.75,-18.5,15.));
#4884=CARTESIAN_POINT('Origin',(12.75,-18.5,15.));
#4885=CARTESIAN_POINT('',(13.75,-21.5,15.));
#4886=CARTESIAN_POINT('',(13.75,-17.5,15.));
#4887=CARTESIAN_POINT('',(13.9587121525221,-22.5,15.));
#4888=CARTESIAN_POINT('Origin',(16.25,-21.5,15.));
#4889=CARTESIAN_POINT('',(15.5,-22.5,15.));
#4890=CARTESIAN_POINT('',(-17.75,-22.5,15.));
#4891=CARTESIAN_POINT('',(17.,-22.5,15.));
#4892=CARTESIAN_POINT('Origin',(16.25,-21.5,15.));
#4893=CARTESIAN_POINT('',(18.5412878474779,-22.5,15.));
#4894=CARTESIAN_POINT('',(-17.75,-22.5,15.));
#4895=CARTESIAN_POINT('',(17.75,-19.5,15.));
#4896=CARTESIAN_POINT('Origin',(16.25,-21.5,15.));
#4897=CARTESIAN_POINT('',(17.75,-16.,15.));
#4898=CARTESIAN_POINT('',(17.75,-22.5,15.));
#4899=CARTESIAN_POINT('',(17.25,-15.5,15.));
#4900=CARTESIAN_POINT('Origin',(17.25,-16.,15.));
#4901=CARTESIAN_POINT('',(13.75,-15.5,15.));
#4902=CARTESIAN_POINT('',(17.75,-15.5,15.));
#4903=CARTESIAN_POINT('',(2.49999999999984,-15.,15.));
#4904=CARTESIAN_POINT('Origin',(2.49999999999998,-141.812500000008,15.));
#4905=CARTESIAN_POINT('',(2.5,-13.4985420715371,15.));
#4906=CARTESIAN_POINT('',(2.5,-19.,15.));
#4907=CARTESIAN_POINT('',(2.74999999999998,-13.5,15.));
#4908=CARTESIAN_POINT('',(2.50000000000001,-13.4985420715371,15.));
#4909=CARTESIAN_POINT('',(17.75,-13.25,15.));
#4910=CARTESIAN_POINT('Origin',(2.75000000000001,436.624999999856,15.));
#4911=CARTESIAN_POINT('',(17.75,-12.75,15.));
#4912=CARTESIAN_POINT('',(17.75,-22.5,15.));
#4913=CARTESIAN_POINT('',(2.74999999999998,-12.5,15.));
#4914=CARTESIAN_POINT('Origin',(2.75000000000001,-462.624999999856,15.));
#4915=CARTESIAN_POINT('',(2.5,-12.5,15.));
#4916=CARTESIAN_POINT('',(2.74999999999998,-12.5,15.));
#4917=CARTESIAN_POINT('',(2.5,-11.,15.));
#4918=CARTESIAN_POINT('',(2.5,-19.,15.));
#4919=CARTESIAN_POINT('',(2.74999999999992,-11.0000000000001,15.));
#4920=CARTESIAN_POINT('',(2.5,-11.,15.));
#4921=CARTESIAN_POINT('',(17.75,-10.75,15.));
#4922=CARTESIAN_POINT('Origin',(2.75000000000001,439.124999999856,15.));
#4923=CARTESIAN_POINT('',(17.75,-10.25,15.));
#4924=CARTESIAN_POINT('',(17.75,-22.5,15.));
#4925=CARTESIAN_POINT('',(2.74999999999998,-10.,15.));
#4926=CARTESIAN_POINT('Origin',(2.75000000000001,-460.124999999856,15.));
#4927=CARTESIAN_POINT('',(2.5,-10.,15.));
#4928=CARTESIAN_POINT('',(2.74999999999998,-10.,15.));
#4929=CARTESIAN_POINT('',(2.5,-8.50000000000005,15.));
#4930=CARTESIAN_POINT('',(2.5,-19.,15.));
#4931=CARTESIAN_POINT('',(2.74999999999786,-8.50000000000009,15.));
#4932=CARTESIAN_POINT('',(2.50000000000001,-8.50000000000005,15.));
#4933=CARTESIAN_POINT('',(17.75,-8.24999999999996,15.));
#4934=CARTESIAN_POINT('Origin',(2.75000000000001,441.624999999856,15.));
#4935=CARTESIAN_POINT('',(17.75,-7.74999999999999,15.));
#4936=CARTESIAN_POINT('',(17.75,-22.5,15.));
#4937=CARTESIAN_POINT('',(2.74999999999998,-7.5,15.));
#4938=CARTESIAN_POINT('Origin',(2.75000000000001,-457.624999999856,15.));
#4939=CARTESIAN_POINT('',(2.5,-7.5,15.));
#4940=CARTESIAN_POINT('',(2.74999999999998,-7.5,15.));
#4941=CARTESIAN_POINT('',(2.50000000000001,-6.00000000000005,15.));
#4942=CARTESIAN_POINT('',(2.5,-19.,15.));
#4943=CARTESIAN_POINT('',(2.74999999999998,-6.00000000000003,15.));
#4944=CARTESIAN_POINT('',(2.50000000000001,-6.00000000000005,15.));
#4945=CARTESIAN_POINT('',(17.75,-5.74999999999996,15.));
#4946=CARTESIAN_POINT('Origin',(2.75000000000001,444.124999999856,15.));
#4947=CARTESIAN_POINT('',(17.75,-5.24999999999999,15.));
#4948=CARTESIAN_POINT('',(17.75,-22.5,15.));
#4949=CARTESIAN_POINT('',(2.75000000000279,-5.00000000001938,15.));
#4950=CARTESIAN_POINT('Origin',(2.75000000000001,-455.124999999856,15.));
#4951=CARTESIAN_POINT('',(2.74999999999998,-3.49999999998076,15.));
#4952=CARTESIAN_POINT('',(2.75000000000001,-19.,15.));
#4953=CARTESIAN_POINT('',(17.75,-3.24999999999996,15.));
#4954=CARTESIAN_POINT('Origin',(2.75000000000001,446.624999999856,15.));
#4955=CARTESIAN_POINT('',(17.75,-2.74999999999999,15.));
#4956=CARTESIAN_POINT('',(17.75,-22.5,15.));
#4957=CARTESIAN_POINT('',(2.75000000000279,-2.50000000001938,15.));
#4958=CARTESIAN_POINT('Origin',(2.75000000000001,-452.624999999856,15.));
#4959=CARTESIAN_POINT('',(2.74999999999998,-0.999999999980759,15.));
#4960=CARTESIAN_POINT('',(2.75000000000001,-19.,15.));
#4961=CARTESIAN_POINT('',(17.75,-0.749999999999957,15.));
#4962=CARTESIAN_POINT('Origin',(2.75000000000001,449.124999999856,15.));
#4963=CARTESIAN_POINT('',(17.75,-0.249999999999986,15.));
#4964=CARTESIAN_POINT('',(17.75,-22.5,15.));
#4965=CARTESIAN_POINT('',(2.75000000000279,-1.9382273563906E-11,15.));
#4966=CARTESIAN_POINT('Origin',(2.75000000000001,-450.124999999856,15.));
#4967=CARTESIAN_POINT('',(2.74999999999999,1.50000000001924,15.));
#4968=CARTESIAN_POINT('',(2.75000000000001,-19.,15.));
#4969=CARTESIAN_POINT('',(17.75,1.75000000000004,15.));
#4970=CARTESIAN_POINT('Origin',(2.75000000000001,451.624999999856,15.));
#4971=CARTESIAN_POINT('',(17.75,2.25000000000002,15.));
#4972=CARTESIAN_POINT('',(17.75,-22.5,15.));
#4973=CARTESIAN_POINT('',(2.75000000000277,2.49999999998062,15.));
#4974=CARTESIAN_POINT('Origin',(2.75000000000001,-447.624999999856,15.));
#4975=CARTESIAN_POINT('',(2.75000000000001,4.50000000000746,15.));
#4976=CARTESIAN_POINT('',(2.75000000000001,-19.,15.));
#4977=CARTESIAN_POINT('',(10.4999999999994,4.75000000000742,15.));
#4978=CARTESIAN_POINT('Origin',(2.75000000000001,124.750000000004,15.));
#4979=CARTESIAN_POINT('',(10.5,5.24999999999999,15.));
#4980=CARTESIAN_POINT('',(10.5,4.5,15.));
#4981=CARTESIAN_POINT('',(2.75000000000001,5.49999999999999,15.));
#4982=CARTESIAN_POINT('Origin',(2.75000000000001,-114.750000000004,15.));
#4983=CARTESIAN_POINT('',(2.75000000000001,9.87645342287014,15.));
#4984=CARTESIAN_POINT('',(2.75000000000001,-19.,15.));
#4985=CARTESIAN_POINT('',(4.99615384615386,11.8612476903003,15.));
#4986=CARTESIAN_POINT('Origin',(4.75000000000001,9.87645342287014,15.));
#4987=CARTESIAN_POINT('Origin',(2.75000000000001,-6.25000000000002,15.));
#4988=CARTESIAN_POINT('Origin',(14.75,7.5,0.));
#4989=CARTESIAN_POINT('',(17.25,7.5,0.));
#4990=CARTESIAN_POINT('',(14.75,7.5,0.));
#4991=CARTESIAN_POINT('',(17.25,7.5,0.));
#4992=CARTESIAN_POINT('Origin',(17.25,8.,0.));
#4993=CARTESIAN_POINT('',(17.75,8.,0.));
#4994=CARTESIAN_POINT('Origin',(17.25,8.,0.));
#4995=CARTESIAN_POINT('',(17.75,8.,0.));
#4996=CARTESIAN_POINT('Origin',(-14.9360576069539,8.,0.));
#4997=CARTESIAN_POINT('',(-14.9360576069539,7.5,0.));
#4998=CARTESIAN_POINT('',(-14.9360576069539,7.5,0.));
#4999=CARTESIAN_POINT('',(-14.6110960707685,7.62,0.));
#5000=CARTESIAN_POINT('Origin',(-14.9360576069539,8.,0.));
#5001=CARTESIAN_POINT('',(-14.6110960707685,7.62,0.));
#5002=CARTESIAN_POINT('Origin',(-2.74999999999999,-6.25000000000002,0.));
#5003=CARTESIAN_POINT('',(-4.99615384615384,11.8612476903003,0.));
#5004=CARTESIAN_POINT('Origin',(-2.74999999999999,-6.25000000000002,0.));
#5005=CARTESIAN_POINT('',(-4.99615384615384,11.8612476903003,0.));
#5006=CARTESIAN_POINT('Origin',(-18.25,-21.,0.));
#5007=CARTESIAN_POINT('',(4.99615384615386,11.8612476903003,0.));
#5008=CARTESIAN_POINT('Origin',(2.75000000000001,-6.25000000000002,0.));
#5009=CARTESIAN_POINT('',(2.75000000000001,9.87645342287014,0.));
#5010=CARTESIAN_POINT('Origin',(4.75000000000001,9.87645342287014,0.));
#5011=CARTESIAN_POINT('',(2.75000000000001,5.49999999999999,0.));
#5012=CARTESIAN_POINT('',(2.75000000000001,-19.,0.));
#5013=CARTESIAN_POINT('',(10.5,5.24999999999999,0.));
#5014=CARTESIAN_POINT('Origin',(2.75000000000001,-114.750000000004,0.));
#5015=CARTESIAN_POINT('',(10.4999999999994,4.75000000000742,0.));
#5016=CARTESIAN_POINT('',(10.5,4.5,0.));
#5017=CARTESIAN_POINT('',(2.75000000000001,4.50000000000745,0.));
#5018=CARTESIAN_POINT('Origin',(2.75000000000001,124.750000000004,0.));
#5019=CARTESIAN_POINT('',(2.75000000000278,2.49999999998062,0.));
#5020=CARTESIAN_POINT('',(2.75000000000001,-19.,0.));
#5021=CARTESIAN_POINT('',(17.75,2.25000000000001,0.));
#5022=CARTESIAN_POINT('Origin',(2.75000000000001,-447.624999999856,0.));
#5023=CARTESIAN_POINT('',(17.75,1.75000000000004,0.));
#5024=CARTESIAN_POINT('',(17.75,-22.5,0.));
#5025=CARTESIAN_POINT('',(2.74999999999999,1.50000000001924,0.));
#5026=CARTESIAN_POINT('Origin',(2.75000000000001,451.624999999856,0.));
#5027=CARTESIAN_POINT('',(2.75000000000279,-1.93815102855766E-11,0.));
#5028=CARTESIAN_POINT('',(2.75000000000001,-19.,0.));
#5029=CARTESIAN_POINT('',(17.75,-0.249999999999986,0.));
#5030=CARTESIAN_POINT('Origin',(2.75000000000001,-450.124999999856,0.));
#5031=CARTESIAN_POINT('',(17.75,-0.749999999999957,0.));
#5032=CARTESIAN_POINT('',(17.75,-22.5,0.));
#5033=CARTESIAN_POINT('',(2.74999999999998,-0.999999999980759,0.));
#5034=CARTESIAN_POINT('Origin',(2.75000000000001,449.124999999856,0.));
#5035=CARTESIAN_POINT('',(2.75000000000279,-2.50000000001938,0.));
#5036=CARTESIAN_POINT('',(2.75000000000001,-19.,0.));
#5037=CARTESIAN_POINT('',(17.75,-2.74999999999999,0.));
#5038=CARTESIAN_POINT('Origin',(2.75000000000001,-452.624999999856,0.));
#5039=CARTESIAN_POINT('',(17.75,-3.24999999999996,0.));
#5040=CARTESIAN_POINT('',(17.75,-22.5,0.));
#5041=CARTESIAN_POINT('',(2.74999999999998,-3.49999999998076,0.));
#5042=CARTESIAN_POINT('Origin',(2.75000000000001,446.624999999856,0.));
#5043=CARTESIAN_POINT('',(2.75000000000279,-5.00000000001938,0.));
#5044=CARTESIAN_POINT('',(2.75000000000001,-19.,0.));
#5045=CARTESIAN_POINT('',(17.75,-5.24999999999999,0.));
#5046=CARTESIAN_POINT('Origin',(2.75000000000001,-455.124999999856,0.));
#5047=CARTESIAN_POINT('',(17.75,-5.74999999999996,0.));
#5048=CARTESIAN_POINT('',(17.75,-22.5,0.));
#5049=CARTESIAN_POINT('',(2.74999999999998,-6.00000000000003,0.));
#5050=CARTESIAN_POINT('Origin',(2.75000000000001,444.124999999856,0.));
#5051=CARTESIAN_POINT('',(2.50000000000001,-6.00000000000005,0.));
#5052=CARTESIAN_POINT('',(2.50000000000001,-6.00000000000005,0.));
#5053=CARTESIAN_POINT('',(2.50000000000001,-7.5,0.));
#5054=CARTESIAN_POINT('',(2.5,-19.,0.));
#5055=CARTESIAN_POINT('',(2.74999999999998,-7.5,0.));
#5056=CARTESIAN_POINT('',(2.74999999999998,-7.5,0.));
#5057=CARTESIAN_POINT('',(17.75,-7.74999999999999,0.));
#5058=CARTESIAN_POINT('Origin',(2.75000000000001,-457.624999999856,0.));
#5059=CARTESIAN_POINT('',(17.75,-8.24999999999996,0.));
#5060=CARTESIAN_POINT('',(17.75,-22.5,0.));
#5061=CARTESIAN_POINT('',(2.74999999999786,-8.50000000000009,0.));
#5062=CARTESIAN_POINT('Origin',(2.75000000000001,441.624999999856,0.));
#5063=CARTESIAN_POINT('',(2.50000000000001,-8.50000000000005,0.));
#5064=CARTESIAN_POINT('',(2.50000000000001,-8.50000000000005,0.));
#5065=CARTESIAN_POINT('',(2.50000000000001,-10.,0.));
#5066=CARTESIAN_POINT('',(2.5,-19.,0.));
#5067=CARTESIAN_POINT('',(2.74999999999998,-10.,0.));
#5068=CARTESIAN_POINT('',(2.74999999999998,-10.,0.));
#5069=CARTESIAN_POINT('',(17.75,-10.25,0.));
#5070=CARTESIAN_POINT('Origin',(2.75000000000001,-460.124999999856,0.));
#5071=CARTESIAN_POINT('',(17.75,-10.75,0.));
#5072=CARTESIAN_POINT('',(17.75,-22.5,0.));
#5073=CARTESIAN_POINT('',(2.74999999999992,-11.0000000000001,0.));
#5074=CARTESIAN_POINT('Origin',(2.75000000000001,439.124999999856,0.));
#5075=CARTESIAN_POINT('',(2.5,-11.,0.));
#5076=CARTESIAN_POINT('',(2.5,-11.,0.));
#5077=CARTESIAN_POINT('',(2.5,-12.5,0.));
#5078=CARTESIAN_POINT('',(2.5,-19.,0.));
#5079=CARTESIAN_POINT('',(2.74999999999998,-12.5,0.));
#5080=CARTESIAN_POINT('',(2.74999999999998,-12.5,0.));
#5081=CARTESIAN_POINT('',(17.75,-12.75,0.));
#5082=CARTESIAN_POINT('Origin',(2.75000000000001,-462.624999999856,0.));
#5083=CARTESIAN_POINT('',(17.75,-13.25,0.));
#5084=CARTESIAN_POINT('',(17.75,-22.5,0.));
#5085=CARTESIAN_POINT('',(2.74999999999998,-13.5,0.));
#5086=CARTESIAN_POINT('Origin',(2.75000000000001,436.624999999856,0.));
#5087=CARTESIAN_POINT('',(2.50000000000001,-13.4985420715371,0.));
#5088=CARTESIAN_POINT('',(2.50000000000001,-13.4985420715371,0.));
#5089=CARTESIAN_POINT('',(2.49999999999984,-15.,0.));
#5090=CARTESIAN_POINT('',(2.5,-19.,0.));
#5091=CARTESIAN_POINT('',(13.75,-15.5,0.));
#5092=CARTESIAN_POINT('Origin',(2.49999999999998,-141.812500000008,0.));
#5093=CARTESIAN_POINT('',(17.25,-15.5,0.));
#5094=CARTESIAN_POINT('',(17.75,-15.5,0.));
#5095=CARTESIAN_POINT('',(17.75,-16.,0.));
#5096=CARTESIAN_POINT('Origin',(17.25,-16.,0.));
#5097=CARTESIAN_POINT('',(17.75,-19.5,0.));
#5098=CARTESIAN_POINT('',(17.75,-22.5,0.));
#5099=CARTESIAN_POINT('',(18.5412878474779,-22.5,0.));
#5100=CARTESIAN_POINT('Origin',(16.25,-21.5,0.));
#5101=CARTESIAN_POINT('',(17.,-22.5,0.));
#5102=CARTESIAN_POINT('',(-17.75,-22.5,0.));
#5103=CARTESIAN_POINT('',(15.5,-22.5,0.));
#5104=CARTESIAN_POINT('Origin',(16.25,-21.5,0.));
#5105=CARTESIAN_POINT('',(13.9587121525221,-22.5,0.));
#5106=CARTESIAN_POINT('',(-17.75,-22.5,0.));
#5107=CARTESIAN_POINT('',(13.75,-21.5,0.));
#5108=CARTESIAN_POINT('Origin',(16.25,-21.5,0.));
#5109=CARTESIAN_POINT('',(13.75,-18.5,0.));
#5110=CARTESIAN_POINT('',(13.75,-17.5,0.));
#5111=CARTESIAN_POINT('',(12.75,-17.5,0.));
#5112=CARTESIAN_POINT('Origin',(12.75,-18.5,0.));
#5113=CARTESIAN_POINT('',(3.,-17.5000000000001,0.));
#5114=CARTESIAN_POINT('',(2.49999999999999,-17.5000000000001,0.));
#5115=CARTESIAN_POINT('',(2.5,-18.0000000000001,0.));
#5116=CARTESIAN_POINT('Origin',(3.,-18.0000000000001,0.));
#5117=CARTESIAN_POINT('',(2.5,-19.,0.));
#5118=CARTESIAN_POINT('',(-2.49999999999999,-18.,0.));
#5119=CARTESIAN_POINT('',(-2.49999999999999,-5.00000000000001,0.));
#5120=CARTESIAN_POINT('',(-2.99999999999999,-17.5000000000001,0.));
#5121=CARTESIAN_POINT('Origin',(-2.99999999999999,-18.,0.));
#5122=CARTESIAN_POINT('',(-12.75,-17.5,0.));
#5123=CARTESIAN_POINT('',(-13.75,-17.5,0.));
#5124=CARTESIAN_POINT('',(-13.75,-18.5,0.));
#5125=CARTESIAN_POINT('Origin',(-12.75,-18.5,0.));
#5126=CARTESIAN_POINT('',(-13.75,-21.5,0.));
#5127=CARTESIAN_POINT('',(-13.75,-22.5,0.));
#5128=CARTESIAN_POINT('',(-13.9587121525221,-22.5,0.));
#5129=CARTESIAN_POINT('Origin',(-16.25,-21.5,0.));
#5130=CARTESIAN_POINT('',(-15.5,-22.5,0.));
#5131=CARTESIAN_POINT('',(-17.75,-22.5,0.));
#5132=CARTESIAN_POINT('',(-17.,-22.5,0.));
#5133=CARTESIAN_POINT('Origin',(-16.25,-21.5,0.));
#5134=CARTESIAN_POINT('',(-18.5412878474779,-22.5,0.));
#5135=CARTESIAN_POINT('',(-17.75,-22.5,0.));
#5136=CARTESIAN_POINT('',(-18.0357142857143,-19.7503644694406,0.));
#5137=CARTESIAN_POINT('Origin',(-16.25,-21.5,0.));
#5138=CARTESIAN_POINT('',(-17.75,-19.0505102572168,0.));
#5139=CARTESIAN_POINT('Origin',(-18.75,-19.0505102572168,0.));
#5140=CARTESIAN_POINT('',(-17.75,-16.,0.));
#5141=CARTESIAN_POINT('',(-17.75,22.5,0.));
#5142=CARTESIAN_POINT('',(-17.25,-15.5,0.));
#5143=CARTESIAN_POINT('Origin',(-17.25,-16.,0.));
#5144=CARTESIAN_POINT('',(-13.75,-15.5,0.));
#5145=CARTESIAN_POINT('',(-13.75,-15.5,0.));
#5146=CARTESIAN_POINT('',(-2.49999999999999,-15.,0.));
#5147=CARTESIAN_POINT('Origin',(-2.49999999999997,-141.812500000008,0.));
#5148=CARTESIAN_POINT('',(-2.49999999999999,-13.4999305748351,0.));
#5149=CARTESIAN_POINT('',(-2.49999999999999,-5.00000000000001,0.));
#5150=CARTESIAN_POINT('',(-2.74999999999997,-13.5,0.));
#5151=CARTESIAN_POINT('',(-2.74999999999997,-13.5,0.));
#5152=CARTESIAN_POINT('',(-17.75,-13.25,0.));
#5153=CARTESIAN_POINT('Origin',(-2.74999999999999,436.624999999856,0.));
#5154=CARTESIAN_POINT('',(-17.75,-12.75,0.));
#5155=CARTESIAN_POINT('',(-17.75,22.5,0.));
#5156=CARTESIAN_POINT('',(-2.74999999999997,-12.5,0.));
#5157=CARTESIAN_POINT('Origin',(-2.74999999999999,-462.624999999856,0.));
#5158=CARTESIAN_POINT('',(-2.49999999999999,-12.5,0.));
#5159=CARTESIAN_POINT('',(-2.49999999999999,-12.5,0.));
#5160=CARTESIAN_POINT('',(-2.49999999999999,-11.,0.));
#5161=CARTESIAN_POINT('',(-2.49999999999999,-5.00000000000001,0.));
#5162=CARTESIAN_POINT('',(-2.74999999999997,-11.,0.));
#5163=CARTESIAN_POINT('',(-2.74999999999997,-11.,0.));
#5164=CARTESIAN_POINT('',(-17.75,-10.75,0.));
#5165=CARTESIAN_POINT('Origin',(-2.74999999999999,439.124999999856,0.));
#5166=CARTESIAN_POINT('',(-17.75,-10.25,0.));
#5167=CARTESIAN_POINT('',(-17.75,22.5,0.));
#5168=CARTESIAN_POINT('',(-2.74999999999997,-10.,0.));
#5169=CARTESIAN_POINT('Origin',(-2.74999999999999,-460.124999999856,0.));
#5170=CARTESIAN_POINT('',(-2.49999999999999,-10.,0.));
#5171=CARTESIAN_POINT('',(-2.49999999999999,-10.,0.));
#5172=CARTESIAN_POINT('',(-2.49999999999999,-8.50000000000003,0.));
#5173=CARTESIAN_POINT('',(-2.49999999999999,-5.00000000000001,0.));
#5174=CARTESIAN_POINT('',(-2.74999999999997,-8.50000000000003,0.));
#5175=CARTESIAN_POINT('',(-2.74999999999997,-8.50000000000003,0.));
#5176=CARTESIAN_POINT('',(-17.75,-8.24999999999996,0.));
#5177=CARTESIAN_POINT('Origin',(-2.74999999999999,441.624999999856,0.));
#5178=CARTESIAN_POINT('',(-17.75,-7.74999999999999,0.));
#5179=CARTESIAN_POINT('',(-17.75,22.5,0.));
#5180=CARTESIAN_POINT('',(-2.74999999999997,-7.5,0.));
#5181=CARTESIAN_POINT('Origin',(-2.74999999999999,-457.624999999856,0.));
#5182=CARTESIAN_POINT('',(-2.49999999999999,-7.5,0.));
#5183=CARTESIAN_POINT('',(-2.49999999999999,-7.5,0.));
#5184=CARTESIAN_POINT('',(-2.49999999999999,-6.00000000000003,0.));
#5185=CARTESIAN_POINT('',(-2.49999999999999,-5.00000000000001,0.));
#5186=CARTESIAN_POINT('',(-2.74999999999997,-6.00000000000003,0.));
#5187=CARTESIAN_POINT('',(-2.74999999999997,-6.00000000000003,0.));
#5188=CARTESIAN_POINT('',(-17.75,-5.74999999999996,0.));
#5189=CARTESIAN_POINT('Origin',(-2.74999999999999,444.124999999856,0.));
#5190=CARTESIAN_POINT('',(-17.75,-5.24999999999999,0.));
#5191=CARTESIAN_POINT('',(-17.75,22.5,0.));
#5192=CARTESIAN_POINT('',(-2.74999999999997,-5.00000000001933,0.));
#5193=CARTESIAN_POINT('Origin',(-2.74999999999999,-455.124999999856,0.));
#5194=CARTESIAN_POINT('',(-2.74999999999963,-3.49999999998074,0.));
#5195=CARTESIAN_POINT('',(-2.74999999999999,12.,0.));
#5196=CARTESIAN_POINT('',(-17.75,-3.24999999999996,0.));
#5197=CARTESIAN_POINT('Origin',(-2.74999999999999,446.624999999856,0.));
#5198=CARTESIAN_POINT('',(-17.75,-2.74999999999999,0.));
#5199=CARTESIAN_POINT('',(-17.75,22.5,0.));
#5200=CARTESIAN_POINT('',(-2.74999999999997,-2.50000000001933,0.));
#5201=CARTESIAN_POINT('Origin',(-2.74999999999999,-452.624999999856,0.));
#5202=CARTESIAN_POINT('',(-2.74999999999963,-0.999999999980736,0.));
#5203=CARTESIAN_POINT('',(-2.74999999999999,12.,0.));
#5204=CARTESIAN_POINT('',(-17.75,-0.749999999999957,0.));
#5205=CARTESIAN_POINT('Origin',(-2.74999999999999,449.124999999856,0.));
#5206=CARTESIAN_POINT('',(-17.75,-0.249999999999986,0.));
#5207=CARTESIAN_POINT('',(-17.75,22.5,0.));
#5208=CARTESIAN_POINT('',(-2.74999999999997,-1.93267624126747E-11,0.));
#5209=CARTESIAN_POINT('Origin',(-2.74999999999999,-450.124999999856,0.));
#5210=CARTESIAN_POINT('',(-2.74999999999963,1.50000000001926,0.));
#5211=CARTESIAN_POINT('',(-2.74999999999999,12.,0.));
#5212=CARTESIAN_POINT('',(-17.75,1.75000000000004,0.));
#5213=CARTESIAN_POINT('Origin',(-2.74999999999999,451.624999999856,0.));
#5214=CARTESIAN_POINT('',(-17.75,2.25000000000001,0.));
#5215=CARTESIAN_POINT('',(-17.75,22.5,0.));
#5216=CARTESIAN_POINT('',(-2.74999999999999,2.49999999999998,0.));
#5217=CARTESIAN_POINT('Origin',(-2.74999999999999,-447.624999999856,0.));
#5218=CARTESIAN_POINT('',(-2.75000000000009,4.50000000000747,0.));
#5219=CARTESIAN_POINT('',(-2.74999999999999,12.,0.));
#5220=CARTESIAN_POINT('',(-10.4999999999995,4.75000000000744,0.));
#5221=CARTESIAN_POINT('Origin',(-2.75000000000001,124.750000000004,0.));
#5222=CARTESIAN_POINT('',(-10.4999999999999,5.24999999999256,0.));
#5223=CARTESIAN_POINT('',(-10.5,5.49999999999999,0.));
#5224=CARTESIAN_POINT('',(-2.75000000000001,5.49999999999256,0.));
#5225=CARTESIAN_POINT('Origin',(-2.75000000000001,-114.750000000004,0.));
#5226=CARTESIAN_POINT('',(-2.74999999999999,9.87645342287014,0.));
#5227=CARTESIAN_POINT('',(-2.74999999999999,12.,0.));
#5228=CARTESIAN_POINT('Origin',(-4.74999999999999,9.87645342287014,0.));
#5229=CARTESIAN_POINT('',(-17.25,7.5,0.));
#5230=CARTESIAN_POINT('',(-17.75,7.5,0.));
#5231=CARTESIAN_POINT('',(-17.75,8.,0.));
#5232=CARTESIAN_POINT('Origin',(-17.25,8.,0.));
#5233=CARTESIAN_POINT('',(-17.75,10.6254033307585,0.));
#5234=CARTESIAN_POINT('',(-17.75,22.5,0.));
#5235=CARTESIAN_POINT('',(-17.4387298334621,10.7915928311447,0.));
#5236=CARTESIAN_POINT('Origin',(-17.55,10.6254033307585,0.));
#5237=CARTESIAN_POINT('',(-16.945438540862,10.4613156225861,0.));
#5238=CARTESIAN_POINT('',(-16.945438540862,10.4613156225861,0.));
#5239=CARTESIAN_POINT('',(-16.945438540862,12.5386843774139,0.));
#5240=CARTESIAN_POINT('Origin',(-16.25,11.5,0.));
#5241=CARTESIAN_POINT('',(-17.4387298334621,12.2084071688553,0.));
#5242=CARTESIAN_POINT('',(-17.75,12.,0.));
#5243=CARTESIAN_POINT('',(-17.75,12.3745966692415,0.));
#5244=CARTESIAN_POINT('Origin',(-17.55,12.3745966692415,0.));
#5245=CARTESIAN_POINT('',(-17.75,16.,0.));
#5246=CARTESIAN_POINT('',(-17.75,22.5,0.));
#5247=CARTESIAN_POINT('',(17.75,16.,0.));
#5248=CARTESIAN_POINT('',(-9.12499999999999,16.,0.));
#5249=CARTESIAN_POINT('',(17.75,12.3745966692415,0.));
#5250=CARTESIAN_POINT('',(17.75,-22.5,0.));
#5251=CARTESIAN_POINT('',(17.4387298334621,12.2084071688553,0.));
#5252=CARTESIAN_POINT('Origin',(17.55,12.3745966692415,0.));
#5253=CARTESIAN_POINT('',(16.945438540862,12.5386843774139,0.));
#5254=CARTESIAN_POINT('',(16.945438540862,12.5386843774139,0.));
#5255=CARTESIAN_POINT('',(16.945438540862,10.4613156225861,0.));
#5256=CARTESIAN_POINT('Origin',(16.25,11.5,0.));
#5257=CARTESIAN_POINT('',(17.4387298334621,10.7915928311447,0.));
#5258=CARTESIAN_POINT('',(17.75,11.,0.));
#5259=CARTESIAN_POINT('',(17.75,10.6254033307585,0.));
#5260=CARTESIAN_POINT('Origin',(17.55,10.6254033307585,0.));
#5261=CARTESIAN_POINT('',(17.75,-22.5,0.));
#5262=CARTESIAN_POINT('',(1.75000000000001,-13.,0.));
#5263=CARTESIAN_POINT('Origin',(6.89776815344655E-15,-13.,0.));
#5264=CARTESIAN_POINT('',(1.75000000000001,-17.,0.));
#5265=CARTESIAN_POINT('Origin',(6.57316337316541E-15,-17.,0.));
#5266=CARTESIAN_POINT('Origin',(-17.25,8.,0.));
#5267=CARTESIAN_POINT('',(-17.75,8.,0.));
#5268=CARTESIAN_POINT('',(-17.25,7.5,0.));
#5269=CARTESIAN_POINT('Origin',(-17.75,11.,0.));
#5270=CARTESIAN_POINT('',(-17.75,10.6254033307585,0.));
#5271=CARTESIAN_POINT('Origin',(17.25,-16.,0.));
#5272=CARTESIAN_POINT('',(17.75,-16.,0.));
#5273=CARTESIAN_POINT('',(17.25,-15.5,0.));
#5274=CARTESIAN_POINT('Origin',(17.75,-15.5,0.));
#5275=CARTESIAN_POINT('',(13.75,-15.5,0.));
#5276=CARTESIAN_POINT('Origin',(-17.25,-16.,0.));
#5277=CARTESIAN_POINT('',(-17.25,-15.5,0.));
#5278=CARTESIAN_POINT('',(-17.75,-16.,0.));
#5279=CARTESIAN_POINT('Origin',(-13.75,-15.5,0.));
#5280=CARTESIAN_POINT('',(-13.75,-15.5,0.));
#5281=CARTESIAN_POINT('Origin',(-12.75,-18.5,0.));
#5282=CARTESIAN_POINT('',(-12.75,-17.5,0.));
#5283=CARTESIAN_POINT('',(-13.75,-18.5,0.));
#5284=CARTESIAN_POINT('Origin',(-13.75,-17.5,0.));
#5285=CARTESIAN_POINT('',(-2.99999999999999,-17.5000000000001,0.));
#5286=CARTESIAN_POINT('',(-8.25,-17.5,6.));
#5287=CARTESIAN_POINT('Origin',(-7.,-17.5,6.));
#5288=CARTESIAN_POINT('Origin',(12.75,-18.5,0.));
#5289=CARTESIAN_POINT('',(13.75,-18.5,0.));
#5290=CARTESIAN_POINT('',(12.75,-17.5,0.));
#5291=CARTESIAN_POINT('Origin',(13.75,-17.5,0.));
#5292=CARTESIAN_POINT('',(13.75,-21.5,0.));
#5293=CARTESIAN_POINT('Origin',(-18.75,-19.0505102572168,0.));
#5294=CARTESIAN_POINT('',(-18.0357142857143,-19.7503644694406,0.));
#5295=CARTESIAN_POINT('',(-17.75,-19.0505102572168,0.));
#5296=CARTESIAN_POINT('Origin',(-16.25,-21.5,0.));
#5297=CARTESIAN_POINT('',(-18.5412878474779,-22.5,0.));
#5298=CARTESIAN_POINT('Origin',(-7.,-15.,6.));
#5299=CARTESIAN_POINT('',(-5.75,-13.4900026660671,6.));
#5300=CARTESIAN_POINT('',(-8.25,-13.4663969685197,6.));
#5301=CARTESIAN_POINT('Ctrl Pts',(-5.75,-13.4900026660671,6.));
#5302=CARTESIAN_POINT('Ctrl Pts',(-5.75,-13.4900026660671,5.84304764844559));
#5303=CARTESIAN_POINT('Ctrl Pts',(-5.78136690765135,-13.4897970331393,5.67563391482121));
#5304=CARTESIAN_POINT('Ctrl Pts',(-5.90893253030997,-13.4889198456119,5.36766168270212));
#5305=CARTESIAN_POINT('Ctrl Pts',(-6.00513122797011,-13.4882435987358,5.22710319040477));
#5306=CARTESIAN_POINT('Ctrl Pts',(-6.22709534601517,-13.4865836670151,5.00513632968971));
#5307=CARTESIAN_POINT('Ctrl Pts',(-6.36765720728409,-13.4854885419313,4.90893474693758));
#5308=CARTESIAN_POINT('Ctrl Pts',(-6.67563374456076,-13.4829078830198,4.7813666153224));
#5309=CARTESIAN_POINT('Ctrl Pts',(-6.84304835370678,-13.4814176572729,4.75));
#5310=CARTESIAN_POINT('Ctrl Pts',(-7.1569548418848,-13.4784536760565,4.75));
#5311=CARTESIAN_POINT('Ctrl Pts',(-7.32437092569528,-13.4767823457663,4.78136775728711));
#5312=CARTESIAN_POINT('Ctrl Pts',(-7.63234826875552,-13.4735470045243,4.90893780773466));
#5313=CARTESIAN_POINT('Ctrl Pts',(-7.77290957455423,-13.4719876854444,5.00514010746622));
#5314=CARTESIAN_POINT('Ctrl Pts',(-7.99487091811355,-13.4694559442143,5.22710647934876));
#5315=CARTESIAN_POINT('Ctrl Pts',(-8.09106837074405,-13.4683155274577,5.36766351329001));
#5316=CARTESIAN_POINT('Ctrl Pts',(-8.21863294846451,-13.4667836925216,5.67563391221455));
#5317=CARTESIAN_POINT('Ctrl Pts',(-8.25,-13.4663969685197,5.84304733099566));
#5318=CARTESIAN_POINT('Ctrl Pts',(-8.25,-13.4663969685197,6.));
#5319=CARTESIAN_POINT('Ctrl Pts',(-8.25,-13.4663969685197,6.));
#5320=CARTESIAN_POINT('Ctrl Pts',(-8.25,-13.4663969685197,6.15695266900433));
#5321=CARTESIAN_POINT('Ctrl Pts',(-8.21863294846451,-13.4667836925216,6.32436608778544));
#5322=CARTESIAN_POINT('Ctrl Pts',(-8.09106837074405,-13.4683155274577,6.63233648670998));
#5323=CARTESIAN_POINT('Ctrl Pts',(-7.99487091811355,-13.4694559442143,6.77289352065124));
#5324=CARTESIAN_POINT('Ctrl Pts',(-7.77290957455423,-13.4719876854444,6.99485989253378));
#5325=CARTESIAN_POINT('Ctrl Pts',(-7.63234826875552,-13.4735470045243,7.09106219226534));
#5326=CARTESIAN_POINT('Ctrl Pts',(-7.32437092569528,-13.4767823457663,7.21863224271289));
#5327=CARTESIAN_POINT('Ctrl Pts',(-7.1569548418848,-13.4784536760565,7.25));
#5328=CARTESIAN_POINT('Ctrl Pts',(-6.84304835370678,-13.4814176572729,7.25));
#5329=CARTESIAN_POINT('Ctrl Pts',(-6.67563374456076,-13.4829078830198,7.21863338467759));
#5330=CARTESIAN_POINT('Ctrl Pts',(-6.36765720728409,-13.4854885419313,7.09106525306241));
#5331=CARTESIAN_POINT('Ctrl Pts',(-6.22709534601517,-13.4865836670151,6.99486367031028));
#5332=CARTESIAN_POINT('Ctrl Pts',(-6.00513122797011,-13.4882435987358,6.77289680959523));
#5333=CARTESIAN_POINT('Ctrl Pts',(-5.90893253030997,-13.4889198456119,6.63233831729788));
#5334=CARTESIAN_POINT('Ctrl Pts',(-5.78136690765135,-13.4897970331393,6.32436608517879));
#5335=CARTESIAN_POINT('Ctrl Pts',(-5.75,-13.4900026660671,6.1569523515544));
#5336=CARTESIAN_POINT('Ctrl Pts',(-5.75,-13.4900026660671,6.));
#5337=CARTESIAN_POINT('',(-8.25,-12.5336030314803,6.));
#5338=CARTESIAN_POINT('',(-8.25,-15.,6.));
#5339=CARTESIAN_POINT('',(-5.75,-12.5099973339329,6.));
#5340=CARTESIAN_POINT('Ctrl Pts',(-5.75,-12.5099973339329,6.));
#5341=CARTESIAN_POINT('Ctrl Pts',(-5.75,-12.5099973339329,6.1569523515544));
#5342=CARTESIAN_POINT('Ctrl Pts',(-5.78136690765135,-12.5102029668607,6.32436608517879));
#5343=CARTESIAN_POINT('Ctrl Pts',(-5.90893253030997,-12.5110801543881,6.63233831729788));
#5344=CARTESIAN_POINT('Ctrl Pts',(-6.00513122797011,-12.5117564012642,6.77289680959523));
#5345=CARTESIAN_POINT('Ctrl Pts',(-6.22709534601517,-12.5134163329849,6.99486367031028));
#5346=CARTESIAN_POINT('Ctrl Pts',(-6.36765720728409,-12.5145114580688,7.09106525306241));
#5347=CARTESIAN_POINT('Ctrl Pts',(-6.67563374456076,-12.5170921169803,7.21863338467759));
#5348=CARTESIAN_POINT('Ctrl Pts',(-6.84304835370678,-12.5185823427271,7.25));
#5349=CARTESIAN_POINT('Ctrl Pts',(-7.1569548418848,-12.5215463239435,7.25));
#5350=CARTESIAN_POINT('Ctrl Pts',(-7.32437092569528,-12.5232176542337,7.21863224271288));
#5351=CARTESIAN_POINT('Ctrl Pts',(-7.63234826875552,-12.5264529954757,7.09106219226534));
#5352=CARTESIAN_POINT('Ctrl Pts',(-7.77290957455423,-12.5280123145556,6.99485989253378));
#5353=CARTESIAN_POINT('Ctrl Pts',(-7.99487091811355,-12.5305440557857,6.77289352065124));
#5354=CARTESIAN_POINT('Ctrl Pts',(-8.09106837074405,-12.5316844725423,6.63233648670998));
#5355=CARTESIAN_POINT('Ctrl Pts',(-8.21863294846451,-12.5332163074785,6.32436608778544));
#5356=CARTESIAN_POINT('Ctrl Pts',(-8.25,-12.5336030314803,6.15695266900433));
#5357=CARTESIAN_POINT('Ctrl Pts',(-8.25,-12.5336030314803,6.));
#5358=CARTESIAN_POINT('Ctrl Pts',(-8.25,-12.5336030314803,6.));
#5359=CARTESIAN_POINT('Ctrl Pts',(-8.25,-12.5336030314803,5.84304733099566));
#5360=CARTESIAN_POINT('Ctrl Pts',(-8.21863294846451,-12.5332163074785,5.67563391221455));
#5361=CARTESIAN_POINT('Ctrl Pts',(-8.09106837074405,-12.5316844725423,5.36766351329001));
#5362=CARTESIAN_POINT('Ctrl Pts',(-7.99487091811355,-12.5305440557857,5.22710647934876));
#5363=CARTESIAN_POINT('Ctrl Pts',(-7.77290957455423,-12.5280123145556,5.00514010746622));
#5364=CARTESIAN_POINT('Ctrl Pts',(-7.63234826875552,-12.5264529954757,4.90893780773465));
#5365=CARTESIAN_POINT('Ctrl Pts',(-7.32437092569528,-12.5232176542337,4.78136775728711));
#5366=CARTESIAN_POINT('Ctrl Pts',(-7.1569548418848,-12.5215463239435,4.75));
#5367=CARTESIAN_POINT('Ctrl Pts',(-6.84304835370678,-12.5185823427271,4.75));
#5368=CARTESIAN_POINT('Ctrl Pts',(-6.67563374456076,-12.5170921169803,4.7813666153224));
#5369=CARTESIAN_POINT('Ctrl Pts',(-6.36765720728409,-12.5145114580688,4.90893474693758));
#5370=CARTESIAN_POINT('Ctrl Pts',(-6.22709534601517,-12.5134163329849,5.00513632968971));
#5371=CARTESIAN_POINT('Ctrl Pts',(-6.00513122797011,-12.5117564012642,5.22710319040477));
#5372=CARTESIAN_POINT('Ctrl Pts',(-5.90893253030997,-12.5110801543881,5.36766168270212));
#5373=CARTESIAN_POINT('Ctrl Pts',(-5.78136690765135,-12.5102029668607,5.67563391482121));
#5374=CARTESIAN_POINT('Ctrl Pts',(-5.75,-12.5099973339329,5.84304764844559));
#5375=CARTESIAN_POINT('Ctrl Pts',(-5.75,-12.5099973339329,6.));
#5376=CARTESIAN_POINT('Origin',(-7.,-15.,6.));
#5377=CARTESIAN_POINT('',(-8.25,-15.1304268552571,6.));
#5378=CARTESIAN_POINT('',(-8.25,-15.,6.));
#5379=CARTESIAN_POINT('',(-5.75,-15.0416529717893,6.));
#5380=CARTESIAN_POINT('Ctrl Pts',(-5.75,-15.0416529717893,6.));
#5381=CARTESIAN_POINT('Ctrl Pts',(-5.75,-15.0416529717893,6.15694657707074));
#5382=CARTESIAN_POINT('Ctrl Pts',(-5.78136505408297,-15.0424449023179,6.32435106297263));
#5383=CARTESIAN_POINT('Ctrl Pts',(-5.90891121579361,-15.0458105646013,6.63229740459776));
#5384=CARTESIAN_POINT('Ctrl Pts',(-6.00509206248145,-15.0484009624319,6.77283918602245));
#5385=CARTESIAN_POINT('Ctrl Pts',(-6.22704674704648,-15.0547325383572,6.99483352670748));
#5386=CARTESIAN_POINT('Ctrl Pts',(-6.36763649685399,-15.058899320096,7.09105591347187));
#5387=CARTESIAN_POINT('Ctrl Pts',(-6.67564471208042,-15.0686721872387,7.21863868859611));
#5388=CARTESIAN_POINT('Ctrl Pts',(-6.84306226672316,-15.074294919991,7.25));
#5389=CARTESIAN_POINT('Ctrl Pts',(-7.15698041954663,-15.0854414704819,7.25));
#5390=CARTESIAN_POINT('Ctrl Pts',(-7.32441767799903,-15.0917088651088,7.2186234321554));
#5391=CARTESIAN_POINT('Ctrl Pts',(-7.63243665409345,-15.1038104567162,7.09101502161952));
#5392=CARTESIAN_POINT('Ctrl Pts',(-7.77301897574836,-15.1096280068179,6.99478305874081));
#5393=CARTESIAN_POINT('Ctrl Pts',(-7.99493660413993,-15.1190583703557,6.77279525184255));
#5394=CARTESIAN_POINT('Ctrl Pts',(-8.09110081739054,-15.1232983207858,6.63227295420696));
#5395=CARTESIAN_POINT('Ctrl Pts',(-8.2186330214831,-15.1289909436383,6.32435110652013));
#5396=CARTESIAN_POINT('Ctrl Pts',(-8.25,-15.1304268552571,6.15695082756199));
#5397=CARTESIAN_POINT('Ctrl Pts',(-8.25,-15.1304268552571,6.));
#5398=CARTESIAN_POINT('Ctrl Pts',(-8.25,-15.1304268552571,6.));
#5399=CARTESIAN_POINT('Ctrl Pts',(-8.25,-15.1304268552571,5.84304917243801));
#5400=CARTESIAN_POINT('Ctrl Pts',(-8.2186330214831,-15.1289909436383,5.67564889347986));
#5401=CARTESIAN_POINT('Ctrl Pts',(-8.09110081739054,-15.1232983207858,5.36772704579303));
#5402=CARTESIAN_POINT('Ctrl Pts',(-7.99493660413993,-15.1190583703557,5.22720474815745));
#5403=CARTESIAN_POINT('Ctrl Pts',(-7.77301897574836,-15.1096280068179,5.00521694125918));
#5404=CARTESIAN_POINT('Ctrl Pts',(-7.63243665409346,-15.1038104567162,4.90898497838048));
#5405=CARTESIAN_POINT('Ctrl Pts',(-7.32441767799903,-15.0917088651088,4.78137656784459));
#5406=CARTESIAN_POINT('Ctrl Pts',(-7.15698041954663,-15.0854414704819,4.75));
#5407=CARTESIAN_POINT('Ctrl Pts',(-6.84306226672316,-15.074294919991,4.75));
#5408=CARTESIAN_POINT('Ctrl Pts',(-6.67564471208042,-15.0686721872387,4.78136131140388));
#5409=CARTESIAN_POINT('Ctrl Pts',(-6.36763649685399,-15.058899320096,4.90894408652812));
#5410=CARTESIAN_POINT('Ctrl Pts',(-6.22704674704648,-15.0547325383572,5.00516647329251));
#5411=CARTESIAN_POINT('Ctrl Pts',(-6.00509206248145,-15.0484009624319,5.22716081397754));
#5412=CARTESIAN_POINT('Ctrl Pts',(-5.90891121579361,-15.0458105646013,5.36770259540223));
#5413=CARTESIAN_POINT('Ctrl Pts',(-5.78136505408297,-15.0424449023179,5.67564893702737));
#5414=CARTESIAN_POINT('Ctrl Pts',(-5.75,-15.0416529717893,5.84305342292926));
#5415=CARTESIAN_POINT('Ctrl Pts',(-5.75,-15.0416529717893,6.));
#5416=CARTESIAN_POINT('Origin',(7.00000000000001,-15.,6.));
#5417=CARTESIAN_POINT('',(5.75000000000001,-17.5000000000001,6.));
#5418=CARTESIAN_POINT('Origin',(7.00000000000001,-17.5000000000001,6.));
#5419=CARTESIAN_POINT('',(5.75000000000001,-15.0416529717893,6.));
#5420=CARTESIAN_POINT('',(5.75000000000001,-15.,6.));
#5421=CARTESIAN_POINT('',(8.25000000000001,-15.1304268552571,6.));
#5422=CARTESIAN_POINT('Ctrl Pts',(8.25000000000001,-15.1304268552571,6.));
#5423=CARTESIAN_POINT('Ctrl Pts',(8.25000000000001,-15.1304268552571,6.15695082756198));
#5424=CARTESIAN_POINT('Ctrl Pts',(8.21863302148311,-15.1289909436383,6.32435110652013));
#5425=CARTESIAN_POINT('Ctrl Pts',(8.09110081739055,-15.1232983207858,6.63227295420696));
#5426=CARTESIAN_POINT('Ctrl Pts',(7.99493660413994,-15.1190583703557,6.77279525184255));
#5427=CARTESIAN_POINT('Ctrl Pts',(7.77301897574837,-15.1096280068179,6.99478305874081));
#5428=CARTESIAN_POINT('Ctrl Pts',(7.63243665409346,-15.1038104567162,7.09101502161952));
#5429=CARTESIAN_POINT('Ctrl Pts',(7.32441767799904,-15.0917088651088,7.2186234321554));
#5430=CARTESIAN_POINT('Ctrl Pts',(7.15698041954664,-15.0854414704818,7.25));
#5431=CARTESIAN_POINT('Ctrl Pts',(6.84306226672317,-15.0742949199909,7.25));
#5432=CARTESIAN_POINT('Ctrl Pts',(6.67564471208042,-15.0686721872387,7.21863868859611));
#5433=CARTESIAN_POINT('Ctrl Pts',(6.367636496854,-15.058899320096,7.09105591347187));
#5434=CARTESIAN_POINT('Ctrl Pts',(6.22704674704649,-15.0547325383572,6.99483352670748));
#5435=CARTESIAN_POINT('Ctrl Pts',(6.00509206248146,-15.0484009624319,6.77283918602245));
#5436=CARTESIAN_POINT('Ctrl Pts',(5.90891121579362,-15.0458105646012,6.63229740459776));
#5437=CARTESIAN_POINT('Ctrl Pts',(5.78136505408298,-15.0424449023179,6.32435106297263));
#5438=CARTESIAN_POINT('Ctrl Pts',(5.75000000000001,-15.0416529717893,6.15694657707074));
#5439=CARTESIAN_POINT('Ctrl Pts',(5.75000000000001,-15.0416529717893,6.));
#5440=CARTESIAN_POINT('Ctrl Pts',(5.75000000000001,-15.0416529717893,6.));
#5441=CARTESIAN_POINT('Ctrl Pts',(5.75000000000001,-15.0416529717893,5.84305342292926));
#5442=CARTESIAN_POINT('Ctrl Pts',(5.78136505408298,-15.0424449023179,5.67564893702737));
#5443=CARTESIAN_POINT('Ctrl Pts',(5.90891121579362,-15.0458105646012,5.36770259540223));
#5444=CARTESIAN_POINT('Ctrl Pts',(6.00509206248146,-15.0484009624319,5.22716081397754));
#5445=CARTESIAN_POINT('Ctrl Pts',(6.22704674704649,-15.0547325383572,5.00516647329251));
#5446=CARTESIAN_POINT('Ctrl Pts',(6.367636496854,-15.058899320096,4.90894408652812));
#5447=CARTESIAN_POINT('Ctrl Pts',(6.67564471208042,-15.0686721872387,4.78136131140388));
#5448=CARTESIAN_POINT('Ctrl Pts',(6.84306226672317,-15.0742949199909,4.75));
#5449=CARTESIAN_POINT('Ctrl Pts',(7.15698041954664,-15.0854414704818,4.75));
#5450=CARTESIAN_POINT('Ctrl Pts',(7.32441767799904,-15.0917088651088,4.78137656784459));
#5451=CARTESIAN_POINT('Ctrl Pts',(7.63243665409346,-15.1038104567162,4.90898497838048));
#5452=CARTESIAN_POINT('Ctrl Pts',(7.77301897574837,-15.1096280068179,5.00521694125918));
#5453=CARTESIAN_POINT('Ctrl Pts',(7.99493660413994,-15.1190583703557,5.22720474815745));
#5454=CARTESIAN_POINT('Ctrl Pts',(8.09110081739055,-15.1232983207858,5.36772704579303));
#5455=CARTESIAN_POINT('Ctrl Pts',(8.21863302148311,-15.1289909436383,5.67564889347986));
#5456=CARTESIAN_POINT('Ctrl Pts',(8.25000000000001,-15.1304268552571,5.84304917243801));
#5457=CARTESIAN_POINT('Ctrl Pts',(8.25000000000001,-15.1304268552571,6.));
#5458=CARTESIAN_POINT('Origin',(7.00000000000001,-15.,6.));
#5459=CARTESIAN_POINT('',(8.25000000000001,-13.4663969685196,6.));
#5460=CARTESIAN_POINT('',(5.75000000000001,-13.490002666067,6.));
#5461=CARTESIAN_POINT('Ctrl Pts',(8.25000000000001,-13.4663969685196,6.));
#5462=CARTESIAN_POINT('Ctrl Pts',(8.25000000000001,-13.4663969685196,5.84304733099566));
#5463=CARTESIAN_POINT('Ctrl Pts',(8.21863294846452,-13.4667836925215,5.67563391221455));
#5464=CARTESIAN_POINT('Ctrl Pts',(8.09106837074406,-13.4683155274577,5.36766351329001));
#5465=CARTESIAN_POINT('Ctrl Pts',(7.99487091811356,-13.4694559442142,5.22710647934876));
#5466=CARTESIAN_POINT('Ctrl Pts',(7.77290957455424,-13.4719876854443,5.00514010746622));
#5467=CARTESIAN_POINT('Ctrl Pts',(7.63234826875553,-13.4735470045243,4.90893780773466));
#5468=CARTESIAN_POINT('Ctrl Pts',(7.32437092569529,-13.4767823457662,4.78136775728711));
#5469=CARTESIAN_POINT('Ctrl Pts',(7.15695484188481,-13.4784536760565,4.75));
#5470=CARTESIAN_POINT('Ctrl Pts',(6.84304835370678,-13.4814176572728,4.75));
#5471=CARTESIAN_POINT('Ctrl Pts',(6.67563374456077,-13.4829078830197,4.7813666153224));
#5472=CARTESIAN_POINT('Ctrl Pts',(6.3676572072841,-13.4854885419312,4.90893474693758));
#5473=CARTESIAN_POINT('Ctrl Pts',(6.22709534601517,-13.4865836670151,5.00513632968971));
#5474=CARTESIAN_POINT('Ctrl Pts',(6.00513122797012,-13.4882435987358,5.22710319040477));
#5475=CARTESIAN_POINT('Ctrl Pts',(5.90893253030998,-13.4889198456119,5.36766168270212));
#5476=CARTESIAN_POINT('Ctrl Pts',(5.78136690765136,-13.4897970331392,5.67563391482121));
#5477=CARTESIAN_POINT('Ctrl Pts',(5.75000000000001,-13.490002666067,5.84304764844559));
#5478=CARTESIAN_POINT('Ctrl Pts',(5.75000000000001,-13.490002666067,6.));
#5479=CARTESIAN_POINT('Ctrl Pts',(5.75000000000001,-13.490002666067,6.));
#5480=CARTESIAN_POINT('Ctrl Pts',(5.75000000000001,-13.490002666067,6.1569523515544));
#5481=CARTESIAN_POINT('Ctrl Pts',(5.78136690765136,-13.4897970331392,6.32436608517879));
#5482=CARTESIAN_POINT('Ctrl Pts',(5.90893253030998,-13.4889198456119,6.63233831729788));
#5483=CARTESIAN_POINT('Ctrl Pts',(6.00513122797012,-13.4882435987358,6.77289680959523));
#5484=CARTESIAN_POINT('Ctrl Pts',(6.22709534601517,-13.4865836670151,6.99486367031028));
#5485=CARTESIAN_POINT('Ctrl Pts',(6.3676572072841,-13.4854885419312,7.09106525306241));
#5486=CARTESIAN_POINT('Ctrl Pts',(6.67563374456077,-13.4829078830197,7.21863338467759));
#5487=CARTESIAN_POINT('Ctrl Pts',(6.84304835370678,-13.4814176572728,7.25));
#5488=CARTESIAN_POINT('Ctrl Pts',(7.15695484188481,-13.4784536760565,7.25));
#5489=CARTESIAN_POINT('Ctrl Pts',(7.32437092569529,-13.4767823457662,7.21863224271289));
#5490=CARTESIAN_POINT('Ctrl Pts',(7.63234826875553,-13.4735470045243,7.09106219226534));
#5491=CARTESIAN_POINT('Ctrl Pts',(7.77290957455424,-13.4719876854443,6.99485989253378));
#5492=CARTESIAN_POINT('Ctrl Pts',(7.99487091811356,-13.4694559442142,6.77289352065124));
#5493=CARTESIAN_POINT('Ctrl Pts',(8.09106837074406,-13.4683155274577,6.63233648670998));
#5494=CARTESIAN_POINT('Ctrl Pts',(8.21863294846452,-13.4667836925215,6.32436608778544));
#5495=CARTESIAN_POINT('Ctrl Pts',(8.25000000000001,-13.4663969685197,6.15695266900433));
#5496=CARTESIAN_POINT('Ctrl Pts',(8.25000000000001,-13.4663969685197,6.));
#5497=CARTESIAN_POINT('',(5.75000000000001,-12.5099973339328,6.));
#5498=CARTESIAN_POINT('',(5.75000000000001,-15.,6.));
#5499=CARTESIAN_POINT('',(8.25000000000001,-12.5336030314802,6.));
#5500=CARTESIAN_POINT('Ctrl Pts',(8.25000000000001,-12.5336030314802,6.));
#5501=CARTESIAN_POINT('Ctrl Pts',(8.25000000000001,-12.5336030314802,6.15695266900433));
#5502=CARTESIAN_POINT('Ctrl Pts',(8.21863294846452,-12.5332163074784,6.32436608778544));
#5503=CARTESIAN_POINT('Ctrl Pts',(8.09106837074406,-12.5316844725422,6.63233648670998));
#5504=CARTESIAN_POINT('Ctrl Pts',(7.99487091811356,-12.5305440557856,6.77289352065124));
#5505=CARTESIAN_POINT('Ctrl Pts',(7.77290957455424,-12.5280123145556,6.99485989253378));
#5506=CARTESIAN_POINT('Ctrl Pts',(7.63234826875553,-12.5264529954756,7.09106219226534));
#5507=CARTESIAN_POINT('Ctrl Pts',(7.32437092569529,-12.5232176542337,7.21863224271288));
#5508=CARTESIAN_POINT('Ctrl Pts',(7.15695484188481,-12.5215463239434,7.25));
#5509=CARTESIAN_POINT('Ctrl Pts',(6.84304835370678,-12.518582342727,7.25));
#5510=CARTESIAN_POINT('Ctrl Pts',(6.67563374456077,-12.5170921169801,7.21863338467759));
#5511=CARTESIAN_POINT('Ctrl Pts',(6.3676572072841,-12.5145114580686,7.09106525306241));
#5512=CARTESIAN_POINT('Ctrl Pts',(6.22709534601517,-12.5134163329848,6.99486367031028));
#5513=CARTESIAN_POINT('Ctrl Pts',(6.00513122797012,-12.5117564012641,6.77289680959523));
#5514=CARTESIAN_POINT('Ctrl Pts',(5.90893253030998,-12.511080154388,6.63233831729788));
#5515=CARTESIAN_POINT('Ctrl Pts',(5.78136690765136,-12.5102029668606,6.32436608517879));
#5516=CARTESIAN_POINT('Ctrl Pts',(5.75000000000001,-12.5099973339328,6.1569523515544));
#5517=CARTESIAN_POINT('Ctrl Pts',(5.75000000000001,-12.5099973339328,6.));
#5518=CARTESIAN_POINT('Ctrl Pts',(5.75000000000001,-12.5099973339328,6.));
#5519=CARTESIAN_POINT('Ctrl Pts',(5.75000000000001,-12.5099973339328,5.84304764844559));
#5520=CARTESIAN_POINT('Ctrl Pts',(5.78136690765136,-12.5102029668606,5.67563391482121));
#5521=CARTESIAN_POINT('Ctrl Pts',(5.90893253030998,-12.511080154388,5.36766168270212));
#5522=CARTESIAN_POINT('Ctrl Pts',(6.00513122797012,-12.5117564012641,5.22710319040477));
#5523=CARTESIAN_POINT('Ctrl Pts',(6.22709534601517,-12.5134163329848,5.00513632968971));
#5524=CARTESIAN_POINT('Ctrl Pts',(6.3676572072841,-12.5145114580686,4.90893474693758));
#5525=CARTESIAN_POINT('Ctrl Pts',(6.67563374456077,-12.5170921169801,4.7813666153224));
#5526=CARTESIAN_POINT('Ctrl Pts',(6.84304835370678,-12.518582342727,4.75));
#5527=CARTESIAN_POINT('Ctrl Pts',(7.15695484188481,-12.5215463239434,4.75));
#5528=CARTESIAN_POINT('Ctrl Pts',(7.32437092569529,-12.5232176542337,4.78136775728711));
#5529=CARTESIAN_POINT('Ctrl Pts',(7.63234826875553,-12.5264529954756,4.90893780773465));
#5530=CARTESIAN_POINT('Ctrl Pts',(7.77290957455424,-12.5280123145556,5.00514010746622));
#5531=CARTESIAN_POINT('Ctrl Pts',(7.99487091811356,-12.5305440557856,5.22710647934876));
#5532=CARTESIAN_POINT('Ctrl Pts',(8.09106837074406,-12.5316844725422,5.36766351329001));
#5533=CARTESIAN_POINT('Ctrl Pts',(8.21863294846452,-12.5332163074784,5.67563391221455));
#5534=CARTESIAN_POINT('Ctrl Pts',(8.25000000000001,-12.5336030314802,5.84304733099566));
#5535=CARTESIAN_POINT('Ctrl Pts',(8.25000000000001,-12.5336030314802,6.));
#5536=CARTESIAN_POINT('Origin',(6.57316337316541E-15,-17.,0.25));
#5537=CARTESIAN_POINT('',(1.25000000000001,-17.,0.5));
#5538=CARTESIAN_POINT('',(1.50000000000001,-17.,0.25));
#5539=CARTESIAN_POINT('',(-1.24999999999999,-17.,0.5));
#5540=CARTESIAN_POINT('Origin',(6.57316337316541E-15,-17.,0.5));
#5541=CARTESIAN_POINT('Origin',(6.57316337316541E-15,-17.,0.5));
#5542=CARTESIAN_POINT('Origin',(6.57316337316541E-15,-17.,3.625));
#5543=CARTESIAN_POINT('',(-1.24999999999999,-17.,3.625));
#5544=CARTESIAN_POINT('Origin',(6.89776815344655E-15,-13.,0.25));
#5545=CARTESIAN_POINT('',(1.25000000000001,-13.,0.5));
#5546=CARTESIAN_POINT('',(1.50000000000001,-13.,0.25));
#5547=CARTESIAN_POINT('',(-1.24999999999999,-13.,0.5));
#5548=CARTESIAN_POINT('Origin',(6.89776815344655E-15,-13.,0.5));
#5549=CARTESIAN_POINT('Origin',(6.89776815344655E-15,-13.,0.5));
#5550=CARTESIAN_POINT('Origin',(6.89776815344655E-15,-13.,3.625));
#5551=CARTESIAN_POINT('',(-1.24999999999999,-13.,3.625));
#5552=CARTESIAN_POINT('Origin',(13.,20.5,11.25));
#5553=CARTESIAN_POINT('',(13.,22.5,11.5));
#5554=CARTESIAN_POINT('',(15.,20.5,11.5));
#5555=CARTESIAN_POINT('Origin',(13.,20.5,11.5));
#5556=CARTESIAN_POINT('',(14.5,20.5,11.));
#5557=CARTESIAN_POINT('',(14.75,20.5,11.25));
#5558=CARTESIAN_POINT('',(11.5,20.5,11.));
#5559=CARTESIAN_POINT('Origin',(13.,20.5,11.));
#5560=CARTESIAN_POINT('Origin',(13.,20.5,11.));
#5561=CARTESIAN_POINT('Origin',(13.,20.5,11.5));
#5562=CARTESIAN_POINT('Origin',(-18.75,22.5,11.5));
#5563=CARTESIAN_POINT('',(-17.75,20.5,11.5));
#5564=CARTESIAN_POINT('',(-15.75,22.5,11.5));
#5565=CARTESIAN_POINT('Origin',(-15.75,20.5,11.5));
#5566=CARTESIAN_POINT('',(-17.75,16.,11.5));
#5567=CARTESIAN_POINT('',(-17.75,22.5,11.5));
#5568=CARTESIAN_POINT('',(17.75,16.,11.5));
#5569=CARTESIAN_POINT('',(18.75,16.,11.5));
#5570=CARTESIAN_POINT('',(17.75,20.5,11.5));
#5571=CARTESIAN_POINT('',(17.75,17.25,11.5));
#5572=CARTESIAN_POINT('',(15.75,22.5,11.5));
#5573=CARTESIAN_POINT('Origin',(15.75,20.5,11.5));
#5574=CARTESIAN_POINT('',(-0.499999999999991,22.5,11.5));
#5575=CARTESIAN_POINT('',(-13.,22.5,11.5));
#5576=CARTESIAN_POINT('',(-0.499999999999991,22.5,11.5));
#5577=CARTESIAN_POINT('',(-11.,20.5,11.5));
#5578=CARTESIAN_POINT('Origin',(-13.,20.5,11.5));
#5579=CARTESIAN_POINT('Origin',(-13.,20.5,11.5));
#5580=CARTESIAN_POINT('',(-0.499999999999991,22.5,11.5));
#5581=CARTESIAN_POINT('Origin',(13.,20.5,-48.9669331122391));
#5582=CARTESIAN_POINT('',(11.5,20.5,1.99999999999999));
#5583=CARTESIAN_POINT('',(11.5,20.5,-48.9669331122391));
#5584=CARTESIAN_POINT('Origin',(13.,20.5,1.99999999999999));
#5585=CARTESIAN_POINT('Origin',(-13.,20.5,11.25));
#5586=CARTESIAN_POINT('',(-11.5,20.5,11.));
#5587=CARTESIAN_POINT('',(-11.25,20.5,11.25));
#5588=CARTESIAN_POINT('',(-14.5,20.5,11.));
#5589=CARTESIAN_POINT('Origin',(-13.,20.5,11.));
#5590=CARTESIAN_POINT('Origin',(-13.,20.5,11.));
#5591=CARTESIAN_POINT('Origin',(-13.,20.5,-48.9669331122391));
#5592=CARTESIAN_POINT('',(-14.5,20.5,2.00000000000001));
#5593=CARTESIAN_POINT('',(-14.5,20.5,-48.9669331122391));
#5594=CARTESIAN_POINT('Origin',(-13.,20.5,2.00000000000001));
#5595=CARTESIAN_POINT('Origin',(-13.,20.5,1.75000000000001));
#5596=CARTESIAN_POINT('',(-13.,22.5,1.5));
#5597=CARTESIAN_POINT('',(-15.,20.5,1.5));
#5598=CARTESIAN_POINT('Origin',(-13.,20.5,1.5));
#5599=CARTESIAN_POINT('',(-14.75,20.5,1.75000000000001));
#5600=CARTESIAN_POINT('Origin',(-13.,20.5,1.5));
#5601=CARTESIAN_POINT('Origin',(18.75,22.5,1.5));
#5602=CARTESIAN_POINT('',(-15.75,22.5,1.5));
#5603=CARTESIAN_POINT('',(-17.75,20.5,1.5));
#5604=CARTESIAN_POINT('Origin',(-15.75,20.5,1.5));
#5605=CARTESIAN_POINT('',(18.25,22.5,1.5));
#5606=CARTESIAN_POINT('',(13.,22.5,1.5));
#5607=CARTESIAN_POINT('',(18.25,22.5,1.5));
#5608=CARTESIAN_POINT('',(11.,20.5,1.5));
#5609=CARTESIAN_POINT('Origin',(13.,20.5,1.5));
#5610=CARTESIAN_POINT('Origin',(13.,20.5,1.5));
#5611=CARTESIAN_POINT('',(15.75,22.5,1.5));
#5612=CARTESIAN_POINT('',(18.25,22.5,1.5));
#5613=CARTESIAN_POINT('',(17.75,20.5,1.5));
#5614=CARTESIAN_POINT('Origin',(15.75,20.5,1.5));
#5615=CARTESIAN_POINT('',(17.75,16.,1.5));
#5616=CARTESIAN_POINT('',(17.75,17.25,1.5));
#5617=CARTESIAN_POINT('',(-17.75,16.,1.5));
#5618=CARTESIAN_POINT('',(-18.75,16.,1.5));
#5619=CARTESIAN_POINT('',(-17.75,22.5,1.5));
#5620=CARTESIAN_POINT('Origin',(13.,20.5,1.75));
#5621=CARTESIAN_POINT('',(11.25,20.5,1.75));
#5622=CARTESIAN_POINT('Origin',(4.44089209850063E-15,22.25,6.));
#5623=CARTESIAN_POINT('',(3.,22.5,6.));
#5624=CARTESIAN_POINT('Origin',(4.44089209850063E-15,22.5,6.));
#5625=CARTESIAN_POINT('',(2.5,22.,6.));
#5626=CARTESIAN_POINT('',(2.75,22.25,6.));
#5627=CARTESIAN_POINT('',(-2.5,22.,6.));
#5628=CARTESIAN_POINT('Origin',(4.44089209850063E-15,22.,6.));
#5629=CARTESIAN_POINT('Origin',(4.44089209850063E-15,22.,6.));
#5630=CARTESIAN_POINT('Origin',(4.44089209850063E-15,8.75,6.));
#5631=CARTESIAN_POINT('',(-2.5,-5.,6.));
#5632=CARTESIAN_POINT('',(-2.5,8.75,6.));
#5633=CARTESIAN_POINT('Origin',(4.44089209850063E-15,-5.,6.));
#5634=CARTESIAN_POINT('Origin',(17.75,22.5,0.));
#5635=CARTESIAN_POINT('',(-15.75,22.5,0.));
#5636=CARTESIAN_POINT('',(15.75,22.5,0.));
#5637=CARTESIAN_POINT('Origin',(4.44089209850063E-15,-5.,6.));
#5638=CARTESIAN_POINT('Origin',(3.,-18.0000000000001,0.));
#5639=CARTESIAN_POINT('',(3.,-17.5000000000001,0.));
#5640=CARTESIAN_POINT('',(2.5,-18.0000000000001,0.));
#5641=CARTESIAN_POINT('Origin',(2.49999999999999,-17.5000000000001,0.));
#5642=CARTESIAN_POINT('Origin',(-2.99999999999999,-18.,0.));
#5643=CARTESIAN_POINT('',(-2.49999999999999,-18.,0.));
#5644=CARTESIAN_POINT('Origin',(-2.49999999999999,-17.5000000000001,0.));
#5645=CARTESIAN_POINT('Origin',(-4.74999999999999,9.87645342287014,0.));
#5646=CARTESIAN_POINT('',(-2.74999999999999,9.87645342287014,0.));
#5647=CARTESIAN_POINT('Origin',(-2.74999999999999,12.,0.));
#5648=CARTESIAN_POINT('',(-2.75000000000001,5.49999999999256,0.));
#5649=CARTESIAN_POINT('Origin',(4.75000000000001,9.87645342287014,0.));
#5650=CARTESIAN_POINT('',(4.99615384615386,11.8612476903003,0.));
#5651=CARTESIAN_POINT('',(2.75000000000001,9.87645342287014,0.));
#5652=CARTESIAN_POINT('Origin',(2.75000000000001,-6.25000000000002,0.));
#5653=CARTESIAN_POINT('Origin',(-15.75,20.5,0.));
#5654=CARTESIAN_POINT('',(-17.75,20.5,0.));
#5655=CARTESIAN_POINT('Origin',(15.75,20.5,0.));
#5656=CARTESIAN_POINT('',(17.75,20.5,0.));
#5657=CARTESIAN_POINT('Origin',(8.88178419700125E-15,16.,13.25));
#5658=CARTESIAN_POINT('',(17.75,16.,6.625));
#5659=CARTESIAN_POINT('',(-17.75,16.,6.625));
#5660=CARTESIAN_POINT('Origin',(8.88178419700125E-15,16.,0.750000000000001));
#5661=CARTESIAN_POINT('',(17.75,16.,0.375));
#5662=CARTESIAN_POINT('',(-17.75,16.,0.375));
#5663=CARTESIAN_POINT('Origin',(17.75,12.,0.));
#5664=CARTESIAN_POINT('',(17.75,12.3745966692415,0.));
#5665=CARTESIAN_POINT('Origin',(-17.55,10.6254033307585,0.));
#5666=CARTESIAN_POINT('',(-17.4387298334621,10.7915928311447,0.));
#5667=CARTESIAN_POINT('Origin',(-17.55,12.3745966692415,0.));
#5668=CARTESIAN_POINT('',(-17.75,12.3745966692415,0.));
#5669=CARTESIAN_POINT('',(-17.4387298334621,12.2084071688553,0.));
#5670=CARTESIAN_POINT('Origin',(-17.75,12.,0.));
#5671=CARTESIAN_POINT('',(-16.945438540862,12.5386843774139,0.));
#5672=CARTESIAN_POINT('Origin',(17.55,10.6254033307585,0.));
#5673=CARTESIAN_POINT('',(17.75,10.6254033307585,0.));
#5674=CARTESIAN_POINT('',(17.4387298334621,10.7915928311447,0.));
#5675=CARTESIAN_POINT('Origin',(17.75,11.,0.));
#5676=CARTESIAN_POINT('',(16.945438540862,10.4613156225861,0.));
#5677=CARTESIAN_POINT('Origin',(17.55,12.3745966692415,0.));
#5678=CARTESIAN_POINT('',(17.4387298334621,12.2084071688553,0.));
#5679=CARTESIAN_POINT('Origin',(16.945438540862,12.5386843774139,0.));
#5680=CARTESIAN_POINT('',(16.945438540862,12.5386843774139,0.));
#5681=CARTESIAN_POINT('Origin',(-17.75,-15.5,0.));
#5682=CARTESIAN_POINT('Origin',(-2.49999999999997,-141.812500000008,0.));
#5683=CARTESIAN_POINT('',(-2.49999999999999,-15.,0.));
#5684=CARTESIAN_POINT('Origin',(-2.49999999999999,-13.4999305748351,0.));
#5685=CARTESIAN_POINT('',(-2.49999999999999,-13.4999305748351,0.));
#5686=CARTESIAN_POINT('Origin',(-2.74999999999997,-13.5,0.));
#5687=CARTESIAN_POINT('',(-2.74999999999997,-13.5,0.));
#5688=CARTESIAN_POINT('Origin',(-2.74999999999999,436.624999999856,0.));
#5689=CARTESIAN_POINT('',(-17.75,-13.25,0.));
#5690=CARTESIAN_POINT('Origin',(-17.75,-12.75,0.));
#5691=CARTESIAN_POINT('',(-17.75,-12.75,0.));
#5692=CARTESIAN_POINT('Origin',(-2.74999999999999,-462.624999999856,0.));
#5693=CARTESIAN_POINT('',(-2.74999999999997,-12.5,0.));
#5694=CARTESIAN_POINT('Origin',(-2.49999999999999,-12.5,0.));
#5695=CARTESIAN_POINT('',(-2.49999999999999,-12.5,0.));
#5696=CARTESIAN_POINT('Origin',(-2.49999999999999,-11.,0.));
#5697=CARTESIAN_POINT('',(-2.49999999999999,-11.,0.));
#5698=CARTESIAN_POINT('Origin',(-2.74999999999997,-11.,0.));
#5699=CARTESIAN_POINT('',(-2.74999999999997,-11.,0.));
#5700=CARTESIAN_POINT('Origin',(-2.74999999999999,439.124999999856,0.));
#5701=CARTESIAN_POINT('',(-17.75,-10.75,0.));
#5702=CARTESIAN_POINT('Origin',(-17.75,-10.25,0.));
#5703=CARTESIAN_POINT('',(-17.75,-10.25,0.));
#5704=CARTESIAN_POINT('Origin',(-2.74999999999999,-460.124999999856,0.));
#5705=CARTESIAN_POINT('',(-2.74999999999997,-10.,0.));
#5706=CARTESIAN_POINT('Origin',(-2.49999999999999,-10.,0.));
#5707=CARTESIAN_POINT('',(-2.49999999999999,-10.,0.));
#5708=CARTESIAN_POINT('Origin',(-2.49999999999999,-8.50000000000003,0.));
#5709=CARTESIAN_POINT('',(-2.49999999999999,-8.50000000000003,0.));
#5710=CARTESIAN_POINT('Origin',(-2.74999999999997,-8.50000000000003,0.));
#5711=CARTESIAN_POINT('',(-2.74999999999997,-8.50000000000003,0.));
#5712=CARTESIAN_POINT('Origin',(-2.74999999999999,441.624999999856,0.));
#5713=CARTESIAN_POINT('',(-17.75,-8.24999999999996,0.));
#5714=CARTESIAN_POINT('Origin',(-17.75,-7.74999999999999,0.));
#5715=CARTESIAN_POINT('',(-17.75,-7.74999999999999,0.));
#5716=CARTESIAN_POINT('Origin',(-2.74999999999999,-457.624999999856,0.));
#5717=CARTESIAN_POINT('',(-2.74999999999997,-7.5,0.));
#5718=CARTESIAN_POINT('Origin',(-2.49999999999999,-7.5,0.));
#5719=CARTESIAN_POINT('',(-2.49999999999999,-7.5,0.));
#5720=CARTESIAN_POINT('Origin',(-2.49999999999999,-6.00000000000003,0.));
#5721=CARTESIAN_POINT('',(-2.49999999999999,-6.00000000000003,0.));
#5722=CARTESIAN_POINT('Origin',(-2.74999999999997,-6.00000000000003,0.));
#5723=CARTESIAN_POINT('',(-2.74999999999997,-6.00000000000003,0.));
#5724=CARTESIAN_POINT('Origin',(-2.74999999999999,444.124999999856,0.));
#5725=CARTESIAN_POINT('',(-17.75,-5.74999999999996,0.));
#5726=CARTESIAN_POINT('Origin',(-17.75,-5.24999999999999,0.));
#5727=CARTESIAN_POINT('',(-17.75,-5.24999999999999,0.));
#5728=CARTESIAN_POINT('Origin',(-2.74999999999999,-455.124999999856,0.));
#5729=CARTESIAN_POINT('',(-2.74999999999997,-5.00000000001933,0.));
#5730=CARTESIAN_POINT('Origin',(-2.74999999999999,-3.49999999998074,0.));
#5731=CARTESIAN_POINT('',(-2.74999999999963,-3.49999999998074,0.));
#5732=CARTESIAN_POINT('Origin',(-2.74999999999999,446.624999999856,0.));
#5733=CARTESIAN_POINT('',(-17.75,-3.24999999999996,0.));
#5734=CARTESIAN_POINT('Origin',(-17.75,-2.74999999999999,0.));
#5735=CARTESIAN_POINT('',(-17.75,-2.74999999999999,0.));
#5736=CARTESIAN_POINT('Origin',(-2.74999999999999,-452.624999999856,0.));
#5737=CARTESIAN_POINT('',(-2.74999999999997,-2.50000000001933,0.));
#5738=CARTESIAN_POINT('Origin',(-2.74999999999999,-0.999999999980736,0.));
#5739=CARTESIAN_POINT('',(-2.74999999999963,-0.999999999980736,0.));
#5740=CARTESIAN_POINT('Origin',(-2.74999999999999,449.124999999856,0.));
#5741=CARTESIAN_POINT('',(-17.75,-0.749999999999957,0.));
#5742=CARTESIAN_POINT('Origin',(-17.75,-0.249999999999986,0.));
#5743=CARTESIAN_POINT('',(-17.75,-0.249999999999986,0.));
#5744=CARTESIAN_POINT('Origin',(-2.74999999999999,-450.124999999856,0.));
#5745=CARTESIAN_POINT('',(-2.74999999999997,-1.93267624126747E-11,0.));
#5746=CARTESIAN_POINT('Origin',(-2.74999999999999,1.50000000001926,0.));
#5747=CARTESIAN_POINT('',(-2.74999999999963,1.50000000001926,0.));
#5748=CARTESIAN_POINT('Origin',(-2.74999999999999,451.624999999856,0.));
#5749=CARTESIAN_POINT('',(-17.75,1.75000000000004,0.));
#5750=CARTESIAN_POINT('Origin',(-17.75,2.25000000000001,0.));
#5751=CARTESIAN_POINT('',(-17.75,2.25000000000001,0.));
#5752=CARTESIAN_POINT('Origin',(-2.74999999999999,-447.624999999856,0.));
#5753=CARTESIAN_POINT('',(-2.74999999999999,2.49999999999998,0.));
#5754=CARTESIAN_POINT('Origin',(-2.74999999999999,4.50000000000747,0.));
#5755=CARTESIAN_POINT('',(-2.75000000000009,4.50000000000747,0.));
#5756=CARTESIAN_POINT('Origin',(-2.75000000000001,124.750000000004,0.));
#5757=CARTESIAN_POINT('',(-10.4999999999995,4.75000000000744,0.));
#5758=CARTESIAN_POINT('Origin',(-10.5,5.24999999999256,0.));
#5759=CARTESIAN_POINT('',(-10.4999999999999,5.24999999999256,0.));
#5760=CARTESIAN_POINT('Origin',(-2.75000000000001,-114.750000000004,0.));
#5761=CARTESIAN_POINT('Origin',(-17.75,7.5,0.));
#5762=CARTESIAN_POINT('Origin',(-16.945438540862,10.4613156225861,0.));
#5763=CARTESIAN_POINT('',(-16.945438540862,10.4613156225861,0.));
#5764=CARTESIAN_POINT('Origin',(-16.25,11.5,0.));
#5765=CARTESIAN_POINT('Origin',(-17.75,22.5,0.));
#5766=CARTESIAN_POINT('Origin',(16.25,11.5,0.));
#5767=CARTESIAN_POINT('Origin',(17.75,7.5,0.));
#5768=CARTESIAN_POINT('Origin',(2.75000000000001,5.49999999999999,0.));
#5769=CARTESIAN_POINT('',(2.75000000000001,5.49999999999999,0.));
#5770=CARTESIAN_POINT('Origin',(2.75000000000001,-114.750000000004,0.));
#5771=CARTESIAN_POINT('',(10.5,5.24999999999999,0.));
#5772=CARTESIAN_POINT('Origin',(10.5,4.75000000000742,0.));
#5773=CARTESIAN_POINT('',(10.4999999999994,4.75000000000742,0.));
#5774=CARTESIAN_POINT('Origin',(2.75000000000001,124.750000000004,0.));
#5775=CARTESIAN_POINT('',(2.75000000000001,4.50000000000745,0.));
#5776=CARTESIAN_POINT('Origin',(2.75000000000001,2.49999999998062,0.));
#5777=CARTESIAN_POINT('',(2.75000000000278,2.49999999998062,0.));
#5778=CARTESIAN_POINT('Origin',(2.75000000000001,-447.624999999856,0.));
#5779=CARTESIAN_POINT('',(17.75,2.25000000000001,0.));
#5780=CARTESIAN_POINT('Origin',(17.75,1.75000000000004,0.));
#5781=CARTESIAN_POINT('',(17.75,1.75000000000004,0.));
#5782=CARTESIAN_POINT('Origin',(2.75000000000001,451.624999999856,0.));
#5783=CARTESIAN_POINT('',(2.74999999999999,1.50000000001924,0.));
#5784=CARTESIAN_POINT('Origin',(2.75000000000001,-1.9382273563906E-11,0.));
#5785=CARTESIAN_POINT('',(2.75000000000279,-1.93815102855766E-11,0.));
#5786=CARTESIAN_POINT('Origin',(2.75000000000001,-450.124999999856,0.));
#5787=CARTESIAN_POINT('',(17.75,-0.249999999999986,0.));
#5788=CARTESIAN_POINT('Origin',(17.75,-0.749999999999957,0.));
#5789=CARTESIAN_POINT('',(17.75,-0.749999999999957,0.));
#5790=CARTESIAN_POINT('Origin',(2.75000000000001,449.124999999856,0.));
#5791=CARTESIAN_POINT('',(2.74999999999998,-0.999999999980759,0.));
#5792=CARTESIAN_POINT('Origin',(2.75000000000001,-2.50000000001938,0.));
#5793=CARTESIAN_POINT('',(2.75000000000279,-2.50000000001938,0.));
#5794=CARTESIAN_POINT('Origin',(2.75000000000001,-452.624999999856,0.));
#5795=CARTESIAN_POINT('',(17.75,-2.74999999999999,0.));
#5796=CARTESIAN_POINT('Origin',(17.75,-3.24999999999996,0.));
#5797=CARTESIAN_POINT('',(17.75,-3.24999999999996,0.));
#5798=CARTESIAN_POINT('Origin',(2.75000000000001,446.624999999856,0.));
#5799=CARTESIAN_POINT('',(2.74999999999998,-3.49999999998076,0.));
#5800=CARTESIAN_POINT('Origin',(2.75000000000001,-5.00000000001938,0.));
#5801=CARTESIAN_POINT('',(2.75000000000279,-5.00000000001938,0.));
#5802=CARTESIAN_POINT('Origin',(2.75000000000001,-455.124999999856,0.));
#5803=CARTESIAN_POINT('',(17.75,-5.24999999999999,0.));
#5804=CARTESIAN_POINT('Origin',(17.75,-5.74999999999996,0.));
#5805=CARTESIAN_POINT('',(17.75,-5.74999999999996,0.));
#5806=CARTESIAN_POINT('Origin',(2.75000000000001,444.124999999856,0.));
#5807=CARTESIAN_POINT('',(2.74999999999998,-6.00000000000003,0.));
#5808=CARTESIAN_POINT('Origin',(2.50000000000001,-6.00000000000005,0.));
#5809=CARTESIAN_POINT('',(2.50000000000001,-6.00000000000005,0.));
#5810=CARTESIAN_POINT('Origin',(2.50000000000001,-7.5,0.));
#5811=CARTESIAN_POINT('',(2.50000000000001,-7.5,0.));
#5812=CARTESIAN_POINT('Origin',(2.74999999999998,-7.5,0.));
#5813=CARTESIAN_POINT('',(2.74999999999998,-7.5,0.));
#5814=CARTESIAN_POINT('Origin',(2.75000000000001,-457.624999999856,0.));
#5815=CARTESIAN_POINT('',(17.75,-7.74999999999999,0.));
#5816=CARTESIAN_POINT('Origin',(17.75,-8.24999999999996,0.));
#5817=CARTESIAN_POINT('',(17.75,-8.24999999999996,0.));
#5818=CARTESIAN_POINT('Origin',(2.75000000000001,441.624999999856,0.));
#5819=CARTESIAN_POINT('',(2.74999999999786,-8.50000000000009,0.));
#5820=CARTESIAN_POINT('Origin',(2.50000000000001,-8.50000000000005,0.));
#5821=CARTESIAN_POINT('',(2.50000000000001,-8.50000000000005,0.));
#5822=CARTESIAN_POINT('Origin',(2.50000000000001,-10.,0.));
#5823=CARTESIAN_POINT('',(2.50000000000001,-10.,0.));
#5824=CARTESIAN_POINT('Origin',(2.74999999999998,-10.,0.));
#5825=CARTESIAN_POINT('',(2.74999999999998,-10.,0.));
#5826=CARTESIAN_POINT('Origin',(2.75000000000001,-460.124999999856,0.));
#5827=CARTESIAN_POINT('',(17.75,-10.25,0.));
#5828=CARTESIAN_POINT('Origin',(17.75,-10.75,0.));
#5829=CARTESIAN_POINT('',(17.75,-10.75,0.));
#5830=CARTESIAN_POINT('Origin',(2.75000000000001,439.124999999856,0.));
#5831=CARTESIAN_POINT('',(2.74999999999992,-11.0000000000001,0.));
#5832=CARTESIAN_POINT('Origin',(2.5,-11.,0.));
#5833=CARTESIAN_POINT('',(2.5,-11.,0.));
#5834=CARTESIAN_POINT('Origin',(2.5,-12.5,0.));
#5835=CARTESIAN_POINT('',(2.5,-12.5,0.));
#5836=CARTESIAN_POINT('Origin',(2.74999999999998,-12.5,0.));
#5837=CARTESIAN_POINT('',(2.74999999999998,-12.5,0.));
#5838=CARTESIAN_POINT('Origin',(2.75000000000001,-462.624999999856,0.));
#5839=CARTESIAN_POINT('',(17.75,-12.75,0.));
#5840=CARTESIAN_POINT('Origin',(17.75,-13.25,0.));
#5841=CARTESIAN_POINT('',(17.75,-13.25,0.));
#5842=CARTESIAN_POINT('Origin',(2.75000000000001,436.624999999856,0.));
#5843=CARTESIAN_POINT('',(2.74999999999998,-13.5,0.));
#5844=CARTESIAN_POINT('Origin',(2.50000000000001,-13.4985420715371,0.));
#5845=CARTESIAN_POINT('',(2.50000000000001,-13.4985420715371,0.));
#5846=CARTESIAN_POINT('Origin',(2.5,-15.,0.));
#5847=CARTESIAN_POINT('',(2.49999999999984,-15.,0.));
#5848=CARTESIAN_POINT('Origin',(2.49999999999998,-141.812500000008,0.));
#5849=CARTESIAN_POINT('Origin',(17.75,-19.5,0.));
#5850=CARTESIAN_POINT('',(17.75,-19.5,0.));
#5851=CARTESIAN_POINT('Origin',(16.25,-21.5,0.));
#5852=CARTESIAN_POINT('',(18.5412878474779,-22.5,0.));
#5853=CARTESIAN_POINT('Origin',(17.,-22.5,0.));
#5854=CARTESIAN_POINT('',(17.,-22.5,0.));
#5855=CARTESIAN_POINT('Origin',(16.25,-21.5,0.));
#5856=CARTESIAN_POINT('',(15.5,-22.5,0.));
#5857=CARTESIAN_POINT('Origin',(13.9587121525221,-22.5,0.));
#5858=CARTESIAN_POINT('',(13.9587121525221,-22.5,0.));
#5859=CARTESIAN_POINT('Origin',(16.25,-21.5,0.));
#5860=CARTESIAN_POINT('Origin',(2.5,-19.,0.));
#5861=CARTESIAN_POINT('Origin',(-13.75,-21.5,0.));
#5862=CARTESIAN_POINT('',(-13.75,-21.5,0.));
#5863=CARTESIAN_POINT('Origin',(-16.25,-21.5,0.));
#5864=CARTESIAN_POINT('',(-13.9587121525221,-22.5,0.));
#5865=CARTESIAN_POINT('Origin',(-15.5,-22.5,0.));
#5866=CARTESIAN_POINT('',(-15.5,-22.5,0.));
#5867=CARTESIAN_POINT('Origin',(-16.25,-21.5,0.));
#5868=CARTESIAN_POINT('',(-17.,-22.5,0.));
#5869=CARTESIAN_POINT('Origin',(-18.5412878474779,-22.5,0.));
#5870=UNCERTAINTY_MEASURE_WITH_UNIT(LENGTH_MEASURE(0.01),#5874,
'DISTANCE_ACCURACY_VALUE',
'Maximum model space distance between geometric entities at asserted c
onnectivities');
#5871=UNCERTAINTY_MEASURE_WITH_UNIT(LENGTH_MEASURE(0.01),#5874,
'DISTANCE_ACCURACY_VALUE',
'Maximum model space distance between geometric entities at asserted c
onnectivities');
#5872=(
GEOMETRIC_REPRESENTATION_CONTEXT(3)
GLOBAL_UNCERTAINTY_ASSIGNED_CONTEXT((#5870))
GLOBAL_UNIT_ASSIGNED_CONTEXT((#5874,#5876,#5877))
REPRESENTATION_CONTEXT('','3D')
);
#5873=(
GEOMETRIC_REPRESENTATION_CONTEXT(3)
GLOBAL_UNCERTAINTY_ASSIGNED_CONTEXT((#5871))
GLOBAL_UNIT_ASSIGNED_CONTEXT((#5874,#5876,#5877))
REPRESENTATION_CONTEXT('','3D')
);
#5874=(
LENGTH_UNIT()
NAMED_UNIT(*)
SI_UNIT(.MILLI.,.METRE.)
);
#5875=(
LENGTH_UNIT()
NAMED_UNIT(*)
SI_UNIT(.CENTI.,.METRE.)
);
#5876=(
NAMED_UNIT(*)
PLANE_ANGLE_UNIT()
SI_UNIT($,.RADIAN.)
);
#5877=(
NAMED_UNIT(*)
SI_UNIT($,.STERADIAN.)
SOLID_ANGLE_UNIT()
);
#5878=SHAPE_DEFINITION_REPRESENTATION(#5879,#5880);
#5879=PRODUCT_DEFINITION_SHAPE('',$,#5882);
#5880=SHAPE_REPRESENTATION('',(#3333),#5872);
#5881=PRODUCT_DEFINITION_CONTEXT('part definition',#5886,'design');
#5882=PRODUCT_DEFINITION('giga heat exchanger','giga heat exchanger',#5883,
#5881);
#5883=PRODUCT_DEFINITION_FORMATION('',$,#5888);
#5884=PRODUCT_RELATED_PRODUCT_CATEGORY('giga heat exchanger',
'giga heat exchanger',(#5888));
#5885=APPLICATION_PROTOCOL_DEFINITION('international standard',
'automotive_design',2009,#5886);
#5886=APPLICATION_CONTEXT(
'Core Data for Automotive Mechanical Design Process');
#5887=PRODUCT_CONTEXT('part definition',#5886,'mechanical');
#5888=PRODUCT('giga heat exchanger','giga heat exchanger',$,(#5887));
#5889=PRESENTATION_STYLE_ASSIGNMENT((#5890));
#5890=SURFACE_STYLE_USAGE(.BOTH.,#5893);
#5891=SURFACE_STYLE_RENDERING_WITH_PROPERTIES($,#5897,(#5892));
#5892=SURFACE_STYLE_TRANSPARENT(0.);
#5893=SURFACE_SIDE_STYLE('',(#5894,#5891));
#5894=SURFACE_STYLE_FILL_AREA(#5895);
#5895=FILL_AREA_STYLE('',(#5896));
#5896=FILL_AREA_STYLE_COLOUR('',#5897);
#5897=COLOUR_RGB('',0.996078431372549,0.996078431372549,1.);
ENDSEC;
END-ISO-10303-21;
