ISO-10303-21;
HEADER;
/* Generated by software containing ST-Developer
 * from STEP Tools, Inc. (www.steptools.com) 
 */

FILE_DESCRIPTION(
/* description */ (''),
/* implementation_level */ '2;1');

FILE_NAME(
/* name */ 'giga print head carriage.stp',
/* time_stamp */ '2025-10-14T16:08:02+10:00',
/* author */ ('Jcw Drafting Lab 1'),
/* organization */ (''),
/* preprocessor_version */ 'ST-DEVELOPER v20',
/* originating_system */ 'Autodesk Inventor 2025',
/* authorisation */ '');

FILE_SCHEMA (('AUTOMOTIVE_DESIGN { 1 0 10303 214 3 1 1 }'));
ENDSEC;

DATA;
#10=MECHANICAL_DESIGN_GEOMETRIC_PRESENTATION_REPRESENTATION('',(#13),#18846);
#11=SHAPE_REPRESENTATION_RELATIONSHIP('SRR','None',#18853,#12);
#12=ADVANCED_BREP_SHAPE_REPRESENTATION('',(#14),#18845);
#13=STYLED_ITEM('',(#18862),#14);
#14=MANIFOLD_SOLID_BREP('Solid1',#10621);
#15=(
BOUNDED_SURFACE()
B_SPLINE_SURFACE(2,2,((#17903,#17904,#17905),(#17906,#17907,#17908),(#17909,
#17910,#17911)),.UNSPECIFIED.,.F.,.F.,.F.)
B_SPLINE_SURFACE_WITH_KNOTS((3,3),(3,3),(-5.55111512312579E-15,1.5707963267949),
(-3.14159265358979,-1.5707963267949),.UNSPECIFIED.)
GEOMETRIC_REPRESENTATION_ITEM()
RATIONAL_B_SPLINE_SURFACE(((1.,0.707106781186548,1.),(0.707106781186544,
0.499999999999998,0.707106781186544),(1.,0.707106781186548,1.)))
REPRESENTATION_ITEM('')
SURFACE()
);
#16=(
BOUNDED_SURFACE()
B_SPLINE_SURFACE(2,2,((#17935,#17936,#17937),(#17938,#17939,#17940),(#17941,
#17942,#17943)),.UNSPECIFIED.,.F.,.F.,.F.)
B_SPLINE_SURFACE_WITH_KNOTS((3,3),(3,3),(-3.25985364091439E-16,1.5707963267949),
(1.57079632679489,3.14159265358979),.UNSPECIFIED.)
GEOMETRIC_REPRESENTATION_ITEM()
RATIONAL_B_SPLINE_SURFACE(((1.,0.707106781186546,1.),(0.70710678118654,
0.499999999999993,0.70710678118654),(1.,0.707106781186546,1.)))
REPRESENTATION_ITEM('')
SURFACE()
);
#17=SPHERICAL_SURFACE('',#11280,2.);
#18=SPHERICAL_SURFACE('',#11285,2.);
#19=SPHERICAL_SURFACE('',#11445,2.);
#20=SPHERICAL_SURFACE('',#11447,2.);
#21=FACE_BOUND('',#1254,.T.);
#22=FACE_BOUND('',#1255,.T.);
#23=FACE_BOUND('',#1334,.T.);
#24=FACE_BOUND('',#1335,.T.);
#25=FACE_BOUND('',#1336,.T.);
#26=FACE_BOUND('',#1337,.T.);
#27=FACE_BOUND('',#1338,.T.);
#28=FACE_BOUND('',#1339,.T.);
#29=FACE_BOUND('',#1340,.T.);
#30=FACE_BOUND('',#1341,.T.);
#31=FACE_BOUND('',#1342,.T.);
#32=FACE_BOUND('',#1343,.T.);
#33=FACE_BOUND('',#1344,.T.);
#34=FACE_BOUND('',#1345,.T.);
#35=FACE_BOUND('',#1346,.T.);
#36=FACE_BOUND('',#1347,.T.);
#37=FACE_BOUND('',#1348,.T.);
#38=FACE_BOUND('',#1349,.T.);
#39=FACE_BOUND('',#1350,.T.);
#40=FACE_BOUND('',#1351,.T.);
#41=FACE_BOUND('',#1364,.T.);
#42=FACE_BOUND('',#1365,.T.);
#43=FACE_BOUND('',#1366,.T.);
#44=FACE_BOUND('',#1367,.T.);
#45=FACE_BOUND('',#1368,.T.);
#46=FACE_BOUND('',#1369,.T.);
#47=FACE_BOUND('',#1370,.T.);
#48=FACE_BOUND('',#1371,.T.);
#49=FACE_BOUND('',#1372,.T.);
#50=FACE_BOUND('',#1373,.T.);
#51=FACE_BOUND('',#1374,.T.);
#52=FACE_BOUND('',#1375,.T.);
#53=FACE_BOUND('',#1376,.T.);
#54=FACE_BOUND('',#1377,.T.);
#55=FACE_BOUND('',#1378,.T.);
#56=FACE_BOUND('',#1379,.T.);
#57=FACE_BOUND('',#1380,.T.);
#58=FACE_BOUND('',#1539,.T.);
#59=FACE_BOUND('',#1542,.T.);
#60=FACE_BOUND('',#1549,.T.);
#61=FACE_BOUND('',#1550,.T.);
#62=FACE_BOUND('',#1551,.T.);
#63=FACE_BOUND('',#1552,.T.);
#64=FACE_BOUND('',#1553,.T.);
#65=FACE_BOUND('',#1554,.T.);
#66=FACE_BOUND('',#1555,.T.);
#67=FACE_BOUND('',#1556,.T.);
#68=FACE_BOUND('',#1835,.T.);
#69=FACE_BOUND('',#1836,.T.);
#70=TOROIDAL_SURFACE('',#10725,10.,2.);
#71=TOROIDAL_SURFACE('',#10823,3.99999999999999,2.);
#72=TOROIDAL_SURFACE('',#10854,10.,2.);
#73=TOROIDAL_SURFACE('',#10881,10.,2.);
#74=TOROIDAL_SURFACE('',#11096,5.,1.);
#75=TOROIDAL_SURFACE('',#11100,3.,1.);
#76=TOROIDAL_SURFACE('',#11105,3.,1.);
#77=TOROIDAL_SURFACE('',#11106,5.,1.);
#78=TOROIDAL_SURFACE('',#11111,3.,1.);
#79=TOROIDAL_SURFACE('',#11115,3.,1.);
#80=TOROIDAL_SURFACE('',#11119,4.,2.);
#81=TOROIDAL_SURFACE('',#11123,4.,2.);
#82=TOROIDAL_SURFACE('',#11125,4.,2.);
#83=TOROIDAL_SURFACE('',#11130,4.,2.);
#84=TOROIDAL_SURFACE('',#11276,4.,2.);
#85=TOROIDAL_SURFACE('',#11410,3.,2.);
#86=TOROIDAL_SURFACE('',#11420,3.,2.);
#87=TOROIDAL_SURFACE('',#11426,10.,2.);
#88=TOROIDAL_SURFACE('',#11433,5.,2.);
#89=TOROIDAL_SURFACE('',#11439,5.,2.);
#90=ELLIPSE('',#10657,2.16478440058479,2.);
#91=ELLIPSE('',#10677,2.16478440058479,2.);
#92=ELLIPSE('',#10933,2.82842712474619,2.);
#93=ELLIPSE('',#10936,2.82842712474622,2.);
#94=ELLIPSE('',#11092,7.21110255092808,4.);
#95=ELLIPSE('',#11118,7.21110255092797,4.);
#96=ELLIPSE('',#11267,8.48528137423856,6.);
#97=ELLIPSE('',#11269,8.48528137423866,6.);
#98=CYLINDRICAL_SURFACE('',#10656,2.);
#99=CYLINDRICAL_SURFACE('',#10660,2.);
#100=CYLINDRICAL_SURFACE('',#10675,2.);
#101=CYLINDRICAL_SURFACE('',#10679,2.);
#102=CYLINDRICAL_SURFACE('',#10694,2.);
#103=CYLINDRICAL_SURFACE('',#10698,1.);
#104=CYLINDRICAL_SURFACE('',#10730,2.);
#105=CYLINDRICAL_SURFACE('',#10733,1.);
#106=CYLINDRICAL_SURFACE('',#10735,3.6);
#107=CYLINDRICAL_SURFACE('',#10758,2.);
#108=CYLINDRICAL_SURFACE('',#10760,6.);
#109=CYLINDRICAL_SURFACE('',#10762,2.);
#110=CYLINDRICAL_SURFACE('',#10764,4.);
#111=CYLINDRICAL_SURFACE('',#10797,2.);
#112=CYLINDRICAL_SURFACE('',#10817,2.);
#113=CYLINDRICAL_SURFACE('',#10820,2.);
#114=CYLINDRICAL_SURFACE('',#10844,2.);
#115=CYLINDRICAL_SURFACE('',#10847,2.);
#116=CYLINDRICAL_SURFACE('',#10850,2.);
#117=CYLINDRICAL_SURFACE('',#10852,10.);
#118=CYLINDRICAL_SURFACE('',#10876,4.);
#119=CYLINDRICAL_SURFACE('',#10878,2.);
#120=CYLINDRICAL_SURFACE('',#10904,2.);
#121=CYLINDRICAL_SURFACE('',#10907,2.);
#122=CYLINDRICAL_SURFACE('',#10909,10.);
#123=CYLINDRICAL_SURFACE('',#10911,2.);
#124=CYLINDRICAL_SURFACE('',#10930,2.);
#125=CYLINDRICAL_SURFACE('',#10993,2.);
#126=CYLINDRICAL_SURFACE('',#11008,2.);
#127=CYLINDRICAL_SURFACE('',#11011,2.);
#128=CYLINDRICAL_SURFACE('',#11091,4.);
#129=CYLINDRICAL_SURFACE('',#11094,2.);
#130=CYLINDRICAL_SURFACE('',#11098,1.);
#131=CYLINDRICAL_SURFACE('',#11103,1.);
#132=CYLINDRICAL_SURFACE('',#11109,1.);
#133=CYLINDRICAL_SURFACE('',#11113,1.);
#134=CYLINDRICAL_SURFACE('',#11117,4.);
#135=CYLINDRICAL_SURFACE('',#11121,2.);
#136=CYLINDRICAL_SURFACE('',#11128,2.);
#137=CYLINDRICAL_SURFACE('',#11131,2.);
#138=CYLINDRICAL_SURFACE('',#11132,2.);
#139=CYLINDRICAL_SURFACE('',#11134,2.);
#140=CYLINDRICAL_SURFACE('',#11145,2.);
#141=CYLINDRICAL_SURFACE('',#11158,2.);
#142=CYLINDRICAL_SURFACE('',#11169,4.);
#143=CYLINDRICAL_SURFACE('',#11170,2.);
#144=CYLINDRICAL_SURFACE('',#11193,1.);
#145=CYLINDRICAL_SURFACE('',#11194,3.6);
#146=CYLINDRICAL_SURFACE('',#11195,2.);
#147=CYLINDRICAL_SURFACE('',#11209,2.);
#148=CYLINDRICAL_SURFACE('',#11210,6.);
#149=CYLINDRICAL_SURFACE('',#11211,2.);
#150=CYLINDRICAL_SURFACE('',#11220,2.);
#151=CYLINDRICAL_SURFACE('',#11233,2.);
#152=CYLINDRICAL_SURFACE('',#11249,2.);
#153=CYLINDRICAL_SURFACE('',#11251,2.);
#154=CYLINDRICAL_SURFACE('',#11252,10.);
#155=CYLINDRICAL_SURFACE('',#11253,1.);
#156=CYLINDRICAL_SURFACE('',#11255,2.);
#157=CYLINDRICAL_SURFACE('',#11256,2.);
#158=CYLINDRICAL_SURFACE('',#11258,2.);
#159=CYLINDRICAL_SURFACE('',#11259,10.);
#160=CYLINDRICAL_SURFACE('',#11260,2.);
#161=CYLINDRICAL_SURFACE('',#11261,3.99999999999999);
#162=CYLINDRICAL_SURFACE('',#11262,2.);
#163=CYLINDRICAL_SURFACE('',#11264,2.);
#164=CYLINDRICAL_SURFACE('',#11270,2.);
#165=CYLINDRICAL_SURFACE('',#11272,2.);
#166=CYLINDRICAL_SURFACE('',#11273,2.);
#167=CYLINDRICAL_SURFACE('',#11278,2.);
#168=CYLINDRICAL_SURFACE('',#11282,2.);
#169=CYLINDRICAL_SURFACE('',#11284,2.);
#170=CYLINDRICAL_SURFACE('',#11288,1.6);
#171=CYLINDRICAL_SURFACE('',#11289,1.6);
#172=CYLINDRICAL_SURFACE('',#11293,3.);
#173=CYLINDRICAL_SURFACE('',#11298,3.);
#174=CYLINDRICAL_SURFACE('',#11302,1.5);
#175=CYLINDRICAL_SURFACE('',#11305,1.5);
#176=CYLINDRICAL_SURFACE('',#11311,2.);
#177=CYLINDRICAL_SURFACE('',#11314,1.6);
#178=CYLINDRICAL_SURFACE('',#11381,1.6);
#179=CYLINDRICAL_SURFACE('',#11385,1.6);
#180=CYLINDRICAL_SURFACE('',#11389,1.6);
#181=CYLINDRICAL_SURFACE('',#11393,2.5);
#182=CYLINDRICAL_SURFACE('',#11397,2.5);
#183=CYLINDRICAL_SURFACE('',#11401,2.5);
#184=CYLINDRICAL_SURFACE('',#11405,2.5);
#185=CYLINDRICAL_SURFACE('',#11406,2.);
#186=CYLINDRICAL_SURFACE('',#11408,2.);
#187=CYLINDRICAL_SURFACE('',#11414,2.);
#188=CYLINDRICAL_SURFACE('',#11418,2.);
#189=CYLINDRICAL_SURFACE('',#11424,2.);
#190=CYLINDRICAL_SURFACE('',#11430,2.);
#191=CYLINDRICAL_SURFACE('',#11437,2.);
#192=CYLINDRICAL_SURFACE('',#11443,2.);
#193=CYLINDRICAL_SURFACE('',#11450,12.);
#194=CYLINDRICAL_SURFACE('',#11452,2.);
#195=CYLINDRICAL_SURFACE('',#11454,3.);
#196=CYLINDRICAL_SURFACE('',#11456,3.);
#197=CYLINDRICAL_SURFACE('',#11458,1.);
#198=CYLINDRICAL_SURFACE('',#11475,1.);
#199=CYLINDRICAL_SURFACE('',#11478,1.);
#200=CYLINDRICAL_SURFACE('',#11481,1.);
#201=CYLINDRICAL_SURFACE('',#11499,1.);
#202=CYLINDRICAL_SURFACE('',#11502,1.);
#203=CYLINDRICAL_SURFACE('',#11505,1.);
#204=CYLINDRICAL_SURFACE('',#11527,1.);
#205=CYLINDRICAL_SURFACE('',#11529,4.5);
#206=CYLINDRICAL_SURFACE('',#11531,1.);
#207=CYLINDRICAL_SURFACE('',#11534,1.);
#208=CYLINDRICAL_SURFACE('',#11536,3.6);
#209=CYLINDRICAL_SURFACE('',#11551,1.);
#210=CYLINDRICAL_SURFACE('',#11553,3.6);
#211=CYLINDRICAL_SURFACE('',#11555,1.);
#212=CYLINDRICAL_SURFACE('',#11572,1.);
#213=CYLINDRICAL_SURFACE('',#11575,1.);
#214=CYLINDRICAL_SURFACE('',#11598,1.);
#215=CYLINDRICAL_SURFACE('',#11601,1.);
#216=CYLINDRICAL_SURFACE('',#11603,3.6);
#217=CYLINDRICAL_SURFACE('',#11605,1.);
#218=CYLINDRICAL_SURFACE('',#11620,1.);
#219=CYLINDRICAL_SURFACE('',#11623,1.);
#220=CYLINDRICAL_SURFACE('',#11638,1.);
#221=CYLINDRICAL_SURFACE('',#11641,1.);
#222=CYLINDRICAL_SURFACE('',#11659,1.);
#223=CYLINDRICAL_SURFACE('',#11713,1.);
#224=CYLINDRICAL_SURFACE('',#11715,1.);
#225=CYLINDRICAL_SURFACE('',#11739,4.5);
#226=CYLINDRICAL_SURFACE('',#11740,1.);
#227=CYLINDRICAL_SURFACE('',#11753,1.);
#228=CYLINDRICAL_SURFACE('',#11754,4.5);
#229=CYLINDRICAL_SURFACE('',#11755,1.);
#230=CYLINDRICAL_SURFACE('',#11757,1.);
#231=CYLINDRICAL_SURFACE('',#11759,1.);
#232=CYLINDRICAL_SURFACE('',#11760,1.);
#233=CYLINDRICAL_SURFACE('',#11761,3.6);
#234=CYLINDRICAL_SURFACE('',#11762,1.);
#235=CYLINDRICAL_SURFACE('',#11763,4.5);
#236=CYLINDRICAL_SURFACE('',#11764,1.);
#237=CYLINDRICAL_SURFACE('',#11768,1.);
#238=CYLINDRICAL_SURFACE('',#11770,1.);
#239=CYLINDRICAL_SURFACE('',#11772,1.);
#240=CYLINDRICAL_SURFACE('',#11773,1.);
#241=CYLINDRICAL_SURFACE('',#11774,1.);
#242=CYLINDRICAL_SURFACE('',#11776,1.);
#243=CYLINDRICAL_SURFACE('',#11778,1.);
#244=CYLINDRICAL_SURFACE('',#11780,3.6);
#245=CYLINDRICAL_SURFACE('',#11782,3.6);
#246=CYLINDRICAL_SURFACE('',#11785,3.99999999999999);
#247=CYLINDRICAL_SURFACE('',#11787,4.);
#248=CYLINDRICAL_SURFACE('',#11795,2.);
#249=CYLINDRICAL_SURFACE('',#11797,2.);
#250=CYLINDRICAL_SURFACE('',#11799,2.);
#251=CYLINDRICAL_SURFACE('',#11801,2.);
#252=CYLINDRICAL_SURFACE('',#11803,1.99999999999999);
#253=CYLINDRICAL_SURFACE('',#11805,2.);
#254=CYLINDRICAL_SURFACE('',#11807,2.);
#255=CYLINDRICAL_SURFACE('',#11809,12.);
#256=CYLINDRICAL_SURFACE('',#11810,2.);
#257=CYLINDRICAL_SURFACE('',#11812,12.);
#258=CYLINDRICAL_SURFACE('',#11814,12.);
#259=CYLINDRICAL_SURFACE('',#11816,2.00000000000001);
#260=B_SPLINE_CURVE_WITH_KNOTS('',3,(#15150,#15151,#15152,#15153,#15154),
 .UNSPECIFIED.,.F.,.F.,(4,1,4),(0.,0.48061066889596,0.84106867056793),
 .UNSPECIFIED.);
#261=B_SPLINE_CURVE_WITH_KNOTS('',3,(#15155,#15156,#15157,#15158,#15159),
 .UNSPECIFIED.,.F.,.F.,(4,1,4),(-0.84106867056793,-0.48061066889596,0.),
 .UNSPECIFIED.);
#262=B_SPLINE_CURVE_WITH_KNOTS('',3,(#15180,#15181,#15182,#15183,#15184),
 .UNSPECIFIED.,.F.,.F.,(4,1,4),(-6.66183486750278,-6.18122419860682,-5.82076619693485),
 .UNSPECIFIED.);
#263=B_SPLINE_CURVE_WITH_KNOTS('',3,(#15185,#15186,#15187,#15188,#15189),
 .UNSPECIFIED.,.F.,.F.,(4,1,4),(5.82076619693485,6.18122419860682,6.66183486750278),
 .UNSPECIFIED.);
#264=B_SPLINE_CURVE_WITH_KNOTS('',3,(#15200,#15201,#15202,#15203,#15204),
 .UNSPECIFIED.,.F.,.F.,(4,1,4),(0.638193775225881,0.974408006565458,1.42269364835156),
 .UNSPECIFIED.);
#265=B_SPLINE_CURVE_WITH_KNOTS('',3,(#15208,#15209,#15210,#15211),
 .UNSPECIFIED.,.F.,.F.,(4,4),(1.53423097322319,1.5887040110859),
 .UNSPECIFIED.);
#266=B_SPLINE_CURVE_WITH_KNOTS('',3,(#15213,#15214,#15215,#15216),
 .UNSPECIFIED.,.F.,.F.,(4,4),(1.5887040110859,1.64317704894861),
 .UNSPECIFIED.);
#267=B_SPLINE_CURVE_WITH_KNOTS('',3,(#15294,#15295,#15296,#15297,#15298),
 .UNSPECIFIED.,.F.,.F.,(4,1,4),(-0.462419110244737,0.0181915586512235,0.378649560323194),
 .UNSPECIFIED.);
#268=B_SPLINE_CURVE_WITH_KNOTS('',3,(#15299,#15300,#15301,#15302,#15303),
 .UNSPECIFIED.,.F.,.F.,(4,1,4),(-0.378649560323194,-0.0181915586512235,
0.462419110244737),.UNSPECIFIED.);
#269=B_SPLINE_CURVE_WITH_KNOTS('',3,(#15324,#15325,#15326,#15327,#15328),
 .UNSPECIFIED.,.F.,.F.,(4,1,4),(2.09497553033112,2.57558619922708,2.93604420089905),
 .UNSPECIFIED.);
#270=B_SPLINE_CURVE_WITH_KNOTS('',3,(#15329,#15330,#15331,#15332,#15333),
 .UNSPECIFIED.,.F.,.F.,(4,1,4),(-2.93604420089905,-2.57558619922708,-2.09497553033112),
 .UNSPECIFIED.);
#271=B_SPLINE_CURVE_WITH_KNOTS('',3,(#15338,#15339,#15340,#15341,#15342,
#15343,#15344),.UNSPECIFIED.,.F.,.F.,(4,3,4),(1.53423097322319,1.5887040110859,
1.64317704894862),.UNSPECIFIED.);
#272=B_SPLINE_CURVE_WITH_KNOTS('',3,(#15348,#15349,#15350,#15351,#15352),
 .UNSPECIFIED.,.F.,.F.,(4,1,4),(1.72035670959333,2.16629118060771,2.5007420338685),
 .UNSPECIFIED.);
#273=B_SPLINE_CURVE_WITH_KNOTS('',3,(#15436,#15437,#15438,#15439,#15440),
 .UNSPECIFIED.,.F.,.F.,(4,1,4),(-1.24781727364218,-0.649418672958411,-0.200619722445585),
 .UNSPECIFIED.);
#274=B_SPLINE_CURVE_WITH_KNOTS('',3,(#15441,#15442,#15443,#15444,#15445),
 .UNSPECIFIED.,.F.,.F.,(4,1,4),(0.200619722445585,0.649418672958411,1.24781727364218),
 .UNSPECIFIED.);
#275=B_SPLINE_CURVE_WITH_KNOTS('',3,(#15466,#15467,#15468,#15469,#15470),
 .UNSPECIFIED.,.F.,.F.,(4,1,4),(0.200619722445592,0.649418672958418,1.24781727364219),
 .UNSPECIFIED.);
#276=B_SPLINE_CURVE_WITH_KNOTS('',3,(#15471,#15472,#15473,#15474,#15475),
 .UNSPECIFIED.,.F.,.F.,(4,1,4),(-1.24781727364219,-0.649418672958418,-0.200619722445592),
 .UNSPECIFIED.);
#277=B_SPLINE_CURVE_WITH_KNOTS('',3,(#15577,#15578,#15579,#15580,#15581,
#15582,#15583),.UNSPECIFIED.,.F.,.F.,(4,3,4),(0.,0.880772795421888,1.0004251653694),
 .UNSPECIFIED.);
#278=B_SPLINE_CURVE_WITH_KNOTS('',3,(#15584,#15585,#15586,#15587,#15588),
 .UNSPECIFIED.,.F.,.F.,(4,1,4),(-1.3935291362824,-0.974408006565458,-0.638193775225881),
 .UNSPECIFIED.);
#279=B_SPLINE_CURVE_WITH_KNOTS('',3,(#15615,#15616,#15617,#15618,#15619),
 .UNSPECIFIED.,.F.,.F.,(4,1,4),(0.107686444774263,0.663909250574004,1.08107635492381),
 .UNSPECIFIED.);
#280=B_SPLINE_CURVE_WITH_KNOTS('',3,(#15620,#15621,#15622,#15623,#15624),
 .UNSPECIFIED.,.F.,.F.,(4,1,4),(-1.08107635492381,-0.663909250574004,-0.107686444774263),
 .UNSPECIFIED.);
#281=B_SPLINE_CURVE_WITH_KNOTS('',3,(#15733,#15734,#15735,#15736,#15737),
 .UNSPECIFIED.,.F.,.F.,(4,1,4),(-1.24781727364034,-0.767206604744382,-0.406748603072412),
 .UNSPECIFIED.);
#282=B_SPLINE_CURVE_WITH_KNOTS('',3,(#15738,#15739,#15740,#15741,#15742),
 .UNSPECIFIED.,.F.,.F.,(4,1,4),(0.406748603072412,0.767206604744382,1.24781727364034),
 .UNSPECIFIED.);
#283=B_SPLINE_CURVE_WITH_KNOTS('',3,(#15763,#15764,#15765,#15766,#15767),
 .UNSPECIFIED.,.F.,.F.,(4,1,4),(0.101654041747787,0.464044807932954,0.735837882571829),
 .UNSPECIFIED.);
#284=B_SPLINE_CURVE_WITH_KNOTS('',3,(#15768,#15769,#15770,#15771,#15772),
 .UNSPECIFIED.,.F.,.F.,(4,1,4),(-0.735837882571829,-0.464044807932954,-0.101654041747787),
 .UNSPECIFIED.);
#285=B_SPLINE_CURVE_WITH_KNOTS('',3,(#15849,#15850,#15851,#15852),
 .UNSPECIFIED.,.F.,.F.,(4,4),(0.,0.00644343295061863),.UNSPECIFIED.);
#286=B_SPLINE_CURVE_WITH_KNOTS('',3,(#15889,#15890,#15891,#15892),
 .UNSPECIFIED.,.F.,.F.,(4,4),(0.318277693648376,0.32527199699843),
 .UNSPECIFIED.);
#287=B_SPLINE_CURVE_WITH_KNOTS('',3,(#15907,#15908,#15909,#15910,#15911),
 .UNSPECIFIED.,.F.,.F.,(4,1,4),(0.406748603074495,0.767206604746466,1.24781727364243),
 .UNSPECIFIED.);
#288=B_SPLINE_CURVE_WITH_KNOTS('',3,(#15974,#15975,#15976,#15977,#15978),
 .UNSPECIFIED.,.F.,.F.,(4,1,4),(-1.24781727364243,-0.767206604746466,-0.406748603074495),
 .UNSPECIFIED.);
#289=B_SPLINE_CURVE_WITH_KNOTS('',3,(#15999,#16000,#16001,#16002,#16003),
 .UNSPECIFIED.,.F.,.F.,(4,1,4),(0.101654041747787,0.464044807932955,0.73583788257183),
 .UNSPECIFIED.);
#290=B_SPLINE_CURVE_WITH_KNOTS('',3,(#16004,#16005,#16006,#16007,#16008),
 .UNSPECIFIED.,.F.,.F.,(4,1,4),(-0.73583788257183,-0.464044807932955,-0.101654041747787),
 .UNSPECIFIED.);
#291=B_SPLINE_CURVE_WITH_KNOTS('',3,(#16095,#16096,#16097,#16098,#16099),
 .UNSPECIFIED.,.F.,.F.,(4,1,4),(-2.5007420338685,-2.16629118060771,-1.72035670959333),
 .UNSPECIFIED.);
#292=B_SPLINE_CURVE_WITH_KNOTS('',3,(#16125,#16126,#16127,#16128),
 .UNSPECIFIED.,.F.,.F.,(4,4),(1.63837006245878,1.72035670959333),
 .UNSPECIFIED.);
#293=B_SPLINE_CURVE_WITH_KNOTS('',3,(#16129,#16130,#16131,#16132),
 .UNSPECIFIED.,.F.,.F.,(4,4),(-1.72035670959333,-1.63837006245878),
 .UNSPECIFIED.);
#294=B_SPLINE_CURVE_WITH_KNOTS('',3,(#16153,#16154,#16155,#16156,#16157),
 .UNSPECIFIED.,.F.,.F.,(4,1,4),(0.10768645401976,0.6639092598195,1.08107636416931),
 .UNSPECIFIED.);
#295=B_SPLINE_CURVE_WITH_KNOTS('',3,(#16158,#16159,#16160,#16161,#16162),
 .UNSPECIFIED.,.F.,.F.,(4,1,4),(-1.08107636416931,-0.6639092598195,-0.10768645401976),
 .UNSPECIFIED.);
#296=B_SPLINE_CURVE_WITH_KNOTS('',3,(#16267,#16268,#16269,#16270,#16271),
 .UNSPECIFIED.,.F.,.F.,(4,1,4),(-0.877586258916572,-0.396975590018822,-0.036517588345509),
 .UNSPECIFIED.);
#297=B_SPLINE_CURVE_WITH_KNOTS('',3,(#16272,#16273,#16274,#16275,#16276),
 .UNSPECIFIED.,.F.,.F.,(4,1,4),(0.036517588345509,0.396975590018822,0.877586258916572),
 .UNSPECIFIED.);
#298=B_SPLINE_CURVE_WITH_KNOTS('',3,(#16297,#16298,#16299,#16300,#16301),
 .UNSPECIFIED.,.F.,.F.,(4,1,4),(-0.0501536346371973,0.506069171162544,0.923236275512351),
 .UNSPECIFIED.);
#299=B_SPLINE_CURVE_WITH_KNOTS('',3,(#16302,#16303,#16304,#16305,#16306),
 .UNSPECIFIED.,.F.,.F.,(4,1,4),(-0.923236275512351,-0.506069171162544,0.0501536346371973),
 .UNSPECIFIED.);
#300=B_SPLINE_CURVE_WITH_KNOTS('',3,(#16407,#16408,#16409,#16410,#16411),
 .UNSPECIFIED.,.F.,.F.,(4,1,4),(-0.923236290517858,-0.367013484718116,0.0501536196316902),
 .UNSPECIFIED.);
#301=B_SPLINE_CURVE_WITH_KNOTS('',3,(#16412,#16413,#16414,#16415,#16416),
 .UNSPECIFIED.,.F.,.F.,(4,1,4),(-0.0501536196316902,0.367013484718116,0.923236290517858),
 .UNSPECIFIED.);
#302=B_SPLINE_CURVE_WITH_KNOTS('',3,(#16437,#16438,#16439,#16440,#16441),
 .UNSPECIFIED.,.F.,.F.,(4,1,4),(0.0365175883455109,0.51712825724326,0.877586258916571),
 .UNSPECIFIED.);
#303=B_SPLINE_CURVE_WITH_KNOTS('',3,(#16442,#16443,#16444,#16445,#16446),
 .UNSPECIFIED.,.F.,.F.,(4,1,4),(-0.877586258916571,-0.51712825724326,-0.0365175883455109),
 .UNSPECIFIED.);
#304=B_SPLINE_CURVE_WITH_KNOTS('',3,(#16534,#16535,#16536,#16537,#16538,
#16539,#16540,#16541,#16542,#16543),.UNSPECIFIED.,.F.,.F.,(4,2,2,2,4),(0.,
0.117562819132908,0.235125638265817,0.311588864828486,0.388052091391156),
 .UNSPECIFIED.);
#305=B_SPLINE_CURVE_WITH_KNOTS('',3,(#16545,#16546,#16547,#16548,#16549,
#16550),.UNSPECIFIED.,.F.,.F.,(4,2,4),(0.566831375363059,0.655507944428213,
0.801196673278745),.UNSPECIFIED.);
#306=B_SPLINE_CURVE_WITH_KNOTS('',3,(#16558,#16559,#16560,#16561,#16562,
#16563,#16564,#16565),.UNSPECIFIED.,.F.,.F.,(4,2,2,4),(-0.00108185867424226,
0.,0.133868356022066,0.277727082280558),.UNSPECIFIED.);
#307=B_SPLINE_CURVE_WITH_KNOTS('',3,(#16585,#16586,#16587,#16588,#16589,
#16590,#16591,#16592,#16593,#16594),.UNSPECIFIED.,.F.,.F.,(4,2,2,2,4),(0.,
0.0738314848570641,0.176525699058197,0.275281357826441,0.276358870319164),
 .UNSPECIFIED.);
#308=B_SPLINE_CURVE_WITH_KNOTS('',3,(#16601,#16602,#16603,#16604,#16605,
#16606),.UNSPECIFIED.,.F.,.F.,(4,2,4),(0.,0.145688728850531,0.234365297915686),
 .UNSPECIFIED.);
#309=B_SPLINE_CURVE_WITH_KNOTS('',3,(#16607,#16608,#16609,#16610,#16611,
#16612,#16613,#16614,#16615,#16616),.UNSPECIFIED.,.F.,.F.,(4,2,2,2,4),(1.01106448007702,
1.08752770663969,1.16399093320236,1.28155375233527,1.39911657146818),
 .UNSPECIFIED.);
#310=B_SPLINE_CURVE_WITH_KNOTS('',3,(#17109,#17110,#17111,#17112,#17113,
#17114,#17115,#17116,#17117,#17118,#17119,#17120),.UNSPECIFIED.,.F.,.F.,
(4,2,2,2,2,4),(-0.202446370787473,-0.152813631720027,-0.0908144910286415,
-0.0449336073717936,0.,0.000669179305149051),.UNSPECIFIED.);
#311=B_SPLINE_CURVE_WITH_KNOTS('',3,(#17137,#17138,#17139,#17140,#17141,
#17142,#17143,#17144,#17145,#17146,#17147,#17148),.UNSPECIFIED.,.F.,.F.,
(4,2,2,2,2,4),(-0.20828246669871,-0.20761824613827,-0.186732519225451,-0.11721048308888,
-0.055584464187396,-0.00625042371855439),.UNSPECIFIED.);
#312=B_SPLINE_CURVE_WITH_KNOTS('',3,(#17398,#17399,#17400,#17401),
 .UNSPECIFIED.,.F.,.F.,(4,4),(-0.139193402305987,0.),.UNSPECIFIED.);
#313=B_SPLINE_CURVE_WITH_KNOTS('',3,(#17563,#17564,#17565,#17566,#17567,
#17568,#17569,#17570,#17571,#17572,#17573,#17574,#17575,#17576,#17577,#17578,
#17579,#17580),.UNSPECIFIED.,.F.,.F.,(4,2,2,2,2,2,2,2,4),(0.414917015119281,
0.415297188942485,0.435484707315597,0.455672225688709,0.475859744061821,
0.496047262434932,0.516234780808044,0.536422299181156,0.53680247300436),
 .UNSPECIFIED.);
#314=B_SPLINE_CURVE_WITH_KNOTS('',3,(#17605,#17606,#17607,#17608,#17609,
#17610,#17611,#17612,#17613,#17614,#17615,#17616,#17617,#17618,#17619,#17620,
#17621,#17622),.UNSPECIFIED.,.F.,.F.,(4,2,2,2,2,2,2,2,4),(0.414917015119257,
0.415297188942461,0.435484707315572,0.455672225688683,0.475859744061795,
0.496047262434906,0.516234780808017,0.536422299181128,0.536802473004333),
 .UNSPECIFIED.);
#315=B_SPLINE_SURFACE_WITH_KNOTS('',3,3,((#15130,#15131,#15132,#15133,#15134),
(#15135,#15136,#15137,#15138,#15139),(#15140,#15141,#15142,#15143,#15144),
(#15145,#15146,#15147,#15148,#15149)),.UNSPECIFIED.,.F.,.F.,.F.,(4,4),(4,
1,4),(0.,1.),(-0.84106867056793,-0.48061066889596,0.),.UNSPECIFIED.);
#316=B_SPLINE_SURFACE_WITH_KNOTS('',3,3,((#15160,#15161,#15162,#15163,#15164),
(#15165,#15166,#15167,#15168,#15169),(#15170,#15171,#15172,#15173,#15174),
(#15175,#15176,#15177,#15178,#15179)),.UNSPECIFIED.,.F.,.F.,.F.,(4,4),(4,
1,4),(0.,1.),(5.82076619693485,6.18122419860682,6.66183486750278),
 .UNSPECIFIED.);
#317=B_SPLINE_SURFACE_WITH_KNOTS('',3,3,((#15274,#15275,#15276,#15277,#15278),
(#15279,#15280,#15281,#15282,#15283),(#15284,#15285,#15286,#15287,#15288),
(#15289,#15290,#15291,#15292,#15293)),.UNSPECIFIED.,.F.,.F.,.F.,(4,4),(4,
1,4),(0.,1.),(-0.378649560323194,-0.0181915586512235,0.462419110244737),
 .UNSPECIFIED.);
#318=B_SPLINE_SURFACE_WITH_KNOTS('',3,3,((#15304,#15305,#15306,#15307,#15308),
(#15309,#15310,#15311,#15312,#15313),(#15314,#15315,#15316,#15317,#15318),
(#15319,#15320,#15321,#15322,#15323)),.UNSPECIFIED.,.F.,.F.,.F.,(4,4),(4,
1,4),(0.,1.),(-2.93604420089905,-2.57558619922708,-2.09497553033112),
 .UNSPECIFIED.);
#319=B_SPLINE_SURFACE_WITH_KNOTS('',3,3,((#15416,#15417,#15418,#15419,#15420),
(#15421,#15422,#15423,#15424,#15425),(#15426,#15427,#15428,#15429,#15430),
(#15431,#15432,#15433,#15434,#15435)),.UNSPECIFIED.,.F.,.F.,.F.,(4,4),(4,
1,4),(0.,1.),(0.200619722445585,0.649418672958411,1.24781727364218),
 .UNSPECIFIED.);
#320=B_SPLINE_SURFACE_WITH_KNOTS('',3,3,((#15446,#15447,#15448,#15449,#15450),
(#15451,#15452,#15453,#15454,#15455),(#15456,#15457,#15458,#15459,#15460),
(#15461,#15462,#15463,#15464,#15465)),.UNSPECIFIED.,.F.,.F.,.F.,(4,4),(4,
1,4),(0.,1.),(-1.24781727364219,-0.649418672958418,-0.200619722445592),
 .UNSPECIFIED.);
#321=B_SPLINE_SURFACE_WITH_KNOTS('',3,3,((#15556,#15557,#15558,#15559,#15560),
(#15561,#15562,#15563,#15564,#15565),(#15566,#15567,#15568,#15569,#15570),
(#15571,#15572,#15573,#15574,#15575)),.UNSPECIFIED.,.F.,.F.,.F.,(4,4),(4,
1,4),(0.,1.),(0.638193775225881,0.974408006565458,1.42269364835156),
 .UNSPECIFIED.);
#322=B_SPLINE_SURFACE_WITH_KNOTS('',3,3,((#15595,#15596,#15597,#15598,#15599),
(#15600,#15601,#15602,#15603,#15604),(#15605,#15606,#15607,#15608,#15609),
(#15610,#15611,#15612,#15613,#15614)),.UNSPECIFIED.,.F.,.F.,.F.,(4,4),(4,
1,4),(0.,1.),(-1.08107635492381,-0.663909250574004,-0.107686444774263),
 .UNSPECIFIED.);
#323=B_SPLINE_SURFACE_WITH_KNOTS('',3,3,((#15713,#15714,#15715,#15716,#15717),
(#15718,#15719,#15720,#15721,#15722),(#15723,#15724,#15725,#15726,#15727),
(#15728,#15729,#15730,#15731,#15732)),.UNSPECIFIED.,.F.,.F.,.F.,(4,4),(4,
1,4),(0.,1.),(0.406748603072412,0.767206604744382,1.24781727364034),
 .UNSPECIFIED.);
#324=B_SPLINE_SURFACE_WITH_KNOTS('',3,3,((#15743,#15744,#15745,#15746,#15747),
(#15748,#15749,#15750,#15751,#15752),(#15753,#15754,#15755,#15756,#15757),
(#15758,#15759,#15760,#15761,#15762)),.UNSPECIFIED.,.F.,.F.,.F.,(4,4),(4,
1,4),(0.,1.),(-0.735837882571829,-0.464044807932954,-0.101654041747787),
 .UNSPECIFIED.);
#325=B_SPLINE_SURFACE_WITH_KNOTS('',3,3,((#15954,#15955,#15956,#15957,#15958),
(#15959,#15960,#15961,#15962,#15963),(#15964,#15965,#15966,#15967,#15968),
(#15969,#15970,#15971,#15972,#15973)),.UNSPECIFIED.,.F.,.F.,.F.,(4,4),(4,
1,4),(0.,1.),(0.406748603074495,0.767206604746466,1.24781727364243),
 .UNSPECIFIED.);
#326=B_SPLINE_SURFACE_WITH_KNOTS('',3,3,((#15979,#15980,#15981,#15982,#15983),
(#15984,#15985,#15986,#15987,#15988),(#15989,#15990,#15991,#15992,#15993),
(#15994,#15995,#15996,#15997,#15998)),.UNSPECIFIED.,.F.,.F.,.F.,(4,4),(4,
1,4),(0.,1.),(-0.73583788257183,-0.464044807932955,-0.101654041747787),
 .UNSPECIFIED.);
#327=B_SPLINE_SURFACE_WITH_KNOTS('',3,3,((#16073,#16074,#16075,#16076,#16077),
(#16078,#16079,#16080,#16081,#16082),(#16083,#16084,#16085,#16086,#16087),
(#16088,#16089,#16090,#16091,#16092)),.UNSPECIFIED.,.F.,.F.,.F.,(4,4),(4,
1,4),(0.,1.),(-2.5007420338685,-2.16629118060771,-1.72035670959333),
 .UNSPECIFIED.);
#328=B_SPLINE_SURFACE_WITH_KNOTS('',3,3,((#16109,#16110,#16111,#16112),
(#16113,#16114,#16115,#16116),(#16117,#16118,#16119,#16120),(#16121,#16122,
#16123,#16124)),.UNSPECIFIED.,.F.,.F.,.F.,(4,4),(4,4),(0.,1.),(-1.72035670959333,
-1.63837006245878),.UNSPECIFIED.);
#329=B_SPLINE_SURFACE_WITH_KNOTS('',3,3,((#16133,#16134,#16135,#16136,#16137),
(#16138,#16139,#16140,#16141,#16142),(#16143,#16144,#16145,#16146,#16147),
(#16148,#16149,#16150,#16151,#16152)),.UNSPECIFIED.,.F.,.F.,.F.,(4,4),(4,
1,4),(0.,1.),(-1.08107636416931,-0.6639092598195,-0.10768645401976),
 .UNSPECIFIED.);
#330=B_SPLINE_SURFACE_WITH_KNOTS('',3,3,((#16247,#16248,#16249,#16250,#16251),
(#16252,#16253,#16254,#16255,#16256),(#16257,#16258,#16259,#16260,#16261),
(#16262,#16263,#16264,#16265,#16266)),.UNSPECIFIED.,.F.,.F.,.F.,(4,4),(4,
1,4),(0.,1.),(0.036517588345509,0.396975590018822,0.877586258916572),
 .UNSPECIFIED.);
#331=B_SPLINE_SURFACE_WITH_KNOTS('',3,3,((#16277,#16278,#16279,#16280,#16281),
(#16282,#16283,#16284,#16285,#16286),(#16287,#16288,#16289,#16290,#16291),
(#16292,#16293,#16294,#16295,#16296)),.UNSPECIFIED.,.F.,.F.,.F.,(4,4),(4,
1,4),(0.,1.),(-0.923236275512351,-0.506069171162544,0.0501536346371973),
 .UNSPECIFIED.);
#332=B_SPLINE_SURFACE_WITH_KNOTS('',3,3,((#16387,#16388,#16389,#16390,#16391),
(#16392,#16393,#16394,#16395,#16396),(#16397,#16398,#16399,#16400,#16401),
(#16402,#16403,#16404,#16405,#16406)),.UNSPECIFIED.,.F.,.F.,.F.,(4,4),(4,
1,4),(0.,1.),(-0.0501536196316902,0.367013484718116,0.923236290517858),
 .UNSPECIFIED.);
#333=B_SPLINE_SURFACE_WITH_KNOTS('',3,3,((#16417,#16418,#16419,#16420,#16421),
(#16422,#16423,#16424,#16425,#16426),(#16427,#16428,#16429,#16430,#16431),
(#16432,#16433,#16434,#16435,#16436)),.UNSPECIFIED.,.F.,.F.,.F.,(4,4),(4,
1,4),(0.,1.),(-0.877586258916571,-0.51712825724326,-0.0365175883455109),
 .UNSPECIFIED.);
#334=B_SPLINE_SURFACE_WITH_KNOTS('',3,3,((#17452,#17453,#17454,#17455),
(#17456,#17457,#17458,#17459),(#17460,#17461,#17462,#17463),(#17464,#17465,
#17466,#17467),(#17468,#17469,#17470,#17471)),.UNSPECIFIED.,.F.,.F.,.F.,
(4,1,4),(4,4),(0.,0.5,1.),(0.,0.744093383835901),.UNSPECIFIED.);
#335=B_SPLINE_SURFACE_WITH_KNOTS('',3,3,((#17475,#17476,#17477,#17478),
(#17479,#17480,#17481,#17482),(#17483,#17484,#17485,#17486),(#17487,#17488,
#17489,#17490),(#17491,#17492,#17493,#17494)),.UNSPECIFIED.,.F.,.F.,.F.,
(4,1,4),(4,4),(0.,0.5,1.),(-0.744093383835892,8.32667268468867E-17),
 .UNSPECIFIED.);
#336=PLANE('',#10647);
#337=PLANE('',#10654);
#338=PLANE('',#10655);
#339=PLANE('',#10659);
#340=PLANE('',#10662);
#341=PLANE('',#10666);
#342=PLANE('',#10673);
#343=PLANE('',#10674);
#344=PLANE('',#10678);
#345=PLANE('',#10681);
#346=PLANE('',#10682);
#347=PLANE('',#10689);
#348=PLANE('',#10693);
#349=PLANE('',#10697);
#350=PLANE('',#10700);
#351=PLANE('',#10710);
#352=PLANE('',#10714);
#353=PLANE('',#10718);
#354=PLANE('',#10729);
#355=PLANE('',#10732);
#356=PLANE('',#10743);
#357=PLANE('',#10747);
#358=PLANE('',#10754);
#359=PLANE('',#10766);
#360=PLANE('',#10767);
#361=PLANE('',#10802);
#362=PLANE('',#10805);
#363=PLANE('',#10812);
#364=PLANE('',#10816);
#365=PLANE('',#10819);
#366=PLANE('',#10822);
#367=PLANE('',#10826);
#368=PLANE('',#10829);
#369=PLANE('',#10832);
#370=PLANE('',#10846);
#371=PLANE('',#10849);
#372=PLANE('',#10860);
#373=PLANE('',#10870);
#374=PLANE('',#10871);
#375=PLANE('',#10875);
#376=PLANE('',#10880);
#377=PLANE('',#10889);
#378=PLANE('',#10899);
#379=PLANE('',#10903);
#380=PLANE('',#10906);
#381=PLANE('',#10914);
#382=PLANE('',#10918);
#383=PLANE('',#10922);
#384=PLANE('',#10926);
#385=PLANE('',#10932);
#386=PLANE('',#10995);
#387=PLANE('',#10999);
#388=PLANE('',#11003);
#389=PLANE('',#11007);
#390=PLANE('',#11010);
#391=PLANE('',#11013);
#392=PLANE('',#11084);
#393=PLANE('',#11087);
#394=PLANE('',#11090);
#395=PLANE('',#11116);
#396=PLANE('',#11133);
#397=PLANE('',#11135);
#398=PLANE('',#11136);
#399=PLANE('',#11137);
#400=PLANE('',#11140);
#401=PLANE('',#11142);
#402=PLANE('',#11146);
#403=PLANE('',#11149);
#404=PLANE('',#11152);
#405=PLANE('',#11157);
#406=PLANE('',#11160);
#407=PLANE('',#11165);
#408=PLANE('',#11167);
#409=PLANE('',#11171);
#410=PLANE('',#11172);
#411=PLANE('',#11174);
#412=PLANE('',#11177);
#413=PLANE('',#11181);
#414=PLANE('',#11183);
#415=PLANE('',#11185);
#416=PLANE('',#11200);
#417=PLANE('',#11202);
#418=PLANE('',#11204);
#419=PLANE('',#11214);
#420=PLANE('',#11217);
#421=PLANE('',#11219);
#422=PLANE('',#11221);
#423=PLANE('',#11224);
#424=PLANE('',#11229);
#425=PLANE('',#11232);
#426=PLANE('',#11234);
#427=PLANE('',#11239);
#428=PLANE('',#11242);
#429=PLANE('',#11244);
#430=PLANE('',#11250);
#431=PLANE('',#11254);
#432=PLANE('',#11257);
#433=PLANE('',#11263);
#434=PLANE('',#11265);
#435=PLANE('',#11266);
#436=PLANE('',#11268);
#437=PLANE('',#11287);
#438=PLANE('',#11300);
#439=PLANE('',#11303);
#440=PLANE('',#11319);
#441=PLANE('',#11449);
#442=PLANE('',#11451);
#443=PLANE('',#11453);
#444=PLANE('',#11455);
#445=PLANE('',#11457);
#446=PLANE('',#11461);
#447=PLANE('',#11464);
#448=PLANE('',#11471);
#449=PLANE('',#11474);
#450=PLANE('',#11477);
#451=PLANE('',#11480);
#452=PLANE('',#11485);
#453=PLANE('',#11488);
#454=PLANE('',#11495);
#455=PLANE('',#11498);
#456=PLANE('',#11501);
#457=PLANE('',#11504);
#458=PLANE('',#11511);
#459=PLANE('',#11518);
#460=PLANE('',#11521);
#461=PLANE('',#11524);
#462=PLANE('',#11533);
#463=PLANE('',#11538);
#464=PLANE('',#11545);
#465=PLANE('',#11548);
#466=PLANE('',#11557);
#467=PLANE('',#11560);
#468=PLANE('',#11567);
#469=PLANE('',#11570);
#470=PLANE('',#11571);
#471=PLANE('',#11574);
#472=PLANE('',#11579);
#473=PLANE('',#11586);
#474=PLANE('',#11589);
#475=PLANE('',#11592);
#476=PLANE('',#11597);
#477=PLANE('',#11600);
#478=PLANE('',#11609);
#479=PLANE('',#11612);
#480=PLANE('',#11615);
#481=PLANE('',#11618);
#482=PLANE('',#11619);
#483=PLANE('',#11622);
#484=PLANE('',#11627);
#485=PLANE('',#11630);
#486=PLANE('',#11633);
#487=PLANE('',#11636);
#488=PLANE('',#11637);
#489=PLANE('',#11640);
#490=PLANE('',#11643);
#491=PLANE('',#11646);
#492=PLANE('',#11650);
#493=PLANE('',#11655);
#494=PLANE('',#11658);
#495=PLANE('',#11660);
#496=PLANE('',#11662);
#497=PLANE('',#11665);
#498=PLANE('',#11672);
#499=PLANE('',#11676);
#500=PLANE('',#11677);
#501=PLANE('',#11678);
#502=PLANE('',#11680);
#503=PLANE('',#11682);
#504=PLANE('',#11689);
#505=PLANE('',#11691);
#506=PLANE('',#11693);
#507=PLANE('',#11696);
#508=PLANE('',#11702);
#509=PLANE('',#11705);
#510=PLANE('',#11707);
#511=PLANE('',#11709);
#512=PLANE('',#11712);
#513=PLANE('',#11714);
#514=PLANE('',#11716);
#515=PLANE('',#11718);
#516=PLANE('',#11720);
#517=PLANE('',#11723);
#518=PLANE('',#11726);
#519=PLANE('',#11732);
#520=PLANE('',#11734);
#521=PLANE('',#11736);
#522=PLANE('',#11741);
#523=PLANE('',#11742);
#524=PLANE('',#11746);
#525=PLANE('',#11749);
#526=PLANE('',#11752);
#527=PLANE('',#11756);
#528=PLANE('',#11758);
#529=PLANE('',#11765);
#530=PLANE('',#11766);
#531=PLANE('',#11767);
#532=PLANE('',#11769);
#533=PLANE('',#11771);
#534=PLANE('',#11775);
#535=PLANE('',#11777);
#536=PLANE('',#11779);
#537=PLANE('',#11781);
#538=PLANE('',#11783);
#539=PLANE('',#11784);
#540=PLANE('',#11786);
#541=PLANE('',#11788);
#542=PLANE('',#11793);
#543=PLANE('',#11794);
#544=PLANE('',#11796);
#545=PLANE('',#11798);
#546=PLANE('',#11800);
#547=PLANE('',#11802);
#548=PLANE('',#11804);
#549=PLANE('',#11806);
#550=PLANE('',#11808);
#551=PLANE('',#11811);
#552=PLANE('',#11813);
#553=PLANE('',#11815);
#554=FACE_OUTER_BOUND('',#1183,.T.);
#555=FACE_OUTER_BOUND('',#1184,.T.);
#556=FACE_OUTER_BOUND('',#1185,.T.);
#557=FACE_OUTER_BOUND('',#1186,.T.);
#558=FACE_OUTER_BOUND('',#1187,.T.);
#559=FACE_OUTER_BOUND('',#1188,.T.);
#560=FACE_OUTER_BOUND('',#1189,.T.);
#561=FACE_OUTER_BOUND('',#1190,.T.);
#562=FACE_OUTER_BOUND('',#1191,.T.);
#563=FACE_OUTER_BOUND('',#1192,.T.);
#564=FACE_OUTER_BOUND('',#1193,.T.);
#565=FACE_OUTER_BOUND('',#1194,.T.);
#566=FACE_OUTER_BOUND('',#1195,.T.);
#567=FACE_OUTER_BOUND('',#1196,.T.);
#568=FACE_OUTER_BOUND('',#1197,.T.);
#569=FACE_OUTER_BOUND('',#1198,.T.);
#570=FACE_OUTER_BOUND('',#1199,.T.);
#571=FACE_OUTER_BOUND('',#1200,.T.);
#572=FACE_OUTER_BOUND('',#1201,.T.);
#573=FACE_OUTER_BOUND('',#1202,.T.);
#574=FACE_OUTER_BOUND('',#1203,.T.);
#575=FACE_OUTER_BOUND('',#1204,.T.);
#576=FACE_OUTER_BOUND('',#1205,.T.);
#577=FACE_OUTER_BOUND('',#1206,.T.);
#578=FACE_OUTER_BOUND('',#1207,.T.);
#579=FACE_OUTER_BOUND('',#1208,.T.);
#580=FACE_OUTER_BOUND('',#1209,.T.);
#581=FACE_OUTER_BOUND('',#1210,.T.);
#582=FACE_OUTER_BOUND('',#1211,.T.);
#583=FACE_OUTER_BOUND('',#1212,.T.);
#584=FACE_OUTER_BOUND('',#1213,.T.);
#585=FACE_OUTER_BOUND('',#1214,.T.);
#586=FACE_OUTER_BOUND('',#1215,.T.);
#587=FACE_OUTER_BOUND('',#1216,.T.);
#588=FACE_OUTER_BOUND('',#1217,.T.);
#589=FACE_OUTER_BOUND('',#1218,.T.);
#590=FACE_OUTER_BOUND('',#1219,.T.);
#591=FACE_OUTER_BOUND('',#1220,.T.);
#592=FACE_OUTER_BOUND('',#1221,.T.);
#593=FACE_OUTER_BOUND('',#1222,.T.);
#594=FACE_OUTER_BOUND('',#1223,.T.);
#595=FACE_OUTER_BOUND('',#1224,.T.);
#596=FACE_OUTER_BOUND('',#1225,.T.);
#597=FACE_OUTER_BOUND('',#1226,.T.);
#598=FACE_OUTER_BOUND('',#1227,.T.);
#599=FACE_OUTER_BOUND('',#1228,.T.);
#600=FACE_OUTER_BOUND('',#1229,.T.);
#601=FACE_OUTER_BOUND('',#1230,.T.);
#602=FACE_OUTER_BOUND('',#1231,.T.);
#603=FACE_OUTER_BOUND('',#1232,.T.);
#604=FACE_OUTER_BOUND('',#1233,.T.);
#605=FACE_OUTER_BOUND('',#1234,.T.);
#606=FACE_OUTER_BOUND('',#1235,.T.);
#607=FACE_OUTER_BOUND('',#1236,.T.);
#608=FACE_OUTER_BOUND('',#1237,.T.);
#609=FACE_OUTER_BOUND('',#1238,.T.);
#610=FACE_OUTER_BOUND('',#1239,.T.);
#611=FACE_OUTER_BOUND('',#1240,.T.);
#612=FACE_OUTER_BOUND('',#1241,.T.);
#613=FACE_OUTER_BOUND('',#1242,.T.);
#614=FACE_OUTER_BOUND('',#1243,.T.);
#615=FACE_OUTER_BOUND('',#1244,.T.);
#616=FACE_OUTER_BOUND('',#1245,.T.);
#617=FACE_OUTER_BOUND('',#1246,.T.);
#618=FACE_OUTER_BOUND('',#1247,.T.);
#619=FACE_OUTER_BOUND('',#1248,.T.);
#620=FACE_OUTER_BOUND('',#1249,.T.);
#621=FACE_OUTER_BOUND('',#1250,.T.);
#622=FACE_OUTER_BOUND('',#1251,.T.);
#623=FACE_OUTER_BOUND('',#1252,.T.);
#624=FACE_OUTER_BOUND('',#1253,.T.);
#625=FACE_OUTER_BOUND('',#1256,.T.);
#626=FACE_OUTER_BOUND('',#1257,.T.);
#627=FACE_OUTER_BOUND('',#1258,.T.);
#628=FACE_OUTER_BOUND('',#1259,.T.);
#629=FACE_OUTER_BOUND('',#1260,.T.);
#630=FACE_OUTER_BOUND('',#1261,.T.);
#631=FACE_OUTER_BOUND('',#1262,.T.);
#632=FACE_OUTER_BOUND('',#1263,.T.);
#633=FACE_OUTER_BOUND('',#1264,.T.);
#634=FACE_OUTER_BOUND('',#1265,.T.);
#635=FACE_OUTER_BOUND('',#1266,.T.);
#636=FACE_OUTER_BOUND('',#1267,.T.);
#637=FACE_OUTER_BOUND('',#1268,.T.);
#638=FACE_OUTER_BOUND('',#1269,.T.);
#639=FACE_OUTER_BOUND('',#1270,.T.);
#640=FACE_OUTER_BOUND('',#1271,.T.);
#641=FACE_OUTER_BOUND('',#1272,.T.);
#642=FACE_OUTER_BOUND('',#1273,.T.);
#643=FACE_OUTER_BOUND('',#1274,.T.);
#644=FACE_OUTER_BOUND('',#1275,.T.);
#645=FACE_OUTER_BOUND('',#1276,.T.);
#646=FACE_OUTER_BOUND('',#1277,.T.);
#647=FACE_OUTER_BOUND('',#1278,.T.);
#648=FACE_OUTER_BOUND('',#1279,.T.);
#649=FACE_OUTER_BOUND('',#1280,.T.);
#650=FACE_OUTER_BOUND('',#1281,.T.);
#651=FACE_OUTER_BOUND('',#1282,.T.);
#652=FACE_OUTER_BOUND('',#1283,.T.);
#653=FACE_OUTER_BOUND('',#1284,.T.);
#654=FACE_OUTER_BOUND('',#1285,.T.);
#655=FACE_OUTER_BOUND('',#1286,.T.);
#656=FACE_OUTER_BOUND('',#1287,.T.);
#657=FACE_OUTER_BOUND('',#1288,.T.);
#658=FACE_OUTER_BOUND('',#1289,.T.);
#659=FACE_OUTER_BOUND('',#1290,.T.);
#660=FACE_OUTER_BOUND('',#1291,.T.);
#661=FACE_OUTER_BOUND('',#1292,.T.);
#662=FACE_OUTER_BOUND('',#1293,.T.);
#663=FACE_OUTER_BOUND('',#1294,.T.);
#664=FACE_OUTER_BOUND('',#1295,.T.);
#665=FACE_OUTER_BOUND('',#1296,.T.);
#666=FACE_OUTER_BOUND('',#1297,.T.);
#667=FACE_OUTER_BOUND('',#1298,.T.);
#668=FACE_OUTER_BOUND('',#1299,.T.);
#669=FACE_OUTER_BOUND('',#1300,.T.);
#670=FACE_OUTER_BOUND('',#1301,.T.);
#671=FACE_OUTER_BOUND('',#1302,.T.);
#672=FACE_OUTER_BOUND('',#1303,.T.);
#673=FACE_OUTER_BOUND('',#1304,.T.);
#674=FACE_OUTER_BOUND('',#1305,.T.);
#675=FACE_OUTER_BOUND('',#1306,.T.);
#676=FACE_OUTER_BOUND('',#1307,.T.);
#677=FACE_OUTER_BOUND('',#1308,.T.);
#678=FACE_OUTER_BOUND('',#1309,.T.);
#679=FACE_OUTER_BOUND('',#1310,.T.);
#680=FACE_OUTER_BOUND('',#1311,.T.);
#681=FACE_OUTER_BOUND('',#1312,.T.);
#682=FACE_OUTER_BOUND('',#1313,.T.);
#683=FACE_OUTER_BOUND('',#1314,.T.);
#684=FACE_OUTER_BOUND('',#1315,.T.);
#685=FACE_OUTER_BOUND('',#1316,.T.);
#686=FACE_OUTER_BOUND('',#1317,.T.);
#687=FACE_OUTER_BOUND('',#1318,.T.);
#688=FACE_OUTER_BOUND('',#1319,.T.);
#689=FACE_OUTER_BOUND('',#1320,.T.);
#690=FACE_OUTER_BOUND('',#1321,.T.);
#691=FACE_OUTER_BOUND('',#1322,.T.);
#692=FACE_OUTER_BOUND('',#1323,.T.);
#693=FACE_OUTER_BOUND('',#1324,.T.);
#694=FACE_OUTER_BOUND('',#1325,.T.);
#695=FACE_OUTER_BOUND('',#1326,.T.);
#696=FACE_OUTER_BOUND('',#1327,.T.);
#697=FACE_OUTER_BOUND('',#1328,.T.);
#698=FACE_OUTER_BOUND('',#1329,.T.);
#699=FACE_OUTER_BOUND('',#1330,.T.);
#700=FACE_OUTER_BOUND('',#1331,.T.);
#701=FACE_OUTER_BOUND('',#1332,.T.);
#702=FACE_OUTER_BOUND('',#1333,.T.);
#703=FACE_OUTER_BOUND('',#1352,.T.);
#704=FACE_OUTER_BOUND('',#1353,.T.);
#705=FACE_OUTER_BOUND('',#1354,.T.);
#706=FACE_OUTER_BOUND('',#1355,.T.);
#707=FACE_OUTER_BOUND('',#1356,.T.);
#708=FACE_OUTER_BOUND('',#1357,.T.);
#709=FACE_OUTER_BOUND('',#1358,.T.);
#710=FACE_OUTER_BOUND('',#1359,.T.);
#711=FACE_OUTER_BOUND('',#1360,.T.);
#712=FACE_OUTER_BOUND('',#1361,.T.);
#713=FACE_OUTER_BOUND('',#1362,.T.);
#714=FACE_OUTER_BOUND('',#1363,.T.);
#715=FACE_OUTER_BOUND('',#1381,.T.);
#716=FACE_OUTER_BOUND('',#1382,.T.);
#717=FACE_OUTER_BOUND('',#1383,.T.);
#718=FACE_OUTER_BOUND('',#1384,.T.);
#719=FACE_OUTER_BOUND('',#1385,.T.);
#720=FACE_OUTER_BOUND('',#1386,.T.);
#721=FACE_OUTER_BOUND('',#1387,.T.);
#722=FACE_OUTER_BOUND('',#1388,.T.);
#723=FACE_OUTER_BOUND('',#1389,.T.);
#724=FACE_OUTER_BOUND('',#1390,.T.);
#725=FACE_OUTER_BOUND('',#1391,.T.);
#726=FACE_OUTER_BOUND('',#1392,.T.);
#727=FACE_OUTER_BOUND('',#1393,.T.);
#728=FACE_OUTER_BOUND('',#1394,.T.);
#729=FACE_OUTER_BOUND('',#1395,.T.);
#730=FACE_OUTER_BOUND('',#1396,.T.);
#731=FACE_OUTER_BOUND('',#1397,.T.);
#732=FACE_OUTER_BOUND('',#1398,.T.);
#733=FACE_OUTER_BOUND('',#1399,.T.);
#734=FACE_OUTER_BOUND('',#1400,.T.);
#735=FACE_OUTER_BOUND('',#1401,.T.);
#736=FACE_OUTER_BOUND('',#1402,.T.);
#737=FACE_OUTER_BOUND('',#1403,.T.);
#738=FACE_OUTER_BOUND('',#1404,.T.);
#739=FACE_OUTER_BOUND('',#1405,.T.);
#740=FACE_OUTER_BOUND('',#1406,.T.);
#741=FACE_OUTER_BOUND('',#1407,.T.);
#742=FACE_OUTER_BOUND('',#1408,.T.);
#743=FACE_OUTER_BOUND('',#1409,.T.);
#744=FACE_OUTER_BOUND('',#1410,.T.);
#745=FACE_OUTER_BOUND('',#1411,.T.);
#746=FACE_OUTER_BOUND('',#1412,.T.);
#747=FACE_OUTER_BOUND('',#1413,.T.);
#748=FACE_OUTER_BOUND('',#1414,.T.);
#749=FACE_OUTER_BOUND('',#1415,.T.);
#750=FACE_OUTER_BOUND('',#1416,.T.);
#751=FACE_OUTER_BOUND('',#1417,.T.);
#752=FACE_OUTER_BOUND('',#1418,.T.);
#753=FACE_OUTER_BOUND('',#1419,.T.);
#754=FACE_OUTER_BOUND('',#1420,.T.);
#755=FACE_OUTER_BOUND('',#1421,.T.);
#756=FACE_OUTER_BOUND('',#1422,.T.);
#757=FACE_OUTER_BOUND('',#1423,.T.);
#758=FACE_OUTER_BOUND('',#1424,.T.);
#759=FACE_OUTER_BOUND('',#1425,.T.);
#760=FACE_OUTER_BOUND('',#1426,.T.);
#761=FACE_OUTER_BOUND('',#1427,.T.);
#762=FACE_OUTER_BOUND('',#1428,.T.);
#763=FACE_OUTER_BOUND('',#1429,.T.);
#764=FACE_OUTER_BOUND('',#1430,.T.);
#765=FACE_OUTER_BOUND('',#1431,.T.);
#766=FACE_OUTER_BOUND('',#1432,.T.);
#767=FACE_OUTER_BOUND('',#1433,.T.);
#768=FACE_OUTER_BOUND('',#1434,.T.);
#769=FACE_OUTER_BOUND('',#1435,.T.);
#770=FACE_OUTER_BOUND('',#1436,.T.);
#771=FACE_OUTER_BOUND('',#1437,.T.);
#772=FACE_OUTER_BOUND('',#1438,.T.);
#773=FACE_OUTER_BOUND('',#1439,.T.);
#774=FACE_OUTER_BOUND('',#1440,.T.);
#775=FACE_OUTER_BOUND('',#1441,.T.);
#776=FACE_OUTER_BOUND('',#1442,.T.);
#777=FACE_OUTER_BOUND('',#1443,.T.);
#778=FACE_OUTER_BOUND('',#1444,.T.);
#779=FACE_OUTER_BOUND('',#1445,.T.);
#780=FACE_OUTER_BOUND('',#1446,.T.);
#781=FACE_OUTER_BOUND('',#1447,.T.);
#782=FACE_OUTER_BOUND('',#1448,.T.);
#783=FACE_OUTER_BOUND('',#1449,.T.);
#784=FACE_OUTER_BOUND('',#1450,.T.);
#785=FACE_OUTER_BOUND('',#1451,.T.);
#786=FACE_OUTER_BOUND('',#1452,.T.);
#787=FACE_OUTER_BOUND('',#1453,.T.);
#788=FACE_OUTER_BOUND('',#1454,.T.);
#789=FACE_OUTER_BOUND('',#1455,.T.);
#790=FACE_OUTER_BOUND('',#1456,.T.);
#791=FACE_OUTER_BOUND('',#1457,.T.);
#792=FACE_OUTER_BOUND('',#1458,.T.);
#793=FACE_OUTER_BOUND('',#1459,.T.);
#794=FACE_OUTER_BOUND('',#1460,.T.);
#795=FACE_OUTER_BOUND('',#1461,.T.);
#796=FACE_OUTER_BOUND('',#1462,.T.);
#797=FACE_OUTER_BOUND('',#1463,.T.);
#798=FACE_OUTER_BOUND('',#1464,.T.);
#799=FACE_OUTER_BOUND('',#1465,.T.);
#800=FACE_OUTER_BOUND('',#1466,.T.);
#801=FACE_OUTER_BOUND('',#1467,.T.);
#802=FACE_OUTER_BOUND('',#1468,.T.);
#803=FACE_OUTER_BOUND('',#1469,.T.);
#804=FACE_OUTER_BOUND('',#1470,.T.);
#805=FACE_OUTER_BOUND('',#1471,.T.);
#806=FACE_OUTER_BOUND('',#1472,.T.);
#807=FACE_OUTER_BOUND('',#1473,.T.);
#808=FACE_OUTER_BOUND('',#1474,.T.);
#809=FACE_OUTER_BOUND('',#1475,.T.);
#810=FACE_OUTER_BOUND('',#1476,.T.);
#811=FACE_OUTER_BOUND('',#1477,.T.);
#812=FACE_OUTER_BOUND('',#1478,.T.);
#813=FACE_OUTER_BOUND('',#1479,.T.);
#814=FACE_OUTER_BOUND('',#1480,.T.);
#815=FACE_OUTER_BOUND('',#1481,.T.);
#816=FACE_OUTER_BOUND('',#1482,.T.);
#817=FACE_OUTER_BOUND('',#1483,.T.);
#818=FACE_OUTER_BOUND('',#1484,.T.);
#819=FACE_OUTER_BOUND('',#1485,.T.);
#820=FACE_OUTER_BOUND('',#1486,.T.);
#821=FACE_OUTER_BOUND('',#1487,.T.);
#822=FACE_OUTER_BOUND('',#1488,.T.);
#823=FACE_OUTER_BOUND('',#1489,.T.);
#824=FACE_OUTER_BOUND('',#1490,.T.);
#825=FACE_OUTER_BOUND('',#1491,.T.);
#826=FACE_OUTER_BOUND('',#1492,.T.);
#827=FACE_OUTER_BOUND('',#1493,.T.);
#828=FACE_OUTER_BOUND('',#1494,.T.);
#829=FACE_OUTER_BOUND('',#1495,.T.);
#830=FACE_OUTER_BOUND('',#1496,.T.);
#831=FACE_OUTER_BOUND('',#1497,.T.);
#832=FACE_OUTER_BOUND('',#1498,.T.);
#833=FACE_OUTER_BOUND('',#1499,.T.);
#834=FACE_OUTER_BOUND('',#1500,.T.);
#835=FACE_OUTER_BOUND('',#1501,.T.);
#836=FACE_OUTER_BOUND('',#1502,.T.);
#837=FACE_OUTER_BOUND('',#1503,.T.);
#838=FACE_OUTER_BOUND('',#1504,.T.);
#839=FACE_OUTER_BOUND('',#1505,.T.);
#840=FACE_OUTER_BOUND('',#1506,.T.);
#841=FACE_OUTER_BOUND('',#1507,.T.);
#842=FACE_OUTER_BOUND('',#1508,.T.);
#843=FACE_OUTER_BOUND('',#1509,.T.);
#844=FACE_OUTER_BOUND('',#1510,.T.);
#845=FACE_OUTER_BOUND('',#1511,.T.);
#846=FACE_OUTER_BOUND('',#1512,.T.);
#847=FACE_OUTER_BOUND('',#1513,.T.);
#848=FACE_OUTER_BOUND('',#1514,.T.);
#849=FACE_OUTER_BOUND('',#1515,.T.);
#850=FACE_OUTER_BOUND('',#1516,.T.);
#851=FACE_OUTER_BOUND('',#1517,.T.);
#852=FACE_OUTER_BOUND('',#1518,.T.);
#853=FACE_OUTER_BOUND('',#1519,.T.);
#854=FACE_OUTER_BOUND('',#1520,.T.);
#855=FACE_OUTER_BOUND('',#1521,.T.);
#856=FACE_OUTER_BOUND('',#1522,.T.);
#857=FACE_OUTER_BOUND('',#1523,.T.);
#858=FACE_OUTER_BOUND('',#1524,.T.);
#859=FACE_OUTER_BOUND('',#1525,.T.);
#860=FACE_OUTER_BOUND('',#1526,.T.);
#861=FACE_OUTER_BOUND('',#1527,.T.);
#862=FACE_OUTER_BOUND('',#1528,.T.);
#863=FACE_OUTER_BOUND('',#1529,.T.);
#864=FACE_OUTER_BOUND('',#1530,.T.);
#865=FACE_OUTER_BOUND('',#1531,.T.);
#866=FACE_OUTER_BOUND('',#1532,.T.);
#867=FACE_OUTER_BOUND('',#1533,.T.);
#868=FACE_OUTER_BOUND('',#1534,.T.);
#869=FACE_OUTER_BOUND('',#1535,.T.);
#870=FACE_OUTER_BOUND('',#1536,.T.);
#871=FACE_OUTER_BOUND('',#1537,.T.);
#872=FACE_OUTER_BOUND('',#1538,.T.);
#873=FACE_OUTER_BOUND('',#1540,.T.);
#874=FACE_OUTER_BOUND('',#1541,.T.);
#875=FACE_OUTER_BOUND('',#1543,.T.);
#876=FACE_OUTER_BOUND('',#1544,.T.);
#877=FACE_OUTER_BOUND('',#1545,.T.);
#878=FACE_OUTER_BOUND('',#1546,.T.);
#879=FACE_OUTER_BOUND('',#1547,.T.);
#880=FACE_OUTER_BOUND('',#1548,.T.);
#881=FACE_OUTER_BOUND('',#1557,.T.);
#882=FACE_OUTER_BOUND('',#1558,.T.);
#883=FACE_OUTER_BOUND('',#1559,.T.);
#884=FACE_OUTER_BOUND('',#1560,.T.);
#885=FACE_OUTER_BOUND('',#1561,.T.);
#886=FACE_OUTER_BOUND('',#1562,.T.);
#887=FACE_OUTER_BOUND('',#1563,.T.);
#888=FACE_OUTER_BOUND('',#1564,.T.);
#889=FACE_OUTER_BOUND('',#1565,.T.);
#890=FACE_OUTER_BOUND('',#1566,.T.);
#891=FACE_OUTER_BOUND('',#1567,.T.);
#892=FACE_OUTER_BOUND('',#1568,.T.);
#893=FACE_OUTER_BOUND('',#1569,.T.);
#894=FACE_OUTER_BOUND('',#1570,.T.);
#895=FACE_OUTER_BOUND('',#1571,.T.);
#896=FACE_OUTER_BOUND('',#1572,.T.);
#897=FACE_OUTER_BOUND('',#1573,.T.);
#898=FACE_OUTER_BOUND('',#1574,.T.);
#899=FACE_OUTER_BOUND('',#1575,.T.);
#900=FACE_OUTER_BOUND('',#1576,.T.);
#901=FACE_OUTER_BOUND('',#1577,.T.);
#902=FACE_OUTER_BOUND('',#1578,.T.);
#903=FACE_OUTER_BOUND('',#1579,.T.);
#904=FACE_OUTER_BOUND('',#1580,.T.);
#905=FACE_OUTER_BOUND('',#1581,.T.);
#906=FACE_OUTER_BOUND('',#1582,.T.);
#907=FACE_OUTER_BOUND('',#1583,.T.);
#908=FACE_OUTER_BOUND('',#1584,.T.);
#909=FACE_OUTER_BOUND('',#1585,.T.);
#910=FACE_OUTER_BOUND('',#1586,.T.);
#911=FACE_OUTER_BOUND('',#1587,.T.);
#912=FACE_OUTER_BOUND('',#1588,.T.);
#913=FACE_OUTER_BOUND('',#1589,.T.);
#914=FACE_OUTER_BOUND('',#1590,.T.);
#915=FACE_OUTER_BOUND('',#1591,.T.);
#916=FACE_OUTER_BOUND('',#1592,.T.);
#917=FACE_OUTER_BOUND('',#1593,.T.);
#918=FACE_OUTER_BOUND('',#1594,.T.);
#919=FACE_OUTER_BOUND('',#1595,.T.);
#920=FACE_OUTER_BOUND('',#1596,.T.);
#921=FACE_OUTER_BOUND('',#1597,.T.);
#922=FACE_OUTER_BOUND('',#1598,.T.);
#923=FACE_OUTER_BOUND('',#1599,.T.);
#924=FACE_OUTER_BOUND('',#1600,.T.);
#925=FACE_OUTER_BOUND('',#1601,.T.);
#926=FACE_OUTER_BOUND('',#1602,.T.);
#927=FACE_OUTER_BOUND('',#1603,.T.);
#928=FACE_OUTER_BOUND('',#1604,.T.);
#929=FACE_OUTER_BOUND('',#1605,.T.);
#930=FACE_OUTER_BOUND('',#1606,.T.);
#931=FACE_OUTER_BOUND('',#1607,.T.);
#932=FACE_OUTER_BOUND('',#1608,.T.);
#933=FACE_OUTER_BOUND('',#1609,.T.);
#934=FACE_OUTER_BOUND('',#1610,.T.);
#935=FACE_OUTER_BOUND('',#1611,.T.);
#936=FACE_OUTER_BOUND('',#1612,.T.);
#937=FACE_OUTER_BOUND('',#1613,.T.);
#938=FACE_OUTER_BOUND('',#1614,.T.);
#939=FACE_OUTER_BOUND('',#1615,.T.);
#940=FACE_OUTER_BOUND('',#1616,.T.);
#941=FACE_OUTER_BOUND('',#1617,.T.);
#942=FACE_OUTER_BOUND('',#1618,.T.);
#943=FACE_OUTER_BOUND('',#1619,.T.);
#944=FACE_OUTER_BOUND('',#1620,.T.);
#945=FACE_OUTER_BOUND('',#1621,.T.);
#946=FACE_OUTER_BOUND('',#1622,.T.);
#947=FACE_OUTER_BOUND('',#1623,.T.);
#948=FACE_OUTER_BOUND('',#1624,.T.);
#949=FACE_OUTER_BOUND('',#1625,.T.);
#950=FACE_OUTER_BOUND('',#1626,.T.);
#951=FACE_OUTER_BOUND('',#1627,.T.);
#952=FACE_OUTER_BOUND('',#1628,.T.);
#953=FACE_OUTER_BOUND('',#1629,.T.);
#954=FACE_OUTER_BOUND('',#1630,.T.);
#955=FACE_OUTER_BOUND('',#1631,.T.);
#956=FACE_OUTER_BOUND('',#1632,.T.);
#957=FACE_OUTER_BOUND('',#1633,.T.);
#958=FACE_OUTER_BOUND('',#1634,.T.);
#959=FACE_OUTER_BOUND('',#1635,.T.);
#960=FACE_OUTER_BOUND('',#1636,.T.);
#961=FACE_OUTER_BOUND('',#1637,.T.);
#962=FACE_OUTER_BOUND('',#1638,.T.);
#963=FACE_OUTER_BOUND('',#1639,.T.);
#964=FACE_OUTER_BOUND('',#1640,.T.);
#965=FACE_OUTER_BOUND('',#1641,.T.);
#966=FACE_OUTER_BOUND('',#1642,.T.);
#967=FACE_OUTER_BOUND('',#1643,.T.);
#968=FACE_OUTER_BOUND('',#1644,.T.);
#969=FACE_OUTER_BOUND('',#1645,.T.);
#970=FACE_OUTER_BOUND('',#1646,.T.);
#971=FACE_OUTER_BOUND('',#1647,.T.);
#972=FACE_OUTER_BOUND('',#1648,.T.);
#973=FACE_OUTER_BOUND('',#1649,.T.);
#974=FACE_OUTER_BOUND('',#1650,.T.);
#975=FACE_OUTER_BOUND('',#1651,.T.);
#976=FACE_OUTER_BOUND('',#1652,.T.);
#977=FACE_OUTER_BOUND('',#1653,.T.);
#978=FACE_OUTER_BOUND('',#1654,.T.);
#979=FACE_OUTER_BOUND('',#1655,.T.);
#980=FACE_OUTER_BOUND('',#1656,.T.);
#981=FACE_OUTER_BOUND('',#1657,.T.);
#982=FACE_OUTER_BOUND('',#1658,.T.);
#983=FACE_OUTER_BOUND('',#1659,.T.);
#984=FACE_OUTER_BOUND('',#1660,.T.);
#985=FACE_OUTER_BOUND('',#1661,.T.);
#986=FACE_OUTER_BOUND('',#1662,.T.);
#987=FACE_OUTER_BOUND('',#1663,.T.);
#988=FACE_OUTER_BOUND('',#1664,.T.);
#989=FACE_OUTER_BOUND('',#1665,.T.);
#990=FACE_OUTER_BOUND('',#1666,.T.);
#991=FACE_OUTER_BOUND('',#1667,.T.);
#992=FACE_OUTER_BOUND('',#1668,.T.);
#993=FACE_OUTER_BOUND('',#1669,.T.);
#994=FACE_OUTER_BOUND('',#1670,.T.);
#995=FACE_OUTER_BOUND('',#1671,.T.);
#996=FACE_OUTER_BOUND('',#1672,.T.);
#997=FACE_OUTER_BOUND('',#1673,.T.);
#998=FACE_OUTER_BOUND('',#1674,.T.);
#999=FACE_OUTER_BOUND('',#1675,.T.);
#1000=FACE_OUTER_BOUND('',#1676,.T.);
#1001=FACE_OUTER_BOUND('',#1677,.T.);
#1002=FACE_OUTER_BOUND('',#1678,.T.);
#1003=FACE_OUTER_BOUND('',#1679,.T.);
#1004=FACE_OUTER_BOUND('',#1680,.T.);
#1005=FACE_OUTER_BOUND('',#1681,.T.);
#1006=FACE_OUTER_BOUND('',#1682,.T.);
#1007=FACE_OUTER_BOUND('',#1683,.T.);
#1008=FACE_OUTER_BOUND('',#1684,.T.);
#1009=FACE_OUTER_BOUND('',#1685,.T.);
#1010=FACE_OUTER_BOUND('',#1686,.T.);
#1011=FACE_OUTER_BOUND('',#1687,.T.);
#1012=FACE_OUTER_BOUND('',#1688,.T.);
#1013=FACE_OUTER_BOUND('',#1689,.T.);
#1014=FACE_OUTER_BOUND('',#1690,.T.);
#1015=FACE_OUTER_BOUND('',#1691,.T.);
#1016=FACE_OUTER_BOUND('',#1692,.T.);
#1017=FACE_OUTER_BOUND('',#1693,.T.);
#1018=FACE_OUTER_BOUND('',#1694,.T.);
#1019=FACE_OUTER_BOUND('',#1695,.T.);
#1020=FACE_OUTER_BOUND('',#1696,.T.);
#1021=FACE_OUTER_BOUND('',#1697,.T.);
#1022=FACE_OUTER_BOUND('',#1698,.T.);
#1023=FACE_OUTER_BOUND('',#1699,.T.);
#1024=FACE_OUTER_BOUND('',#1700,.T.);
#1025=FACE_OUTER_BOUND('',#1701,.T.);
#1026=FACE_OUTER_BOUND('',#1702,.T.);
#1027=FACE_OUTER_BOUND('',#1703,.T.);
#1028=FACE_OUTER_BOUND('',#1704,.T.);
#1029=FACE_OUTER_BOUND('',#1705,.T.);
#1030=FACE_OUTER_BOUND('',#1706,.T.);
#1031=FACE_OUTER_BOUND('',#1707,.T.);
#1032=FACE_OUTER_BOUND('',#1708,.T.);
#1033=FACE_OUTER_BOUND('',#1709,.T.);
#1034=FACE_OUTER_BOUND('',#1710,.T.);
#1035=FACE_OUTER_BOUND('',#1711,.T.);
#1036=FACE_OUTER_BOUND('',#1712,.T.);
#1037=FACE_OUTER_BOUND('',#1713,.T.);
#1038=FACE_OUTER_BOUND('',#1714,.T.);
#1039=FACE_OUTER_BOUND('',#1715,.T.);
#1040=FACE_OUTER_BOUND('',#1716,.T.);
#1041=FACE_OUTER_BOUND('',#1717,.T.);
#1042=FACE_OUTER_BOUND('',#1718,.T.);
#1043=FACE_OUTER_BOUND('',#1719,.T.);
#1044=FACE_OUTER_BOUND('',#1720,.T.);
#1045=FACE_OUTER_BOUND('',#1721,.T.);
#1046=FACE_OUTER_BOUND('',#1722,.T.);
#1047=FACE_OUTER_BOUND('',#1723,.T.);
#1048=FACE_OUTER_BOUND('',#1724,.T.);
#1049=FACE_OUTER_BOUND('',#1725,.T.);
#1050=FACE_OUTER_BOUND('',#1726,.T.);
#1051=FACE_OUTER_BOUND('',#1727,.T.);
#1052=FACE_OUTER_BOUND('',#1728,.T.);
#1053=FACE_OUTER_BOUND('',#1729,.T.);
#1054=FACE_OUTER_BOUND('',#1730,.T.);
#1055=FACE_OUTER_BOUND('',#1731,.T.);
#1056=FACE_OUTER_BOUND('',#1732,.T.);
#1057=FACE_OUTER_BOUND('',#1733,.T.);
#1058=FACE_OUTER_BOUND('',#1734,.T.);
#1059=FACE_OUTER_BOUND('',#1735,.T.);
#1060=FACE_OUTER_BOUND('',#1736,.T.);
#1061=FACE_OUTER_BOUND('',#1737,.T.);
#1062=FACE_OUTER_BOUND('',#1738,.T.);
#1063=FACE_OUTER_BOUND('',#1739,.T.);
#1064=FACE_OUTER_BOUND('',#1740,.T.);
#1065=FACE_OUTER_BOUND('',#1741,.T.);
#1066=FACE_OUTER_BOUND('',#1742,.T.);
#1067=FACE_OUTER_BOUND('',#1743,.T.);
#1068=FACE_OUTER_BOUND('',#1744,.T.);
#1069=FACE_OUTER_BOUND('',#1745,.T.);
#1070=FACE_OUTER_BOUND('',#1746,.T.);
#1071=FACE_OUTER_BOUND('',#1747,.T.);
#1072=FACE_OUTER_BOUND('',#1748,.T.);
#1073=FACE_OUTER_BOUND('',#1749,.T.);
#1074=FACE_OUTER_BOUND('',#1750,.T.);
#1075=FACE_OUTER_BOUND('',#1751,.T.);
#1076=FACE_OUTER_BOUND('',#1752,.T.);
#1077=FACE_OUTER_BOUND('',#1753,.T.);
#1078=FACE_OUTER_BOUND('',#1754,.T.);
#1079=FACE_OUTER_BOUND('',#1755,.T.);
#1080=FACE_OUTER_BOUND('',#1756,.T.);
#1081=FACE_OUTER_BOUND('',#1757,.T.);
#1082=FACE_OUTER_BOUND('',#1758,.T.);
#1083=FACE_OUTER_BOUND('',#1759,.T.);
#1084=FACE_OUTER_BOUND('',#1760,.T.);
#1085=FACE_OUTER_BOUND('',#1761,.T.);
#1086=FACE_OUTER_BOUND('',#1762,.T.);
#1087=FACE_OUTER_BOUND('',#1763,.T.);
#1088=FACE_OUTER_BOUND('',#1764,.T.);
#1089=FACE_OUTER_BOUND('',#1765,.T.);
#1090=FACE_OUTER_BOUND('',#1766,.T.);
#1091=FACE_OUTER_BOUND('',#1767,.T.);
#1092=FACE_OUTER_BOUND('',#1768,.T.);
#1093=FACE_OUTER_BOUND('',#1769,.T.);
#1094=FACE_OUTER_BOUND('',#1770,.T.);
#1095=FACE_OUTER_BOUND('',#1771,.T.);
#1096=FACE_OUTER_BOUND('',#1772,.T.);
#1097=FACE_OUTER_BOUND('',#1773,.T.);
#1098=FACE_OUTER_BOUND('',#1774,.T.);
#1099=FACE_OUTER_BOUND('',#1775,.T.);
#1100=FACE_OUTER_BOUND('',#1776,.T.);
#1101=FACE_OUTER_BOUND('',#1777,.T.);
#1102=FACE_OUTER_BOUND('',#1778,.T.);
#1103=FACE_OUTER_BOUND('',#1779,.T.);
#1104=FACE_OUTER_BOUND('',#1780,.T.);
#1105=FACE_OUTER_BOUND('',#1781,.T.);
#1106=FACE_OUTER_BOUND('',#1782,.T.);
#1107=FACE_OUTER_BOUND('',#1783,.T.);
#1108=FACE_OUTER_BOUND('',#1784,.T.);
#1109=FACE_OUTER_BOUND('',#1785,.T.);
#1110=FACE_OUTER_BOUND('',#1786,.T.);
#1111=FACE_OUTER_BOUND('',#1787,.T.);
#1112=FACE_OUTER_BOUND('',#1788,.T.);
#1113=FACE_OUTER_BOUND('',#1789,.T.);
#1114=FACE_OUTER_BOUND('',#1790,.T.);
#1115=FACE_OUTER_BOUND('',#1791,.T.);
#1116=FACE_OUTER_BOUND('',#1792,.T.);
#1117=FACE_OUTER_BOUND('',#1793,.T.);
#1118=FACE_OUTER_BOUND('',#1794,.T.);
#1119=FACE_OUTER_BOUND('',#1795,.T.);
#1120=FACE_OUTER_BOUND('',#1796,.T.);
#1121=FACE_OUTER_BOUND('',#1797,.T.);
#1122=FACE_OUTER_BOUND('',#1798,.T.);
#1123=FACE_OUTER_BOUND('',#1799,.T.);
#1124=FACE_OUTER_BOUND('',#1800,.T.);
#1125=FACE_OUTER_BOUND('',#1801,.T.);
#1126=FACE_OUTER_BOUND('',#1802,.T.);
#1127=FACE_OUTER_BOUND('',#1803,.T.);
#1128=FACE_OUTER_BOUND('',#1804,.T.);
#1129=FACE_OUTER_BOUND('',#1805,.T.);
#1130=FACE_OUTER_BOUND('',#1806,.T.);
#1131=FACE_OUTER_BOUND('',#1807,.T.);
#1132=FACE_OUTER_BOUND('',#1808,.T.);
#1133=FACE_OUTER_BOUND('',#1809,.T.);
#1134=FACE_OUTER_BOUND('',#1810,.T.);
#1135=FACE_OUTER_BOUND('',#1811,.T.);
#1136=FACE_OUTER_BOUND('',#1812,.T.);
#1137=FACE_OUTER_BOUND('',#1813,.T.);
#1138=FACE_OUTER_BOUND('',#1814,.T.);
#1139=FACE_OUTER_BOUND('',#1815,.T.);
#1140=FACE_OUTER_BOUND('',#1816,.T.);
#1141=FACE_OUTER_BOUND('',#1817,.T.);
#1142=FACE_OUTER_BOUND('',#1818,.T.);
#1143=FACE_OUTER_BOUND('',#1819,.T.);
#1144=FACE_OUTER_BOUND('',#1820,.T.);
#1145=FACE_OUTER_BOUND('',#1821,.T.);
#1146=FACE_OUTER_BOUND('',#1822,.T.);
#1147=FACE_OUTER_BOUND('',#1823,.T.);
#1148=FACE_OUTER_BOUND('',#1824,.T.);
#1149=FACE_OUTER_BOUND('',#1825,.T.);
#1150=FACE_OUTER_BOUND('',#1826,.T.);
#1151=FACE_OUTER_BOUND('',#1827,.T.);
#1152=FACE_OUTER_BOUND('',#1828,.T.);
#1153=FACE_OUTER_BOUND('',#1829,.T.);
#1154=FACE_OUTER_BOUND('',#1830,.T.);
#1155=FACE_OUTER_BOUND('',#1831,.T.);
#1156=FACE_OUTER_BOUND('',#1832,.T.);
#1157=FACE_OUTER_BOUND('',#1833,.T.);
#1158=FACE_OUTER_BOUND('',#1834,.T.);
#1159=FACE_OUTER_BOUND('',#1837,.T.);
#1160=FACE_OUTER_BOUND('',#1838,.T.);
#1161=FACE_OUTER_BOUND('',#1839,.T.);
#1162=FACE_OUTER_BOUND('',#1840,.T.);
#1163=FACE_OUTER_BOUND('',#1841,.T.);
#1164=FACE_OUTER_BOUND('',#1842,.T.);
#1165=FACE_OUTER_BOUND('',#1843,.T.);
#1166=FACE_OUTER_BOUND('',#1844,.T.);
#1167=FACE_OUTER_BOUND('',#1845,.T.);
#1168=FACE_OUTER_BOUND('',#1846,.T.);
#1169=FACE_OUTER_BOUND('',#1847,.T.);
#1170=FACE_OUTER_BOUND('',#1848,.T.);
#1171=FACE_OUTER_BOUND('',#1849,.T.);
#1172=FACE_OUTER_BOUND('',#1850,.T.);
#1173=FACE_OUTER_BOUND('',#1851,.T.);
#1174=FACE_OUTER_BOUND('',#1852,.T.);
#1175=FACE_OUTER_BOUND('',#1853,.T.);
#1176=FACE_OUTER_BOUND('',#1854,.T.);
#1177=FACE_OUTER_BOUND('',#1855,.T.);
#1178=FACE_OUTER_BOUND('',#1856,.T.);
#1179=FACE_OUTER_BOUND('',#1857,.T.);
#1180=FACE_OUTER_BOUND('',#1858,.T.);
#1181=FACE_OUTER_BOUND('',#1859,.T.);
#1182=FACE_OUTER_BOUND('',#1860,.T.);
#1183=EDGE_LOOP('',(#6702,#6703,#6704,#6705));
#1184=EDGE_LOOP('',(#6706,#6707,#6708,#6709));
#1185=EDGE_LOOP('',(#6710,#6711,#6712,#6713));
#1186=EDGE_LOOP('',(#6714,#6715,#6716,#6717));
#1187=EDGE_LOOP('',(#6718,#6719,#6720,#6721));
#1188=EDGE_LOOP('',(#6722,#6723,#6724,#6725));
#1189=EDGE_LOOP('',(#6726,#6727,#6728,#6729));
#1190=EDGE_LOOP('',(#6730,#6731,#6732,#6733));
#1191=EDGE_LOOP('',(#6734,#6735,#6736,#6737,#6738,#6739,#6740,#6741,#6742,
#6743,#6744,#6745));
#1192=EDGE_LOOP('',(#6746,#6747,#6748,#6749));
#1193=EDGE_LOOP('',(#6750,#6751,#6752,#6753,#6754));
#1194=EDGE_LOOP('',(#6755,#6756,#6757,#6758));
#1195=EDGE_LOOP('',(#6759,#6760,#6761,#6762));
#1196=EDGE_LOOP('',(#6763,#6764,#6765,#6766));
#1197=EDGE_LOOP('',(#6767,#6768,#6769,#6770));
#1198=EDGE_LOOP('',(#6771,#6772,#6773,#6774));
#1199=EDGE_LOOP('',(#6775,#6776,#6777,#6778));
#1200=EDGE_LOOP('',(#6779,#6780,#6781,#6782));
#1201=EDGE_LOOP('',(#6783,#6784,#6785,#6786));
#1202=EDGE_LOOP('',(#6787,#6788,#6789,#6790));
#1203=EDGE_LOOP('',(#6791,#6792,#6793,#6794,#6795,#6796,#6797,#6798,#6799,
#6800,#6801));
#1204=EDGE_LOOP('',(#6802,#6803,#6804,#6805));
#1205=EDGE_LOOP('',(#6806,#6807,#6808,#6809,#6810));
#1206=EDGE_LOOP('',(#6811,#6812,#6813,#6814));
#1207=EDGE_LOOP('',(#6815,#6816,#6817,#6818));
#1208=EDGE_LOOP('',(#6819,#6820,#6821,#6822));
#1209=EDGE_LOOP('',(#6823,#6824,#6825,#6826));
#1210=EDGE_LOOP('',(#6827,#6828,#6829,#6830));
#1211=EDGE_LOOP('',(#6831,#6832,#6833,#6834));
#1212=EDGE_LOOP('',(#6835,#6836,#6837,#6838));
#1213=EDGE_LOOP('',(#6839,#6840,#6841,#6842));
#1214=EDGE_LOOP('',(#6843,#6844,#6845,#6846));
#1215=EDGE_LOOP('',(#6847,#6848,#6849,#6850,#6851,#6852,#6853,#6854));
#1216=EDGE_LOOP('',(#6855,#6856,#6857,#6858));
#1217=EDGE_LOOP('',(#6859,#6860,#6861,#6862,#6863));
#1218=EDGE_LOOP('',(#6864,#6865,#6866,#6867));
#1219=EDGE_LOOP('',(#6868,#6869,#6870,#6871));
#1220=EDGE_LOOP('',(#6872,#6873,#6874,#6875));
#1221=EDGE_LOOP('',(#6876,#6877,#6878,#6879));
#1222=EDGE_LOOP('',(#6880,#6881,#6882,#6883));
#1223=EDGE_LOOP('',(#6884,#6885,#6886,#6887));
#1224=EDGE_LOOP('',(#6888,#6889,#6890,#6891));
#1225=EDGE_LOOP('',(#6892,#6893,#6894,#6895));
#1226=EDGE_LOOP('',(#6896,#6897,#6898,#6899));
#1227=EDGE_LOOP('',(#6900,#6901,#6902,#6903));
#1228=EDGE_LOOP('',(#6904,#6905,#6906,#6907));
#1229=EDGE_LOOP('',(#6908,#6909,#6910,#6911));
#1230=EDGE_LOOP('',(#6912,#6913,#6914,#6915));
#1231=EDGE_LOOP('',(#6916,#6917,#6918,#6919,#6920,#6921));
#1232=EDGE_LOOP('',(#6922,#6923,#6924,#6925));
#1233=EDGE_LOOP('',(#6926,#6927,#6928,#6929));
#1234=EDGE_LOOP('',(#6930,#6931,#6932,#6933));
#1235=EDGE_LOOP('',(#6934,#6935,#6936,#6937));
#1236=EDGE_LOOP('',(#6938,#6939,#6940,#6941));
#1237=EDGE_LOOP('',(#6942,#6943,#6944,#6945));
#1238=EDGE_LOOP('',(#6946,#6947,#6948,#6949));
#1239=EDGE_LOOP('',(#6950,#6951,#6952,#6953));
#1240=EDGE_LOOP('',(#6954,#6955,#6956,#6957));
#1241=EDGE_LOOP('',(#6958,#6959,#6960,#6961));
#1242=EDGE_LOOP('',(#6962,#6963,#6964,#6965));
#1243=EDGE_LOOP('',(#6966,#6967,#6968,#6969));
#1244=EDGE_LOOP('',(#6970,#6971,#6972,#6973));
#1245=EDGE_LOOP('',(#6974,#6975,#6976,#6977));
#1246=EDGE_LOOP('',(#6978,#6979,#6980,#6981));
#1247=EDGE_LOOP('',(#6982,#6983,#6984,#6985));
#1248=EDGE_LOOP('',(#6986,#6987,#6988,#6989));
#1249=EDGE_LOOP('',(#6990,#6991,#6992,#6993));
#1250=EDGE_LOOP('',(#6994,#6995,#6996,#6997,#6998));
#1251=EDGE_LOOP('',(#6999,#7000,#7001,#7002));
#1252=EDGE_LOOP('',(#7003,#7004,#7005,#7006));
#1253=EDGE_LOOP('',(#7007,#7008,#7009,#7010,#7011,#7012,#7013,#7014,#7015,
#7016,#7017,#7018,#7019,#7020,#7021,#7022,#7023,#7024,#7025,#7026,#7027,
#7028,#7029,#7030,#7031,#7032,#7033,#7034,#7035,#7036,#7037,#7038,#7039,
#7040,#7041,#7042,#7043,#7044,#7045,#7046,#7047,#7048,#7049,#7050,#7051,
#7052,#7053,#7054,#7055,#7056,#7057,#7058,#7059,#7060,#7061,#7062,#7063,
#7064,#7065,#7066,#7067,#7068,#7069,#7070,#7071,#7072,#7073,#7074,#7075,
#7076,#7077,#7078,#7079,#7080,#7081,#7082,#7083,#7084,#7085,#7086,#7087,
#7088,#7089,#7090,#7091,#7092,#7093,#7094,#7095));
#1254=EDGE_LOOP('',(#7096));
#1255=EDGE_LOOP('',(#7097));
#1256=EDGE_LOOP('',(#7098,#7099,#7100,#7101,#7102,#7103,#7104,#7105));
#1257=EDGE_LOOP('',(#7106,#7107,#7108,#7109));
#1258=EDGE_LOOP('',(#7110,#7111,#7112,#7113));
#1259=EDGE_LOOP('',(#7114,#7115,#7116,#7117));
#1260=EDGE_LOOP('',(#7118,#7119,#7120,#7121));
#1261=EDGE_LOOP('',(#7122,#7123,#7124,#7125));
#1262=EDGE_LOOP('',(#7126,#7127,#7128,#7129));
#1263=EDGE_LOOP('',(#7130,#7131,#7132,#7133));
#1264=EDGE_LOOP('',(#7134,#7135,#7136,#7137));
#1265=EDGE_LOOP('',(#7138,#7139,#7140,#7141));
#1266=EDGE_LOOP('',(#7142,#7143,#7144,#7145));
#1267=EDGE_LOOP('',(#7146,#7147,#7148,#7149));
#1268=EDGE_LOOP('',(#7150,#7151,#7152,#7153));
#1269=EDGE_LOOP('',(#7154,#7155,#7156,#7157));
#1270=EDGE_LOOP('',(#7158,#7159,#7160,#7161));
#1271=EDGE_LOOP('',(#7162,#7163,#7164,#7165,#7166));
#1272=EDGE_LOOP('',(#7167,#7168,#7169,#7170));
#1273=EDGE_LOOP('',(#7171,#7172,#7173,#7174,#7175,#7176));
#1274=EDGE_LOOP('',(#7177,#7178,#7179,#7180));
#1275=EDGE_LOOP('',(#7181,#7182,#7183,#7184));
#1276=EDGE_LOOP('',(#7185,#7186,#7187,#7188));
#1277=EDGE_LOOP('',(#7189,#7190,#7191,#7192));
#1278=EDGE_LOOP('',(#7193,#7194,#7195,#7196));
#1279=EDGE_LOOP('',(#7197,#7198,#7199,#7200));
#1280=EDGE_LOOP('',(#7201,#7202,#7203,#7204));
#1281=EDGE_LOOP('',(#7205,#7206,#7207,#7208));
#1282=EDGE_LOOP('',(#7209,#7210,#7211,#7212));
#1283=EDGE_LOOP('',(#7213,#7214,#7215,#7216));
#1284=EDGE_LOOP('',(#7217,#7218,#7219,#7220));
#1285=EDGE_LOOP('',(#7221,#7222,#7223,#7224));
#1286=EDGE_LOOP('',(#7225,#7226,#7227,#7228));
#1287=EDGE_LOOP('',(#7229,#7230,#7231,#7232));
#1288=EDGE_LOOP('',(#7233,#7234,#7235,#7236));
#1289=EDGE_LOOP('',(#7237,#7238,#7239,#7240));
#1290=EDGE_LOOP('',(#7241,#7242,#7243,#7244));
#1291=EDGE_LOOP('',(#7245,#7246,#7247,#7248,#7249));
#1292=EDGE_LOOP('',(#7250,#7251,#7252,#7253));
#1293=EDGE_LOOP('',(#7254,#7255,#7256,#7257,#7258,#7259,#7260));
#1294=EDGE_LOOP('',(#7261,#7262,#7263,#7264));
#1295=EDGE_LOOP('',(#7265,#7266,#7267,#7268));
#1296=EDGE_LOOP('',(#7269,#7270,#7271,#7272));
#1297=EDGE_LOOP('',(#7273,#7274,#7275,#7276));
#1298=EDGE_LOOP('',(#7277,#7278,#7279,#7280));
#1299=EDGE_LOOP('',(#7281,#7282,#7283,#7284));
#1300=EDGE_LOOP('',(#7285,#7286,#7287,#7288));
#1301=EDGE_LOOP('',(#7289,#7290,#7291,#7292));
#1302=EDGE_LOOP('',(#7293,#7294,#7295,#7296));
#1303=EDGE_LOOP('',(#7297,#7298,#7299,#7300));
#1304=EDGE_LOOP('',(#7301,#7302,#7303,#7304));
#1305=EDGE_LOOP('',(#7305,#7306,#7307,#7308));
#1306=EDGE_LOOP('',(#7309,#7310,#7311,#7312,#7313));
#1307=EDGE_LOOP('',(#7314,#7315,#7316,#7317));
#1308=EDGE_LOOP('',(#7318,#7319,#7320,#7321,#7322,#7323));
#1309=EDGE_LOOP('',(#7324,#7325,#7326,#7327));
#1310=EDGE_LOOP('',(#7328,#7329,#7330,#7331));
#1311=EDGE_LOOP('',(#7332,#7333,#7334,#7335));
#1312=EDGE_LOOP('',(#7336,#7337,#7338,#7339));
#1313=EDGE_LOOP('',(#7340,#7341,#7342,#7343));
#1314=EDGE_LOOP('',(#7344,#7345,#7346,#7347));
#1315=EDGE_LOOP('',(#7348,#7349,#7350,#7351));
#1316=EDGE_LOOP('',(#7352,#7353,#7354,#7355));
#1317=EDGE_LOOP('',(#7356,#7357,#7358,#7359));
#1318=EDGE_LOOP('',(#7360,#7361,#7362,#7363));
#1319=EDGE_LOOP('',(#7364,#7365,#7366,#7367));
#1320=EDGE_LOOP('',(#7368,#7369,#7370,#7371));
#1321=EDGE_LOOP('',(#7372,#7373,#7374,#7375,#7376));
#1322=EDGE_LOOP('',(#7377,#7378,#7379,#7380));
#1323=EDGE_LOOP('',(#7381,#7382,#7383,#7384,#7385,#7386));
#1324=EDGE_LOOP('',(#7387,#7388,#7389,#7390));
#1325=EDGE_LOOP('',(#7391,#7392,#7393,#7394));
#1326=EDGE_LOOP('',(#7395,#7396,#7397,#7398,#7399,#7400));
#1327=EDGE_LOOP('',(#7401,#7402,#7403,#7404));
#1328=EDGE_LOOP('',(#7405,#7406,#7407,#7408));
#1329=EDGE_LOOP('',(#7409,#7410,#7411,#7412));
#1330=EDGE_LOOP('',(#7413,#7414,#7415,#7416));
#1331=EDGE_LOOP('',(#7417,#7418,#7419,#7420));
#1332=EDGE_LOOP('',(#7421,#7422,#7423,#7424));
#1333=EDGE_LOOP('',(#7425,#7426,#7427,#7428,#7429,#7430,#7431,#7432,#7433,
#7434,#7435,#7436,#7437,#7438,#7439,#7440,#7441,#7442,#7443,#7444,#7445,
#7446,#7447,#7448,#7449,#7450));
#1334=EDGE_LOOP('',(#7451,#7452,#7453,#7454,#7455,#7456,#7457,#7458,#7459,
#7460,#7461,#7462));
#1335=EDGE_LOOP('',(#7463,#7464,#7465,#7466,#7467,#7468,#7469,#7470));
#1336=EDGE_LOOP('',(#7471,#7472,#7473,#7474,#7475,#7476,#7477,#7478));
#1337=EDGE_LOOP('',(#7479,#7480,#7481,#7482,#7483,#7484,#7485,#7486,#7487,
#7488));
#1338=EDGE_LOOP('',(#7489));
#1339=EDGE_LOOP('',(#7490));
#1340=EDGE_LOOP('',(#7491));
#1341=EDGE_LOOP('',(#7492));
#1342=EDGE_LOOP('',(#7493));
#1343=EDGE_LOOP('',(#7494));
#1344=EDGE_LOOP('',(#7495));
#1345=EDGE_LOOP('',(#7496));
#1346=EDGE_LOOP('',(#7497,#7498,#7499));
#1347=EDGE_LOOP('',(#7500,#7501,#7502));
#1348=EDGE_LOOP('',(#7503,#7504,#7505,#7506,#7507,#7508,#7509,#7510));
#1349=EDGE_LOOP('',(#7511,#7512,#7513,#7514,#7515,#7516,#7517,#7518));
#1350=EDGE_LOOP('',(#7519,#7520,#7521,#7522,#7523,#7524,#7525,#7526,#7527,
#7528));
#1351=EDGE_LOOP('',(#7529,#7530,#7531,#7532,#7533,#7534,#7535,#7536,#7537,
#7538,#7539,#7540));
#1352=EDGE_LOOP('',(#7541,#7542,#7543,#7544));
#1353=EDGE_LOOP('',(#7545,#7546,#7547,#7548));
#1354=EDGE_LOOP('',(#7549,#7550,#7551,#7552));
#1355=EDGE_LOOP('',(#7553,#7554,#7555,#7556));
#1356=EDGE_LOOP('',(#7557,#7558,#7559,#7560));
#1357=EDGE_LOOP('',(#7561,#7562,#7563,#7564));
#1358=EDGE_LOOP('',(#7565,#7566,#7567,#7568));
#1359=EDGE_LOOP('',(#7569,#7570,#7571,#7572));
#1360=EDGE_LOOP('',(#7573,#7574,#7575,#7576));
#1361=EDGE_LOOP('',(#7577,#7578,#7579,#7580));
#1362=EDGE_LOOP('',(#7581,#7582,#7583,#7584));
#1363=EDGE_LOOP('',(#7585,#7586,#7587,#7588,#7589,#7590,#7591,#7592,#7593,
#7594,#7595,#7596,#7597,#7598,#7599,#7600,#7601,#7602,#7603,#7604,#7605,
#7606,#7607,#7608));
#1364=EDGE_LOOP('',(#7609,#7610,#7611,#7612,#7613,#7614,#7615,#7616,#7617,
#7618,#7619,#7620,#7621,#7622));
#1365=EDGE_LOOP('',(#7623,#7624,#7625,#7626,#7627,#7628));
#1366=EDGE_LOOP('',(#7629,#7630,#7631,#7632,#7633,#7634,#7635,#7636));
#1367=EDGE_LOOP('',(#7637,#7638,#7639,#7640,#7641,#7642));
#1368=EDGE_LOOP('',(#7643,#7644,#7645,#7646,#7647,#7648,#7649,#7650,#7651));
#1369=EDGE_LOOP('',(#7652,#7653,#7654,#7655,#7656,#7657,#7658,#7659,#7660));
#1370=EDGE_LOOP('',(#7661));
#1371=EDGE_LOOP('',(#7662,#7663,#7664,#7665));
#1372=EDGE_LOOP('',(#7666,#7667,#7668,#7669));
#1373=EDGE_LOOP('',(#7670));
#1374=EDGE_LOOP('',(#7671));
#1375=EDGE_LOOP('',(#7672));
#1376=EDGE_LOOP('',(#7673,#7674,#7675,#7676,#7677,#7678,#7679,#7680,#7681,
#7682));
#1377=EDGE_LOOP('',(#7683,#7684,#7685,#7686,#7687,#7688,#7689,#7690,#7691,
#7692));
#1378=EDGE_LOOP('',(#7693,#7694,#7695,#7696,#7697,#7698,#7699,#7700));
#1379=EDGE_LOOP('',(#7701,#7702,#7703,#7704,#7705,#7706));
#1380=EDGE_LOOP('',(#7707,#7708,#7709,#7710,#7711,#7712));
#1381=EDGE_LOOP('',(#7713,#7714,#7715,#7716));
#1382=EDGE_LOOP('',(#7717,#7718,#7719,#7720));
#1383=EDGE_LOOP('',(#7721,#7722,#7723,#7724));
#1384=EDGE_LOOP('',(#7725,#7726,#7727,#7728));
#1385=EDGE_LOOP('',(#7729,#7730,#7731,#7732));
#1386=EDGE_LOOP('',(#7733,#7734,#7735,#7736));
#1387=EDGE_LOOP('',(#7737,#7738,#7739,#7740,#7741));
#1388=EDGE_LOOP('',(#7742,#7743,#7744,#7745));
#1389=EDGE_LOOP('',(#7746,#7747,#7748,#7749));
#1390=EDGE_LOOP('',(#7750,#7751,#7752,#7753));
#1391=EDGE_LOOP('',(#7754,#7755,#7756,#7757));
#1392=EDGE_LOOP('',(#7758,#7759,#7760,#7761));
#1393=EDGE_LOOP('',(#7762,#7763,#7764,#7765));
#1394=EDGE_LOOP('',(#7766,#7767,#7768,#7769));
#1395=EDGE_LOOP('',(#7770,#7771,#7772,#7773));
#1396=EDGE_LOOP('',(#7774,#7775,#7776,#7777));
#1397=EDGE_LOOP('',(#7778,#7779,#7780,#7781));
#1398=EDGE_LOOP('',(#7782,#7783,#7784,#7785));
#1399=EDGE_LOOP('',(#7786,#7787,#7788,#7789));
#1400=EDGE_LOOP('',(#7790,#7791,#7792,#7793,#7794));
#1401=EDGE_LOOP('',(#7795,#7796,#7797,#7798));
#1402=EDGE_LOOP('',(#7799,#7800,#7801,#7802));
#1403=EDGE_LOOP('',(#7803,#7804,#7805,#7806));
#1404=EDGE_LOOP('',(#7807,#7808,#7809,#7810));
#1405=EDGE_LOOP('',(#7811,#7812,#7813,#7814));
#1406=EDGE_LOOP('',(#7815,#7816,#7817,#7818));
#1407=EDGE_LOOP('',(#7819,#7820,#7821,#7822));
#1408=EDGE_LOOP('',(#7823,#7824,#7825,#7826));
#1409=EDGE_LOOP('',(#7827,#7828,#7829,#7830));
#1410=EDGE_LOOP('',(#7831,#7832,#7833,#7834));
#1411=EDGE_LOOP('',(#7835,#7836,#7837,#7838));
#1412=EDGE_LOOP('',(#7839,#7840,#7841,#7842));
#1413=EDGE_LOOP('',(#7843,#7844,#7845,#7846));
#1414=EDGE_LOOP('',(#7847,#7848,#7849,#7850));
#1415=EDGE_LOOP('',(#7851,#7852,#7853,#7854));
#1416=EDGE_LOOP('',(#7855,#7856,#7857,#7858));
#1417=EDGE_LOOP('',(#7859,#7860,#7861,#7862));
#1418=EDGE_LOOP('',(#7863,#7864,#7865,#7866));
#1419=EDGE_LOOP('',(#7867,#7868,#7869,#7870));
#1420=EDGE_LOOP('',(#7871,#7872,#7873,#7874));
#1421=EDGE_LOOP('',(#7875,#7876,#7877,#7878));
#1422=EDGE_LOOP('',(#7879,#7880,#7881,#7882));
#1423=EDGE_LOOP('',(#7883,#7884,#7885,#7886));
#1424=EDGE_LOOP('',(#7887,#7888,#7889,#7890));
#1425=EDGE_LOOP('',(#7891,#7892,#7893,#7894));
#1426=EDGE_LOOP('',(#7895,#7896,#7897,#7898));
#1427=EDGE_LOOP('',(#7899,#7900,#7901,#7902));
#1428=EDGE_LOOP('',(#7903,#7904,#7905,#7906));
#1429=EDGE_LOOP('',(#7907,#7908,#7909,#7910));
#1430=EDGE_LOOP('',(#7911,#7912,#7913,#7914));
#1431=EDGE_LOOP('',(#7915,#7916,#7917,#7918));
#1432=EDGE_LOOP('',(#7919,#7920,#7921,#7922));
#1433=EDGE_LOOP('',(#7923,#7924,#7925,#7926));
#1434=EDGE_LOOP('',(#7927,#7928,#7929,#7930));
#1435=EDGE_LOOP('',(#7931,#7932,#7933,#7934));
#1436=EDGE_LOOP('',(#7935,#7936,#7937,#7938));
#1437=EDGE_LOOP('',(#7939,#7940,#7941,#7942));
#1438=EDGE_LOOP('',(#7943,#7944,#7945,#7946));
#1439=EDGE_LOOP('',(#7947,#7948,#7949,#7950,#7951));
#1440=EDGE_LOOP('',(#7952,#7953,#7954,#7955));
#1441=EDGE_LOOP('',(#7956,#7957,#7958,#7959));
#1442=EDGE_LOOP('',(#7960,#7961,#7962,#7963));
#1443=EDGE_LOOP('',(#7964,#7965,#7966,#7967));
#1444=EDGE_LOOP('',(#7968,#7969,#7970,#7971));
#1445=EDGE_LOOP('',(#7972,#7973,#7974,#7975));
#1446=EDGE_LOOP('',(#7976,#7977,#7978,#7979));
#1447=EDGE_LOOP('',(#7980,#7981,#7982,#7983));
#1448=EDGE_LOOP('',(#7984,#7985,#7986,#7987));
#1449=EDGE_LOOP('',(#7988,#7989,#7990,#7991));
#1450=EDGE_LOOP('',(#7992,#7993,#7994,#7995));
#1451=EDGE_LOOP('',(#7996,#7997,#7998,#7999));
#1452=EDGE_LOOP('',(#8000,#8001,#8002,#8003));
#1453=EDGE_LOOP('',(#8004,#8005,#8006,#8007));
#1454=EDGE_LOOP('',(#8008,#8009,#8010,#8011));
#1455=EDGE_LOOP('',(#8012,#8013,#8014,#8015));
#1456=EDGE_LOOP('',(#8016,#8017,#8018,#8019));
#1457=EDGE_LOOP('',(#8020,#8021,#8022,#8023));
#1458=EDGE_LOOP('',(#8024,#8025,#8026,#8027));
#1459=EDGE_LOOP('',(#8028,#8029,#8030,#8031,#8032,#8033));
#1460=EDGE_LOOP('',(#8034,#8035,#8036,#8037));
#1461=EDGE_LOOP('',(#8038,#8039,#8040,#8041));
#1462=EDGE_LOOP('',(#8042,#8043,#8044,#8045));
#1463=EDGE_LOOP('',(#8046,#8047,#8048,#8049));
#1464=EDGE_LOOP('',(#8050,#8051,#8052,#8053));
#1465=EDGE_LOOP('',(#8054,#8055,#8056,#8057));
#1466=EDGE_LOOP('',(#8058,#8059,#8060,#8061));
#1467=EDGE_LOOP('',(#8062,#8063,#8064,#8065));
#1468=EDGE_LOOP('',(#8066,#8067,#8068,#8069));
#1469=EDGE_LOOP('',(#8070,#8071,#8072,#8073));
#1470=EDGE_LOOP('',(#8074,#8075,#8076,#8077));
#1471=EDGE_LOOP('',(#8078,#8079,#8080,#8081,#8082));
#1472=EDGE_LOOP('',(#8083,#8084,#8085,#8086));
#1473=EDGE_LOOP('',(#8087,#8088,#8089,#8090));
#1474=EDGE_LOOP('',(#8091,#8092,#8093,#8094));
#1475=EDGE_LOOP('',(#8095,#8096,#8097,#8098));
#1476=EDGE_LOOP('',(#8099,#8100,#8101,#8102));
#1477=EDGE_LOOP('',(#8103,#8104,#8105,#8106));
#1478=EDGE_LOOP('',(#8107,#8108,#8109,#8110));
#1479=EDGE_LOOP('',(#8111,#8112,#8113,#8114));
#1480=EDGE_LOOP('',(#8115,#8116,#8117,#8118));
#1481=EDGE_LOOP('',(#8119,#8120,#8121,#8122));
#1482=EDGE_LOOP('',(#8123,#8124,#8125,#8126));
#1483=EDGE_LOOP('',(#8127,#8128,#8129,#8130));
#1484=EDGE_LOOP('',(#8131,#8132,#8133,#8134));
#1485=EDGE_LOOP('',(#8135,#8136,#8137,#8138));
#1486=EDGE_LOOP('',(#8139,#8140,#8141,#8142));
#1487=EDGE_LOOP('',(#8143,#8144,#8145,#8146));
#1488=EDGE_LOOP('',(#8147,#8148,#8149,#8150));
#1489=EDGE_LOOP('',(#8151,#8152,#8153,#8154));
#1490=EDGE_LOOP('',(#8155,#8156,#8157,#8158));
#1491=EDGE_LOOP('',(#8159,#8160,#8161,#8162));
#1492=EDGE_LOOP('',(#8163,#8164,#8165,#8166));
#1493=EDGE_LOOP('',(#8167,#8168,#8169,#8170));
#1494=EDGE_LOOP('',(#8171,#8172,#8173,#8174));
#1495=EDGE_LOOP('',(#8175,#8176,#8177,#8178));
#1496=EDGE_LOOP('',(#8179,#8180,#8181,#8182));
#1497=EDGE_LOOP('',(#8183,#8184,#8185,#8186));
#1498=EDGE_LOOP('',(#8187,#8188,#8189,#8190));
#1499=EDGE_LOOP('',(#8191,#8192,#8193,#8194));
#1500=EDGE_LOOP('',(#8195,#8196,#8197,#8198));
#1501=EDGE_LOOP('',(#8199,#8200,#8201,#8202));
#1502=EDGE_LOOP('',(#8203,#8204,#8205,#8206));
#1503=EDGE_LOOP('',(#8207,#8208,#8209,#8210,#8211));
#1504=EDGE_LOOP('',(#8212,#8213,#8214,#8215));
#1505=EDGE_LOOP('',(#8216,#8217,#8218,#8219,#8220));
#1506=EDGE_LOOP('',(#8221,#8222,#8223,#8224));
#1507=EDGE_LOOP('',(#8225,#8226,#8227,#8228));
#1508=EDGE_LOOP('',(#8229,#8230,#8231,#8232,#8233));
#1509=EDGE_LOOP('',(#8234,#8235,#8236,#8237));
#1510=EDGE_LOOP('',(#8238,#8239,#8240,#8241,#8242));
#1511=EDGE_LOOP('',(#8243,#8244,#8245,#8246));
#1512=EDGE_LOOP('',(#8247,#8248,#8249,#8250,#8251));
#1513=EDGE_LOOP('',(#8252,#8253,#8254,#8255));
#1514=EDGE_LOOP('',(#8256,#8257,#8258,#8259,#8260));
#1515=EDGE_LOOP('',(#8261,#8262,#8263,#8264));
#1516=EDGE_LOOP('',(#8265,#8266,#8267,#8268,#8269));
#1517=EDGE_LOOP('',(#8270,#8271,#8272,#8273));
#1518=EDGE_LOOP('',(#8274,#8275,#8276,#8277));
#1519=EDGE_LOOP('',(#8278,#8279,#8280,#8281,#8282));
#1520=EDGE_LOOP('',(#8283,#8284,#8285,#8286));
#1521=EDGE_LOOP('',(#8287,#8288,#8289,#8290,#8291));
#1522=EDGE_LOOP('',(#8292,#8293,#8294,#8295));
#1523=EDGE_LOOP('',(#8296,#8297,#8298,#8299));
#1524=EDGE_LOOP('',(#8300,#8301,#8302,#8303));
#1525=EDGE_LOOP('',(#8304,#8305,#8306,#8307,#8308,#8309));
#1526=EDGE_LOOP('',(#8310,#8311,#8312,#8313));
#1527=EDGE_LOOP('',(#8314,#8315,#8316));
#1528=EDGE_LOOP('',(#8317,#8318,#8319,#8320));
#1529=EDGE_LOOP('',(#8321,#8322,#8323,#8324));
#1530=EDGE_LOOP('',(#8325,#8326,#8327));
#1531=EDGE_LOOP('',(#8328,#8329,#8330,#8331));
#1532=EDGE_LOOP('',(#8332,#8333,#8334,#8335,#8336,#8337));
#1533=EDGE_LOOP('',(#8338,#8339,#8340,#8341,#8342,#8343));
#1534=EDGE_LOOP('',(#8344,#8345,#8346,#8347,#8348));
#1535=EDGE_LOOP('',(#8349,#8350,#8351,#8352,#8353));
#1536=EDGE_LOOP('',(#8354,#8355,#8356,#8357,#8358));
#1537=EDGE_LOOP('',(#8359,#8360,#8361,#8362,#8363));
#1538=EDGE_LOOP('',(#8364));
#1539=EDGE_LOOP('',(#8365));
#1540=EDGE_LOOP('',(#8366,#8367,#8368,#8369));
#1541=EDGE_LOOP('',(#8370));
#1542=EDGE_LOOP('',(#8371));
#1543=EDGE_LOOP('',(#8372,#8373,#8374,#8375));
#1544=EDGE_LOOP('',(#8376,#8377,#8378,#8379,#8380,#8381,#8382));
#1545=EDGE_LOOP('',(#8383,#8384,#8385,#8386,#8387,#8388,#8389,#8390,#8391,
#8392,#8393,#8394,#8395,#8396));
#1546=EDGE_LOOP('',(#8397,#8398,#8399,#8400,#8401));
#1547=EDGE_LOOP('',(#8402,#8403,#8404,#8405,#8406));
#1548=EDGE_LOOP('',(#8407,#8408,#8409,#8410,#8411,#8412,#8413,#8414,#8415,
#8416,#8417,#8418,#8419,#8420,#8421,#8422,#8423,#8424,#8425,#8426,#8427,
#8428,#8429,#8430,#8431,#8432,#8433,#8434,#8435,#8436,#8437,#8438,#8439,
#8440,#8441,#8442,#8443,#8444,#8445,#8446,#8447,#8448,#8449,#8450,#8451,
#8452,#8453,#8454,#8455,#8456,#8457,#8458,#8459,#8460,#8461,#8462,#8463,
#8464,#8465,#8466,#8467,#8468,#8469,#8470));
#1549=EDGE_LOOP('',(#8471));
#1550=EDGE_LOOP('',(#8472,#8473,#8474,#8475,#8476,#8477,#8478,#8479,#8480,
#8481));
#1551=EDGE_LOOP('',(#8482,#8483,#8484,#8485,#8486,#8487,#8488,#8489));
#1552=EDGE_LOOP('',(#8490,#8491,#8492));
#1553=EDGE_LOOP('',(#8493,#8494,#8495));
#1554=EDGE_LOOP('',(#8496,#8497,#8498,#8499,#8500,#8501,#8502,#8503));
#1555=EDGE_LOOP('',(#8504,#8505,#8506,#8507,#8508,#8509,#8510,#8511,#8512,
#8513));
#1556=EDGE_LOOP('',(#8514));
#1557=EDGE_LOOP('',(#8515,#8516,#8517,#8518,#8519));
#1558=EDGE_LOOP('',(#8520,#8521,#8522,#8523,#8524));
#1559=EDGE_LOOP('',(#8525,#8526,#8527,#8528,#8529));
#1560=EDGE_LOOP('',(#8530,#8531,#8532,#8533,#8534,#8535,#8536));
#1561=EDGE_LOOP('',(#8537,#8538,#8539,#8540,#8541));
#1562=EDGE_LOOP('',(#8542,#8543,#8544,#8545,#8546,#8547));
#1563=EDGE_LOOP('',(#8548,#8549,#8550,#8551,#8552));
#1564=EDGE_LOOP('',(#8553,#8554,#8555,#8556,#8557,#8558));
#1565=EDGE_LOOP('',(#8559,#8560,#8561,#8562,#8563));
#1566=EDGE_LOOP('',(#8564,#8565,#8566,#8567,#8568,#8569));
#1567=EDGE_LOOP('',(#8570,#8571,#8572,#8573,#8574));
#1568=EDGE_LOOP('',(#8575,#8576,#8577,#8578,#8579,#8580));
#1569=EDGE_LOOP('',(#8581,#8582,#8583,#8584,#8585));
#1570=EDGE_LOOP('',(#8586,#8587,#8588,#8589,#8590,#8591));
#1571=EDGE_LOOP('',(#8592,#8593,#8594,#8595));
#1572=EDGE_LOOP('',(#8596,#8597,#8598,#8599));
#1573=EDGE_LOOP('',(#8600,#8601,#8602,#8603,#8604,#8605));
#1574=EDGE_LOOP('',(#8606,#8607,#8608,#8609));
#1575=EDGE_LOOP('',(#8610,#8611,#8612,#8613,#8614,#8615));
#1576=EDGE_LOOP('',(#8616,#8617,#8618,#8619));
#1577=EDGE_LOOP('',(#8620,#8621,#8622,#8623));
#1578=EDGE_LOOP('',(#8624,#8625,#8626,#8627,#8628,#8629));
#1579=EDGE_LOOP('',(#8630,#8631,#8632,#8633));
#1580=EDGE_LOOP('',(#8634,#8635,#8636,#8637));
#1581=EDGE_LOOP('',(#8638,#8639,#8640,#8641));
#1582=EDGE_LOOP('',(#8642,#8643,#8644,#8645));
#1583=EDGE_LOOP('',(#8646,#8647,#8648,#8649));
#1584=EDGE_LOOP('',(#8650,#8651,#8652,#8653));
#1585=EDGE_LOOP('',(#8654,#8655,#8656));
#1586=EDGE_LOOP('',(#8657,#8658,#8659));
#1587=EDGE_LOOP('',(#8660,#8661,#8662,#8663,#8664,#8665,#8666,#8667,#8668,
#8669));
#1588=EDGE_LOOP('',(#8670,#8671,#8672,#8673));
#1589=EDGE_LOOP('',(#8674,#8675,#8676,#8677));
#1590=EDGE_LOOP('',(#8678,#8679,#8680,#8681));
#1591=EDGE_LOOP('',(#8682,#8683,#8684,#8685));
#1592=EDGE_LOOP('',(#8686,#8687,#8688,#8689));
#1593=EDGE_LOOP('',(#8690,#8691,#8692,#8693));
#1594=EDGE_LOOP('',(#8694,#8695,#8696,#8697));
#1595=EDGE_LOOP('',(#8698,#8699,#8700,#8701));
#1596=EDGE_LOOP('',(#8702,#8703,#8704,#8705,#8706,#8707));
#1597=EDGE_LOOP('',(#8708,#8709,#8710,#8711));
#1598=EDGE_LOOP('',(#8712,#8713,#8714,#8715));
#1599=EDGE_LOOP('',(#8716,#8717,#8718,#8719));
#1600=EDGE_LOOP('',(#8720,#8721,#8722,#8723));
#1601=EDGE_LOOP('',(#8724,#8725,#8726,#8727));
#1602=EDGE_LOOP('',(#8728,#8729,#8730,#8731));
#1603=EDGE_LOOP('',(#8732,#8733,#8734,#8735));
#1604=EDGE_LOOP('',(#8736,#8737,#8738,#8739));
#1605=EDGE_LOOP('',(#8740,#8741,#8742,#8743));
#1606=EDGE_LOOP('',(#8744,#8745,#8746,#8747));
#1607=EDGE_LOOP('',(#8748,#8749,#8750,#8751));
#1608=EDGE_LOOP('',(#8752,#8753,#8754,#8755));
#1609=EDGE_LOOP('',(#8756,#8757,#8758,#8759));
#1610=EDGE_LOOP('',(#8760,#8761,#8762,#8763));
#1611=EDGE_LOOP('',(#8764,#8765,#8766,#8767));
#1612=EDGE_LOOP('',(#8768,#8769,#8770,#8771));
#1613=EDGE_LOOP('',(#8772,#8773,#8774,#8775));
#1614=EDGE_LOOP('',(#8776,#8777,#8778,#8779));
#1615=EDGE_LOOP('',(#8780,#8781,#8782,#8783));
#1616=EDGE_LOOP('',(#8784,#8785,#8786,#8787));
#1617=EDGE_LOOP('',(#8788,#8789,#8790,#8791));
#1618=EDGE_LOOP('',(#8792,#8793,#8794,#8795));
#1619=EDGE_LOOP('',(#8796,#8797,#8798,#8799));
#1620=EDGE_LOOP('',(#8800,#8801,#8802,#8803));
#1621=EDGE_LOOP('',(#8804,#8805,#8806,#8807));
#1622=EDGE_LOOP('',(#8808,#8809,#8810,#8811));
#1623=EDGE_LOOP('',(#8812,#8813,#8814,#8815));
#1624=EDGE_LOOP('',(#8816,#8817,#8818,#8819));
#1625=EDGE_LOOP('',(#8820,#8821,#8822,#8823));
#1626=EDGE_LOOP('',(#8824,#8825,#8826,#8827));
#1627=EDGE_LOOP('',(#8828,#8829,#8830,#8831));
#1628=EDGE_LOOP('',(#8832,#8833,#8834,#8835));
#1629=EDGE_LOOP('',(#8836,#8837,#8838,#8839));
#1630=EDGE_LOOP('',(#8840,#8841,#8842,#8843));
#1631=EDGE_LOOP('',(#8844,#8845,#8846,#8847));
#1632=EDGE_LOOP('',(#8848,#8849,#8850,#8851));
#1633=EDGE_LOOP('',(#8852,#8853,#8854,#8855));
#1634=EDGE_LOOP('',(#8856,#8857,#8858,#8859));
#1635=EDGE_LOOP('',(#8860,#8861,#8862,#8863));
#1636=EDGE_LOOP('',(#8864,#8865,#8866,#8867));
#1637=EDGE_LOOP('',(#8868,#8869,#8870,#8871));
#1638=EDGE_LOOP('',(#8872,#8873,#8874,#8875));
#1639=EDGE_LOOP('',(#8876,#8877,#8878,#8879));
#1640=EDGE_LOOP('',(#8880,#8881,#8882,#8883));
#1641=EDGE_LOOP('',(#8884,#8885,#8886,#8887));
#1642=EDGE_LOOP('',(#8888,#8889,#8890,#8891));
#1643=EDGE_LOOP('',(#8892,#8893,#8894,#8895));
#1644=EDGE_LOOP('',(#8896,#8897,#8898,#8899));
#1645=EDGE_LOOP('',(#8900,#8901,#8902,#8903));
#1646=EDGE_LOOP('',(#8904,#8905,#8906,#8907));
#1647=EDGE_LOOP('',(#8908,#8909,#8910,#8911));
#1648=EDGE_LOOP('',(#8912,#8913,#8914,#8915));
#1649=EDGE_LOOP('',(#8916,#8917,#8918,#8919));
#1650=EDGE_LOOP('',(#8920,#8921,#8922,#8923));
#1651=EDGE_LOOP('',(#8924,#8925,#8926,#8927));
#1652=EDGE_LOOP('',(#8928,#8929,#8930,#8931));
#1653=EDGE_LOOP('',(#8932,#8933,#8934,#8935));
#1654=EDGE_LOOP('',(#8936,#8937,#8938,#8939));
#1655=EDGE_LOOP('',(#8940,#8941,#8942,#8943));
#1656=EDGE_LOOP('',(#8944,#8945,#8946,#8947));
#1657=EDGE_LOOP('',(#8948,#8949,#8950,#8951));
#1658=EDGE_LOOP('',(#8952,#8953,#8954,#8955));
#1659=EDGE_LOOP('',(#8956,#8957,#8958,#8959));
#1660=EDGE_LOOP('',(#8960,#8961,#8962,#8963));
#1661=EDGE_LOOP('',(#8964,#8965,#8966,#8967));
#1662=EDGE_LOOP('',(#8968,#8969,#8970,#8971));
#1663=EDGE_LOOP('',(#8972,#8973,#8974,#8975));
#1664=EDGE_LOOP('',(#8976,#8977,#8978,#8979));
#1665=EDGE_LOOP('',(#8980,#8981,#8982,#8983));
#1666=EDGE_LOOP('',(#8984,#8985,#8986,#8987));
#1667=EDGE_LOOP('',(#8988,#8989,#8990,#8991));
#1668=EDGE_LOOP('',(#8992,#8993,#8994,#8995));
#1669=EDGE_LOOP('',(#8996,#8997,#8998,#8999));
#1670=EDGE_LOOP('',(#9000,#9001,#9002,#9003));
#1671=EDGE_LOOP('',(#9004,#9005,#9006,#9007));
#1672=EDGE_LOOP('',(#9008,#9009,#9010,#9011));
#1673=EDGE_LOOP('',(#9012,#9013,#9014,#9015));
#1674=EDGE_LOOP('',(#9016,#9017,#9018,#9019));
#1675=EDGE_LOOP('',(#9020,#9021,#9022,#9023));
#1676=EDGE_LOOP('',(#9024,#9025,#9026,#9027));
#1677=EDGE_LOOP('',(#9028,#9029,#9030,#9031));
#1678=EDGE_LOOP('',(#9032,#9033,#9034,#9035));
#1679=EDGE_LOOP('',(#9036,#9037,#9038,#9039));
#1680=EDGE_LOOP('',(#9040,#9041,#9042,#9043));
#1681=EDGE_LOOP('',(#9044,#9045,#9046,#9047));
#1682=EDGE_LOOP('',(#9048,#9049,#9050,#9051));
#1683=EDGE_LOOP('',(#9052,#9053,#9054,#9055));
#1684=EDGE_LOOP('',(#9056,#9057,#9058,#9059));
#1685=EDGE_LOOP('',(#9060,#9061,#9062,#9063));
#1686=EDGE_LOOP('',(#9064,#9065,#9066,#9067));
#1687=EDGE_LOOP('',(#9068,#9069,#9070,#9071));
#1688=EDGE_LOOP('',(#9072,#9073,#9074,#9075));
#1689=EDGE_LOOP('',(#9076,#9077,#9078,#9079));
#1690=EDGE_LOOP('',(#9080,#9081,#9082,#9083));
#1691=EDGE_LOOP('',(#9084,#9085,#9086,#9087));
#1692=EDGE_LOOP('',(#9088,#9089,#9090,#9091));
#1693=EDGE_LOOP('',(#9092,#9093,#9094,#9095));
#1694=EDGE_LOOP('',(#9096,#9097,#9098,#9099));
#1695=EDGE_LOOP('',(#9100,#9101,#9102,#9103));
#1696=EDGE_LOOP('',(#9104,#9105,#9106,#9107));
#1697=EDGE_LOOP('',(#9108,#9109,#9110,#9111));
#1698=EDGE_LOOP('',(#9112,#9113,#9114,#9115));
#1699=EDGE_LOOP('',(#9116,#9117,#9118,#9119));
#1700=EDGE_LOOP('',(#9120,#9121,#9122,#9123));
#1701=EDGE_LOOP('',(#9124,#9125,#9126,#9127));
#1702=EDGE_LOOP('',(#9128,#9129,#9130,#9131));
#1703=EDGE_LOOP('',(#9132,#9133,#9134,#9135));
#1704=EDGE_LOOP('',(#9136,#9137,#9138,#9139));
#1705=EDGE_LOOP('',(#9140,#9141,#9142,#9143));
#1706=EDGE_LOOP('',(#9144,#9145,#9146,#9147));
#1707=EDGE_LOOP('',(#9148,#9149,#9150,#9151));
#1708=EDGE_LOOP('',(#9152,#9153,#9154,#9155));
#1709=EDGE_LOOP('',(#9156,#9157,#9158,#9159));
#1710=EDGE_LOOP('',(#9160,#9161,#9162,#9163));
#1711=EDGE_LOOP('',(#9164,#9165,#9166,#9167));
#1712=EDGE_LOOP('',(#9168,#9169,#9170,#9171));
#1713=EDGE_LOOP('',(#9172,#9173,#9174,#9175));
#1714=EDGE_LOOP('',(#9176,#9177,#9178,#9179));
#1715=EDGE_LOOP('',(#9180,#9181,#9182,#9183));
#1716=EDGE_LOOP('',(#9184,#9185,#9186,#9187));
#1717=EDGE_LOOP('',(#9188,#9189,#9190,#9191));
#1718=EDGE_LOOP('',(#9192,#9193,#9194,#9195));
#1719=EDGE_LOOP('',(#9196,#9197,#9198,#9199));
#1720=EDGE_LOOP('',(#9200,#9201,#9202,#9203));
#1721=EDGE_LOOP('',(#9204,#9205,#9206,#9207));
#1722=EDGE_LOOP('',(#9208,#9209,#9210,#9211));
#1723=EDGE_LOOP('',(#9212,#9213,#9214,#9215));
#1724=EDGE_LOOP('',(#9216,#9217,#9218,#9219));
#1725=EDGE_LOOP('',(#9220,#9221,#9222,#9223));
#1726=EDGE_LOOP('',(#9224,#9225,#9226,#9227));
#1727=EDGE_LOOP('',(#9228,#9229,#9230,#9231));
#1728=EDGE_LOOP('',(#9232,#9233,#9234,#9235));
#1729=EDGE_LOOP('',(#9236,#9237,#9238,#9239));
#1730=EDGE_LOOP('',(#9240,#9241,#9242,#9243));
#1731=EDGE_LOOP('',(#9244,#9245,#9246,#9247));
#1732=EDGE_LOOP('',(#9248,#9249,#9250,#9251));
#1733=EDGE_LOOP('',(#9252,#9253,#9254,#9255));
#1734=EDGE_LOOP('',(#9256,#9257,#9258,#9259));
#1735=EDGE_LOOP('',(#9260,#9261,#9262,#9263));
#1736=EDGE_LOOP('',(#9264,#9265,#9266,#9267));
#1737=EDGE_LOOP('',(#9268,#9269,#9270,#9271));
#1738=EDGE_LOOP('',(#9272,#9273,#9274,#9275));
#1739=EDGE_LOOP('',(#9276,#9277,#9278,#9279));
#1740=EDGE_LOOP('',(#9280,#9281,#9282,#9283));
#1741=EDGE_LOOP('',(#9284,#9285,#9286,#9287));
#1742=EDGE_LOOP('',(#9288,#9289,#9290,#9291));
#1743=EDGE_LOOP('',(#9292,#9293,#9294,#9295));
#1744=EDGE_LOOP('',(#9296,#9297,#9298,#9299));
#1745=EDGE_LOOP('',(#9300,#9301,#9302,#9303));
#1746=EDGE_LOOP('',(#9304,#9305,#9306,#9307));
#1747=EDGE_LOOP('',(#9308,#9309,#9310,#9311));
#1748=EDGE_LOOP('',(#9312,#9313,#9314,#9315));
#1749=EDGE_LOOP('',(#9316,#9317,#9318,#9319));
#1750=EDGE_LOOP('',(#9320,#9321,#9322,#9323));
#1751=EDGE_LOOP('',(#9324,#9325,#9326,#9327));
#1752=EDGE_LOOP('',(#9328,#9329,#9330,#9331));
#1753=EDGE_LOOP('',(#9332,#9333,#9334,#9335));
#1754=EDGE_LOOP('',(#9336,#9337,#9338,#9339));
#1755=EDGE_LOOP('',(#9340,#9341,#9342,#9343));
#1756=EDGE_LOOP('',(#9344,#9345,#9346,#9347));
#1757=EDGE_LOOP('',(#9348,#9349,#9350,#9351));
#1758=EDGE_LOOP('',(#9352,#9353,#9354,#9355));
#1759=EDGE_LOOP('',(#9356,#9357,#9358,#9359));
#1760=EDGE_LOOP('',(#9360,#9361,#9362,#9363));
#1761=EDGE_LOOP('',(#9364,#9365,#9366,#9367));
#1762=EDGE_LOOP('',(#9368,#9369,#9370,#9371));
#1763=EDGE_LOOP('',(#9372,#9373,#9374,#9375));
#1764=EDGE_LOOP('',(#9376,#9377,#9378,#9379));
#1765=EDGE_LOOP('',(#9380,#9381,#9382,#9383));
#1766=EDGE_LOOP('',(#9384,#9385,#9386,#9387));
#1767=EDGE_LOOP('',(#9388,#9389,#9390,#9391));
#1768=EDGE_LOOP('',(#9392,#9393,#9394,#9395));
#1769=EDGE_LOOP('',(#9396,#9397,#9398,#9399));
#1770=EDGE_LOOP('',(#9400,#9401,#9402,#9403));
#1771=EDGE_LOOP('',(#9404,#9405,#9406,#9407));
#1772=EDGE_LOOP('',(#9408,#9409,#9410,#9411));
#1773=EDGE_LOOP('',(#9412,#9413,#9414,#9415));
#1774=EDGE_LOOP('',(#9416,#9417,#9418,#9419));
#1775=EDGE_LOOP('',(#9420,#9421,#9422,#9423));
#1776=EDGE_LOOP('',(#9424,#9425,#9426,#9427));
#1777=EDGE_LOOP('',(#9428,#9429,#9430,#9431));
#1778=EDGE_LOOP('',(#9432,#9433,#9434,#9435));
#1779=EDGE_LOOP('',(#9436,#9437,#9438,#9439));
#1780=EDGE_LOOP('',(#9440,#9441,#9442,#9443));
#1781=EDGE_LOOP('',(#9444,#9445,#9446,#9447));
#1782=EDGE_LOOP('',(#9448,#9449,#9450,#9451));
#1783=EDGE_LOOP('',(#9452,#9453,#9454,#9455));
#1784=EDGE_LOOP('',(#9456,#9457,#9458,#9459));
#1785=EDGE_LOOP('',(#9460,#9461,#9462,#9463));
#1786=EDGE_LOOP('',(#9464,#9465,#9466,#9467));
#1787=EDGE_LOOP('',(#9468,#9469,#9470,#9471));
#1788=EDGE_LOOP('',(#9472,#9473,#9474,#9475));
#1789=EDGE_LOOP('',(#9476,#9477,#9478,#9479));
#1790=EDGE_LOOP('',(#9480,#9481,#9482,#9483));
#1791=EDGE_LOOP('',(#9484,#9485,#9486,#9487));
#1792=EDGE_LOOP('',(#9488,#9489,#9490,#9491));
#1793=EDGE_LOOP('',(#9492,#9493,#9494,#9495));
#1794=EDGE_LOOP('',(#9496,#9497,#9498,#9499));
#1795=EDGE_LOOP('',(#9500,#9501,#9502,#9503));
#1796=EDGE_LOOP('',(#9504,#9505,#9506,#9507));
#1797=EDGE_LOOP('',(#9508,#9509,#9510,#9511));
#1798=EDGE_LOOP('',(#9512,#9513,#9514,#9515));
#1799=EDGE_LOOP('',(#9516,#9517,#9518,#9519));
#1800=EDGE_LOOP('',(#9520,#9521,#9522,#9523));
#1801=EDGE_LOOP('',(#9524,#9525,#9526,#9527));
#1802=EDGE_LOOP('',(#9528,#9529,#9530,#9531));
#1803=EDGE_LOOP('',(#9532,#9533,#9534,#9535));
#1804=EDGE_LOOP('',(#9536,#9537,#9538,#9539));
#1805=EDGE_LOOP('',(#9540,#9541,#9542,#9543));
#1806=EDGE_LOOP('',(#9544,#9545,#9546,#9547));
#1807=EDGE_LOOP('',(#9548,#9549,#9550,#9551));
#1808=EDGE_LOOP('',(#9552,#9553,#9554,#9555));
#1809=EDGE_LOOP('',(#9556,#9557,#9558,#9559));
#1810=EDGE_LOOP('',(#9560,#9561,#9562,#9563));
#1811=EDGE_LOOP('',(#9564,#9565,#9566,#9567));
#1812=EDGE_LOOP('',(#9568,#9569,#9570,#9571));
#1813=EDGE_LOOP('',(#9572,#9573,#9574,#9575));
#1814=EDGE_LOOP('',(#9576,#9577,#9578,#9579));
#1815=EDGE_LOOP('',(#9580,#9581,#9582,#9583));
#1816=EDGE_LOOP('',(#9584,#9585,#9586,#9587));
#1817=EDGE_LOOP('',(#9588,#9589,#9590,#9591));
#1818=EDGE_LOOP('',(#9592,#9593,#9594,#9595));
#1819=EDGE_LOOP('',(#9596,#9597,#9598,#9599));
#1820=EDGE_LOOP('',(#9600,#9601,#9602,#9603));
#1821=EDGE_LOOP('',(#9604,#9605,#9606,#9607));
#1822=EDGE_LOOP('',(#9608,#9609,#9610,#9611));
#1823=EDGE_LOOP('',(#9612,#9613,#9614,#9615));
#1824=EDGE_LOOP('',(#9616,#9617,#9618,#9619));
#1825=EDGE_LOOP('',(#9620,#9621,#9622,#9623));
#1826=EDGE_LOOP('',(#9624,#9625,#9626,#9627));
#1827=EDGE_LOOP('',(#9628,#9629,#9630,#9631));
#1828=EDGE_LOOP('',(#9632,#9633,#9634,#9635));
#1829=EDGE_LOOP('',(#9636,#9637,#9638,#9639));
#1830=EDGE_LOOP('',(#9640,#9641,#9642,#9643));
#1831=EDGE_LOOP('',(#9644,#9645,#9646,#9647));
#1832=EDGE_LOOP('',(#9648,#9649,#9650,#9651));
#1833=EDGE_LOOP('',(#9652,#9653,#9654,#9655));
#1834=EDGE_LOOP('',(#9656,#9657,#9658,#9659,#9660,#9661,#9662,#9663,#9664,
#9665,#9666,#9667,#9668,#9669,#9670,#9671,#9672,#9673,#9674,#9675,#9676,
#9677,#9678,#9679));
#1835=EDGE_LOOP('',(#9680,#9681,#9682,#9683));
#1836=EDGE_LOOP('',(#9684,#9685,#9686,#9687));
#1837=EDGE_LOOP('',(#9688,#9689,#9690,#9691));
#1838=EDGE_LOOP('',(#9692,#9693,#9694,#9695));
#1839=EDGE_LOOP('',(#9696,#9697,#9698,#9699));
#1840=EDGE_LOOP('',(#9700,#9701,#9702,#9703));
#1841=EDGE_LOOP('',(#9704,#9705,#9706,#9707));
#1842=EDGE_LOOP('',(#9708,#9709,#9710,#9711));
#1843=EDGE_LOOP('',(#9712,#9713,#9714,#9715));
#1844=EDGE_LOOP('',(#9716,#9717,#9718,#9719));
#1845=EDGE_LOOP('',(#9720,#9721,#9722,#9723));
#1846=EDGE_LOOP('',(#9724,#9725,#9726,#9727));
#1847=EDGE_LOOP('',(#9728,#9729,#9730,#9731));
#1848=EDGE_LOOP('',(#9732,#9733,#9734,#9735));
#1849=EDGE_LOOP('',(#9736,#9737,#9738,#9739));
#1850=EDGE_LOOP('',(#9740,#9741,#9742,#9743));
#1851=EDGE_LOOP('',(#9744,#9745,#9746,#9747));
#1852=EDGE_LOOP('',(#9748,#9749,#9750,#9751));
#1853=EDGE_LOOP('',(#9752,#9753,#9754,#9755));
#1854=EDGE_LOOP('',(#9756,#9757,#9758,#9759));
#1855=EDGE_LOOP('',(#9760,#9761,#9762,#9763));
#1856=EDGE_LOOP('',(#9764,#9765,#9766,#9767));
#1857=EDGE_LOOP('',(#9768,#9769,#9770,#9771,#9772,#9773,#9774,#9775,#9776,
#9777));
#1858=EDGE_LOOP('',(#9778,#9779,#9780,#9781));
#1859=EDGE_LOOP('',(#9782,#9783,#9784,#9785));
#1860=EDGE_LOOP('',(#9786,#9787,#9788,#9789));
#1861=CIRCLE('',#10645,2.);
#1862=CIRCLE('',#10646,3.);
#1863=CIRCLE('',#10649,2.);
#1864=CIRCLE('',#10650,3.);
#1865=CIRCLE('',#10652,3.);
#1866=CIRCLE('',#10653,2.);
#1867=CIRCLE('',#10658,2.);
#1868=CIRCLE('',#10661,2.);
#1869=CIRCLE('',#10664,2.);
#1870=CIRCLE('',#10665,3.);
#1871=CIRCLE('',#10668,2.);
#1872=CIRCLE('',#10669,3.);
#1873=CIRCLE('',#10671,3.);
#1874=CIRCLE('',#10672,2.);
#1875=CIRCLE('',#10676,2.00000000000001);
#1876=CIRCLE('',#10680,2.);
#1877=CIRCLE('',#10684,2.);
#1878=CIRCLE('',#10685,1.);
#1879=CIRCLE('',#10687,1.);
#1880=CIRCLE('',#10688,2.);
#1881=CIRCLE('',#10691,2.);
#1882=CIRCLE('',#10692,3.);
#1883=CIRCLE('',#10695,2.);
#1884=CIRCLE('',#10696,2.);
#1885=CIRCLE('',#10699,1.);
#1886=CIRCLE('',#10702,2.);
#1887=CIRCLE('',#10703,3.);
#1888=CIRCLE('',#10705,2.6);
#1889=CIRCLE('',#10706,3.6);
#1890=CIRCLE('',#10708,1.);
#1891=CIRCLE('',#10709,2.);
#1892=CIRCLE('',#10712,2.);
#1893=CIRCLE('',#10713,3.);
#1894=CIRCLE('',#10716,2.);
#1895=CIRCLE('',#10717,3.);
#1896=CIRCLE('',#10720,3.);
#1897=CIRCLE('',#10721,2.);
#1898=CIRCLE('',#10723,10.9682458365519);
#1899=CIRCLE('',#10724,10.);
#1900=CIRCLE('',#10726,12.);
#1901=CIRCLE('',#10727,2.);
#1902=CIRCLE('',#10728,10.);
#1903=CIRCLE('',#10731,2.);
#1904=CIRCLE('',#10734,1.);
#1905=CIRCLE('',#10736,3.6);
#1906=CIRCLE('',#10738,5.);
#1907=CIRCLE('',#10739,6.);
#1908=CIRCLE('',#10741,2.);
#1909=CIRCLE('',#10742,3.);
#1910=CIRCLE('',#10745,2.);
#1911=CIRCLE('',#10746,3.);
#1912=CIRCLE('',#10749,3.);
#1913=CIRCLE('',#10750,2.);
#1914=CIRCLE('',#10752,2.);
#1915=CIRCLE('',#10753,3.);
#1916=CIRCLE('',#10756,3.03175416344814);
#1917=CIRCLE('',#10757,4.);
#1918=CIRCLE('',#10759,2.);
#1919=CIRCLE('',#10761,6.);
#1920=CIRCLE('',#10763,2.);
#1921=CIRCLE('',#10765,4.);
#1922=CIRCLE('',#10768,1.6);
#1923=CIRCLE('',#10769,4.);
#1924=CIRCLE('',#10770,3.);
#1925=CIRCLE('',#10771,3.);
#1926=CIRCLE('',#10772,3.);
#1927=CIRCLE('',#10773,5.);
#1928=CIRCLE('',#10774,3.);
#1929=CIRCLE('',#10775,3.99999999999999);
#1930=CIRCLE('',#10776,10.);
#1931=CIRCLE('',#10777,3.);
#1932=CIRCLE('',#10778,3.);
#1933=CIRCLE('',#10779,3.);
#1934=CIRCLE('',#10780,2.);
#1935=CIRCLE('',#10781,2.6);
#1936=CIRCLE('',#10782,3.);
#1937=CIRCLE('',#10783,1.6);
#1938=CIRCLE('',#10784,1.6);
#1939=CIRCLE('',#10785,5.);
#1940=CIRCLE('',#10786,3.);
#1941=CIRCLE('',#10787,3.);
#1942=CIRCLE('',#10788,4.);
#1943=CIRCLE('',#10789,4.);
#1944=CIRCLE('',#10790,4.);
#1945=CIRCLE('',#10791,4.);
#1946=CIRCLE('',#10792,3.);
#1947=CIRCLE('',#10793,3.);
#1948=CIRCLE('',#10794,5.);
#1949=CIRCLE('',#10795,1.5);
#1950=CIRCLE('',#10796,1.5);
#1951=CIRCLE('',#10798,2.);
#1952=CIRCLE('',#10799,2.);
#1953=CIRCLE('',#10801,2.);
#1954=CIRCLE('',#10804,2.);
#1955=CIRCLE('',#10807,2.);
#1956=CIRCLE('',#10809,2.);
#1957=CIRCLE('',#10811,6.);
#1958=CIRCLE('',#10814,3.03175416344814);
#1959=CIRCLE('',#10815,3.99999999999999);
#1960=CIRCLE('',#10818,2.);
#1961=CIRCLE('',#10821,2.);
#1962=CIRCLE('',#10824,1.99999999999999);
#1963=CIRCLE('',#10825,1.99999999999999);
#1964=CIRCLE('',#10828,2.);
#1965=CIRCLE('',#10831,2.);
#1966=CIRCLE('',#10834,1.);
#1967=CIRCLE('',#10836,3.6);
#1968=CIRCLE('',#10838,2.);
#1969=CIRCLE('',#10840,2.);
#1970=CIRCLE('',#10842,10.9682458365518);
#1971=CIRCLE('',#10843,10.);
#1972=CIRCLE('',#10845,2.);
#1973=CIRCLE('',#10848,2.);
#1974=CIRCLE('',#10851,2.);
#1975=CIRCLE('',#10853,10.);
#1976=CIRCLE('',#10855,2.);
#1977=CIRCLE('',#10856,12.);
#1978=CIRCLE('',#10858,2.);
#1979=CIRCLE('',#10859,3.);
#1980=CIRCLE('',#10862,3.);
#1981=CIRCLE('',#10863,4.);
#1982=CIRCLE('',#10865,2.);
#1983=CIRCLE('',#10866,3.00000000000001);
#1984=CIRCLE('',#10868,3.);
#1985=CIRCLE('',#10869,2.);
#1986=CIRCLE('',#10873,10.9682458365519);
#1987=CIRCLE('',#10874,10.);
#1988=CIRCLE('',#10877,4.);
#1989=CIRCLE('',#10879,2.);
#1990=CIRCLE('',#10882,2.);
#1991=CIRCLE('',#10883,12.);
#1992=CIRCLE('',#10884,2.);
#1993=CIRCLE('',#10885,10.);
#1994=CIRCLE('',#10887,2.);
#1995=CIRCLE('',#10888,3.);
#1996=CIRCLE('',#10891,2.);
#1997=CIRCLE('',#10892,3.);
#1998=CIRCLE('',#10894,3.);
#1999=CIRCLE('',#10895,2.);
#2000=CIRCLE('',#10897,3.);
#2001=CIRCLE('',#10898,4.);
#2002=CIRCLE('',#10901,10.9682458365519);
#2003=CIRCLE('',#10902,10.);
#2004=CIRCLE('',#10905,2.);
#2005=CIRCLE('',#10908,2.);
#2006=CIRCLE('',#10910,10.);
#2007=CIRCLE('',#10912,2.);
#2008=CIRCLE('',#10913,2.);
#2009=CIRCLE('',#10916,2.);
#2010=CIRCLE('',#10917,3.);
#2011=CIRCLE('',#10920,2.);
#2012=CIRCLE('',#10921,3.);
#2013=CIRCLE('',#10924,2.);
#2014=CIRCLE('',#10925,3.);
#2015=CIRCLE('',#10928,2.);
#2016=CIRCLE('',#10929,3.);
#2017=CIRCLE('',#10931,2.);
#2018=CIRCLE('',#10934,4.);
#2019=CIRCLE('',#10935,3.99999999999999);
#2020=CIRCLE('',#10937,2.);
#2021=CIRCLE('',#10938,2.);
#2022=CIRCLE('',#10939,3.5);
#2023=CIRCLE('',#10940,2.);
#2024=CIRCLE('',#10941,2.);
#2025=CIRCLE('',#10942,2.6);
#2026=CIRCLE('',#10943,2.);
#2027=CIRCLE('',#10944,2.);
#2028=CIRCLE('',#10945,2.);
#2029=CIRCLE('',#10946,2.);
#2030=CIRCLE('',#10947,2.);
#2031=CIRCLE('',#10948,2.6);
#2032=CIRCLE('',#10949,2.);
#2033=CIRCLE('',#10950,2.);
#2034=CIRCLE('',#10951,2.);
#2035=CIRCLE('',#10952,2.);
#2036=CIRCLE('',#10953,2.);
#2037=CIRCLE('',#10954,2.);
#2038=CIRCLE('',#10955,3.5);
#2039=CIRCLE('',#10956,2.);
#2040=CIRCLE('',#10957,2.);
#2041=CIRCLE('',#10958,2.);
#2042=CIRCLE('',#10959,2.);
#2043=CIRCLE('',#10960,2.5);
#2044=CIRCLE('',#10961,2.5);
#2045=CIRCLE('',#10962,2.5);
#2046=CIRCLE('',#10963,2.5);
#2047=CIRCLE('',#10964,1.6);
#2048=CIRCLE('',#10965,1.6);
#2049=CIRCLE('',#10966,1.6);
#2050=CIRCLE('',#10967,1.6);
#2051=CIRCLE('',#10968,3.6);
#2052=CIRCLE('',#10969,3.6);
#2053=CIRCLE('',#10970,2.);
#2054=CIRCLE('',#10971,2.6);
#2055=CIRCLE('',#10972,2.);
#2056=CIRCLE('',#10973,2.);
#2057=CIRCLE('',#10974,2.);
#2058=CIRCLE('',#10975,2.);
#2059=CIRCLE('',#10976,2.);
#2060=CIRCLE('',#10977,2.);
#2061=CIRCLE('',#10978,2.);
#2062=CIRCLE('',#10979,2.);
#2063=CIRCLE('',#10980,2.);
#2064=CIRCLE('',#10981,2.);
#2065=CIRCLE('',#10982,2.);
#2066=CIRCLE('',#10983,3.5);
#2067=CIRCLE('',#10984,2.);
#2068=CIRCLE('',#10985,2.);
#2069=CIRCLE('',#10986,2.);
#2070=CIRCLE('',#10987,2.6);
#2071=CIRCLE('',#10988,2.);
#2072=CIRCLE('',#10989,2.);
#2073=CIRCLE('',#10990,3.5);
#2074=CIRCLE('',#10991,2.);
#2075=CIRCLE('',#10992,2.);
#2076=CIRCLE('',#10994,2.);
#2077=CIRCLE('',#10997,2.);
#2078=CIRCLE('',#10998,3.);
#2079=CIRCLE('',#11001,4.);
#2080=CIRCLE('',#11002,5.);
#2081=CIRCLE('',#11005,3.);
#2082=CIRCLE('',#11006,2.);
#2083=CIRCLE('',#11009,2.);
#2084=CIRCLE('',#11012,2.);
#2085=CIRCLE('',#11014,2.00000000000001);
#2086=CIRCLE('',#11015,1.99999999999999);
#2087=CIRCLE('',#11016,2.);
#2088=CIRCLE('',#11017,2.);
#2089=CIRCLE('',#11018,12.);
#2090=CIRCLE('',#11019,12.);
#2091=CIRCLE('',#11020,2.);
#2092=CIRCLE('',#11021,3.);
#2093=CIRCLE('',#11022,3.);
#2094=CIRCLE('',#11023,2.);
#2095=CIRCLE('',#11024,12.);
#2096=CIRCLE('',#11025,12.);
#2097=CIRCLE('',#11026,2.);
#2098=CIRCLE('',#11027,3.);
#2099=CIRCLE('',#11028,2.);
#2100=CIRCLE('',#11029,3.);
#2101=CIRCLE('',#11030,5.);
#2102=CIRCLE('',#11031,3.);
#2103=CIRCLE('',#11032,3.);
#2104=CIRCLE('',#11033,3.);
#2105=CIRCLE('',#11034,3.00000000000001);
#2106=CIRCLE('',#11035,11.);
#2107=CIRCLE('',#11036,3.);
#2108=CIRCLE('',#11037,3.);
#2109=CIRCLE('',#11038,3.);
#2110=CIRCLE('',#11039,3.);
#2111=CIRCLE('',#11040,3.);
#2112=CIRCLE('',#11041,5.);
#2113=CIRCLE('',#11042,3.);
#2114=CIRCLE('',#11043,3.);
#2115=CIRCLE('',#11044,3.);
#2116=CIRCLE('',#11045,2.99999999999999);
#2117=CIRCLE('',#11046,3.);
#2118=CIRCLE('',#11047,3.);
#2119=CIRCLE('',#11048,5.);
#2120=CIRCLE('',#11049,3.);
#2121=CIRCLE('',#11050,3.);
#2122=CIRCLE('',#11051,3.);
#2123=CIRCLE('',#11052,4.);
#2124=CIRCLE('',#11053,2.);
#2125=CIRCLE('',#11054,2.);
#2126=CIRCLE('',#11055,2.);
#2127=CIRCLE('',#11056,2.);
#2128=CIRCLE('',#11057,1.6);
#2129=CIRCLE('',#11058,1.6);
#2130=CIRCLE('',#11059,4.);
#2131=CIRCLE('',#11060,11.);
#2132=CIRCLE('',#11061,3.);
#2133=CIRCLE('',#11062,3.);
#2134=CIRCLE('',#11063,3.);
#2135=CIRCLE('',#11064,2.);
#2136=CIRCLE('',#11065,2.6);
#2137=CIRCLE('',#11066,3.);
#2138=CIRCLE('',#11067,3.);
#2139=CIRCLE('',#11068,11.);
#2140=CIRCLE('',#11069,3.);
#2141=CIRCLE('',#11070,2.6);
#2142=CIRCLE('',#11071,2.);
#2143=CIRCLE('',#11072,3.);
#2144=CIRCLE('',#11073,3.);
#2145=CIRCLE('',#11074,11.);
#2146=CIRCLE('',#11075,3.);
#2147=CIRCLE('',#11076,3.);
#2148=CIRCLE('',#11077,3.);
#2149=CIRCLE('',#11078,3.);
#2150=CIRCLE('',#11079,3.);
#2151=CIRCLE('',#11080,3.);
#2152=CIRCLE('',#11081,3.);
#2153=CIRCLE('',#11083,2.);
#2154=CIRCLE('',#11086,2.);
#2155=CIRCLE('',#11089,4.);
#2156=CIRCLE('',#11093,4.);
#2157=CIRCLE('',#11095,2.);
#2158=CIRCLE('',#11097,1.);
#2159=CIRCLE('',#11099,1.);
#2160=CIRCLE('',#11101,1.);
#2161=CIRCLE('',#11102,2.);
#2162=CIRCLE('',#11104,1.);
#2163=CIRCLE('',#11107,0.999999999999999);
#2164=CIRCLE('',#11108,4.);
#2165=CIRCLE('',#11110,1.);
#2166=CIRCLE('',#11112,1.);
#2167=CIRCLE('',#11114,0.999999999999999);
#2168=CIRCLE('',#11120,2.);
#2169=CIRCLE('',#11122,2.);
#2170=CIRCLE('',#11124,2.);
#2171=CIRCLE('',#11126,2.);
#2172=CIRCLE('',#11127,2.);
#2173=CIRCLE('',#11129,2.);
#2174=CIRCLE('',#11139,2.);
#2175=CIRCLE('',#11144,2.);
#2176=CIRCLE('',#11148,2.);
#2177=CIRCLE('',#11154,10.);
#2178=CIRCLE('',#11156,2.);
#2179=CIRCLE('',#11162,2.);
#2180=CIRCLE('',#11164,4.);
#2181=CIRCLE('',#11176,2.);
#2182=CIRCLE('',#11179,2.);
#2183=CIRCLE('',#11187,1.);
#2184=CIRCLE('',#11189,3.6);
#2185=CIRCLE('',#11191,2.);
#2186=CIRCLE('',#11197,2.);
#2187=CIRCLE('',#11199,3.99999999999999);
#2188=CIRCLE('',#11206,2.);
#2189=CIRCLE('',#11208,6.);
#2190=CIRCLE('',#11213,2.);
#2191=CIRCLE('',#11216,1.);
#2192=CIRCLE('',#11223,2.);
#2193=CIRCLE('',#11231,2.);
#2194=CIRCLE('',#11236,10.);
#2195=CIRCLE('',#11238,2.);
#2196=CIRCLE('',#11241,2.);
#2197=CIRCLE('',#11248,2.);
#2198=CIRCLE('',#11271,2.);
#2199=CIRCLE('',#11274,2.);
#2200=CIRCLE('',#11275,2.);
#2201=CIRCLE('',#11277,2.);
#2202=CIRCLE('',#11279,2.);
#2203=CIRCLE('',#11281,2.);
#2204=CIRCLE('',#11283,2.);
#2205=CIRCLE('',#11286,2.00000000000001);
#2206=CIRCLE('',#11291,3.);
#2207=CIRCLE('',#11292,3.);
#2208=CIRCLE('',#11294,3.);
#2209=CIRCLE('',#11296,3.);
#2210=CIRCLE('',#11297,3.);
#2211=CIRCLE('',#11299,3.);
#2212=CIRCLE('',#11301,1.5);
#2213=CIRCLE('',#11304,1.5);
#2214=CIRCLE('',#11307,2.1);
#2215=CIRCLE('',#11308,1.6);
#2216=CIRCLE('',#11309,1.6);
#2217=CIRCLE('',#11310,2.1);
#2218=CIRCLE('',#11312,2.);
#2219=CIRCLE('',#11313,2.);
#2220=CIRCLE('',#11316,2.1);
#2221=CIRCLE('',#11317,1.6);
#2222=CIRCLE('',#11318,1.6);
#2223=CIRCLE('',#11320,2.);
#2224=CIRCLE('',#11321,2.);
#2225=CIRCLE('',#11322,2.);
#2226=CIRCLE('',#11323,2.6);
#2227=CIRCLE('',#11324,2.);
#2228=CIRCLE('',#11325,2.);
#2229=CIRCLE('',#11326,3.);
#2230=CIRCLE('',#11327,3.);
#2231=CIRCLE('',#11328,3.);
#2232=CIRCLE('',#11329,3.);
#2233=CIRCLE('',#11330,2.);
#2234=CIRCLE('',#11331,2.);
#2235=CIRCLE('',#11332,2.6);
#2236=CIRCLE('',#11333,2.);
#2237=CIRCLE('',#11334,2.);
#2238=CIRCLE('',#11335,1.99999999999999);
#2239=CIRCLE('',#11336,2.1);
#2240=CIRCLE('',#11337,2.1);
#2241=CIRCLE('',#11338,2.);
#2242=CIRCLE('',#11339,2.6);
#2243=CIRCLE('',#11340,2.);
#2244=CIRCLE('',#11341,2.);
#2245=CIRCLE('',#11342,2.);
#2246=CIRCLE('',#11343,2.);
#2247=CIRCLE('',#11344,3.5);
#2248=CIRCLE('',#11345,2.);
#2249=CIRCLE('',#11346,3.);
#2250=CIRCLE('',#11347,3.);
#2251=CIRCLE('',#11348,3.);
#2252=CIRCLE('',#11349,3.);
#2253=CIRCLE('',#11350,2.);
#2254=CIRCLE('',#11351,3.5);
#2255=CIRCLE('',#11352,2.);
#2256=CIRCLE('',#11353,2.);
#2257=CIRCLE('',#11354,2.);
#2258=CIRCLE('',#11355,2.);
#2259=CIRCLE('',#11356,2.6);
#2260=CIRCLE('',#11357,2.);
#2261=CIRCLE('',#11358,2.1);
#2262=CIRCLE('',#11359,2.);
#2263=CIRCLE('',#11360,2.);
#2264=CIRCLE('',#11361,2.);
#2265=CIRCLE('',#11362,3.5);
#2266=CIRCLE('',#11363,2.);
#2267=CIRCLE('',#11364,2.);
#2268=CIRCLE('',#11365,2.);
#2269=CIRCLE('',#11366,2.);
#2270=CIRCLE('',#11367,2.);
#2271=CIRCLE('',#11368,2.);
#2272=CIRCLE('',#11369,3.6);
#2273=CIRCLE('',#11370,3.6);
#2274=CIRCLE('',#11371,2.);
#2275=CIRCLE('',#11372,2.);
#2276=CIRCLE('',#11373,2.);
#2277=CIRCLE('',#11374,2.);
#2278=CIRCLE('',#11375,2.);
#2279=CIRCLE('',#11376,2.);
#2280=CIRCLE('',#11377,2.);
#2281=CIRCLE('',#11378,3.5);
#2282=CIRCLE('',#11379,2.);
#2283=CIRCLE('',#11380,2.);
#2284=CIRCLE('',#11383,1.6);
#2285=CIRCLE('',#11384,1.6);
#2286=CIRCLE('',#11387,1.6);
#2287=CIRCLE('',#11388,1.6);
#2288=CIRCLE('',#11391,2.5);
#2289=CIRCLE('',#11392,2.5);
#2290=CIRCLE('',#11395,2.5);
#2291=CIRCLE('',#11396,2.5);
#2292=CIRCLE('',#11399,2.5);
#2293=CIRCLE('',#11400,2.5);
#2294=CIRCLE('',#11403,2.5);
#2295=CIRCLE('',#11404,2.5);
#2296=CIRCLE('',#11407,2.);
#2297=CIRCLE('',#11409,2.);
#2298=CIRCLE('',#11411,2.);
#2299=CIRCLE('',#11412,1.);
#2300=CIRCLE('',#11413,3.);
#2301=CIRCLE('',#11415,2.);
#2302=CIRCLE('',#11416,2.);
#2303=CIRCLE('',#11417,4.);
#2304=CIRCLE('',#11419,2.);
#2305=CIRCLE('',#11421,1.99999999999998);
#2306=CIRCLE('',#11422,1.);
#2307=CIRCLE('',#11423,3.);
#2308=CIRCLE('',#11425,2.);
#2309=CIRCLE('',#11427,10.);
#2310=CIRCLE('',#11428,12.);
#2311=CIRCLE('',#11429,3.99999999999999);
#2312=CIRCLE('',#11431,2.);
#2313=CIRCLE('',#11432,2.);
#2314=CIRCLE('',#11434,2.);
#2315=CIRCLE('',#11435,5.);
#2316=CIRCLE('',#11436,3.);
#2317=CIRCLE('',#11438,2.);
#2318=CIRCLE('',#11440,2.);
#2319=CIRCLE('',#11441,5.);
#2320=CIRCLE('',#11442,3.);
#2321=CIRCLE('',#11444,2.);
#2322=CIRCLE('',#11446,2.);
#2323=CIRCLE('',#11448,2.);
#2324=CIRCLE('',#11460,1.);
#2325=CIRCLE('',#11463,1.);
#2326=CIRCLE('',#11466,1.);
#2327=CIRCLE('',#11468,4.5);
#2328=CIRCLE('',#11470,1.);
#2329=CIRCLE('',#11473,1.);
#2330=CIRCLE('',#11476,1.);
#2331=CIRCLE('',#11479,1.);
#2332=CIRCLE('',#11482,1.);
#2333=CIRCLE('',#11484,1.);
#2334=CIRCLE('',#11487,1.);
#2335=CIRCLE('',#11490,1.);
#2336=CIRCLE('',#11492,4.5);
#2337=CIRCLE('',#11494,1.);
#2338=CIRCLE('',#11497,1.);
#2339=CIRCLE('',#11500,1.);
#2340=CIRCLE('',#11503,1.);
#2341=CIRCLE('',#11506,1.);
#2342=CIRCLE('',#11508,3.6);
#2343=CIRCLE('',#11510,1.);
#2344=CIRCLE('',#11513,1.);
#2345=CIRCLE('',#11515,4.5);
#2346=CIRCLE('',#11517,1.);
#2347=CIRCLE('',#11520,1.);
#2348=CIRCLE('',#11523,1.);
#2349=CIRCLE('',#11526,1.);
#2350=CIRCLE('',#11528,1.);
#2351=CIRCLE('',#11530,4.5);
#2352=CIRCLE('',#11532,1.);
#2353=CIRCLE('',#11535,1.);
#2354=CIRCLE('',#11537,3.6);
#2355=CIRCLE('',#11540,1.);
#2356=CIRCLE('',#11542,3.6);
#2357=CIRCLE('',#11544,1.);
#2358=CIRCLE('',#11547,1.);
#2359=CIRCLE('',#11550,1.);
#2360=CIRCLE('',#11552,1.);
#2361=CIRCLE('',#11554,3.6);
#2362=CIRCLE('',#11556,1.);
#2363=CIRCLE('',#11559,1.);
#2364=CIRCLE('',#11562,1.);
#2365=CIRCLE('',#11564,3.6);
#2366=CIRCLE('',#11566,1.);
#2367=CIRCLE('',#11569,1.);
#2368=CIRCLE('',#11573,1.);
#2369=CIRCLE('',#11576,1.);
#2370=CIRCLE('',#11578,1.);
#2371=CIRCLE('',#11581,1.);
#2372=CIRCLE('',#11583,4.5);
#2373=CIRCLE('',#11585,1.);
#2374=CIRCLE('',#11588,1.);
#2375=CIRCLE('',#11591,1.);
#2376=CIRCLE('',#11594,1.);
#2377=CIRCLE('',#11596,3.6);
#2378=CIRCLE('',#11599,1.);
#2379=CIRCLE('',#11602,1.);
#2380=CIRCLE('',#11604,3.6);
#2381=CIRCLE('',#11606,1.);
#2382=CIRCLE('',#11608,1.);
#2383=CIRCLE('',#11611,1.);
#2384=CIRCLE('',#11614,1.);
#2385=CIRCLE('',#11617,1.);
#2386=CIRCLE('',#11621,1.);
#2387=CIRCLE('',#11624,1.);
#2388=CIRCLE('',#11626,1.);
#2389=CIRCLE('',#11629,1.);
#2390=CIRCLE('',#11632,1.);
#2391=CIRCLE('',#11635,1.);
#2392=CIRCLE('',#11639,1.);
#2393=CIRCLE('',#11642,1.);
#2394=CIRCLE('',#11645,1.);
#2395=CIRCLE('',#11654,1.);
#2396=CIRCLE('',#11657,1.);
#2397=CIRCLE('',#11664,1.);
#2398=CIRCLE('',#11667,1.);
#2399=CIRCLE('',#11669,4.5);
#2400=CIRCLE('',#11671,1.);
#2401=CIRCLE('',#11684,1.);
#2402=CIRCLE('',#11686,3.6);
#2403=CIRCLE('',#11688,1.);
#2404=CIRCLE('',#11695,1.);
#2405=CIRCLE('',#11698,1.);
#2406=CIRCLE('',#11700,4.5);
#2407=CIRCLE('',#11704,1.);
#2408=CIRCLE('',#11711,1.);
#2409=CIRCLE('',#11722,1.);
#2410=CIRCLE('',#11725,1.);
#2411=CIRCLE('',#11728,1.);
#2412=CIRCLE('',#11730,4.5);
#2413=CIRCLE('',#11738,1.);
#2414=CIRCLE('',#11748,1.);
#2415=CIRCLE('',#11751,1.);
#2416=CIRCLE('',#11789,2.);
#2417=CIRCLE('',#11790,2.);
#2418=CIRCLE('',#11791,2.);
#2419=CIRCLE('',#11792,2.);
#2420=LINE('',#15091,#3342);
#2421=LINE('',#15095,#3343);
#2422=LINE('',#15099,#3344);
#2423=LINE('',#15101,#3345);
#2424=LINE('',#15102,#3346);
#2425=LINE('',#15106,#3347);
#2426=LINE('',#15112,#3348);
#2427=LINE('',#15116,#3349);
#2428=LINE('',#15119,#3350);
#2429=LINE('',#15120,#3351);
#2430=LINE('',#15124,#3352);
#2431=LINE('',#15126,#3353);
#2432=LINE('',#15128,#3354);
#2433=LINE('',#15129,#3355);
#2434=LINE('',#15192,#3356);
#2435=LINE('',#15196,#3357);
#2436=LINE('',#15206,#3358);
#2437=LINE('',#15217,#3359);
#2438=LINE('',#15220,#3360);
#2439=LINE('',#15222,#3361);
#2440=LINE('',#15223,#3362);
#2441=LINE('',#15226,#3363);
#2442=LINE('',#15230,#3364);
#2443=LINE('',#15231,#3365);
#2444=LINE('',#15235,#3366);
#2445=LINE('',#15239,#3367);
#2446=LINE('',#15243,#3368);
#2447=LINE('',#15245,#3369);
#2448=LINE('',#15246,#3370);
#2449=LINE('',#15250,#3371);
#2450=LINE('',#15256,#3372);
#2451=LINE('',#15260,#3373);
#2452=LINE('',#15263,#3374);
#2453=LINE('',#15264,#3375);
#2454=LINE('',#15268,#3376);
#2455=LINE('',#15270,#3377);
#2456=LINE('',#15272,#3378);
#2457=LINE('',#15273,#3379);
#2458=LINE('',#15336,#3380);
#2459=LINE('',#15346,#3381);
#2460=LINE('',#15356,#3382);
#2461=LINE('',#15359,#3383);
#2462=LINE('',#15362,#3384);
#2463=LINE('',#15364,#3385);
#2464=LINE('',#15365,#3386);
#2465=LINE('',#15368,#3387);
#2466=LINE('',#15372,#3388);
#2467=LINE('',#15373,#3389);
#2468=LINE('',#15377,#3390);
#2469=LINE('',#15379,#3391);
#2470=LINE('',#15381,#3392);
#2471=LINE('',#15382,#3393);
#2472=LINE('',#15386,#3394);
#2473=LINE('',#15392,#3395);
#2474=LINE('',#15396,#3396);
#2475=LINE('',#15401,#3397);
#2476=LINE('',#15402,#3398);
#2477=LINE('',#15403,#3399);
#2478=LINE('',#15410,#3400);
#2479=LINE('',#15412,#3401);
#2480=LINE('',#15414,#3402);
#2481=LINE('',#15415,#3403);
#2482=LINE('',#15478,#3404);
#2483=LINE('',#15482,#3405);
#2484=LINE('',#15485,#3406);
#2485=LINE('',#15488,#3407);
#2486=LINE('',#15490,#3408);
#2487=LINE('',#15491,#3409);
#2488=LINE('',#15494,#3410);
#2489=LINE('',#15498,#3411);
#2490=LINE('',#15499,#3412);
#2491=LINE('',#15502,#3413);
#2492=LINE('',#15506,#3414);
#2493=LINE('',#15511,#3415);
#2494=LINE('',#15518,#3416);
#2495=LINE('',#15523,#3417);
#2496=LINE('',#15524,#3418);
#2497=LINE('',#15525,#3419);
#2498=LINE('',#15530,#3420);
#2499=LINE('',#15535,#3421);
#2500=LINE('',#15536,#3422);
#2501=LINE('',#15537,#3423);
#2502=LINE('',#15542,#3424);
#2503=LINE('',#15547,#3425);
#2504=LINE('',#15548,#3426);
#2505=LINE('',#15549,#3427);
#2506=LINE('',#15553,#3428);
#2507=LINE('',#15593,#3429);
#2508=LINE('',#15633,#3430);
#2509=LINE('',#15635,#3431);
#2510=LINE('',#15636,#3432);
#2511=LINE('',#15639,#3433);
#2512=LINE('',#15643,#3434);
#2513=LINE('',#15644,#3435);
#2514=LINE('',#15647,#3436);
#2515=LINE('',#15651,#3437);
#2516=LINE('',#15656,#3438);
#2517=LINE('',#15660,#3439);
#2518=LINE('',#15666,#3440);
#2519=LINE('',#15671,#3441);
#2520=LINE('',#15672,#3442);
#2521=LINE('',#15673,#3443);
#2522=LINE('',#15678,#3444);
#2523=LINE('',#15683,#3445);
#2524=LINE('',#15684,#3446);
#2525=LINE('',#15685,#3447);
#2526=LINE('',#15689,#3448);
#2527=LINE('',#15695,#3449);
#2528=LINE('',#15701,#3450);
#2529=LINE('',#15703,#3451);
#2530=LINE('',#15705,#3452);
#2531=LINE('',#15706,#3453);
#2532=LINE('',#15710,#3454);
#2533=LINE('',#15775,#3455);
#2534=LINE('',#15778,#3456);
#2535=LINE('',#15781,#3457);
#2536=LINE('',#15785,#3458);
#2537=LINE('',#15789,#3459);
#2538=LINE('',#15793,#3460);
#2539=LINE('',#15794,#3461);
#2540=LINE('',#15798,#3462);
#2541=LINE('',#15800,#3463);
#2542=LINE('',#15803,#3464);
#2543=LINE('',#15807,#3465);
#2544=LINE('',#15811,#3466);
#2545=LINE('',#15821,#3467);
#2546=LINE('',#15823,#3468);
#2547=LINE('',#15829,#3469);
#2548=LINE('',#15833,#3470);
#2549=LINE('',#15837,#3471);
#2550=LINE('',#15847,#3472);
#2551=LINE('',#15856,#3473);
#2552=LINE('',#15860,#3474);
#2553=LINE('',#15864,#3475);
#2554=LINE('',#15868,#3476);
#2555=LINE('',#15873,#3477);
#2556=LINE('',#15877,#3478);
#2557=LINE('',#15881,#3479);
#2558=LINE('',#15885,#3480);
#2559=LINE('',#15893,#3481);
#2560=LINE('',#15902,#3482);
#2561=LINE('',#15906,#3483);
#2562=LINE('',#15914,#3484);
#2563=LINE('',#15917,#3485);
#2564=LINE('',#15920,#3486);
#2565=LINE('',#15921,#3487);
#2566=LINE('',#15924,#3488);
#2567=LINE('',#15928,#3489);
#2568=LINE('',#15929,#3490);
#2569=LINE('',#15932,#3491);
#2570=LINE('',#15936,#3492);
#2571=LINE('',#15938,#3493);
#2572=LINE('',#15944,#3494);
#2573=LINE('',#15946,#3495);
#2574=LINE('',#15947,#3496);
#2575=LINE('',#15952,#3497);
#2576=LINE('',#16011,#3498);
#2577=LINE('',#16013,#3499);
#2578=LINE('',#16014,#3500);
#2579=LINE('',#16017,#3501);
#2580=LINE('',#16021,#3502);
#2581=LINE('',#16022,#3503);
#2582=LINE('',#16025,#3504);
#2583=LINE('',#16029,#3505);
#2584=LINE('',#16030,#3506);
#2585=LINE('',#16037,#3507);
#2586=LINE('',#16039,#3508);
#2587=LINE('',#16040,#3509);
#2588=LINE('',#16044,#3510);
#2589=LINE('',#16047,#3511);
#2590=LINE('',#16048,#3512);
#2591=LINE('',#16052,#3513);
#2592=LINE('',#16055,#3514);
#2593=LINE('',#16056,#3515);
#2594=LINE('',#16060,#3516);
#2595=LINE('',#16063,#3517);
#2596=LINE('',#16067,#3518);
#2597=LINE('',#16071,#3519);
#2598=LINE('',#16094,#3520);
#2599=LINE('',#16103,#3521);
#2600=LINE('',#16107,#3522);
#2601=LINE('',#16165,#3523);
#2602=LINE('',#16168,#3524);
#2603=LINE('',#16171,#3525);
#2604=LINE('',#16172,#3526);
#2605=LINE('',#16175,#3527);
#2606=LINE('',#16179,#3528);
#2607=LINE('',#16180,#3529);
#2608=LINE('',#16183,#3530);
#2609=LINE('',#16187,#3531);
#2610=LINE('',#16196,#3532);
#2611=LINE('',#16200,#3533);
#2612=LINE('',#16204,#3534);
#2613=LINE('',#16206,#3535);
#2614=LINE('',#16207,#3536);
#2615=LINE('',#16212,#3537);
#2616=LINE('',#16217,#3538);
#2617=LINE('',#16223,#3539);
#2618=LINE('',#16227,#3540);
#2619=LINE('',#16230,#3541);
#2620=LINE('',#16231,#3542);
#2621=LINE('',#16235,#3543);
#2622=LINE('',#16237,#3544);
#2623=LINE('',#16239,#3545);
#2624=LINE('',#16240,#3546);
#2625=LINE('',#16245,#3547);
#2626=LINE('',#16309,#3548);
#2627=LINE('',#16311,#3549);
#2628=LINE('',#16312,#3550);
#2629=LINE('',#16315,#3551);
#2630=LINE('',#16319,#3552);
#2631=LINE('',#16323,#3553);
#2632=LINE('',#16324,#3554);
#2633=LINE('',#16336,#3555);
#2634=LINE('',#16340,#3556);
#2635=LINE('',#16344,#3557);
#2636=LINE('',#16346,#3558);
#2637=LINE('',#16347,#3559);
#2638=LINE('',#16351,#3560);
#2639=LINE('',#16357,#3561);
#2640=LINE('',#16361,#3562);
#2641=LINE('',#16367,#3563);
#2642=LINE('',#16370,#3564);
#2643=LINE('',#16371,#3565);
#2644=LINE('',#16375,#3566);
#2645=LINE('',#16379,#3567);
#2646=LINE('',#16383,#3568);
#2647=LINE('',#16385,#3569);
#2648=LINE('',#16386,#3570);
#2649=LINE('',#16449,#3571);
#2650=LINE('',#16452,#3572);
#2651=LINE('',#16455,#3573);
#2652=LINE('',#16456,#3574);
#2653=LINE('',#16459,#3575);
#2654=LINE('',#16463,#3576);
#2655=LINE('',#16469,#3577);
#2656=LINE('',#16472,#3578);
#2657=LINE('',#16476,#3579);
#2658=LINE('',#16478,#3580);
#2659=LINE('',#16480,#3581);
#2660=LINE('',#16481,#3582);
#2661=LINE('',#16485,#3583);
#2662=LINE('',#16491,#3584);
#2663=LINE('',#16492,#3585);
#2664=LINE('',#16494,#3586);
#2665=LINE('',#16496,#3587);
#2666=LINE('',#16497,#3588);
#2667=LINE('',#16501,#3589);
#2668=LINE('',#16507,#3590);
#2669=LINE('',#16508,#3591);
#2670=LINE('',#16509,#3592);
#2671=LINE('',#16513,#3593);
#2672=LINE('',#16519,#3594);
#2673=LINE('',#16520,#3595);
#2674=LINE('',#16521,#3596);
#2675=LINE('',#16527,#3597);
#2676=LINE('',#16530,#3598);
#2677=LINE('',#16533,#3599);
#2678=LINE('',#16552,#3600);
#2679=LINE('',#16554,#3601);
#2680=LINE('',#16556,#3602);
#2681=LINE('',#16567,#3603);
#2682=LINE('',#16571,#3604);
#2683=LINE('',#16575,#3605);
#2684=LINE('',#16579,#3606);
#2685=LINE('',#16583,#3607);
#2686=LINE('',#16596,#3608);
#2687=LINE('',#16598,#3609);
#2688=LINE('',#16600,#3610);
#2689=LINE('',#16619,#3611);
#2690=LINE('',#16623,#3612);
#2691=LINE('',#16631,#3613);
#2692=LINE('',#16639,#3614);
#2693=LINE('',#16643,#3615);
#2694=LINE('',#16647,#3616);
#2695=LINE('',#16651,#3617);
#2696=LINE('',#16661,#3618);
#2697=LINE('',#16665,#3619);
#2698=LINE('',#16669,#3620);
#2699=LINE('',#16672,#3621);
#2700=LINE('',#16675,#3622);
#2701=LINE('',#16683,#3623);
#2702=LINE('',#16687,#3624);
#2703=LINE('',#16691,#3625);
#2704=LINE('',#16711,#3626);
#2705=LINE('',#16713,#3627);
#2706=LINE('',#16719,#3628);
#2707=LINE('',#16720,#3629);
#2708=LINE('',#16723,#3630);
#2709=LINE('',#16731,#3631);
#2710=LINE('',#16735,#3632);
#2711=LINE('',#16739,#3633);
#2712=LINE('',#16743,#3634);
#2713=LINE('',#16747,#3635);
#2714=LINE('',#16751,#3636);
#2715=LINE('',#16755,#3637);
#2716=LINE('',#16759,#3638);
#2717=LINE('',#16763,#3639);
#2718=LINE('',#16767,#3640);
#2719=LINE('',#16777,#3641);
#2720=LINE('',#16785,#3642);
#2721=LINE('',#16793,#3643);
#2722=LINE('',#16796,#3644);
#2723=LINE('',#16799,#3645);
#2724=LINE('',#16803,#3646);
#2725=LINE('',#16804,#3647);
#2726=LINE('',#16807,#3648);
#2727=LINE('',#16811,#3649);
#2728=LINE('',#16815,#3650);
#2729=LINE('',#16816,#3651);
#2730=LINE('',#16820,#3652);
#2731=LINE('',#16826,#3653);
#2732=LINE('',#16827,#3654);
#2733=LINE('',#16828,#3655);
#2734=LINE('',#16833,#3656);
#2735=LINE('',#16836,#3657);
#2736=LINE('',#16837,#3658);
#2737=LINE('',#16840,#3659);
#2738=LINE('',#16843,#3660);
#2739=LINE('',#16846,#3661);
#2740=LINE('',#16847,#3662);
#2741=LINE('',#16855,#3663);
#2742=LINE('',#16859,#3664);
#2743=LINE('',#16863,#3665);
#2744=LINE('',#16867,#3666);
#2745=LINE('',#16871,#3667);
#2746=LINE('',#16875,#3668);
#2747=LINE('',#16879,#3669);
#2748=LINE('',#16883,#3670);
#2749=LINE('',#16887,#3671);
#2750=LINE('',#16891,#3672);
#2751=LINE('',#16895,#3673);
#2752=LINE('',#16898,#3674);
#2753=LINE('',#16902,#3675);
#2754=LINE('',#16906,#3676);
#2755=LINE('',#16912,#3677);
#2756=LINE('',#16916,#3678);
#2757=LINE('',#16919,#3679);
#2758=LINE('',#16924,#3680);
#2759=LINE('',#16930,#3681);
#2760=LINE('',#16935,#3682);
#2761=LINE('',#16938,#3683);
#2762=LINE('',#16942,#3684);
#2763=LINE('',#16946,#3685);
#2764=LINE('',#16956,#3686);
#2765=LINE('',#16960,#3687);
#2766=LINE('',#16964,#3688);
#2767=LINE('',#16968,#3689);
#2768=LINE('',#16972,#3690);
#2769=LINE('',#16982,#3691);
#2770=LINE('',#16990,#3692);
#2771=LINE('',#16993,#3693);
#2772=LINE('',#16998,#3694);
#2773=LINE('',#17001,#3695);
#2774=LINE('',#17014,#3696);
#2775=LINE('',#17018,#3697);
#2776=LINE('',#17022,#3698);
#2777=LINE('',#17040,#3699);
#2778=LINE('',#17044,#3700);
#2779=LINE('',#17047,#3701);
#2780=LINE('',#17052,#3702);
#2781=LINE('',#17058,#3703);
#2782=LINE('',#17062,#3704);
#2783=LINE('',#17066,#3705);
#2784=LINE('',#17070,#3706);
#2785=LINE('',#17074,#3707);
#2786=LINE('',#17078,#3708);
#2787=LINE('',#17080,#3709);
#2788=LINE('',#17083,#3710);
#2789=LINE('',#17084,#3711);
#2790=LINE('',#17087,#3712);
#2791=LINE('',#17091,#3713);
#2792=LINE('',#17092,#3714);
#2793=LINE('',#17094,#3715);
#2794=LINE('',#17102,#3716);
#2795=LINE('',#17105,#3717);
#2796=LINE('',#17124,#3718);
#2797=LINE('',#17131,#3719);
#2798=LINE('',#17152,#3720);
#2799=LINE('',#17159,#3721);
#2800=LINE('',#17167,#3722);
#2801=LINE('',#17177,#3723);
#2802=LINE('',#17179,#3724);
#2803=LINE('',#17180,#3725);
#2804=LINE('',#17183,#3726);
#2805=LINE('',#17184,#3727);
#2806=LINE('',#17189,#3728);
#2807=LINE('',#17191,#3729);
#2808=LINE('',#17192,#3730);
#2809=LINE('',#17194,#3731);
#2810=LINE('',#17197,#3732);
#2811=LINE('',#17199,#3733);
#2812=LINE('',#17201,#3734);
#2813=LINE('',#17205,#3735);
#2814=LINE('',#17207,#3736);
#2815=LINE('',#17209,#3737);
#2816=LINE('',#17211,#3738);
#2817=LINE('',#17214,#3739);
#2818=LINE('',#17216,#3740);
#2819=LINE('',#17218,#3741);
#2820=LINE('',#17220,#3742);
#2821=LINE('',#17223,#3743);
#2822=LINE('',#17228,#3744);
#2823=LINE('',#17230,#3745);
#2824=LINE('',#17232,#3746);
#2825=LINE('',#17234,#3747);
#2826=LINE('',#17235,#3748);
#2827=LINE('',#17238,#3749);
#2828=LINE('',#17239,#3750);
#2829=LINE('',#17243,#3751);
#2830=LINE('',#17246,#3752);
#2831=LINE('',#17249,#3753);
#2832=LINE('',#17250,#3754);
#2833=LINE('',#17252,#3755);
#2834=LINE('',#17254,#3756);
#2835=LINE('',#17257,#3757);
#2836=LINE('',#17258,#3758);
#2837=LINE('',#17260,#3759);
#2838=LINE('',#17263,#3760);
#2839=LINE('',#17264,#3761);
#2840=LINE('',#17266,#3762);
#2841=LINE('',#17268,#3763);
#2842=LINE('',#17271,#3764);
#2843=LINE('',#17275,#3765);
#2844=LINE('',#17276,#3766);
#2845=LINE('',#17280,#3767);
#2846=LINE('',#17281,#3768);
#2847=LINE('',#17283,#3769);
#2848=LINE('',#17285,#3770);
#2849=LINE('',#17287,#3771);
#2850=LINE('',#17289,#3772);
#2851=LINE('',#17292,#3773);
#2852=LINE('',#17293,#3774);
#2853=LINE('',#17296,#3775);
#2854=LINE('',#17300,#3776);
#2855=LINE('',#17303,#3777);
#2856=LINE('',#17307,#3778);
#2857=LINE('',#17308,#3779);
#2858=LINE('',#17310,#3780);
#2859=LINE('',#17314,#3781);
#2860=LINE('',#17317,#3782);
#2861=LINE('',#17319,#3783);
#2862=LINE('',#17322,#3784);
#2863=LINE('',#17324,#3785);
#2864=LINE('',#17326,#3786);
#2865=LINE('',#17328,#3787);
#2866=LINE('',#17330,#3788);
#2867=LINE('',#17333,#3789);
#2868=LINE('',#17338,#3790);
#2869=LINE('',#17340,#3791);
#2870=LINE('',#17342,#3792);
#2871=LINE('',#17345,#3793);
#2872=LINE('',#17347,#3794);
#2873=LINE('',#17350,#3795);
#2874=LINE('',#17351,#3796);
#2875=LINE('',#17353,#3797);
#2876=LINE('',#17356,#3798);
#2877=LINE('',#17358,#3799);
#2878=LINE('',#17361,#3800);
#2879=LINE('',#17364,#3801);
#2880=LINE('',#17366,#3802);
#2881=LINE('',#17367,#3803);
#2882=LINE('',#17370,#3804);
#2883=LINE('',#17373,#3805);
#2884=LINE('',#17374,#3806);
#2885=LINE('',#17376,#3807);
#2886=LINE('',#17378,#3808);
#2887=LINE('',#17380,#3809);
#2888=LINE('',#17382,#3810);
#2889=LINE('',#17384,#3811);
#2890=LINE('',#17388,#3812);
#2891=LINE('',#17390,#3813);
#2892=LINE('',#17392,#3814);
#2893=LINE('',#17397,#3815);
#2894=LINE('',#17405,#3816);
#2895=LINE('',#17408,#3817);
#2896=LINE('',#17409,#3818);
#2897=LINE('',#17412,#3819);
#2898=LINE('',#17414,#3820);
#2899=LINE('',#17416,#3821);
#2900=LINE('',#17418,#3822);
#2901=LINE('',#17420,#3823);
#2902=LINE('',#17422,#3824);
#2903=LINE('',#17426,#3825);
#2904=LINE('',#17428,#3826);
#2905=LINE('',#17430,#3827);
#2906=LINE('',#17432,#3828);
#2907=LINE('',#17434,#3829);
#2908=LINE('',#17437,#3830);
#2909=LINE('',#17439,#3831);
#2910=LINE('',#17442,#3832);
#2911=LINE('',#17443,#3833);
#2912=LINE('',#17474,#3834);
#2913=LINE('',#17499,#3835);
#2914=LINE('',#17501,#3836);
#2915=LINE('',#17502,#3837);
#2916=LINE('',#17507,#3838);
#2917=LINE('',#17514,#3839);
#2918=LINE('',#17520,#3840);
#2919=LINE('',#17522,#3841);
#2920=LINE('',#17527,#3842);
#2921=LINE('',#17529,#3843);
#2922=LINE('',#17532,#3844);
#2923=LINE('',#17538,#3845);
#2924=LINE('',#17542,#3846);
#2925=LINE('',#17548,#3847);
#2926=LINE('',#17554,#3848);
#2927=LINE('',#17559,#3849);
#2928=LINE('',#17584,#3850);
#2929=LINE('',#17591,#3851);
#2930=LINE('',#17593,#3852);
#2931=LINE('',#17595,#3853);
#2932=LINE('',#17597,#3854);
#2933=LINE('',#17599,#3855);
#2934=LINE('',#17601,#3856);
#2935=LINE('',#17603,#3857);
#2936=LINE('',#17624,#3858);
#2937=LINE('',#17628,#3859);
#2938=LINE('',#17631,#3860);
#2939=LINE('',#17633,#3861);
#2940=LINE('',#17638,#3862);
#2941=LINE('',#17646,#3863);
#2942=LINE('',#17650,#3864);
#2943=LINE('',#17658,#3865);
#2944=LINE('',#17662,#3866);
#2945=LINE('',#17664,#3867);
#2946=LINE('',#17669,#3868);
#2947=LINE('',#17674,#3869);
#2948=LINE('',#17676,#3870);
#2949=LINE('',#17680,#3871);
#2950=LINE('',#17688,#3872);
#2951=LINE('',#17692,#3873);
#2952=LINE('',#17704,#3874);
#2953=LINE('',#17708,#3875);
#2954=LINE('',#17712,#3876);
#2955=LINE('',#17731,#3877);
#2956=LINE('',#17735,#3878);
#2957=LINE('',#17739,#3879);
#2958=LINE('',#17751,#3880);
#2959=LINE('',#17755,#3881);
#2960=LINE('',#17763,#3882);
#2961=LINE('',#17766,#3883);
#2962=LINE('',#17771,#3884);
#2963=LINE('',#17775,#3885);
#2964=LINE('',#17779,#3886);
#2965=LINE('',#17782,#3887);
#2966=LINE('',#17787,#3888);
#2967=LINE('',#17788,#3889);
#2968=LINE('',#17791,#3890);
#2969=LINE('',#17794,#3891);
#2970=LINE('',#17799,#3892);
#2971=LINE('',#17803,#3893);
#2972=LINE('',#17807,#3894);
#2973=LINE('',#17810,#3895);
#2974=LINE('',#17815,#3896);
#2975=LINE('',#17819,#3897);
#2976=LINE('',#17827,#3898);
#2977=LINE('',#17830,#3899);
#2978=LINE('',#17832,#3900);
#2979=LINE('',#17835,#3901);
#2980=LINE('',#17840,#3902);
#2981=LINE('',#17843,#3903);
#2982=LINE('',#17848,#3904);
#2983=LINE('',#17851,#3905);
#2984=LINE('',#17856,#3906);
#2985=LINE('',#17859,#3907);
#2986=LINE('',#17864,#3908);
#2987=LINE('',#17867,#3909);
#2988=LINE('',#17872,#3910);
#2989=LINE('',#17875,#3911);
#2990=LINE('',#17880,#3912);
#2991=LINE('',#17883,#3913);
#2992=LINE('',#17886,#3914);
#2993=LINE('',#17891,#3915);
#2994=LINE('',#17892,#3916);
#2995=LINE('',#17901,#3917);
#2996=LINE('',#17902,#3918);
#2997=LINE('',#17918,#3919);
#2998=LINE('',#17919,#3920);
#2999=LINE('',#17930,#3921);
#3000=LINE('',#17931,#3922);
#3001=LINE('',#17949,#3923);
#3002=LINE('',#17952,#3924);
#3003=LINE('',#17963,#3925);
#3004=LINE('',#17964,#3926);
#3005=LINE('',#17974,#3927);
#3006=LINE('',#17975,#3928);
#3007=LINE('',#17981,#3929);
#3008=LINE('',#17982,#3930);
#3009=LINE('',#17983,#3931);
#3010=LINE('',#17985,#3932);
#3011=LINE('',#17987,#3933);
#3012=LINE('',#17989,#3934);
#3013=LINE('',#17991,#3935);
#3014=LINE('',#17993,#3936);
#3015=LINE('',#17995,#3937);
#3016=LINE('',#17997,#3938);
#3017=LINE('',#17999,#3939);
#3018=LINE('',#18001,#3940);
#3019=LINE('',#18004,#3941);
#3020=LINE('',#18007,#3942);
#3021=LINE('',#18010,#3943);
#3022=LINE('',#18011,#3944);
#3023=LINE('',#18014,#3945);
#3024=LINE('',#18018,#3946);
#3025=LINE('',#18019,#3947);
#3026=LINE('',#18022,#3948);
#3027=LINE('',#18026,#3949);
#3028=LINE('',#18030,#3950);
#3029=LINE('',#18034,#3951);
#3030=LINE('',#18035,#3952);
#3031=LINE('',#18038,#3953);
#3032=LINE('',#18041,#3954);
#3033=LINE('',#18044,#3955);
#3034=LINE('',#18047,#3956);
#3035=LINE('',#18050,#3957);
#3036=LINE('',#18051,#3958);
#3037=LINE('',#18054,#3959);
#3038=LINE('',#18058,#3960);
#3039=LINE('',#18059,#3961);
#3040=LINE('',#18062,#3962);
#3041=LINE('',#18066,#3963);
#3042=LINE('',#18069,#3964);
#3043=LINE('',#18072,#3965);
#3044=LINE('',#18073,#3966);
#3045=LINE('',#18076,#3967);
#3046=LINE('',#18080,#3968);
#3047=LINE('',#18081,#3969);
#3048=LINE('',#18084,#3970);
#3049=LINE('',#18088,#3971);
#3050=LINE('',#18092,#3972);
#3051=LINE('',#18096,#3973);
#3052=LINE('',#18097,#3974);
#3053=LINE('',#18100,#3975);
#3054=LINE('',#18103,#3976);
#3055=LINE('',#18106,#3977);
#3056=LINE('',#18109,#3978);
#3057=LINE('',#18112,#3979);
#3058=LINE('',#18113,#3980);
#3059=LINE('',#18116,#3981);
#3060=LINE('',#18120,#3982);
#3061=LINE('',#18121,#3983);
#3062=LINE('',#18124,#3984);
#3063=LINE('',#18128,#3985);
#3064=LINE('',#18130,#3986);
#3065=LINE('',#18135,#3987);
#3066=LINE('',#18138,#3988);
#3067=LINE('',#18139,#3989);
#3068=LINE('',#18143,#3990);
#3069=LINE('',#18146,#3991);
#3070=LINE('',#18151,#3992);
#3071=LINE('',#18154,#3993);
#3072=LINE('',#18155,#3994);
#3073=LINE('',#18159,#3995);
#3074=LINE('',#18162,#3996);
#3075=LINE('',#18163,#3997);
#3076=LINE('',#18167,#3998);
#3077=LINE('',#18170,#3999);
#3078=LINE('',#18171,#4000);
#3079=LINE('',#18176,#4001);
#3080=LINE('',#18179,#4002);
#3081=LINE('',#18182,#4003);
#3082=LINE('',#18186,#4004);
#3083=LINE('',#18190,#4005);
#3084=LINE('',#18191,#4006);
#3085=LINE('',#18194,#4007);
#3086=LINE('',#18198,#4008);
#3087=LINE('',#18202,#4009);
#3088=LINE('',#18204,#4010);
#3089=LINE('',#18205,#4011);
#3090=LINE('',#18209,#4012);
#3091=LINE('',#18212,#4013);
#3092=LINE('',#18217,#4014);
#3093=LINE('',#18220,#4015);
#3094=LINE('',#18221,#4016);
#3095=LINE('',#18225,#4017);
#3096=LINE('',#18228,#4018);
#3097=LINE('',#18229,#4019);
#3098=LINE('',#18234,#4020);
#3099=LINE('',#18237,#4021);
#3100=LINE('',#18240,#4022);
#3101=LINE('',#18244,#4023);
#3102=LINE('',#18248,#4024);
#3103=LINE('',#18249,#4025);
#3104=LINE('',#18252,#4026);
#3105=LINE('',#18255,#4027);
#3106=LINE('',#18258,#4028);
#3107=LINE('',#18259,#4029);
#3108=LINE('',#18262,#4030);
#3109=LINE('',#18266,#4031);
#3110=LINE('',#18270,#4032);
#3111=LINE('',#18274,#4033);
#3112=LINE('',#18275,#4034);
#3113=LINE('',#18278,#4035);
#3114=LINE('',#18281,#4036);
#3115=LINE('',#18284,#4037);
#3116=LINE('',#18286,#4038);
#3117=LINE('',#18287,#4039);
#3118=LINE('',#18290,#4040);
#3119=LINE('',#18294,#4041);
#3120=LINE('',#18295,#4042);
#3121=LINE('',#18298,#4043);
#3122=LINE('',#18302,#4044);
#3123=LINE('',#18305,#4045);
#3124=LINE('',#18308,#4046);
#3125=LINE('',#18309,#4047);
#3126=LINE('',#18312,#4048);
#3127=LINE('',#18316,#4049);
#3128=LINE('',#18320,#4050);
#3129=LINE('',#18324,#4051);
#3130=LINE('',#18325,#4052);
#3131=LINE('',#18328,#4053);
#3132=LINE('',#18332,#4054);
#3133=LINE('',#18333,#4055);
#3134=LINE('',#18336,#4056);
#3135=LINE('',#18340,#4057);
#3136=LINE('',#18341,#4058);
#3137=LINE('',#18344,#4059);
#3138=LINE('',#18350,#4060);
#3139=LINE('',#18352,#4061);
#3140=LINE('',#18353,#4062);
#3141=LINE('',#18356,#4063);
#3142=LINE('',#18360,#4064);
#3143=LINE('',#18361,#4065);
#3144=LINE('',#18364,#4066);
#3145=LINE('',#18368,#4067);
#3146=LINE('',#18372,#4068);
#3147=LINE('',#18376,#4069);
#3148=LINE('',#18379,#4070);
#3149=LINE('',#18382,#4071);
#3150=LINE('',#18383,#4072);
#3151=LINE('',#18386,#4073);
#3152=LINE('',#18390,#4074);
#3153=LINE('',#18391,#4075);
#3154=LINE('',#18394,#4076);
#3155=LINE('',#18398,#4077);
#3156=LINE('',#18399,#4078);
#3157=LINE('',#18402,#4079);
#3158=LINE('',#18405,#4080);
#3159=LINE('',#18408,#4081);
#3160=LINE('',#18410,#4082);
#3161=LINE('',#18411,#4083);
#3162=LINE('',#18414,#4084);
#3163=LINE('',#18418,#4085);
#3164=LINE('',#18419,#4086);
#3165=LINE('',#18422,#4087);
#3166=LINE('',#18426,#4088);
#3167=LINE('',#18429,#4089);
#3168=LINE('',#18432,#4090);
#3169=LINE('',#18433,#4091);
#3170=LINE('',#18436,#4092);
#3171=LINE('',#18440,#4093);
#3172=LINE('',#18441,#4094);
#3173=LINE('',#18444,#4095);
#3174=LINE('',#18448,#4096);
#3175=LINE('',#18449,#4097);
#3176=LINE('',#18452,#4098);
#3177=LINE('',#18455,#4099);
#3178=LINE('',#18458,#4100);
#3179=LINE('',#18460,#4101);
#3180=LINE('',#18461,#4102);
#3181=LINE('',#18464,#4103);
#3182=LINE('',#18468,#4104);
#3183=LINE('',#18469,#4105);
#3184=LINE('',#18472,#4106);
#3185=LINE('',#18476,#4107);
#3186=LINE('',#18478,#4108);
#3187=LINE('',#18479,#4109);
#3188=LINE('',#18483,#4110);
#3189=LINE('',#18485,#4111);
#3190=LINE('',#18486,#4112);
#3191=LINE('',#18488,#4113);
#3192=LINE('',#18490,#4114);
#3193=LINE('',#18492,#4115);
#3194=LINE('',#18494,#4116);
#3195=LINE('',#18496,#4117);
#3196=LINE('',#18498,#4118);
#3197=LINE('',#18502,#4119);
#3198=LINE('',#18505,#4120);
#3199=LINE('',#18506,#4121);
#3200=LINE('',#18510,#4122);
#3201=LINE('',#18512,#4123);
#3202=LINE('',#18514,#4124);
#3203=LINE('',#18516,#4125);
#3204=LINE('',#18517,#4126);
#3205=LINE('',#18519,#4127);
#3206=LINE('',#18522,#4128);
#3207=LINE('',#18526,#4129);
#3208=LINE('',#18527,#4130);
#3209=LINE('',#18530,#4131);
#3210=LINE('',#18534,#4132);
#3211=LINE('',#18538,#4133);
#3212=LINE('',#18541,#4134);
#3213=LINE('',#18542,#4135);
#3214=LINE('',#18544,#4136);
#3215=LINE('',#18546,#4137);
#3216=LINE('',#18548,#4138);
#3217=LINE('',#18551,#4139);
#3218=LINE('',#18553,#4140);
#3219=LINE('',#18554,#4141);
#3220=LINE('',#18556,#4142);
#3221=LINE('',#18558,#4143);
#3222=LINE('',#18560,#4144);
#3223=LINE('',#18563,#4145);
#3224=LINE('',#18564,#4146);
#3225=LINE('',#18568,#4147);
#3226=LINE('',#18571,#4148);
#3227=LINE('',#18576,#4149);
#3228=LINE('',#18577,#4150);
#3229=LINE('',#18579,#4151);
#3230=LINE('',#18581,#4152);
#3231=LINE('',#18583,#4153);
#3232=LINE('',#18586,#4154);
#3233=LINE('',#18587,#4155);
#3234=LINE('',#18591,#4156);
#3235=LINE('',#18594,#4157);
#3236=LINE('',#18595,#4158);
#3237=LINE('',#18599,#4159);
#3238=LINE('',#18601,#4160);
#3239=LINE('',#18605,#4161);
#3240=LINE('',#18608,#4162);
#3241=LINE('',#18611,#4163);
#3242=LINE('',#18613,#4164);
#3243=LINE('',#18614,#4165);
#3244=LINE('',#18616,#4166);
#3245=LINE('',#18618,#4167);
#3246=LINE('',#18620,#4168);
#3247=LINE('',#18622,#4169);
#3248=LINE('',#18625,#4170);
#3249=LINE('',#18628,#4171);
#3250=LINE('',#18630,#4172);
#3251=LINE('',#18632,#4173);
#3252=LINE('',#18634,#4174);
#3253=LINE('',#18636,#4175);
#3254=LINE('',#18637,#4176);
#3255=LINE('',#18639,#4177);
#3256=LINE('',#18641,#4178);
#3257=LINE('',#18643,#4179);
#3258=LINE('',#18646,#4180);
#3259=LINE('',#18647,#4181);
#3260=LINE('',#18651,#4182);
#3261=LINE('',#18654,#4183);
#3262=LINE('',#18655,#4184);
#3263=LINE('',#18660,#4185);
#3264=LINE('',#18662,#4186);
#3265=LINE('',#18663,#4187);
#3266=LINE('',#18667,#4188);
#3267=LINE('',#18669,#4189);
#3268=LINE('',#18672,#4190);
#3269=LINE('',#18674,#4191);
#3270=LINE('',#18676,#4192);
#3271=LINE('',#18678,#4193);
#3272=LINE('',#18680,#4194);
#3273=LINE('',#18683,#4195);
#3274=LINE('',#18684,#4196);
#3275=LINE('',#18688,#4197);
#3276=LINE('',#18690,#4198);
#3277=LINE('',#18692,#4199);
#3278=LINE('',#18694,#4200);
#3279=LINE('',#18696,#4201);
#3280=LINE('',#18697,#4202);
#3281=LINE('',#18699,#4203);
#3282=LINE('',#18701,#4204);
#3283=LINE('',#18703,#4205);
#3284=LINE('',#18705,#4206);
#3285=LINE('',#18709,#4207);
#3286=LINE('',#18712,#4208);
#3287=LINE('',#18713,#4209);
#3288=LINE('',#18717,#4210);
#3289=LINE('',#18719,#4211);
#3290=LINE('',#18721,#4212);
#3291=LINE('',#18723,#4213);
#3292=LINE('',#18725,#4214);
#3293=LINE('',#18728,#4215);
#3294=LINE('',#18730,#4216);
#3295=LINE('',#18732,#4217);
#3296=LINE('',#18735,#4218);
#3297=LINE('',#18736,#4219);
#3298=LINE('',#18739,#4220);
#3299=LINE('',#18743,#4221);
#3300=LINE('',#18745,#4222);
#3301=LINE('',#18747,#4223);
#3302=LINE('',#18749,#4224);
#3303=LINE('',#18751,#4225);
#3304=LINE('',#18755,#4226);
#3305=LINE('',#18758,#4227);
#3306=LINE('',#18760,#4228);
#3307=LINE('',#18763,#4229);
#3308=LINE('',#18764,#4230);
#3309=LINE('',#18766,#4231);
#3310=LINE('',#18769,#4232);
#3311=LINE('',#18770,#4233);
#3312=LINE('',#18772,#4234);
#3313=LINE('',#18775,#4235);
#3314=LINE('',#18777,#4236);
#3315=LINE('',#18779,#4237);
#3316=LINE('',#18785,#4238);
#3317=LINE('',#18788,#4239);
#3318=LINE('',#18793,#4240);
#3319=LINE('',#18796,#4241);
#3320=LINE('',#18799,#4242);
#3321=LINE('',#18800,#4243);
#3322=LINE('',#18802,#4244);
#3323=LINE('',#18804,#4245);
#3324=LINE('',#18807,#4246);
#3325=LINE('',#18808,#4247);
#3326=LINE('',#18810,#4248);
#3327=LINE('',#18812,#4249);
#3328=LINE('',#18815,#4250);
#3329=LINE('',#18816,#4251);
#3330=LINE('',#18818,#4252);
#3331=LINE('',#18820,#4253);
#3332=LINE('',#18822,#4254);
#3333=LINE('',#18824,#4255);
#3334=LINE('',#18826,#4256);
#3335=LINE('',#18828,#4257);
#3336=LINE('',#18831,#4258);
#3337=LINE('',#18833,#4259);
#3338=LINE('',#18835,#4260);
#3339=LINE('',#18837,#4261);
#3340=LINE('',#18839,#4262);
#3341=LINE('',#18841,#4263);
#3342=VECTOR('',#11821,10.);
#3343=VECTOR('',#11824,10.);
#3344=VECTOR('',#11829,10.);
#3345=VECTOR('',#11830,10.);
#3346=VECTOR('',#11831,10.);
#3347=VECTOR('',#11834,10.);
#3348=VECTOR('',#11841,10.);
#3349=VECTOR('',#11844,10.);
#3350=VECTOR('',#11849,10.);
#3351=VECTOR('',#11850,10.);
#3352=VECTOR('',#11853,10.);
#3353=VECTOR('',#11854,10.);
#3354=VECTOR('',#11855,10.);
#3355=VECTOR('',#11856,10.);
#3356=VECTOR('',#11859,10.);
#3357=VECTOR('',#11862,10.);
#3358=VECTOR('',#11865,10.);
#3359=VECTOR('',#11866,10.);
#3360=VECTOR('',#11869,2.);
#3361=VECTOR('',#11870,10.);
#3362=VECTOR('',#11871,2.);
#3363=VECTOR('',#11874,2.);
#3364=VECTOR('',#11879,10.);
#3365=VECTOR('',#11880,10.);
#3366=VECTOR('',#11883,10.);
#3367=VECTOR('',#11886,10.);
#3368=VECTOR('',#11891,10.);
#3369=VECTOR('',#11892,10.);
#3370=VECTOR('',#11893,10.);
#3371=VECTOR('',#11896,10.);
#3372=VECTOR('',#11903,10.);
#3373=VECTOR('',#11906,10.);
#3374=VECTOR('',#11911,10.);
#3375=VECTOR('',#11912,10.);
#3376=VECTOR('',#11915,10.);
#3377=VECTOR('',#11916,10.);
#3378=VECTOR('',#11917,10.);
#3379=VECTOR('',#11918,10.);
#3380=VECTOR('',#11921,10.);
#3381=VECTOR('',#11922,10.);
#3382=VECTOR('',#11925,10.);
#3383=VECTOR('',#11928,10.);
#3384=VECTOR('',#11931,10.);
#3385=VECTOR('',#11932,10.);
#3386=VECTOR('',#11933,2.);
#3387=VECTOR('',#11936,10.);
#3388=VECTOR('',#11941,2.);
#3389=VECTOR('',#11942,10.);
#3390=VECTOR('',#11945,10.);
#3391=VECTOR('',#11946,10.);
#3392=VECTOR('',#11947,10.);
#3393=VECTOR('',#11948,10.);
#3394=VECTOR('',#11951,10.);
#3395=VECTOR('',#11958,10.);
#3396=VECTOR('',#11961,10.);
#3397=VECTOR('',#11966,10.);
#3398=VECTOR('',#11967,10.);
#3399=VECTOR('',#11968,10.);
#3400=VECTOR('',#11977,10.);
#3401=VECTOR('',#11978,10.);
#3402=VECTOR('',#11979,10.);
#3403=VECTOR('',#11980,10.);
#3404=VECTOR('',#11983,10.);
#3405=VECTOR('',#11986,10.);
#3406=VECTOR('',#11989,10.);
#3407=VECTOR('',#11992,10.);
#3408=VECTOR('',#11993,10.);
#3409=VECTOR('',#11994,10.);
#3410=VECTOR('',#11997,10.);
#3411=VECTOR('',#12002,10.);
#3412=VECTOR('',#12003,10.);
#3413=VECTOR('',#12006,10.);
#3414=VECTOR('',#12009,10.);
#3415=VECTOR('',#12014,10.);
#3416=VECTOR('',#12023,10.);
#3417=VECTOR('',#12028,10.);
#3418=VECTOR('',#12029,10.);
#3419=VECTOR('',#12030,10.);
#3420=VECTOR('',#12035,10.);
#3421=VECTOR('',#12040,10.);
#3422=VECTOR('',#12041,10.);
#3423=VECTOR('',#12042,10.);
#3424=VECTOR('',#12047,10.);
#3425=VECTOR('',#12052,10.);
#3426=VECTOR('',#12053,10.);
#3427=VECTOR('',#12054,10.);
#3428=VECTOR('',#12057,10.);
#3429=VECTOR('',#12066,10.);
#3430=VECTOR('',#12079,10.);
#3431=VECTOR('',#12080,10.);
#3432=VECTOR('',#12081,10.);
#3433=VECTOR('',#12084,10.);
#3434=VECTOR('',#12089,10.);
#3435=VECTOR('',#12090,10.);
#3436=VECTOR('',#12093,10.);
#3437=VECTOR('',#12098,2.);
#3438=VECTOR('',#12103,10.);
#3439=VECTOR('',#12106,10.);
#3440=VECTOR('',#12113,10.);
#3441=VECTOR('',#12118,10.);
#3442=VECTOR('',#12119,10.);
#3443=VECTOR('',#12120,10.);
#3444=VECTOR('',#12125,10.);
#3445=VECTOR('',#12130,10.);
#3446=VECTOR('',#12131,10.);
#3447=VECTOR('',#12132,10.);
#3448=VECTOR('',#12135,10.);
#3449=VECTOR('',#12142,10.);
#3450=VECTOR('',#12149,10.);
#3451=VECTOR('',#12150,10.);
#3452=VECTOR('',#12151,10.);
#3453=VECTOR('',#12152,10.);
#3454=VECTOR('',#12155,10.);
#3455=VECTOR('',#12162,10.);
#3456=VECTOR('',#12165,10.);
#3457=VECTOR('',#12168,10.);
#3458=VECTOR('',#12173,10.);
#3459=VECTOR('',#12178,10.);
#3460=VECTOR('',#12183,10.);
#3461=VECTOR('',#12184,10.);
#3462=VECTOR('',#12189,10.);
#3463=VECTOR('',#12190,10.);
#3464=VECTOR('',#12193,10.);
#3465=VECTOR('',#12196,10.);
#3466=VECTOR('',#12199,10.);
#3467=VECTOR('',#12208,10.);
#3468=VECTOR('',#12209,10.);
#3469=VECTOR('',#12214,10.);
#3470=VECTOR('',#12217,10.);
#3471=VECTOR('',#12220,10.);
#3472=VECTOR('',#12231,10.);
#3473=VECTOR('',#12234,10.);
#3474=VECTOR('',#12237,10.);
#3475=VECTOR('',#12240,10.);
#3476=VECTOR('',#12243,10.);
#3477=VECTOR('',#12248,10.);
#3478=VECTOR('',#12251,10.);
#3479=VECTOR('',#12254,10.);
#3480=VECTOR('',#12257,10.);
#3481=VECTOR('',#12260,10.);
#3482=VECTOR('',#12269,10.);
#3483=VECTOR('',#12272,10.);
#3484=VECTOR('',#12275,10.);
#3485=VECTOR('',#12278,10.);
#3486=VECTOR('',#12281,10.);
#3487=VECTOR('',#12282,10.);
#3488=VECTOR('',#12285,10.);
#3489=VECTOR('',#12290,10.);
#3490=VECTOR('',#12291,10.);
#3491=VECTOR('',#12294,10.);
#3492=VECTOR('',#12299,10.);
#3493=VECTOR('',#12300,10.);
#3494=VECTOR('',#12309,10.);
#3495=VECTOR('',#12310,10.);
#3496=VECTOR('',#12311,10.);
#3497=VECTOR('',#12316,10.);
#3498=VECTOR('',#12321,2.);
#3499=VECTOR('',#12322,10.);
#3500=VECTOR('',#12323,10.);
#3501=VECTOR('',#12326,2.);
#3502=VECTOR('',#12331,10.);
#3503=VECTOR('',#12332,10.);
#3504=VECTOR('',#12335,10.);
#3505=VECTOR('',#12340,10.);
#3506=VECTOR('',#12341,10.);
#3507=VECTOR('',#12350,10.);
#3508=VECTOR('',#12351,10.);
#3509=VECTOR('',#12352,10.);
#3510=VECTOR('',#12357,10.);
#3511=VECTOR('',#12360,10.);
#3512=VECTOR('',#12361,10.);
#3513=VECTOR('',#12366,10.);
#3514=VECTOR('',#12369,10.);
#3515=VECTOR('',#12370,10.);
#3516=VECTOR('',#12375,10.);
#3517=VECTOR('',#12378,10.);
#3518=VECTOR('',#12383,10.);
#3519=VECTOR('',#12388,10.);
#3520=VECTOR('',#12391,10.);
#3521=VECTOR('',#12394,10.);
#3522=VECTOR('',#12397,10.);
#3523=VECTOR('',#12402,10.);
#3524=VECTOR('',#12405,10.);
#3525=VECTOR('',#12408,10.);
#3526=VECTOR('',#12409,10.);
#3527=VECTOR('',#12412,10.);
#3528=VECTOR('',#12417,10.);
#3529=VECTOR('',#12418,10.);
#3530=VECTOR('',#12421,10.);
#3531=VECTOR('',#12426,2.);
#3532=VECTOR('',#12437,10.);
#3533=VECTOR('',#12440,10.);
#3534=VECTOR('',#12445,10.);
#3535=VECTOR('',#12446,10.);
#3536=VECTOR('',#12447,10.);
#3537=VECTOR('',#12452,10.);
#3538=VECTOR('',#12457,10.);
#3539=VECTOR('',#12464,10.);
#3540=VECTOR('',#12467,10.);
#3541=VECTOR('',#12472,10.);
#3542=VECTOR('',#12473,10.);
#3543=VECTOR('',#12476,10.);
#3544=VECTOR('',#12477,10.);
#3545=VECTOR('',#12478,10.);
#3546=VECTOR('',#12479,10.);
#3547=VECTOR('',#12484,10.);
#3548=VECTOR('',#12489,10.);
#3549=VECTOR('',#12490,10.);
#3550=VECTOR('',#12491,2.);
#3551=VECTOR('',#12494,10.);
#3552=VECTOR('',#12499,10.);
#3553=VECTOR('',#12504,10.);
#3554=VECTOR('',#12505,10.);
#3555=VECTOR('',#12518,10.);
#3556=VECTOR('',#12521,10.);
#3557=VECTOR('',#12526,10.);
#3558=VECTOR('',#12527,10.);
#3559=VECTOR('',#12528,10.);
#3560=VECTOR('',#12531,10.);
#3561=VECTOR('',#12538,10.);
#3562=VECTOR('',#12541,10.);
#3563=VECTOR('',#12548,10.);
#3564=VECTOR('',#12553,10.);
#3565=VECTOR('',#12554,10.);
#3566=VECTOR('',#12557,10.);
#3567=VECTOR('',#12560,10.);
#3568=VECTOR('',#12565,10.);
#3569=VECTOR('',#12566,10.);
#3570=VECTOR('',#12567,10.);
#3571=VECTOR('',#12570,2.);
#3572=VECTOR('',#12573,2.);
#3573=VECTOR('',#12576,10.);
#3574=VECTOR('',#12577,10.);
#3575=VECTOR('',#12580,10.);
#3576=VECTOR('',#12585,10.);
#3577=VECTOR('',#12592,10.);
#3578=VECTOR('',#12595,10.);
#3579=VECTOR('',#12598,10.);
#3580=VECTOR('',#12599,10.);
#3581=VECTOR('',#12600,10.);
#3582=VECTOR('',#12601,10.);
#3583=VECTOR('',#12604,10.);
#3584=VECTOR('',#12611,10.);
#3585=VECTOR('',#12612,10.);
#3586=VECTOR('',#12613,10.);
#3587=VECTOR('',#12614,10.);
#3588=VECTOR('',#12615,10.);
#3589=VECTOR('',#12618,10.);
#3590=VECTOR('',#12625,10.);
#3591=VECTOR('',#12626,10.);
#3592=VECTOR('',#12627,10.);
#3593=VECTOR('',#12630,10.);
#3594=VECTOR('',#12637,10.);
#3595=VECTOR('',#12638,10.);
#3596=VECTOR('',#12639,10.);
#3597=VECTOR('',#12648,10.);
#3598=VECTOR('',#12651,10.);
#3599=VECTOR('',#12654,10.);
#3600=VECTOR('',#12655,10.);
#3601=VECTOR('',#12656,10.);
#3602=VECTOR('',#12657,10.);
#3603=VECTOR('',#12658,10.);
#3604=VECTOR('',#12661,10.);
#3605=VECTOR('',#12664,10.);
#3606=VECTOR('',#12667,10.);
#3607=VECTOR('',#12670,10.);
#3608=VECTOR('',#12671,10.);
#3609=VECTOR('',#12672,10.);
#3610=VECTOR('',#12673,10.);
#3611=VECTOR('',#12674,10.);
#3612=VECTOR('',#12677,10.);
#3613=VECTOR('',#12684,10.);
#3614=VECTOR('',#12691,10.);
#3615=VECTOR('',#12694,10.);
#3616=VECTOR('',#12697,10.);
#3617=VECTOR('',#12700,10.);
#3618=VECTOR('',#12709,10.);
#3619=VECTOR('',#12712,10.);
#3620=VECTOR('',#12715,10.);
#3621=VECTOR('',#12718,10.);
#3622=VECTOR('',#12719,10.);
#3623=VECTOR('',#12726,10.);
#3624=VECTOR('',#12729,10.);
#3625=VECTOR('',#12732,10.);
#3626=VECTOR('',#12751,10.);
#3627=VECTOR('',#12752,10.);
#3628=VECTOR('',#12757,10.);
#3629=VECTOR('',#12758,10.);
#3630=VECTOR('',#12759,10.);
#3631=VECTOR('',#12766,10.);
#3632=VECTOR('',#12769,10.);
#3633=VECTOR('',#12772,10.);
#3634=VECTOR('',#12775,10.);
#3635=VECTOR('',#12778,10.);
#3636=VECTOR('',#12781,10.);
#3637=VECTOR('',#12784,10.);
#3638=VECTOR('',#12787,10.);
#3639=VECTOR('',#12790,10.);
#3640=VECTOR('',#12793,10.);
#3641=VECTOR('',#12802,10.);
#3642=VECTOR('',#12809,10.);
#3643=VECTOR('',#12816,10.);
#3644=VECTOR('',#12819,10.);
#3645=VECTOR('',#12822,10.);
#3646=VECTOR('',#12827,10.);
#3647=VECTOR('',#12828,10.);
#3648=VECTOR('',#12831,10.);
#3649=VECTOR('',#12834,10.);
#3650=VECTOR('',#12839,10.);
#3651=VECTOR('',#12840,10.);
#3652=VECTOR('',#12843,10.);
#3653=VECTOR('',#12850,10.);
#3654=VECTOR('',#12851,10.);
#3655=VECTOR('',#12852,10.);
#3656=VECTOR('',#12857,10.);
#3657=VECTOR('',#12862,10.);
#3658=VECTOR('',#12863,10.);
#3659=VECTOR('',#12866,2.);
#3660=VECTOR('',#12869,2.);
#3661=VECTOR('',#12872,10.);
#3662=VECTOR('',#12873,10.);
#3663=VECTOR('',#12882,10.);
#3664=VECTOR('',#12885,10.);
#3665=VECTOR('',#12888,10.);
#3666=VECTOR('',#12891,10.);
#3667=VECTOR('',#12894,10.);
#3668=VECTOR('',#12897,10.);
#3669=VECTOR('',#12900,10.);
#3670=VECTOR('',#12903,10.);
#3671=VECTOR('',#12906,10.);
#3672=VECTOR('',#12909,10.);
#3673=VECTOR('',#12912,10.);
#3674=VECTOR('',#12915,10.);
#3675=VECTOR('',#12918,10.);
#3676=VECTOR('',#12921,10.);
#3677=VECTOR('',#12926,10.);
#3678=VECTOR('',#12929,10.);
#3679=VECTOR('',#12932,10.);
#3680=VECTOR('',#12935,10.);
#3681=VECTOR('',#12940,10.);
#3682=VECTOR('',#12945,10.);
#3683=VECTOR('',#12946,10.);
#3684=VECTOR('',#12949,10.);
#3685=VECTOR('',#12952,10.);
#3686=VECTOR('',#12961,10.);
#3687=VECTOR('',#12964,10.);
#3688=VECTOR('',#12967,10.);
#3689=VECTOR('',#12970,10.);
#3690=VECTOR('',#12973,10.);
#3691=VECTOR('',#12982,10.);
#3692=VECTOR('',#12989,10.);
#3693=VECTOR('',#12992,10.);
#3694=VECTOR('',#12995,10.);
#3695=VECTOR('',#12998,10.);
#3696=VECTOR('',#13009,10.);
#3697=VECTOR('',#13012,10.);
#3698=VECTOR('',#13015,10.);
#3699=VECTOR('',#13032,10.);
#3700=VECTOR('',#13035,10.);
#3701=VECTOR('',#13038,10.);
#3702=VECTOR('',#13041,10.);
#3703=VECTOR('',#13046,10.);
#3704=VECTOR('',#13049,10.);
#3705=VECTOR('',#13052,10.);
#3706=VECTOR('',#13055,10.);
#3707=VECTOR('',#13058,10.);
#3708=VECTOR('',#13063,10.);
#3709=VECTOR('',#13066,10.);
#3710=VECTOR('',#13069,10.);
#3711=VECTOR('',#13070,10.);
#3712=VECTOR('',#13073,10.);
#3713=VECTOR('',#13078,10.);
#3714=VECTOR('',#13079,10.);
#3715=VECTOR('',#13082,10.);
#3716=VECTOR('',#13093,10.);
#3717=VECTOR('',#13096,10.);
#3718=VECTOR('',#13107,10.);
#3719=VECTOR('',#13118,10.);
#3720=VECTOR('',#13131,10.);
#3721=VECTOR('',#13144,10.);
#3722=VECTOR('',#13157,10.);
#3723=VECTOR('',#13176,10.);
#3724=VECTOR('',#13179,2.);
#3725=VECTOR('',#13180,2.);
#3726=VECTOR('',#13185,10.);
#3727=VECTOR('',#13186,10.);
#3728=VECTOR('',#13193,10.);
#3729=VECTOR('',#13194,10.);
#3730=VECTOR('',#13195,10.);
#3731=VECTOR('',#13198,10.);
#3732=VECTOR('',#13203,10.);
#3733=VECTOR('',#13206,10.);
#3734=VECTOR('',#13209,10.);
#3735=VECTOR('',#13216,2.);
#3736=VECTOR('',#13219,10.);
#3737=VECTOR('',#13222,10.);
#3738=VECTOR('',#13223,10.);
#3739=VECTOR('',#13228,10.);
#3740=VECTOR('',#13231,10.);
#3741=VECTOR('',#13234,10.);
#3742=VECTOR('',#13237,10.);
#3743=VECTOR('',#13240,10.);
#3744=VECTOR('',#13247,10.);
#3745=VECTOR('',#13250,10.);
#3746=VECTOR('',#13253,2.);
#3747=VECTOR('',#13256,10.);
#3748=VECTOR('',#13257,10.);
#3749=VECTOR('',#13260,10.);
#3750=VECTOR('',#13261,10.);
#3751=VECTOR('',#13266,10.);
#3752=VECTOR('',#13269,10.);
#3753=VECTOR('',#13274,10.);
#3754=VECTOR('',#13275,10.);
#3755=VECTOR('',#13278,10.);
#3756=VECTOR('',#13281,10.);
#3757=VECTOR('',#13286,10.);
#3758=VECTOR('',#13287,10.);
#3759=VECTOR('',#13290,10.);
#3760=VECTOR('',#13295,10.);
#3761=VECTOR('',#13296,10.);
#3762=VECTOR('',#13299,10.);
#3763=VECTOR('',#13302,10.);
#3764=VECTOR('',#13305,10.);
#3765=VECTOR('',#13310,10.);
#3766=VECTOR('',#13311,10.);
#3767=VECTOR('',#13318,10.);
#3768=VECTOR('',#13319,10.);
#3769=VECTOR('',#13322,10.);
#3770=VECTOR('',#13325,10.);
#3771=VECTOR('',#13328,10.);
#3772=VECTOR('',#13331,10.);
#3773=VECTOR('',#13334,10.);
#3774=VECTOR('',#13335,10.);
#3775=VECTOR('',#13338,10.);
#3776=VECTOR('',#13343,10.);
#3777=VECTOR('',#13348,10.);
#3778=VECTOR('',#13355,10.);
#3779=VECTOR('',#13356,10.);
#3780=VECTOR('',#13359,2.);
#3781=VECTOR('',#13364,10.);
#3782=VECTOR('',#13367,10.);
#3783=VECTOR('',#13370,10.);
#3784=VECTOR('',#13375,10.);
#3785=VECTOR('',#13378,10.);
#3786=VECTOR('',#13381,10.);
#3787=VECTOR('',#13384,10.);
#3788=VECTOR('',#13387,10.);
#3789=VECTOR('',#13390,10.);
#3790=VECTOR('',#13399,10.);
#3791=VECTOR('',#13402,10.);
#3792=VECTOR('',#13405,10.);
#3793=VECTOR('',#13408,10.);
#3794=VECTOR('',#13411,10.);
#3795=VECTOR('',#13414,10.);
#3796=VECTOR('',#13415,10.);
#3797=VECTOR('',#13418,10.);
#3798=VECTOR('',#13423,10.);
#3799=VECTOR('',#13426,10.);
#3800=VECTOR('',#13431,10.);
#3801=VECTOR('',#13434,10.);
#3802=VECTOR('',#13435,10.);
#3803=VECTOR('',#13436,10.);
#3804=VECTOR('',#13439,10.);
#3805=VECTOR('',#13444,10.);
#3806=VECTOR('',#13445,10.);
#3807=VECTOR('',#13448,10.);
#3808=VECTOR('',#13451,10.);
#3809=VECTOR('',#13454,10.);
#3810=VECTOR('',#13457,10.);
#3811=VECTOR('',#13460,10.);
#3812=VECTOR('',#13467,2.);
#3813=VECTOR('',#13470,2.);
#3814=VECTOR('',#13473,10.);
#3815=VECTOR('',#13478,10.);
#3816=VECTOR('',#13483,10.);
#3817=VECTOR('',#13486,10.);
#3818=VECTOR('',#13487,10.);
#3819=VECTOR('',#13492,10.);
#3820=VECTOR('',#13495,10.);
#3821=VECTOR('',#13498,10.);
#3822=VECTOR('',#13501,10.);
#3823=VECTOR('',#13504,10.);
#3824=VECTOR('',#13507,10.);
#3825=VECTOR('',#13514,10.);
#3826=VECTOR('',#13517,10.);
#3827=VECTOR('',#13520,10.);
#3828=VECTOR('',#13523,10.);
#3829=VECTOR('',#13526,10.);
#3830=VECTOR('',#13531,2.);
#3831=VECTOR('',#13534,2.);
#3832=VECTOR('',#13539,10.);
#3833=VECTOR('',#13540,10.);
#3834=VECTOR('',#13561,10.);
#3835=VECTOR('',#13568,10.);
#3836=VECTOR('',#13571,10.);
#3837=VECTOR('',#13572,10.);
#3838=VECTOR('',#13577,10.);
#3839=VECTOR('',#13588,10.);
#3840=VECTOR('',#13597,10.);
#3841=VECTOR('',#13600,10.);
#3842=VECTOR('',#13609,1.6);
#3843=VECTOR('',#13612,1.6);
#3844=VECTOR('',#13615,3.5);
#3845=VECTOR('',#13622,3.);
#3846=VECTOR('',#13627,3.5);
#3847=VECTOR('',#13634,3.);
#3848=VECTOR('',#13643,1.5);
#3849=VECTOR('',#13650,1.5);
#3850=VECTOR('',#13655,1.85);
#3851=VECTOR('',#13664,10.);
#3852=VECTOR('',#13665,10.);
#3853=VECTOR('',#13666,10.);
#3854=VECTOR('',#13667,10.);
#3855=VECTOR('',#13668,10.);
#3856=VECTOR('',#13669,10.);
#3857=VECTOR('',#13670,10.);
#3858=VECTOR('',#13671,10.);
#3859=VECTOR('',#13674,10.);
#3860=VECTOR('',#13677,10.);
#3861=VECTOR('',#13680,1.6);
#3862=VECTOR('',#13685,1.85);
#3863=VECTOR('',#13694,10.);
#3864=VECTOR('',#13697,10.);
#3865=VECTOR('',#13704,10.);
#3866=VECTOR('',#13707,10.);
#3867=VECTOR('',#13708,10.);
#3868=VECTOR('',#13713,10.);
#3869=VECTOR('',#13718,10.);
#3870=VECTOR('',#13719,10.);
#3871=VECTOR('',#13722,10.);
#3872=VECTOR('',#13729,10.);
#3873=VECTOR('',#13732,10.);
#3874=VECTOR('',#13745,10.);
#3875=VECTOR('',#13748,10.);
#3876=VECTOR('',#13751,10.);
#3877=VECTOR('',#13772,10.);
#3878=VECTOR('',#13775,10.);
#3879=VECTOR('',#13778,10.);
#3880=VECTOR('',#13789,10.);
#3881=VECTOR('',#13792,10.);
#3882=VECTOR('',#13799,10.);
#3883=VECTOR('',#13802,10.);
#3884=VECTOR('',#13805,10.);
#3885=VECTOR('',#13808,10.);
#3886=VECTOR('',#13811,10.);
#3887=VECTOR('',#13814,10.);
#3888=VECTOR('',#13817,10.);
#3889=VECTOR('',#13818,10.);
#3890=VECTOR('',#13819,10.);
#3891=VECTOR('',#13822,10.);
#3892=VECTOR('',#13825,10.);
#3893=VECTOR('',#13828,10.);
#3894=VECTOR('',#13831,10.);
#3895=VECTOR('',#13834,10.);
#3896=VECTOR('',#13837,10.);
#3897=VECTOR('',#13840,10.);
#3898=VECTOR('',#13847,10.);
#3899=VECTOR('',#13850,10.);
#3900=VECTOR('',#13853,1.6);
#3901=VECTOR('',#13856,1.85);
#3902=VECTOR('',#13863,1.6);
#3903=VECTOR('',#13866,1.85);
#3904=VECTOR('',#13873,1.6);
#3905=VECTOR('',#13876,2.75);
#3906=VECTOR('',#13883,2.5);
#3907=VECTOR('',#13886,2.75);
#3908=VECTOR('',#13893,2.5);
#3909=VECTOR('',#13896,2.75);
#3910=VECTOR('',#13903,2.5);
#3911=VECTOR('',#13906,2.75);
#3912=VECTOR('',#13913,2.5);
#3913=VECTOR('',#13916,10.);
#3914=VECTOR('',#13919,10.);
#3915=VECTOR('',#13924,10.);
#3916=VECTOR('',#13925,10.);
#3917=VECTOR('',#13938,10.);
#3918=VECTOR('',#13939,10.);
#3919=VECTOR('',#13948,10.);
#3920=VECTOR('',#13949,10.);
#3921=VECTOR('',#13962,10.);
#3922=VECTOR('',#13963,10.);
#3923=VECTOR('',#13976,10.);
#3924=VECTOR('',#13979,10.);
#3925=VECTOR('',#13992,10.);
#3926=VECTOR('',#13993,10.);
#3927=VECTOR('',#14006,10.);
#3928=VECTOR('',#14007,10.);
#3929=VECTOR('',#14018,10.);
#3930=VECTOR('',#14019,10.);
#3931=VECTOR('',#14020,10.);
#3932=VECTOR('',#14023,10.);
#3933=VECTOR('',#14026,10.);
#3934=VECTOR('',#14029,10.);
#3935=VECTOR('',#14032,10.);
#3936=VECTOR('',#14035,10.);
#3937=VECTOR('',#14038,10.);
#3938=VECTOR('',#14041,10.);
#3939=VECTOR('',#14044,10.);
#3940=VECTOR('',#14047,10.);
#3941=VECTOR('',#14050,10.);
#3942=VECTOR('',#14053,10.);
#3943=VECTOR('',#14056,10.);
#3944=VECTOR('',#14057,10.);
#3945=VECTOR('',#14060,10.);
#3946=VECTOR('',#14065,10.);
#3947=VECTOR('',#14066,10.);
#3948=VECTOR('',#14069,10.);
#3949=VECTOR('',#14074,10.);
#3950=VECTOR('',#14079,10.);
#3951=VECTOR('',#14084,10.);
#3952=VECTOR('',#14085,10.);
#3953=VECTOR('',#14088,10.);
#3954=VECTOR('',#14093,10.);
#3955=VECTOR('',#14096,10.);
#3956=VECTOR('',#14099,10.);
#3957=VECTOR('',#14102,10.);
#3958=VECTOR('',#14103,10.);
#3959=VECTOR('',#14106,10.);
#3960=VECTOR('',#14111,10.);
#3961=VECTOR('',#14112,10.);
#3962=VECTOR('',#14115,10.);
#3963=VECTOR('',#14120,10.);
#3964=VECTOR('',#14123,10.);
#3965=VECTOR('',#14126,10.);
#3966=VECTOR('',#14127,10.);
#3967=VECTOR('',#14130,10.);
#3968=VECTOR('',#14135,10.);
#3969=VECTOR('',#14136,10.);
#3970=VECTOR('',#14139,10.);
#3971=VECTOR('',#14144,10.);
#3972=VECTOR('',#14149,10.);
#3973=VECTOR('',#14154,10.);
#3974=VECTOR('',#14155,10.);
#3975=VECTOR('',#14158,10.);
#3976=VECTOR('',#14163,10.);
#3977=VECTOR('',#14166,10.);
#3978=VECTOR('',#14169,10.);
#3979=VECTOR('',#14172,10.);
#3980=VECTOR('',#14173,10.);
#3981=VECTOR('',#14176,10.);
#3982=VECTOR('',#14181,10.);
#3983=VECTOR('',#14182,10.);
#3984=VECTOR('',#14185,10.);
#3985=VECTOR('',#14190,10.);
#3986=VECTOR('',#14191,10.);
#3987=VECTOR('',#14198,10.);
#3988=VECTOR('',#14201,10.);
#3989=VECTOR('',#14202,10.);
#3990=VECTOR('',#14207,10.);
#3991=VECTOR('',#14210,10.);
#3992=VECTOR('',#14217,10.);
#3993=VECTOR('',#14220,10.);
#3994=VECTOR('',#14221,10.);
#3995=VECTOR('',#14226,10.);
#3996=VECTOR('',#14229,10.);
#3997=VECTOR('',#14230,10.);
#3998=VECTOR('',#14235,10.);
#3999=VECTOR('',#14238,10.);
#4000=VECTOR('',#14239,10.);
#4001=VECTOR('',#14246,10.);
#4002=VECTOR('',#14249,10.);
#4003=VECTOR('',#14252,10.);
#4004=VECTOR('',#14257,10.);
#4005=VECTOR('',#14262,10.);
#4006=VECTOR('',#14263,10.);
#4007=VECTOR('',#14266,10.);
#4008=VECTOR('',#14271,10.);
#4009=VECTOR('',#14276,10.);
#4010=VECTOR('',#14277,10.);
#4011=VECTOR('',#14278,10.);
#4012=VECTOR('',#14283,10.);
#4013=VECTOR('',#14286,10.);
#4014=VECTOR('',#14293,10.);
#4015=VECTOR('',#14296,10.);
#4016=VECTOR('',#14297,10.);
#4017=VECTOR('',#14302,10.);
#4018=VECTOR('',#14305,10.);
#4019=VECTOR('',#14306,10.);
#4020=VECTOR('',#14313,10.);
#4021=VECTOR('',#14316,10.);
#4022=VECTOR('',#14319,10.);
#4023=VECTOR('',#14324,10.);
#4024=VECTOR('',#14329,10.);
#4025=VECTOR('',#14330,10.);
#4026=VECTOR('',#14333,10.);
#4027=VECTOR('',#14336,10.);
#4028=VECTOR('',#14339,10.);
#4029=VECTOR('',#14340,10.);
#4030=VECTOR('',#14343,10.);
#4031=VECTOR('',#14348,10.);
#4032=VECTOR('',#14353,10.);
#4033=VECTOR('',#14358,10.);
#4034=VECTOR('',#14359,10.);
#4035=VECTOR('',#14362,10.);
#4036=VECTOR('',#14367,10.);
#4037=VECTOR('',#14370,10.);
#4038=VECTOR('',#14371,10.);
#4039=VECTOR('',#14372,10.);
#4040=VECTOR('',#14375,10.);
#4041=VECTOR('',#14380,10.);
#4042=VECTOR('',#14381,10.);
#4043=VECTOR('',#14384,10.);
#4044=VECTOR('',#14389,10.);
#4045=VECTOR('',#14392,10.);
#4046=VECTOR('',#14395,10.);
#4047=VECTOR('',#14396,10.);
#4048=VECTOR('',#14399,10.);
#4049=VECTOR('',#14404,10.);
#4050=VECTOR('',#14409,10.);
#4051=VECTOR('',#14414,10.);
#4052=VECTOR('',#14415,10.);
#4053=VECTOR('',#14418,10.);
#4054=VECTOR('',#14423,10.);
#4055=VECTOR('',#14424,10.);
#4056=VECTOR('',#14427,10.);
#4057=VECTOR('',#14432,10.);
#4058=VECTOR('',#14433,10.);
#4059=VECTOR('',#14436,10.);
#4060=VECTOR('',#14445,10.);
#4061=VECTOR('',#14446,10.);
#4062=VECTOR('',#14447,10.);
#4063=VECTOR('',#14450,10.);
#4064=VECTOR('',#14455,10.);
#4065=VECTOR('',#14456,10.);
#4066=VECTOR('',#14459,10.);
#4067=VECTOR('',#14464,10.);
#4068=VECTOR('',#14469,10.);
#4069=VECTOR('',#14474,10.);
#4070=VECTOR('',#14477,10.);
#4071=VECTOR('',#14480,10.);
#4072=VECTOR('',#14481,10.);
#4073=VECTOR('',#14484,10.);
#4074=VECTOR('',#14489,10.);
#4075=VECTOR('',#14490,10.);
#4076=VECTOR('',#14493,10.);
#4077=VECTOR('',#14498,10.);
#4078=VECTOR('',#14499,10.);
#4079=VECTOR('',#14502,10.);
#4080=VECTOR('',#14507,10.);
#4081=VECTOR('',#14510,10.);
#4082=VECTOR('',#14511,10.);
#4083=VECTOR('',#14512,10.);
#4084=VECTOR('',#14515,10.);
#4085=VECTOR('',#14520,10.);
#4086=VECTOR('',#14521,10.);
#4087=VECTOR('',#14524,10.);
#4088=VECTOR('',#14529,10.);
#4089=VECTOR('',#14532,10.);
#4090=VECTOR('',#14535,10.);
#4091=VECTOR('',#14536,10.);
#4092=VECTOR('',#14539,10.);
#4093=VECTOR('',#14544,10.);
#4094=VECTOR('',#14545,10.);
#4095=VECTOR('',#14548,10.);
#4096=VECTOR('',#14553,10.);
#4097=VECTOR('',#14554,10.);
#4098=VECTOR('',#14557,10.);
#4099=VECTOR('',#14562,10.);
#4100=VECTOR('',#14565,10.);
#4101=VECTOR('',#14566,10.);
#4102=VECTOR('',#14567,10.);
#4103=VECTOR('',#14570,10.);
#4104=VECTOR('',#14575,10.);
#4105=VECTOR('',#14576,10.);
#4106=VECTOR('',#14579,10.);
#4107=VECTOR('',#14584,10.);
#4108=VECTOR('',#14585,10.);
#4109=VECTOR('',#14586,10.);
#4110=VECTOR('',#14591,10.);
#4111=VECTOR('',#14594,10.);
#4112=VECTOR('',#14595,10.);
#4113=VECTOR('',#14598,10.);
#4114=VECTOR('',#14601,10.);
#4115=VECTOR('',#14604,10.);
#4116=VECTOR('',#14607,10.);
#4117=VECTOR('',#14610,10.);
#4118=VECTOR('',#14613,10.);
#4119=VECTOR('',#14618,10.);
#4120=VECTOR('',#14621,10.);
#4121=VECTOR('',#14622,10.);
#4122=VECTOR('',#14629,10.);
#4123=VECTOR('',#14632,10.);
#4124=VECTOR('',#14635,10.);
#4125=VECTOR('',#14638,10.);
#4126=VECTOR('',#14639,10.);
#4127=VECTOR('',#14642,10.);
#4128=VECTOR('',#14645,10.);
#4129=VECTOR('',#14650,10.);
#4130=VECTOR('',#14651,10.);
#4131=VECTOR('',#14654,10.);
#4132=VECTOR('',#14659,10.);
#4133=VECTOR('',#14664,10.);
#4134=VECTOR('',#14669,10.);
#4135=VECTOR('',#14670,10.);
#4136=VECTOR('',#14673,10.);
#4137=VECTOR('',#14676,10.);
#4138=VECTOR('',#14679,10.);
#4139=VECTOR('',#14684,10.);
#4140=VECTOR('',#14687,10.);
#4141=VECTOR('',#14688,10.);
#4142=VECTOR('',#14691,10.);
#4143=VECTOR('',#14694,10.);
#4144=VECTOR('',#14697,10.);
#4145=VECTOR('',#14700,10.);
#4146=VECTOR('',#14701,10.);
#4147=VECTOR('',#14706,10.);
#4148=VECTOR('',#14709,10.);
#4149=VECTOR('',#14718,10.);
#4150=VECTOR('',#14719,10.);
#4151=VECTOR('',#14722,10.);
#4152=VECTOR('',#14725,10.);
#4153=VECTOR('',#14728,10.);
#4154=VECTOR('',#14731,10.);
#4155=VECTOR('',#14732,10.);
#4156=VECTOR('',#14737,10.);
#4157=VECTOR('',#14740,10.);
#4158=VECTOR('',#14741,10.);
#4159=VECTOR('',#14746,10.);
#4160=VECTOR('',#14749,10.);
#4161=VECTOR('',#14756,10.);
#4162=VECTOR('',#14759,10.);
#4163=VECTOR('',#14762,10.);
#4164=VECTOR('',#14765,10.);
#4165=VECTOR('',#14766,10.);
#4166=VECTOR('',#14769,10.);
#4167=VECTOR('',#14772,10.);
#4168=VECTOR('',#14775,10.);
#4169=VECTOR('',#14778,10.);
#4170=VECTOR('',#14781,10.);
#4171=VECTOR('',#14786,10.);
#4172=VECTOR('',#14789,10.);
#4173=VECTOR('',#14792,10.);
#4174=VECTOR('',#14795,10.);
#4175=VECTOR('',#14798,10.);
#4176=VECTOR('',#14799,10.);
#4177=VECTOR('',#14802,10.);
#4178=VECTOR('',#14805,10.);
#4179=VECTOR('',#14808,10.);
#4180=VECTOR('',#14811,10.);
#4181=VECTOR('',#14812,10.);
#4182=VECTOR('',#14817,10.);
#4183=VECTOR('',#14820,10.);
#4184=VECTOR('',#14821,10.);
#4185=VECTOR('',#14828,10.);
#4186=VECTOR('',#14829,10.);
#4187=VECTOR('',#14830,10.);
#4188=VECTOR('',#14835,10.);
#4189=VECTOR('',#14838,10.);
#4190=VECTOR('',#14843,10.);
#4191=VECTOR('',#14846,10.);
#4192=VECTOR('',#14849,10.);
#4193=VECTOR('',#14852,10.);
#4194=VECTOR('',#14855,10.);
#4195=VECTOR('',#14858,10.);
#4196=VECTOR('',#14859,10.);
#4197=VECTOR('',#14866,10.);
#4198=VECTOR('',#14869,10.);
#4199=VECTOR('',#14872,10.);
#4200=VECTOR('',#14875,10.);
#4201=VECTOR('',#14876,10.);
#4202=VECTOR('',#14877,10.);
#4203=VECTOR('',#14880,10.);
#4204=VECTOR('',#14883,10.);
#4205=VECTOR('',#14886,10.);
#4206=VECTOR('',#14889,10.);
#4207=VECTOR('',#14894,10.);
#4208=VECTOR('',#14897,10.);
#4209=VECTOR('',#14898,10.);
#4210=VECTOR('',#14905,10.);
#4211=VECTOR('',#14908,10.);
#4212=VECTOR('',#14911,10.);
#4213=VECTOR('',#14914,10.);
#4214=VECTOR('',#14917,10.);
#4215=VECTOR('',#14922,10.);
#4216=VECTOR('',#14925,10.);
#4217=VECTOR('',#14928,10.);
#4218=VECTOR('',#14933,10.);
#4219=VECTOR('',#14934,10.);
#4220=VECTOR('',#14939,10.);
#4221=VECTOR('',#14946,10.);
#4222=VECTOR('',#14949,10.);
#4223=VECTOR('',#14952,10.);
#4224=VECTOR('',#14955,10.);
#4225=VECTOR('',#14958,10.);
#4226=VECTOR('',#14965,10.);
#4227=VECTOR('',#14970,10.);
#4228=VECTOR('',#14973,10.);
#4229=VECTOR('',#14978,10.);
#4230=VECTOR('',#14979,10.);
#4231=VECTOR('',#14982,10.);
#4232=VECTOR('',#14987,10.);
#4233=VECTOR('',#14988,10.);
#4234=VECTOR('',#14991,10.);
#4235=VECTOR('',#14996,10.);
#4236=VECTOR('',#14999,10.);
#4237=VECTOR('',#15002,10.);
#4238=VECTOR('',#15007,10.);
#4239=VECTOR('',#15010,10.);
#4240=VECTOR('',#15013,10.);
#4241=VECTOR('',#15016,10.);
#4242=VECTOR('',#15021,10.);
#4243=VECTOR('',#15022,10.);
#4244=VECTOR('',#15025,10.);
#4245=VECTOR('',#15028,10.);
#4246=VECTOR('',#15033,10.);
#4247=VECTOR('',#15034,10.);
#4248=VECTOR('',#15037,10.);
#4249=VECTOR('',#15040,10.);
#4250=VECTOR('',#15045,10.);
#4251=VECTOR('',#15046,10.);
#4252=VECTOR('',#15049,10.);
#4253=VECTOR('',#15052,10.);
#4254=VECTOR('',#15055,10.);
#4255=VECTOR('',#15058,10.);
#4256=VECTOR('',#15061,10.);
#4257=VECTOR('',#15064,10.);
#4258=VECTOR('',#15069,10.);
#4259=VECTOR('',#15072,10.);
#4260=VECTOR('',#15075,10.);
#4261=VECTOR('',#15078,10.);
#4262=VECTOR('',#15081,10.);
#4263=VECTOR('',#15084,10.);
#4264=VERTEX_POINT('',#15089);
#4265=VERTEX_POINT('',#15090);
#4266=VERTEX_POINT('',#15092);
#4267=VERTEX_POINT('',#15094);
#4268=VERTEX_POINT('',#15098);
#4269=VERTEX_POINT('',#15100);
#4270=VERTEX_POINT('',#15104);
#4271=VERTEX_POINT('',#15105);
#4272=VERTEX_POINT('',#15110);
#4273=VERTEX_POINT('',#15111);
#4274=VERTEX_POINT('',#15113);
#4275=VERTEX_POINT('',#15115);
#4276=VERTEX_POINT('',#15122);
#4277=VERTEX_POINT('',#15123);
#4278=VERTEX_POINT('',#15125);
#4279=VERTEX_POINT('',#15127);
#4280=VERTEX_POINT('',#15191);
#4281=VERTEX_POINT('',#15193);
#4282=VERTEX_POINT('',#15195);
#4283=VERTEX_POINT('',#15197);
#4284=VERTEX_POINT('',#15199);
#4285=VERTEX_POINT('',#15205);
#4286=VERTEX_POINT('',#15207);
#4287=VERTEX_POINT('',#15212);
#4288=VERTEX_POINT('',#15219);
#4289=VERTEX_POINT('',#15221);
#4290=VERTEX_POINT('',#15225);
#4291=VERTEX_POINT('',#15229);
#4292=VERTEX_POINT('',#15233);
#4293=VERTEX_POINT('',#15234);
#4294=VERTEX_POINT('',#15236);
#4295=VERTEX_POINT('',#15238);
#4296=VERTEX_POINT('',#15242);
#4297=VERTEX_POINT('',#15244);
#4298=VERTEX_POINT('',#15248);
#4299=VERTEX_POINT('',#15249);
#4300=VERTEX_POINT('',#15254);
#4301=VERTEX_POINT('',#15255);
#4302=VERTEX_POINT('',#15257);
#4303=VERTEX_POINT('',#15259);
#4304=VERTEX_POINT('',#15266);
#4305=VERTEX_POINT('',#15267);
#4306=VERTEX_POINT('',#15269);
#4307=VERTEX_POINT('',#15271);
#4308=VERTEX_POINT('',#15335);
#4309=VERTEX_POINT('',#15337);
#4310=VERTEX_POINT('',#15345);
#4311=VERTEX_POINT('',#15347);
#4312=VERTEX_POINT('',#15353);
#4313=VERTEX_POINT('',#15355);
#4314=VERTEX_POINT('',#15357);
#4315=VERTEX_POINT('',#15361);
#4316=VERTEX_POINT('',#15363);
#4317=VERTEX_POINT('',#15367);
#4318=VERTEX_POINT('',#15371);
#4319=VERTEX_POINT('',#15375);
#4320=VERTEX_POINT('',#15376);
#4321=VERTEX_POINT('',#15378);
#4322=VERTEX_POINT('',#15380);
#4323=VERTEX_POINT('',#15384);
#4324=VERTEX_POINT('',#15385);
#4325=VERTEX_POINT('',#15390);
#4326=VERTEX_POINT('',#15391);
#4327=VERTEX_POINT('',#15393);
#4328=VERTEX_POINT('',#15395);
#4329=VERTEX_POINT('',#15399);
#4330=VERTEX_POINT('',#15400);
#4331=VERTEX_POINT('',#15408);
#4332=VERTEX_POINT('',#15409);
#4333=VERTEX_POINT('',#15411);
#4334=VERTEX_POINT('',#15413);
#4335=VERTEX_POINT('',#15477);
#4336=VERTEX_POINT('',#15479);
#4337=VERTEX_POINT('',#15481);
#4338=VERTEX_POINT('',#15483);
#4339=VERTEX_POINT('',#15487);
#4340=VERTEX_POINT('',#15489);
#4341=VERTEX_POINT('',#15493);
#4342=VERTEX_POINT('',#15497);
#4343=VERTEX_POINT('',#15501);
#4344=VERTEX_POINT('',#15503);
#4345=VERTEX_POINT('',#15505);
#4346=VERTEX_POINT('',#15509);
#4347=VERTEX_POINT('',#15510);
#4348=VERTEX_POINT('',#15515);
#4349=VERTEX_POINT('',#15517);
#4350=VERTEX_POINT('',#15521);
#4351=VERTEX_POINT('',#15522);
#4352=VERTEX_POINT('',#15527);
#4353=VERTEX_POINT('',#15529);
#4354=VERTEX_POINT('',#15533);
#4355=VERTEX_POINT('',#15534);
#4356=VERTEX_POINT('',#15539);
#4357=VERTEX_POINT('',#15541);
#4358=VERTEX_POINT('',#15545);
#4359=VERTEX_POINT('',#15546);
#4360=VERTEX_POINT('',#15551);
#4361=VERTEX_POINT('',#15552);
#4362=VERTEX_POINT('',#15576);
#4363=VERTEX_POINT('',#15590);
#4364=VERTEX_POINT('',#15592);
#4365=VERTEX_POINT('',#15626);
#4366=VERTEX_POINT('',#15628);
#4367=VERTEX_POINT('',#15632);
#4368=VERTEX_POINT('',#15634);
#4369=VERTEX_POINT('',#15638);
#4370=VERTEX_POINT('',#15642);
#4371=VERTEX_POINT('',#15646);
#4372=VERTEX_POINT('',#15650);
#4373=VERTEX_POINT('',#15654);
#4374=VERTEX_POINT('',#15655);
#4375=VERTEX_POINT('',#15657);
#4376=VERTEX_POINT('',#15659);
#4377=VERTEX_POINT('',#15663);
#4378=VERTEX_POINT('',#15665);
#4379=VERTEX_POINT('',#15669);
#4380=VERTEX_POINT('',#15670);
#4381=VERTEX_POINT('',#15675);
#4382=VERTEX_POINT('',#15677);
#4383=VERTEX_POINT('',#15681);
#4384=VERTEX_POINT('',#15682);
#4385=VERTEX_POINT('',#15687);
#4386=VERTEX_POINT('',#15688);
#4387=VERTEX_POINT('',#15693);
#4388=VERTEX_POINT('',#15694);
#4389=VERTEX_POINT('',#15699);
#4390=VERTEX_POINT('',#15700);
#4391=VERTEX_POINT('',#15702);
#4392=VERTEX_POINT('',#15704);
#4393=VERTEX_POINT('',#15708);
#4394=VERTEX_POINT('',#15709);
#4395=VERTEX_POINT('',#15774);
#4396=VERTEX_POINT('',#15776);
#4397=VERTEX_POINT('',#15780);
#4398=VERTEX_POINT('',#15784);
#4399=VERTEX_POINT('',#15788);
#4400=VERTEX_POINT('',#15792);
#4401=VERTEX_POINT('',#15797);
#4402=VERTEX_POINT('',#15799);
#4403=VERTEX_POINT('',#15802);
#4404=VERTEX_POINT('',#15804);
#4405=VERTEX_POINT('',#15806);
#4406=VERTEX_POINT('',#15808);
#4407=VERTEX_POINT('',#15810);
#4408=VERTEX_POINT('',#15812);
#4409=VERTEX_POINT('',#15814);
#4410=VERTEX_POINT('',#15816);
#4411=VERTEX_POINT('',#15818);
#4412=VERTEX_POINT('',#15820);
#4413=VERTEX_POINT('',#15822);
#4414=VERTEX_POINT('',#15824);
#4415=VERTEX_POINT('',#15826);
#4416=VERTEX_POINT('',#15828);
#4417=VERTEX_POINT('',#15830);
#4418=VERTEX_POINT('',#15832);
#4419=VERTEX_POINT('',#15834);
#4420=VERTEX_POINT('',#15836);
#4421=VERTEX_POINT('',#15838);
#4422=VERTEX_POINT('',#15840);
#4423=VERTEX_POINT('',#15843);
#4424=VERTEX_POINT('',#15846);
#4425=VERTEX_POINT('',#15848);
#4426=VERTEX_POINT('',#15853);
#4427=VERTEX_POINT('',#15855);
#4428=VERTEX_POINT('',#15857);
#4429=VERTEX_POINT('',#15859);
#4430=VERTEX_POINT('',#15861);
#4431=VERTEX_POINT('',#15863);
#4432=VERTEX_POINT('',#15865);
#4433=VERTEX_POINT('',#15867);
#4434=VERTEX_POINT('',#15870);
#4435=VERTEX_POINT('',#15872);
#4436=VERTEX_POINT('',#15874);
#4437=VERTEX_POINT('',#15876);
#4438=VERTEX_POINT('',#15878);
#4439=VERTEX_POINT('',#15880);
#4440=VERTEX_POINT('',#15882);
#4441=VERTEX_POINT('',#15884);
#4442=VERTEX_POINT('',#15886);
#4443=VERTEX_POINT('',#15888);
#4444=VERTEX_POINT('',#15894);
#4445=VERTEX_POINT('',#15896);
#4446=VERTEX_POINT('',#15899);
#4447=VERTEX_POINT('',#15901);
#4448=VERTEX_POINT('',#15903);
#4449=VERTEX_POINT('',#15905);
#4450=VERTEX_POINT('',#15913);
#4451=VERTEX_POINT('',#15915);
#4452=VERTEX_POINT('',#15919);
#4453=VERTEX_POINT('',#15923);
#4454=VERTEX_POINT('',#15927);
#4455=VERTEX_POINT('',#15931);
#4456=VERTEX_POINT('',#15935);
#4457=VERTEX_POINT('',#15937);
#4458=VERTEX_POINT('',#15943);
#4459=VERTEX_POINT('',#15945);
#4460=VERTEX_POINT('',#15949);
#4461=VERTEX_POINT('',#15951);
#4462=VERTEX_POINT('',#16010);
#4463=VERTEX_POINT('',#16012);
#4464=VERTEX_POINT('',#16016);
#4465=VERTEX_POINT('',#16020);
#4466=VERTEX_POINT('',#16024);
#4467=VERTEX_POINT('',#16028);
#4468=VERTEX_POINT('',#16032);
#4469=VERTEX_POINT('',#16036);
#4470=VERTEX_POINT('',#16038);
#4471=VERTEX_POINT('',#16042);
#4472=VERTEX_POINT('',#16046);
#4473=VERTEX_POINT('',#16050);
#4474=VERTEX_POINT('',#16054);
#4475=VERTEX_POINT('',#16058);
#4476=VERTEX_POINT('',#16062);
#4477=VERTEX_POINT('',#16066);
#4478=VERTEX_POINT('',#16070);
#4479=VERTEX_POINT('',#16093);
#4480=VERTEX_POINT('',#16101);
#4481=VERTEX_POINT('',#16102);
#4482=VERTEX_POINT('',#16104);
#4483=VERTEX_POINT('',#16106);
#4484=VERTEX_POINT('',#16164);
#4485=VERTEX_POINT('',#16166);
#4486=VERTEX_POINT('',#16170);
#4487=VERTEX_POINT('',#16174);
#4488=VERTEX_POINT('',#16178);
#4489=VERTEX_POINT('',#16182);
#4490=VERTEX_POINT('',#16186);
#4491=VERTEX_POINT('',#16190);
#4492=VERTEX_POINT('',#16194);
#4493=VERTEX_POINT('',#16195);
#4494=VERTEX_POINT('',#16197);
#4495=VERTEX_POINT('',#16199);
#4496=VERTEX_POINT('',#16203);
#4497=VERTEX_POINT('',#16205);
#4498=VERTEX_POINT('',#16209);
#4499=VERTEX_POINT('',#16211);
#4500=VERTEX_POINT('',#16215);
#4501=VERTEX_POINT('',#16216);
#4502=VERTEX_POINT('',#16221);
#4503=VERTEX_POINT('',#16222);
#4504=VERTEX_POINT('',#16224);
#4505=VERTEX_POINT('',#16226);
#4506=VERTEX_POINT('',#16233);
#4507=VERTEX_POINT('',#16234);
#4508=VERTEX_POINT('',#16236);
#4509=VERTEX_POINT('',#16238);
#4510=VERTEX_POINT('',#16242);
#4511=VERTEX_POINT('',#16244);
#4512=VERTEX_POINT('',#16308);
#4513=VERTEX_POINT('',#16310);
#4514=VERTEX_POINT('',#16314);
#4515=VERTEX_POINT('',#16318);
#4516=VERTEX_POINT('',#16322);
#4517=VERTEX_POINT('',#16326);
#4518=VERTEX_POINT('',#16328);
#4519=VERTEX_POINT('',#16330);
#4520=VERTEX_POINT('',#16334);
#4521=VERTEX_POINT('',#16335);
#4522=VERTEX_POINT('',#16337);
#4523=VERTEX_POINT('',#16339);
#4524=VERTEX_POINT('',#16343);
#4525=VERTEX_POINT('',#16345);
#4526=VERTEX_POINT('',#16349);
#4527=VERTEX_POINT('',#16350);
#4528=VERTEX_POINT('',#16355);
#4529=VERTEX_POINT('',#16356);
#4530=VERTEX_POINT('',#16358);
#4531=VERTEX_POINT('',#16360);
#4532=VERTEX_POINT('',#16364);
#4533=VERTEX_POINT('',#16366);
#4534=VERTEX_POINT('',#16373);
#4535=VERTEX_POINT('',#16374);
#4536=VERTEX_POINT('',#16376);
#4537=VERTEX_POINT('',#16378);
#4538=VERTEX_POINT('',#16382);
#4539=VERTEX_POINT('',#16384);
#4540=VERTEX_POINT('',#16448);
#4541=VERTEX_POINT('',#16450);
#4542=VERTEX_POINT('',#16454);
#4543=VERTEX_POINT('',#16458);
#4544=VERTEX_POINT('',#16462);
#4545=VERTEX_POINT('',#16466);
#4546=VERTEX_POINT('',#16468);
#4547=VERTEX_POINT('',#16470);
#4548=VERTEX_POINT('',#16474);
#4549=VERTEX_POINT('',#16475);
#4550=VERTEX_POINT('',#16477);
#4551=VERTEX_POINT('',#16479);
#4552=VERTEX_POINT('',#16483);
#4553=VERTEX_POINT('',#16484);
#4554=VERTEX_POINT('',#16489);
#4555=VERTEX_POINT('',#16490);
#4556=VERTEX_POINT('',#16493);
#4557=VERTEX_POINT('',#16495);
#4558=VERTEX_POINT('',#16499);
#4559=VERTEX_POINT('',#16500);
#4560=VERTEX_POINT('',#16505);
#4561=VERTEX_POINT('',#16506);
#4562=VERTEX_POINT('',#16511);
#4563=VERTEX_POINT('',#16512);
#4564=VERTEX_POINT('',#16517);
#4565=VERTEX_POINT('',#16518);
#4566=VERTEX_POINT('',#16526);
#4567=VERTEX_POINT('',#16528);
#4568=VERTEX_POINT('',#16532);
#4569=VERTEX_POINT('',#16544);
#4570=VERTEX_POINT('',#16551);
#4571=VERTEX_POINT('',#16553);
#4572=VERTEX_POINT('',#16555);
#4573=VERTEX_POINT('',#16557);
#4574=VERTEX_POINT('',#16566);
#4575=VERTEX_POINT('',#16568);
#4576=VERTEX_POINT('',#16570);
#4577=VERTEX_POINT('',#16572);
#4578=VERTEX_POINT('',#16574);
#4579=VERTEX_POINT('',#16576);
#4580=VERTEX_POINT('',#16578);
#4581=VERTEX_POINT('',#16580);
#4582=VERTEX_POINT('',#16582);
#4583=VERTEX_POINT('',#16584);
#4584=VERTEX_POINT('',#16595);
#4585=VERTEX_POINT('',#16597);
#4586=VERTEX_POINT('',#16599);
#4587=VERTEX_POINT('',#16617);
#4588=VERTEX_POINT('',#16618);
#4589=VERTEX_POINT('',#16620);
#4590=VERTEX_POINT('',#16622);
#4591=VERTEX_POINT('',#16624);
#4592=VERTEX_POINT('',#16626);
#4593=VERTEX_POINT('',#16628);
#4594=VERTEX_POINT('',#16630);
#4595=VERTEX_POINT('',#16632);
#4596=VERTEX_POINT('',#16634);
#4597=VERTEX_POINT('',#16636);
#4598=VERTEX_POINT('',#16638);
#4599=VERTEX_POINT('',#16641);
#4600=VERTEX_POINT('',#16642);
#4601=VERTEX_POINT('',#16644);
#4602=VERTEX_POINT('',#16646);
#4603=VERTEX_POINT('',#16648);
#4604=VERTEX_POINT('',#16650);
#4605=VERTEX_POINT('',#16652);
#4606=VERTEX_POINT('',#16654);
#4607=VERTEX_POINT('',#16657);
#4608=VERTEX_POINT('',#16658);
#4609=VERTEX_POINT('',#16660);
#4610=VERTEX_POINT('',#16662);
#4611=VERTEX_POINT('',#16664);
#4612=VERTEX_POINT('',#16666);
#4613=VERTEX_POINT('',#16668);
#4614=VERTEX_POINT('',#16670);
#4615=VERTEX_POINT('',#16673);
#4616=VERTEX_POINT('',#16674);
#4617=VERTEX_POINT('',#16676);
#4618=VERTEX_POINT('',#16678);
#4619=VERTEX_POINT('',#16680);
#4620=VERTEX_POINT('',#16682);
#4621=VERTEX_POINT('',#16684);
#4622=VERTEX_POINT('',#16686);
#4623=VERTEX_POINT('',#16688);
#4624=VERTEX_POINT('',#16690);
#4625=VERTEX_POINT('',#16693);
#4626=VERTEX_POINT('',#16695);
#4627=VERTEX_POINT('',#16697);
#4628=VERTEX_POINT('',#16699);
#4629=VERTEX_POINT('',#16701);
#4630=VERTEX_POINT('',#16703);
#4631=VERTEX_POINT('',#16705);
#4632=VERTEX_POINT('',#16707);
#4633=VERTEX_POINT('',#16709);
#4634=VERTEX_POINT('',#16710);
#4635=VERTEX_POINT('',#16712);
#4636=VERTEX_POINT('',#16715);
#4637=VERTEX_POINT('',#16716);
#4638=VERTEX_POINT('',#16718);
#4639=VERTEX_POINT('',#16721);
#4640=VERTEX_POINT('',#16722);
#4641=VERTEX_POINT('',#16724);
#4642=VERTEX_POINT('',#16726);
#4643=VERTEX_POINT('',#16728);
#4644=VERTEX_POINT('',#16730);
#4645=VERTEX_POINT('',#16732);
#4646=VERTEX_POINT('',#16734);
#4647=VERTEX_POINT('',#16737);
#4648=VERTEX_POINT('',#16738);
#4649=VERTEX_POINT('',#16740);
#4650=VERTEX_POINT('',#16742);
#4651=VERTEX_POINT('',#16744);
#4652=VERTEX_POINT('',#16746);
#4653=VERTEX_POINT('',#16748);
#4654=VERTEX_POINT('',#16750);
#4655=VERTEX_POINT('',#16753);
#4656=VERTEX_POINT('',#16754);
#4657=VERTEX_POINT('',#16756);
#4658=VERTEX_POINT('',#16758);
#4659=VERTEX_POINT('',#16760);
#4660=VERTEX_POINT('',#16762);
#4661=VERTEX_POINT('',#16764);
#4662=VERTEX_POINT('',#16766);
#4663=VERTEX_POINT('',#16768);
#4664=VERTEX_POINT('',#16770);
#4665=VERTEX_POINT('',#16773);
#4666=VERTEX_POINT('',#16774);
#4667=VERTEX_POINT('',#16776);
#4668=VERTEX_POINT('',#16778);
#4669=VERTEX_POINT('',#16780);
#4670=VERTEX_POINT('',#16782);
#4671=VERTEX_POINT('',#16784);
#4672=VERTEX_POINT('',#16786);
#4673=VERTEX_POINT('',#16788);
#4674=VERTEX_POINT('',#16790);
#4675=VERTEX_POINT('',#16792);
#4676=VERTEX_POINT('',#16794);
#4677=VERTEX_POINT('',#16798);
#4678=VERTEX_POINT('',#16802);
#4679=VERTEX_POINT('',#16806);
#4680=VERTEX_POINT('',#16808);
#4681=VERTEX_POINT('',#16810);
#4682=VERTEX_POINT('',#16814);
#4683=VERTEX_POINT('',#16818);
#4684=VERTEX_POINT('',#16819);
#4685=VERTEX_POINT('',#16824);
#4686=VERTEX_POINT('',#16825);
#4687=VERTEX_POINT('',#16830);
#4688=VERTEX_POINT('',#16832);
#4689=VERTEX_POINT('',#16839);
#4690=VERTEX_POINT('',#16841);
#4691=VERTEX_POINT('',#16845);
#4692=VERTEX_POINT('',#16851);
#4693=VERTEX_POINT('',#16852);
#4694=VERTEX_POINT('',#16854);
#4695=VERTEX_POINT('',#16856);
#4696=VERTEX_POINT('',#16858);
#4697=VERTEX_POINT('',#16860);
#4698=VERTEX_POINT('',#16862);
#4699=VERTEX_POINT('',#16864);
#4700=VERTEX_POINT('',#16866);
#4701=VERTEX_POINT('',#16868);
#4702=VERTEX_POINT('',#16870);
#4703=VERTEX_POINT('',#16872);
#4704=VERTEX_POINT('',#16874);
#4705=VERTEX_POINT('',#16876);
#4706=VERTEX_POINT('',#16878);
#4707=VERTEX_POINT('',#16880);
#4708=VERTEX_POINT('',#16882);
#4709=VERTEX_POINT('',#16884);
#4710=VERTEX_POINT('',#16886);
#4711=VERTEX_POINT('',#16888);
#4712=VERTEX_POINT('',#16890);
#4713=VERTEX_POINT('',#16892);
#4714=VERTEX_POINT('',#16894);
#4715=VERTEX_POINT('',#16896);
#4716=VERTEX_POINT('',#16899);
#4717=VERTEX_POINT('',#16901);
#4718=VERTEX_POINT('',#16903);
#4719=VERTEX_POINT('',#16905);
#4720=VERTEX_POINT('',#16908);
#4721=VERTEX_POINT('',#16909);
#4722=VERTEX_POINT('',#16911);
#4723=VERTEX_POINT('',#16913);
#4724=VERTEX_POINT('',#16915);
#4725=VERTEX_POINT('',#16917);
#4726=VERTEX_POINT('',#16920);
#4727=VERTEX_POINT('',#16921);
#4728=VERTEX_POINT('',#16923);
#4729=VERTEX_POINT('',#16925);
#4730=VERTEX_POINT('',#16927);
#4731=VERTEX_POINT('',#16929);
#4732=VERTEX_POINT('',#16931);
#4733=VERTEX_POINT('',#16933);
#4734=VERTEX_POINT('',#16936);
#4735=VERTEX_POINT('',#16937);
#4736=VERTEX_POINT('',#16939);
#4737=VERTEX_POINT('',#16941);
#4738=VERTEX_POINT('',#16943);
#4739=VERTEX_POINT('',#16945);
#4740=VERTEX_POINT('',#16948);
#4741=VERTEX_POINT('',#16949);
#4742=VERTEX_POINT('',#16951);
#4743=VERTEX_POINT('',#16953);
#4744=VERTEX_POINT('',#16955);
#4745=VERTEX_POINT('',#16957);
#4746=VERTEX_POINT('',#16959);
#4747=VERTEX_POINT('',#16961);
#4748=VERTEX_POINT('',#16963);
#4749=VERTEX_POINT('',#16966);
#4750=VERTEX_POINT('',#16967);
#4751=VERTEX_POINT('',#16969);
#4752=VERTEX_POINT('',#16971);
#4753=VERTEX_POINT('',#16973);
#4754=VERTEX_POINT('',#16975);
#4755=VERTEX_POINT('',#16977);
#4756=VERTEX_POINT('',#16979);
#4757=VERTEX_POINT('',#16981);
#4758=VERTEX_POINT('',#16984);
#4759=VERTEX_POINT('',#16986);
#4760=VERTEX_POINT('',#16987);
#4761=VERTEX_POINT('',#16989);
#4762=VERTEX_POINT('',#16991);
#4763=VERTEX_POINT('',#16994);
#4764=VERTEX_POINT('',#16995);
#4765=VERTEX_POINT('',#16997);
#4766=VERTEX_POINT('',#16999);
#4767=VERTEX_POINT('',#17002);
#4768=VERTEX_POINT('',#17004);
#4769=VERTEX_POINT('',#17006);
#4770=VERTEX_POINT('',#17008);
#4771=VERTEX_POINT('',#17009);
#4772=VERTEX_POINT('',#17011);
#4773=VERTEX_POINT('',#17013);
#4774=VERTEX_POINT('',#17015);
#4775=VERTEX_POINT('',#17017);
#4776=VERTEX_POINT('',#17019);
#4777=VERTEX_POINT('',#17021);
#4778=VERTEX_POINT('',#17023);
#4779=VERTEX_POINT('',#17025);
#4780=VERTEX_POINT('',#17028);
#4781=VERTEX_POINT('',#17029);
#4782=VERTEX_POINT('',#17031);
#4783=VERTEX_POINT('',#17033);
#4784=VERTEX_POINT('',#17035);
#4785=VERTEX_POINT('',#17037);
#4786=VERTEX_POINT('',#17039);
#4787=VERTEX_POINT('',#17041);
#4788=VERTEX_POINT('',#17043);
#4789=VERTEX_POINT('',#17045);
#4790=VERTEX_POINT('',#17048);
#4791=VERTEX_POINT('',#17049);
#4792=VERTEX_POINT('',#17051);
#4793=VERTEX_POINT('',#17053);
#4794=VERTEX_POINT('',#17055);
#4795=VERTEX_POINT('',#17057);
#4796=VERTEX_POINT('',#17059);
#4797=VERTEX_POINT('',#17061);
#4798=VERTEX_POINT('',#17064);
#4799=VERTEX_POINT('',#17065);
#4800=VERTEX_POINT('',#17067);
#4801=VERTEX_POINT('',#17069);
#4802=VERTEX_POINT('',#17071);
#4803=VERTEX_POINT('',#17073);
#4804=VERTEX_POINT('',#17077);
#4805=VERTEX_POINT('',#17082);
#4806=VERTEX_POINT('',#17086);
#4807=VERTEX_POINT('',#17090);
#4808=VERTEX_POINT('',#17098);
#4809=VERTEX_POINT('',#17100);
#4810=VERTEX_POINT('',#17104);
#4811=VERTEX_POINT('',#17122);
#4812=VERTEX_POINT('',#17126);
#4813=VERTEX_POINT('',#17134);
#4814=VERTEX_POINT('',#17136);
#4815=VERTEX_POINT('',#17165);
#4816=VERTEX_POINT('',#17188);
#4817=VERTEX_POINT('',#17190);
#4818=VERTEX_POINT('',#17210);
#4819=VERTEX_POINT('',#17222);
#4820=VERTEX_POINT('',#17226);
#4821=VERTEX_POINT('',#17237);
#4822=VERTEX_POINT('',#17241);
#4823=VERTEX_POINT('',#17245);
#4824=VERTEX_POINT('',#17270);
#4825=VERTEX_POINT('',#17274);
#4826=VERTEX_POINT('',#17291);
#4827=VERTEX_POINT('',#17295);
#4828=VERTEX_POINT('',#17299);
#4829=VERTEX_POINT('',#17313);
#4830=VERTEX_POINT('',#17315);
#4831=VERTEX_POINT('',#17332);
#4832=VERTEX_POINT('',#17344);
#4833=VERTEX_POINT('',#17349);
#4834=VERTEX_POINT('',#17363);
#4835=VERTEX_POINT('',#17365);
#4836=VERTEX_POINT('',#17369);
#4837=VERTEX_POINT('',#17394);
#4838=VERTEX_POINT('',#17395);
#4839=VERTEX_POINT('',#17403);
#4840=VERTEX_POINT('',#17407);
#4841=VERTEX_POINT('',#17497);
#4842=VERTEX_POINT('',#17504);
#4843=VERTEX_POINT('',#17506);
#4844=VERTEX_POINT('',#17512);
#4845=VERTEX_POINT('',#17518);
#4846=VERTEX_POINT('',#17531);
#4847=VERTEX_POINT('',#17533);
#4848=VERTEX_POINT('',#17537);
#4849=VERTEX_POINT('',#17541);
#4850=VERTEX_POINT('',#17543);
#4851=VERTEX_POINT('',#17547);
#4852=VERTEX_POINT('',#17551);
#4853=VERTEX_POINT('',#17556);
#4854=VERTEX_POINT('',#17561);
#4855=VERTEX_POINT('',#17562);
#4856=VERTEX_POINT('',#17581);
#4857=VERTEX_POINT('',#17583);
#4858=VERTEX_POINT('',#17585);
#4859=VERTEX_POINT('',#17590);
#4860=VERTEX_POINT('',#17592);
#4861=VERTEX_POINT('',#17594);
#4862=VERTEX_POINT('',#17596);
#4863=VERTEX_POINT('',#17598);
#4864=VERTEX_POINT('',#17600);
#4865=VERTEX_POINT('',#17602);
#4866=VERTEX_POINT('',#17604);
#4867=VERTEX_POINT('',#17623);
#4868=VERTEX_POINT('',#17625);
#4869=VERTEX_POINT('',#17627);
#4870=VERTEX_POINT('',#17629);
#4871=VERTEX_POINT('',#17635);
#4872=VERTEX_POINT('',#17637);
#4873=VERTEX_POINT('',#17639);
#4874=VERTEX_POINT('',#17643);
#4875=VERTEX_POINT('',#17645);
#4876=VERTEX_POINT('',#17647);
#4877=VERTEX_POINT('',#17649);
#4878=VERTEX_POINT('',#17651);
#4879=VERTEX_POINT('',#17653);
#4880=VERTEX_POINT('',#17655);
#4881=VERTEX_POINT('',#17657);
#4882=VERTEX_POINT('',#17659);
#4883=VERTEX_POINT('',#17661);
#4884=VERTEX_POINT('',#17663);
#4885=VERTEX_POINT('',#17665);
#4886=VERTEX_POINT('',#17668);
#4887=VERTEX_POINT('',#17670);
#4888=VERTEX_POINT('',#17673);
#4889=VERTEX_POINT('',#17675);
#4890=VERTEX_POINT('',#17677);
#4891=VERTEX_POINT('',#17679);
#4892=VERTEX_POINT('',#17681);
#4893=VERTEX_POINT('',#17683);
#4894=VERTEX_POINT('',#17685);
#4895=VERTEX_POINT('',#17687);
#4896=VERTEX_POINT('',#17689);
#4897=VERTEX_POINT('',#17691);
#4898=VERTEX_POINT('',#17694);
#4899=VERTEX_POINT('',#17697);
#4900=VERTEX_POINT('',#17699);
#4901=VERTEX_POINT('',#17701);
#4902=VERTEX_POINT('',#17703);
#4903=VERTEX_POINT('',#17705);
#4904=VERTEX_POINT('',#17707);
#4905=VERTEX_POINT('',#17709);
#4906=VERTEX_POINT('',#17711);
#4907=VERTEX_POINT('',#17713);
#4908=VERTEX_POINT('',#17715);
#4909=VERTEX_POINT('',#17718);
#4910=VERTEX_POINT('',#17721);
#4911=VERTEX_POINT('',#17724);
#4912=VERTEX_POINT('',#17726);
#4913=VERTEX_POINT('',#17728);
#4914=VERTEX_POINT('',#17730);
#4915=VERTEX_POINT('',#17732);
#4916=VERTEX_POINT('',#17734);
#4917=VERTEX_POINT('',#17736);
#4918=VERTEX_POINT('',#17738);
#4919=VERTEX_POINT('',#17740);
#4920=VERTEX_POINT('',#17742);
#4921=VERTEX_POINT('',#17745);
#4922=VERTEX_POINT('',#17747);
#4923=VERTEX_POINT('',#17748);
#4924=VERTEX_POINT('',#17750);
#4925=VERTEX_POINT('',#17752);
#4926=VERTEX_POINT('',#17754);
#4927=VERTEX_POINT('',#17756);
#4928=VERTEX_POINT('',#17758);
#4929=VERTEX_POINT('',#17760);
#4930=VERTEX_POINT('',#17762);
#4931=VERTEX_POINT('',#17764);
#4932=VERTEX_POINT('',#17767);
#4933=VERTEX_POINT('',#17768);
#4934=VERTEX_POINT('',#17770);
#4935=VERTEX_POINT('',#17772);
#4936=VERTEX_POINT('',#17774);
#4937=VERTEX_POINT('',#17776);
#4938=VERTEX_POINT('',#17778);
#4939=VERTEX_POINT('',#17780);
#4940=VERTEX_POINT('',#17783);
#4941=VERTEX_POINT('',#17784);
#4942=VERTEX_POINT('',#17786);
#4943=VERTEX_POINT('',#17789);
#4944=VERTEX_POINT('',#17790);
#4945=VERTEX_POINT('',#17792);
#4946=VERTEX_POINT('',#17795);
#4947=VERTEX_POINT('',#17796);
#4948=VERTEX_POINT('',#17798);
#4949=VERTEX_POINT('',#17800);
#4950=VERTEX_POINT('',#17802);
#4951=VERTEX_POINT('',#17804);
#4952=VERTEX_POINT('',#17806);
#4953=VERTEX_POINT('',#17808);
#4954=VERTEX_POINT('',#17811);
#4955=VERTEX_POINT('',#17812);
#4956=VERTEX_POINT('',#17814);
#4957=VERTEX_POINT('',#17816);
#4958=VERTEX_POINT('',#17818);
#4959=VERTEX_POINT('',#17820);
#4960=VERTEX_POINT('',#17822);
#4961=VERTEX_POINT('',#17824);
#4962=VERTEX_POINT('',#17826);
#4963=VERTEX_POINT('',#17828);
#4964=VERTEX_POINT('',#17834);
#4965=VERTEX_POINT('',#17836);
#4966=VERTEX_POINT('',#17842);
#4967=VERTEX_POINT('',#17844);
#4968=VERTEX_POINT('',#17850);
#4969=VERTEX_POINT('',#17852);
#4970=VERTEX_POINT('',#17858);
#4971=VERTEX_POINT('',#17860);
#4972=VERTEX_POINT('',#17866);
#4973=VERTEX_POINT('',#17868);
#4974=VERTEX_POINT('',#17874);
#4975=VERTEX_POINT('',#17876);
#4976=VERTEX_POINT('',#17882);
#4977=VERTEX_POINT('',#17884);
#4978=VERTEX_POINT('',#17888);
#4979=VERTEX_POINT('',#17889);
#4980=VERTEX_POINT('',#17894);
#4981=VERTEX_POINT('',#17899);
#4982=VERTEX_POINT('',#17912);
#4983=VERTEX_POINT('',#17916);
#4984=VERTEX_POINT('',#17921);
#4985=VERTEX_POINT('',#17922);
#4986=VERTEX_POINT('',#17927);
#4987=VERTEX_POINT('',#17928);
#4988=VERTEX_POINT('',#17946);
#4989=VERTEX_POINT('',#17948);
#4990=VERTEX_POINT('',#17950);
#4991=VERTEX_POINT('',#17954);
#4992=VERTEX_POINT('',#17955);
#4993=VERTEX_POINT('',#17960);
#4994=VERTEX_POINT('',#17961);
#4995=VERTEX_POINT('',#17966);
#4996=VERTEX_POINT('',#17967);
#4997=VERTEX_POINT('',#17972);
#4998=VERTEX_POINT('',#18003);
#4999=VERTEX_POINT('',#18005);
#5000=VERTEX_POINT('',#18009);
#5001=VERTEX_POINT('',#18013);
#5002=VERTEX_POINT('',#18017);
#5003=VERTEX_POINT('',#18021);
#5004=VERTEX_POINT('',#18025);
#5005=VERTEX_POINT('',#18029);
#5006=VERTEX_POINT('',#18033);
#5007=VERTEX_POINT('',#18037);
#5008=VERTEX_POINT('',#18043);
#5009=VERTEX_POINT('',#18045);
#5010=VERTEX_POINT('',#18049);
#5011=VERTEX_POINT('',#18053);
#5012=VERTEX_POINT('',#18057);
#5013=VERTEX_POINT('',#18061);
#5014=VERTEX_POINT('',#18065);
#5015=VERTEX_POINT('',#18067);
#5016=VERTEX_POINT('',#18071);
#5017=VERTEX_POINT('',#18075);
#5018=VERTEX_POINT('',#18079);
#5019=VERTEX_POINT('',#18083);
#5020=VERTEX_POINT('',#18087);
#5021=VERTEX_POINT('',#18091);
#5022=VERTEX_POINT('',#18095);
#5023=VERTEX_POINT('',#18099);
#5024=VERTEX_POINT('',#18105);
#5025=VERTEX_POINT('',#18107);
#5026=VERTEX_POINT('',#18111);
#5027=VERTEX_POINT('',#18115);
#5028=VERTEX_POINT('',#18119);
#5029=VERTEX_POINT('',#18123);
#5030=VERTEX_POINT('',#18127);
#5031=VERTEX_POINT('',#18129);
#5032=VERTEX_POINT('',#18133);
#5033=VERTEX_POINT('',#18137);
#5034=VERTEX_POINT('',#18141);
#5035=VERTEX_POINT('',#18145);
#5036=VERTEX_POINT('',#18149);
#5037=VERTEX_POINT('',#18153);
#5038=VERTEX_POINT('',#18157);
#5039=VERTEX_POINT('',#18161);
#5040=VERTEX_POINT('',#18165);
#5041=VERTEX_POINT('',#18169);
#5042=VERTEX_POINT('',#18175);
#5043=VERTEX_POINT('',#18177);
#5044=VERTEX_POINT('',#18181);
#5045=VERTEX_POINT('',#18185);
#5046=VERTEX_POINT('',#18189);
#5047=VERTEX_POINT('',#18193);
#5048=VERTEX_POINT('',#18197);
#5049=VERTEX_POINT('',#18201);
#5050=VERTEX_POINT('',#18203);
#5051=VERTEX_POINT('',#18207);
#5052=VERTEX_POINT('',#18211);
#5053=VERTEX_POINT('',#18215);
#5054=VERTEX_POINT('',#18219);
#5055=VERTEX_POINT('',#18223);
#5056=VERTEX_POINT('',#18227);
#5057=VERTEX_POINT('',#18233);
#5058=VERTEX_POINT('',#18235);
#5059=VERTEX_POINT('',#18239);
#5060=VERTEX_POINT('',#18243);
#5061=VERTEX_POINT('',#18247);
#5062=VERTEX_POINT('',#18251);
#5063=VERTEX_POINT('',#18253);
#5064=VERTEX_POINT('',#18257);
#5065=VERTEX_POINT('',#18261);
#5066=VERTEX_POINT('',#18265);
#5067=VERTEX_POINT('',#18269);
#5068=VERTEX_POINT('',#18273);
#5069=VERTEX_POINT('',#18277);
#5070=VERTEX_POINT('',#18283);
#5071=VERTEX_POINT('',#18285);
#5072=VERTEX_POINT('',#18289);
#5073=VERTEX_POINT('',#18293);
#5074=VERTEX_POINT('',#18297);
#5075=VERTEX_POINT('',#18301);
#5076=VERTEX_POINT('',#18303);
#5077=VERTEX_POINT('',#18307);
#5078=VERTEX_POINT('',#18311);
#5079=VERTEX_POINT('',#18315);
#5080=VERTEX_POINT('',#18319);
#5081=VERTEX_POINT('',#18323);
#5082=VERTEX_POINT('',#18327);
#5083=VERTEX_POINT('',#18331);
#5084=VERTEX_POINT('',#18335);
#5085=VERTEX_POINT('',#18339);
#5086=VERTEX_POINT('',#18343);
#5087=VERTEX_POINT('',#18349);
#5088=VERTEX_POINT('',#18351);
#5089=VERTEX_POINT('',#18355);
#5090=VERTEX_POINT('',#18359);
#5091=VERTEX_POINT('',#18363);
#5092=VERTEX_POINT('',#18367);
#5093=VERTEX_POINT('',#18371);
#5094=VERTEX_POINT('',#18375);
#5095=VERTEX_POINT('',#18377);
#5096=VERTEX_POINT('',#18381);
#5097=VERTEX_POINT('',#18385);
#5098=VERTEX_POINT('',#18389);
#5099=VERTEX_POINT('',#18393);
#5100=VERTEX_POINT('',#18397);
#5101=VERTEX_POINT('',#18401);
#5102=VERTEX_POINT('',#18407);
#5103=VERTEX_POINT('',#18409);
#5104=VERTEX_POINT('',#18413);
#5105=VERTEX_POINT('',#18417);
#5106=VERTEX_POINT('',#18421);
#5107=VERTEX_POINT('',#18425);
#5108=VERTEX_POINT('',#18427);
#5109=VERTEX_POINT('',#18431);
#5110=VERTEX_POINT('',#18435);
#5111=VERTEX_POINT('',#18439);
#5112=VERTEX_POINT('',#18443);
#5113=VERTEX_POINT('',#18447);
#5114=VERTEX_POINT('',#18451);
#5115=VERTEX_POINT('',#18457);
#5116=VERTEX_POINT('',#18459);
#5117=VERTEX_POINT('',#18463);
#5118=VERTEX_POINT('',#18467);
#5119=VERTEX_POINT('',#18471);
#5120=VERTEX_POINT('',#18475);
#5121=VERTEX_POINT('',#18477);
#5122=VERTEX_POINT('',#18481);
#5123=VERTEX_POINT('',#18500);
#5124=VERTEX_POINT('',#18504);
#5125=VERTEX_POINT('',#18521);
#5126=VERTEX_POINT('',#18525);
#5127=VERTEX_POINT('',#18529);
#5128=VERTEX_POINT('',#18533);
#5129=VERTEX_POINT('',#18537);
#5130=VERTEX_POINT('',#18562);
#5131=VERTEX_POINT('',#18566);
#5132=VERTEX_POINT('',#18570);
#5133=VERTEX_POINT('',#18585);
#5134=VERTEX_POINT('',#18589);
#5135=VERTEX_POINT('',#18593);
#5136=VERTEX_POINT('',#18597);
#5137=VERTEX_POINT('',#18607);
#5138=VERTEX_POINT('',#18609);
#5139=VERTEX_POINT('',#18624);
#5140=VERTEX_POINT('',#18645);
#5141=VERTEX_POINT('',#18649);
#5142=VERTEX_POINT('',#18653);
#5143=VERTEX_POINT('',#18659);
#5144=VERTEX_POINT('',#18661);
#5145=VERTEX_POINT('',#18665);
#5146=VERTEX_POINT('',#18682);
#5147=VERTEX_POINT('',#18695);
#5148=VERTEX_POINT('',#18707);
#5149=VERTEX_POINT('',#18711);
#5150=VERTEX_POINT('',#18781);
#5151=VERTEX_POINT('',#18782);
#5152=VERTEX_POINT('',#18784);
#5153=VERTEX_POINT('',#18786);
#5154=VERTEX_POINT('',#18789);
#5155=VERTEX_POINT('',#18790);
#5156=VERTEX_POINT('',#18792);
#5157=VERTEX_POINT('',#18794);
#5158=EDGE_CURVE('',#4264,#4265,#2420,.T.);
#5159=EDGE_CURVE('',#4265,#4266,#1861,.T.);
#5160=EDGE_CURVE('',#4266,#4267,#2421,.T.);
#5161=EDGE_CURVE('',#4267,#4264,#1862,.T.);
#5162=EDGE_CURVE('',#4264,#4268,#2422,.T.);
#5163=EDGE_CURVE('',#4268,#4269,#2423,.T.);
#5164=EDGE_CURVE('',#4269,#4265,#2424,.T.);
#5165=EDGE_CURVE('',#4270,#4271,#2425,.T.);
#5166=EDGE_CURVE('',#4271,#4269,#1863,.T.);
#5167=EDGE_CURVE('',#4268,#4270,#1864,.T.);
#5168=EDGE_CURVE('',#4272,#4273,#2426,.T.);
#5169=EDGE_CURVE('',#4273,#4274,#1865,.T.);
#5170=EDGE_CURVE('',#4274,#4275,#2427,.T.);
#5171=EDGE_CURVE('',#4275,#4272,#1866,.T.);
#5172=EDGE_CURVE('',#4274,#4267,#2428,.T.);
#5173=EDGE_CURVE('',#4266,#4275,#2429,.T.);
#5174=EDGE_CURVE('',#4276,#4277,#2430,.T.);
#5175=EDGE_CURVE('',#4277,#4278,#2431,.T.);
#5176=EDGE_CURVE('',#4278,#4279,#2432,.T.);
#5177=EDGE_CURVE('',#4279,#4276,#2433,.T.);
#5178=EDGE_CURVE('',#4276,#4271,#260,.T.);
#5179=EDGE_CURVE('',#4270,#4277,#261,.T.);
#5180=EDGE_CURVE('',#4272,#4279,#262,.T.);
#5181=EDGE_CURVE('',#4278,#4273,#263,.T.);
#5182=EDGE_CURVE('',#4270,#4280,#2434,.T.);
#5183=EDGE_CURVE('',#4280,#4281,#90,.T.);
#5184=EDGE_CURVE('',#4281,#4282,#2435,.T.);
#5185=EDGE_CURVE('',#4282,#4283,#1867,.T.);
#5186=EDGE_CURVE('',#4284,#4283,#264,.T.);
#5187=EDGE_CURVE('',#4284,#4285,#2436,.T.);
#5188=EDGE_CURVE('',#4285,#4286,#265,.T.);
#5189=EDGE_CURVE('',#4286,#4287,#266,.T.);
#5190=EDGE_CURVE('',#4287,#4273,#2437,.T.);
#5191=EDGE_CURVE('',#4288,#4269,#2438,.T.);
#5192=EDGE_CURVE('',#4289,#4288,#2439,.T.);
#5193=EDGE_CURVE('',#4265,#4289,#2440,.T.);
#5194=EDGE_CURVE('',#4276,#4290,#2441,.T.);
#5195=EDGE_CURVE('',#4288,#4290,#1868,.T.);
#5196=EDGE_CURVE('',#4291,#4279,#2442,.T.);
#5197=EDGE_CURVE('',#4290,#4291,#2443,.T.);
#5198=EDGE_CURVE('',#4292,#4293,#2444,.T.);
#5199=EDGE_CURVE('',#4293,#4294,#1869,.T.);
#5200=EDGE_CURVE('',#4294,#4295,#2445,.T.);
#5201=EDGE_CURVE('',#4295,#4292,#1870,.T.);
#5202=EDGE_CURVE('',#4292,#4296,#2446,.T.);
#5203=EDGE_CURVE('',#4296,#4297,#2447,.T.);
#5204=EDGE_CURVE('',#4297,#4293,#2448,.T.);
#5205=EDGE_CURVE('',#4298,#4299,#2449,.T.);
#5206=EDGE_CURVE('',#4299,#4297,#1871,.T.);
#5207=EDGE_CURVE('',#4296,#4298,#1872,.T.);
#5208=EDGE_CURVE('',#4300,#4301,#2450,.T.);
#5209=EDGE_CURVE('',#4301,#4302,#1873,.T.);
#5210=EDGE_CURVE('',#4302,#4303,#2451,.T.);
#5211=EDGE_CURVE('',#4303,#4300,#1874,.T.);
#5212=EDGE_CURVE('',#4302,#4295,#2452,.T.);
#5213=EDGE_CURVE('',#4294,#4303,#2453,.T.);
#5214=EDGE_CURVE('',#4304,#4305,#2454,.T.);
#5215=EDGE_CURVE('',#4305,#4306,#2455,.T.);
#5216=EDGE_CURVE('',#4306,#4307,#2456,.T.);
#5217=EDGE_CURVE('',#4307,#4304,#2457,.T.);
#5218=EDGE_CURVE('',#4304,#4299,#267,.T.);
#5219=EDGE_CURVE('',#4298,#4305,#268,.T.);
#5220=EDGE_CURVE('',#4300,#4307,#269,.T.);
#5221=EDGE_CURVE('',#4306,#4301,#270,.T.);
#5222=EDGE_CURVE('',#4298,#4308,#2458,.T.);
#5223=EDGE_CURVE('',#4308,#4309,#271,.T.);
#5224=EDGE_CURVE('',#4309,#4310,#2459,.T.);
#5225=EDGE_CURVE('',#4311,#4310,#272,.T.);
#5226=EDGE_CURVE('',#4312,#4311,#1875,.T.);
#5227=EDGE_CURVE('',#4312,#4313,#2460,.T.);
#5228=EDGE_CURVE('',#4313,#4314,#91,.T.);
#5229=EDGE_CURVE('',#4314,#4301,#2461,.T.);
#5230=EDGE_CURVE('',#4315,#4297,#2462,.T.);
#5231=EDGE_CURVE('',#4316,#4315,#2463,.T.);
#5232=EDGE_CURVE('',#4293,#4316,#2464,.T.);
#5233=EDGE_CURVE('',#4304,#4317,#2465,.T.);
#5234=EDGE_CURVE('',#4315,#4317,#1876,.T.);
#5235=EDGE_CURVE('',#4318,#4307,#2466,.T.);
#5236=EDGE_CURVE('',#4317,#4318,#2467,.T.);
#5237=EDGE_CURVE('',#4319,#4320,#2468,.T.);
#5238=EDGE_CURVE('',#4320,#4321,#2469,.T.);
#5239=EDGE_CURVE('',#4321,#4322,#2470,.T.);
#5240=EDGE_CURVE('',#4322,#4319,#2471,.T.);
#5241=EDGE_CURVE('',#4323,#4324,#2472,.T.);
#5242=EDGE_CURVE('',#4324,#4320,#1877,.T.);
#5243=EDGE_CURVE('',#4319,#4323,#1878,.T.);
#5244=EDGE_CURVE('',#4325,#4326,#2473,.T.);
#5245=EDGE_CURVE('',#4326,#4327,#1879,.T.);
#5246=EDGE_CURVE('',#4327,#4328,#2474,.T.);
#5247=EDGE_CURVE('',#4328,#4325,#1880,.T.);
#5248=EDGE_CURVE('',#4329,#4330,#2475,.T.);
#5249=EDGE_CURVE('',#4330,#4328,#2476,.T.);
#5250=EDGE_CURVE('',#4327,#4329,#2477,.T.);
#5251=EDGE_CURVE('',#4329,#4322,#1881,.T.);
#5252=EDGE_CURVE('',#4321,#4330,#1882,.T.);
#5253=EDGE_CURVE('',#4331,#4332,#2478,.T.);
#5254=EDGE_CURVE('',#4332,#4333,#2479,.T.);
#5255=EDGE_CURVE('',#4333,#4334,#2480,.T.);
#5256=EDGE_CURVE('',#4334,#4331,#2481,.T.);
#5257=EDGE_CURVE('',#4333,#4324,#273,.T.);
#5258=EDGE_CURVE('',#4323,#4334,#274,.T.);
#5259=EDGE_CURVE('',#4325,#4332,#275,.T.);
#5260=EDGE_CURVE('',#4331,#4326,#276,.T.);
#5261=EDGE_CURVE('',#4325,#4335,#2482,.T.);
#5262=EDGE_CURVE('',#4335,#4336,#1883,.T.);
#5263=EDGE_CURVE('',#4336,#4337,#2483,.T.);
#5264=EDGE_CURVE('',#4338,#4337,#1884,.T.);
#5265=EDGE_CURVE('',#4338,#4324,#2484,.T.);
#5266=EDGE_CURVE('',#4339,#4327,#2485,.T.);
#5267=EDGE_CURVE('',#4340,#4339,#2486,.T.);
#5268=EDGE_CURVE('',#4329,#4340,#2487,.T.);
#5269=EDGE_CURVE('',#4331,#4341,#2488,.T.);
#5270=EDGE_CURVE('',#4339,#4341,#1885,.T.);
#5271=EDGE_CURVE('',#4342,#4334,#2489,.T.);
#5272=EDGE_CURVE('',#4341,#4342,#2490,.T.);
#5273=EDGE_CURVE('',#4284,#4343,#2491,.T.);
#5274=EDGE_CURVE('',#4343,#4344,#1886,.T.);
#5275=EDGE_CURVE('',#4344,#4345,#2492,.T.);
#5276=EDGE_CURVE('',#4345,#4284,#1887,.T.);
#5277=EDGE_CURVE('',#4346,#4347,#2493,.T.);
#5278=EDGE_CURVE('',#4347,#4345,#1888,.T.);
#5279=EDGE_CURVE('',#4344,#4346,#1889,.T.);
#5280=EDGE_CURVE('',#4346,#4348,#1890,.T.);
#5281=EDGE_CURVE('',#4348,#4349,#2494,.T.);
#5282=EDGE_CURVE('',#4349,#4347,#1891,.T.);
#5283=EDGE_CURVE('',#4350,#4351,#2495,.T.);
#5284=EDGE_CURVE('',#4351,#4349,#2496,.T.);
#5285=EDGE_CURVE('',#4348,#4350,#2497,.T.);
#5286=EDGE_CURVE('',#4350,#4352,#1892,.T.);
#5287=EDGE_CURVE('',#4352,#4353,#2498,.T.);
#5288=EDGE_CURVE('',#4353,#4351,#1893,.T.);
#5289=EDGE_CURVE('',#4354,#4355,#2499,.T.);
#5290=EDGE_CURVE('',#4355,#4353,#2500,.T.);
#5291=EDGE_CURVE('',#4352,#4354,#2501,.T.);
#5292=EDGE_CURVE('',#4354,#4356,#1894,.T.);
#5293=EDGE_CURVE('',#4356,#4357,#2502,.T.);
#5294=EDGE_CURVE('',#4357,#4355,#1895,.T.);
#5295=EDGE_CURVE('',#4358,#4359,#2503,.T.);
#5296=EDGE_CURVE('',#4359,#4357,#2504,.T.);
#5297=EDGE_CURVE('',#4356,#4358,#2505,.T.);
#5298=EDGE_CURVE('',#4360,#4361,#2506,.T.);
#5299=EDGE_CURVE('',#4361,#4359,#1896,.T.);
#5300=EDGE_CURVE('',#4358,#4360,#1897,.T.);
#5301=EDGE_CURVE('',#4283,#4362,#277,.T.);
#5302=EDGE_CURVE('',#4362,#4343,#278,.T.);
#5303=EDGE_CURVE('',#4283,#4363,#1898,.T.);
#5304=EDGE_CURVE('',#4363,#4364,#2507,.T.);
#5305=EDGE_CURVE('',#4364,#4362,#1899,.T.);
#5306=EDGE_CURVE('',#4360,#4364,#279,.T.);
#5307=EDGE_CURVE('',#4363,#4361,#280,.T.);
#5308=EDGE_CURVE('',#4282,#4365,#1900,.T.);
#5309=EDGE_CURVE('',#4365,#4366,#1901,.T.);
#5310=EDGE_CURVE('',#4366,#4361,#1902,.T.);
#5311=EDGE_CURVE('',#4367,#4352,#2508,.T.);
#5312=EDGE_CURVE('',#4368,#4367,#2509,.T.);
#5313=EDGE_CURVE('',#4354,#4368,#2510,.T.);
#5314=EDGE_CURVE('',#4350,#4369,#2511,.T.);
#5315=EDGE_CURVE('',#4367,#4369,#1903,.T.);
#5316=EDGE_CURVE('',#4370,#4348,#2512,.T.);
#5317=EDGE_CURVE('',#4369,#4370,#2513,.T.);
#5318=EDGE_CURVE('',#4346,#4371,#2514,.T.);
#5319=EDGE_CURVE('',#4370,#4371,#1904,.T.);
#5320=EDGE_CURVE('',#4372,#4344,#2515,.T.);
#5321=EDGE_CURVE('',#4371,#4372,#1905,.T.);
#5322=EDGE_CURVE('',#4373,#4374,#2516,.T.);
#5323=EDGE_CURVE('',#4374,#4375,#1906,.T.);
#5324=EDGE_CURVE('',#4375,#4376,#2517,.T.);
#5325=EDGE_CURVE('',#4376,#4373,#1907,.T.);
#5326=EDGE_CURVE('',#4373,#4377,#1908,.T.);
#5327=EDGE_CURVE('',#4377,#4378,#2518,.T.);
#5328=EDGE_CURVE('',#4378,#4374,#1909,.T.);
#5329=EDGE_CURVE('',#4379,#4380,#2519,.T.);
#5330=EDGE_CURVE('',#4380,#4378,#2520,.T.);
#5331=EDGE_CURVE('',#4377,#4379,#2521,.T.);
#5332=EDGE_CURVE('',#4379,#4381,#1910,.T.);
#5333=EDGE_CURVE('',#4381,#4382,#2522,.T.);
#5334=EDGE_CURVE('',#4382,#4380,#1911,.T.);
#5335=EDGE_CURVE('',#4383,#4384,#2523,.T.);
#5336=EDGE_CURVE('',#4384,#4382,#2524,.T.);
#5337=EDGE_CURVE('',#4381,#4383,#2525,.T.);
#5338=EDGE_CURVE('',#4385,#4386,#2526,.T.);
#5339=EDGE_CURVE('',#4386,#4384,#1912,.T.);
#5340=EDGE_CURVE('',#4383,#4385,#1913,.T.);
#5341=EDGE_CURVE('',#4387,#4388,#2527,.T.);
#5342=EDGE_CURVE('',#4388,#4376,#1914,.T.);
#5343=EDGE_CURVE('',#4375,#4387,#1915,.T.);
#5344=EDGE_CURVE('',#4389,#4390,#2528,.T.);
#5345=EDGE_CURVE('',#4390,#4391,#2529,.T.);
#5346=EDGE_CURVE('',#4391,#4392,#2530,.T.);
#5347=EDGE_CURVE('',#4392,#4389,#2531,.T.);
#5348=EDGE_CURVE('',#4393,#4394,#2532,.T.);
#5349=EDGE_CURVE('',#4394,#4390,#1916,.T.);
#5350=EDGE_CURVE('',#4389,#4393,#1917,.T.);
#5351=EDGE_CURVE('',#4391,#4386,#281,.T.);
#5352=EDGE_CURVE('',#4385,#4392,#282,.T.);
#5353=EDGE_CURVE('',#4387,#4394,#283,.T.);
#5354=EDGE_CURVE('',#4393,#4388,#284,.T.);
#5355=EDGE_CURVE('',#4373,#4395,#2533,.T.);
#5356=EDGE_CURVE('',#4396,#4395,#1918,.T.);
#5357=EDGE_CURVE('',#4396,#4377,#2534,.T.);
#5358=EDGE_CURVE('',#4397,#4376,#2535,.T.);
#5359=EDGE_CURVE('',#4395,#4397,#1919,.T.);
#5360=EDGE_CURVE('',#4393,#4398,#2536,.T.);
#5361=EDGE_CURVE('',#4397,#4398,#1920,.T.);
#5362=EDGE_CURVE('',#4399,#4389,#2537,.T.);
#5363=EDGE_CURVE('',#4398,#4399,#1921,.T.);
#5364=EDGE_CURVE('',#4400,#4392,#2538,.T.);
#5365=EDGE_CURVE('',#4399,#4400,#2539,.T.);
#5366=EDGE_CURVE('',#4287,#4285,#1922,.T.);
#5367=EDGE_CURVE('',#4401,#4366,#2540,.T.);
#5368=EDGE_CURVE('',#4402,#4401,#2541,.T.);
#5369=EDGE_CURVE('',#4387,#4402,#1923,.T.);
#5370=EDGE_CURVE('',#4403,#4386,#2542,.T.);
#5371=EDGE_CURVE('',#4404,#4403,#1924,.T.);
#5372=EDGE_CURVE('',#4405,#4404,#2543,.T.);
#5373=EDGE_CURVE('',#4406,#4405,#1925,.T.);
#5374=EDGE_CURVE('',#4407,#4406,#2544,.T.);
#5375=EDGE_CURVE('',#4408,#4407,#1926,.T.);
#5376=EDGE_CURVE('',#4409,#4408,#1927,.T.);
#5377=EDGE_CURVE('',#4410,#4409,#1928,.T.);
#5378=EDGE_CURVE('',#4411,#4410,#1929,.T.);
#5379=EDGE_CURVE('',#4412,#4411,#2545,.T.);
#5380=EDGE_CURVE('',#4413,#4412,#2546,.T.);
#5381=EDGE_CURVE('',#4414,#4413,#1930,.T.);
#5382=EDGE_CURVE('',#4415,#4414,#1931,.T.);
#5383=EDGE_CURVE('',#4416,#4415,#2547,.T.);
#5384=EDGE_CURVE('',#4417,#4416,#1932,.T.);
#5385=EDGE_CURVE('',#4418,#4417,#2548,.T.);
#5386=EDGE_CURVE('',#4419,#4418,#1933,.T.);
#5387=EDGE_CURVE('',#4420,#4419,#2549,.T.);
#5388=EDGE_CURVE('',#4421,#4420,#1934,.T.);
#5389=EDGE_CURVE('',#4422,#4421,#1935,.T.);
#5390=EDGE_CURVE('',#4310,#4422,#1936,.T.);
#5391=EDGE_CURVE('',#4309,#4423,#1937,.T.);
#5392=EDGE_CURVE('',#4423,#4308,#1938,.T.);
#5393=EDGE_CURVE('',#4424,#4314,#2550,.T.);
#5394=EDGE_CURVE('',#4425,#4424,#285,.F.);
#5395=EDGE_CURVE('',#4426,#4425,#1939,.T.);
#5396=EDGE_CURVE('',#4427,#4426,#2551,.T.);
#5397=EDGE_CURVE('',#4428,#4427,#1940,.T.);
#5398=EDGE_CURVE('',#4429,#4428,#2552,.T.);
#5399=EDGE_CURVE('',#4430,#4429,#1941,.T.);
#5400=EDGE_CURVE('',#4430,#4431,#2553,.T.);
#5401=EDGE_CURVE('',#4432,#4431,#1942,.T.);
#5402=EDGE_CURVE('',#4433,#4432,#2554,.T.);
#5403=EDGE_CURVE('',#4335,#4433,#1943,.T.);
#5404=EDGE_CURVE('',#4434,#4338,#1944,.T.);
#5405=EDGE_CURVE('',#4435,#4434,#2555,.T.);
#5406=EDGE_CURVE('',#4436,#4435,#1945,.T.);
#5407=EDGE_CURVE('',#4436,#4437,#2556,.T.);
#5408=EDGE_CURVE('',#4438,#4437,#1946,.T.);
#5409=EDGE_CURVE('',#4439,#4438,#2557,.T.);
#5410=EDGE_CURVE('',#4440,#4439,#1947,.T.);
#5411=EDGE_CURVE('',#4441,#4440,#2558,.T.);
#5412=EDGE_CURVE('',#4442,#4441,#1948,.T.);
#5413=EDGE_CURVE('',#4443,#4442,#286,.F.);
#5414=EDGE_CURVE('',#4280,#4443,#2559,.T.);
#5415=EDGE_CURVE('',#4444,#4444,#1949,.T.);
#5416=EDGE_CURVE('',#4445,#4445,#1950,.T.);
#5417=EDGE_CURVE('',#4446,#4390,#1951,.T.);
#5418=EDGE_CURVE('',#4446,#4447,#2560,.T.);
#5419=EDGE_CURVE('',#4447,#4448,#1952,.T.);
#5420=EDGE_CURVE('',#4449,#4448,#2561,.T.);
#5421=EDGE_CURVE('',#4403,#4449,#287,.T.);
#5422=EDGE_CURVE('',#4407,#4450,#2562,.T.);
#5423=EDGE_CURVE('',#4450,#4451,#1953,.T.);
#5424=EDGE_CURVE('',#4451,#4408,#2563,.T.);
#5425=EDGE_CURVE('',#4406,#4452,#2564,.T.);
#5426=EDGE_CURVE('',#4452,#4450,#2565,.T.);
#5427=EDGE_CURVE('',#4405,#4453,#2566,.T.);
#5428=EDGE_CURVE('',#4453,#4452,#1954,.T.);
#5429=EDGE_CURVE('',#4404,#4454,#2567,.T.);
#5430=EDGE_CURVE('',#4454,#4453,#2568,.T.);
#5431=EDGE_CURVE('',#4403,#4455,#2569,.T.);
#5432=EDGE_CURVE('',#4455,#4454,#1955,.T.);
#5433=EDGE_CURVE('',#4456,#4410,#2570,.T.);
#5434=EDGE_CURVE('',#4409,#4457,#2571,.T.);
#5435=EDGE_CURVE('',#4457,#4456,#1956,.T.);
#5436=EDGE_CURVE('',#4451,#4457,#1957,.T.);
#5437=EDGE_CURVE('',#4458,#4449,#2572,.T.);
#5438=EDGE_CURVE('',#4448,#4459,#2573,.T.);
#5439=EDGE_CURVE('',#4459,#4458,#2574,.T.);
#5440=EDGE_CURVE('',#4448,#4460,#1958,.T.);
#5441=EDGE_CURVE('',#4460,#4461,#2575,.T.);
#5442=EDGE_CURVE('',#4461,#4459,#1959,.T.);
#5443=EDGE_CURVE('',#4458,#4455,#288,.T.);
#5444=EDGE_CURVE('',#4456,#4461,#289,.T.);
#5445=EDGE_CURVE('',#4460,#4410,#290,.T.);
#5446=EDGE_CURVE('',#4462,#4452,#2576,.T.);
#5447=EDGE_CURVE('',#4463,#4462,#2577,.T.);
#5448=EDGE_CURVE('',#4450,#4463,#2578,.T.);
#5449=EDGE_CURVE('',#4453,#4464,#2579,.T.);
#5450=EDGE_CURVE('',#4462,#4464,#1960,.T.);
#5451=EDGE_CURVE('',#4465,#4454,#2580,.T.);
#5452=EDGE_CURVE('',#4464,#4465,#2581,.T.);
#5453=EDGE_CURVE('',#4458,#4466,#2582,.T.);
#5454=EDGE_CURVE('',#4465,#4466,#1961,.T.);
#5455=EDGE_CURVE('',#4467,#4459,#2583,.T.);
#5456=EDGE_CURVE('',#4466,#4467,#2584,.T.);
#5457=EDGE_CURVE('',#4447,#4468,#1962,.T.);
#5458=EDGE_CURVE('',#4468,#4411,#1963,.T.);
#5459=EDGE_CURVE('',#4469,#4416,#2585,.T.);
#5460=EDGE_CURVE('',#4415,#4470,#2586,.T.);
#5461=EDGE_CURVE('',#4470,#4469,#2587,.T.);
#5462=EDGE_CURVE('',#4469,#4471,#1964,.T.);
#5463=EDGE_CURVE('',#4471,#4417,#2588,.T.);
#5464=EDGE_CURVE('',#4472,#4418,#2589,.T.);
#5465=EDGE_CURVE('',#4471,#4472,#2590,.T.);
#5466=EDGE_CURVE('',#4472,#4473,#1965,.T.);
#5467=EDGE_CURVE('',#4473,#4419,#2591,.T.);
#5468=EDGE_CURVE('',#4474,#4420,#2592,.T.);
#5469=EDGE_CURVE('',#4473,#4474,#2593,.T.);
#5470=EDGE_CURVE('',#4474,#4475,#1966,.T.);
#5471=EDGE_CURVE('',#4475,#4421,#2594,.T.);
#5472=EDGE_CURVE('',#4476,#4422,#2595,.T.);
#5473=EDGE_CURVE('',#4475,#4476,#1967,.T.);
#5474=EDGE_CURVE('',#4477,#4310,#2596,.T.);
#5475=EDGE_CURVE('',#4476,#4477,#1968,.T.);
#5476=EDGE_CURVE('',#4414,#4478,#2597,.T.);
#5477=EDGE_CURVE('',#4478,#4470,#1969,.T.);
#5478=EDGE_CURVE('',#4479,#4311,#2598,.T.);
#5479=EDGE_CURVE('',#4477,#4479,#291,.T.);
#5480=EDGE_CURVE('',#4480,#4481,#2599,.T.);
#5481=EDGE_CURVE('',#4481,#4482,#1970,.T.);
#5482=EDGE_CURVE('',#4482,#4483,#2600,.T.);
#5483=EDGE_CURVE('',#4483,#4480,#1971,.T.);
#5484=EDGE_CURVE('',#4482,#4311,#292,.T.);
#5485=EDGE_CURVE('',#4479,#4483,#293,.T.);
#5486=EDGE_CURVE('',#4414,#4481,#294,.T.);
#5487=EDGE_CURVE('',#4480,#4478,#295,.T.);
#5488=EDGE_CURVE('',#4472,#4484,#2601,.T.);
#5489=EDGE_CURVE('',#4485,#4484,#1972,.T.);
#5490=EDGE_CURVE('',#4485,#4473,#2602,.T.);
#5491=EDGE_CURVE('',#4486,#4471,#2603,.T.);
#5492=EDGE_CURVE('',#4484,#4486,#2604,.T.);
#5493=EDGE_CURVE('',#4469,#4487,#2605,.T.);
#5494=EDGE_CURVE('',#4486,#4487,#1973,.T.);
#5495=EDGE_CURVE('',#4488,#4470,#2606,.T.);
#5496=EDGE_CURVE('',#4487,#4488,#2607,.T.);
#5497=EDGE_CURVE('',#4480,#4489,#2608,.T.);
#5498=EDGE_CURVE('',#4488,#4489,#1974,.T.);
#5499=EDGE_CURVE('',#4490,#4483,#2609,.T.);
#5500=EDGE_CURVE('',#4489,#4490,#1975,.T.);
#5501=EDGE_CURVE('',#4491,#4413,#1976,.T.);
#5502=EDGE_CURVE('',#4491,#4312,#1977,.T.);
#5503=EDGE_CURVE('',#4492,#4493,#2610,.T.);
#5504=EDGE_CURVE('',#4493,#4494,#1978,.T.);
#5505=EDGE_CURVE('',#4494,#4495,#2611,.T.);
#5506=EDGE_CURVE('',#4495,#4492,#1979,.T.);
#5507=EDGE_CURVE('',#4492,#4496,#2612,.T.);
#5508=EDGE_CURVE('',#4496,#4497,#2613,.T.);
#5509=EDGE_CURVE('',#4497,#4493,#2614,.T.);
#5510=EDGE_CURVE('',#4496,#4498,#1980,.T.);
#5511=EDGE_CURVE('',#4498,#4499,#2615,.T.);
#5512=EDGE_CURVE('',#4499,#4497,#1981,.T.);
#5513=EDGE_CURVE('',#4500,#4501,#2616,.T.);
#5514=EDGE_CURVE('',#4501,#4499,#1982,.T.);
#5515=EDGE_CURVE('',#4498,#4500,#1983,.T.);
#5516=EDGE_CURVE('',#4502,#4503,#2617,.T.);
#5517=EDGE_CURVE('',#4503,#4504,#1984,.T.);
#5518=EDGE_CURVE('',#4504,#4505,#2618,.T.);
#5519=EDGE_CURVE('',#4505,#4502,#1985,.T.);
#5520=EDGE_CURVE('',#4504,#4495,#2619,.T.);
#5521=EDGE_CURVE('',#4494,#4505,#2620,.T.);
#5522=EDGE_CURVE('',#4506,#4507,#2621,.T.);
#5523=EDGE_CURVE('',#4507,#4508,#2622,.T.);
#5524=EDGE_CURVE('',#4508,#4509,#2623,.T.);
#5525=EDGE_CURVE('',#4509,#4506,#2624,.T.);
#5526=EDGE_CURVE('',#4508,#4510,#1986,.T.);
#5527=EDGE_CURVE('',#4510,#4511,#2625,.T.);
#5528=EDGE_CURVE('',#4511,#4509,#1987,.T.);
#5529=EDGE_CURVE('',#4506,#4501,#296,.T.);
#5530=EDGE_CURVE('',#4500,#4507,#297,.T.);
#5531=EDGE_CURVE('',#4502,#4511,#298,.T.);
#5532=EDGE_CURVE('',#4510,#4503,#299,.T.);
#5533=EDGE_CURVE('',#4512,#4497,#2626,.T.);
#5534=EDGE_CURVE('',#4513,#4512,#2627,.T.);
#5535=EDGE_CURVE('',#4493,#4513,#2628,.T.);
#5536=EDGE_CURVE('',#4514,#4499,#2629,.T.);
#5537=EDGE_CURVE('',#4512,#4514,#1988,.T.);
#5538=EDGE_CURVE('',#4506,#4515,#2630,.T.);
#5539=EDGE_CURVE('',#4514,#4515,#1989,.T.);
#5540=EDGE_CURVE('',#4516,#4509,#2631,.T.);
#5541=EDGE_CURVE('',#4515,#4516,#2632,.T.);
#5542=EDGE_CURVE('',#4517,#4508,#1990,.T.);
#5543=EDGE_CURVE('',#4517,#4518,#1991,.T.);
#5544=EDGE_CURVE('',#4518,#4519,#1992,.T.);
#5545=EDGE_CURVE('',#4519,#4503,#1993,.T.);
#5546=EDGE_CURVE('',#4520,#4521,#2633,.T.);
#5547=EDGE_CURVE('',#4521,#4522,#1994,.T.);
#5548=EDGE_CURVE('',#4522,#4523,#2634,.T.);
#5549=EDGE_CURVE('',#4523,#4520,#1995,.T.);
#5550=EDGE_CURVE('',#4520,#4524,#2635,.T.);
#5551=EDGE_CURVE('',#4524,#4525,#2636,.T.);
#5552=EDGE_CURVE('',#4525,#4521,#2637,.T.);
#5553=EDGE_CURVE('',#4526,#4527,#2638,.T.);
#5554=EDGE_CURVE('',#4527,#4525,#1996,.T.);
#5555=EDGE_CURVE('',#4524,#4526,#1997,.T.);
#5556=EDGE_CURVE('',#4528,#4529,#2639,.T.);
#5557=EDGE_CURVE('',#4529,#4530,#1998,.T.);
#5558=EDGE_CURVE('',#4530,#4531,#2640,.T.);
#5559=EDGE_CURVE('',#4531,#4528,#1999,.T.);
#5560=EDGE_CURVE('',#4530,#4532,#2000,.T.);
#5561=EDGE_CURVE('',#4532,#4533,#2641,.T.);
#5562=EDGE_CURVE('',#4533,#4531,#2001,.T.);
#5563=EDGE_CURVE('',#4532,#4523,#2642,.T.);
#5564=EDGE_CURVE('',#4522,#4533,#2643,.T.);
#5565=EDGE_CURVE('',#4534,#4535,#2644,.T.);
#5566=EDGE_CURVE('',#4535,#4536,#2002,.T.);
#5567=EDGE_CURVE('',#4536,#4537,#2645,.T.);
#5568=EDGE_CURVE('',#4537,#4534,#2003,.T.);
#5569=EDGE_CURVE('',#4536,#4538,#2646,.T.);
#5570=EDGE_CURVE('',#4538,#4539,#2647,.T.);
#5571=EDGE_CURVE('',#4539,#4537,#2648,.T.);
#5572=EDGE_CURVE('',#4534,#4527,#300,.T.);
#5573=EDGE_CURVE('',#4526,#4535,#301,.T.);
#5574=EDGE_CURVE('',#4528,#4539,#302,.T.);
#5575=EDGE_CURVE('',#4538,#4529,#303,.T.);
#5576=EDGE_CURVE('',#4521,#4540,#2649,.T.);
#5577=EDGE_CURVE('',#4541,#4540,#2004,.T.);
#5578=EDGE_CURVE('',#4541,#4522,#2650,.T.);
#5579=EDGE_CURVE('',#4542,#4525,#2651,.T.);
#5580=EDGE_CURVE('',#4540,#4542,#2652,.T.);
#5581=EDGE_CURVE('',#4534,#4543,#2653,.T.);
#5582=EDGE_CURVE('',#4542,#4543,#2005,.T.);
#5583=EDGE_CURVE('',#4544,#4537,#2654,.T.);
#5584=EDGE_CURVE('',#4543,#4544,#2006,.T.);
#5585=EDGE_CURVE('',#4545,#4536,#2007,.T.);
#5586=EDGE_CURVE('',#4545,#4546,#2655,.T.);
#5587=EDGE_CURVE('',#4546,#4547,#2008,.T.);
#5588=EDGE_CURVE('',#4547,#4529,#2656,.T.);
#5589=EDGE_CURVE('',#4548,#4549,#2657,.T.);
#5590=EDGE_CURVE('',#4549,#4550,#2658,.T.);
#5591=EDGE_CURVE('',#4550,#4551,#2659,.T.);
#5592=EDGE_CURVE('',#4551,#4548,#2660,.T.);
#5593=EDGE_CURVE('',#4552,#4553,#2661,.T.);
#5594=EDGE_CURVE('',#4553,#4549,#2009,.T.);
#5595=EDGE_CURVE('',#4548,#4552,#2010,.T.);
#5596=EDGE_CURVE('',#4554,#4555,#2662,.T.);
#5597=EDGE_CURVE('',#4555,#4553,#2663,.T.);
#5598=EDGE_CURVE('',#4552,#4556,#2664,.T.);
#5599=EDGE_CURVE('',#4557,#4556,#2665,.T.);
#5600=EDGE_CURVE('',#4557,#4554,#2666,.T.);
#5601=EDGE_CURVE('',#4558,#4559,#2667,.T.);
#5602=EDGE_CURVE('',#4559,#4555,#2011,.T.);
#5603=EDGE_CURVE('',#4554,#4558,#2012,.T.);
#5604=EDGE_CURVE('',#4560,#4561,#2668,.T.);
#5605=EDGE_CURVE('',#4561,#4559,#2669,.T.);
#5606=EDGE_CURVE('',#4558,#4560,#2670,.T.);
#5607=EDGE_CURVE('',#4562,#4563,#2671,.T.);
#5608=EDGE_CURVE('',#4563,#4561,#2013,.T.);
#5609=EDGE_CURVE('',#4560,#4562,#2014,.T.);
#5610=EDGE_CURVE('',#4564,#4565,#2672,.T.);
#5611=EDGE_CURVE('',#4565,#4563,#2673,.T.);
#5612=EDGE_CURVE('',#4562,#4564,#2674,.T.);
#5613=EDGE_CURVE('',#4550,#4565,#2015,.T.);
#5614=EDGE_CURVE('',#4564,#4551,#2016,.T.);
#5615=EDGE_CURVE('',#4563,#4566,#2675,.T.);
#5616=EDGE_CURVE('',#4567,#4566,#2017,.T.);
#5617=EDGE_CURVE('',#4567,#4561,#2676,.T.);
#5618=EDGE_CURVE('',#4568,#4565,#2677,.T.);
#5619=EDGE_CURVE('',#4431,#4568,#304,.F.);
#5620=EDGE_CURVE('',#4569,#4430,#305,.F.);
#5621=EDGE_CURVE('',#4570,#4569,#2678,.T.);
#5622=EDGE_CURVE('',#4571,#4570,#2679,.T.);
#5623=EDGE_CURVE('',#4571,#4572,#2680,.T.);
#5624=EDGE_CURVE('',#4573,#4572,#306,.F.);
#5625=EDGE_CURVE('',#4574,#4573,#2681,.T.);
#5626=EDGE_CURVE('',#4575,#4574,#92,.F.);
#5627=EDGE_CURVE('',#4575,#4576,#2682,.T.);
#5628=EDGE_CURVE('',#4576,#4577,#2018,.T.);
#5629=EDGE_CURVE('',#4577,#4578,#2683,.T.);
#5630=EDGE_CURVE('',#4578,#4579,#2019,.T.);
#5631=EDGE_CURVE('',#4579,#4580,#2684,.T.);
#5632=EDGE_CURVE('',#4581,#4580,#93,.F.);
#5633=EDGE_CURVE('',#4582,#4581,#2685,.T.);
#5634=EDGE_CURVE('',#4583,#4582,#307,.F.);
#5635=EDGE_CURVE('',#4584,#4583,#2686,.T.);
#5636=EDGE_CURVE('',#4585,#4584,#2687,.T.);
#5637=EDGE_CURVE('',#4586,#4585,#2688,.T.);
#5638=EDGE_CURVE('',#4437,#4586,#308,.F.);
#5639=EDGE_CURVE('',#4566,#4436,#309,.F.);
#5640=EDGE_CURVE('',#4587,#4588,#2689,.T.);
#5641=EDGE_CURVE('',#4589,#4587,#2020,.T.);
#5642=EDGE_CURVE('',#4590,#4589,#2690,.T.);
#5643=EDGE_CURVE('',#4591,#4590,#2021,.T.);
#5644=EDGE_CURVE('',#4592,#4591,#2022,.T.);
#5645=EDGE_CURVE('',#4593,#4592,#2023,.T.);
#5646=EDGE_CURVE('',#4594,#4593,#2691,.T.);
#5647=EDGE_CURVE('',#4595,#4594,#2024,.T.);
#5648=EDGE_CURVE('',#4596,#4595,#2025,.T.);
#5649=EDGE_CURVE('',#4597,#4596,#2026,.T.);
#5650=EDGE_CURVE('',#4598,#4597,#2692,.T.);
#5651=EDGE_CURVE('',#4588,#4598,#2027,.T.);
#5652=EDGE_CURVE('',#4599,#4600,#2693,.T.);
#5653=EDGE_CURVE('',#4601,#4599,#2028,.T.);
#5654=EDGE_CURVE('',#4602,#4601,#2694,.T.);
#5655=EDGE_CURVE('',#4603,#4602,#2029,.T.);
#5656=EDGE_CURVE('',#4604,#4603,#2695,.T.);
#5657=EDGE_CURVE('',#4605,#4604,#2030,.T.);
#5658=EDGE_CURVE('',#4606,#4605,#2031,.T.);
#5659=EDGE_CURVE('',#4600,#4606,#2032,.T.);
#5660=EDGE_CURVE('',#4607,#4608,#2033,.T.);
#5661=EDGE_CURVE('',#4609,#4607,#2696,.T.);
#5662=EDGE_CURVE('',#4610,#4609,#2034,.T.);
#5663=EDGE_CURVE('',#4611,#4610,#2697,.T.);
#5664=EDGE_CURVE('',#4612,#4611,#2035,.T.);
#5665=EDGE_CURVE('',#4613,#4612,#2698,.T.);
#5666=EDGE_CURVE('',#4614,#4613,#2036,.T.);
#5667=EDGE_CURVE('',#4608,#4614,#2699,.T.);
#5668=EDGE_CURVE('',#4615,#4616,#2700,.T.);
#5669=EDGE_CURVE('',#4617,#4615,#2037,.T.);
#5670=EDGE_CURVE('',#4618,#4617,#2038,.T.);
#5671=EDGE_CURVE('',#4619,#4618,#2039,.T.);
#5672=EDGE_CURVE('',#4620,#4619,#2701,.T.);
#5673=EDGE_CURVE('',#4621,#4620,#2040,.T.);
#5674=EDGE_CURVE('',#4622,#4621,#2702,.T.);
#5675=EDGE_CURVE('',#4623,#4622,#2041,.T.);
#5676=EDGE_CURVE('',#4624,#4623,#2703,.T.);
#5677=EDGE_CURVE('',#4616,#4624,#2042,.T.);
#5678=EDGE_CURVE('',#4625,#4625,#2043,.T.);
#5679=EDGE_CURVE('',#4626,#4626,#2044,.T.);
#5680=EDGE_CURVE('',#4627,#4627,#2045,.T.);
#5681=EDGE_CURVE('',#4628,#4628,#2046,.T.);
#5682=EDGE_CURVE('',#4629,#4629,#2047,.T.);
#5683=EDGE_CURVE('',#4630,#4630,#2048,.T.);
#5684=EDGE_CURVE('',#4631,#4631,#2049,.T.);
#5685=EDGE_CURVE('',#4632,#4632,#2050,.T.);
#5686=EDGE_CURVE('',#4633,#4634,#2704,.T.);
#5687=EDGE_CURVE('',#4634,#4635,#2705,.T.);
#5688=EDGE_CURVE('',#4635,#4633,#2051,.T.);
#5689=EDGE_CURVE('',#4636,#4637,#2052,.T.);
#5690=EDGE_CURVE('',#4637,#4638,#2706,.T.);
#5691=EDGE_CURVE('',#4638,#4636,#2707,.T.);
#5692=EDGE_CURVE('',#4639,#4640,#2708,.T.);
#5693=EDGE_CURVE('',#4641,#4639,#2053,.T.);
#5694=EDGE_CURVE('',#4642,#4641,#2054,.T.);
#5695=EDGE_CURVE('',#4643,#4642,#2055,.T.);
#5696=EDGE_CURVE('',#4644,#4643,#2709,.T.);
#5697=EDGE_CURVE('',#4645,#4644,#2056,.T.);
#5698=EDGE_CURVE('',#4646,#4645,#2710,.T.);
#5699=EDGE_CURVE('',#4640,#4646,#2057,.T.);
#5700=EDGE_CURVE('',#4647,#4648,#2711,.T.);
#5701=EDGE_CURVE('',#4649,#4647,#2058,.T.);
#5702=EDGE_CURVE('',#4650,#4649,#2712,.T.);
#5703=EDGE_CURVE('',#4651,#4650,#2059,.T.);
#5704=EDGE_CURVE('',#4652,#4651,#2713,.T.);
#5705=EDGE_CURVE('',#4653,#4652,#2060,.T.);
#5706=EDGE_CURVE('',#4654,#4653,#2714,.T.);
#5707=EDGE_CURVE('',#4648,#4654,#2061,.T.);
#5708=EDGE_CURVE('',#4655,#4656,#2715,.T.);
#5709=EDGE_CURVE('',#4657,#4655,#2062,.T.);
#5710=EDGE_CURVE('',#4658,#4657,#2716,.T.);
#5711=EDGE_CURVE('',#4659,#4658,#2063,.T.);
#5712=EDGE_CURVE('',#4660,#4659,#2717,.T.);
#5713=EDGE_CURVE('',#4661,#4660,#2064,.T.);
#5714=EDGE_CURVE('',#4662,#4661,#2718,.T.);
#5715=EDGE_CURVE('',#4663,#4662,#2065,.T.);
#5716=EDGE_CURVE('',#4664,#4663,#2066,.T.);
#5717=EDGE_CURVE('',#4656,#4664,#2067,.T.);
#5718=EDGE_CURVE('',#4665,#4666,#2068,.T.);
#5719=EDGE_CURVE('',#4667,#4665,#2719,.T.);
#5720=EDGE_CURVE('',#4668,#4667,#2069,.T.);
#5721=EDGE_CURVE('',#4669,#4668,#2070,.T.);
#5722=EDGE_CURVE('',#4670,#4669,#2071,.T.);
#5723=EDGE_CURVE('',#4671,#4670,#2720,.T.);
#5724=EDGE_CURVE('',#4672,#4671,#2072,.T.);
#5725=EDGE_CURVE('',#4673,#4672,#2073,.T.);
#5726=EDGE_CURVE('',#4674,#4673,#2074,.T.);
#5727=EDGE_CURVE('',#4675,#4674,#2721,.T.);
#5728=EDGE_CURVE('',#4676,#4675,#2075,.T.);
#5729=EDGE_CURVE('',#4666,#4676,#2722,.T.);
#5730=EDGE_CURVE('',#4550,#4677,#2723,.T.);
#5731=EDGE_CURVE('',#4568,#4677,#2076,.T.);
#5732=EDGE_CURVE('',#4678,#4549,#2724,.T.);
#5733=EDGE_CURVE('',#4677,#4678,#2725,.T.);
#5734=EDGE_CURVE('',#4679,#4570,#2726,.T.);
#5735=EDGE_CURVE('',#4570,#4680,#2077,.T.);
#5736=EDGE_CURVE('',#4680,#4681,#2727,.T.);
#5737=EDGE_CURVE('',#4681,#4679,#2078,.T.);
#5738=EDGE_CURVE('',#4682,#4571,#2728,.T.);
#5739=EDGE_CURVE('',#4679,#4682,#2729,.T.);
#5740=EDGE_CURVE('',#4683,#4684,#2730,.T.);
#5741=EDGE_CURVE('',#4684,#4571,#2079,.T.);
#5742=EDGE_CURVE('',#4682,#4683,#2080,.T.);
#5743=EDGE_CURVE('',#4685,#4686,#2731,.T.);
#5744=EDGE_CURVE('',#4686,#4684,#2732,.T.);
#5745=EDGE_CURVE('',#4683,#4685,#2733,.T.);
#5746=EDGE_CURVE('',#4685,#4687,#2081,.T.);
#5747=EDGE_CURVE('',#4687,#4688,#2734,.T.);
#5748=EDGE_CURVE('',#4688,#4686,#2082,.T.);
#5749=EDGE_CURVE('',#4680,#4688,#2735,.T.);
#5750=EDGE_CURVE('',#4687,#4681,#2736,.T.);
#5751=EDGE_CURVE('',#4688,#4689,#2737,.T.);
#5752=EDGE_CURVE('',#4690,#4689,#2083,.T.);
#5753=EDGE_CURVE('',#4690,#4686,#2738,.T.);
#5754=EDGE_CURVE('',#4691,#4680,#2739,.T.);
#5755=EDGE_CURVE('',#4689,#4691,#2740,.T.);
#5756=EDGE_CURVE('',#4691,#4569,#2084,.T.);
#5757=EDGE_CURVE('',#4692,#4693,#2085,.T.);
#5758=EDGE_CURVE('',#4694,#4692,#2741,.T.);
#5759=EDGE_CURVE('',#4695,#4694,#2086,.T.);
#5760=EDGE_CURVE('',#4696,#4695,#2742,.T.);
#5761=EDGE_CURVE('',#4697,#4696,#2087,.T.);
#5762=EDGE_CURVE('',#4698,#4697,#2743,.T.);
#5763=EDGE_CURVE('',#4699,#4698,#2088,.T.);
#5764=EDGE_CURVE('',#4700,#4699,#2744,.T.);
#5765=EDGE_CURVE('',#4701,#4700,#2089,.T.);
#5766=EDGE_CURVE('',#4702,#4701,#2745,.T.);
#5767=EDGE_CURVE('',#4703,#4702,#2090,.T.);
#5768=EDGE_CURVE('',#4704,#4703,#2746,.T.);
#5769=EDGE_CURVE('',#4705,#4704,#2091,.T.);
#5770=EDGE_CURVE('',#4706,#4705,#2747,.T.);
#5771=EDGE_CURVE('',#4707,#4706,#2092,.T.);
#5772=EDGE_CURVE('',#4708,#4707,#2748,.T.);
#5773=EDGE_CURVE('',#4709,#4708,#2093,.T.);
#5774=EDGE_CURVE('',#4710,#4709,#2749,.T.);
#5775=EDGE_CURVE('',#4711,#4710,#2094,.T.);
#5776=EDGE_CURVE('',#4712,#4711,#2750,.T.);
#5777=EDGE_CURVE('',#4713,#4712,#2095,.T.);
#5778=EDGE_CURVE('',#4714,#4713,#2751,.T.);
#5779=EDGE_CURVE('',#4715,#4714,#2096,.T.);
#5780=EDGE_CURVE('',#4693,#4715,#2752,.T.);
#5781=EDGE_CURVE('',#4716,#4557,#2097,.T.);
#5782=EDGE_CURVE('',#4717,#4716,#2753,.T.);
#5783=EDGE_CURVE('',#4718,#4717,#2098,.T.);
#5784=EDGE_CURVE('',#4719,#4718,#2754,.T.);
#5785=EDGE_CURVE('',#4556,#4719,#2099,.T.);
#5786=EDGE_CURVE('',#4720,#4721,#2100,.T.);
#5787=EDGE_CURVE('',#4722,#4720,#2755,.T.);
#5788=EDGE_CURVE('',#4723,#4722,#2101,.T.);
#5789=EDGE_CURVE('',#4724,#4723,#2756,.T.);
#5790=EDGE_CURVE('',#4725,#4724,#2102,.T.);
#5791=EDGE_CURVE('',#4721,#4725,#2757,.T.);
#5792=EDGE_CURVE('',#4726,#4727,#2103,.T.);
#5793=EDGE_CURVE('',#4728,#4726,#2758,.T.);
#5794=EDGE_CURVE('',#4729,#4728,#2104,.T.);
#5795=EDGE_CURVE('',#4730,#4729,#2105,.T.);
#5796=EDGE_CURVE('',#4731,#4730,#2759,.T.);
#5797=EDGE_CURVE('',#4732,#4731,#2106,.T.);
#5798=EDGE_CURVE('',#4733,#4732,#2107,.T.);
#5799=EDGE_CURVE('',#4727,#4733,#2760,.T.);
#5800=EDGE_CURVE('',#4734,#4735,#2761,.T.);
#5801=EDGE_CURVE('',#4736,#4734,#2108,.T.);
#5802=EDGE_CURVE('',#4737,#4736,#2762,.T.);
#5803=EDGE_CURVE('',#4738,#4737,#2109,.T.);
#5804=EDGE_CURVE('',#4739,#4738,#2763,.T.);
#5805=EDGE_CURVE('',#4735,#4739,#2110,.T.);
#5806=EDGE_CURVE('',#4740,#4741,#2111,.T.);
#5807=EDGE_CURVE('',#4742,#4740,#2112,.T.);
#5808=EDGE_CURVE('',#4743,#4742,#2113,.T.);
#5809=EDGE_CURVE('',#4744,#4743,#2764,.T.);
#5810=EDGE_CURVE('',#4745,#4744,#2114,.T.);
#5811=EDGE_CURVE('',#4746,#4745,#2765,.T.);
#5812=EDGE_CURVE('',#4747,#4746,#2115,.T.);
#5813=EDGE_CURVE('',#4748,#4747,#2766,.T.);
#5814=EDGE_CURVE('',#4741,#4748,#2116,.T.);
#5815=EDGE_CURVE('',#4749,#4750,#2767,.T.);
#5816=EDGE_CURVE('',#4751,#4749,#2117,.T.);
#5817=EDGE_CURVE('',#4752,#4751,#2768,.T.);
#5818=EDGE_CURVE('',#4753,#4752,#2118,.T.);
#5819=EDGE_CURVE('',#4754,#4753,#2119,.T.);
#5820=EDGE_CURVE('',#4755,#4754,#2120,.T.);
#5821=EDGE_CURVE('',#4756,#4755,#2121,.T.);
#5822=EDGE_CURVE('',#4757,#4756,#2769,.T.);
#5823=EDGE_CURVE('',#4750,#4757,#2122,.T.);
#5824=EDGE_CURVE('',#4758,#4758,#2123,.T.);
#5825=EDGE_CURVE('',#4759,#4760,#2124,.T.);
#5826=EDGE_CURVE('',#4761,#4759,#2770,.T.);
#5827=EDGE_CURVE('',#4762,#4761,#2125,.T.);
#5828=EDGE_CURVE('',#4760,#4762,#2771,.T.);
#5829=EDGE_CURVE('',#4763,#4764,#2126,.T.);
#5830=EDGE_CURVE('',#4765,#4763,#2772,.T.);
#5831=EDGE_CURVE('',#4766,#4765,#2127,.T.);
#5832=EDGE_CURVE('',#4764,#4766,#2773,.T.);
#5833=EDGE_CURVE('',#4767,#4767,#2128,.T.);
#5834=EDGE_CURVE('',#4768,#4768,#2129,.T.);
#5835=EDGE_CURVE('',#4769,#4769,#2130,.T.);
#5836=EDGE_CURVE('',#4770,#4771,#2131,.T.);
#5837=EDGE_CURVE('',#4772,#4770,#2132,.T.);
#5838=EDGE_CURVE('',#4773,#4772,#2774,.T.);
#5839=EDGE_CURVE('',#4774,#4773,#2133,.T.);
#5840=EDGE_CURVE('',#4775,#4774,#2775,.T.);
#5841=EDGE_CURVE('',#4776,#4775,#2134,.T.);
#5842=EDGE_CURVE('',#4777,#4776,#2776,.T.);
#5843=EDGE_CURVE('',#4778,#4777,#2135,.T.);
#5844=EDGE_CURVE('',#4779,#4778,#2136,.T.);
#5845=EDGE_CURVE('',#4771,#4779,#2137,.T.);
#5846=EDGE_CURVE('',#4780,#4781,#2138,.T.);
#5847=EDGE_CURVE('',#4782,#4780,#2139,.T.);
#5848=EDGE_CURVE('',#4783,#4782,#2140,.T.);
#5849=EDGE_CURVE('',#4784,#4783,#2141,.T.);
#5850=EDGE_CURVE('',#4785,#4784,#2142,.T.);
#5851=EDGE_CURVE('',#4786,#4785,#2777,.T.);
#5852=EDGE_CURVE('',#4787,#4786,#2143,.T.);
#5853=EDGE_CURVE('',#4788,#4787,#2778,.T.);
#5854=EDGE_CURVE('',#4789,#4788,#2144,.T.);
#5855=EDGE_CURVE('',#4781,#4789,#2779,.T.);
#5856=EDGE_CURVE('',#4790,#4791,#2145,.T.);
#5857=EDGE_CURVE('',#4792,#4790,#2780,.T.);
#5858=EDGE_CURVE('',#4793,#4792,#2146,.T.);
#5859=EDGE_CURVE('',#4794,#4793,#2147,.T.);
#5860=EDGE_CURVE('',#4795,#4794,#2781,.T.);
#5861=EDGE_CURVE('',#4796,#4795,#2148,.T.);
#5862=EDGE_CURVE('',#4797,#4796,#2782,.T.);
#5863=EDGE_CURVE('',#4791,#4797,#2149,.T.);
#5864=EDGE_CURVE('',#4798,#4799,#2783,.T.);
#5865=EDGE_CURVE('',#4800,#4798,#2150,.T.);
#5866=EDGE_CURVE('',#4801,#4800,#2784,.T.);
#5867=EDGE_CURVE('',#4802,#4801,#2151,.T.);
#5868=EDGE_CURVE('',#4803,#4802,#2785,.T.);
#5869=EDGE_CURVE('',#4799,#4803,#2152,.T.);
#5870=EDGE_CURVE('',#4721,#4804,#2786,.T.);
#5871=EDGE_CURVE('',#4804,#4585,#2153,.T.);
#5872=EDGE_CURVE('',#4585,#4720,#2787,.T.);
#5873=EDGE_CURVE('',#4725,#4805,#2788,.T.);
#5874=EDGE_CURVE('',#4805,#4804,#2789,.T.);
#5875=EDGE_CURVE('',#4724,#4806,#2790,.T.);
#5876=EDGE_CURVE('',#4806,#4805,#2154,.T.);
#5877=EDGE_CURVE('',#4723,#4807,#2791,.T.);
#5878=EDGE_CURVE('',#4807,#4806,#2792,.T.);
#5879=EDGE_CURVE('',#4722,#4584,#2793,.T.);
#5880=EDGE_CURVE('',#4584,#4807,#2155,.T.);
#5881=EDGE_CURVE('',#4808,#4583,#94,.T.);
#5882=EDGE_CURVE('',#4809,#4808,#2156,.T.);
#5883=EDGE_CURVE('',#4807,#4809,#2794,.T.);
#5884=EDGE_CURVE('',#4804,#4810,#2795,.T.);
#5885=EDGE_CURVE('',#4586,#4810,#2157,.T.);
#5886=EDGE_CURVE('',#4441,#4809,#2158,.T.);
#5887=EDGE_CURVE('',#4808,#4442,#310,.F.);
#5888=EDGE_CURVE('',#4440,#4811,#2159,.T.);
#5889=EDGE_CURVE('',#4811,#4809,#2796,.T.);
#5890=EDGE_CURVE('',#4439,#4812,#2160,.T.);
#5891=EDGE_CURVE('',#4812,#4811,#2161,.T.);
#5892=EDGE_CURVE('',#4438,#4810,#2162,.T.);
#5893=EDGE_CURVE('',#4810,#4812,#2797,.T.);
#5894=EDGE_CURVE('',#4813,#4426,#2163,.T.);
#5895=EDGE_CURVE('',#4425,#4814,#311,.F.);
#5896=EDGE_CURVE('',#4814,#4813,#2164,.T.);
#5897=EDGE_CURVE('',#4690,#4427,#2165,.T.);
#5898=EDGE_CURVE('',#4813,#4690,#2798,.T.);
#5899=EDGE_CURVE('',#4689,#4428,#2166,.T.);
#5900=EDGE_CURVE('',#4691,#4429,#2167,.T.);
#5901=EDGE_CURVE('',#4684,#4813,#2799,.T.);
#5902=EDGE_CURVE('',#4572,#4814,#95,.T.);
#5903=EDGE_CURVE('',#4435,#4567,#2168,.T.);
#5904=EDGE_CURVE('',#4434,#4815,#2169,.T.);
#5905=EDGE_CURVE('',#4815,#4567,#2800,.T.);
#5906=EDGE_CURVE('',#4337,#4815,#2170,.T.);
#5907=EDGE_CURVE('',#4433,#4678,#2171,.T.);
#5908=EDGE_CURVE('',#4678,#4336,#2172,.T.);
#5909=EDGE_CURVE('',#4432,#4677,#2173,.T.);
#5910=EDGE_CURVE('',#4553,#4336,#2801,.T.);
#5911=EDGE_CURVE('',#4806,#4811,#2802,.T.);
#5912=EDGE_CURVE('',#4812,#4805,#2803,.T.);
#5913=EDGE_CURVE('',#4559,#4815,#2804,.T.);
#5914=EDGE_CURVE('',#4337,#4555,#2805,.T.);
#5915=EDGE_CURVE('',#4816,#4798,#2806,.T.);
#5916=EDGE_CURVE('',#4799,#4817,#2807,.T.);
#5917=EDGE_CURVE('',#4817,#4816,#2808,.T.);
#5918=EDGE_CURVE('',#4289,#4800,#2809,.T.);
#5919=EDGE_CURVE('',#4816,#4289,#2174,.T.);
#5920=EDGE_CURVE('',#4288,#4801,#2810,.T.);
#5921=EDGE_CURVE('',#4290,#4802,#2811,.T.);
#5922=EDGE_CURVE('',#4291,#4803,#2812,.T.);
#5923=EDGE_CURVE('',#4291,#4817,#2175,.T.);
#5924=EDGE_CURVE('',#4816,#4266,#2813,.T.);
#5925=EDGE_CURVE('',#4275,#4817,#2814,.T.);
#5926=EDGE_CURVE('',#4513,#4726,#2815,.T.);
#5927=EDGE_CURVE('',#4727,#4818,#2816,.T.);
#5928=EDGE_CURVE('',#4818,#4513,#2176,.T.);
#5929=EDGE_CURVE('',#4512,#4728,#2817,.T.);
#5930=EDGE_CURVE('',#4514,#4729,#2818,.T.);
#5931=EDGE_CURVE('',#4515,#4730,#2819,.T.);
#5932=EDGE_CURVE('',#4516,#4731,#2820,.T.);
#5933=EDGE_CURVE('',#4819,#4732,#2821,.T.);
#5934=EDGE_CURVE('',#4516,#4819,#2177,.T.);
#5935=EDGE_CURVE('',#4819,#4820,#2178,.T.);
#5936=EDGE_CURVE('',#4820,#4733,#2822,.T.);
#5937=EDGE_CURVE('',#4820,#4818,#2823,.T.);
#5938=EDGE_CURVE('',#4818,#4494,#2824,.T.);
#5939=EDGE_CURVE('',#4544,#4790,#2825,.T.);
#5940=EDGE_CURVE('',#4791,#4543,#2826,.T.);
#5941=EDGE_CURVE('',#4821,#4792,#2827,.T.);
#5942=EDGE_CURVE('',#4544,#4821,#2828,.T.);
#5943=EDGE_CURVE('',#4821,#4822,#2179,.T.);
#5944=EDGE_CURVE('',#4822,#4793,#2829,.T.);
#5945=EDGE_CURVE('',#4823,#4794,#2830,.T.);
#5946=EDGE_CURVE('',#4822,#4823,#2180,.T.);
#5947=EDGE_CURVE('',#4541,#4795,#2831,.T.);
#5948=EDGE_CURVE('',#4823,#4541,#2832,.T.);
#5949=EDGE_CURVE('',#4540,#4796,#2833,.T.);
#5950=EDGE_CURVE('',#4542,#4797,#2834,.T.);
#5951=EDGE_CURVE('',#4823,#4533,#2835,.T.);
#5952=EDGE_CURVE('',#4531,#4822,#2836,.T.);
#5953=EDGE_CURVE('',#4821,#4539,#2837,.T.);
#5954=EDGE_CURVE('',#4315,#4734,#2838,.T.);
#5955=EDGE_CURVE('',#4735,#4316,#2839,.T.);
#5956=EDGE_CURVE('',#4317,#4736,#2840,.T.);
#5957=EDGE_CURVE('',#4318,#4737,#2841,.T.);
#5958=EDGE_CURVE('',#4824,#4738,#2842,.T.);
#5959=EDGE_CURVE('',#4318,#4824,#2181,.T.);
#5960=EDGE_CURVE('',#4825,#4739,#2843,.T.);
#5961=EDGE_CURVE('',#4824,#4825,#2844,.T.);
#5962=EDGE_CURVE('',#4825,#4316,#2182,.T.);
#5963=EDGE_CURVE('',#4781,#4488,#2845,.T.);
#5964=EDGE_CURVE('',#4489,#4780,#2846,.T.);
#5965=EDGE_CURVE('',#4789,#4487,#2847,.T.);
#5966=EDGE_CURVE('',#4788,#4486,#2848,.T.);
#5967=EDGE_CURVE('',#4787,#4484,#2849,.T.);
#5968=EDGE_CURVE('',#4786,#4485,#2850,.T.);
#5969=EDGE_CURVE('',#4785,#4826,#2851,.T.);
#5970=EDGE_CURVE('',#4826,#4485,#2852,.T.);
#5971=EDGE_CURVE('',#4784,#4827,#2853,.T.);
#5972=EDGE_CURVE('',#4827,#4826,#2183,.T.);
#5973=EDGE_CURVE('',#4783,#4828,#2854,.T.);
#5974=EDGE_CURVE('',#4828,#4827,#2184,.T.);
#5975=EDGE_CURVE('',#4782,#4490,#2855,.T.);
#5976=EDGE_CURVE('',#4490,#4828,#2185,.T.);
#5977=EDGE_CURVE('',#4474,#4826,#2856,.T.);
#5978=EDGE_CURVE('',#4827,#4475,#2857,.T.);
#5979=EDGE_CURVE('',#4476,#4828,#2858,.T.);
#5980=EDGE_CURVE('',#4741,#4829,#2859,.T.);
#5981=EDGE_CURVE('',#4829,#4830,#2186,.T.);
#5982=EDGE_CURVE('',#4830,#4740,#2860,.T.);
#5983=EDGE_CURVE('',#4748,#4467,#2861,.T.);
#5984=EDGE_CURVE('',#4467,#4829,#2187,.T.);
#5985=EDGE_CURVE('',#4747,#4466,#2862,.T.);
#5986=EDGE_CURVE('',#4746,#4465,#2863,.T.);
#5987=EDGE_CURVE('',#4745,#4464,#2864,.T.);
#5988=EDGE_CURVE('',#4744,#4462,#2865,.T.);
#5989=EDGE_CURVE('',#4743,#4463,#2866,.T.);
#5990=EDGE_CURVE('',#4742,#4831,#2867,.T.);
#5991=EDGE_CURVE('',#4831,#4463,#2188,.T.);
#5992=EDGE_CURVE('',#4830,#4831,#2189,.T.);
#5993=EDGE_CURVE('',#4831,#4451,#2868,.T.);
#5994=EDGE_CURVE('',#4457,#4830,#2869,.T.);
#5995=EDGE_CURVE('',#4829,#4461,#2870,.T.);
#5996=EDGE_CURVE('',#4717,#4832,#2871,.T.);
#5997=EDGE_CURVE('',#4832,#4340,#2190,.T.);
#5998=EDGE_CURVE('',#4340,#4718,#2872,.T.);
#5999=EDGE_CURVE('',#4716,#4833,#2873,.T.);
#6000=EDGE_CURVE('',#4833,#4832,#2874,.T.);
#6001=EDGE_CURVE('',#4557,#4342,#2875,.T.);
#6002=EDGE_CURVE('',#4342,#4833,#2191,.T.);
#6003=EDGE_CURVE('',#4556,#4341,#2876,.T.);
#6004=EDGE_CURVE('',#4719,#4339,#2877,.T.);
#6005=EDGE_CURVE('',#4832,#4322,#2878,.T.);
#6006=EDGE_CURVE('',#4834,#4749,#2879,.T.);
#6007=EDGE_CURVE('',#4750,#4835,#2880,.T.);
#6008=EDGE_CURVE('',#4835,#4834,#2881,.T.);
#6009=EDGE_CURVE('',#4836,#4751,#2882,.T.);
#6010=EDGE_CURVE('',#4834,#4836,#2192,.T.);
#6011=EDGE_CURVE('',#4396,#4752,#2883,.T.);
#6012=EDGE_CURVE('',#4836,#4396,#2884,.T.);
#6013=EDGE_CURVE('',#4395,#4753,#2885,.T.);
#6014=EDGE_CURVE('',#4397,#4754,#2886,.T.);
#6015=EDGE_CURVE('',#4398,#4755,#2887,.T.);
#6016=EDGE_CURVE('',#4399,#4756,#2888,.T.);
#6017=EDGE_CURVE('',#4400,#4757,#2889,.T.);
#6018=EDGE_CURVE('',#4400,#4835,#2193,.T.);
#6019=EDGE_CURVE('',#4379,#4836,#2890,.T.);
#6020=EDGE_CURVE('',#4834,#4381,#2891,.T.);
#6021=EDGE_CURVE('',#4383,#4835,#2892,.T.);
#6022=EDGE_CURVE('',#4837,#4838,#2194,.T.);
#6023=EDGE_CURVE('',#4838,#4770,#2893,.T.);
#6024=EDGE_CURVE('',#4771,#4837,#312,.T.);
#6025=EDGE_CURVE('',#4838,#4839,#2195,.T.);
#6026=EDGE_CURVE('',#4839,#4772,#2894,.T.);
#6027=EDGE_CURVE('',#4840,#4773,#2895,.T.);
#6028=EDGE_CURVE('',#4839,#4840,#2896,.T.);
#6029=EDGE_CURVE('',#4840,#4368,#2196,.T.);
#6030=EDGE_CURVE('',#4368,#4774,#2897,.T.);
#6031=EDGE_CURVE('',#4367,#4775,#2898,.T.);
#6032=EDGE_CURVE('',#4369,#4776,#2899,.T.);
#6033=EDGE_CURVE('',#4370,#4777,#2900,.T.);
#6034=EDGE_CURVE('',#4371,#4778,#2901,.T.);
#6035=EDGE_CURVE('',#4372,#4779,#2902,.T.);
#6036=EDGE_CURVE('',#4372,#4837,#2197,.T.);
#6037=EDGE_CURVE('',#4840,#4356,#2903,.T.);
#6038=EDGE_CURVE('',#4358,#4839,#2904,.T.);
#6039=EDGE_CURVE('',#4838,#4364,#2905,.T.);
#6040=EDGE_CURVE('',#4837,#4362,#2906,.T.);
#6041=EDGE_CURVE('',#4319,#4833,#2907,.T.);
#6042=EDGE_CURVE('',#4825,#4294,#2908,.T.);
#6043=EDGE_CURVE('',#4303,#4824,#2909,.T.);
#6044=EDGE_CURVE('',#4505,#4820,#2910,.T.);
#6045=EDGE_CURVE('',#4819,#4511,#2911,.T.);
#6046=EDGE_CURVE('',#4424,#4573,#96,.T.);
#6047=EDGE_CURVE('',#4574,#4314,#2912,.T.);
#6048=EDGE_CURVE('',#4582,#4443,#97,.T.);
#6049=EDGE_CURVE('',#4841,#4401,#2198,.T.);
#6050=EDGE_CURVE('',#4365,#4841,#2913,.T.);
#6051=EDGE_CURVE('',#4280,#4581,#2914,.T.);
#6052=EDGE_CURVE('',#4580,#4281,#2915,.T.);
#6053=EDGE_CURVE('',#4401,#4842,#2199,.T.);
#6054=EDGE_CURVE('',#4842,#4843,#2916,.T.);
#6055=EDGE_CURVE('',#4843,#4402,#2200,.T.);
#6056=EDGE_CURVE('',#4843,#4446,#2201,.T.);
#6057=EDGE_CURVE('',#4844,#4412,#2202,.T.);
#6058=EDGE_CURVE('',#4468,#4844,#2917,.T.);
#6059=EDGE_CURVE('',#4841,#4842,#2203,.T.);
#6060=EDGE_CURVE('',#4412,#4845,#2204,.T.);
#6061=EDGE_CURVE('',#4845,#4491,#2918,.T.);
#6062=EDGE_CURVE('',#4313,#4575,#2919,.T.);
#6063=EDGE_CURVE('',#4844,#4845,#2205,.T.);
#6064=EDGE_CURVE('',#4286,#4768,#2920,.T.);
#6065=EDGE_CURVE('',#4423,#4767,#2921,.T.);
#6066=EDGE_CURVE('',#4758,#4846,#2922,.T.);
#6067=EDGE_CURVE('',#4846,#4847,#2206,.T.);
#6068=EDGE_CURVE('',#4847,#4846,#2207,.T.);
#6069=EDGE_CURVE('',#4847,#4848,#2923,.T.);
#6070=EDGE_CURVE('',#4848,#4848,#2208,.T.);
#6071=EDGE_CURVE('',#4769,#4849,#2924,.T.);
#6072=EDGE_CURVE('',#4849,#4850,#2209,.T.);
#6073=EDGE_CURVE('',#4850,#4849,#2210,.T.);
#6074=EDGE_CURVE('',#4850,#4851,#2925,.T.);
#6075=EDGE_CURVE('',#4851,#4851,#2211,.T.);
#6076=EDGE_CURVE('',#4852,#4852,#2212,.T.);
#6077=EDGE_CURVE('',#4852,#4444,#2926,.T.);
#6078=EDGE_CURVE('',#4853,#4853,#2213,.T.);
#6079=EDGE_CURVE('',#4853,#4445,#2927,.T.);
#6080=EDGE_CURVE('',#4854,#4855,#313,.T.);
#6081=EDGE_CURVE('',#4855,#4856,#2214,.T.);
#6082=EDGE_CURVE('',#4856,#4857,#2928,.T.);
#6083=EDGE_CURVE('',#4857,#4858,#2215,.T.);
#6084=EDGE_CURVE('',#4858,#4857,#2216,.T.);
#6085=EDGE_CURVE('',#4856,#4854,#2217,.T.);
#6086=EDGE_CURVE('',#4854,#4859,#2929,.T.);
#6087=EDGE_CURVE('',#4860,#4859,#2930,.T.);
#6088=EDGE_CURVE('',#4860,#4861,#2931,.T.);
#6089=EDGE_CURVE('',#4861,#4862,#2932,.T.);
#6090=EDGE_CURVE('',#4862,#4863,#2933,.T.);
#6091=EDGE_CURVE('',#4864,#4863,#2934,.T.);
#6092=EDGE_CURVE('',#4864,#4865,#2935,.T.);
#6093=EDGE_CURVE('',#4866,#4865,#314,.T.);
#6094=EDGE_CURVE('',#4866,#4867,#2936,.T.);
#6095=EDGE_CURVE('',#4867,#4868,#2218,.T.);
#6096=EDGE_CURVE('',#4868,#4869,#2937,.T.);
#6097=EDGE_CURVE('',#4869,#4870,#2219,.T.);
#6098=EDGE_CURVE('',#4870,#4855,#2938,.T.);
#6099=EDGE_CURVE('',#4858,#4631,#2939,.T.);
#6100=EDGE_CURVE('',#4871,#4871,#2220,.T.);
#6101=EDGE_CURVE('',#4871,#4872,#2940,.T.);
#6102=EDGE_CURVE('',#4872,#4873,#2221,.T.);
#6103=EDGE_CURVE('',#4873,#4872,#2222,.T.);
#6104=EDGE_CURVE('',#4874,#4870,#2223,.T.);
#6105=EDGE_CURVE('',#4875,#4874,#2941,.T.);
#6106=EDGE_CURVE('',#4876,#4875,#2224,.T.);
#6107=EDGE_CURVE('',#4877,#4876,#2942,.T.);
#6108=EDGE_CURVE('',#4878,#4877,#2225,.T.);
#6109=EDGE_CURVE('',#4879,#4878,#2226,.T.);
#6110=EDGE_CURVE('',#4880,#4879,#2227,.T.);
#6111=EDGE_CURVE('',#4881,#4880,#2943,.T.);
#6112=EDGE_CURVE('',#4882,#4881,#2228,.T.);
#6113=EDGE_CURVE('',#4883,#4882,#2944,.T.);
#6114=EDGE_CURVE('',#4884,#4883,#2945,.T.);
#6115=EDGE_CURVE('',#4885,#4884,#2229,.T.);
#6116=EDGE_CURVE('',#4884,#4885,#2230,.T.);
#6117=EDGE_CURVE('',#4886,#4884,#2946,.T.);
#6118=EDGE_CURVE('',#4887,#4886,#2231,.T.);
#6119=EDGE_CURVE('',#4886,#4887,#2232,.T.);
#6120=EDGE_CURVE('',#4888,#4886,#2947,.T.);
#6121=EDGE_CURVE('',#4889,#4888,#2948,.T.);
#6122=EDGE_CURVE('',#4890,#4889,#2233,.T.);
#6123=EDGE_CURVE('',#4891,#4890,#2949,.T.);
#6124=EDGE_CURVE('',#4892,#4891,#2234,.T.);
#6125=EDGE_CURVE('',#4893,#4892,#2235,.T.);
#6126=EDGE_CURVE('',#4894,#4893,#2236,.T.);
#6127=EDGE_CURVE('',#4895,#4894,#2950,.T.);
#6128=EDGE_CURVE('',#4896,#4895,#2237,.T.);
#6129=EDGE_CURVE('',#4897,#4896,#2951,.T.);
#6130=EDGE_CURVE('',#4867,#4897,#2238,.T.);
#6131=EDGE_CURVE('',#4898,#4866,#2239,.T.);
#6132=EDGE_CURVE('',#4865,#4898,#2240,.T.);
#6133=EDGE_CURVE('',#4899,#4864,#2241,.T.);
#6134=EDGE_CURVE('',#4900,#4899,#2242,.T.);
#6135=EDGE_CURVE('',#4901,#4900,#2243,.T.);
#6136=EDGE_CURVE('',#4902,#4901,#2952,.T.);
#6137=EDGE_CURVE('',#4903,#4902,#2244,.T.);
#6138=EDGE_CURVE('',#4904,#4903,#2953,.T.);
#6139=EDGE_CURVE('',#4905,#4904,#2245,.T.);
#6140=EDGE_CURVE('',#4906,#4905,#2954,.T.);
#6141=EDGE_CURVE('',#4907,#4906,#2246,.T.);
#6142=EDGE_CURVE('',#4908,#4907,#2247,.T.);
#6143=EDGE_CURVE('',#4863,#4908,#2248,.T.);
#6144=EDGE_CURVE('',#4909,#4862,#2249,.T.);
#6145=EDGE_CURVE('',#4862,#4909,#2250,.T.);
#6146=EDGE_CURVE('',#4910,#4861,#2251,.T.);
#6147=EDGE_CURVE('',#4861,#4910,#2252,.T.);
#6148=EDGE_CURVE('',#4911,#4860,#2253,.T.);
#6149=EDGE_CURVE('',#4912,#4911,#2254,.T.);
#6150=EDGE_CURVE('',#4913,#4912,#2255,.T.);
#6151=EDGE_CURVE('',#4914,#4913,#2955,.T.);
#6152=EDGE_CURVE('',#4915,#4914,#2256,.T.);
#6153=EDGE_CURVE('',#4916,#4915,#2956,.T.);
#6154=EDGE_CURVE('',#4917,#4916,#2257,.T.);
#6155=EDGE_CURVE('',#4918,#4917,#2957,.T.);
#6156=EDGE_CURVE('',#4919,#4918,#2258,.T.);
#6157=EDGE_CURVE('',#4920,#4919,#2259,.T.);
#6158=EDGE_CURVE('',#4859,#4920,#2260,.T.);
#6159=EDGE_CURVE('',#4921,#4921,#2261,.T.);
#6160=EDGE_CURVE('',#4922,#4923,#2262,.T.);
#6161=EDGE_CURVE('',#4924,#4922,#2958,.T.);
#6162=EDGE_CURVE('',#4925,#4924,#2263,.T.);
#6163=EDGE_CURVE('',#4926,#4925,#2959,.T.);
#6164=EDGE_CURVE('',#4927,#4926,#2264,.T.);
#6165=EDGE_CURVE('',#4928,#4927,#2265,.T.);
#6166=EDGE_CURVE('',#4929,#4928,#2266,.T.);
#6167=EDGE_CURVE('',#4930,#4929,#2960,.T.);
#6168=EDGE_CURVE('',#4931,#4930,#2267,.T.);
#6169=EDGE_CURVE('',#4923,#4931,#2961,.T.);
#6170=EDGE_CURVE('',#4932,#4933,#2268,.T.);
#6171=EDGE_CURVE('',#4934,#4932,#2962,.T.);
#6172=EDGE_CURVE('',#4935,#4934,#2269,.T.);
#6173=EDGE_CURVE('',#4936,#4935,#2963,.T.);
#6174=EDGE_CURVE('',#4937,#4936,#2270,.T.);
#6175=EDGE_CURVE('',#4938,#4937,#2964,.T.);
#6176=EDGE_CURVE('',#4939,#4938,#2271,.T.);
#6177=EDGE_CURVE('',#4933,#4939,#2965,.T.);
#6178=EDGE_CURVE('',#4940,#4941,#2272,.T.);
#6179=EDGE_CURVE('',#4941,#4942,#2966,.T.);
#6180=EDGE_CURVE('',#4942,#4940,#2967,.T.);
#6181=EDGE_CURVE('',#4943,#4944,#2968,.T.);
#6182=EDGE_CURVE('',#4944,#4945,#2273,.T.);
#6183=EDGE_CURVE('',#4945,#4943,#2969,.T.);
#6184=EDGE_CURVE('',#4946,#4947,#2274,.T.);
#6185=EDGE_CURVE('',#4948,#4946,#2970,.T.);
#6186=EDGE_CURVE('',#4949,#4948,#2275,.T.);
#6187=EDGE_CURVE('',#4950,#4949,#2971,.T.);
#6188=EDGE_CURVE('',#4951,#4950,#2276,.T.);
#6189=EDGE_CURVE('',#4952,#4951,#2972,.T.);
#6190=EDGE_CURVE('',#4953,#4952,#2277,.T.);
#6191=EDGE_CURVE('',#4947,#4953,#2973,.T.);
#6192=EDGE_CURVE('',#4954,#4955,#2278,.T.);
#6193=EDGE_CURVE('',#4956,#4954,#2974,.T.);
#6194=EDGE_CURVE('',#4957,#4956,#2279,.T.);
#6195=EDGE_CURVE('',#4958,#4957,#2975,.T.);
#6196=EDGE_CURVE('',#4959,#4958,#2280,.T.);
#6197=EDGE_CURVE('',#4960,#4959,#2281,.T.);
#6198=EDGE_CURVE('',#4961,#4960,#2282,.T.);
#6199=EDGE_CURVE('',#4962,#4961,#2976,.T.);
#6200=EDGE_CURVE('',#4963,#4962,#2283,.T.);
#6201=EDGE_CURVE('',#4955,#4963,#2977,.T.);
#6202=EDGE_CURVE('',#4873,#4632,#2978,.T.);
#6203=EDGE_CURVE('',#4921,#4964,#2979,.T.);
#6204=EDGE_CURVE('',#4964,#4965,#2284,.T.);
#6205=EDGE_CURVE('',#4965,#4964,#2285,.T.);
#6206=EDGE_CURVE('',#4965,#4630,#2980,.T.);
#6207=EDGE_CURVE('',#4898,#4966,#2981,.T.);
#6208=EDGE_CURVE('',#4966,#4967,#2286,.T.);
#6209=EDGE_CURVE('',#4967,#4966,#2287,.T.);
#6210=EDGE_CURVE('',#4967,#4629,#2982,.T.);
#6211=EDGE_CURVE('',#4909,#4968,#2983,.T.);
#6212=EDGE_CURVE('',#4968,#4969,#2288,.T.);
#6213=EDGE_CURVE('',#4969,#4968,#2289,.T.);
#6214=EDGE_CURVE('',#4969,#4626,#2984,.T.);
#6215=EDGE_CURVE('',#4887,#4970,#2985,.T.);
#6216=EDGE_CURVE('',#4970,#4971,#2290,.T.);
#6217=EDGE_CURVE('',#4971,#4970,#2291,.T.);
#6218=EDGE_CURVE('',#4971,#4625,#2986,.T.);
#6219=EDGE_CURVE('',#4885,#4972,#2987,.T.);
#6220=EDGE_CURVE('',#4972,#4973,#2292,.T.);
#6221=EDGE_CURVE('',#4973,#4972,#2293,.T.);
#6222=EDGE_CURVE('',#4973,#4628,#2988,.T.);
#6223=EDGE_CURVE('',#4910,#4974,#2989,.T.);
#6224=EDGE_CURVE('',#4974,#4975,#2294,.T.);
#6225=EDGE_CURVE('',#4975,#4974,#2295,.T.);
#6226=EDGE_CURVE('',#4975,#4627,#2990,.T.);
#6227=EDGE_CURVE('',#4500,#4976,#2991,.T.);
#6228=EDGE_CURVE('',#4976,#4977,#2296,.T.);
#6229=EDGE_CURVE('',#4977,#4517,#2992,.T.);
#6230=EDGE_CURVE('',#4978,#4979,#2297,.T.);
#6231=EDGE_CURVE('',#4979,#4519,#2993,.T.);
#6232=EDGE_CURVE('',#4518,#4978,#2994,.T.);
#6233=EDGE_CURVE('',#4980,#4888,#2298,.T.);
#6234=EDGE_CURVE('',#4888,#4979,#2299,.T.);
#6235=EDGE_CURVE('',#4978,#4980,#2300,.T.);
#6236=EDGE_CURVE('',#4981,#4897,#2301,.T.);
#6237=EDGE_CURVE('',#4889,#4896,#2995,.T.);
#6238=EDGE_CURVE('',#4980,#4981,#2996,.T.);
#6239=EDGE_CURVE('',#4982,#4874,#2302,.T.);
#6240=EDGE_CURVE('',#4869,#4982,#2303,.T.);
#6241=EDGE_CURVE('',#4983,#4883,#2304,.T.);
#6242=EDGE_CURVE('',#4875,#4882,#2997,.T.);
#6243=EDGE_CURVE('',#4982,#4983,#2998,.T.);
#6244=EDGE_CURVE('',#4984,#4985,#2305,.T.);
#6245=EDGE_CURVE('',#4985,#4883,#2306,.T.);
#6246=EDGE_CURVE('',#4983,#4984,#2307,.T.);
#6247=EDGE_CURVE('',#4986,#4987,#2308,.T.);
#6248=EDGE_CURVE('',#4987,#4985,#2999,.T.);
#6249=EDGE_CURVE('',#4984,#4986,#3000,.T.);
#6250=EDGE_CURVE('',#4526,#4987,#2309,.T.);
#6251=EDGE_CURVE('',#4986,#4545,#2310,.T.);
#6252=EDGE_CURVE('',#4981,#4868,#2311,.T.);
#6253=EDGE_CURVE('',#4547,#4988,#2312,.T.);
#6254=EDGE_CURVE('',#4988,#4989,#3001,.T.);
#6255=EDGE_CURVE('',#4989,#4990,#2313,.T.);
#6256=EDGE_CURVE('',#4990,#4547,#3002,.T.);
#6257=EDGE_CURVE('',#4991,#4992,#2314,.T.);
#6258=EDGE_CURVE('',#4992,#4990,#2315,.T.);
#6259=EDGE_CURVE('',#4989,#4991,#2316,.T.);
#6260=EDGE_CURVE('',#4993,#4994,#2317,.T.);
#6261=EDGE_CURVE('',#4994,#4992,#3003,.T.);
#6262=EDGE_CURVE('',#4991,#4993,#3004,.T.);
#6263=EDGE_CURVE('',#4995,#4996,#2318,.T.);
#6264=EDGE_CURVE('',#4996,#4994,#2319,.T.);
#6265=EDGE_CURVE('',#4993,#4995,#2320,.T.);
#6266=EDGE_CURVE('',#4997,#4976,#2321,.T.);
#6267=EDGE_CURVE('',#4976,#4996,#3005,.T.);
#6268=EDGE_CURVE('',#4995,#4997,#3006,.T.);
#6269=EDGE_CURVE('',#4546,#4988,#2322,.T.);
#6270=EDGE_CURVE('',#4997,#4977,#2323,.T.);
#6271=EDGE_CURVE('',#4981,#4579,#3007,.T.);
#6272=EDGE_CURVE('',#4702,#4518,#3008,.T.);
#6273=EDGE_CURVE('',#4701,#4282,#3009,.T.);
#6274=EDGE_CURVE('',#4703,#4517,#3010,.T.);
#6275=EDGE_CURVE('',#4704,#4977,#3011,.T.);
#6276=EDGE_CURVE('',#4705,#4997,#3012,.T.);
#6277=EDGE_CURVE('',#4706,#4995,#3013,.T.);
#6278=EDGE_CURVE('',#4707,#4993,#3014,.T.);
#6279=EDGE_CURVE('',#4708,#4991,#3015,.T.);
#6280=EDGE_CURVE('',#4709,#4989,#3016,.T.);
#6281=EDGE_CURVE('',#4710,#4988,#3017,.T.);
#6282=EDGE_CURVE('',#4985,#4979,#3018,.T.);
#6283=EDGE_CURVE('',#4955,#4998,#3019,.T.);
#6284=EDGE_CURVE('',#4998,#4999,#2324,.T.);
#6285=EDGE_CURVE('',#4999,#4954,#3020,.T.);
#6286=EDGE_CURVE('',#4963,#5000,#3021,.T.);
#6287=EDGE_CURVE('',#5000,#4998,#3022,.T.);
#6288=EDGE_CURVE('',#4962,#5001,#3023,.T.);
#6289=EDGE_CURVE('',#5001,#5000,#2325,.T.);
#6290=EDGE_CURVE('',#4961,#5002,#3024,.T.);
#6291=EDGE_CURVE('',#5002,#5001,#3025,.T.);
#6292=EDGE_CURVE('',#4960,#5003,#3026,.T.);
#6293=EDGE_CURVE('',#5003,#5002,#2326,.T.);
#6294=EDGE_CURVE('',#4959,#5004,#3027,.T.);
#6295=EDGE_CURVE('',#5004,#5003,#2327,.T.);
#6296=EDGE_CURVE('',#4958,#5005,#3028,.T.);
#6297=EDGE_CURVE('',#5005,#5004,#2328,.T.);
#6298=EDGE_CURVE('',#4957,#5006,#3029,.T.);
#6299=EDGE_CURVE('',#5006,#5005,#3030,.T.);
#6300=EDGE_CURVE('',#4956,#5007,#3031,.T.);
#6301=EDGE_CURVE('',#5007,#5006,#2329,.T.);
#6302=EDGE_CURVE('',#4999,#5007,#3032,.T.);
#6303=EDGE_CURVE('',#5005,#5008,#3033,.T.);
#6304=EDGE_CURVE('',#5009,#5008,#2330,.T.);
#6305=EDGE_CURVE('',#5009,#5004,#3034,.T.);
#6306=EDGE_CURVE('',#5010,#5006,#3035,.T.);
#6307=EDGE_CURVE('',#5008,#5010,#3036,.T.);
#6308=EDGE_CURVE('',#5007,#5011,#3037,.T.);
#6309=EDGE_CURVE('',#5010,#5011,#2331,.T.);
#6310=EDGE_CURVE('',#5012,#4999,#3038,.T.);
#6311=EDGE_CURVE('',#5011,#5012,#3039,.T.);
#6312=EDGE_CURVE('',#4998,#5013,#3040,.T.);
#6313=EDGE_CURVE('',#5012,#5013,#2332,.T.);
#6314=EDGE_CURVE('',#4923,#5014,#3041,.T.);
#6315=EDGE_CURVE('',#5014,#5015,#2333,.T.);
#6316=EDGE_CURVE('',#5015,#4922,#3042,.T.);
#6317=EDGE_CURVE('',#4931,#5016,#3043,.T.);
#6318=EDGE_CURVE('',#5016,#5014,#3044,.T.);
#6319=EDGE_CURVE('',#4930,#5017,#3045,.T.);
#6320=EDGE_CURVE('',#5017,#5016,#2334,.T.);
#6321=EDGE_CURVE('',#4929,#5018,#3046,.T.);
#6322=EDGE_CURVE('',#5018,#5017,#3047,.T.);
#6323=EDGE_CURVE('',#4928,#5019,#3048,.T.);
#6324=EDGE_CURVE('',#5019,#5018,#2335,.T.);
#6325=EDGE_CURVE('',#4927,#5020,#3049,.T.);
#6326=EDGE_CURVE('',#5020,#5019,#2336,.T.);
#6327=EDGE_CURVE('',#4926,#5021,#3050,.T.);
#6328=EDGE_CURVE('',#5021,#5020,#2337,.T.);
#6329=EDGE_CURVE('',#4925,#5022,#3051,.T.);
#6330=EDGE_CURVE('',#5022,#5021,#3052,.T.);
#6331=EDGE_CURVE('',#4924,#5023,#3053,.T.);
#6332=EDGE_CURVE('',#5023,#5022,#2338,.T.);
#6333=EDGE_CURVE('',#5015,#5023,#3054,.T.);
#6334=EDGE_CURVE('',#5021,#5024,#3055,.T.);
#6335=EDGE_CURVE('',#5025,#5024,#2339,.T.);
#6336=EDGE_CURVE('',#5025,#5020,#3056,.T.);
#6337=EDGE_CURVE('',#5026,#5022,#3057,.T.);
#6338=EDGE_CURVE('',#5024,#5026,#3058,.T.);
#6339=EDGE_CURVE('',#5023,#5027,#3059,.T.);
#6340=EDGE_CURVE('',#5026,#5027,#2340,.T.);
#6341=EDGE_CURVE('',#5028,#5015,#3060,.T.);
#6342=EDGE_CURVE('',#5027,#5028,#3061,.T.);
#6343=EDGE_CURVE('',#5014,#5029,#3062,.T.);
#6344=EDGE_CURVE('',#5028,#5029,#2341,.T.);
#6345=EDGE_CURVE('',#5030,#4920,#3063,.T.);
#6346=EDGE_CURVE('',#4919,#5031,#3064,.T.);
#6347=EDGE_CURVE('',#5031,#5030,#2342,.T.);
#6348=EDGE_CURVE('',#5030,#5032,#2343,.T.);
#6349=EDGE_CURVE('',#5032,#4859,#3065,.T.);
#6350=EDGE_CURVE('',#5033,#4860,#3066,.T.);
#6351=EDGE_CURVE('',#5032,#5033,#3067,.T.);
#6352=EDGE_CURVE('',#5033,#5034,#2344,.T.);
#6353=EDGE_CURVE('',#5034,#4911,#3068,.T.);
#6354=EDGE_CURVE('',#5035,#4912,#3069,.T.);
#6355=EDGE_CURVE('',#5034,#5035,#2345,.T.);
#6356=EDGE_CURVE('',#5035,#5036,#2346,.T.);
#6357=EDGE_CURVE('',#5036,#4913,#3070,.T.);
#6358=EDGE_CURVE('',#5037,#4914,#3071,.T.);
#6359=EDGE_CURVE('',#5036,#5037,#3072,.T.);
#6360=EDGE_CURVE('',#5037,#5038,#2347,.T.);
#6361=EDGE_CURVE('',#5038,#4915,#3073,.T.);
#6362=EDGE_CURVE('',#5039,#4916,#3074,.T.);
#6363=EDGE_CURVE('',#5038,#5039,#3075,.T.);
#6364=EDGE_CURVE('',#5039,#5040,#2348,.T.);
#6365=EDGE_CURVE('',#5040,#4917,#3076,.T.);
#6366=EDGE_CURVE('',#5041,#4918,#3077,.T.);
#6367=EDGE_CURVE('',#5040,#5041,#3078,.T.);
#6368=EDGE_CURVE('',#5041,#5031,#2349,.T.);
#6369=EDGE_CURVE('',#5035,#5042,#3079,.T.);
#6370=EDGE_CURVE('',#5043,#5042,#2350,.T.);
#6371=EDGE_CURVE('',#5043,#5036,#3080,.T.);
#6372=EDGE_CURVE('',#5044,#5034,#3081,.T.);
#6373=EDGE_CURVE('',#5042,#5044,#2351,.T.);
#6374=EDGE_CURVE('',#5033,#5045,#3082,.T.);
#6375=EDGE_CURVE('',#5044,#5045,#2352,.T.);
#6376=EDGE_CURVE('',#5046,#5032,#3083,.T.);
#6377=EDGE_CURVE('',#5045,#5046,#3084,.T.);
#6378=EDGE_CURVE('',#5030,#5047,#3085,.T.);
#6379=EDGE_CURVE('',#5046,#5047,#2353,.T.);
#6380=EDGE_CURVE('',#5048,#5031,#3086,.T.);
#6381=EDGE_CURVE('',#5047,#5048,#2354,.T.);
#6382=EDGE_CURVE('',#5049,#4877,#3087,.T.);
#6383=EDGE_CURVE('',#4876,#5050,#3088,.T.);
#6384=EDGE_CURVE('',#5050,#5049,#3089,.T.);
#6385=EDGE_CURVE('',#5049,#5051,#2355,.T.);
#6386=EDGE_CURVE('',#5051,#4878,#3090,.T.);
#6387=EDGE_CURVE('',#5052,#4879,#3091,.T.);
#6388=EDGE_CURVE('',#5051,#5052,#2356,.T.);
#6389=EDGE_CURVE('',#5052,#5053,#2357,.T.);
#6390=EDGE_CURVE('',#5053,#4880,#3092,.T.);
#6391=EDGE_CURVE('',#5054,#4881,#3093,.T.);
#6392=EDGE_CURVE('',#5053,#5054,#3094,.T.);
#6393=EDGE_CURVE('',#5054,#5055,#2358,.T.);
#6394=EDGE_CURVE('',#5055,#4882,#3095,.T.);
#6395=EDGE_CURVE('',#5056,#4875,#3096,.T.);
#6396=EDGE_CURVE('',#5055,#5056,#3097,.T.);
#6397=EDGE_CURVE('',#5056,#5050,#2359,.T.);
#6398=EDGE_CURVE('',#5052,#5057,#3098,.T.);
#6399=EDGE_CURVE('',#5058,#5057,#2360,.T.);
#6400=EDGE_CURVE('',#5058,#5053,#3099,.T.);
#6401=EDGE_CURVE('',#5059,#5051,#3100,.T.);
#6402=EDGE_CURVE('',#5057,#5059,#2361,.T.);
#6403=EDGE_CURVE('',#5049,#5060,#3101,.T.);
#6404=EDGE_CURVE('',#5059,#5060,#2362,.T.);
#6405=EDGE_CURVE('',#5061,#5050,#3102,.T.);
#6406=EDGE_CURVE('',#5060,#5061,#3103,.T.);
#6407=EDGE_CURVE('',#4895,#5062,#3104,.T.);
#6408=EDGE_CURVE('',#5062,#5063,#2363,.T.);
#6409=EDGE_CURVE('',#5063,#4896,#3105,.T.);
#6410=EDGE_CURVE('',#4894,#5064,#3106,.T.);
#6411=EDGE_CURVE('',#5064,#5062,#3107,.T.);
#6412=EDGE_CURVE('',#4893,#5065,#3108,.T.);
#6413=EDGE_CURVE('',#5065,#5064,#2364,.T.);
#6414=EDGE_CURVE('',#4892,#5066,#3109,.T.);
#6415=EDGE_CURVE('',#5066,#5065,#2365,.T.);
#6416=EDGE_CURVE('',#4891,#5067,#3110,.T.);
#6417=EDGE_CURVE('',#5067,#5066,#2366,.T.);
#6418=EDGE_CURVE('',#4890,#5068,#3111,.T.);
#6419=EDGE_CURVE('',#5068,#5067,#3112,.T.);
#6420=EDGE_CURVE('',#4889,#5069,#3113,.T.);
#6421=EDGE_CURVE('',#5069,#5068,#2367,.T.);
#6422=EDGE_CURVE('',#5063,#5069,#3114,.T.);
#6423=EDGE_CURVE('',#5070,#5068,#3115,.T.);
#6424=EDGE_CURVE('',#5071,#5070,#3116,.T.);
#6425=EDGE_CURVE('',#5067,#5071,#3117,.T.);
#6426=EDGE_CURVE('',#5069,#5072,#3118,.T.);
#6427=EDGE_CURVE('',#5070,#5072,#2368,.T.);
#6428=EDGE_CURVE('',#5073,#5063,#3119,.T.);
#6429=EDGE_CURVE('',#5072,#5073,#3120,.T.);
#6430=EDGE_CURVE('',#5062,#5074,#3121,.T.);
#6431=EDGE_CURVE('',#5073,#5074,#2369,.T.);
#6432=EDGE_CURVE('',#4864,#5075,#3122,.T.);
#6433=EDGE_CURVE('',#5075,#5076,#2370,.T.);
#6434=EDGE_CURVE('',#5076,#4899,#3123,.T.);
#6435=EDGE_CURVE('',#4863,#5077,#3124,.T.);
#6436=EDGE_CURVE('',#5077,#5075,#3125,.T.);
#6437=EDGE_CURVE('',#4908,#5078,#3126,.T.);
#6438=EDGE_CURVE('',#5078,#5077,#2371,.T.);
#6439=EDGE_CURVE('',#4907,#5079,#3127,.T.);
#6440=EDGE_CURVE('',#5079,#5078,#2372,.T.);
#6441=EDGE_CURVE('',#4906,#5080,#3128,.T.);
#6442=EDGE_CURVE('',#5080,#5079,#2373,.T.);
#6443=EDGE_CURVE('',#4905,#5081,#3129,.T.);
#6444=EDGE_CURVE('',#5081,#5080,#3130,.T.);
#6445=EDGE_CURVE('',#4904,#5082,#3131,.T.);
#6446=EDGE_CURVE('',#5082,#5081,#2374,.T.);
#6447=EDGE_CURVE('',#4903,#5083,#3132,.T.);
#6448=EDGE_CURVE('',#5083,#5082,#3133,.T.);
#6449=EDGE_CURVE('',#4902,#5084,#3134,.T.);
#6450=EDGE_CURVE('',#5084,#5083,#2375,.T.);
#6451=EDGE_CURVE('',#4901,#5085,#3135,.T.);
#6452=EDGE_CURVE('',#5085,#5084,#3136,.T.);
#6453=EDGE_CURVE('',#4900,#5086,#3137,.T.);
#6454=EDGE_CURVE('',#5086,#5085,#2376,.T.);
#6455=EDGE_CURVE('',#5076,#5086,#2377,.T.);
#6456=EDGE_CURVE('',#5087,#5083,#3138,.T.);
#6457=EDGE_CURVE('',#5088,#5087,#3139,.T.);
#6458=EDGE_CURVE('',#5082,#5088,#3140,.T.);
#6459=EDGE_CURVE('',#5084,#5089,#3141,.T.);
#6460=EDGE_CURVE('',#5087,#5089,#2378,.T.);
#6461=EDGE_CURVE('',#5090,#5085,#3142,.T.);
#6462=EDGE_CURVE('',#5089,#5090,#3143,.T.);
#6463=EDGE_CURVE('',#5086,#5091,#3144,.T.);
#6464=EDGE_CURVE('',#5090,#5091,#2379,.T.);
#6465=EDGE_CURVE('',#5092,#5076,#3145,.T.);
#6466=EDGE_CURVE('',#5091,#5092,#2380,.T.);
#6467=EDGE_CURVE('',#5075,#5093,#3146,.T.);
#6468=EDGE_CURVE('',#5092,#5093,#2381,.T.);
#6469=EDGE_CURVE('',#4947,#5094,#3147,.T.);
#6470=EDGE_CURVE('',#5094,#5095,#2382,.T.);
#6471=EDGE_CURVE('',#5095,#4946,#3148,.T.);
#6472=EDGE_CURVE('',#4953,#5096,#3149,.T.);
#6473=EDGE_CURVE('',#5096,#5094,#3150,.T.);
#6474=EDGE_CURVE('',#4952,#5097,#3151,.T.);
#6475=EDGE_CURVE('',#5097,#5096,#2383,.T.);
#6476=EDGE_CURVE('',#4951,#5098,#3152,.T.);
#6477=EDGE_CURVE('',#5098,#5097,#3153,.T.);
#6478=EDGE_CURVE('',#4950,#5099,#3154,.T.);
#6479=EDGE_CURVE('',#5099,#5098,#2384,.T.);
#6480=EDGE_CURVE('',#4949,#5100,#3155,.T.);
#6481=EDGE_CURVE('',#5100,#5099,#3156,.T.);
#6482=EDGE_CURVE('',#4948,#5101,#3157,.T.);
#6483=EDGE_CURVE('',#5101,#5100,#2385,.T.);
#6484=EDGE_CURVE('',#5095,#5101,#3158,.T.);
#6485=EDGE_CURVE('',#5102,#5100,#3159,.T.);
#6486=EDGE_CURVE('',#5103,#5102,#3160,.T.);
#6487=EDGE_CURVE('',#5099,#5103,#3161,.T.);
#6488=EDGE_CURVE('',#5101,#5104,#3162,.T.);
#6489=EDGE_CURVE('',#5102,#5104,#2386,.T.);
#6490=EDGE_CURVE('',#5105,#5095,#3163,.T.);
#6491=EDGE_CURVE('',#5104,#5105,#3164,.T.);
#6492=EDGE_CURVE('',#5094,#5106,#3165,.T.);
#6493=EDGE_CURVE('',#5105,#5106,#2387,.T.);
#6494=EDGE_CURVE('',#4933,#5107,#3166,.T.);
#6495=EDGE_CURVE('',#5107,#5108,#2388,.T.);
#6496=EDGE_CURVE('',#5108,#4932,#3167,.T.);
#6497=EDGE_CURVE('',#4939,#5109,#3168,.T.);
#6498=EDGE_CURVE('',#5109,#5107,#3169,.T.);
#6499=EDGE_CURVE('',#4938,#5110,#3170,.T.);
#6500=EDGE_CURVE('',#5110,#5109,#2389,.T.);
#6501=EDGE_CURVE('',#4937,#5111,#3171,.T.);
#6502=EDGE_CURVE('',#5111,#5110,#3172,.T.);
#6503=EDGE_CURVE('',#4936,#5112,#3173,.T.);
#6504=EDGE_CURVE('',#5112,#5111,#2390,.T.);
#6505=EDGE_CURVE('',#4935,#5113,#3174,.T.);
#6506=EDGE_CURVE('',#5113,#5112,#3175,.T.);
#6507=EDGE_CURVE('',#4934,#5114,#3176,.T.);
#6508=EDGE_CURVE('',#5114,#5113,#2391,.T.);
#6509=EDGE_CURVE('',#5108,#5114,#3177,.T.);
#6510=EDGE_CURVE('',#5115,#5113,#3178,.T.);
#6511=EDGE_CURVE('',#5116,#5115,#3179,.T.);
#6512=EDGE_CURVE('',#5112,#5116,#3180,.T.);
#6513=EDGE_CURVE('',#5114,#5117,#3181,.T.);
#6514=EDGE_CURVE('',#5115,#5117,#2392,.T.);
#6515=EDGE_CURVE('',#5118,#5108,#3182,.T.);
#6516=EDGE_CURVE('',#5117,#5118,#3183,.T.);
#6517=EDGE_CURVE('',#5107,#5119,#3184,.T.);
#6518=EDGE_CURVE('',#5118,#5119,#2393,.T.);
#6519=EDGE_CURVE('',#5120,#4587,#3185,.T.);
#6520=EDGE_CURVE('',#4588,#5121,#3186,.T.);
#6521=EDGE_CURVE('',#5121,#5120,#3187,.T.);
#6522=EDGE_CURVE('',#5120,#5122,#2394,.T.);
#6523=EDGE_CURVE('',#5122,#4589,#3188,.T.);
#6524=EDGE_CURVE('',#5043,#4590,#3189,.T.);
#6525=EDGE_CURVE('',#5122,#5043,#3190,.T.);
#6526=EDGE_CURVE('',#5042,#4591,#3191,.T.);
#6527=EDGE_CURVE('',#5044,#4592,#3192,.T.);
#6528=EDGE_CURVE('',#5045,#4593,#3193,.T.);
#6529=EDGE_CURVE('',#5046,#4594,#3194,.T.);
#6530=EDGE_CURVE('',#5047,#4595,#3195,.T.);
#6531=EDGE_CURVE('',#5048,#4596,#3196,.T.);
#6532=EDGE_CURVE('',#5048,#5123,#2395,.T.);
#6533=EDGE_CURVE('',#5123,#4597,#3197,.T.);
#6534=EDGE_CURVE('',#5124,#4598,#3198,.T.);
#6535=EDGE_CURVE('',#5123,#5124,#3199,.T.);
#6536=EDGE_CURVE('',#5124,#5121,#2396,.T.);
#6537=EDGE_CURVE('',#5037,#5122,#3200,.T.);
#6538=EDGE_CURVE('',#5120,#5038,#3201,.T.);
#6539=EDGE_CURVE('',#5039,#5121,#3202,.T.);
#6540=EDGE_CURVE('',#4666,#5087,#3203,.T.);
#6541=EDGE_CURVE('',#5089,#4665,#3204,.T.);
#6542=EDGE_CURVE('',#4676,#5088,#3205,.T.);
#6543=EDGE_CURVE('',#4675,#5125,#3206,.T.);
#6544=EDGE_CURVE('',#5125,#5088,#2397,.T.);
#6545=EDGE_CURVE('',#4674,#5126,#3207,.T.);
#6546=EDGE_CURVE('',#5126,#5125,#3208,.T.);
#6547=EDGE_CURVE('',#4673,#5127,#3209,.T.);
#6548=EDGE_CURVE('',#5127,#5126,#2398,.T.);
#6549=EDGE_CURVE('',#4672,#5128,#3210,.T.);
#6550=EDGE_CURVE('',#5128,#5127,#2399,.T.);
#6551=EDGE_CURVE('',#4671,#5129,#3211,.T.);
#6552=EDGE_CURVE('',#5129,#5128,#2400,.T.);
#6553=EDGE_CURVE('',#4670,#5093,#3212,.T.);
#6554=EDGE_CURVE('',#5093,#5129,#3213,.T.);
#6555=EDGE_CURVE('',#4669,#5092,#3214,.T.);
#6556=EDGE_CURVE('',#4668,#5091,#3215,.T.);
#6557=EDGE_CURVE('',#4667,#5090,#3216,.T.);
#6558=EDGE_CURVE('',#5129,#5077,#3217,.T.);
#6559=EDGE_CURVE('',#5070,#4599,#3218,.T.);
#6560=EDGE_CURVE('',#4600,#5071,#3219,.T.);
#6561=EDGE_CURVE('',#5072,#4601,#3220,.T.);
#6562=EDGE_CURVE('',#5073,#4602,#3221,.T.);
#6563=EDGE_CURVE('',#5074,#4603,#3222,.T.);
#6564=EDGE_CURVE('',#5130,#4604,#3223,.T.);
#6565=EDGE_CURVE('',#5074,#5130,#3224,.T.);
#6566=EDGE_CURVE('',#5130,#5131,#2401,.T.);
#6567=EDGE_CURVE('',#5131,#4605,#3225,.T.);
#6568=EDGE_CURVE('',#5132,#4606,#3226,.T.);
#6569=EDGE_CURVE('',#5131,#5132,#2402,.T.);
#6570=EDGE_CURVE('',#5132,#5071,#2403,.T.);
#6571=EDGE_CURVE('',#5010,#4655,#3227,.T.);
#6572=EDGE_CURVE('',#4656,#5008,#3228,.T.);
#6573=EDGE_CURVE('',#5011,#4657,#3229,.T.);
#6574=EDGE_CURVE('',#5012,#4658,#3230,.T.);
#6575=EDGE_CURVE('',#5013,#4659,#3231,.T.);
#6576=EDGE_CURVE('',#5133,#4660,#3232,.T.);
#6577=EDGE_CURVE('',#5013,#5133,#3233,.T.);
#6578=EDGE_CURVE('',#5133,#5134,#2404,.T.);
#6579=EDGE_CURVE('',#5134,#4661,#3234,.T.);
#6580=EDGE_CURVE('',#5135,#4662,#3235,.T.);
#6581=EDGE_CURVE('',#5134,#5135,#3236,.T.);
#6582=EDGE_CURVE('',#5135,#5136,#2405,.T.);
#6583=EDGE_CURVE('',#5136,#4663,#3237,.T.);
#6584=EDGE_CURVE('',#5009,#4664,#3238,.T.);
#6585=EDGE_CURVE('',#5136,#5009,#2406,.T.);
#6586=EDGE_CURVE('',#5133,#5000,#3239,.T.);
#6587=EDGE_CURVE('',#4608,#5137,#3240,.T.);
#6588=EDGE_CURVE('',#5137,#5138,#2407,.T.);
#6589=EDGE_CURVE('',#5138,#4607,#3241,.T.);
#6590=EDGE_CURVE('',#4614,#5106,#3242,.T.);
#6591=EDGE_CURVE('',#5106,#5137,#3243,.T.);
#6592=EDGE_CURVE('',#4613,#5105,#3244,.T.);
#6593=EDGE_CURVE('',#4612,#5104,#3245,.T.);
#6594=EDGE_CURVE('',#4611,#5102,#3246,.T.);
#6595=EDGE_CURVE('',#4610,#5103,#3247,.T.);
#6596=EDGE_CURVE('',#4609,#5139,#3248,.T.);
#6597=EDGE_CURVE('',#5139,#5103,#2408,.T.);
#6598=EDGE_CURVE('',#5138,#5139,#3249,.T.);
#6599=EDGE_CURVE('',#5139,#5098,#3250,.T.);
#6600=EDGE_CURVE('',#5097,#5138,#3251,.T.);
#6601=EDGE_CURVE('',#5137,#5096,#3252,.T.);
#6602=EDGE_CURVE('',#5115,#4647,#3253,.T.);
#6603=EDGE_CURVE('',#4648,#5116,#3254,.T.);
#6604=EDGE_CURVE('',#5117,#4649,#3255,.T.);
#6605=EDGE_CURVE('',#5118,#4650,#3256,.T.);
#6606=EDGE_CURVE('',#5119,#4651,#3257,.T.);
#6607=EDGE_CURVE('',#5140,#4652,#3258,.T.);
#6608=EDGE_CURVE('',#5119,#5140,#3259,.T.);
#6609=EDGE_CURVE('',#5140,#5141,#2409,.T.);
#6610=EDGE_CURVE('',#5141,#4653,#3260,.T.);
#6611=EDGE_CURVE('',#5142,#4654,#3261,.T.);
#6612=EDGE_CURVE('',#5141,#5142,#3262,.T.);
#6613=EDGE_CURVE('',#5142,#5116,#2410,.T.);
#6614=EDGE_CURVE('',#5143,#4615,#3263,.T.);
#6615=EDGE_CURVE('',#4616,#5144,#3264,.T.);
#6616=EDGE_CURVE('',#5144,#5143,#3265,.T.);
#6617=EDGE_CURVE('',#5143,#5145,#2411,.T.);
#6618=EDGE_CURVE('',#5145,#4617,#3266,.T.);
#6619=EDGE_CURVE('',#5025,#4618,#3267,.T.);
#6620=EDGE_CURVE('',#5145,#5025,#2412,.T.);
#6621=EDGE_CURVE('',#5024,#4619,#3268,.T.);
#6622=EDGE_CURVE('',#5026,#4620,#3269,.T.);
#6623=EDGE_CURVE('',#5027,#4621,#3270,.T.);
#6624=EDGE_CURVE('',#5028,#4622,#3271,.T.);
#6625=EDGE_CURVE('',#5029,#4623,#3272,.T.);
#6626=EDGE_CURVE('',#5146,#4624,#3273,.T.);
#6627=EDGE_CURVE('',#5029,#5146,#3274,.T.);
#6628=EDGE_CURVE('',#5146,#5144,#2413,.T.);
#6629=EDGE_CURVE('',#5019,#5145,#3275,.T.);
#6630=EDGE_CURVE('',#5143,#5018,#3276,.T.);
#6631=EDGE_CURVE('',#5017,#5144,#3277,.T.);
#6632=EDGE_CURVE('',#5058,#4639,#3278,.T.);
#6633=EDGE_CURVE('',#4640,#5147,#3279,.T.);
#6634=EDGE_CURVE('',#5147,#5058,#3280,.T.);
#6635=EDGE_CURVE('',#5057,#4641,#3281,.T.);
#6636=EDGE_CURVE('',#5059,#4642,#3282,.T.);
#6637=EDGE_CURVE('',#5060,#4643,#3283,.T.);
#6638=EDGE_CURVE('',#5061,#4644,#3284,.T.);
#6639=EDGE_CURVE('',#5061,#5148,#2414,.T.);
#6640=EDGE_CURVE('',#5148,#4645,#3285,.T.);
#6641=EDGE_CURVE('',#5149,#4646,#3286,.T.);
#6642=EDGE_CURVE('',#5148,#5149,#3287,.T.);
#6643=EDGE_CURVE('',#5149,#5147,#2415,.T.);
#6644=EDGE_CURVE('',#5054,#5147,#3288,.T.);
#6645=EDGE_CURVE('',#5078,#5128,#3289,.T.);
#6646=EDGE_CURVE('',#5127,#5079,#3290,.T.);
#6647=EDGE_CURVE('',#5080,#5126,#3291,.T.);
#6648=EDGE_CURVE('',#5125,#5081,#3292,.T.);
#6649=EDGE_CURVE('',#5130,#5064,#3293,.T.);
#6650=EDGE_CURVE('',#5132,#5066,#3294,.T.);
#6651=EDGE_CURVE('',#5065,#5131,#3295,.T.);
#6652=EDGE_CURVE('',#5003,#5136,#3296,.T.);
#6653=EDGE_CURVE('',#5135,#5002,#3297,.T.);
#6654=EDGE_CURVE('',#5001,#5134,#3298,.T.);
#6655=EDGE_CURVE('',#5140,#5109,#3299,.T.);
#6656=EDGE_CURVE('',#5041,#5123,#3300,.T.);
#6657=EDGE_CURVE('',#5124,#5040,#3301,.T.);
#6658=EDGE_CURVE('',#5110,#5141,#3302,.T.);
#6659=EDGE_CURVE('',#5142,#5111,#3303,.T.);
#6660=EDGE_CURVE('',#5146,#5016,#3304,.T.);
#6661=EDGE_CURVE('',#5056,#5148,#3305,.T.);
#6662=EDGE_CURVE('',#5149,#5055,#3306,.T.);
#6663=EDGE_CURVE('',#4942,#4638,#3307,.T.);
#6664=EDGE_CURVE('',#4941,#4636,#3308,.T.);
#6665=EDGE_CURVE('',#4940,#4637,#3309,.T.);
#6666=EDGE_CURVE('',#4945,#4635,#3310,.T.);
#6667=EDGE_CURVE('',#4944,#4633,#3311,.T.);
#6668=EDGE_CURVE('',#4943,#4634,#3312,.T.);
#6669=EDGE_CURVE('',#4868,#4578,#3313,.T.);
#6670=EDGE_CURVE('',#4869,#4577,#3314,.T.);
#6671=EDGE_CURVE('',#4982,#4576,#3315,.T.);
#6672=EDGE_CURVE('',#5150,#5151,#2416,.T.);
#6673=EDGE_CURVE('',#5151,#5152,#3316,.T.);
#6674=EDGE_CURVE('',#5152,#5153,#2417,.T.);
#6675=EDGE_CURVE('',#5153,#5150,#3317,.T.);
#6676=EDGE_CURVE('',#5154,#5155,#2418,.T.);
#6677=EDGE_CURVE('',#5155,#5156,#3318,.T.);
#6678=EDGE_CURVE('',#5156,#5157,#2419,.T.);
#6679=EDGE_CURVE('',#5157,#5154,#3319,.T.);
#6680=EDGE_CURVE('',#4759,#5154,#3320,.T.);
#6681=EDGE_CURVE('',#4761,#5157,#3321,.T.);
#6682=EDGE_CURVE('',#4762,#5156,#3322,.T.);
#6683=EDGE_CURVE('',#4760,#5155,#3323,.T.);
#6684=EDGE_CURVE('',#4763,#5150,#3324,.T.);
#6685=EDGE_CURVE('',#4765,#5153,#3325,.T.);
#6686=EDGE_CURVE('',#4766,#5152,#3326,.T.);
#6687=EDGE_CURVE('',#4764,#5151,#3327,.T.);
#6688=EDGE_CURVE('',#4694,#4468,#3328,.T.);
#6689=EDGE_CURVE('',#4692,#4844,#3329,.T.);
#6690=EDGE_CURVE('',#4695,#4447,#3330,.T.);
#6691=EDGE_CURVE('',#4696,#4446,#3331,.T.);
#6692=EDGE_CURVE('',#4697,#4843,#3332,.T.);
#6693=EDGE_CURVE('',#4698,#4842,#3333,.T.);
#6694=EDGE_CURVE('',#4699,#4841,#3334,.T.);
#6695=EDGE_CURVE('',#4700,#4365,#3335,.T.);
#6696=EDGE_CURVE('',#4711,#4546,#3336,.T.);
#6697=EDGE_CURVE('',#4712,#4545,#3337,.T.);
#6698=EDGE_CURVE('',#4713,#4986,#3338,.T.);
#6699=EDGE_CURVE('',#4714,#4312,#3339,.T.);
#6700=EDGE_CURVE('',#4715,#4491,#3340,.T.);
#6701=EDGE_CURVE('',#4693,#4845,#3341,.T.);
#6702=ORIENTED_EDGE('',*,*,#5158,.T.);
#6703=ORIENTED_EDGE('',*,*,#5159,.T.);
#6704=ORIENTED_EDGE('',*,*,#5160,.T.);
#6705=ORIENTED_EDGE('',*,*,#5161,.T.);
#6706=ORIENTED_EDGE('',*,*,#5158,.F.);
#6707=ORIENTED_EDGE('',*,*,#5162,.T.);
#6708=ORIENTED_EDGE('',*,*,#5163,.T.);
#6709=ORIENTED_EDGE('',*,*,#5164,.T.);
#6710=ORIENTED_EDGE('',*,*,#5165,.T.);
#6711=ORIENTED_EDGE('',*,*,#5166,.T.);
#6712=ORIENTED_EDGE('',*,*,#5163,.F.);
#6713=ORIENTED_EDGE('',*,*,#5167,.T.);
#6714=ORIENTED_EDGE('',*,*,#5168,.T.);
#6715=ORIENTED_EDGE('',*,*,#5169,.T.);
#6716=ORIENTED_EDGE('',*,*,#5170,.T.);
#6717=ORIENTED_EDGE('',*,*,#5171,.T.);
#6718=ORIENTED_EDGE('',*,*,#5170,.F.);
#6719=ORIENTED_EDGE('',*,*,#5172,.T.);
#6720=ORIENTED_EDGE('',*,*,#5160,.F.);
#6721=ORIENTED_EDGE('',*,*,#5173,.T.);
#6722=ORIENTED_EDGE('',*,*,#5174,.T.);
#6723=ORIENTED_EDGE('',*,*,#5175,.T.);
#6724=ORIENTED_EDGE('',*,*,#5176,.T.);
#6725=ORIENTED_EDGE('',*,*,#5177,.T.);
#6726=ORIENTED_EDGE('',*,*,#5174,.F.);
#6727=ORIENTED_EDGE('',*,*,#5178,.T.);
#6728=ORIENTED_EDGE('',*,*,#5165,.F.);
#6729=ORIENTED_EDGE('',*,*,#5179,.T.);
#6730=ORIENTED_EDGE('',*,*,#5168,.F.);
#6731=ORIENTED_EDGE('',*,*,#5180,.T.);
#6732=ORIENTED_EDGE('',*,*,#5176,.F.);
#6733=ORIENTED_EDGE('',*,*,#5181,.T.);
#6734=ORIENTED_EDGE('',*,*,#5181,.F.);
#6735=ORIENTED_EDGE('',*,*,#5175,.F.);
#6736=ORIENTED_EDGE('',*,*,#5179,.F.);
#6737=ORIENTED_EDGE('',*,*,#5182,.T.);
#6738=ORIENTED_EDGE('',*,*,#5183,.T.);
#6739=ORIENTED_EDGE('',*,*,#5184,.T.);
#6740=ORIENTED_EDGE('',*,*,#5185,.T.);
#6741=ORIENTED_EDGE('',*,*,#5186,.F.);
#6742=ORIENTED_EDGE('',*,*,#5187,.T.);
#6743=ORIENTED_EDGE('',*,*,#5188,.T.);
#6744=ORIENTED_EDGE('',*,*,#5189,.T.);
#6745=ORIENTED_EDGE('',*,*,#5190,.T.);
#6746=ORIENTED_EDGE('',*,*,#5164,.F.);
#6747=ORIENTED_EDGE('',*,*,#5191,.F.);
#6748=ORIENTED_EDGE('',*,*,#5192,.F.);
#6749=ORIENTED_EDGE('',*,*,#5193,.F.);
#6750=ORIENTED_EDGE('',*,*,#5166,.F.);
#6751=ORIENTED_EDGE('',*,*,#5178,.F.);
#6752=ORIENTED_EDGE('',*,*,#5194,.T.);
#6753=ORIENTED_EDGE('',*,*,#5195,.F.);
#6754=ORIENTED_EDGE('',*,*,#5191,.T.);
#6755=ORIENTED_EDGE('',*,*,#5177,.F.);
#6756=ORIENTED_EDGE('',*,*,#5196,.F.);
#6757=ORIENTED_EDGE('',*,*,#5197,.F.);
#6758=ORIENTED_EDGE('',*,*,#5194,.F.);
#6759=ORIENTED_EDGE('',*,*,#5198,.T.);
#6760=ORIENTED_EDGE('',*,*,#5199,.T.);
#6761=ORIENTED_EDGE('',*,*,#5200,.T.);
#6762=ORIENTED_EDGE('',*,*,#5201,.T.);
#6763=ORIENTED_EDGE('',*,*,#5198,.F.);
#6764=ORIENTED_EDGE('',*,*,#5202,.T.);
#6765=ORIENTED_EDGE('',*,*,#5203,.T.);
#6766=ORIENTED_EDGE('',*,*,#5204,.T.);
#6767=ORIENTED_EDGE('',*,*,#5205,.T.);
#6768=ORIENTED_EDGE('',*,*,#5206,.T.);
#6769=ORIENTED_EDGE('',*,*,#5203,.F.);
#6770=ORIENTED_EDGE('',*,*,#5207,.T.);
#6771=ORIENTED_EDGE('',*,*,#5208,.T.);
#6772=ORIENTED_EDGE('',*,*,#5209,.T.);
#6773=ORIENTED_EDGE('',*,*,#5210,.T.);
#6774=ORIENTED_EDGE('',*,*,#5211,.T.);
#6775=ORIENTED_EDGE('',*,*,#5210,.F.);
#6776=ORIENTED_EDGE('',*,*,#5212,.T.);
#6777=ORIENTED_EDGE('',*,*,#5200,.F.);
#6778=ORIENTED_EDGE('',*,*,#5213,.T.);
#6779=ORIENTED_EDGE('',*,*,#5214,.T.);
#6780=ORIENTED_EDGE('',*,*,#5215,.T.);
#6781=ORIENTED_EDGE('',*,*,#5216,.T.);
#6782=ORIENTED_EDGE('',*,*,#5217,.T.);
#6783=ORIENTED_EDGE('',*,*,#5214,.F.);
#6784=ORIENTED_EDGE('',*,*,#5218,.T.);
#6785=ORIENTED_EDGE('',*,*,#5205,.F.);
#6786=ORIENTED_EDGE('',*,*,#5219,.T.);
#6787=ORIENTED_EDGE('',*,*,#5208,.F.);
#6788=ORIENTED_EDGE('',*,*,#5220,.T.);
#6789=ORIENTED_EDGE('',*,*,#5216,.F.);
#6790=ORIENTED_EDGE('',*,*,#5221,.T.);
#6791=ORIENTED_EDGE('',*,*,#5221,.F.);
#6792=ORIENTED_EDGE('',*,*,#5215,.F.);
#6793=ORIENTED_EDGE('',*,*,#5219,.F.);
#6794=ORIENTED_EDGE('',*,*,#5222,.T.);
#6795=ORIENTED_EDGE('',*,*,#5223,.T.);
#6796=ORIENTED_EDGE('',*,*,#5224,.T.);
#6797=ORIENTED_EDGE('',*,*,#5225,.F.);
#6798=ORIENTED_EDGE('',*,*,#5226,.F.);
#6799=ORIENTED_EDGE('',*,*,#5227,.T.);
#6800=ORIENTED_EDGE('',*,*,#5228,.T.);
#6801=ORIENTED_EDGE('',*,*,#5229,.T.);
#6802=ORIENTED_EDGE('',*,*,#5204,.F.);
#6803=ORIENTED_EDGE('',*,*,#5230,.F.);
#6804=ORIENTED_EDGE('',*,*,#5231,.F.);
#6805=ORIENTED_EDGE('',*,*,#5232,.F.);
#6806=ORIENTED_EDGE('',*,*,#5206,.F.);
#6807=ORIENTED_EDGE('',*,*,#5218,.F.);
#6808=ORIENTED_EDGE('',*,*,#5233,.T.);
#6809=ORIENTED_EDGE('',*,*,#5234,.F.);
#6810=ORIENTED_EDGE('',*,*,#5230,.T.);
#6811=ORIENTED_EDGE('',*,*,#5217,.F.);
#6812=ORIENTED_EDGE('',*,*,#5235,.F.);
#6813=ORIENTED_EDGE('',*,*,#5236,.F.);
#6814=ORIENTED_EDGE('',*,*,#5233,.F.);
#6815=ORIENTED_EDGE('',*,*,#5237,.T.);
#6816=ORIENTED_EDGE('',*,*,#5238,.T.);
#6817=ORIENTED_EDGE('',*,*,#5239,.T.);
#6818=ORIENTED_EDGE('',*,*,#5240,.T.);
#6819=ORIENTED_EDGE('',*,*,#5241,.T.);
#6820=ORIENTED_EDGE('',*,*,#5242,.T.);
#6821=ORIENTED_EDGE('',*,*,#5237,.F.);
#6822=ORIENTED_EDGE('',*,*,#5243,.T.);
#6823=ORIENTED_EDGE('',*,*,#5244,.T.);
#6824=ORIENTED_EDGE('',*,*,#5245,.T.);
#6825=ORIENTED_EDGE('',*,*,#5246,.T.);
#6826=ORIENTED_EDGE('',*,*,#5247,.T.);
#6827=ORIENTED_EDGE('',*,*,#5248,.T.);
#6828=ORIENTED_EDGE('',*,*,#5249,.T.);
#6829=ORIENTED_EDGE('',*,*,#5246,.F.);
#6830=ORIENTED_EDGE('',*,*,#5250,.T.);
#6831=ORIENTED_EDGE('',*,*,#5248,.F.);
#6832=ORIENTED_EDGE('',*,*,#5251,.T.);
#6833=ORIENTED_EDGE('',*,*,#5239,.F.);
#6834=ORIENTED_EDGE('',*,*,#5252,.T.);
#6835=ORIENTED_EDGE('',*,*,#5253,.T.);
#6836=ORIENTED_EDGE('',*,*,#5254,.T.);
#6837=ORIENTED_EDGE('',*,*,#5255,.T.);
#6838=ORIENTED_EDGE('',*,*,#5256,.T.);
#6839=ORIENTED_EDGE('',*,*,#5255,.F.);
#6840=ORIENTED_EDGE('',*,*,#5257,.T.);
#6841=ORIENTED_EDGE('',*,*,#5241,.F.);
#6842=ORIENTED_EDGE('',*,*,#5258,.T.);
#6843=ORIENTED_EDGE('',*,*,#5244,.F.);
#6844=ORIENTED_EDGE('',*,*,#5259,.T.);
#6845=ORIENTED_EDGE('',*,*,#5253,.F.);
#6846=ORIENTED_EDGE('',*,*,#5260,.T.);
#6847=ORIENTED_EDGE('',*,*,#5257,.F.);
#6848=ORIENTED_EDGE('',*,*,#5254,.F.);
#6849=ORIENTED_EDGE('',*,*,#5259,.F.);
#6850=ORIENTED_EDGE('',*,*,#5261,.T.);
#6851=ORIENTED_EDGE('',*,*,#5262,.T.);
#6852=ORIENTED_EDGE('',*,*,#5263,.T.);
#6853=ORIENTED_EDGE('',*,*,#5264,.F.);
#6854=ORIENTED_EDGE('',*,*,#5265,.T.);
#6855=ORIENTED_EDGE('',*,*,#5250,.F.);
#6856=ORIENTED_EDGE('',*,*,#5266,.F.);
#6857=ORIENTED_EDGE('',*,*,#5267,.F.);
#6858=ORIENTED_EDGE('',*,*,#5268,.F.);
#6859=ORIENTED_EDGE('',*,*,#5245,.F.);
#6860=ORIENTED_EDGE('',*,*,#5260,.F.);
#6861=ORIENTED_EDGE('',*,*,#5269,.T.);
#6862=ORIENTED_EDGE('',*,*,#5270,.F.);
#6863=ORIENTED_EDGE('',*,*,#5266,.T.);
#6864=ORIENTED_EDGE('',*,*,#5256,.F.);
#6865=ORIENTED_EDGE('',*,*,#5271,.F.);
#6866=ORIENTED_EDGE('',*,*,#5272,.F.);
#6867=ORIENTED_EDGE('',*,*,#5269,.F.);
#6868=ORIENTED_EDGE('',*,*,#5273,.T.);
#6869=ORIENTED_EDGE('',*,*,#5274,.T.);
#6870=ORIENTED_EDGE('',*,*,#5275,.T.);
#6871=ORIENTED_EDGE('',*,*,#5276,.T.);
#6872=ORIENTED_EDGE('',*,*,#5277,.T.);
#6873=ORIENTED_EDGE('',*,*,#5278,.T.);
#6874=ORIENTED_EDGE('',*,*,#5275,.F.);
#6875=ORIENTED_EDGE('',*,*,#5279,.T.);
#6876=ORIENTED_EDGE('',*,*,#5277,.F.);
#6877=ORIENTED_EDGE('',*,*,#5280,.T.);
#6878=ORIENTED_EDGE('',*,*,#5281,.T.);
#6879=ORIENTED_EDGE('',*,*,#5282,.T.);
#6880=ORIENTED_EDGE('',*,*,#5283,.T.);
#6881=ORIENTED_EDGE('',*,*,#5284,.T.);
#6882=ORIENTED_EDGE('',*,*,#5281,.F.);
#6883=ORIENTED_EDGE('',*,*,#5285,.T.);
#6884=ORIENTED_EDGE('',*,*,#5283,.F.);
#6885=ORIENTED_EDGE('',*,*,#5286,.T.);
#6886=ORIENTED_EDGE('',*,*,#5287,.T.);
#6887=ORIENTED_EDGE('',*,*,#5288,.T.);
#6888=ORIENTED_EDGE('',*,*,#5289,.T.);
#6889=ORIENTED_EDGE('',*,*,#5290,.T.);
#6890=ORIENTED_EDGE('',*,*,#5287,.F.);
#6891=ORIENTED_EDGE('',*,*,#5291,.T.);
#6892=ORIENTED_EDGE('',*,*,#5289,.F.);
#6893=ORIENTED_EDGE('',*,*,#5292,.T.);
#6894=ORIENTED_EDGE('',*,*,#5293,.T.);
#6895=ORIENTED_EDGE('',*,*,#5294,.T.);
#6896=ORIENTED_EDGE('',*,*,#5295,.T.);
#6897=ORIENTED_EDGE('',*,*,#5296,.T.);
#6898=ORIENTED_EDGE('',*,*,#5293,.F.);
#6899=ORIENTED_EDGE('',*,*,#5297,.T.);
#6900=ORIENTED_EDGE('',*,*,#5298,.T.);
#6901=ORIENTED_EDGE('',*,*,#5299,.T.);
#6902=ORIENTED_EDGE('',*,*,#5295,.F.);
#6903=ORIENTED_EDGE('',*,*,#5300,.T.);
#6904=ORIENTED_EDGE('',*,*,#5301,.T.);
#6905=ORIENTED_EDGE('',*,*,#5302,.T.);
#6906=ORIENTED_EDGE('',*,*,#5273,.F.);
#6907=ORIENTED_EDGE('',*,*,#5186,.T.);
#6908=ORIENTED_EDGE('',*,*,#5301,.F.);
#6909=ORIENTED_EDGE('',*,*,#5303,.T.);
#6910=ORIENTED_EDGE('',*,*,#5304,.T.);
#6911=ORIENTED_EDGE('',*,*,#5305,.T.);
#6912=ORIENTED_EDGE('',*,*,#5298,.F.);
#6913=ORIENTED_EDGE('',*,*,#5306,.T.);
#6914=ORIENTED_EDGE('',*,*,#5304,.F.);
#6915=ORIENTED_EDGE('',*,*,#5307,.T.);
#6916=ORIENTED_EDGE('',*,*,#5307,.F.);
#6917=ORIENTED_EDGE('',*,*,#5303,.F.);
#6918=ORIENTED_EDGE('',*,*,#5185,.F.);
#6919=ORIENTED_EDGE('',*,*,#5308,.T.);
#6920=ORIENTED_EDGE('',*,*,#5309,.T.);
#6921=ORIENTED_EDGE('',*,*,#5310,.T.);
#6922=ORIENTED_EDGE('',*,*,#5291,.F.);
#6923=ORIENTED_EDGE('',*,*,#5311,.F.);
#6924=ORIENTED_EDGE('',*,*,#5312,.F.);
#6925=ORIENTED_EDGE('',*,*,#5313,.F.);
#6926=ORIENTED_EDGE('',*,*,#5286,.F.);
#6927=ORIENTED_EDGE('',*,*,#5314,.T.);
#6928=ORIENTED_EDGE('',*,*,#5315,.F.);
#6929=ORIENTED_EDGE('',*,*,#5311,.T.);
#6930=ORIENTED_EDGE('',*,*,#5285,.F.);
#6931=ORIENTED_EDGE('',*,*,#5316,.F.);
#6932=ORIENTED_EDGE('',*,*,#5317,.F.);
#6933=ORIENTED_EDGE('',*,*,#5314,.F.);
#6934=ORIENTED_EDGE('',*,*,#5280,.F.);
#6935=ORIENTED_EDGE('',*,*,#5318,.T.);
#6936=ORIENTED_EDGE('',*,*,#5319,.F.);
#6937=ORIENTED_EDGE('',*,*,#5316,.T.);
#6938=ORIENTED_EDGE('',*,*,#5279,.F.);
#6939=ORIENTED_EDGE('',*,*,#5320,.F.);
#6940=ORIENTED_EDGE('',*,*,#5321,.F.);
#6941=ORIENTED_EDGE('',*,*,#5318,.F.);
#6942=ORIENTED_EDGE('',*,*,#5322,.T.);
#6943=ORIENTED_EDGE('',*,*,#5323,.T.);
#6944=ORIENTED_EDGE('',*,*,#5324,.T.);
#6945=ORIENTED_EDGE('',*,*,#5325,.T.);
#6946=ORIENTED_EDGE('',*,*,#5322,.F.);
#6947=ORIENTED_EDGE('',*,*,#5326,.T.);
#6948=ORIENTED_EDGE('',*,*,#5327,.T.);
#6949=ORIENTED_EDGE('',*,*,#5328,.T.);
#6950=ORIENTED_EDGE('',*,*,#5329,.T.);
#6951=ORIENTED_EDGE('',*,*,#5330,.T.);
#6952=ORIENTED_EDGE('',*,*,#5327,.F.);
#6953=ORIENTED_EDGE('',*,*,#5331,.T.);
#6954=ORIENTED_EDGE('',*,*,#5329,.F.);
#6955=ORIENTED_EDGE('',*,*,#5332,.T.);
#6956=ORIENTED_EDGE('',*,*,#5333,.T.);
#6957=ORIENTED_EDGE('',*,*,#5334,.T.);
#6958=ORIENTED_EDGE('',*,*,#5335,.T.);
#6959=ORIENTED_EDGE('',*,*,#5336,.T.);
#6960=ORIENTED_EDGE('',*,*,#5333,.F.);
#6961=ORIENTED_EDGE('',*,*,#5337,.T.);
#6962=ORIENTED_EDGE('',*,*,#5338,.T.);
#6963=ORIENTED_EDGE('',*,*,#5339,.T.);
#6964=ORIENTED_EDGE('',*,*,#5335,.F.);
#6965=ORIENTED_EDGE('',*,*,#5340,.T.);
#6966=ORIENTED_EDGE('',*,*,#5341,.T.);
#6967=ORIENTED_EDGE('',*,*,#5342,.T.);
#6968=ORIENTED_EDGE('',*,*,#5324,.F.);
#6969=ORIENTED_EDGE('',*,*,#5343,.T.);
#6970=ORIENTED_EDGE('',*,*,#5344,.T.);
#6971=ORIENTED_EDGE('',*,*,#5345,.T.);
#6972=ORIENTED_EDGE('',*,*,#5346,.T.);
#6973=ORIENTED_EDGE('',*,*,#5347,.T.);
#6974=ORIENTED_EDGE('',*,*,#5348,.T.);
#6975=ORIENTED_EDGE('',*,*,#5349,.T.);
#6976=ORIENTED_EDGE('',*,*,#5344,.F.);
#6977=ORIENTED_EDGE('',*,*,#5350,.T.);
#6978=ORIENTED_EDGE('',*,*,#5346,.F.);
#6979=ORIENTED_EDGE('',*,*,#5351,.T.);
#6980=ORIENTED_EDGE('',*,*,#5338,.F.);
#6981=ORIENTED_EDGE('',*,*,#5352,.T.);
#6982=ORIENTED_EDGE('',*,*,#5341,.F.);
#6983=ORIENTED_EDGE('',*,*,#5353,.T.);
#6984=ORIENTED_EDGE('',*,*,#5348,.F.);
#6985=ORIENTED_EDGE('',*,*,#5354,.T.);
#6986=ORIENTED_EDGE('',*,*,#5326,.F.);
#6987=ORIENTED_EDGE('',*,*,#5355,.T.);
#6988=ORIENTED_EDGE('',*,*,#5356,.F.);
#6989=ORIENTED_EDGE('',*,*,#5357,.T.);
#6990=ORIENTED_EDGE('',*,*,#5325,.F.);
#6991=ORIENTED_EDGE('',*,*,#5358,.F.);
#6992=ORIENTED_EDGE('',*,*,#5359,.F.);
#6993=ORIENTED_EDGE('',*,*,#5355,.F.);
#6994=ORIENTED_EDGE('',*,*,#5342,.F.);
#6995=ORIENTED_EDGE('',*,*,#5354,.F.);
#6996=ORIENTED_EDGE('',*,*,#5360,.T.);
#6997=ORIENTED_EDGE('',*,*,#5361,.F.);
#6998=ORIENTED_EDGE('',*,*,#5358,.T.);
#6999=ORIENTED_EDGE('',*,*,#5350,.F.);
#7000=ORIENTED_EDGE('',*,*,#5362,.F.);
#7001=ORIENTED_EDGE('',*,*,#5363,.F.);
#7002=ORIENTED_EDGE('',*,*,#5360,.F.);
#7003=ORIENTED_EDGE('',*,*,#5347,.F.);
#7004=ORIENTED_EDGE('',*,*,#5364,.F.);
#7005=ORIENTED_EDGE('',*,*,#5365,.F.);
#7006=ORIENTED_EDGE('',*,*,#5362,.T.);
#7007=ORIENTED_EDGE('',*,*,#5169,.F.);
#7008=ORIENTED_EDGE('',*,*,#5190,.F.);
#7009=ORIENTED_EDGE('',*,*,#5366,.T.);
#7010=ORIENTED_EDGE('',*,*,#5187,.F.);
#7011=ORIENTED_EDGE('',*,*,#5276,.F.);
#7012=ORIENTED_EDGE('',*,*,#5278,.F.);
#7013=ORIENTED_EDGE('',*,*,#5282,.F.);
#7014=ORIENTED_EDGE('',*,*,#5284,.F.);
#7015=ORIENTED_EDGE('',*,*,#5288,.F.);
#7016=ORIENTED_EDGE('',*,*,#5290,.F.);
#7017=ORIENTED_EDGE('',*,*,#5294,.F.);
#7018=ORIENTED_EDGE('',*,*,#5296,.F.);
#7019=ORIENTED_EDGE('',*,*,#5299,.F.);
#7020=ORIENTED_EDGE('',*,*,#5310,.F.);
#7021=ORIENTED_EDGE('',*,*,#5367,.F.);
#7022=ORIENTED_EDGE('',*,*,#5368,.F.);
#7023=ORIENTED_EDGE('',*,*,#5369,.F.);
#7024=ORIENTED_EDGE('',*,*,#5343,.F.);
#7025=ORIENTED_EDGE('',*,*,#5323,.F.);
#7026=ORIENTED_EDGE('',*,*,#5328,.F.);
#7027=ORIENTED_EDGE('',*,*,#5330,.F.);
#7028=ORIENTED_EDGE('',*,*,#5334,.F.);
#7029=ORIENTED_EDGE('',*,*,#5336,.F.);
#7030=ORIENTED_EDGE('',*,*,#5339,.F.);
#7031=ORIENTED_EDGE('',*,*,#5370,.F.);
#7032=ORIENTED_EDGE('',*,*,#5371,.F.);
#7033=ORIENTED_EDGE('',*,*,#5372,.F.);
#7034=ORIENTED_EDGE('',*,*,#5373,.F.);
#7035=ORIENTED_EDGE('',*,*,#5374,.F.);
#7036=ORIENTED_EDGE('',*,*,#5375,.F.);
#7037=ORIENTED_EDGE('',*,*,#5376,.F.);
#7038=ORIENTED_EDGE('',*,*,#5377,.F.);
#7039=ORIENTED_EDGE('',*,*,#5378,.F.);
#7040=ORIENTED_EDGE('',*,*,#5379,.F.);
#7041=ORIENTED_EDGE('',*,*,#5380,.F.);
#7042=ORIENTED_EDGE('',*,*,#5381,.F.);
#7043=ORIENTED_EDGE('',*,*,#5382,.F.);
#7044=ORIENTED_EDGE('',*,*,#5383,.F.);
#7045=ORIENTED_EDGE('',*,*,#5384,.F.);
#7046=ORIENTED_EDGE('',*,*,#5385,.F.);
#7047=ORIENTED_EDGE('',*,*,#5386,.F.);
#7048=ORIENTED_EDGE('',*,*,#5387,.F.);
#7049=ORIENTED_EDGE('',*,*,#5388,.F.);
#7050=ORIENTED_EDGE('',*,*,#5389,.F.);
#7051=ORIENTED_EDGE('',*,*,#5390,.F.);
#7052=ORIENTED_EDGE('',*,*,#5224,.F.);
#7053=ORIENTED_EDGE('',*,*,#5391,.T.);
#7054=ORIENTED_EDGE('',*,*,#5392,.T.);
#7055=ORIENTED_EDGE('',*,*,#5222,.F.);
#7056=ORIENTED_EDGE('',*,*,#5207,.F.);
#7057=ORIENTED_EDGE('',*,*,#5202,.F.);
#7058=ORIENTED_EDGE('',*,*,#5201,.F.);
#7059=ORIENTED_EDGE('',*,*,#5212,.F.);
#7060=ORIENTED_EDGE('',*,*,#5209,.F.);
#7061=ORIENTED_EDGE('',*,*,#5229,.F.);
#7062=ORIENTED_EDGE('',*,*,#5393,.F.);
#7063=ORIENTED_EDGE('',*,*,#5394,.F.);
#7064=ORIENTED_EDGE('',*,*,#5395,.F.);
#7065=ORIENTED_EDGE('',*,*,#5396,.F.);
#7066=ORIENTED_EDGE('',*,*,#5397,.F.);
#7067=ORIENTED_EDGE('',*,*,#5398,.F.);
#7068=ORIENTED_EDGE('',*,*,#5399,.F.);
#7069=ORIENTED_EDGE('',*,*,#5400,.T.);
#7070=ORIENTED_EDGE('',*,*,#5401,.F.);
#7071=ORIENTED_EDGE('',*,*,#5402,.F.);
#7072=ORIENTED_EDGE('',*,*,#5403,.F.);
#7073=ORIENTED_EDGE('',*,*,#5261,.F.);
#7074=ORIENTED_EDGE('',*,*,#5247,.F.);
#7075=ORIENTED_EDGE('',*,*,#5249,.F.);
#7076=ORIENTED_EDGE('',*,*,#5252,.F.);
#7077=ORIENTED_EDGE('',*,*,#5238,.F.);
#7078=ORIENTED_EDGE('',*,*,#5242,.F.);
#7079=ORIENTED_EDGE('',*,*,#5265,.F.);
#7080=ORIENTED_EDGE('',*,*,#5404,.F.);
#7081=ORIENTED_EDGE('',*,*,#5405,.F.);
#7082=ORIENTED_EDGE('',*,*,#5406,.F.);
#7083=ORIENTED_EDGE('',*,*,#5407,.T.);
#7084=ORIENTED_EDGE('',*,*,#5408,.F.);
#7085=ORIENTED_EDGE('',*,*,#5409,.F.);
#7086=ORIENTED_EDGE('',*,*,#5410,.F.);
#7087=ORIENTED_EDGE('',*,*,#5411,.F.);
#7088=ORIENTED_EDGE('',*,*,#5412,.F.);
#7089=ORIENTED_EDGE('',*,*,#5413,.F.);
#7090=ORIENTED_EDGE('',*,*,#5414,.F.);
#7091=ORIENTED_EDGE('',*,*,#5182,.F.);
#7092=ORIENTED_EDGE('',*,*,#5167,.F.);
#7093=ORIENTED_EDGE('',*,*,#5162,.F.);
#7094=ORIENTED_EDGE('',*,*,#5161,.F.);
#7095=ORIENTED_EDGE('',*,*,#5172,.F.);
#7096=ORIENTED_EDGE('',*,*,#5415,.T.);
#7097=ORIENTED_EDGE('',*,*,#5416,.T.);
#7098=ORIENTED_EDGE('',*,*,#5351,.F.);
#7099=ORIENTED_EDGE('',*,*,#5345,.F.);
#7100=ORIENTED_EDGE('',*,*,#5417,.F.);
#7101=ORIENTED_EDGE('',*,*,#5418,.T.);
#7102=ORIENTED_EDGE('',*,*,#5419,.T.);
#7103=ORIENTED_EDGE('',*,*,#5420,.F.);
#7104=ORIENTED_EDGE('',*,*,#5421,.F.);
#7105=ORIENTED_EDGE('',*,*,#5370,.T.);
#7106=ORIENTED_EDGE('',*,*,#5422,.T.);
#7107=ORIENTED_EDGE('',*,*,#5423,.T.);
#7108=ORIENTED_EDGE('',*,*,#5424,.T.);
#7109=ORIENTED_EDGE('',*,*,#5375,.T.);
#7110=ORIENTED_EDGE('',*,*,#5422,.F.);
#7111=ORIENTED_EDGE('',*,*,#5374,.T.);
#7112=ORIENTED_EDGE('',*,*,#5425,.T.);
#7113=ORIENTED_EDGE('',*,*,#5426,.T.);
#7114=ORIENTED_EDGE('',*,*,#5427,.T.);
#7115=ORIENTED_EDGE('',*,*,#5428,.T.);
#7116=ORIENTED_EDGE('',*,*,#5425,.F.);
#7117=ORIENTED_EDGE('',*,*,#5373,.T.);
#7118=ORIENTED_EDGE('',*,*,#5427,.F.);
#7119=ORIENTED_EDGE('',*,*,#5372,.T.);
#7120=ORIENTED_EDGE('',*,*,#5429,.T.);
#7121=ORIENTED_EDGE('',*,*,#5430,.T.);
#7122=ORIENTED_EDGE('',*,*,#5431,.T.);
#7123=ORIENTED_EDGE('',*,*,#5432,.T.);
#7124=ORIENTED_EDGE('',*,*,#5429,.F.);
#7125=ORIENTED_EDGE('',*,*,#5371,.T.);
#7126=ORIENTED_EDGE('',*,*,#5433,.T.);
#7127=ORIENTED_EDGE('',*,*,#5377,.T.);
#7128=ORIENTED_EDGE('',*,*,#5434,.T.);
#7129=ORIENTED_EDGE('',*,*,#5435,.T.);
#7130=ORIENTED_EDGE('',*,*,#5434,.F.);
#7131=ORIENTED_EDGE('',*,*,#5376,.T.);
#7132=ORIENTED_EDGE('',*,*,#5424,.F.);
#7133=ORIENTED_EDGE('',*,*,#5436,.T.);
#7134=ORIENTED_EDGE('',*,*,#5437,.T.);
#7135=ORIENTED_EDGE('',*,*,#5420,.T.);
#7136=ORIENTED_EDGE('',*,*,#5438,.T.);
#7137=ORIENTED_EDGE('',*,*,#5439,.T.);
#7138=ORIENTED_EDGE('',*,*,#5438,.F.);
#7139=ORIENTED_EDGE('',*,*,#5440,.T.);
#7140=ORIENTED_EDGE('',*,*,#5441,.T.);
#7141=ORIENTED_EDGE('',*,*,#5442,.T.);
#7142=ORIENTED_EDGE('',*,*,#5437,.F.);
#7143=ORIENTED_EDGE('',*,*,#5443,.T.);
#7144=ORIENTED_EDGE('',*,*,#5431,.F.);
#7145=ORIENTED_EDGE('',*,*,#5421,.T.);
#7146=ORIENTED_EDGE('',*,*,#5433,.F.);
#7147=ORIENTED_EDGE('',*,*,#5444,.T.);
#7148=ORIENTED_EDGE('',*,*,#5441,.F.);
#7149=ORIENTED_EDGE('',*,*,#5445,.T.);
#7150=ORIENTED_EDGE('',*,*,#5426,.F.);
#7151=ORIENTED_EDGE('',*,*,#5446,.F.);
#7152=ORIENTED_EDGE('',*,*,#5447,.F.);
#7153=ORIENTED_EDGE('',*,*,#5448,.F.);
#7154=ORIENTED_EDGE('',*,*,#5428,.F.);
#7155=ORIENTED_EDGE('',*,*,#5449,.T.);
#7156=ORIENTED_EDGE('',*,*,#5450,.F.);
#7157=ORIENTED_EDGE('',*,*,#5446,.T.);
#7158=ORIENTED_EDGE('',*,*,#5430,.F.);
#7159=ORIENTED_EDGE('',*,*,#5451,.F.);
#7160=ORIENTED_EDGE('',*,*,#5452,.F.);
#7161=ORIENTED_EDGE('',*,*,#5449,.F.);
#7162=ORIENTED_EDGE('',*,*,#5432,.F.);
#7163=ORIENTED_EDGE('',*,*,#5443,.F.);
#7164=ORIENTED_EDGE('',*,*,#5453,.T.);
#7165=ORIENTED_EDGE('',*,*,#5454,.F.);
#7166=ORIENTED_EDGE('',*,*,#5451,.T.);
#7167=ORIENTED_EDGE('',*,*,#5439,.F.);
#7168=ORIENTED_EDGE('',*,*,#5455,.F.);
#7169=ORIENTED_EDGE('',*,*,#5456,.F.);
#7170=ORIENTED_EDGE('',*,*,#5453,.F.);
#7171=ORIENTED_EDGE('',*,*,#5445,.F.);
#7172=ORIENTED_EDGE('',*,*,#5440,.F.);
#7173=ORIENTED_EDGE('',*,*,#5419,.F.);
#7174=ORIENTED_EDGE('',*,*,#5457,.T.);
#7175=ORIENTED_EDGE('',*,*,#5458,.T.);
#7176=ORIENTED_EDGE('',*,*,#5378,.T.);
#7177=ORIENTED_EDGE('',*,*,#5459,.T.);
#7178=ORIENTED_EDGE('',*,*,#5383,.T.);
#7179=ORIENTED_EDGE('',*,*,#5460,.T.);
#7180=ORIENTED_EDGE('',*,*,#5461,.T.);
#7181=ORIENTED_EDGE('',*,*,#5459,.F.);
#7182=ORIENTED_EDGE('',*,*,#5462,.T.);
#7183=ORIENTED_EDGE('',*,*,#5463,.T.);
#7184=ORIENTED_EDGE('',*,*,#5384,.T.);
#7185=ORIENTED_EDGE('',*,*,#5464,.T.);
#7186=ORIENTED_EDGE('',*,*,#5385,.T.);
#7187=ORIENTED_EDGE('',*,*,#5463,.F.);
#7188=ORIENTED_EDGE('',*,*,#5465,.T.);
#7189=ORIENTED_EDGE('',*,*,#5464,.F.);
#7190=ORIENTED_EDGE('',*,*,#5466,.T.);
#7191=ORIENTED_EDGE('',*,*,#5467,.T.);
#7192=ORIENTED_EDGE('',*,*,#5386,.T.);
#7193=ORIENTED_EDGE('',*,*,#5468,.T.);
#7194=ORIENTED_EDGE('',*,*,#5387,.T.);
#7195=ORIENTED_EDGE('',*,*,#5467,.F.);
#7196=ORIENTED_EDGE('',*,*,#5469,.T.);
#7197=ORIENTED_EDGE('',*,*,#5468,.F.);
#7198=ORIENTED_EDGE('',*,*,#5470,.T.);
#7199=ORIENTED_EDGE('',*,*,#5471,.T.);
#7200=ORIENTED_EDGE('',*,*,#5388,.T.);
#7201=ORIENTED_EDGE('',*,*,#5472,.T.);
#7202=ORIENTED_EDGE('',*,*,#5389,.T.);
#7203=ORIENTED_EDGE('',*,*,#5471,.F.);
#7204=ORIENTED_EDGE('',*,*,#5473,.T.);
#7205=ORIENTED_EDGE('',*,*,#5474,.T.);
#7206=ORIENTED_EDGE('',*,*,#5390,.T.);
#7207=ORIENTED_EDGE('',*,*,#5472,.F.);
#7208=ORIENTED_EDGE('',*,*,#5475,.T.);
#7209=ORIENTED_EDGE('',*,*,#5476,.T.);
#7210=ORIENTED_EDGE('',*,*,#5477,.T.);
#7211=ORIENTED_EDGE('',*,*,#5460,.F.);
#7212=ORIENTED_EDGE('',*,*,#5382,.T.);
#7213=ORIENTED_EDGE('',*,*,#5478,.T.);
#7214=ORIENTED_EDGE('',*,*,#5225,.T.);
#7215=ORIENTED_EDGE('',*,*,#5474,.F.);
#7216=ORIENTED_EDGE('',*,*,#5479,.T.);
#7217=ORIENTED_EDGE('',*,*,#5480,.T.);
#7218=ORIENTED_EDGE('',*,*,#5481,.T.);
#7219=ORIENTED_EDGE('',*,*,#5482,.T.);
#7220=ORIENTED_EDGE('',*,*,#5483,.T.);
#7221=ORIENTED_EDGE('',*,*,#5482,.F.);
#7222=ORIENTED_EDGE('',*,*,#5484,.T.);
#7223=ORIENTED_EDGE('',*,*,#5478,.F.);
#7224=ORIENTED_EDGE('',*,*,#5485,.T.);
#7225=ORIENTED_EDGE('',*,*,#5476,.F.);
#7226=ORIENTED_EDGE('',*,*,#5486,.T.);
#7227=ORIENTED_EDGE('',*,*,#5480,.F.);
#7228=ORIENTED_EDGE('',*,*,#5487,.T.);
#7229=ORIENTED_EDGE('',*,*,#5466,.F.);
#7230=ORIENTED_EDGE('',*,*,#5488,.T.);
#7231=ORIENTED_EDGE('',*,*,#5489,.F.);
#7232=ORIENTED_EDGE('',*,*,#5490,.T.);
#7233=ORIENTED_EDGE('',*,*,#5465,.F.);
#7234=ORIENTED_EDGE('',*,*,#5491,.F.);
#7235=ORIENTED_EDGE('',*,*,#5492,.F.);
#7236=ORIENTED_EDGE('',*,*,#5488,.F.);
#7237=ORIENTED_EDGE('',*,*,#5462,.F.);
#7238=ORIENTED_EDGE('',*,*,#5493,.T.);
#7239=ORIENTED_EDGE('',*,*,#5494,.F.);
#7240=ORIENTED_EDGE('',*,*,#5491,.T.);
#7241=ORIENTED_EDGE('',*,*,#5461,.F.);
#7242=ORIENTED_EDGE('',*,*,#5495,.F.);
#7243=ORIENTED_EDGE('',*,*,#5496,.F.);
#7244=ORIENTED_EDGE('',*,*,#5493,.F.);
#7245=ORIENTED_EDGE('',*,*,#5477,.F.);
#7246=ORIENTED_EDGE('',*,*,#5487,.F.);
#7247=ORIENTED_EDGE('',*,*,#5497,.T.);
#7248=ORIENTED_EDGE('',*,*,#5498,.F.);
#7249=ORIENTED_EDGE('',*,*,#5495,.T.);
#7250=ORIENTED_EDGE('',*,*,#5483,.F.);
#7251=ORIENTED_EDGE('',*,*,#5499,.F.);
#7252=ORIENTED_EDGE('',*,*,#5500,.F.);
#7253=ORIENTED_EDGE('',*,*,#5497,.F.);
#7254=ORIENTED_EDGE('',*,*,#5484,.F.);
#7255=ORIENTED_EDGE('',*,*,#5481,.F.);
#7256=ORIENTED_EDGE('',*,*,#5486,.F.);
#7257=ORIENTED_EDGE('',*,*,#5381,.T.);
#7258=ORIENTED_EDGE('',*,*,#5501,.F.);
#7259=ORIENTED_EDGE('',*,*,#5502,.T.);
#7260=ORIENTED_EDGE('',*,*,#5226,.T.);
#7261=ORIENTED_EDGE('',*,*,#5503,.T.);
#7262=ORIENTED_EDGE('',*,*,#5504,.T.);
#7263=ORIENTED_EDGE('',*,*,#5505,.T.);
#7264=ORIENTED_EDGE('',*,*,#5506,.T.);
#7265=ORIENTED_EDGE('',*,*,#5503,.F.);
#7266=ORIENTED_EDGE('',*,*,#5507,.T.);
#7267=ORIENTED_EDGE('',*,*,#5508,.T.);
#7268=ORIENTED_EDGE('',*,*,#5509,.T.);
#7269=ORIENTED_EDGE('',*,*,#5508,.F.);
#7270=ORIENTED_EDGE('',*,*,#5510,.T.);
#7271=ORIENTED_EDGE('',*,*,#5511,.T.);
#7272=ORIENTED_EDGE('',*,*,#5512,.T.);
#7273=ORIENTED_EDGE('',*,*,#5513,.T.);
#7274=ORIENTED_EDGE('',*,*,#5514,.T.);
#7275=ORIENTED_EDGE('',*,*,#5511,.F.);
#7276=ORIENTED_EDGE('',*,*,#5515,.T.);
#7277=ORIENTED_EDGE('',*,*,#5516,.T.);
#7278=ORIENTED_EDGE('',*,*,#5517,.T.);
#7279=ORIENTED_EDGE('',*,*,#5518,.T.);
#7280=ORIENTED_EDGE('',*,*,#5519,.T.);
#7281=ORIENTED_EDGE('',*,*,#5518,.F.);
#7282=ORIENTED_EDGE('',*,*,#5520,.T.);
#7283=ORIENTED_EDGE('',*,*,#5505,.F.);
#7284=ORIENTED_EDGE('',*,*,#5521,.T.);
#7285=ORIENTED_EDGE('',*,*,#5522,.T.);
#7286=ORIENTED_EDGE('',*,*,#5523,.T.);
#7287=ORIENTED_EDGE('',*,*,#5524,.T.);
#7288=ORIENTED_EDGE('',*,*,#5525,.T.);
#7289=ORIENTED_EDGE('',*,*,#5524,.F.);
#7290=ORIENTED_EDGE('',*,*,#5526,.T.);
#7291=ORIENTED_EDGE('',*,*,#5527,.T.);
#7292=ORIENTED_EDGE('',*,*,#5528,.T.);
#7293=ORIENTED_EDGE('',*,*,#5522,.F.);
#7294=ORIENTED_EDGE('',*,*,#5529,.T.);
#7295=ORIENTED_EDGE('',*,*,#5513,.F.);
#7296=ORIENTED_EDGE('',*,*,#5530,.T.);
#7297=ORIENTED_EDGE('',*,*,#5516,.F.);
#7298=ORIENTED_EDGE('',*,*,#5531,.T.);
#7299=ORIENTED_EDGE('',*,*,#5527,.F.);
#7300=ORIENTED_EDGE('',*,*,#5532,.T.);
#7301=ORIENTED_EDGE('',*,*,#5509,.F.);
#7302=ORIENTED_EDGE('',*,*,#5533,.F.);
#7303=ORIENTED_EDGE('',*,*,#5534,.F.);
#7304=ORIENTED_EDGE('',*,*,#5535,.F.);
#7305=ORIENTED_EDGE('',*,*,#5512,.F.);
#7306=ORIENTED_EDGE('',*,*,#5536,.F.);
#7307=ORIENTED_EDGE('',*,*,#5537,.F.);
#7308=ORIENTED_EDGE('',*,*,#5533,.T.);
#7309=ORIENTED_EDGE('',*,*,#5514,.F.);
#7310=ORIENTED_EDGE('',*,*,#5529,.F.);
#7311=ORIENTED_EDGE('',*,*,#5538,.T.);
#7312=ORIENTED_EDGE('',*,*,#5539,.F.);
#7313=ORIENTED_EDGE('',*,*,#5536,.T.);
#7314=ORIENTED_EDGE('',*,*,#5525,.F.);
#7315=ORIENTED_EDGE('',*,*,#5540,.F.);
#7316=ORIENTED_EDGE('',*,*,#5541,.F.);
#7317=ORIENTED_EDGE('',*,*,#5538,.F.);
#7318=ORIENTED_EDGE('',*,*,#5532,.F.);
#7319=ORIENTED_EDGE('',*,*,#5526,.F.);
#7320=ORIENTED_EDGE('',*,*,#5542,.F.);
#7321=ORIENTED_EDGE('',*,*,#5543,.T.);
#7322=ORIENTED_EDGE('',*,*,#5544,.T.);
#7323=ORIENTED_EDGE('',*,*,#5545,.T.);
#7324=ORIENTED_EDGE('',*,*,#5546,.T.);
#7325=ORIENTED_EDGE('',*,*,#5547,.T.);
#7326=ORIENTED_EDGE('',*,*,#5548,.T.);
#7327=ORIENTED_EDGE('',*,*,#5549,.T.);
#7328=ORIENTED_EDGE('',*,*,#5546,.F.);
#7329=ORIENTED_EDGE('',*,*,#5550,.T.);
#7330=ORIENTED_EDGE('',*,*,#5551,.T.);
#7331=ORIENTED_EDGE('',*,*,#5552,.T.);
#7332=ORIENTED_EDGE('',*,*,#5553,.T.);
#7333=ORIENTED_EDGE('',*,*,#5554,.T.);
#7334=ORIENTED_EDGE('',*,*,#5551,.F.);
#7335=ORIENTED_EDGE('',*,*,#5555,.T.);
#7336=ORIENTED_EDGE('',*,*,#5556,.T.);
#7337=ORIENTED_EDGE('',*,*,#5557,.T.);
#7338=ORIENTED_EDGE('',*,*,#5558,.T.);
#7339=ORIENTED_EDGE('',*,*,#5559,.T.);
#7340=ORIENTED_EDGE('',*,*,#5558,.F.);
#7341=ORIENTED_EDGE('',*,*,#5560,.T.);
#7342=ORIENTED_EDGE('',*,*,#5561,.T.);
#7343=ORIENTED_EDGE('',*,*,#5562,.T.);
#7344=ORIENTED_EDGE('',*,*,#5561,.F.);
#7345=ORIENTED_EDGE('',*,*,#5563,.T.);
#7346=ORIENTED_EDGE('',*,*,#5548,.F.);
#7347=ORIENTED_EDGE('',*,*,#5564,.T.);
#7348=ORIENTED_EDGE('',*,*,#5565,.T.);
#7349=ORIENTED_EDGE('',*,*,#5566,.T.);
#7350=ORIENTED_EDGE('',*,*,#5567,.T.);
#7351=ORIENTED_EDGE('',*,*,#5568,.T.);
#7352=ORIENTED_EDGE('',*,*,#5567,.F.);
#7353=ORIENTED_EDGE('',*,*,#5569,.T.);
#7354=ORIENTED_EDGE('',*,*,#5570,.T.);
#7355=ORIENTED_EDGE('',*,*,#5571,.T.);
#7356=ORIENTED_EDGE('',*,*,#5565,.F.);
#7357=ORIENTED_EDGE('',*,*,#5572,.T.);
#7358=ORIENTED_EDGE('',*,*,#5553,.F.);
#7359=ORIENTED_EDGE('',*,*,#5573,.T.);
#7360=ORIENTED_EDGE('',*,*,#5556,.F.);
#7361=ORIENTED_EDGE('',*,*,#5574,.T.);
#7362=ORIENTED_EDGE('',*,*,#5570,.F.);
#7363=ORIENTED_EDGE('',*,*,#5575,.T.);
#7364=ORIENTED_EDGE('',*,*,#5547,.F.);
#7365=ORIENTED_EDGE('',*,*,#5576,.T.);
#7366=ORIENTED_EDGE('',*,*,#5577,.F.);
#7367=ORIENTED_EDGE('',*,*,#5578,.T.);
#7368=ORIENTED_EDGE('',*,*,#5552,.F.);
#7369=ORIENTED_EDGE('',*,*,#5579,.F.);
#7370=ORIENTED_EDGE('',*,*,#5580,.F.);
#7371=ORIENTED_EDGE('',*,*,#5576,.F.);
#7372=ORIENTED_EDGE('',*,*,#5554,.F.);
#7373=ORIENTED_EDGE('',*,*,#5572,.F.);
#7374=ORIENTED_EDGE('',*,*,#5581,.T.);
#7375=ORIENTED_EDGE('',*,*,#5582,.F.);
#7376=ORIENTED_EDGE('',*,*,#5579,.T.);
#7377=ORIENTED_EDGE('',*,*,#5568,.F.);
#7378=ORIENTED_EDGE('',*,*,#5583,.F.);
#7379=ORIENTED_EDGE('',*,*,#5584,.F.);
#7380=ORIENTED_EDGE('',*,*,#5581,.F.);
#7381=ORIENTED_EDGE('',*,*,#5575,.F.);
#7382=ORIENTED_EDGE('',*,*,#5569,.F.);
#7383=ORIENTED_EDGE('',*,*,#5585,.F.);
#7384=ORIENTED_EDGE('',*,*,#5586,.T.);
#7385=ORIENTED_EDGE('',*,*,#5587,.T.);
#7386=ORIENTED_EDGE('',*,*,#5588,.T.);
#7387=ORIENTED_EDGE('',*,*,#5589,.T.);
#7388=ORIENTED_EDGE('',*,*,#5590,.T.);
#7389=ORIENTED_EDGE('',*,*,#5591,.T.);
#7390=ORIENTED_EDGE('',*,*,#5592,.T.);
#7391=ORIENTED_EDGE('',*,*,#5593,.T.);
#7392=ORIENTED_EDGE('',*,*,#5594,.T.);
#7393=ORIENTED_EDGE('',*,*,#5589,.F.);
#7394=ORIENTED_EDGE('',*,*,#5595,.T.);
#7395=ORIENTED_EDGE('',*,*,#5596,.T.);
#7396=ORIENTED_EDGE('',*,*,#5597,.T.);
#7397=ORIENTED_EDGE('',*,*,#5593,.F.);
#7398=ORIENTED_EDGE('',*,*,#5598,.T.);
#7399=ORIENTED_EDGE('',*,*,#5599,.F.);
#7400=ORIENTED_EDGE('',*,*,#5600,.T.);
#7401=ORIENTED_EDGE('',*,*,#5601,.T.);
#7402=ORIENTED_EDGE('',*,*,#5602,.T.);
#7403=ORIENTED_EDGE('',*,*,#5596,.F.);
#7404=ORIENTED_EDGE('',*,*,#5603,.T.);
#7405=ORIENTED_EDGE('',*,*,#5604,.T.);
#7406=ORIENTED_EDGE('',*,*,#5605,.T.);
#7407=ORIENTED_EDGE('',*,*,#5601,.F.);
#7408=ORIENTED_EDGE('',*,*,#5606,.T.);
#7409=ORIENTED_EDGE('',*,*,#5607,.T.);
#7410=ORIENTED_EDGE('',*,*,#5608,.T.);
#7411=ORIENTED_EDGE('',*,*,#5604,.F.);
#7412=ORIENTED_EDGE('',*,*,#5609,.T.);
#7413=ORIENTED_EDGE('',*,*,#5610,.T.);
#7414=ORIENTED_EDGE('',*,*,#5611,.T.);
#7415=ORIENTED_EDGE('',*,*,#5607,.F.);
#7416=ORIENTED_EDGE('',*,*,#5612,.T.);
#7417=ORIENTED_EDGE('',*,*,#5591,.F.);
#7418=ORIENTED_EDGE('',*,*,#5613,.T.);
#7419=ORIENTED_EDGE('',*,*,#5610,.F.);
#7420=ORIENTED_EDGE('',*,*,#5614,.T.);
#7421=ORIENTED_EDGE('',*,*,#5608,.F.);
#7422=ORIENTED_EDGE('',*,*,#5615,.T.);
#7423=ORIENTED_EDGE('',*,*,#5616,.F.);
#7424=ORIENTED_EDGE('',*,*,#5617,.T.);
#7425=ORIENTED_EDGE('',*,*,#5611,.F.);
#7426=ORIENTED_EDGE('',*,*,#5618,.F.);
#7427=ORIENTED_EDGE('',*,*,#5619,.F.);
#7428=ORIENTED_EDGE('',*,*,#5400,.F.);
#7429=ORIENTED_EDGE('',*,*,#5620,.F.);
#7430=ORIENTED_EDGE('',*,*,#5621,.F.);
#7431=ORIENTED_EDGE('',*,*,#5622,.F.);
#7432=ORIENTED_EDGE('',*,*,#5623,.T.);
#7433=ORIENTED_EDGE('',*,*,#5624,.F.);
#7434=ORIENTED_EDGE('',*,*,#5625,.F.);
#7435=ORIENTED_EDGE('',*,*,#5626,.F.);
#7436=ORIENTED_EDGE('',*,*,#5627,.T.);
#7437=ORIENTED_EDGE('',*,*,#5628,.T.);
#7438=ORIENTED_EDGE('',*,*,#5629,.T.);
#7439=ORIENTED_EDGE('',*,*,#5630,.T.);
#7440=ORIENTED_EDGE('',*,*,#5631,.T.);
#7441=ORIENTED_EDGE('',*,*,#5632,.F.);
#7442=ORIENTED_EDGE('',*,*,#5633,.F.);
#7443=ORIENTED_EDGE('',*,*,#5634,.F.);
#7444=ORIENTED_EDGE('',*,*,#5635,.F.);
#7445=ORIENTED_EDGE('',*,*,#5636,.F.);
#7446=ORIENTED_EDGE('',*,*,#5637,.F.);
#7447=ORIENTED_EDGE('',*,*,#5638,.F.);
#7448=ORIENTED_EDGE('',*,*,#5407,.F.);
#7449=ORIENTED_EDGE('',*,*,#5639,.F.);
#7450=ORIENTED_EDGE('',*,*,#5615,.F.);
#7451=ORIENTED_EDGE('',*,*,#5640,.F.);
#7452=ORIENTED_EDGE('',*,*,#5641,.F.);
#7453=ORIENTED_EDGE('',*,*,#5642,.F.);
#7454=ORIENTED_EDGE('',*,*,#5643,.F.);
#7455=ORIENTED_EDGE('',*,*,#5644,.F.);
#7456=ORIENTED_EDGE('',*,*,#5645,.F.);
#7457=ORIENTED_EDGE('',*,*,#5646,.F.);
#7458=ORIENTED_EDGE('',*,*,#5647,.F.);
#7459=ORIENTED_EDGE('',*,*,#5648,.F.);
#7460=ORIENTED_EDGE('',*,*,#5649,.F.);
#7461=ORIENTED_EDGE('',*,*,#5650,.F.);
#7462=ORIENTED_EDGE('',*,*,#5651,.F.);
#7463=ORIENTED_EDGE('',*,*,#5652,.F.);
#7464=ORIENTED_EDGE('',*,*,#5653,.F.);
#7465=ORIENTED_EDGE('',*,*,#5654,.F.);
#7466=ORIENTED_EDGE('',*,*,#5655,.F.);
#7467=ORIENTED_EDGE('',*,*,#5656,.F.);
#7468=ORIENTED_EDGE('',*,*,#5657,.F.);
#7469=ORIENTED_EDGE('',*,*,#5658,.F.);
#7470=ORIENTED_EDGE('',*,*,#5659,.F.);
#7471=ORIENTED_EDGE('',*,*,#5660,.F.);
#7472=ORIENTED_EDGE('',*,*,#5661,.F.);
#7473=ORIENTED_EDGE('',*,*,#5662,.F.);
#7474=ORIENTED_EDGE('',*,*,#5663,.F.);
#7475=ORIENTED_EDGE('',*,*,#5664,.F.);
#7476=ORIENTED_EDGE('',*,*,#5665,.F.);
#7477=ORIENTED_EDGE('',*,*,#5666,.F.);
#7478=ORIENTED_EDGE('',*,*,#5667,.F.);
#7479=ORIENTED_EDGE('',*,*,#5668,.F.);
#7480=ORIENTED_EDGE('',*,*,#5669,.F.);
#7481=ORIENTED_EDGE('',*,*,#5670,.F.);
#7482=ORIENTED_EDGE('',*,*,#5671,.F.);
#7483=ORIENTED_EDGE('',*,*,#5672,.F.);
#7484=ORIENTED_EDGE('',*,*,#5673,.F.);
#7485=ORIENTED_EDGE('',*,*,#5674,.F.);
#7486=ORIENTED_EDGE('',*,*,#5675,.F.);
#7487=ORIENTED_EDGE('',*,*,#5676,.F.);
#7488=ORIENTED_EDGE('',*,*,#5677,.F.);
#7489=ORIENTED_EDGE('',*,*,#5678,.T.);
#7490=ORIENTED_EDGE('',*,*,#5679,.T.);
#7491=ORIENTED_EDGE('',*,*,#5680,.T.);
#7492=ORIENTED_EDGE('',*,*,#5681,.T.);
#7493=ORIENTED_EDGE('',*,*,#5682,.T.);
#7494=ORIENTED_EDGE('',*,*,#5683,.T.);
#7495=ORIENTED_EDGE('',*,*,#5684,.T.);
#7496=ORIENTED_EDGE('',*,*,#5685,.T.);
#7497=ORIENTED_EDGE('',*,*,#5686,.T.);
#7498=ORIENTED_EDGE('',*,*,#5687,.T.);
#7499=ORIENTED_EDGE('',*,*,#5688,.T.);
#7500=ORIENTED_EDGE('',*,*,#5689,.T.);
#7501=ORIENTED_EDGE('',*,*,#5690,.T.);
#7502=ORIENTED_EDGE('',*,*,#5691,.T.);
#7503=ORIENTED_EDGE('',*,*,#5692,.F.);
#7504=ORIENTED_EDGE('',*,*,#5693,.F.);
#7505=ORIENTED_EDGE('',*,*,#5694,.F.);
#7506=ORIENTED_EDGE('',*,*,#5695,.F.);
#7507=ORIENTED_EDGE('',*,*,#5696,.F.);
#7508=ORIENTED_EDGE('',*,*,#5697,.F.);
#7509=ORIENTED_EDGE('',*,*,#5698,.F.);
#7510=ORIENTED_EDGE('',*,*,#5699,.F.);
#7511=ORIENTED_EDGE('',*,*,#5700,.F.);
#7512=ORIENTED_EDGE('',*,*,#5701,.F.);
#7513=ORIENTED_EDGE('',*,*,#5702,.F.);
#7514=ORIENTED_EDGE('',*,*,#5703,.F.);
#7515=ORIENTED_EDGE('',*,*,#5704,.F.);
#7516=ORIENTED_EDGE('',*,*,#5705,.F.);
#7517=ORIENTED_EDGE('',*,*,#5706,.F.);
#7518=ORIENTED_EDGE('',*,*,#5707,.F.);
#7519=ORIENTED_EDGE('',*,*,#5708,.F.);
#7520=ORIENTED_EDGE('',*,*,#5709,.F.);
#7521=ORIENTED_EDGE('',*,*,#5710,.F.);
#7522=ORIENTED_EDGE('',*,*,#5711,.F.);
#7523=ORIENTED_EDGE('',*,*,#5712,.F.);
#7524=ORIENTED_EDGE('',*,*,#5713,.F.);
#7525=ORIENTED_EDGE('',*,*,#5714,.F.);
#7526=ORIENTED_EDGE('',*,*,#5715,.F.);
#7527=ORIENTED_EDGE('',*,*,#5716,.F.);
#7528=ORIENTED_EDGE('',*,*,#5717,.F.);
#7529=ORIENTED_EDGE('',*,*,#5718,.F.);
#7530=ORIENTED_EDGE('',*,*,#5719,.F.);
#7531=ORIENTED_EDGE('',*,*,#5720,.F.);
#7532=ORIENTED_EDGE('',*,*,#5721,.F.);
#7533=ORIENTED_EDGE('',*,*,#5722,.F.);
#7534=ORIENTED_EDGE('',*,*,#5723,.F.);
#7535=ORIENTED_EDGE('',*,*,#5724,.F.);
#7536=ORIENTED_EDGE('',*,*,#5725,.F.);
#7537=ORIENTED_EDGE('',*,*,#5726,.F.);
#7538=ORIENTED_EDGE('',*,*,#5727,.F.);
#7539=ORIENTED_EDGE('',*,*,#5728,.F.);
#7540=ORIENTED_EDGE('',*,*,#5729,.F.);
#7541=ORIENTED_EDGE('',*,*,#5613,.F.);
#7542=ORIENTED_EDGE('',*,*,#5730,.T.);
#7543=ORIENTED_EDGE('',*,*,#5731,.F.);
#7544=ORIENTED_EDGE('',*,*,#5618,.T.);
#7545=ORIENTED_EDGE('',*,*,#5590,.F.);
#7546=ORIENTED_EDGE('',*,*,#5732,.F.);
#7547=ORIENTED_EDGE('',*,*,#5733,.F.);
#7548=ORIENTED_EDGE('',*,*,#5730,.F.);
#7549=ORIENTED_EDGE('',*,*,#5734,.T.);
#7550=ORIENTED_EDGE('',*,*,#5735,.T.);
#7551=ORIENTED_EDGE('',*,*,#5736,.T.);
#7552=ORIENTED_EDGE('',*,*,#5737,.T.);
#7553=ORIENTED_EDGE('',*,*,#5738,.T.);
#7554=ORIENTED_EDGE('',*,*,#5622,.T.);
#7555=ORIENTED_EDGE('',*,*,#5734,.F.);
#7556=ORIENTED_EDGE('',*,*,#5739,.T.);
#7557=ORIENTED_EDGE('',*,*,#5740,.T.);
#7558=ORIENTED_EDGE('',*,*,#5741,.T.);
#7559=ORIENTED_EDGE('',*,*,#5738,.F.);
#7560=ORIENTED_EDGE('',*,*,#5742,.T.);
#7561=ORIENTED_EDGE('',*,*,#5743,.T.);
#7562=ORIENTED_EDGE('',*,*,#5744,.T.);
#7563=ORIENTED_EDGE('',*,*,#5740,.F.);
#7564=ORIENTED_EDGE('',*,*,#5745,.T.);
#7565=ORIENTED_EDGE('',*,*,#5743,.F.);
#7566=ORIENTED_EDGE('',*,*,#5746,.T.);
#7567=ORIENTED_EDGE('',*,*,#5747,.T.);
#7568=ORIENTED_EDGE('',*,*,#5748,.T.);
#7569=ORIENTED_EDGE('',*,*,#5736,.F.);
#7570=ORIENTED_EDGE('',*,*,#5749,.T.);
#7571=ORIENTED_EDGE('',*,*,#5747,.F.);
#7572=ORIENTED_EDGE('',*,*,#5750,.T.);
#7573=ORIENTED_EDGE('',*,*,#5748,.F.);
#7574=ORIENTED_EDGE('',*,*,#5751,.T.);
#7575=ORIENTED_EDGE('',*,*,#5752,.F.);
#7576=ORIENTED_EDGE('',*,*,#5753,.T.);
#7577=ORIENTED_EDGE('',*,*,#5749,.F.);
#7578=ORIENTED_EDGE('',*,*,#5754,.F.);
#7579=ORIENTED_EDGE('',*,*,#5755,.F.);
#7580=ORIENTED_EDGE('',*,*,#5751,.F.);
#7581=ORIENTED_EDGE('',*,*,#5735,.F.);
#7582=ORIENTED_EDGE('',*,*,#5621,.T.);
#7583=ORIENTED_EDGE('',*,*,#5756,.F.);
#7584=ORIENTED_EDGE('',*,*,#5754,.T.);
#7585=ORIENTED_EDGE('',*,*,#5757,.F.);
#7586=ORIENTED_EDGE('',*,*,#5758,.F.);
#7587=ORIENTED_EDGE('',*,*,#5759,.F.);
#7588=ORIENTED_EDGE('',*,*,#5760,.F.);
#7589=ORIENTED_EDGE('',*,*,#5761,.F.);
#7590=ORIENTED_EDGE('',*,*,#5762,.F.);
#7591=ORIENTED_EDGE('',*,*,#5763,.F.);
#7592=ORIENTED_EDGE('',*,*,#5764,.F.);
#7593=ORIENTED_EDGE('',*,*,#5765,.F.);
#7594=ORIENTED_EDGE('',*,*,#5766,.F.);
#7595=ORIENTED_EDGE('',*,*,#5767,.F.);
#7596=ORIENTED_EDGE('',*,*,#5768,.F.);
#7597=ORIENTED_EDGE('',*,*,#5769,.F.);
#7598=ORIENTED_EDGE('',*,*,#5770,.F.);
#7599=ORIENTED_EDGE('',*,*,#5771,.F.);
#7600=ORIENTED_EDGE('',*,*,#5772,.F.);
#7601=ORIENTED_EDGE('',*,*,#5773,.F.);
#7602=ORIENTED_EDGE('',*,*,#5774,.F.);
#7603=ORIENTED_EDGE('',*,*,#5775,.F.);
#7604=ORIENTED_EDGE('',*,*,#5776,.F.);
#7605=ORIENTED_EDGE('',*,*,#5777,.F.);
#7606=ORIENTED_EDGE('',*,*,#5778,.F.);
#7607=ORIENTED_EDGE('',*,*,#5779,.F.);
#7608=ORIENTED_EDGE('',*,*,#5780,.F.);
#7609=ORIENTED_EDGE('',*,*,#5600,.F.);
#7610=ORIENTED_EDGE('',*,*,#5781,.F.);
#7611=ORIENTED_EDGE('',*,*,#5782,.F.);
#7612=ORIENTED_EDGE('',*,*,#5783,.F.);
#7613=ORIENTED_EDGE('',*,*,#5784,.F.);
#7614=ORIENTED_EDGE('',*,*,#5785,.F.);
#7615=ORIENTED_EDGE('',*,*,#5598,.F.);
#7616=ORIENTED_EDGE('',*,*,#5595,.F.);
#7617=ORIENTED_EDGE('',*,*,#5592,.F.);
#7618=ORIENTED_EDGE('',*,*,#5614,.F.);
#7619=ORIENTED_EDGE('',*,*,#5612,.F.);
#7620=ORIENTED_EDGE('',*,*,#5609,.F.);
#7621=ORIENTED_EDGE('',*,*,#5606,.F.);
#7622=ORIENTED_EDGE('',*,*,#5603,.F.);
#7623=ORIENTED_EDGE('',*,*,#5786,.F.);
#7624=ORIENTED_EDGE('',*,*,#5787,.F.);
#7625=ORIENTED_EDGE('',*,*,#5788,.F.);
#7626=ORIENTED_EDGE('',*,*,#5789,.F.);
#7627=ORIENTED_EDGE('',*,*,#5790,.F.);
#7628=ORIENTED_EDGE('',*,*,#5791,.F.);
#7629=ORIENTED_EDGE('',*,*,#5792,.F.);
#7630=ORIENTED_EDGE('',*,*,#5793,.F.);
#7631=ORIENTED_EDGE('',*,*,#5794,.F.);
#7632=ORIENTED_EDGE('',*,*,#5795,.F.);
#7633=ORIENTED_EDGE('',*,*,#5796,.F.);
#7634=ORIENTED_EDGE('',*,*,#5797,.F.);
#7635=ORIENTED_EDGE('',*,*,#5798,.F.);
#7636=ORIENTED_EDGE('',*,*,#5799,.F.);
#7637=ORIENTED_EDGE('',*,*,#5800,.F.);
#7638=ORIENTED_EDGE('',*,*,#5801,.F.);
#7639=ORIENTED_EDGE('',*,*,#5802,.F.);
#7640=ORIENTED_EDGE('',*,*,#5803,.F.);
#7641=ORIENTED_EDGE('',*,*,#5804,.F.);
#7642=ORIENTED_EDGE('',*,*,#5805,.F.);
#7643=ORIENTED_EDGE('',*,*,#5806,.F.);
#7644=ORIENTED_EDGE('',*,*,#5807,.F.);
#7645=ORIENTED_EDGE('',*,*,#5808,.F.);
#7646=ORIENTED_EDGE('',*,*,#5809,.F.);
#7647=ORIENTED_EDGE('',*,*,#5810,.F.);
#7648=ORIENTED_EDGE('',*,*,#5811,.F.);
#7649=ORIENTED_EDGE('',*,*,#5812,.F.);
#7650=ORIENTED_EDGE('',*,*,#5813,.F.);
#7651=ORIENTED_EDGE('',*,*,#5814,.F.);
#7652=ORIENTED_EDGE('',*,*,#5815,.F.);
#7653=ORIENTED_EDGE('',*,*,#5816,.F.);
#7654=ORIENTED_EDGE('',*,*,#5817,.F.);
#7655=ORIENTED_EDGE('',*,*,#5818,.F.);
#7656=ORIENTED_EDGE('',*,*,#5819,.F.);
#7657=ORIENTED_EDGE('',*,*,#5820,.F.);
#7658=ORIENTED_EDGE('',*,*,#5821,.F.);
#7659=ORIENTED_EDGE('',*,*,#5822,.F.);
#7660=ORIENTED_EDGE('',*,*,#5823,.F.);
#7661=ORIENTED_EDGE('',*,*,#5824,.F.);
#7662=ORIENTED_EDGE('',*,*,#5825,.F.);
#7663=ORIENTED_EDGE('',*,*,#5826,.F.);
#7664=ORIENTED_EDGE('',*,*,#5827,.F.);
#7665=ORIENTED_EDGE('',*,*,#5828,.F.);
#7666=ORIENTED_EDGE('',*,*,#5829,.F.);
#7667=ORIENTED_EDGE('',*,*,#5830,.F.);
#7668=ORIENTED_EDGE('',*,*,#5831,.F.);
#7669=ORIENTED_EDGE('',*,*,#5832,.F.);
#7670=ORIENTED_EDGE('',*,*,#5833,.F.);
#7671=ORIENTED_EDGE('',*,*,#5834,.F.);
#7672=ORIENTED_EDGE('',*,*,#5835,.F.);
#7673=ORIENTED_EDGE('',*,*,#5836,.F.);
#7674=ORIENTED_EDGE('',*,*,#5837,.F.);
#7675=ORIENTED_EDGE('',*,*,#5838,.F.);
#7676=ORIENTED_EDGE('',*,*,#5839,.F.);
#7677=ORIENTED_EDGE('',*,*,#5840,.F.);
#7678=ORIENTED_EDGE('',*,*,#5841,.F.);
#7679=ORIENTED_EDGE('',*,*,#5842,.F.);
#7680=ORIENTED_EDGE('',*,*,#5843,.F.);
#7681=ORIENTED_EDGE('',*,*,#5844,.F.);
#7682=ORIENTED_EDGE('',*,*,#5845,.F.);
#7683=ORIENTED_EDGE('',*,*,#5846,.F.);
#7684=ORIENTED_EDGE('',*,*,#5847,.F.);
#7685=ORIENTED_EDGE('',*,*,#5848,.F.);
#7686=ORIENTED_EDGE('',*,*,#5849,.F.);
#7687=ORIENTED_EDGE('',*,*,#5850,.F.);
#7688=ORIENTED_EDGE('',*,*,#5851,.F.);
#7689=ORIENTED_EDGE('',*,*,#5852,.F.);
#7690=ORIENTED_EDGE('',*,*,#5853,.F.);
#7691=ORIENTED_EDGE('',*,*,#5854,.F.);
#7692=ORIENTED_EDGE('',*,*,#5855,.F.);
#7693=ORIENTED_EDGE('',*,*,#5856,.F.);
#7694=ORIENTED_EDGE('',*,*,#5857,.F.);
#7695=ORIENTED_EDGE('',*,*,#5858,.F.);
#7696=ORIENTED_EDGE('',*,*,#5859,.F.);
#7697=ORIENTED_EDGE('',*,*,#5860,.F.);
#7698=ORIENTED_EDGE('',*,*,#5861,.F.);
#7699=ORIENTED_EDGE('',*,*,#5862,.F.);
#7700=ORIENTED_EDGE('',*,*,#5863,.F.);
#7701=ORIENTED_EDGE('',*,*,#5864,.F.);
#7702=ORIENTED_EDGE('',*,*,#5865,.F.);
#7703=ORIENTED_EDGE('',*,*,#5866,.F.);
#7704=ORIENTED_EDGE('',*,*,#5867,.F.);
#7705=ORIENTED_EDGE('',*,*,#5868,.F.);
#7706=ORIENTED_EDGE('',*,*,#5869,.F.);
#7707=ORIENTED_EDGE('',*,*,#5737,.F.);
#7708=ORIENTED_EDGE('',*,*,#5750,.F.);
#7709=ORIENTED_EDGE('',*,*,#5746,.F.);
#7710=ORIENTED_EDGE('',*,*,#5745,.F.);
#7711=ORIENTED_EDGE('',*,*,#5742,.F.);
#7712=ORIENTED_EDGE('',*,*,#5739,.F.);
#7713=ORIENTED_EDGE('',*,*,#5870,.T.);
#7714=ORIENTED_EDGE('',*,*,#5871,.T.);
#7715=ORIENTED_EDGE('',*,*,#5872,.T.);
#7716=ORIENTED_EDGE('',*,*,#5786,.T.);
#7717=ORIENTED_EDGE('',*,*,#5873,.T.);
#7718=ORIENTED_EDGE('',*,*,#5874,.T.);
#7719=ORIENTED_EDGE('',*,*,#5870,.F.);
#7720=ORIENTED_EDGE('',*,*,#5791,.T.);
#7721=ORIENTED_EDGE('',*,*,#5873,.F.);
#7722=ORIENTED_EDGE('',*,*,#5790,.T.);
#7723=ORIENTED_EDGE('',*,*,#5875,.T.);
#7724=ORIENTED_EDGE('',*,*,#5876,.T.);
#7725=ORIENTED_EDGE('',*,*,#5877,.T.);
#7726=ORIENTED_EDGE('',*,*,#5878,.T.);
#7727=ORIENTED_EDGE('',*,*,#5875,.F.);
#7728=ORIENTED_EDGE('',*,*,#5789,.T.);
#7729=ORIENTED_EDGE('',*,*,#5879,.T.);
#7730=ORIENTED_EDGE('',*,*,#5880,.T.);
#7731=ORIENTED_EDGE('',*,*,#5877,.F.);
#7732=ORIENTED_EDGE('',*,*,#5788,.T.);
#7733=ORIENTED_EDGE('',*,*,#5872,.F.);
#7734=ORIENTED_EDGE('',*,*,#5636,.T.);
#7735=ORIENTED_EDGE('',*,*,#5879,.F.);
#7736=ORIENTED_EDGE('',*,*,#5787,.T.);
#7737=ORIENTED_EDGE('',*,*,#5880,.F.);
#7738=ORIENTED_EDGE('',*,*,#5635,.T.);
#7739=ORIENTED_EDGE('',*,*,#5881,.F.);
#7740=ORIENTED_EDGE('',*,*,#5882,.F.);
#7741=ORIENTED_EDGE('',*,*,#5883,.F.);
#7742=ORIENTED_EDGE('',*,*,#5871,.F.);
#7743=ORIENTED_EDGE('',*,*,#5884,.T.);
#7744=ORIENTED_EDGE('',*,*,#5885,.F.);
#7745=ORIENTED_EDGE('',*,*,#5637,.T.);
#7746=ORIENTED_EDGE('',*,*,#5886,.T.);
#7747=ORIENTED_EDGE('',*,*,#5882,.T.);
#7748=ORIENTED_EDGE('',*,*,#5887,.T.);
#7749=ORIENTED_EDGE('',*,*,#5412,.T.);
#7750=ORIENTED_EDGE('',*,*,#5888,.T.);
#7751=ORIENTED_EDGE('',*,*,#5889,.T.);
#7752=ORIENTED_EDGE('',*,*,#5886,.F.);
#7753=ORIENTED_EDGE('',*,*,#5411,.T.);
#7754=ORIENTED_EDGE('',*,*,#5890,.T.);
#7755=ORIENTED_EDGE('',*,*,#5891,.T.);
#7756=ORIENTED_EDGE('',*,*,#5888,.F.);
#7757=ORIENTED_EDGE('',*,*,#5410,.T.);
#7758=ORIENTED_EDGE('',*,*,#5892,.T.);
#7759=ORIENTED_EDGE('',*,*,#5893,.T.);
#7760=ORIENTED_EDGE('',*,*,#5890,.F.);
#7761=ORIENTED_EDGE('',*,*,#5409,.T.);
#7762=ORIENTED_EDGE('',*,*,#5638,.T.);
#7763=ORIENTED_EDGE('',*,*,#5885,.T.);
#7764=ORIENTED_EDGE('',*,*,#5892,.F.);
#7765=ORIENTED_EDGE('',*,*,#5408,.T.);
#7766=ORIENTED_EDGE('',*,*,#5894,.T.);
#7767=ORIENTED_EDGE('',*,*,#5395,.T.);
#7768=ORIENTED_EDGE('',*,*,#5895,.T.);
#7769=ORIENTED_EDGE('',*,*,#5896,.T.);
#7770=ORIENTED_EDGE('',*,*,#5897,.T.);
#7771=ORIENTED_EDGE('',*,*,#5396,.T.);
#7772=ORIENTED_EDGE('',*,*,#5894,.F.);
#7773=ORIENTED_EDGE('',*,*,#5898,.T.);
#7774=ORIENTED_EDGE('',*,*,#5899,.T.);
#7775=ORIENTED_EDGE('',*,*,#5397,.T.);
#7776=ORIENTED_EDGE('',*,*,#5897,.F.);
#7777=ORIENTED_EDGE('',*,*,#5752,.T.);
#7778=ORIENTED_EDGE('',*,*,#5900,.T.);
#7779=ORIENTED_EDGE('',*,*,#5398,.T.);
#7780=ORIENTED_EDGE('',*,*,#5899,.F.);
#7781=ORIENTED_EDGE('',*,*,#5755,.T.);
#7782=ORIENTED_EDGE('',*,*,#5620,.T.);
#7783=ORIENTED_EDGE('',*,*,#5399,.T.);
#7784=ORIENTED_EDGE('',*,*,#5900,.F.);
#7785=ORIENTED_EDGE('',*,*,#5756,.T.);
#7786=ORIENTED_EDGE('',*,*,#5744,.F.);
#7787=ORIENTED_EDGE('',*,*,#5753,.F.);
#7788=ORIENTED_EDGE('',*,*,#5898,.F.);
#7789=ORIENTED_EDGE('',*,*,#5901,.F.);
#7790=ORIENTED_EDGE('',*,*,#5741,.F.);
#7791=ORIENTED_EDGE('',*,*,#5901,.T.);
#7792=ORIENTED_EDGE('',*,*,#5896,.F.);
#7793=ORIENTED_EDGE('',*,*,#5902,.F.);
#7794=ORIENTED_EDGE('',*,*,#5623,.F.);
#7795=ORIENTED_EDGE('',*,*,#5903,.T.);
#7796=ORIENTED_EDGE('',*,*,#5616,.T.);
#7797=ORIENTED_EDGE('',*,*,#5639,.T.);
#7798=ORIENTED_EDGE('',*,*,#5406,.T.);
#7799=ORIENTED_EDGE('',*,*,#5904,.T.);
#7800=ORIENTED_EDGE('',*,*,#5905,.T.);
#7801=ORIENTED_EDGE('',*,*,#5903,.F.);
#7802=ORIENTED_EDGE('',*,*,#5405,.T.);
#7803=ORIENTED_EDGE('',*,*,#5264,.T.);
#7804=ORIENTED_EDGE('',*,*,#5906,.T.);
#7805=ORIENTED_EDGE('',*,*,#5904,.F.);
#7806=ORIENTED_EDGE('',*,*,#5404,.T.);
#7807=ORIENTED_EDGE('',*,*,#5907,.T.);
#7808=ORIENTED_EDGE('',*,*,#5908,.T.);
#7809=ORIENTED_EDGE('',*,*,#5262,.F.);
#7810=ORIENTED_EDGE('',*,*,#5403,.T.);
#7811=ORIENTED_EDGE('',*,*,#5909,.T.);
#7812=ORIENTED_EDGE('',*,*,#5733,.T.);
#7813=ORIENTED_EDGE('',*,*,#5907,.F.);
#7814=ORIENTED_EDGE('',*,*,#5402,.T.);
#7815=ORIENTED_EDGE('',*,*,#5619,.T.);
#7816=ORIENTED_EDGE('',*,*,#5731,.T.);
#7817=ORIENTED_EDGE('',*,*,#5909,.F.);
#7818=ORIENTED_EDGE('',*,*,#5401,.T.);
#7819=ORIENTED_EDGE('',*,*,#5594,.F.);
#7820=ORIENTED_EDGE('',*,*,#5910,.T.);
#7821=ORIENTED_EDGE('',*,*,#5908,.F.);
#7822=ORIENTED_EDGE('',*,*,#5732,.T.);
#7823=ORIENTED_EDGE('',*,*,#5876,.F.);
#7824=ORIENTED_EDGE('',*,*,#5911,.T.);
#7825=ORIENTED_EDGE('',*,*,#5891,.F.);
#7826=ORIENTED_EDGE('',*,*,#5912,.T.);
#7827=ORIENTED_EDGE('',*,*,#5874,.F.);
#7828=ORIENTED_EDGE('',*,*,#5912,.F.);
#7829=ORIENTED_EDGE('',*,*,#5893,.F.);
#7830=ORIENTED_EDGE('',*,*,#5884,.F.);
#7831=ORIENTED_EDGE('',*,*,#5602,.F.);
#7832=ORIENTED_EDGE('',*,*,#5913,.T.);
#7833=ORIENTED_EDGE('',*,*,#5906,.F.);
#7834=ORIENTED_EDGE('',*,*,#5914,.T.);
#7835=ORIENTED_EDGE('',*,*,#5605,.F.);
#7836=ORIENTED_EDGE('',*,*,#5617,.F.);
#7837=ORIENTED_EDGE('',*,*,#5905,.F.);
#7838=ORIENTED_EDGE('',*,*,#5913,.F.);
#7839=ORIENTED_EDGE('',*,*,#5597,.F.);
#7840=ORIENTED_EDGE('',*,*,#5914,.F.);
#7841=ORIENTED_EDGE('',*,*,#5263,.F.);
#7842=ORIENTED_EDGE('',*,*,#5910,.F.);
#7843=ORIENTED_EDGE('',*,*,#5915,.T.);
#7844=ORIENTED_EDGE('',*,*,#5864,.T.);
#7845=ORIENTED_EDGE('',*,*,#5916,.T.);
#7846=ORIENTED_EDGE('',*,*,#5917,.T.);
#7847=ORIENTED_EDGE('',*,*,#5918,.T.);
#7848=ORIENTED_EDGE('',*,*,#5865,.T.);
#7849=ORIENTED_EDGE('',*,*,#5915,.F.);
#7850=ORIENTED_EDGE('',*,*,#5919,.T.);
#7851=ORIENTED_EDGE('',*,*,#5920,.T.);
#7852=ORIENTED_EDGE('',*,*,#5866,.T.);
#7853=ORIENTED_EDGE('',*,*,#5918,.F.);
#7854=ORIENTED_EDGE('',*,*,#5192,.T.);
#7855=ORIENTED_EDGE('',*,*,#5921,.T.);
#7856=ORIENTED_EDGE('',*,*,#5867,.T.);
#7857=ORIENTED_EDGE('',*,*,#5920,.F.);
#7858=ORIENTED_EDGE('',*,*,#5195,.T.);
#7859=ORIENTED_EDGE('',*,*,#5922,.T.);
#7860=ORIENTED_EDGE('',*,*,#5868,.T.);
#7861=ORIENTED_EDGE('',*,*,#5921,.F.);
#7862=ORIENTED_EDGE('',*,*,#5197,.T.);
#7863=ORIENTED_EDGE('',*,*,#5922,.F.);
#7864=ORIENTED_EDGE('',*,*,#5923,.T.);
#7865=ORIENTED_EDGE('',*,*,#5916,.F.);
#7866=ORIENTED_EDGE('',*,*,#5869,.T.);
#7867=ORIENTED_EDGE('',*,*,#5159,.F.);
#7868=ORIENTED_EDGE('',*,*,#5193,.T.);
#7869=ORIENTED_EDGE('',*,*,#5919,.F.);
#7870=ORIENTED_EDGE('',*,*,#5924,.T.);
#7871=ORIENTED_EDGE('',*,*,#5173,.F.);
#7872=ORIENTED_EDGE('',*,*,#5924,.F.);
#7873=ORIENTED_EDGE('',*,*,#5917,.F.);
#7874=ORIENTED_EDGE('',*,*,#5925,.F.);
#7875=ORIENTED_EDGE('',*,*,#5926,.T.);
#7876=ORIENTED_EDGE('',*,*,#5792,.T.);
#7877=ORIENTED_EDGE('',*,*,#5927,.T.);
#7878=ORIENTED_EDGE('',*,*,#5928,.T.);
#7879=ORIENTED_EDGE('',*,*,#5929,.T.);
#7880=ORIENTED_EDGE('',*,*,#5793,.T.);
#7881=ORIENTED_EDGE('',*,*,#5926,.F.);
#7882=ORIENTED_EDGE('',*,*,#5534,.T.);
#7883=ORIENTED_EDGE('',*,*,#5930,.T.);
#7884=ORIENTED_EDGE('',*,*,#5794,.T.);
#7885=ORIENTED_EDGE('',*,*,#5929,.F.);
#7886=ORIENTED_EDGE('',*,*,#5537,.T.);
#7887=ORIENTED_EDGE('',*,*,#5930,.F.);
#7888=ORIENTED_EDGE('',*,*,#5539,.T.);
#7889=ORIENTED_EDGE('',*,*,#5931,.T.);
#7890=ORIENTED_EDGE('',*,*,#5795,.T.);
#7891=ORIENTED_EDGE('',*,*,#5932,.T.);
#7892=ORIENTED_EDGE('',*,*,#5796,.T.);
#7893=ORIENTED_EDGE('',*,*,#5931,.F.);
#7894=ORIENTED_EDGE('',*,*,#5541,.T.);
#7895=ORIENTED_EDGE('',*,*,#5933,.T.);
#7896=ORIENTED_EDGE('',*,*,#5797,.T.);
#7897=ORIENTED_EDGE('',*,*,#5932,.F.);
#7898=ORIENTED_EDGE('',*,*,#5934,.T.);
#7899=ORIENTED_EDGE('',*,*,#5933,.F.);
#7900=ORIENTED_EDGE('',*,*,#5935,.T.);
#7901=ORIENTED_EDGE('',*,*,#5936,.T.);
#7902=ORIENTED_EDGE('',*,*,#5798,.T.);
#7903=ORIENTED_EDGE('',*,*,#5927,.F.);
#7904=ORIENTED_EDGE('',*,*,#5799,.T.);
#7905=ORIENTED_EDGE('',*,*,#5936,.F.);
#7906=ORIENTED_EDGE('',*,*,#5937,.T.);
#7907=ORIENTED_EDGE('',*,*,#5504,.F.);
#7908=ORIENTED_EDGE('',*,*,#5535,.T.);
#7909=ORIENTED_EDGE('',*,*,#5928,.F.);
#7910=ORIENTED_EDGE('',*,*,#5938,.T.);
#7911=ORIENTED_EDGE('',*,*,#5939,.T.);
#7912=ORIENTED_EDGE('',*,*,#5856,.T.);
#7913=ORIENTED_EDGE('',*,*,#5940,.T.);
#7914=ORIENTED_EDGE('',*,*,#5584,.T.);
#7915=ORIENTED_EDGE('',*,*,#5941,.T.);
#7916=ORIENTED_EDGE('',*,*,#5857,.T.);
#7917=ORIENTED_EDGE('',*,*,#5939,.F.);
#7918=ORIENTED_EDGE('',*,*,#5942,.T.);
#7919=ORIENTED_EDGE('',*,*,#5941,.F.);
#7920=ORIENTED_EDGE('',*,*,#5943,.T.);
#7921=ORIENTED_EDGE('',*,*,#5944,.T.);
#7922=ORIENTED_EDGE('',*,*,#5858,.T.);
#7923=ORIENTED_EDGE('',*,*,#5945,.T.);
#7924=ORIENTED_EDGE('',*,*,#5859,.T.);
#7925=ORIENTED_EDGE('',*,*,#5944,.F.);
#7926=ORIENTED_EDGE('',*,*,#5946,.T.);
#7927=ORIENTED_EDGE('',*,*,#5947,.T.);
#7928=ORIENTED_EDGE('',*,*,#5860,.T.);
#7929=ORIENTED_EDGE('',*,*,#5945,.F.);
#7930=ORIENTED_EDGE('',*,*,#5948,.T.);
#7931=ORIENTED_EDGE('',*,*,#5949,.T.);
#7932=ORIENTED_EDGE('',*,*,#5861,.T.);
#7933=ORIENTED_EDGE('',*,*,#5947,.F.);
#7934=ORIENTED_EDGE('',*,*,#5577,.T.);
#7935=ORIENTED_EDGE('',*,*,#5950,.T.);
#7936=ORIENTED_EDGE('',*,*,#5862,.T.);
#7937=ORIENTED_EDGE('',*,*,#5949,.F.);
#7938=ORIENTED_EDGE('',*,*,#5580,.T.);
#7939=ORIENTED_EDGE('',*,*,#5950,.F.);
#7940=ORIENTED_EDGE('',*,*,#5582,.T.);
#7941=ORIENTED_EDGE('',*,*,#5940,.F.);
#7942=ORIENTED_EDGE('',*,*,#5863,.T.);
#7943=ORIENTED_EDGE('',*,*,#5562,.F.);
#7944=ORIENTED_EDGE('',*,*,#5951,.F.);
#7945=ORIENTED_EDGE('',*,*,#5946,.F.);
#7946=ORIENTED_EDGE('',*,*,#5952,.F.);
#7947=ORIENTED_EDGE('',*,*,#5559,.F.);
#7948=ORIENTED_EDGE('',*,*,#5952,.T.);
#7949=ORIENTED_EDGE('',*,*,#5943,.F.);
#7950=ORIENTED_EDGE('',*,*,#5953,.T.);
#7951=ORIENTED_EDGE('',*,*,#5574,.F.);
#7952=ORIENTED_EDGE('',*,*,#5571,.F.);
#7953=ORIENTED_EDGE('',*,*,#5953,.F.);
#7954=ORIENTED_EDGE('',*,*,#5942,.F.);
#7955=ORIENTED_EDGE('',*,*,#5583,.T.);
#7956=ORIENTED_EDGE('',*,*,#5954,.T.);
#7957=ORIENTED_EDGE('',*,*,#5800,.T.);
#7958=ORIENTED_EDGE('',*,*,#5955,.T.);
#7959=ORIENTED_EDGE('',*,*,#5231,.T.);
#7960=ORIENTED_EDGE('',*,*,#5954,.F.);
#7961=ORIENTED_EDGE('',*,*,#5234,.T.);
#7962=ORIENTED_EDGE('',*,*,#5956,.T.);
#7963=ORIENTED_EDGE('',*,*,#5801,.T.);
#7964=ORIENTED_EDGE('',*,*,#5957,.T.);
#7965=ORIENTED_EDGE('',*,*,#5802,.T.);
#7966=ORIENTED_EDGE('',*,*,#5956,.F.);
#7967=ORIENTED_EDGE('',*,*,#5236,.T.);
#7968=ORIENTED_EDGE('',*,*,#5958,.T.);
#7969=ORIENTED_EDGE('',*,*,#5803,.T.);
#7970=ORIENTED_EDGE('',*,*,#5957,.F.);
#7971=ORIENTED_EDGE('',*,*,#5959,.T.);
#7972=ORIENTED_EDGE('',*,*,#5960,.T.);
#7973=ORIENTED_EDGE('',*,*,#5804,.T.);
#7974=ORIENTED_EDGE('',*,*,#5958,.F.);
#7975=ORIENTED_EDGE('',*,*,#5961,.T.);
#7976=ORIENTED_EDGE('',*,*,#5955,.F.);
#7977=ORIENTED_EDGE('',*,*,#5805,.T.);
#7978=ORIENTED_EDGE('',*,*,#5960,.F.);
#7979=ORIENTED_EDGE('',*,*,#5962,.T.);
#7980=ORIENTED_EDGE('',*,*,#5963,.T.);
#7981=ORIENTED_EDGE('',*,*,#5498,.T.);
#7982=ORIENTED_EDGE('',*,*,#5964,.T.);
#7983=ORIENTED_EDGE('',*,*,#5846,.T.);
#7984=ORIENTED_EDGE('',*,*,#5963,.F.);
#7985=ORIENTED_EDGE('',*,*,#5855,.T.);
#7986=ORIENTED_EDGE('',*,*,#5965,.T.);
#7987=ORIENTED_EDGE('',*,*,#5496,.T.);
#7988=ORIENTED_EDGE('',*,*,#5966,.T.);
#7989=ORIENTED_EDGE('',*,*,#5494,.T.);
#7990=ORIENTED_EDGE('',*,*,#5965,.F.);
#7991=ORIENTED_EDGE('',*,*,#5854,.T.);
#7992=ORIENTED_EDGE('',*,*,#5966,.F.);
#7993=ORIENTED_EDGE('',*,*,#5853,.T.);
#7994=ORIENTED_EDGE('',*,*,#5967,.T.);
#7995=ORIENTED_EDGE('',*,*,#5492,.T.);
#7996=ORIENTED_EDGE('',*,*,#5968,.T.);
#7997=ORIENTED_EDGE('',*,*,#5489,.T.);
#7998=ORIENTED_EDGE('',*,*,#5967,.F.);
#7999=ORIENTED_EDGE('',*,*,#5852,.T.);
#8000=ORIENTED_EDGE('',*,*,#5968,.F.);
#8001=ORIENTED_EDGE('',*,*,#5851,.T.);
#8002=ORIENTED_EDGE('',*,*,#5969,.T.);
#8003=ORIENTED_EDGE('',*,*,#5970,.T.);
#8004=ORIENTED_EDGE('',*,*,#5971,.T.);
#8005=ORIENTED_EDGE('',*,*,#5972,.T.);
#8006=ORIENTED_EDGE('',*,*,#5969,.F.);
#8007=ORIENTED_EDGE('',*,*,#5850,.T.);
#8008=ORIENTED_EDGE('',*,*,#5971,.F.);
#8009=ORIENTED_EDGE('',*,*,#5849,.T.);
#8010=ORIENTED_EDGE('',*,*,#5973,.T.);
#8011=ORIENTED_EDGE('',*,*,#5974,.T.);
#8012=ORIENTED_EDGE('',*,*,#5973,.F.);
#8013=ORIENTED_EDGE('',*,*,#5848,.T.);
#8014=ORIENTED_EDGE('',*,*,#5975,.T.);
#8015=ORIENTED_EDGE('',*,*,#5976,.T.);
#8016=ORIENTED_EDGE('',*,*,#5975,.F.);
#8017=ORIENTED_EDGE('',*,*,#5847,.T.);
#8018=ORIENTED_EDGE('',*,*,#5964,.F.);
#8019=ORIENTED_EDGE('',*,*,#5500,.T.);
#8020=ORIENTED_EDGE('',*,*,#5470,.F.);
#8021=ORIENTED_EDGE('',*,*,#5977,.T.);
#8022=ORIENTED_EDGE('',*,*,#5972,.F.);
#8023=ORIENTED_EDGE('',*,*,#5978,.T.);
#8024=ORIENTED_EDGE('',*,*,#5473,.F.);
#8025=ORIENTED_EDGE('',*,*,#5978,.F.);
#8026=ORIENTED_EDGE('',*,*,#5974,.F.);
#8027=ORIENTED_EDGE('',*,*,#5979,.F.);
#8028=ORIENTED_EDGE('',*,*,#5475,.F.);
#8029=ORIENTED_EDGE('',*,*,#5979,.T.);
#8030=ORIENTED_EDGE('',*,*,#5976,.F.);
#8031=ORIENTED_EDGE('',*,*,#5499,.T.);
#8032=ORIENTED_EDGE('',*,*,#5485,.F.);
#8033=ORIENTED_EDGE('',*,*,#5479,.F.);
#8034=ORIENTED_EDGE('',*,*,#5980,.T.);
#8035=ORIENTED_EDGE('',*,*,#5981,.T.);
#8036=ORIENTED_EDGE('',*,*,#5982,.T.);
#8037=ORIENTED_EDGE('',*,*,#5806,.T.);
#8038=ORIENTED_EDGE('',*,*,#5980,.F.);
#8039=ORIENTED_EDGE('',*,*,#5814,.T.);
#8040=ORIENTED_EDGE('',*,*,#5983,.T.);
#8041=ORIENTED_EDGE('',*,*,#5984,.T.);
#8042=ORIENTED_EDGE('',*,*,#5983,.F.);
#8043=ORIENTED_EDGE('',*,*,#5813,.T.);
#8044=ORIENTED_EDGE('',*,*,#5985,.T.);
#8045=ORIENTED_EDGE('',*,*,#5456,.T.);
#8046=ORIENTED_EDGE('',*,*,#5986,.T.);
#8047=ORIENTED_EDGE('',*,*,#5454,.T.);
#8048=ORIENTED_EDGE('',*,*,#5985,.F.);
#8049=ORIENTED_EDGE('',*,*,#5812,.T.);
#8050=ORIENTED_EDGE('',*,*,#5986,.F.);
#8051=ORIENTED_EDGE('',*,*,#5811,.T.);
#8052=ORIENTED_EDGE('',*,*,#5987,.T.);
#8053=ORIENTED_EDGE('',*,*,#5452,.T.);
#8054=ORIENTED_EDGE('',*,*,#5987,.F.);
#8055=ORIENTED_EDGE('',*,*,#5810,.T.);
#8056=ORIENTED_EDGE('',*,*,#5988,.T.);
#8057=ORIENTED_EDGE('',*,*,#5450,.T.);
#8058=ORIENTED_EDGE('',*,*,#5988,.F.);
#8059=ORIENTED_EDGE('',*,*,#5809,.T.);
#8060=ORIENTED_EDGE('',*,*,#5989,.T.);
#8061=ORIENTED_EDGE('',*,*,#5447,.T.);
#8062=ORIENTED_EDGE('',*,*,#5990,.T.);
#8063=ORIENTED_EDGE('',*,*,#5991,.T.);
#8064=ORIENTED_EDGE('',*,*,#5989,.F.);
#8065=ORIENTED_EDGE('',*,*,#5808,.T.);
#8066=ORIENTED_EDGE('',*,*,#5990,.F.);
#8067=ORIENTED_EDGE('',*,*,#5807,.T.);
#8068=ORIENTED_EDGE('',*,*,#5982,.F.);
#8069=ORIENTED_EDGE('',*,*,#5992,.T.);
#8070=ORIENTED_EDGE('',*,*,#5423,.F.);
#8071=ORIENTED_EDGE('',*,*,#5448,.T.);
#8072=ORIENTED_EDGE('',*,*,#5991,.F.);
#8073=ORIENTED_EDGE('',*,*,#5993,.T.);
#8074=ORIENTED_EDGE('',*,*,#5436,.F.);
#8075=ORIENTED_EDGE('',*,*,#5993,.F.);
#8076=ORIENTED_EDGE('',*,*,#5992,.F.);
#8077=ORIENTED_EDGE('',*,*,#5994,.F.);
#8078=ORIENTED_EDGE('',*,*,#5435,.F.);
#8079=ORIENTED_EDGE('',*,*,#5994,.T.);
#8080=ORIENTED_EDGE('',*,*,#5981,.F.);
#8081=ORIENTED_EDGE('',*,*,#5995,.T.);
#8082=ORIENTED_EDGE('',*,*,#5444,.F.);
#8083=ORIENTED_EDGE('',*,*,#5996,.T.);
#8084=ORIENTED_EDGE('',*,*,#5997,.T.);
#8085=ORIENTED_EDGE('',*,*,#5998,.T.);
#8086=ORIENTED_EDGE('',*,*,#5783,.T.);
#8087=ORIENTED_EDGE('',*,*,#5996,.F.);
#8088=ORIENTED_EDGE('',*,*,#5782,.T.);
#8089=ORIENTED_EDGE('',*,*,#5999,.T.);
#8090=ORIENTED_EDGE('',*,*,#6000,.T.);
#8091=ORIENTED_EDGE('',*,*,#6001,.T.);
#8092=ORIENTED_EDGE('',*,*,#6002,.T.);
#8093=ORIENTED_EDGE('',*,*,#5999,.F.);
#8094=ORIENTED_EDGE('',*,*,#5781,.T.);
#8095=ORIENTED_EDGE('',*,*,#6001,.F.);
#8096=ORIENTED_EDGE('',*,*,#5599,.T.);
#8097=ORIENTED_EDGE('',*,*,#6003,.T.);
#8098=ORIENTED_EDGE('',*,*,#5272,.T.);
#8099=ORIENTED_EDGE('',*,*,#6004,.T.);
#8100=ORIENTED_EDGE('',*,*,#5270,.T.);
#8101=ORIENTED_EDGE('',*,*,#6003,.F.);
#8102=ORIENTED_EDGE('',*,*,#5785,.T.);
#8103=ORIENTED_EDGE('',*,*,#6004,.F.);
#8104=ORIENTED_EDGE('',*,*,#5784,.T.);
#8105=ORIENTED_EDGE('',*,*,#5998,.F.);
#8106=ORIENTED_EDGE('',*,*,#5267,.T.);
#8107=ORIENTED_EDGE('',*,*,#5251,.F.);
#8108=ORIENTED_EDGE('',*,*,#5268,.T.);
#8109=ORIENTED_EDGE('',*,*,#5997,.F.);
#8110=ORIENTED_EDGE('',*,*,#6005,.T.);
#8111=ORIENTED_EDGE('',*,*,#6006,.T.);
#8112=ORIENTED_EDGE('',*,*,#5815,.T.);
#8113=ORIENTED_EDGE('',*,*,#6007,.T.);
#8114=ORIENTED_EDGE('',*,*,#6008,.T.);
#8115=ORIENTED_EDGE('',*,*,#6009,.T.);
#8116=ORIENTED_EDGE('',*,*,#5816,.T.);
#8117=ORIENTED_EDGE('',*,*,#6006,.F.);
#8118=ORIENTED_EDGE('',*,*,#6010,.T.);
#8119=ORIENTED_EDGE('',*,*,#6011,.T.);
#8120=ORIENTED_EDGE('',*,*,#5817,.T.);
#8121=ORIENTED_EDGE('',*,*,#6009,.F.);
#8122=ORIENTED_EDGE('',*,*,#6012,.T.);
#8123=ORIENTED_EDGE('',*,*,#6011,.F.);
#8124=ORIENTED_EDGE('',*,*,#5356,.T.);
#8125=ORIENTED_EDGE('',*,*,#6013,.T.);
#8126=ORIENTED_EDGE('',*,*,#5818,.T.);
#8127=ORIENTED_EDGE('',*,*,#6014,.T.);
#8128=ORIENTED_EDGE('',*,*,#5819,.T.);
#8129=ORIENTED_EDGE('',*,*,#6013,.F.);
#8130=ORIENTED_EDGE('',*,*,#5359,.T.);
#8131=ORIENTED_EDGE('',*,*,#6014,.F.);
#8132=ORIENTED_EDGE('',*,*,#5361,.T.);
#8133=ORIENTED_EDGE('',*,*,#6015,.T.);
#8134=ORIENTED_EDGE('',*,*,#5820,.T.);
#8135=ORIENTED_EDGE('',*,*,#6016,.T.);
#8136=ORIENTED_EDGE('',*,*,#5821,.T.);
#8137=ORIENTED_EDGE('',*,*,#6015,.F.);
#8138=ORIENTED_EDGE('',*,*,#5363,.T.);
#8139=ORIENTED_EDGE('',*,*,#6017,.T.);
#8140=ORIENTED_EDGE('',*,*,#5822,.T.);
#8141=ORIENTED_EDGE('',*,*,#6016,.F.);
#8142=ORIENTED_EDGE('',*,*,#5365,.T.);
#8143=ORIENTED_EDGE('',*,*,#6017,.F.);
#8144=ORIENTED_EDGE('',*,*,#6018,.T.);
#8145=ORIENTED_EDGE('',*,*,#6007,.F.);
#8146=ORIENTED_EDGE('',*,*,#5823,.T.);
#8147=ORIENTED_EDGE('',*,*,#5331,.F.);
#8148=ORIENTED_EDGE('',*,*,#5357,.F.);
#8149=ORIENTED_EDGE('',*,*,#6012,.F.);
#8150=ORIENTED_EDGE('',*,*,#6019,.F.);
#8151=ORIENTED_EDGE('',*,*,#5332,.F.);
#8152=ORIENTED_EDGE('',*,*,#6019,.T.);
#8153=ORIENTED_EDGE('',*,*,#6010,.F.);
#8154=ORIENTED_EDGE('',*,*,#6020,.T.);
#8155=ORIENTED_EDGE('',*,*,#5337,.F.);
#8156=ORIENTED_EDGE('',*,*,#6020,.F.);
#8157=ORIENTED_EDGE('',*,*,#6008,.F.);
#8158=ORIENTED_EDGE('',*,*,#6021,.F.);
#8159=ORIENTED_EDGE('',*,*,#6022,.T.);
#8160=ORIENTED_EDGE('',*,*,#6023,.T.);
#8161=ORIENTED_EDGE('',*,*,#5836,.T.);
#8162=ORIENTED_EDGE('',*,*,#6024,.T.);
#8163=ORIENTED_EDGE('',*,*,#6023,.F.);
#8164=ORIENTED_EDGE('',*,*,#6025,.T.);
#8165=ORIENTED_EDGE('',*,*,#6026,.T.);
#8166=ORIENTED_EDGE('',*,*,#5837,.T.);
#8167=ORIENTED_EDGE('',*,*,#6027,.T.);
#8168=ORIENTED_EDGE('',*,*,#5838,.T.);
#8169=ORIENTED_EDGE('',*,*,#6026,.F.);
#8170=ORIENTED_EDGE('',*,*,#6028,.T.);
#8171=ORIENTED_EDGE('',*,*,#6027,.F.);
#8172=ORIENTED_EDGE('',*,*,#6029,.T.);
#8173=ORIENTED_EDGE('',*,*,#6030,.T.);
#8174=ORIENTED_EDGE('',*,*,#5839,.T.);
#8175=ORIENTED_EDGE('',*,*,#6031,.T.);
#8176=ORIENTED_EDGE('',*,*,#5840,.T.);
#8177=ORIENTED_EDGE('',*,*,#6030,.F.);
#8178=ORIENTED_EDGE('',*,*,#5312,.T.);
#8179=ORIENTED_EDGE('',*,*,#6031,.F.);
#8180=ORIENTED_EDGE('',*,*,#5315,.T.);
#8181=ORIENTED_EDGE('',*,*,#6032,.T.);
#8182=ORIENTED_EDGE('',*,*,#5841,.T.);
#8183=ORIENTED_EDGE('',*,*,#6033,.T.);
#8184=ORIENTED_EDGE('',*,*,#5842,.T.);
#8185=ORIENTED_EDGE('',*,*,#6032,.F.);
#8186=ORIENTED_EDGE('',*,*,#5317,.T.);
#8187=ORIENTED_EDGE('',*,*,#6033,.F.);
#8188=ORIENTED_EDGE('',*,*,#5319,.T.);
#8189=ORIENTED_EDGE('',*,*,#6034,.T.);
#8190=ORIENTED_EDGE('',*,*,#5843,.T.);
#8191=ORIENTED_EDGE('',*,*,#6035,.T.);
#8192=ORIENTED_EDGE('',*,*,#5844,.T.);
#8193=ORIENTED_EDGE('',*,*,#6034,.F.);
#8194=ORIENTED_EDGE('',*,*,#5321,.T.);
#8195=ORIENTED_EDGE('',*,*,#5845,.T.);
#8196=ORIENTED_EDGE('',*,*,#6035,.F.);
#8197=ORIENTED_EDGE('',*,*,#6036,.T.);
#8198=ORIENTED_EDGE('',*,*,#6024,.F.);
#8199=ORIENTED_EDGE('',*,*,#5292,.F.);
#8200=ORIENTED_EDGE('',*,*,#5313,.T.);
#8201=ORIENTED_EDGE('',*,*,#6029,.F.);
#8202=ORIENTED_EDGE('',*,*,#6037,.T.);
#8203=ORIENTED_EDGE('',*,*,#5297,.F.);
#8204=ORIENTED_EDGE('',*,*,#6037,.F.);
#8205=ORIENTED_EDGE('',*,*,#6028,.F.);
#8206=ORIENTED_EDGE('',*,*,#6038,.F.);
#8207=ORIENTED_EDGE('',*,*,#5300,.F.);
#8208=ORIENTED_EDGE('',*,*,#6038,.T.);
#8209=ORIENTED_EDGE('',*,*,#6025,.F.);
#8210=ORIENTED_EDGE('',*,*,#6039,.T.);
#8211=ORIENTED_EDGE('',*,*,#5306,.F.);
#8212=ORIENTED_EDGE('',*,*,#5305,.F.);
#8213=ORIENTED_EDGE('',*,*,#6039,.F.);
#8214=ORIENTED_EDGE('',*,*,#6022,.F.);
#8215=ORIENTED_EDGE('',*,*,#6040,.T.);
#8216=ORIENTED_EDGE('',*,*,#5243,.F.);
#8217=ORIENTED_EDGE('',*,*,#6041,.T.);
#8218=ORIENTED_EDGE('',*,*,#6002,.F.);
#8219=ORIENTED_EDGE('',*,*,#5271,.T.);
#8220=ORIENTED_EDGE('',*,*,#5258,.F.);
#8221=ORIENTED_EDGE('',*,*,#5469,.F.);
#8222=ORIENTED_EDGE('',*,*,#5490,.F.);
#8223=ORIENTED_EDGE('',*,*,#5970,.F.);
#8224=ORIENTED_EDGE('',*,*,#5977,.F.);
#8225=ORIENTED_EDGE('',*,*,#5199,.F.);
#8226=ORIENTED_EDGE('',*,*,#5232,.T.);
#8227=ORIENTED_EDGE('',*,*,#5962,.F.);
#8228=ORIENTED_EDGE('',*,*,#6042,.T.);
#8229=ORIENTED_EDGE('',*,*,#5211,.F.);
#8230=ORIENTED_EDGE('',*,*,#6043,.T.);
#8231=ORIENTED_EDGE('',*,*,#5959,.F.);
#8232=ORIENTED_EDGE('',*,*,#5235,.T.);
#8233=ORIENTED_EDGE('',*,*,#5220,.F.);
#8234=ORIENTED_EDGE('',*,*,#5213,.F.);
#8235=ORIENTED_EDGE('',*,*,#6042,.F.);
#8236=ORIENTED_EDGE('',*,*,#5961,.F.);
#8237=ORIENTED_EDGE('',*,*,#6043,.F.);
#8238=ORIENTED_EDGE('',*,*,#5519,.F.);
#8239=ORIENTED_EDGE('',*,*,#6044,.T.);
#8240=ORIENTED_EDGE('',*,*,#5935,.F.);
#8241=ORIENTED_EDGE('',*,*,#6045,.T.);
#8242=ORIENTED_EDGE('',*,*,#5531,.F.);
#8243=ORIENTED_EDGE('',*,*,#5528,.F.);
#8244=ORIENTED_EDGE('',*,*,#6045,.F.);
#8245=ORIENTED_EDGE('',*,*,#5934,.F.);
#8246=ORIENTED_EDGE('',*,*,#5540,.T.);
#8247=ORIENTED_EDGE('',*,*,#5171,.F.);
#8248=ORIENTED_EDGE('',*,*,#5925,.T.);
#8249=ORIENTED_EDGE('',*,*,#5923,.F.);
#8250=ORIENTED_EDGE('',*,*,#5196,.T.);
#8251=ORIENTED_EDGE('',*,*,#5180,.F.);
#8252=ORIENTED_EDGE('',*,*,#5442,.F.);
#8253=ORIENTED_EDGE('',*,*,#5995,.F.);
#8254=ORIENTED_EDGE('',*,*,#5984,.F.);
#8255=ORIENTED_EDGE('',*,*,#5455,.T.);
#8256=ORIENTED_EDGE('',*,*,#5340,.F.);
#8257=ORIENTED_EDGE('',*,*,#6021,.T.);
#8258=ORIENTED_EDGE('',*,*,#6018,.F.);
#8259=ORIENTED_EDGE('',*,*,#5364,.T.);
#8260=ORIENTED_EDGE('',*,*,#5352,.F.);
#8261=ORIENTED_EDGE('',*,*,#5240,.F.);
#8262=ORIENTED_EDGE('',*,*,#6005,.F.);
#8263=ORIENTED_EDGE('',*,*,#6000,.F.);
#8264=ORIENTED_EDGE('',*,*,#6041,.F.);
#8265=ORIENTED_EDGE('',*,*,#5302,.F.);
#8266=ORIENTED_EDGE('',*,*,#6040,.F.);
#8267=ORIENTED_EDGE('',*,*,#6036,.F.);
#8268=ORIENTED_EDGE('',*,*,#5320,.T.);
#8269=ORIENTED_EDGE('',*,*,#5274,.F.);
#8270=ORIENTED_EDGE('',*,*,#5564,.F.);
#8271=ORIENTED_EDGE('',*,*,#5578,.F.);
#8272=ORIENTED_EDGE('',*,*,#5948,.F.);
#8273=ORIENTED_EDGE('',*,*,#5951,.T.);
#8274=ORIENTED_EDGE('',*,*,#5521,.F.);
#8275=ORIENTED_EDGE('',*,*,#5938,.F.);
#8276=ORIENTED_EDGE('',*,*,#5937,.F.);
#8277=ORIENTED_EDGE('',*,*,#6044,.F.);
#8278=ORIENTED_EDGE('',*,*,#5394,.T.);
#8279=ORIENTED_EDGE('',*,*,#6046,.T.);
#8280=ORIENTED_EDGE('',*,*,#5624,.T.);
#8281=ORIENTED_EDGE('',*,*,#5902,.T.);
#8282=ORIENTED_EDGE('',*,*,#5895,.F.);
#8283=ORIENTED_EDGE('',*,*,#6046,.F.);
#8284=ORIENTED_EDGE('',*,*,#5393,.T.);
#8285=ORIENTED_EDGE('',*,*,#6047,.F.);
#8286=ORIENTED_EDGE('',*,*,#5625,.T.);
#8287=ORIENTED_EDGE('',*,*,#5413,.T.);
#8288=ORIENTED_EDGE('',*,*,#5887,.F.);
#8289=ORIENTED_EDGE('',*,*,#5881,.T.);
#8290=ORIENTED_EDGE('',*,*,#5634,.T.);
#8291=ORIENTED_EDGE('',*,*,#6048,.T.);
#8292=ORIENTED_EDGE('',*,*,#6049,.T.);
#8293=ORIENTED_EDGE('',*,*,#5367,.T.);
#8294=ORIENTED_EDGE('',*,*,#5309,.F.);
#8295=ORIENTED_EDGE('',*,*,#6050,.T.);
#8296=ORIENTED_EDGE('',*,*,#6051,.T.);
#8297=ORIENTED_EDGE('',*,*,#5632,.T.);
#8298=ORIENTED_EDGE('',*,*,#6052,.T.);
#8299=ORIENTED_EDGE('',*,*,#5183,.F.);
#8300=ORIENTED_EDGE('',*,*,#6053,.T.);
#8301=ORIENTED_EDGE('',*,*,#6054,.T.);
#8302=ORIENTED_EDGE('',*,*,#6055,.T.);
#8303=ORIENTED_EDGE('',*,*,#5368,.T.);
#8304=ORIENTED_EDGE('',*,*,#5353,.F.);
#8305=ORIENTED_EDGE('',*,*,#5369,.T.);
#8306=ORIENTED_EDGE('',*,*,#6055,.F.);
#8307=ORIENTED_EDGE('',*,*,#6056,.T.);
#8308=ORIENTED_EDGE('',*,*,#5417,.T.);
#8309=ORIENTED_EDGE('',*,*,#5349,.F.);
#8310=ORIENTED_EDGE('',*,*,#6057,.T.);
#8311=ORIENTED_EDGE('',*,*,#5379,.T.);
#8312=ORIENTED_EDGE('',*,*,#5458,.F.);
#8313=ORIENTED_EDGE('',*,*,#6058,.T.);
#8314=ORIENTED_EDGE('',*,*,#6053,.F.);
#8315=ORIENTED_EDGE('',*,*,#6049,.F.);
#8316=ORIENTED_EDGE('',*,*,#6059,.T.);
#8317=ORIENTED_EDGE('',*,*,#6060,.T.);
#8318=ORIENTED_EDGE('',*,*,#6061,.T.);
#8319=ORIENTED_EDGE('',*,*,#5501,.T.);
#8320=ORIENTED_EDGE('',*,*,#5380,.T.);
#8321=ORIENTED_EDGE('',*,*,#6062,.T.);
#8322=ORIENTED_EDGE('',*,*,#5626,.T.);
#8323=ORIENTED_EDGE('',*,*,#6047,.T.);
#8324=ORIENTED_EDGE('',*,*,#5228,.F.);
#8325=ORIENTED_EDGE('',*,*,#6060,.F.);
#8326=ORIENTED_EDGE('',*,*,#6057,.F.);
#8327=ORIENTED_EDGE('',*,*,#6063,.T.);
#8328=ORIENTED_EDGE('',*,*,#6048,.F.);
#8329=ORIENTED_EDGE('',*,*,#5633,.T.);
#8330=ORIENTED_EDGE('',*,*,#6051,.F.);
#8331=ORIENTED_EDGE('',*,*,#5414,.T.);
#8332=ORIENTED_EDGE('',*,*,#5188,.F.);
#8333=ORIENTED_EDGE('',*,*,#5366,.F.);
#8334=ORIENTED_EDGE('',*,*,#5189,.F.);
#8335=ORIENTED_EDGE('',*,*,#6064,.T.);
#8336=ORIENTED_EDGE('',*,*,#5834,.T.);
#8337=ORIENTED_EDGE('',*,*,#6064,.F.);
#8338=ORIENTED_EDGE('',*,*,#5223,.F.);
#8339=ORIENTED_EDGE('',*,*,#5392,.F.);
#8340=ORIENTED_EDGE('',*,*,#6065,.T.);
#8341=ORIENTED_EDGE('',*,*,#5833,.T.);
#8342=ORIENTED_EDGE('',*,*,#6065,.F.);
#8343=ORIENTED_EDGE('',*,*,#5391,.F.);
#8344=ORIENTED_EDGE('',*,*,#5824,.T.);
#8345=ORIENTED_EDGE('',*,*,#6066,.T.);
#8346=ORIENTED_EDGE('',*,*,#6067,.T.);
#8347=ORIENTED_EDGE('',*,*,#6068,.T.);
#8348=ORIENTED_EDGE('',*,*,#6066,.F.);
#8349=ORIENTED_EDGE('',*,*,#6067,.F.);
#8350=ORIENTED_EDGE('',*,*,#6068,.F.);
#8351=ORIENTED_EDGE('',*,*,#6069,.T.);
#8352=ORIENTED_EDGE('',*,*,#6070,.T.);
#8353=ORIENTED_EDGE('',*,*,#6069,.F.);
#8354=ORIENTED_EDGE('',*,*,#5835,.T.);
#8355=ORIENTED_EDGE('',*,*,#6071,.T.);
#8356=ORIENTED_EDGE('',*,*,#6072,.T.);
#8357=ORIENTED_EDGE('',*,*,#6073,.T.);
#8358=ORIENTED_EDGE('',*,*,#6071,.F.);
#8359=ORIENTED_EDGE('',*,*,#6072,.F.);
#8360=ORIENTED_EDGE('',*,*,#6073,.F.);
#8361=ORIENTED_EDGE('',*,*,#6074,.T.);
#8362=ORIENTED_EDGE('',*,*,#6075,.T.);
#8363=ORIENTED_EDGE('',*,*,#6074,.F.);
#8364=ORIENTED_EDGE('',*,*,#6070,.F.);
#8365=ORIENTED_EDGE('',*,*,#6076,.T.);
#8366=ORIENTED_EDGE('',*,*,#6076,.F.);
#8367=ORIENTED_EDGE('',*,*,#6077,.T.);
#8368=ORIENTED_EDGE('',*,*,#5415,.F.);
#8369=ORIENTED_EDGE('',*,*,#6077,.F.);
#8370=ORIENTED_EDGE('',*,*,#6075,.F.);
#8371=ORIENTED_EDGE('',*,*,#6078,.T.);
#8372=ORIENTED_EDGE('',*,*,#6078,.F.);
#8373=ORIENTED_EDGE('',*,*,#6079,.T.);
#8374=ORIENTED_EDGE('',*,*,#5416,.F.);
#8375=ORIENTED_EDGE('',*,*,#6079,.F.);
#8376=ORIENTED_EDGE('',*,*,#6080,.T.);
#8377=ORIENTED_EDGE('',*,*,#6081,.T.);
#8378=ORIENTED_EDGE('',*,*,#6082,.T.);
#8379=ORIENTED_EDGE('',*,*,#6083,.T.);
#8380=ORIENTED_EDGE('',*,*,#6084,.T.);
#8381=ORIENTED_EDGE('',*,*,#6082,.F.);
#8382=ORIENTED_EDGE('',*,*,#6085,.T.);
#8383=ORIENTED_EDGE('',*,*,#6080,.F.);
#8384=ORIENTED_EDGE('',*,*,#6086,.T.);
#8385=ORIENTED_EDGE('',*,*,#6087,.F.);
#8386=ORIENTED_EDGE('',*,*,#6088,.T.);
#8387=ORIENTED_EDGE('',*,*,#6089,.T.);
#8388=ORIENTED_EDGE('',*,*,#6090,.T.);
#8389=ORIENTED_EDGE('',*,*,#6091,.F.);
#8390=ORIENTED_EDGE('',*,*,#6092,.T.);
#8391=ORIENTED_EDGE('',*,*,#6093,.F.);
#8392=ORIENTED_EDGE('',*,*,#6094,.T.);
#8393=ORIENTED_EDGE('',*,*,#6095,.T.);
#8394=ORIENTED_EDGE('',*,*,#6096,.T.);
#8395=ORIENTED_EDGE('',*,*,#6097,.T.);
#8396=ORIENTED_EDGE('',*,*,#6098,.T.);
#8397=ORIENTED_EDGE('',*,*,#6083,.F.);
#8398=ORIENTED_EDGE('',*,*,#6084,.F.);
#8399=ORIENTED_EDGE('',*,*,#6099,.T.);
#8400=ORIENTED_EDGE('',*,*,#5684,.F.);
#8401=ORIENTED_EDGE('',*,*,#6099,.F.);
#8402=ORIENTED_EDGE('',*,*,#6100,.T.);
#8403=ORIENTED_EDGE('',*,*,#6101,.T.);
#8404=ORIENTED_EDGE('',*,*,#6102,.T.);
#8405=ORIENTED_EDGE('',*,*,#6103,.T.);
#8406=ORIENTED_EDGE('',*,*,#6101,.F.);
#8407=ORIENTED_EDGE('',*,*,#6081,.F.);
#8408=ORIENTED_EDGE('',*,*,#6098,.F.);
#8409=ORIENTED_EDGE('',*,*,#6104,.F.);
#8410=ORIENTED_EDGE('',*,*,#6105,.F.);
#8411=ORIENTED_EDGE('',*,*,#6106,.F.);
#8412=ORIENTED_EDGE('',*,*,#6107,.F.);
#8413=ORIENTED_EDGE('',*,*,#6108,.F.);
#8414=ORIENTED_EDGE('',*,*,#6109,.F.);
#8415=ORIENTED_EDGE('',*,*,#6110,.F.);
#8416=ORIENTED_EDGE('',*,*,#6111,.F.);
#8417=ORIENTED_EDGE('',*,*,#6112,.F.);
#8418=ORIENTED_EDGE('',*,*,#6113,.F.);
#8419=ORIENTED_EDGE('',*,*,#6114,.F.);
#8420=ORIENTED_EDGE('',*,*,#6115,.F.);
#8421=ORIENTED_EDGE('',*,*,#6116,.F.);
#8422=ORIENTED_EDGE('',*,*,#6117,.F.);
#8423=ORIENTED_EDGE('',*,*,#6118,.F.);
#8424=ORIENTED_EDGE('',*,*,#6119,.F.);
#8425=ORIENTED_EDGE('',*,*,#6120,.F.);
#8426=ORIENTED_EDGE('',*,*,#6121,.F.);
#8427=ORIENTED_EDGE('',*,*,#6122,.F.);
#8428=ORIENTED_EDGE('',*,*,#6123,.F.);
#8429=ORIENTED_EDGE('',*,*,#6124,.F.);
#8430=ORIENTED_EDGE('',*,*,#6125,.F.);
#8431=ORIENTED_EDGE('',*,*,#6126,.F.);
#8432=ORIENTED_EDGE('',*,*,#6127,.F.);
#8433=ORIENTED_EDGE('',*,*,#6128,.F.);
#8434=ORIENTED_EDGE('',*,*,#6129,.F.);
#8435=ORIENTED_EDGE('',*,*,#6130,.F.);
#8436=ORIENTED_EDGE('',*,*,#6094,.F.);
#8437=ORIENTED_EDGE('',*,*,#6131,.F.);
#8438=ORIENTED_EDGE('',*,*,#6132,.F.);
#8439=ORIENTED_EDGE('',*,*,#6092,.F.);
#8440=ORIENTED_EDGE('',*,*,#6133,.F.);
#8441=ORIENTED_EDGE('',*,*,#6134,.F.);
#8442=ORIENTED_EDGE('',*,*,#6135,.F.);
#8443=ORIENTED_EDGE('',*,*,#6136,.F.);
#8444=ORIENTED_EDGE('',*,*,#6137,.F.);
#8445=ORIENTED_EDGE('',*,*,#6138,.F.);
#8446=ORIENTED_EDGE('',*,*,#6139,.F.);
#8447=ORIENTED_EDGE('',*,*,#6140,.F.);
#8448=ORIENTED_EDGE('',*,*,#6141,.F.);
#8449=ORIENTED_EDGE('',*,*,#6142,.F.);
#8450=ORIENTED_EDGE('',*,*,#6143,.F.);
#8451=ORIENTED_EDGE('',*,*,#6090,.F.);
#8452=ORIENTED_EDGE('',*,*,#6144,.F.);
#8453=ORIENTED_EDGE('',*,*,#6145,.F.);
#8454=ORIENTED_EDGE('',*,*,#6089,.F.);
#8455=ORIENTED_EDGE('',*,*,#6146,.F.);
#8456=ORIENTED_EDGE('',*,*,#6147,.F.);
#8457=ORIENTED_EDGE('',*,*,#6088,.F.);
#8458=ORIENTED_EDGE('',*,*,#6148,.F.);
#8459=ORIENTED_EDGE('',*,*,#6149,.F.);
#8460=ORIENTED_EDGE('',*,*,#6150,.F.);
#8461=ORIENTED_EDGE('',*,*,#6151,.F.);
#8462=ORIENTED_EDGE('',*,*,#6152,.F.);
#8463=ORIENTED_EDGE('',*,*,#6153,.F.);
#8464=ORIENTED_EDGE('',*,*,#6154,.F.);
#8465=ORIENTED_EDGE('',*,*,#6155,.F.);
#8466=ORIENTED_EDGE('',*,*,#6156,.F.);
#8467=ORIENTED_EDGE('',*,*,#6157,.F.);
#8468=ORIENTED_EDGE('',*,*,#6158,.F.);
#8469=ORIENTED_EDGE('',*,*,#6086,.F.);
#8470=ORIENTED_EDGE('',*,*,#6085,.F.);
#8471=ORIENTED_EDGE('',*,*,#6159,.F.);
#8472=ORIENTED_EDGE('',*,*,#6160,.F.);
#8473=ORIENTED_EDGE('',*,*,#6161,.F.);
#8474=ORIENTED_EDGE('',*,*,#6162,.F.);
#8475=ORIENTED_EDGE('',*,*,#6163,.F.);
#8476=ORIENTED_EDGE('',*,*,#6164,.F.);
#8477=ORIENTED_EDGE('',*,*,#6165,.F.);
#8478=ORIENTED_EDGE('',*,*,#6166,.F.);
#8479=ORIENTED_EDGE('',*,*,#6167,.F.);
#8480=ORIENTED_EDGE('',*,*,#6168,.F.);
#8481=ORIENTED_EDGE('',*,*,#6169,.F.);
#8482=ORIENTED_EDGE('',*,*,#6170,.F.);
#8483=ORIENTED_EDGE('',*,*,#6171,.F.);
#8484=ORIENTED_EDGE('',*,*,#6172,.F.);
#8485=ORIENTED_EDGE('',*,*,#6173,.F.);
#8486=ORIENTED_EDGE('',*,*,#6174,.F.);
#8487=ORIENTED_EDGE('',*,*,#6175,.F.);
#8488=ORIENTED_EDGE('',*,*,#6176,.F.);
#8489=ORIENTED_EDGE('',*,*,#6177,.F.);
#8490=ORIENTED_EDGE('',*,*,#6178,.T.);
#8491=ORIENTED_EDGE('',*,*,#6179,.T.);
#8492=ORIENTED_EDGE('',*,*,#6180,.T.);
#8493=ORIENTED_EDGE('',*,*,#6181,.T.);
#8494=ORIENTED_EDGE('',*,*,#6182,.T.);
#8495=ORIENTED_EDGE('',*,*,#6183,.T.);
#8496=ORIENTED_EDGE('',*,*,#6184,.F.);
#8497=ORIENTED_EDGE('',*,*,#6185,.F.);
#8498=ORIENTED_EDGE('',*,*,#6186,.F.);
#8499=ORIENTED_EDGE('',*,*,#6187,.F.);
#8500=ORIENTED_EDGE('',*,*,#6188,.F.);
#8501=ORIENTED_EDGE('',*,*,#6189,.F.);
#8502=ORIENTED_EDGE('',*,*,#6190,.F.);
#8503=ORIENTED_EDGE('',*,*,#6191,.F.);
#8504=ORIENTED_EDGE('',*,*,#6192,.F.);
#8505=ORIENTED_EDGE('',*,*,#6193,.F.);
#8506=ORIENTED_EDGE('',*,*,#6194,.F.);
#8507=ORIENTED_EDGE('',*,*,#6195,.F.);
#8508=ORIENTED_EDGE('',*,*,#6196,.F.);
#8509=ORIENTED_EDGE('',*,*,#6197,.F.);
#8510=ORIENTED_EDGE('',*,*,#6198,.F.);
#8511=ORIENTED_EDGE('',*,*,#6199,.F.);
#8512=ORIENTED_EDGE('',*,*,#6200,.F.);
#8513=ORIENTED_EDGE('',*,*,#6201,.F.);
#8514=ORIENTED_EDGE('',*,*,#6100,.F.);
#8515=ORIENTED_EDGE('',*,*,#6102,.F.);
#8516=ORIENTED_EDGE('',*,*,#6103,.F.);
#8517=ORIENTED_EDGE('',*,*,#6202,.T.);
#8518=ORIENTED_EDGE('',*,*,#5685,.F.);
#8519=ORIENTED_EDGE('',*,*,#6202,.F.);
#8520=ORIENTED_EDGE('',*,*,#6159,.T.);
#8521=ORIENTED_EDGE('',*,*,#6203,.T.);
#8522=ORIENTED_EDGE('',*,*,#6204,.T.);
#8523=ORIENTED_EDGE('',*,*,#6205,.T.);
#8524=ORIENTED_EDGE('',*,*,#6203,.F.);
#8525=ORIENTED_EDGE('',*,*,#6204,.F.);
#8526=ORIENTED_EDGE('',*,*,#6205,.F.);
#8527=ORIENTED_EDGE('',*,*,#6206,.T.);
#8528=ORIENTED_EDGE('',*,*,#5683,.F.);
#8529=ORIENTED_EDGE('',*,*,#6206,.F.);
#8530=ORIENTED_EDGE('',*,*,#6093,.T.);
#8531=ORIENTED_EDGE('',*,*,#6132,.T.);
#8532=ORIENTED_EDGE('',*,*,#6207,.T.);
#8533=ORIENTED_EDGE('',*,*,#6208,.T.);
#8534=ORIENTED_EDGE('',*,*,#6209,.T.);
#8535=ORIENTED_EDGE('',*,*,#6207,.F.);
#8536=ORIENTED_EDGE('',*,*,#6131,.T.);
#8537=ORIENTED_EDGE('',*,*,#6208,.F.);
#8538=ORIENTED_EDGE('',*,*,#6209,.F.);
#8539=ORIENTED_EDGE('',*,*,#6210,.T.);
#8540=ORIENTED_EDGE('',*,*,#5682,.F.);
#8541=ORIENTED_EDGE('',*,*,#6210,.F.);
#8542=ORIENTED_EDGE('',*,*,#6145,.T.);
#8543=ORIENTED_EDGE('',*,*,#6211,.T.);
#8544=ORIENTED_EDGE('',*,*,#6212,.T.);
#8545=ORIENTED_EDGE('',*,*,#6213,.T.);
#8546=ORIENTED_EDGE('',*,*,#6211,.F.);
#8547=ORIENTED_EDGE('',*,*,#6144,.T.);
#8548=ORIENTED_EDGE('',*,*,#6212,.F.);
#8549=ORIENTED_EDGE('',*,*,#6213,.F.);
#8550=ORIENTED_EDGE('',*,*,#6214,.T.);
#8551=ORIENTED_EDGE('',*,*,#5679,.F.);
#8552=ORIENTED_EDGE('',*,*,#6214,.F.);
#8553=ORIENTED_EDGE('',*,*,#6119,.T.);
#8554=ORIENTED_EDGE('',*,*,#6215,.T.);
#8555=ORIENTED_EDGE('',*,*,#6216,.T.);
#8556=ORIENTED_EDGE('',*,*,#6217,.T.);
#8557=ORIENTED_EDGE('',*,*,#6215,.F.);
#8558=ORIENTED_EDGE('',*,*,#6118,.T.);
#8559=ORIENTED_EDGE('',*,*,#6216,.F.);
#8560=ORIENTED_EDGE('',*,*,#6217,.F.);
#8561=ORIENTED_EDGE('',*,*,#6218,.T.);
#8562=ORIENTED_EDGE('',*,*,#5678,.F.);
#8563=ORIENTED_EDGE('',*,*,#6218,.F.);
#8564=ORIENTED_EDGE('',*,*,#6116,.T.);
#8565=ORIENTED_EDGE('',*,*,#6219,.T.);
#8566=ORIENTED_EDGE('',*,*,#6220,.T.);
#8567=ORIENTED_EDGE('',*,*,#6221,.T.);
#8568=ORIENTED_EDGE('',*,*,#6219,.F.);
#8569=ORIENTED_EDGE('',*,*,#6115,.T.);
#8570=ORIENTED_EDGE('',*,*,#6220,.F.);
#8571=ORIENTED_EDGE('',*,*,#6221,.F.);
#8572=ORIENTED_EDGE('',*,*,#6222,.T.);
#8573=ORIENTED_EDGE('',*,*,#5681,.F.);
#8574=ORIENTED_EDGE('',*,*,#6222,.F.);
#8575=ORIENTED_EDGE('',*,*,#6147,.T.);
#8576=ORIENTED_EDGE('',*,*,#6223,.T.);
#8577=ORIENTED_EDGE('',*,*,#6224,.T.);
#8578=ORIENTED_EDGE('',*,*,#6225,.T.);
#8579=ORIENTED_EDGE('',*,*,#6223,.F.);
#8580=ORIENTED_EDGE('',*,*,#6146,.T.);
#8581=ORIENTED_EDGE('',*,*,#6224,.F.);
#8582=ORIENTED_EDGE('',*,*,#6225,.F.);
#8583=ORIENTED_EDGE('',*,*,#6226,.T.);
#8584=ORIENTED_EDGE('',*,*,#5680,.F.);
#8585=ORIENTED_EDGE('',*,*,#6226,.F.);
#8586=ORIENTED_EDGE('',*,*,#5530,.F.);
#8587=ORIENTED_EDGE('',*,*,#6227,.T.);
#8588=ORIENTED_EDGE('',*,*,#6228,.T.);
#8589=ORIENTED_EDGE('',*,*,#6229,.T.);
#8590=ORIENTED_EDGE('',*,*,#5542,.T.);
#8591=ORIENTED_EDGE('',*,*,#5523,.F.);
#8592=ORIENTED_EDGE('',*,*,#6230,.T.);
#8593=ORIENTED_EDGE('',*,*,#6231,.T.);
#8594=ORIENTED_EDGE('',*,*,#5544,.F.);
#8595=ORIENTED_EDGE('',*,*,#6232,.T.);
#8596=ORIENTED_EDGE('',*,*,#6233,.T.);
#8597=ORIENTED_EDGE('',*,*,#6234,.T.);
#8598=ORIENTED_EDGE('',*,*,#6230,.F.);
#8599=ORIENTED_EDGE('',*,*,#6235,.T.);
#8600=ORIENTED_EDGE('',*,*,#6236,.T.);
#8601=ORIENTED_EDGE('',*,*,#6129,.T.);
#8602=ORIENTED_EDGE('',*,*,#6237,.F.);
#8603=ORIENTED_EDGE('',*,*,#6121,.T.);
#8604=ORIENTED_EDGE('',*,*,#6233,.F.);
#8605=ORIENTED_EDGE('',*,*,#6238,.T.);
#8606=ORIENTED_EDGE('',*,*,#6239,.T.);
#8607=ORIENTED_EDGE('',*,*,#6104,.T.);
#8608=ORIENTED_EDGE('',*,*,#6097,.F.);
#8609=ORIENTED_EDGE('',*,*,#6240,.T.);
#8610=ORIENTED_EDGE('',*,*,#6241,.T.);
#8611=ORIENTED_EDGE('',*,*,#6113,.T.);
#8612=ORIENTED_EDGE('',*,*,#6242,.F.);
#8613=ORIENTED_EDGE('',*,*,#6105,.T.);
#8614=ORIENTED_EDGE('',*,*,#6239,.F.);
#8615=ORIENTED_EDGE('',*,*,#6243,.T.);
#8616=ORIENTED_EDGE('',*,*,#6244,.T.);
#8617=ORIENTED_EDGE('',*,*,#6245,.T.);
#8618=ORIENTED_EDGE('',*,*,#6241,.F.);
#8619=ORIENTED_EDGE('',*,*,#6246,.T.);
#8620=ORIENTED_EDGE('',*,*,#6247,.T.);
#8621=ORIENTED_EDGE('',*,*,#6248,.T.);
#8622=ORIENTED_EDGE('',*,*,#6244,.F.);
#8623=ORIENTED_EDGE('',*,*,#6249,.T.);
#8624=ORIENTED_EDGE('',*,*,#5573,.F.);
#8625=ORIENTED_EDGE('',*,*,#6250,.T.);
#8626=ORIENTED_EDGE('',*,*,#6247,.F.);
#8627=ORIENTED_EDGE('',*,*,#6251,.T.);
#8628=ORIENTED_EDGE('',*,*,#5585,.T.);
#8629=ORIENTED_EDGE('',*,*,#5566,.F.);
#8630=ORIENTED_EDGE('',*,*,#6095,.F.);
#8631=ORIENTED_EDGE('',*,*,#6130,.T.);
#8632=ORIENTED_EDGE('',*,*,#6236,.F.);
#8633=ORIENTED_EDGE('',*,*,#6252,.T.);
#8634=ORIENTED_EDGE('',*,*,#6253,.T.);
#8635=ORIENTED_EDGE('',*,*,#6254,.T.);
#8636=ORIENTED_EDGE('',*,*,#6255,.T.);
#8637=ORIENTED_EDGE('',*,*,#6256,.T.);
#8638=ORIENTED_EDGE('',*,*,#6257,.T.);
#8639=ORIENTED_EDGE('',*,*,#6258,.T.);
#8640=ORIENTED_EDGE('',*,*,#6255,.F.);
#8641=ORIENTED_EDGE('',*,*,#6259,.T.);
#8642=ORIENTED_EDGE('',*,*,#6260,.T.);
#8643=ORIENTED_EDGE('',*,*,#6261,.T.);
#8644=ORIENTED_EDGE('',*,*,#6257,.F.);
#8645=ORIENTED_EDGE('',*,*,#6262,.T.);
#8646=ORIENTED_EDGE('',*,*,#6263,.T.);
#8647=ORIENTED_EDGE('',*,*,#6264,.T.);
#8648=ORIENTED_EDGE('',*,*,#6260,.F.);
#8649=ORIENTED_EDGE('',*,*,#6265,.T.);
#8650=ORIENTED_EDGE('',*,*,#6266,.T.);
#8651=ORIENTED_EDGE('',*,*,#6267,.T.);
#8652=ORIENTED_EDGE('',*,*,#6263,.F.);
#8653=ORIENTED_EDGE('',*,*,#6268,.T.);
#8654=ORIENTED_EDGE('',*,*,#6253,.F.);
#8655=ORIENTED_EDGE('',*,*,#5587,.F.);
#8656=ORIENTED_EDGE('',*,*,#6269,.T.);
#8657=ORIENTED_EDGE('',*,*,#6228,.F.);
#8658=ORIENTED_EDGE('',*,*,#6266,.F.);
#8659=ORIENTED_EDGE('',*,*,#6270,.T.);
#8660=ORIENTED_EDGE('',*,*,#5631,.F.);
#8661=ORIENTED_EDGE('',*,*,#6271,.F.);
#8662=ORIENTED_EDGE('',*,*,#6238,.F.);
#8663=ORIENTED_EDGE('',*,*,#6235,.F.);
#8664=ORIENTED_EDGE('',*,*,#6232,.F.);
#8665=ORIENTED_EDGE('',*,*,#6272,.F.);
#8666=ORIENTED_EDGE('',*,*,#5766,.T.);
#8667=ORIENTED_EDGE('',*,*,#6273,.T.);
#8668=ORIENTED_EDGE('',*,*,#5184,.F.);
#8669=ORIENTED_EDGE('',*,*,#6052,.F.);
#8670=ORIENTED_EDGE('',*,*,#5543,.F.);
#8671=ORIENTED_EDGE('',*,*,#6274,.F.);
#8672=ORIENTED_EDGE('',*,*,#5767,.T.);
#8673=ORIENTED_EDGE('',*,*,#6272,.T.);
#8674=ORIENTED_EDGE('',*,*,#6229,.F.);
#8675=ORIENTED_EDGE('',*,*,#6275,.F.);
#8676=ORIENTED_EDGE('',*,*,#5768,.T.);
#8677=ORIENTED_EDGE('',*,*,#6274,.T.);
#8678=ORIENTED_EDGE('',*,*,#6270,.F.);
#8679=ORIENTED_EDGE('',*,*,#6276,.F.);
#8680=ORIENTED_EDGE('',*,*,#5769,.T.);
#8681=ORIENTED_EDGE('',*,*,#6275,.T.);
#8682=ORIENTED_EDGE('',*,*,#6268,.F.);
#8683=ORIENTED_EDGE('',*,*,#6277,.F.);
#8684=ORIENTED_EDGE('',*,*,#5770,.T.);
#8685=ORIENTED_EDGE('',*,*,#6276,.T.);
#8686=ORIENTED_EDGE('',*,*,#6265,.F.);
#8687=ORIENTED_EDGE('',*,*,#6278,.F.);
#8688=ORIENTED_EDGE('',*,*,#5771,.T.);
#8689=ORIENTED_EDGE('',*,*,#6277,.T.);
#8690=ORIENTED_EDGE('',*,*,#6262,.F.);
#8691=ORIENTED_EDGE('',*,*,#6279,.F.);
#8692=ORIENTED_EDGE('',*,*,#5772,.T.);
#8693=ORIENTED_EDGE('',*,*,#6278,.T.);
#8694=ORIENTED_EDGE('',*,*,#6259,.F.);
#8695=ORIENTED_EDGE('',*,*,#6280,.F.);
#8696=ORIENTED_EDGE('',*,*,#5773,.T.);
#8697=ORIENTED_EDGE('',*,*,#6279,.T.);
#8698=ORIENTED_EDGE('',*,*,#6254,.F.);
#8699=ORIENTED_EDGE('',*,*,#6281,.F.);
#8700=ORIENTED_EDGE('',*,*,#5774,.T.);
#8701=ORIENTED_EDGE('',*,*,#6280,.T.);
#8702=ORIENTED_EDGE('',*,*,#6234,.F.);
#8703=ORIENTED_EDGE('',*,*,#6120,.T.);
#8704=ORIENTED_EDGE('',*,*,#6117,.T.);
#8705=ORIENTED_EDGE('',*,*,#6114,.T.);
#8706=ORIENTED_EDGE('',*,*,#6245,.F.);
#8707=ORIENTED_EDGE('',*,*,#6282,.T.);
#8708=ORIENTED_EDGE('',*,*,#6283,.T.);
#8709=ORIENTED_EDGE('',*,*,#6284,.T.);
#8710=ORIENTED_EDGE('',*,*,#6285,.T.);
#8711=ORIENTED_EDGE('',*,*,#6192,.T.);
#8712=ORIENTED_EDGE('',*,*,#6283,.F.);
#8713=ORIENTED_EDGE('',*,*,#6201,.T.);
#8714=ORIENTED_EDGE('',*,*,#6286,.T.);
#8715=ORIENTED_EDGE('',*,*,#6287,.T.);
#8716=ORIENTED_EDGE('',*,*,#6288,.T.);
#8717=ORIENTED_EDGE('',*,*,#6289,.T.);
#8718=ORIENTED_EDGE('',*,*,#6286,.F.);
#8719=ORIENTED_EDGE('',*,*,#6200,.T.);
#8720=ORIENTED_EDGE('',*,*,#6288,.F.);
#8721=ORIENTED_EDGE('',*,*,#6199,.T.);
#8722=ORIENTED_EDGE('',*,*,#6290,.T.);
#8723=ORIENTED_EDGE('',*,*,#6291,.T.);
#8724=ORIENTED_EDGE('',*,*,#6292,.T.);
#8725=ORIENTED_EDGE('',*,*,#6293,.T.);
#8726=ORIENTED_EDGE('',*,*,#6290,.F.);
#8727=ORIENTED_EDGE('',*,*,#6198,.T.);
#8728=ORIENTED_EDGE('',*,*,#6292,.F.);
#8729=ORIENTED_EDGE('',*,*,#6197,.T.);
#8730=ORIENTED_EDGE('',*,*,#6294,.T.);
#8731=ORIENTED_EDGE('',*,*,#6295,.T.);
#8732=ORIENTED_EDGE('',*,*,#6296,.T.);
#8733=ORIENTED_EDGE('',*,*,#6297,.T.);
#8734=ORIENTED_EDGE('',*,*,#6294,.F.);
#8735=ORIENTED_EDGE('',*,*,#6196,.T.);
#8736=ORIENTED_EDGE('',*,*,#6296,.F.);
#8737=ORIENTED_EDGE('',*,*,#6195,.T.);
#8738=ORIENTED_EDGE('',*,*,#6298,.T.);
#8739=ORIENTED_EDGE('',*,*,#6299,.T.);
#8740=ORIENTED_EDGE('',*,*,#6300,.T.);
#8741=ORIENTED_EDGE('',*,*,#6301,.T.);
#8742=ORIENTED_EDGE('',*,*,#6298,.F.);
#8743=ORIENTED_EDGE('',*,*,#6194,.T.);
#8744=ORIENTED_EDGE('',*,*,#6300,.F.);
#8745=ORIENTED_EDGE('',*,*,#6193,.T.);
#8746=ORIENTED_EDGE('',*,*,#6285,.F.);
#8747=ORIENTED_EDGE('',*,*,#6302,.T.);
#8748=ORIENTED_EDGE('',*,*,#6297,.F.);
#8749=ORIENTED_EDGE('',*,*,#6303,.T.);
#8750=ORIENTED_EDGE('',*,*,#6304,.F.);
#8751=ORIENTED_EDGE('',*,*,#6305,.T.);
#8752=ORIENTED_EDGE('',*,*,#6299,.F.);
#8753=ORIENTED_EDGE('',*,*,#6306,.F.);
#8754=ORIENTED_EDGE('',*,*,#6307,.F.);
#8755=ORIENTED_EDGE('',*,*,#6303,.F.);
#8756=ORIENTED_EDGE('',*,*,#6301,.F.);
#8757=ORIENTED_EDGE('',*,*,#6308,.T.);
#8758=ORIENTED_EDGE('',*,*,#6309,.F.);
#8759=ORIENTED_EDGE('',*,*,#6306,.T.);
#8760=ORIENTED_EDGE('',*,*,#6302,.F.);
#8761=ORIENTED_EDGE('',*,*,#6310,.F.);
#8762=ORIENTED_EDGE('',*,*,#6311,.F.);
#8763=ORIENTED_EDGE('',*,*,#6308,.F.);
#8764=ORIENTED_EDGE('',*,*,#6284,.F.);
#8765=ORIENTED_EDGE('',*,*,#6312,.T.);
#8766=ORIENTED_EDGE('',*,*,#6313,.F.);
#8767=ORIENTED_EDGE('',*,*,#6310,.T.);
#8768=ORIENTED_EDGE('',*,*,#6314,.T.);
#8769=ORIENTED_EDGE('',*,*,#6315,.T.);
#8770=ORIENTED_EDGE('',*,*,#6316,.T.);
#8771=ORIENTED_EDGE('',*,*,#6160,.T.);
#8772=ORIENTED_EDGE('',*,*,#6314,.F.);
#8773=ORIENTED_EDGE('',*,*,#6169,.T.);
#8774=ORIENTED_EDGE('',*,*,#6317,.T.);
#8775=ORIENTED_EDGE('',*,*,#6318,.T.);
#8776=ORIENTED_EDGE('',*,*,#6319,.T.);
#8777=ORIENTED_EDGE('',*,*,#6320,.T.);
#8778=ORIENTED_EDGE('',*,*,#6317,.F.);
#8779=ORIENTED_EDGE('',*,*,#6168,.T.);
#8780=ORIENTED_EDGE('',*,*,#6319,.F.);
#8781=ORIENTED_EDGE('',*,*,#6167,.T.);
#8782=ORIENTED_EDGE('',*,*,#6321,.T.);
#8783=ORIENTED_EDGE('',*,*,#6322,.T.);
#8784=ORIENTED_EDGE('',*,*,#6323,.T.);
#8785=ORIENTED_EDGE('',*,*,#6324,.T.);
#8786=ORIENTED_EDGE('',*,*,#6321,.F.);
#8787=ORIENTED_EDGE('',*,*,#6166,.T.);
#8788=ORIENTED_EDGE('',*,*,#6323,.F.);
#8789=ORIENTED_EDGE('',*,*,#6165,.T.);
#8790=ORIENTED_EDGE('',*,*,#6325,.T.);
#8791=ORIENTED_EDGE('',*,*,#6326,.T.);
#8792=ORIENTED_EDGE('',*,*,#6327,.T.);
#8793=ORIENTED_EDGE('',*,*,#6328,.T.);
#8794=ORIENTED_EDGE('',*,*,#6325,.F.);
#8795=ORIENTED_EDGE('',*,*,#6164,.T.);
#8796=ORIENTED_EDGE('',*,*,#6327,.F.);
#8797=ORIENTED_EDGE('',*,*,#6163,.T.);
#8798=ORIENTED_EDGE('',*,*,#6329,.T.);
#8799=ORIENTED_EDGE('',*,*,#6330,.T.);
#8800=ORIENTED_EDGE('',*,*,#6331,.T.);
#8801=ORIENTED_EDGE('',*,*,#6332,.T.);
#8802=ORIENTED_EDGE('',*,*,#6329,.F.);
#8803=ORIENTED_EDGE('',*,*,#6162,.T.);
#8804=ORIENTED_EDGE('',*,*,#6331,.F.);
#8805=ORIENTED_EDGE('',*,*,#6161,.T.);
#8806=ORIENTED_EDGE('',*,*,#6316,.F.);
#8807=ORIENTED_EDGE('',*,*,#6333,.T.);
#8808=ORIENTED_EDGE('',*,*,#6328,.F.);
#8809=ORIENTED_EDGE('',*,*,#6334,.T.);
#8810=ORIENTED_EDGE('',*,*,#6335,.F.);
#8811=ORIENTED_EDGE('',*,*,#6336,.T.);
#8812=ORIENTED_EDGE('',*,*,#6330,.F.);
#8813=ORIENTED_EDGE('',*,*,#6337,.F.);
#8814=ORIENTED_EDGE('',*,*,#6338,.F.);
#8815=ORIENTED_EDGE('',*,*,#6334,.F.);
#8816=ORIENTED_EDGE('',*,*,#6332,.F.);
#8817=ORIENTED_EDGE('',*,*,#6339,.T.);
#8818=ORIENTED_EDGE('',*,*,#6340,.F.);
#8819=ORIENTED_EDGE('',*,*,#6337,.T.);
#8820=ORIENTED_EDGE('',*,*,#6333,.F.);
#8821=ORIENTED_EDGE('',*,*,#6341,.F.);
#8822=ORIENTED_EDGE('',*,*,#6342,.F.);
#8823=ORIENTED_EDGE('',*,*,#6339,.F.);
#8824=ORIENTED_EDGE('',*,*,#6315,.F.);
#8825=ORIENTED_EDGE('',*,*,#6343,.T.);
#8826=ORIENTED_EDGE('',*,*,#6344,.F.);
#8827=ORIENTED_EDGE('',*,*,#6341,.T.);
#8828=ORIENTED_EDGE('',*,*,#6345,.T.);
#8829=ORIENTED_EDGE('',*,*,#6157,.T.);
#8830=ORIENTED_EDGE('',*,*,#6346,.T.);
#8831=ORIENTED_EDGE('',*,*,#6347,.T.);
#8832=ORIENTED_EDGE('',*,*,#6345,.F.);
#8833=ORIENTED_EDGE('',*,*,#6348,.T.);
#8834=ORIENTED_EDGE('',*,*,#6349,.T.);
#8835=ORIENTED_EDGE('',*,*,#6158,.T.);
#8836=ORIENTED_EDGE('',*,*,#6350,.T.);
#8837=ORIENTED_EDGE('',*,*,#6087,.T.);
#8838=ORIENTED_EDGE('',*,*,#6349,.F.);
#8839=ORIENTED_EDGE('',*,*,#6351,.T.);
#8840=ORIENTED_EDGE('',*,*,#6350,.F.);
#8841=ORIENTED_EDGE('',*,*,#6352,.T.);
#8842=ORIENTED_EDGE('',*,*,#6353,.T.);
#8843=ORIENTED_EDGE('',*,*,#6148,.T.);
#8844=ORIENTED_EDGE('',*,*,#6354,.T.);
#8845=ORIENTED_EDGE('',*,*,#6149,.T.);
#8846=ORIENTED_EDGE('',*,*,#6353,.F.);
#8847=ORIENTED_EDGE('',*,*,#6355,.T.);
#8848=ORIENTED_EDGE('',*,*,#6354,.F.);
#8849=ORIENTED_EDGE('',*,*,#6356,.T.);
#8850=ORIENTED_EDGE('',*,*,#6357,.T.);
#8851=ORIENTED_EDGE('',*,*,#6150,.T.);
#8852=ORIENTED_EDGE('',*,*,#6358,.T.);
#8853=ORIENTED_EDGE('',*,*,#6151,.T.);
#8854=ORIENTED_EDGE('',*,*,#6357,.F.);
#8855=ORIENTED_EDGE('',*,*,#6359,.T.);
#8856=ORIENTED_EDGE('',*,*,#6358,.F.);
#8857=ORIENTED_EDGE('',*,*,#6360,.T.);
#8858=ORIENTED_EDGE('',*,*,#6361,.T.);
#8859=ORIENTED_EDGE('',*,*,#6152,.T.);
#8860=ORIENTED_EDGE('',*,*,#6362,.T.);
#8861=ORIENTED_EDGE('',*,*,#6153,.T.);
#8862=ORIENTED_EDGE('',*,*,#6361,.F.);
#8863=ORIENTED_EDGE('',*,*,#6363,.T.);
#8864=ORIENTED_EDGE('',*,*,#6362,.F.);
#8865=ORIENTED_EDGE('',*,*,#6364,.T.);
#8866=ORIENTED_EDGE('',*,*,#6365,.T.);
#8867=ORIENTED_EDGE('',*,*,#6154,.T.);
#8868=ORIENTED_EDGE('',*,*,#6366,.T.);
#8869=ORIENTED_EDGE('',*,*,#6155,.T.);
#8870=ORIENTED_EDGE('',*,*,#6365,.F.);
#8871=ORIENTED_EDGE('',*,*,#6367,.T.);
#8872=ORIENTED_EDGE('',*,*,#6366,.F.);
#8873=ORIENTED_EDGE('',*,*,#6368,.T.);
#8874=ORIENTED_EDGE('',*,*,#6346,.F.);
#8875=ORIENTED_EDGE('',*,*,#6156,.T.);
#8876=ORIENTED_EDGE('',*,*,#6356,.F.);
#8877=ORIENTED_EDGE('',*,*,#6369,.T.);
#8878=ORIENTED_EDGE('',*,*,#6370,.F.);
#8879=ORIENTED_EDGE('',*,*,#6371,.T.);
#8880=ORIENTED_EDGE('',*,*,#6355,.F.);
#8881=ORIENTED_EDGE('',*,*,#6372,.F.);
#8882=ORIENTED_EDGE('',*,*,#6373,.F.);
#8883=ORIENTED_EDGE('',*,*,#6369,.F.);
#8884=ORIENTED_EDGE('',*,*,#6352,.F.);
#8885=ORIENTED_EDGE('',*,*,#6374,.T.);
#8886=ORIENTED_EDGE('',*,*,#6375,.F.);
#8887=ORIENTED_EDGE('',*,*,#6372,.T.);
#8888=ORIENTED_EDGE('',*,*,#6351,.F.);
#8889=ORIENTED_EDGE('',*,*,#6376,.F.);
#8890=ORIENTED_EDGE('',*,*,#6377,.F.);
#8891=ORIENTED_EDGE('',*,*,#6374,.F.);
#8892=ORIENTED_EDGE('',*,*,#6348,.F.);
#8893=ORIENTED_EDGE('',*,*,#6378,.T.);
#8894=ORIENTED_EDGE('',*,*,#6379,.F.);
#8895=ORIENTED_EDGE('',*,*,#6376,.T.);
#8896=ORIENTED_EDGE('',*,*,#6347,.F.);
#8897=ORIENTED_EDGE('',*,*,#6380,.F.);
#8898=ORIENTED_EDGE('',*,*,#6381,.F.);
#8899=ORIENTED_EDGE('',*,*,#6378,.F.);
#8900=ORIENTED_EDGE('',*,*,#6382,.T.);
#8901=ORIENTED_EDGE('',*,*,#6107,.T.);
#8902=ORIENTED_EDGE('',*,*,#6383,.T.);
#8903=ORIENTED_EDGE('',*,*,#6384,.T.);
#8904=ORIENTED_EDGE('',*,*,#6382,.F.);
#8905=ORIENTED_EDGE('',*,*,#6385,.T.);
#8906=ORIENTED_EDGE('',*,*,#6386,.T.);
#8907=ORIENTED_EDGE('',*,*,#6108,.T.);
#8908=ORIENTED_EDGE('',*,*,#6387,.T.);
#8909=ORIENTED_EDGE('',*,*,#6109,.T.);
#8910=ORIENTED_EDGE('',*,*,#6386,.F.);
#8911=ORIENTED_EDGE('',*,*,#6388,.T.);
#8912=ORIENTED_EDGE('',*,*,#6387,.F.);
#8913=ORIENTED_EDGE('',*,*,#6389,.T.);
#8914=ORIENTED_EDGE('',*,*,#6390,.T.);
#8915=ORIENTED_EDGE('',*,*,#6110,.T.);
#8916=ORIENTED_EDGE('',*,*,#6391,.T.);
#8917=ORIENTED_EDGE('',*,*,#6111,.T.);
#8918=ORIENTED_EDGE('',*,*,#6390,.F.);
#8919=ORIENTED_EDGE('',*,*,#6392,.T.);
#8920=ORIENTED_EDGE('',*,*,#6391,.F.);
#8921=ORIENTED_EDGE('',*,*,#6393,.T.);
#8922=ORIENTED_EDGE('',*,*,#6394,.T.);
#8923=ORIENTED_EDGE('',*,*,#6112,.T.);
#8924=ORIENTED_EDGE('',*,*,#6395,.T.);
#8925=ORIENTED_EDGE('',*,*,#6242,.T.);
#8926=ORIENTED_EDGE('',*,*,#6394,.F.);
#8927=ORIENTED_EDGE('',*,*,#6396,.T.);
#8928=ORIENTED_EDGE('',*,*,#6395,.F.);
#8929=ORIENTED_EDGE('',*,*,#6397,.T.);
#8930=ORIENTED_EDGE('',*,*,#6383,.F.);
#8931=ORIENTED_EDGE('',*,*,#6106,.T.);
#8932=ORIENTED_EDGE('',*,*,#6389,.F.);
#8933=ORIENTED_EDGE('',*,*,#6398,.T.);
#8934=ORIENTED_EDGE('',*,*,#6399,.F.);
#8935=ORIENTED_EDGE('',*,*,#6400,.T.);
#8936=ORIENTED_EDGE('',*,*,#6388,.F.);
#8937=ORIENTED_EDGE('',*,*,#6401,.F.);
#8938=ORIENTED_EDGE('',*,*,#6402,.F.);
#8939=ORIENTED_EDGE('',*,*,#6398,.F.);
#8940=ORIENTED_EDGE('',*,*,#6385,.F.);
#8941=ORIENTED_EDGE('',*,*,#6403,.T.);
#8942=ORIENTED_EDGE('',*,*,#6404,.F.);
#8943=ORIENTED_EDGE('',*,*,#6401,.T.);
#8944=ORIENTED_EDGE('',*,*,#6384,.F.);
#8945=ORIENTED_EDGE('',*,*,#6405,.F.);
#8946=ORIENTED_EDGE('',*,*,#6406,.F.);
#8947=ORIENTED_EDGE('',*,*,#6403,.F.);
#8948=ORIENTED_EDGE('',*,*,#6407,.T.);
#8949=ORIENTED_EDGE('',*,*,#6408,.T.);
#8950=ORIENTED_EDGE('',*,*,#6409,.T.);
#8951=ORIENTED_EDGE('',*,*,#6128,.T.);
#8952=ORIENTED_EDGE('',*,*,#6407,.F.);
#8953=ORIENTED_EDGE('',*,*,#6127,.T.);
#8954=ORIENTED_EDGE('',*,*,#6410,.T.);
#8955=ORIENTED_EDGE('',*,*,#6411,.T.);
#8956=ORIENTED_EDGE('',*,*,#6412,.T.);
#8957=ORIENTED_EDGE('',*,*,#6413,.T.);
#8958=ORIENTED_EDGE('',*,*,#6410,.F.);
#8959=ORIENTED_EDGE('',*,*,#6126,.T.);
#8960=ORIENTED_EDGE('',*,*,#6412,.F.);
#8961=ORIENTED_EDGE('',*,*,#6125,.T.);
#8962=ORIENTED_EDGE('',*,*,#6414,.T.);
#8963=ORIENTED_EDGE('',*,*,#6415,.T.);
#8964=ORIENTED_EDGE('',*,*,#6416,.T.);
#8965=ORIENTED_EDGE('',*,*,#6417,.T.);
#8966=ORIENTED_EDGE('',*,*,#6414,.F.);
#8967=ORIENTED_EDGE('',*,*,#6124,.T.);
#8968=ORIENTED_EDGE('',*,*,#6416,.F.);
#8969=ORIENTED_EDGE('',*,*,#6123,.T.);
#8970=ORIENTED_EDGE('',*,*,#6418,.T.);
#8971=ORIENTED_EDGE('',*,*,#6419,.T.);
#8972=ORIENTED_EDGE('',*,*,#6420,.T.);
#8973=ORIENTED_EDGE('',*,*,#6421,.T.);
#8974=ORIENTED_EDGE('',*,*,#6418,.F.);
#8975=ORIENTED_EDGE('',*,*,#6122,.T.);
#8976=ORIENTED_EDGE('',*,*,#6420,.F.);
#8977=ORIENTED_EDGE('',*,*,#6237,.T.);
#8978=ORIENTED_EDGE('',*,*,#6409,.F.);
#8979=ORIENTED_EDGE('',*,*,#6422,.T.);
#8980=ORIENTED_EDGE('',*,*,#6419,.F.);
#8981=ORIENTED_EDGE('',*,*,#6423,.F.);
#8982=ORIENTED_EDGE('',*,*,#6424,.F.);
#8983=ORIENTED_EDGE('',*,*,#6425,.F.);
#8984=ORIENTED_EDGE('',*,*,#6421,.F.);
#8985=ORIENTED_EDGE('',*,*,#6426,.T.);
#8986=ORIENTED_EDGE('',*,*,#6427,.F.);
#8987=ORIENTED_EDGE('',*,*,#6423,.T.);
#8988=ORIENTED_EDGE('',*,*,#6422,.F.);
#8989=ORIENTED_EDGE('',*,*,#6428,.F.);
#8990=ORIENTED_EDGE('',*,*,#6429,.F.);
#8991=ORIENTED_EDGE('',*,*,#6426,.F.);
#8992=ORIENTED_EDGE('',*,*,#6408,.F.);
#8993=ORIENTED_EDGE('',*,*,#6430,.T.);
#8994=ORIENTED_EDGE('',*,*,#6431,.F.);
#8995=ORIENTED_EDGE('',*,*,#6428,.T.);
#8996=ORIENTED_EDGE('',*,*,#6432,.T.);
#8997=ORIENTED_EDGE('',*,*,#6433,.T.);
#8998=ORIENTED_EDGE('',*,*,#6434,.T.);
#8999=ORIENTED_EDGE('',*,*,#6133,.T.);
#9000=ORIENTED_EDGE('',*,*,#6432,.F.);
#9001=ORIENTED_EDGE('',*,*,#6091,.T.);
#9002=ORIENTED_EDGE('',*,*,#6435,.T.);
#9003=ORIENTED_EDGE('',*,*,#6436,.T.);
#9004=ORIENTED_EDGE('',*,*,#6437,.T.);
#9005=ORIENTED_EDGE('',*,*,#6438,.T.);
#9006=ORIENTED_EDGE('',*,*,#6435,.F.);
#9007=ORIENTED_EDGE('',*,*,#6143,.T.);
#9008=ORIENTED_EDGE('',*,*,#6437,.F.);
#9009=ORIENTED_EDGE('',*,*,#6142,.T.);
#9010=ORIENTED_EDGE('',*,*,#6439,.T.);
#9011=ORIENTED_EDGE('',*,*,#6440,.T.);
#9012=ORIENTED_EDGE('',*,*,#6441,.T.);
#9013=ORIENTED_EDGE('',*,*,#6442,.T.);
#9014=ORIENTED_EDGE('',*,*,#6439,.F.);
#9015=ORIENTED_EDGE('',*,*,#6141,.T.);
#9016=ORIENTED_EDGE('',*,*,#6441,.F.);
#9017=ORIENTED_EDGE('',*,*,#6140,.T.);
#9018=ORIENTED_EDGE('',*,*,#6443,.T.);
#9019=ORIENTED_EDGE('',*,*,#6444,.T.);
#9020=ORIENTED_EDGE('',*,*,#6445,.T.);
#9021=ORIENTED_EDGE('',*,*,#6446,.T.);
#9022=ORIENTED_EDGE('',*,*,#6443,.F.);
#9023=ORIENTED_EDGE('',*,*,#6139,.T.);
#9024=ORIENTED_EDGE('',*,*,#6445,.F.);
#9025=ORIENTED_EDGE('',*,*,#6138,.T.);
#9026=ORIENTED_EDGE('',*,*,#6447,.T.);
#9027=ORIENTED_EDGE('',*,*,#6448,.T.);
#9028=ORIENTED_EDGE('',*,*,#6449,.T.);
#9029=ORIENTED_EDGE('',*,*,#6450,.T.);
#9030=ORIENTED_EDGE('',*,*,#6447,.F.);
#9031=ORIENTED_EDGE('',*,*,#6137,.T.);
#9032=ORIENTED_EDGE('',*,*,#6449,.F.);
#9033=ORIENTED_EDGE('',*,*,#6136,.T.);
#9034=ORIENTED_EDGE('',*,*,#6451,.T.);
#9035=ORIENTED_EDGE('',*,*,#6452,.T.);
#9036=ORIENTED_EDGE('',*,*,#6453,.T.);
#9037=ORIENTED_EDGE('',*,*,#6454,.T.);
#9038=ORIENTED_EDGE('',*,*,#6451,.F.);
#9039=ORIENTED_EDGE('',*,*,#6135,.T.);
#9040=ORIENTED_EDGE('',*,*,#6453,.F.);
#9041=ORIENTED_EDGE('',*,*,#6134,.T.);
#9042=ORIENTED_EDGE('',*,*,#6434,.F.);
#9043=ORIENTED_EDGE('',*,*,#6455,.T.);
#9044=ORIENTED_EDGE('',*,*,#6448,.F.);
#9045=ORIENTED_EDGE('',*,*,#6456,.F.);
#9046=ORIENTED_EDGE('',*,*,#6457,.F.);
#9047=ORIENTED_EDGE('',*,*,#6458,.F.);
#9048=ORIENTED_EDGE('',*,*,#6450,.F.);
#9049=ORIENTED_EDGE('',*,*,#6459,.T.);
#9050=ORIENTED_EDGE('',*,*,#6460,.F.);
#9051=ORIENTED_EDGE('',*,*,#6456,.T.);
#9052=ORIENTED_EDGE('',*,*,#6452,.F.);
#9053=ORIENTED_EDGE('',*,*,#6461,.F.);
#9054=ORIENTED_EDGE('',*,*,#6462,.F.);
#9055=ORIENTED_EDGE('',*,*,#6459,.F.);
#9056=ORIENTED_EDGE('',*,*,#6454,.F.);
#9057=ORIENTED_EDGE('',*,*,#6463,.T.);
#9058=ORIENTED_EDGE('',*,*,#6464,.F.);
#9059=ORIENTED_EDGE('',*,*,#6461,.T.);
#9060=ORIENTED_EDGE('',*,*,#6455,.F.);
#9061=ORIENTED_EDGE('',*,*,#6465,.F.);
#9062=ORIENTED_EDGE('',*,*,#6466,.F.);
#9063=ORIENTED_EDGE('',*,*,#6463,.F.);
#9064=ORIENTED_EDGE('',*,*,#6433,.F.);
#9065=ORIENTED_EDGE('',*,*,#6467,.T.);
#9066=ORIENTED_EDGE('',*,*,#6468,.F.);
#9067=ORIENTED_EDGE('',*,*,#6465,.T.);
#9068=ORIENTED_EDGE('',*,*,#6469,.T.);
#9069=ORIENTED_EDGE('',*,*,#6470,.T.);
#9070=ORIENTED_EDGE('',*,*,#6471,.T.);
#9071=ORIENTED_EDGE('',*,*,#6184,.T.);
#9072=ORIENTED_EDGE('',*,*,#6469,.F.);
#9073=ORIENTED_EDGE('',*,*,#6191,.T.);
#9074=ORIENTED_EDGE('',*,*,#6472,.T.);
#9075=ORIENTED_EDGE('',*,*,#6473,.T.);
#9076=ORIENTED_EDGE('',*,*,#6474,.T.);
#9077=ORIENTED_EDGE('',*,*,#6475,.T.);
#9078=ORIENTED_EDGE('',*,*,#6472,.F.);
#9079=ORIENTED_EDGE('',*,*,#6190,.T.);
#9080=ORIENTED_EDGE('',*,*,#6474,.F.);
#9081=ORIENTED_EDGE('',*,*,#6189,.T.);
#9082=ORIENTED_EDGE('',*,*,#6476,.T.);
#9083=ORIENTED_EDGE('',*,*,#6477,.T.);
#9084=ORIENTED_EDGE('',*,*,#6478,.T.);
#9085=ORIENTED_EDGE('',*,*,#6479,.T.);
#9086=ORIENTED_EDGE('',*,*,#6476,.F.);
#9087=ORIENTED_EDGE('',*,*,#6188,.T.);
#9088=ORIENTED_EDGE('',*,*,#6478,.F.);
#9089=ORIENTED_EDGE('',*,*,#6187,.T.);
#9090=ORIENTED_EDGE('',*,*,#6480,.T.);
#9091=ORIENTED_EDGE('',*,*,#6481,.T.);
#9092=ORIENTED_EDGE('',*,*,#6482,.T.);
#9093=ORIENTED_EDGE('',*,*,#6483,.T.);
#9094=ORIENTED_EDGE('',*,*,#6480,.F.);
#9095=ORIENTED_EDGE('',*,*,#6186,.T.);
#9096=ORIENTED_EDGE('',*,*,#6482,.F.);
#9097=ORIENTED_EDGE('',*,*,#6185,.T.);
#9098=ORIENTED_EDGE('',*,*,#6471,.F.);
#9099=ORIENTED_EDGE('',*,*,#6484,.T.);
#9100=ORIENTED_EDGE('',*,*,#6481,.F.);
#9101=ORIENTED_EDGE('',*,*,#6485,.F.);
#9102=ORIENTED_EDGE('',*,*,#6486,.F.);
#9103=ORIENTED_EDGE('',*,*,#6487,.F.);
#9104=ORIENTED_EDGE('',*,*,#6483,.F.);
#9105=ORIENTED_EDGE('',*,*,#6488,.T.);
#9106=ORIENTED_EDGE('',*,*,#6489,.F.);
#9107=ORIENTED_EDGE('',*,*,#6485,.T.);
#9108=ORIENTED_EDGE('',*,*,#6484,.F.);
#9109=ORIENTED_EDGE('',*,*,#6490,.F.);
#9110=ORIENTED_EDGE('',*,*,#6491,.F.);
#9111=ORIENTED_EDGE('',*,*,#6488,.F.);
#9112=ORIENTED_EDGE('',*,*,#6470,.F.);
#9113=ORIENTED_EDGE('',*,*,#6492,.T.);
#9114=ORIENTED_EDGE('',*,*,#6493,.F.);
#9115=ORIENTED_EDGE('',*,*,#6490,.T.);
#9116=ORIENTED_EDGE('',*,*,#6494,.T.);
#9117=ORIENTED_EDGE('',*,*,#6495,.T.);
#9118=ORIENTED_EDGE('',*,*,#6496,.T.);
#9119=ORIENTED_EDGE('',*,*,#6170,.T.);
#9120=ORIENTED_EDGE('',*,*,#6494,.F.);
#9121=ORIENTED_EDGE('',*,*,#6177,.T.);
#9122=ORIENTED_EDGE('',*,*,#6497,.T.);
#9123=ORIENTED_EDGE('',*,*,#6498,.T.);
#9124=ORIENTED_EDGE('',*,*,#6499,.T.);
#9125=ORIENTED_EDGE('',*,*,#6500,.T.);
#9126=ORIENTED_EDGE('',*,*,#6497,.F.);
#9127=ORIENTED_EDGE('',*,*,#6176,.T.);
#9128=ORIENTED_EDGE('',*,*,#6499,.F.);
#9129=ORIENTED_EDGE('',*,*,#6175,.T.);
#9130=ORIENTED_EDGE('',*,*,#6501,.T.);
#9131=ORIENTED_EDGE('',*,*,#6502,.T.);
#9132=ORIENTED_EDGE('',*,*,#6503,.T.);
#9133=ORIENTED_EDGE('',*,*,#6504,.T.);
#9134=ORIENTED_EDGE('',*,*,#6501,.F.);
#9135=ORIENTED_EDGE('',*,*,#6174,.T.);
#9136=ORIENTED_EDGE('',*,*,#6503,.F.);
#9137=ORIENTED_EDGE('',*,*,#6173,.T.);
#9138=ORIENTED_EDGE('',*,*,#6505,.T.);
#9139=ORIENTED_EDGE('',*,*,#6506,.T.);
#9140=ORIENTED_EDGE('',*,*,#6507,.T.);
#9141=ORIENTED_EDGE('',*,*,#6508,.T.);
#9142=ORIENTED_EDGE('',*,*,#6505,.F.);
#9143=ORIENTED_EDGE('',*,*,#6172,.T.);
#9144=ORIENTED_EDGE('',*,*,#6507,.F.);
#9145=ORIENTED_EDGE('',*,*,#6171,.T.);
#9146=ORIENTED_EDGE('',*,*,#6496,.F.);
#9147=ORIENTED_EDGE('',*,*,#6509,.T.);
#9148=ORIENTED_EDGE('',*,*,#6506,.F.);
#9149=ORIENTED_EDGE('',*,*,#6510,.F.);
#9150=ORIENTED_EDGE('',*,*,#6511,.F.);
#9151=ORIENTED_EDGE('',*,*,#6512,.F.);
#9152=ORIENTED_EDGE('',*,*,#6508,.F.);
#9153=ORIENTED_EDGE('',*,*,#6513,.T.);
#9154=ORIENTED_EDGE('',*,*,#6514,.F.);
#9155=ORIENTED_EDGE('',*,*,#6510,.T.);
#9156=ORIENTED_EDGE('',*,*,#6509,.F.);
#9157=ORIENTED_EDGE('',*,*,#6515,.F.);
#9158=ORIENTED_EDGE('',*,*,#6516,.F.);
#9159=ORIENTED_EDGE('',*,*,#6513,.F.);
#9160=ORIENTED_EDGE('',*,*,#6495,.F.);
#9161=ORIENTED_EDGE('',*,*,#6517,.T.);
#9162=ORIENTED_EDGE('',*,*,#6518,.F.);
#9163=ORIENTED_EDGE('',*,*,#6515,.T.);
#9164=ORIENTED_EDGE('',*,*,#6519,.T.);
#9165=ORIENTED_EDGE('',*,*,#5640,.T.);
#9166=ORIENTED_EDGE('',*,*,#6520,.T.);
#9167=ORIENTED_EDGE('',*,*,#6521,.T.);
#9168=ORIENTED_EDGE('',*,*,#6519,.F.);
#9169=ORIENTED_EDGE('',*,*,#6522,.T.);
#9170=ORIENTED_EDGE('',*,*,#6523,.T.);
#9171=ORIENTED_EDGE('',*,*,#5641,.T.);
#9172=ORIENTED_EDGE('',*,*,#6524,.T.);
#9173=ORIENTED_EDGE('',*,*,#5642,.T.);
#9174=ORIENTED_EDGE('',*,*,#6523,.F.);
#9175=ORIENTED_EDGE('',*,*,#6525,.T.);
#9176=ORIENTED_EDGE('',*,*,#6524,.F.);
#9177=ORIENTED_EDGE('',*,*,#6370,.T.);
#9178=ORIENTED_EDGE('',*,*,#6526,.T.);
#9179=ORIENTED_EDGE('',*,*,#5643,.T.);
#9180=ORIENTED_EDGE('',*,*,#6527,.T.);
#9181=ORIENTED_EDGE('',*,*,#5644,.T.);
#9182=ORIENTED_EDGE('',*,*,#6526,.F.);
#9183=ORIENTED_EDGE('',*,*,#6373,.T.);
#9184=ORIENTED_EDGE('',*,*,#6527,.F.);
#9185=ORIENTED_EDGE('',*,*,#6375,.T.);
#9186=ORIENTED_EDGE('',*,*,#6528,.T.);
#9187=ORIENTED_EDGE('',*,*,#5645,.T.);
#9188=ORIENTED_EDGE('',*,*,#6529,.T.);
#9189=ORIENTED_EDGE('',*,*,#5646,.T.);
#9190=ORIENTED_EDGE('',*,*,#6528,.F.);
#9191=ORIENTED_EDGE('',*,*,#6377,.T.);
#9192=ORIENTED_EDGE('',*,*,#6529,.F.);
#9193=ORIENTED_EDGE('',*,*,#6379,.T.);
#9194=ORIENTED_EDGE('',*,*,#6530,.T.);
#9195=ORIENTED_EDGE('',*,*,#5647,.T.);
#9196=ORIENTED_EDGE('',*,*,#6531,.T.);
#9197=ORIENTED_EDGE('',*,*,#5648,.T.);
#9198=ORIENTED_EDGE('',*,*,#6530,.F.);
#9199=ORIENTED_EDGE('',*,*,#6381,.T.);
#9200=ORIENTED_EDGE('',*,*,#6531,.F.);
#9201=ORIENTED_EDGE('',*,*,#6532,.T.);
#9202=ORIENTED_EDGE('',*,*,#6533,.T.);
#9203=ORIENTED_EDGE('',*,*,#5649,.T.);
#9204=ORIENTED_EDGE('',*,*,#6534,.T.);
#9205=ORIENTED_EDGE('',*,*,#5650,.T.);
#9206=ORIENTED_EDGE('',*,*,#6533,.F.);
#9207=ORIENTED_EDGE('',*,*,#6535,.T.);
#9208=ORIENTED_EDGE('',*,*,#6534,.F.);
#9209=ORIENTED_EDGE('',*,*,#6536,.T.);
#9210=ORIENTED_EDGE('',*,*,#6520,.F.);
#9211=ORIENTED_EDGE('',*,*,#5651,.T.);
#9212=ORIENTED_EDGE('',*,*,#6359,.F.);
#9213=ORIENTED_EDGE('',*,*,#6371,.F.);
#9214=ORIENTED_EDGE('',*,*,#6525,.F.);
#9215=ORIENTED_EDGE('',*,*,#6537,.F.);
#9216=ORIENTED_EDGE('',*,*,#6360,.F.);
#9217=ORIENTED_EDGE('',*,*,#6537,.T.);
#9218=ORIENTED_EDGE('',*,*,#6522,.F.);
#9219=ORIENTED_EDGE('',*,*,#6538,.T.);
#9220=ORIENTED_EDGE('',*,*,#6363,.F.);
#9221=ORIENTED_EDGE('',*,*,#6538,.F.);
#9222=ORIENTED_EDGE('',*,*,#6521,.F.);
#9223=ORIENTED_EDGE('',*,*,#6539,.F.);
#9224=ORIENTED_EDGE('',*,*,#6540,.T.);
#9225=ORIENTED_EDGE('',*,*,#6460,.T.);
#9226=ORIENTED_EDGE('',*,*,#6541,.T.);
#9227=ORIENTED_EDGE('',*,*,#5718,.T.);
#9228=ORIENTED_EDGE('',*,*,#6540,.F.);
#9229=ORIENTED_EDGE('',*,*,#5729,.T.);
#9230=ORIENTED_EDGE('',*,*,#6542,.T.);
#9231=ORIENTED_EDGE('',*,*,#6457,.T.);
#9232=ORIENTED_EDGE('',*,*,#6543,.T.);
#9233=ORIENTED_EDGE('',*,*,#6544,.T.);
#9234=ORIENTED_EDGE('',*,*,#6542,.F.);
#9235=ORIENTED_EDGE('',*,*,#5728,.T.);
#9236=ORIENTED_EDGE('',*,*,#6543,.F.);
#9237=ORIENTED_EDGE('',*,*,#5727,.T.);
#9238=ORIENTED_EDGE('',*,*,#6545,.T.);
#9239=ORIENTED_EDGE('',*,*,#6546,.T.);
#9240=ORIENTED_EDGE('',*,*,#6547,.T.);
#9241=ORIENTED_EDGE('',*,*,#6548,.T.);
#9242=ORIENTED_EDGE('',*,*,#6545,.F.);
#9243=ORIENTED_EDGE('',*,*,#5726,.T.);
#9244=ORIENTED_EDGE('',*,*,#6547,.F.);
#9245=ORIENTED_EDGE('',*,*,#5725,.T.);
#9246=ORIENTED_EDGE('',*,*,#6549,.T.);
#9247=ORIENTED_EDGE('',*,*,#6550,.T.);
#9248=ORIENTED_EDGE('',*,*,#6551,.T.);
#9249=ORIENTED_EDGE('',*,*,#6552,.T.);
#9250=ORIENTED_EDGE('',*,*,#6549,.F.);
#9251=ORIENTED_EDGE('',*,*,#5724,.T.);
#9252=ORIENTED_EDGE('',*,*,#6551,.F.);
#9253=ORIENTED_EDGE('',*,*,#5723,.T.);
#9254=ORIENTED_EDGE('',*,*,#6553,.T.);
#9255=ORIENTED_EDGE('',*,*,#6554,.T.);
#9256=ORIENTED_EDGE('',*,*,#6555,.T.);
#9257=ORIENTED_EDGE('',*,*,#6468,.T.);
#9258=ORIENTED_EDGE('',*,*,#6553,.F.);
#9259=ORIENTED_EDGE('',*,*,#5722,.T.);
#9260=ORIENTED_EDGE('',*,*,#6555,.F.);
#9261=ORIENTED_EDGE('',*,*,#5721,.T.);
#9262=ORIENTED_EDGE('',*,*,#6556,.T.);
#9263=ORIENTED_EDGE('',*,*,#6466,.T.);
#9264=ORIENTED_EDGE('',*,*,#6557,.T.);
#9265=ORIENTED_EDGE('',*,*,#6464,.T.);
#9266=ORIENTED_EDGE('',*,*,#6556,.F.);
#9267=ORIENTED_EDGE('',*,*,#5720,.T.);
#9268=ORIENTED_EDGE('',*,*,#6557,.F.);
#9269=ORIENTED_EDGE('',*,*,#5719,.T.);
#9270=ORIENTED_EDGE('',*,*,#6541,.F.);
#9271=ORIENTED_EDGE('',*,*,#6462,.T.);
#9272=ORIENTED_EDGE('',*,*,#6436,.F.);
#9273=ORIENTED_EDGE('',*,*,#6558,.F.);
#9274=ORIENTED_EDGE('',*,*,#6554,.F.);
#9275=ORIENTED_EDGE('',*,*,#6467,.F.);
#9276=ORIENTED_EDGE('',*,*,#6559,.T.);
#9277=ORIENTED_EDGE('',*,*,#5652,.T.);
#9278=ORIENTED_EDGE('',*,*,#6560,.T.);
#9279=ORIENTED_EDGE('',*,*,#6424,.T.);
#9280=ORIENTED_EDGE('',*,*,#6559,.F.);
#9281=ORIENTED_EDGE('',*,*,#6427,.T.);
#9282=ORIENTED_EDGE('',*,*,#6561,.T.);
#9283=ORIENTED_EDGE('',*,*,#5653,.T.);
#9284=ORIENTED_EDGE('',*,*,#6562,.T.);
#9285=ORIENTED_EDGE('',*,*,#5654,.T.);
#9286=ORIENTED_EDGE('',*,*,#6561,.F.);
#9287=ORIENTED_EDGE('',*,*,#6429,.T.);
#9288=ORIENTED_EDGE('',*,*,#6562,.F.);
#9289=ORIENTED_EDGE('',*,*,#6431,.T.);
#9290=ORIENTED_EDGE('',*,*,#6563,.T.);
#9291=ORIENTED_EDGE('',*,*,#5655,.T.);
#9292=ORIENTED_EDGE('',*,*,#6564,.T.);
#9293=ORIENTED_EDGE('',*,*,#5656,.T.);
#9294=ORIENTED_EDGE('',*,*,#6563,.F.);
#9295=ORIENTED_EDGE('',*,*,#6565,.T.);
#9296=ORIENTED_EDGE('',*,*,#6564,.F.);
#9297=ORIENTED_EDGE('',*,*,#6566,.T.);
#9298=ORIENTED_EDGE('',*,*,#6567,.T.);
#9299=ORIENTED_EDGE('',*,*,#5657,.T.);
#9300=ORIENTED_EDGE('',*,*,#6568,.T.);
#9301=ORIENTED_EDGE('',*,*,#5658,.T.);
#9302=ORIENTED_EDGE('',*,*,#6567,.F.);
#9303=ORIENTED_EDGE('',*,*,#6569,.T.);
#9304=ORIENTED_EDGE('',*,*,#6568,.F.);
#9305=ORIENTED_EDGE('',*,*,#6570,.T.);
#9306=ORIENTED_EDGE('',*,*,#6560,.F.);
#9307=ORIENTED_EDGE('',*,*,#5659,.T.);
#9308=ORIENTED_EDGE('',*,*,#6571,.T.);
#9309=ORIENTED_EDGE('',*,*,#5708,.T.);
#9310=ORIENTED_EDGE('',*,*,#6572,.T.);
#9311=ORIENTED_EDGE('',*,*,#6307,.T.);
#9312=ORIENTED_EDGE('',*,*,#6571,.F.);
#9313=ORIENTED_EDGE('',*,*,#6309,.T.);
#9314=ORIENTED_EDGE('',*,*,#6573,.T.);
#9315=ORIENTED_EDGE('',*,*,#5709,.T.);
#9316=ORIENTED_EDGE('',*,*,#6574,.T.);
#9317=ORIENTED_EDGE('',*,*,#5710,.T.);
#9318=ORIENTED_EDGE('',*,*,#6573,.F.);
#9319=ORIENTED_EDGE('',*,*,#6311,.T.);
#9320=ORIENTED_EDGE('',*,*,#6574,.F.);
#9321=ORIENTED_EDGE('',*,*,#6313,.T.);
#9322=ORIENTED_EDGE('',*,*,#6575,.T.);
#9323=ORIENTED_EDGE('',*,*,#5711,.T.);
#9324=ORIENTED_EDGE('',*,*,#6576,.T.);
#9325=ORIENTED_EDGE('',*,*,#5712,.T.);
#9326=ORIENTED_EDGE('',*,*,#6575,.F.);
#9327=ORIENTED_EDGE('',*,*,#6577,.T.);
#9328=ORIENTED_EDGE('',*,*,#6576,.F.);
#9329=ORIENTED_EDGE('',*,*,#6578,.T.);
#9330=ORIENTED_EDGE('',*,*,#6579,.T.);
#9331=ORIENTED_EDGE('',*,*,#5713,.T.);
#9332=ORIENTED_EDGE('',*,*,#6580,.T.);
#9333=ORIENTED_EDGE('',*,*,#5714,.T.);
#9334=ORIENTED_EDGE('',*,*,#6579,.F.);
#9335=ORIENTED_EDGE('',*,*,#6581,.T.);
#9336=ORIENTED_EDGE('',*,*,#6580,.F.);
#9337=ORIENTED_EDGE('',*,*,#6582,.T.);
#9338=ORIENTED_EDGE('',*,*,#6583,.T.);
#9339=ORIENTED_EDGE('',*,*,#5715,.T.);
#9340=ORIENTED_EDGE('',*,*,#6584,.T.);
#9341=ORIENTED_EDGE('',*,*,#5716,.T.);
#9342=ORIENTED_EDGE('',*,*,#6583,.F.);
#9343=ORIENTED_EDGE('',*,*,#6585,.T.);
#9344=ORIENTED_EDGE('',*,*,#6584,.F.);
#9345=ORIENTED_EDGE('',*,*,#6304,.T.);
#9346=ORIENTED_EDGE('',*,*,#6572,.F.);
#9347=ORIENTED_EDGE('',*,*,#5717,.T.);
#9348=ORIENTED_EDGE('',*,*,#6287,.F.);
#9349=ORIENTED_EDGE('',*,*,#6586,.F.);
#9350=ORIENTED_EDGE('',*,*,#6577,.F.);
#9351=ORIENTED_EDGE('',*,*,#6312,.F.);
#9352=ORIENTED_EDGE('',*,*,#6587,.T.);
#9353=ORIENTED_EDGE('',*,*,#6588,.T.);
#9354=ORIENTED_EDGE('',*,*,#6589,.T.);
#9355=ORIENTED_EDGE('',*,*,#5660,.T.);
#9356=ORIENTED_EDGE('',*,*,#6587,.F.);
#9357=ORIENTED_EDGE('',*,*,#5667,.T.);
#9358=ORIENTED_EDGE('',*,*,#6590,.T.);
#9359=ORIENTED_EDGE('',*,*,#6591,.T.);
#9360=ORIENTED_EDGE('',*,*,#6592,.T.);
#9361=ORIENTED_EDGE('',*,*,#6493,.T.);
#9362=ORIENTED_EDGE('',*,*,#6590,.F.);
#9363=ORIENTED_EDGE('',*,*,#5666,.T.);
#9364=ORIENTED_EDGE('',*,*,#6592,.F.);
#9365=ORIENTED_EDGE('',*,*,#5665,.T.);
#9366=ORIENTED_EDGE('',*,*,#6593,.T.);
#9367=ORIENTED_EDGE('',*,*,#6491,.T.);
#9368=ORIENTED_EDGE('',*,*,#6594,.T.);
#9369=ORIENTED_EDGE('',*,*,#6489,.T.);
#9370=ORIENTED_EDGE('',*,*,#6593,.F.);
#9371=ORIENTED_EDGE('',*,*,#5664,.T.);
#9372=ORIENTED_EDGE('',*,*,#6594,.F.);
#9373=ORIENTED_EDGE('',*,*,#5663,.T.);
#9374=ORIENTED_EDGE('',*,*,#6595,.T.);
#9375=ORIENTED_EDGE('',*,*,#6486,.T.);
#9376=ORIENTED_EDGE('',*,*,#6596,.T.);
#9377=ORIENTED_EDGE('',*,*,#6597,.T.);
#9378=ORIENTED_EDGE('',*,*,#6595,.F.);
#9379=ORIENTED_EDGE('',*,*,#5662,.T.);
#9380=ORIENTED_EDGE('',*,*,#6596,.F.);
#9381=ORIENTED_EDGE('',*,*,#5661,.T.);
#9382=ORIENTED_EDGE('',*,*,#6589,.F.);
#9383=ORIENTED_EDGE('',*,*,#6598,.T.);
#9384=ORIENTED_EDGE('',*,*,#6479,.F.);
#9385=ORIENTED_EDGE('',*,*,#6487,.T.);
#9386=ORIENTED_EDGE('',*,*,#6597,.F.);
#9387=ORIENTED_EDGE('',*,*,#6599,.T.);
#9388=ORIENTED_EDGE('',*,*,#6477,.F.);
#9389=ORIENTED_EDGE('',*,*,#6599,.F.);
#9390=ORIENTED_EDGE('',*,*,#6598,.F.);
#9391=ORIENTED_EDGE('',*,*,#6600,.F.);
#9392=ORIENTED_EDGE('',*,*,#6475,.F.);
#9393=ORIENTED_EDGE('',*,*,#6600,.T.);
#9394=ORIENTED_EDGE('',*,*,#6588,.F.);
#9395=ORIENTED_EDGE('',*,*,#6601,.T.);
#9396=ORIENTED_EDGE('',*,*,#6602,.T.);
#9397=ORIENTED_EDGE('',*,*,#5700,.T.);
#9398=ORIENTED_EDGE('',*,*,#6603,.T.);
#9399=ORIENTED_EDGE('',*,*,#6511,.T.);
#9400=ORIENTED_EDGE('',*,*,#6602,.F.);
#9401=ORIENTED_EDGE('',*,*,#6514,.T.);
#9402=ORIENTED_EDGE('',*,*,#6604,.T.);
#9403=ORIENTED_EDGE('',*,*,#5701,.T.);
#9404=ORIENTED_EDGE('',*,*,#6605,.T.);
#9405=ORIENTED_EDGE('',*,*,#5702,.T.);
#9406=ORIENTED_EDGE('',*,*,#6604,.F.);
#9407=ORIENTED_EDGE('',*,*,#6516,.T.);
#9408=ORIENTED_EDGE('',*,*,#6605,.F.);
#9409=ORIENTED_EDGE('',*,*,#6518,.T.);
#9410=ORIENTED_EDGE('',*,*,#6606,.T.);
#9411=ORIENTED_EDGE('',*,*,#5703,.T.);
#9412=ORIENTED_EDGE('',*,*,#6607,.T.);
#9413=ORIENTED_EDGE('',*,*,#5704,.T.);
#9414=ORIENTED_EDGE('',*,*,#6606,.F.);
#9415=ORIENTED_EDGE('',*,*,#6608,.T.);
#9416=ORIENTED_EDGE('',*,*,#6607,.F.);
#9417=ORIENTED_EDGE('',*,*,#6609,.T.);
#9418=ORIENTED_EDGE('',*,*,#6610,.T.);
#9419=ORIENTED_EDGE('',*,*,#5705,.T.);
#9420=ORIENTED_EDGE('',*,*,#6611,.T.);
#9421=ORIENTED_EDGE('',*,*,#5706,.T.);
#9422=ORIENTED_EDGE('',*,*,#6610,.F.);
#9423=ORIENTED_EDGE('',*,*,#6612,.T.);
#9424=ORIENTED_EDGE('',*,*,#6611,.F.);
#9425=ORIENTED_EDGE('',*,*,#6613,.T.);
#9426=ORIENTED_EDGE('',*,*,#6603,.F.);
#9427=ORIENTED_EDGE('',*,*,#5707,.T.);
#9428=ORIENTED_EDGE('',*,*,#6614,.T.);
#9429=ORIENTED_EDGE('',*,*,#5668,.T.);
#9430=ORIENTED_EDGE('',*,*,#6615,.T.);
#9431=ORIENTED_EDGE('',*,*,#6616,.T.);
#9432=ORIENTED_EDGE('',*,*,#6614,.F.);
#9433=ORIENTED_EDGE('',*,*,#6617,.T.);
#9434=ORIENTED_EDGE('',*,*,#6618,.T.);
#9435=ORIENTED_EDGE('',*,*,#5669,.T.);
#9436=ORIENTED_EDGE('',*,*,#6619,.T.);
#9437=ORIENTED_EDGE('',*,*,#5670,.T.);
#9438=ORIENTED_EDGE('',*,*,#6618,.F.);
#9439=ORIENTED_EDGE('',*,*,#6620,.T.);
#9440=ORIENTED_EDGE('',*,*,#6619,.F.);
#9441=ORIENTED_EDGE('',*,*,#6335,.T.);
#9442=ORIENTED_EDGE('',*,*,#6621,.T.);
#9443=ORIENTED_EDGE('',*,*,#5671,.T.);
#9444=ORIENTED_EDGE('',*,*,#6622,.T.);
#9445=ORIENTED_EDGE('',*,*,#5672,.T.);
#9446=ORIENTED_EDGE('',*,*,#6621,.F.);
#9447=ORIENTED_EDGE('',*,*,#6338,.T.);
#9448=ORIENTED_EDGE('',*,*,#6622,.F.);
#9449=ORIENTED_EDGE('',*,*,#6340,.T.);
#9450=ORIENTED_EDGE('',*,*,#6623,.T.);
#9451=ORIENTED_EDGE('',*,*,#5673,.T.);
#9452=ORIENTED_EDGE('',*,*,#6624,.T.);
#9453=ORIENTED_EDGE('',*,*,#5674,.T.);
#9454=ORIENTED_EDGE('',*,*,#6623,.F.);
#9455=ORIENTED_EDGE('',*,*,#6342,.T.);
#9456=ORIENTED_EDGE('',*,*,#6624,.F.);
#9457=ORIENTED_EDGE('',*,*,#6344,.T.);
#9458=ORIENTED_EDGE('',*,*,#6625,.T.);
#9459=ORIENTED_EDGE('',*,*,#5675,.T.);
#9460=ORIENTED_EDGE('',*,*,#6626,.T.);
#9461=ORIENTED_EDGE('',*,*,#5676,.T.);
#9462=ORIENTED_EDGE('',*,*,#6625,.F.);
#9463=ORIENTED_EDGE('',*,*,#6627,.T.);
#9464=ORIENTED_EDGE('',*,*,#6626,.F.);
#9465=ORIENTED_EDGE('',*,*,#6628,.T.);
#9466=ORIENTED_EDGE('',*,*,#6615,.F.);
#9467=ORIENTED_EDGE('',*,*,#5677,.T.);
#9468=ORIENTED_EDGE('',*,*,#6326,.F.);
#9469=ORIENTED_EDGE('',*,*,#6336,.F.);
#9470=ORIENTED_EDGE('',*,*,#6620,.F.);
#9471=ORIENTED_EDGE('',*,*,#6629,.F.);
#9472=ORIENTED_EDGE('',*,*,#6324,.F.);
#9473=ORIENTED_EDGE('',*,*,#6629,.T.);
#9474=ORIENTED_EDGE('',*,*,#6617,.F.);
#9475=ORIENTED_EDGE('',*,*,#6630,.T.);
#9476=ORIENTED_EDGE('',*,*,#6322,.F.);
#9477=ORIENTED_EDGE('',*,*,#6630,.F.);
#9478=ORIENTED_EDGE('',*,*,#6616,.F.);
#9479=ORIENTED_EDGE('',*,*,#6631,.F.);
#9480=ORIENTED_EDGE('',*,*,#6632,.T.);
#9481=ORIENTED_EDGE('',*,*,#5692,.T.);
#9482=ORIENTED_EDGE('',*,*,#6633,.T.);
#9483=ORIENTED_EDGE('',*,*,#6634,.T.);
#9484=ORIENTED_EDGE('',*,*,#6632,.F.);
#9485=ORIENTED_EDGE('',*,*,#6399,.T.);
#9486=ORIENTED_EDGE('',*,*,#6635,.T.);
#9487=ORIENTED_EDGE('',*,*,#5693,.T.);
#9488=ORIENTED_EDGE('',*,*,#6636,.T.);
#9489=ORIENTED_EDGE('',*,*,#5694,.T.);
#9490=ORIENTED_EDGE('',*,*,#6635,.F.);
#9491=ORIENTED_EDGE('',*,*,#6402,.T.);
#9492=ORIENTED_EDGE('',*,*,#6636,.F.);
#9493=ORIENTED_EDGE('',*,*,#6404,.T.);
#9494=ORIENTED_EDGE('',*,*,#6637,.T.);
#9495=ORIENTED_EDGE('',*,*,#5695,.T.);
#9496=ORIENTED_EDGE('',*,*,#6638,.T.);
#9497=ORIENTED_EDGE('',*,*,#5696,.T.);
#9498=ORIENTED_EDGE('',*,*,#6637,.F.);
#9499=ORIENTED_EDGE('',*,*,#6406,.T.);
#9500=ORIENTED_EDGE('',*,*,#6638,.F.);
#9501=ORIENTED_EDGE('',*,*,#6639,.T.);
#9502=ORIENTED_EDGE('',*,*,#6640,.T.);
#9503=ORIENTED_EDGE('',*,*,#5697,.T.);
#9504=ORIENTED_EDGE('',*,*,#6641,.T.);
#9505=ORIENTED_EDGE('',*,*,#5698,.T.);
#9506=ORIENTED_EDGE('',*,*,#6640,.F.);
#9507=ORIENTED_EDGE('',*,*,#6642,.T.);
#9508=ORIENTED_EDGE('',*,*,#6641,.F.);
#9509=ORIENTED_EDGE('',*,*,#6643,.T.);
#9510=ORIENTED_EDGE('',*,*,#6633,.F.);
#9511=ORIENTED_EDGE('',*,*,#5699,.T.);
#9512=ORIENTED_EDGE('',*,*,#6392,.F.);
#9513=ORIENTED_EDGE('',*,*,#6400,.F.);
#9514=ORIENTED_EDGE('',*,*,#6634,.F.);
#9515=ORIENTED_EDGE('',*,*,#6644,.F.);
#9516=ORIENTED_EDGE('',*,*,#6438,.F.);
#9517=ORIENTED_EDGE('',*,*,#6645,.T.);
#9518=ORIENTED_EDGE('',*,*,#6552,.F.);
#9519=ORIENTED_EDGE('',*,*,#6558,.T.);
#9520=ORIENTED_EDGE('',*,*,#6440,.F.);
#9521=ORIENTED_EDGE('',*,*,#6646,.F.);
#9522=ORIENTED_EDGE('',*,*,#6550,.F.);
#9523=ORIENTED_EDGE('',*,*,#6645,.F.);
#9524=ORIENTED_EDGE('',*,*,#6442,.F.);
#9525=ORIENTED_EDGE('',*,*,#6647,.T.);
#9526=ORIENTED_EDGE('',*,*,#6548,.F.);
#9527=ORIENTED_EDGE('',*,*,#6646,.T.);
#9528=ORIENTED_EDGE('',*,*,#6444,.F.);
#9529=ORIENTED_EDGE('',*,*,#6648,.F.);
#9530=ORIENTED_EDGE('',*,*,#6546,.F.);
#9531=ORIENTED_EDGE('',*,*,#6647,.F.);
#9532=ORIENTED_EDGE('',*,*,#6446,.F.);
#9533=ORIENTED_EDGE('',*,*,#6458,.T.);
#9534=ORIENTED_EDGE('',*,*,#6544,.F.);
#9535=ORIENTED_EDGE('',*,*,#6648,.T.);
#9536=ORIENTED_EDGE('',*,*,#6411,.F.);
#9537=ORIENTED_EDGE('',*,*,#6649,.F.);
#9538=ORIENTED_EDGE('',*,*,#6565,.F.);
#9539=ORIENTED_EDGE('',*,*,#6430,.F.);
#9540=ORIENTED_EDGE('',*,*,#6417,.F.);
#9541=ORIENTED_EDGE('',*,*,#6425,.T.);
#9542=ORIENTED_EDGE('',*,*,#6570,.F.);
#9543=ORIENTED_EDGE('',*,*,#6650,.T.);
#9544=ORIENTED_EDGE('',*,*,#6413,.F.);
#9545=ORIENTED_EDGE('',*,*,#6651,.T.);
#9546=ORIENTED_EDGE('',*,*,#6566,.F.);
#9547=ORIENTED_EDGE('',*,*,#6649,.T.);
#9548=ORIENTED_EDGE('',*,*,#6415,.F.);
#9549=ORIENTED_EDGE('',*,*,#6650,.F.);
#9550=ORIENTED_EDGE('',*,*,#6569,.F.);
#9551=ORIENTED_EDGE('',*,*,#6651,.F.);
#9552=ORIENTED_EDGE('',*,*,#6293,.F.);
#9553=ORIENTED_EDGE('',*,*,#6652,.T.);
#9554=ORIENTED_EDGE('',*,*,#6582,.F.);
#9555=ORIENTED_EDGE('',*,*,#6653,.T.);
#9556=ORIENTED_EDGE('',*,*,#6295,.F.);
#9557=ORIENTED_EDGE('',*,*,#6305,.F.);
#9558=ORIENTED_EDGE('',*,*,#6585,.F.);
#9559=ORIENTED_EDGE('',*,*,#6652,.F.);
#9560=ORIENTED_EDGE('',*,*,#6289,.F.);
#9561=ORIENTED_EDGE('',*,*,#6654,.T.);
#9562=ORIENTED_EDGE('',*,*,#6578,.F.);
#9563=ORIENTED_EDGE('',*,*,#6586,.T.);
#9564=ORIENTED_EDGE('',*,*,#6291,.F.);
#9565=ORIENTED_EDGE('',*,*,#6653,.F.);
#9566=ORIENTED_EDGE('',*,*,#6581,.F.);
#9567=ORIENTED_EDGE('',*,*,#6654,.F.);
#9568=ORIENTED_EDGE('',*,*,#6473,.F.);
#9569=ORIENTED_EDGE('',*,*,#6601,.F.);
#9570=ORIENTED_EDGE('',*,*,#6591,.F.);
#9571=ORIENTED_EDGE('',*,*,#6492,.F.);
#9572=ORIENTED_EDGE('',*,*,#6498,.F.);
#9573=ORIENTED_EDGE('',*,*,#6655,.F.);
#9574=ORIENTED_EDGE('',*,*,#6608,.F.);
#9575=ORIENTED_EDGE('',*,*,#6517,.F.);
#9576=ORIENTED_EDGE('',*,*,#6368,.F.);
#9577=ORIENTED_EDGE('',*,*,#6656,.T.);
#9578=ORIENTED_EDGE('',*,*,#6532,.F.);
#9579=ORIENTED_EDGE('',*,*,#6380,.T.);
#9580=ORIENTED_EDGE('',*,*,#6367,.F.);
#9581=ORIENTED_EDGE('',*,*,#6657,.F.);
#9582=ORIENTED_EDGE('',*,*,#6535,.F.);
#9583=ORIENTED_EDGE('',*,*,#6656,.F.);
#9584=ORIENTED_EDGE('',*,*,#6500,.F.);
#9585=ORIENTED_EDGE('',*,*,#6658,.T.);
#9586=ORIENTED_EDGE('',*,*,#6609,.F.);
#9587=ORIENTED_EDGE('',*,*,#6655,.T.);
#9588=ORIENTED_EDGE('',*,*,#6502,.F.);
#9589=ORIENTED_EDGE('',*,*,#6659,.F.);
#9590=ORIENTED_EDGE('',*,*,#6612,.F.);
#9591=ORIENTED_EDGE('',*,*,#6658,.F.);
#9592=ORIENTED_EDGE('',*,*,#6504,.F.);
#9593=ORIENTED_EDGE('',*,*,#6512,.T.);
#9594=ORIENTED_EDGE('',*,*,#6613,.F.);
#9595=ORIENTED_EDGE('',*,*,#6659,.T.);
#9596=ORIENTED_EDGE('',*,*,#6364,.F.);
#9597=ORIENTED_EDGE('',*,*,#6539,.T.);
#9598=ORIENTED_EDGE('',*,*,#6536,.F.);
#9599=ORIENTED_EDGE('',*,*,#6657,.T.);
#9600=ORIENTED_EDGE('',*,*,#6320,.F.);
#9601=ORIENTED_EDGE('',*,*,#6631,.T.);
#9602=ORIENTED_EDGE('',*,*,#6628,.F.);
#9603=ORIENTED_EDGE('',*,*,#6660,.T.);
#9604=ORIENTED_EDGE('',*,*,#6318,.F.);
#9605=ORIENTED_EDGE('',*,*,#6660,.F.);
#9606=ORIENTED_EDGE('',*,*,#6627,.F.);
#9607=ORIENTED_EDGE('',*,*,#6343,.F.);
#9608=ORIENTED_EDGE('',*,*,#6397,.F.);
#9609=ORIENTED_EDGE('',*,*,#6661,.T.);
#9610=ORIENTED_EDGE('',*,*,#6639,.F.);
#9611=ORIENTED_EDGE('',*,*,#6405,.T.);
#9612=ORIENTED_EDGE('',*,*,#6396,.F.);
#9613=ORIENTED_EDGE('',*,*,#6662,.F.);
#9614=ORIENTED_EDGE('',*,*,#6642,.F.);
#9615=ORIENTED_EDGE('',*,*,#6661,.F.);
#9616=ORIENTED_EDGE('',*,*,#6393,.F.);
#9617=ORIENTED_EDGE('',*,*,#6644,.T.);
#9618=ORIENTED_EDGE('',*,*,#6643,.F.);
#9619=ORIENTED_EDGE('',*,*,#6662,.T.);
#9620=ORIENTED_EDGE('',*,*,#5691,.F.);
#9621=ORIENTED_EDGE('',*,*,#6663,.F.);
#9622=ORIENTED_EDGE('',*,*,#6179,.F.);
#9623=ORIENTED_EDGE('',*,*,#6664,.T.);
#9624=ORIENTED_EDGE('',*,*,#5689,.F.);
#9625=ORIENTED_EDGE('',*,*,#6664,.F.);
#9626=ORIENTED_EDGE('',*,*,#6178,.F.);
#9627=ORIENTED_EDGE('',*,*,#6665,.T.);
#9628=ORIENTED_EDGE('',*,*,#5690,.F.);
#9629=ORIENTED_EDGE('',*,*,#6665,.F.);
#9630=ORIENTED_EDGE('',*,*,#6180,.F.);
#9631=ORIENTED_EDGE('',*,*,#6663,.T.);
#9632=ORIENTED_EDGE('',*,*,#5688,.F.);
#9633=ORIENTED_EDGE('',*,*,#6666,.F.);
#9634=ORIENTED_EDGE('',*,*,#6182,.F.);
#9635=ORIENTED_EDGE('',*,*,#6667,.T.);
#9636=ORIENTED_EDGE('',*,*,#5686,.F.);
#9637=ORIENTED_EDGE('',*,*,#6667,.F.);
#9638=ORIENTED_EDGE('',*,*,#6181,.F.);
#9639=ORIENTED_EDGE('',*,*,#6668,.T.);
#9640=ORIENTED_EDGE('',*,*,#5687,.F.);
#9641=ORIENTED_EDGE('',*,*,#6668,.F.);
#9642=ORIENTED_EDGE('',*,*,#6183,.F.);
#9643=ORIENTED_EDGE('',*,*,#6666,.T.);
#9644=ORIENTED_EDGE('',*,*,#6252,.F.);
#9645=ORIENTED_EDGE('',*,*,#6271,.T.);
#9646=ORIENTED_EDGE('',*,*,#5630,.F.);
#9647=ORIENTED_EDGE('',*,*,#6669,.F.);
#9648=ORIENTED_EDGE('',*,*,#6096,.F.);
#9649=ORIENTED_EDGE('',*,*,#6669,.T.);
#9650=ORIENTED_EDGE('',*,*,#5629,.F.);
#9651=ORIENTED_EDGE('',*,*,#6670,.F.);
#9652=ORIENTED_EDGE('',*,*,#6240,.F.);
#9653=ORIENTED_EDGE('',*,*,#6670,.T.);
#9654=ORIENTED_EDGE('',*,*,#5628,.F.);
#9655=ORIENTED_EDGE('',*,*,#6671,.F.);
#9656=ORIENTED_EDGE('',*,*,#5517,.F.);
#9657=ORIENTED_EDGE('',*,*,#5545,.F.);
#9658=ORIENTED_EDGE('',*,*,#6231,.F.);
#9659=ORIENTED_EDGE('',*,*,#6282,.F.);
#9660=ORIENTED_EDGE('',*,*,#6248,.F.);
#9661=ORIENTED_EDGE('',*,*,#6250,.F.);
#9662=ORIENTED_EDGE('',*,*,#5555,.F.);
#9663=ORIENTED_EDGE('',*,*,#5550,.F.);
#9664=ORIENTED_EDGE('',*,*,#5549,.F.);
#9665=ORIENTED_EDGE('',*,*,#5563,.F.);
#9666=ORIENTED_EDGE('',*,*,#5560,.F.);
#9667=ORIENTED_EDGE('',*,*,#5557,.F.);
#9668=ORIENTED_EDGE('',*,*,#5588,.F.);
#9669=ORIENTED_EDGE('',*,*,#6256,.F.);
#9670=ORIENTED_EDGE('',*,*,#6258,.F.);
#9671=ORIENTED_EDGE('',*,*,#6261,.F.);
#9672=ORIENTED_EDGE('',*,*,#6264,.F.);
#9673=ORIENTED_EDGE('',*,*,#6267,.F.);
#9674=ORIENTED_EDGE('',*,*,#6227,.F.);
#9675=ORIENTED_EDGE('',*,*,#5515,.F.);
#9676=ORIENTED_EDGE('',*,*,#5510,.F.);
#9677=ORIENTED_EDGE('',*,*,#5507,.F.);
#9678=ORIENTED_EDGE('',*,*,#5506,.F.);
#9679=ORIENTED_EDGE('',*,*,#5520,.F.);
#9680=ORIENTED_EDGE('',*,*,#6672,.T.);
#9681=ORIENTED_EDGE('',*,*,#6673,.T.);
#9682=ORIENTED_EDGE('',*,*,#6674,.T.);
#9683=ORIENTED_EDGE('',*,*,#6675,.T.);
#9684=ORIENTED_EDGE('',*,*,#6676,.T.);
#9685=ORIENTED_EDGE('',*,*,#6677,.T.);
#9686=ORIENTED_EDGE('',*,*,#6678,.T.);
#9687=ORIENTED_EDGE('',*,*,#6679,.T.);
#9688=ORIENTED_EDGE('',*,*,#5878,.F.);
#9689=ORIENTED_EDGE('',*,*,#5883,.T.);
#9690=ORIENTED_EDGE('',*,*,#5889,.F.);
#9691=ORIENTED_EDGE('',*,*,#5911,.F.);
#9692=ORIENTED_EDGE('',*,*,#5826,.T.);
#9693=ORIENTED_EDGE('',*,*,#6680,.T.);
#9694=ORIENTED_EDGE('',*,*,#6679,.F.);
#9695=ORIENTED_EDGE('',*,*,#6681,.F.);
#9696=ORIENTED_EDGE('',*,*,#5827,.T.);
#9697=ORIENTED_EDGE('',*,*,#6681,.T.);
#9698=ORIENTED_EDGE('',*,*,#6678,.F.);
#9699=ORIENTED_EDGE('',*,*,#6682,.F.);
#9700=ORIENTED_EDGE('',*,*,#5828,.T.);
#9701=ORIENTED_EDGE('',*,*,#6682,.T.);
#9702=ORIENTED_EDGE('',*,*,#6677,.F.);
#9703=ORIENTED_EDGE('',*,*,#6683,.F.);
#9704=ORIENTED_EDGE('',*,*,#5825,.T.);
#9705=ORIENTED_EDGE('',*,*,#6683,.T.);
#9706=ORIENTED_EDGE('',*,*,#6676,.F.);
#9707=ORIENTED_EDGE('',*,*,#6680,.F.);
#9708=ORIENTED_EDGE('',*,*,#5830,.T.);
#9709=ORIENTED_EDGE('',*,*,#6684,.T.);
#9710=ORIENTED_EDGE('',*,*,#6675,.F.);
#9711=ORIENTED_EDGE('',*,*,#6685,.F.);
#9712=ORIENTED_EDGE('',*,*,#5831,.T.);
#9713=ORIENTED_EDGE('',*,*,#6685,.T.);
#9714=ORIENTED_EDGE('',*,*,#6674,.F.);
#9715=ORIENTED_EDGE('',*,*,#6686,.F.);
#9716=ORIENTED_EDGE('',*,*,#5832,.T.);
#9717=ORIENTED_EDGE('',*,*,#6686,.T.);
#9718=ORIENTED_EDGE('',*,*,#6673,.F.);
#9719=ORIENTED_EDGE('',*,*,#6687,.F.);
#9720=ORIENTED_EDGE('',*,*,#5829,.T.);
#9721=ORIENTED_EDGE('',*,*,#6687,.T.);
#9722=ORIENTED_EDGE('',*,*,#6672,.F.);
#9723=ORIENTED_EDGE('',*,*,#6684,.F.);
#9724=ORIENTED_EDGE('',*,*,#6058,.F.);
#9725=ORIENTED_EDGE('',*,*,#6688,.F.);
#9726=ORIENTED_EDGE('',*,*,#5758,.T.);
#9727=ORIENTED_EDGE('',*,*,#6689,.T.);
#9728=ORIENTED_EDGE('',*,*,#5457,.F.);
#9729=ORIENTED_EDGE('',*,*,#6690,.F.);
#9730=ORIENTED_EDGE('',*,*,#5759,.T.);
#9731=ORIENTED_EDGE('',*,*,#6688,.T.);
#9732=ORIENTED_EDGE('',*,*,#5418,.F.);
#9733=ORIENTED_EDGE('',*,*,#6691,.F.);
#9734=ORIENTED_EDGE('',*,*,#5760,.T.);
#9735=ORIENTED_EDGE('',*,*,#6690,.T.);
#9736=ORIENTED_EDGE('',*,*,#6056,.F.);
#9737=ORIENTED_EDGE('',*,*,#6692,.F.);
#9738=ORIENTED_EDGE('',*,*,#5761,.T.);
#9739=ORIENTED_EDGE('',*,*,#6691,.T.);
#9740=ORIENTED_EDGE('',*,*,#6054,.F.);
#9741=ORIENTED_EDGE('',*,*,#6693,.F.);
#9742=ORIENTED_EDGE('',*,*,#5762,.T.);
#9743=ORIENTED_EDGE('',*,*,#6692,.T.);
#9744=ORIENTED_EDGE('',*,*,#6059,.F.);
#9745=ORIENTED_EDGE('',*,*,#6694,.F.);
#9746=ORIENTED_EDGE('',*,*,#5763,.T.);
#9747=ORIENTED_EDGE('',*,*,#6693,.T.);
#9748=ORIENTED_EDGE('',*,*,#6050,.F.);
#9749=ORIENTED_EDGE('',*,*,#6695,.F.);
#9750=ORIENTED_EDGE('',*,*,#5764,.T.);
#9751=ORIENTED_EDGE('',*,*,#6694,.T.);
#9752=ORIENTED_EDGE('',*,*,#5308,.F.);
#9753=ORIENTED_EDGE('',*,*,#6273,.F.);
#9754=ORIENTED_EDGE('',*,*,#5765,.T.);
#9755=ORIENTED_EDGE('',*,*,#6695,.T.);
#9756=ORIENTED_EDGE('',*,*,#6269,.F.);
#9757=ORIENTED_EDGE('',*,*,#6696,.F.);
#9758=ORIENTED_EDGE('',*,*,#5775,.T.);
#9759=ORIENTED_EDGE('',*,*,#6281,.T.);
#9760=ORIENTED_EDGE('',*,*,#5586,.F.);
#9761=ORIENTED_EDGE('',*,*,#6697,.F.);
#9762=ORIENTED_EDGE('',*,*,#5776,.T.);
#9763=ORIENTED_EDGE('',*,*,#6696,.T.);
#9764=ORIENTED_EDGE('',*,*,#6251,.F.);
#9765=ORIENTED_EDGE('',*,*,#6698,.F.);
#9766=ORIENTED_EDGE('',*,*,#5777,.T.);
#9767=ORIENTED_EDGE('',*,*,#6697,.T.);
#9768=ORIENTED_EDGE('',*,*,#5227,.F.);
#9769=ORIENTED_EDGE('',*,*,#6699,.F.);
#9770=ORIENTED_EDGE('',*,*,#5778,.T.);
#9771=ORIENTED_EDGE('',*,*,#6698,.T.);
#9772=ORIENTED_EDGE('',*,*,#6249,.F.);
#9773=ORIENTED_EDGE('',*,*,#6246,.F.);
#9774=ORIENTED_EDGE('',*,*,#6243,.F.);
#9775=ORIENTED_EDGE('',*,*,#6671,.T.);
#9776=ORIENTED_EDGE('',*,*,#5627,.F.);
#9777=ORIENTED_EDGE('',*,*,#6062,.F.);
#9778=ORIENTED_EDGE('',*,*,#5502,.F.);
#9779=ORIENTED_EDGE('',*,*,#6700,.F.);
#9780=ORIENTED_EDGE('',*,*,#5779,.T.);
#9781=ORIENTED_EDGE('',*,*,#6699,.T.);
#9782=ORIENTED_EDGE('',*,*,#6061,.F.);
#9783=ORIENTED_EDGE('',*,*,#6701,.F.);
#9784=ORIENTED_EDGE('',*,*,#5780,.T.);
#9785=ORIENTED_EDGE('',*,*,#6700,.T.);
#9786=ORIENTED_EDGE('',*,*,#6063,.F.);
#9787=ORIENTED_EDGE('',*,*,#6689,.F.);
#9788=ORIENTED_EDGE('',*,*,#5757,.T.);
#9789=ORIENTED_EDGE('',*,*,#6701,.T.);
#9790=CONICAL_SURFACE('',#10644,2.5,0.785398163397448);
#9791=CONICAL_SURFACE('',#10648,2.5,0.785398163397448);
#9792=CONICAL_SURFACE('',#10651,2.5,0.785398163397449);
#9793=CONICAL_SURFACE('',#10663,2.5,0.785398163397449);
#9794=CONICAL_SURFACE('',#10667,2.5,0.785398163397449);
#9795=CONICAL_SURFACE('',#10670,2.5,0.785398163397449);
#9796=CONICAL_SURFACE('',#10683,1.5,0.785398163397448);
#9797=CONICAL_SURFACE('',#10686,1.5,0.785398163397449);
#9798=CONICAL_SURFACE('',#10690,2.5,0.785398163397449);
#9799=CONICAL_SURFACE('',#10701,2.5,0.785398163397448);
#9800=CONICAL_SURFACE('',#10704,3.1,0.785398163397449);
#9801=CONICAL_SURFACE('',#10707,1.5,0.785398163397449);
#9802=CONICAL_SURFACE('',#10711,2.5,0.785398163397449);
#9803=CONICAL_SURFACE('',#10715,2.5,0.785398163397449);
#9804=CONICAL_SURFACE('',#10719,2.5,0.785398163397448);
#9805=CONICAL_SURFACE('',#10722,10.4841229182759,0.911738290968496);
#9806=CONICAL_SURFACE('',#10737,5.5,0.785398163397447);
#9807=CONICAL_SURFACE('',#10740,2.5,0.785398163397449);
#9808=CONICAL_SURFACE('',#10744,2.5,0.785398163397447);
#9809=CONICAL_SURFACE('',#10748,2.5,0.785398163397449);
#9810=CONICAL_SURFACE('',#10751,2.5,0.78539816339745);
#9811=CONICAL_SURFACE('',#10755,3.51587708172407,0.911738290968491);
#9812=CONICAL_SURFACE('',#10800,2.5,0.785398163397449);
#9813=CONICAL_SURFACE('',#10803,2.5,0.785398163397447);
#9814=CONICAL_SURFACE('',#10806,2.5,0.785398163397449);
#9815=CONICAL_SURFACE('',#10808,2.5,0.78539816339745);
#9816=CONICAL_SURFACE('',#10810,5.5,0.785398163397448);
#9817=CONICAL_SURFACE('',#10813,3.51587708172406,0.91173829096849);
#9818=CONICAL_SURFACE('',#10827,2.5,0.785398163397449);
#9819=CONICAL_SURFACE('',#10830,2.5,0.785398163397449);
#9820=CONICAL_SURFACE('',#10833,1.5,0.785398163397448);
#9821=CONICAL_SURFACE('',#10835,3.1,0.785398163397448);
#9822=CONICAL_SURFACE('',#10837,2.5,0.785398163397449);
#9823=CONICAL_SURFACE('',#10839,2.5,0.785398163397448);
#9824=CONICAL_SURFACE('',#10841,10.4841229182759,0.911738290968482);
#9825=CONICAL_SURFACE('',#10857,2.5,0.785398163397448);
#9826=CONICAL_SURFACE('',#10861,3.5,0.78539816339745);
#9827=CONICAL_SURFACE('',#10864,2.5,0.785398163397451);
#9828=CONICAL_SURFACE('',#10867,2.5,0.78539816339745);
#9829=CONICAL_SURFACE('',#10872,10.4841229182759,0.911738290968486);
#9830=CONICAL_SURFACE('',#10886,2.5,0.78539816339745);
#9831=CONICAL_SURFACE('',#10890,2.5,0.785398163397448);
#9832=CONICAL_SURFACE('',#10893,2.5,0.785398163397448);
#9833=CONICAL_SURFACE('',#10896,3.5,0.785398163397449);
#9834=CONICAL_SURFACE('',#10900,10.4841229182759,0.911738290968492);
#9835=CONICAL_SURFACE('',#10915,2.5,0.785398163397448);
#9836=CONICAL_SURFACE('',#10919,2.5,0.785398163397448);
#9837=CONICAL_SURFACE('',#10923,2.5,0.785398163397449);
#9838=CONICAL_SURFACE('',#10927,2.5,0.785398163397447);
#9839=CONICAL_SURFACE('',#10996,2.5,0.785398163397449);
#9840=CONICAL_SURFACE('',#11000,4.5,0.785398163397449);
#9841=CONICAL_SURFACE('',#11004,2.5,0.785398163397449);
#9842=CONICAL_SURFACE('',#11082,2.5,0.785398163397448);
#9843=CONICAL_SURFACE('',#11085,2.5,0.785398163397448);
#9844=CONICAL_SURFACE('',#11088,4.5,0.785398163397449);
#9845=CONICAL_SURFACE('',#11138,2.5,0.785398163397447);
#9846=CONICAL_SURFACE('',#11141,2.5,0.785398163397448);
#9847=CONICAL_SURFACE('',#11143,2.5,0.785398163397449);
#9848=CONICAL_SURFACE('',#11147,2.5,0.785398163397448);
#9849=CONICAL_SURFACE('',#11150,3.5,0.78539816339745);
#9850=CONICAL_SURFACE('',#11151,2.5,0.785398163397451);
#9851=CONICAL_SURFACE('',#11153,10.5,0.785398163397448);
#9852=CONICAL_SURFACE('',#11155,2.5,0.78539816339745);
#9853=CONICAL_SURFACE('',#11159,10.5,0.785398163397448);
#9854=CONICAL_SURFACE('',#11161,2.5,0.785398163397448);
#9855=CONICAL_SURFACE('',#11163,3.5,0.785398163397449);
#9856=CONICAL_SURFACE('',#11166,2.5,0.78539816339745);
#9857=CONICAL_SURFACE('',#11168,2.5,0.785398163397448);
#9858=CONICAL_SURFACE('',#11173,2.5,0.785398163397449);
#9859=CONICAL_SURFACE('',#11175,2.5,0.785398163397449);
#9860=CONICAL_SURFACE('',#11178,2.5,0.785398163397449);
#9861=CONICAL_SURFACE('',#11180,2.5,0.785398163397447);
#9862=CONICAL_SURFACE('',#11182,2.5,0.785398163397449);
#9863=CONICAL_SURFACE('',#11184,2.5,0.785398163397449);
#9864=CONICAL_SURFACE('',#11186,1.5,0.785398163397448);
#9865=CONICAL_SURFACE('',#11188,3.1,0.785398163397448);
#9866=CONICAL_SURFACE('',#11190,2.5,0.785398163397448);
#9867=CONICAL_SURFACE('',#11192,10.5,0.785398163397448);
#9868=CONICAL_SURFACE('',#11196,2.5,0.785398163397449);
#9869=CONICAL_SURFACE('',#11198,3.49999999999999,0.785398163397448);
#9870=CONICAL_SURFACE('',#11201,2.5,0.785398163397449);
#9871=CONICAL_SURFACE('',#11203,2.5,0.785398163397447);
#9872=CONICAL_SURFACE('',#11205,2.5,0.785398163397449);
#9873=CONICAL_SURFACE('',#11207,5.5,0.785398163397448);
#9874=CONICAL_SURFACE('',#11212,2.5,0.785398163397449);
#9875=CONICAL_SURFACE('',#11215,1.5,0.785398163397448);
#9876=CONICAL_SURFACE('',#11218,1.5,0.785398163397449);
#9877=CONICAL_SURFACE('',#11222,2.5,0.785398163397447);
#9878=CONICAL_SURFACE('',#11225,2.5,0.785398163397449);
#9879=CONICAL_SURFACE('',#11226,5.5,0.785398163397447);
#9880=CONICAL_SURFACE('',#11227,2.5,0.785398163397449);
#9881=CONICAL_SURFACE('',#11228,3.5,0.785398163397448);
#9882=CONICAL_SURFACE('',#11230,2.5,0.785398163397449);
#9883=CONICAL_SURFACE('',#11235,10.5,0.785398163397448);
#9884=CONICAL_SURFACE('',#11237,2.5,0.785398163397448);
#9885=CONICAL_SURFACE('',#11240,2.5,0.785398163397449);
#9886=CONICAL_SURFACE('',#11243,2.5,0.785398163397449);
#9887=CONICAL_SURFACE('',#11245,1.5,0.785398163397449);
#9888=CONICAL_SURFACE('',#11246,3.1,0.785398163397449);
#9889=CONICAL_SURFACE('',#11247,2.5,0.785398163397449);
#9890=CONICAL_SURFACE('',#11290,3.5,0.785398163397449);
#9891=CONICAL_SURFACE('',#11295,3.5,0.785398163397449);
#9892=CONICAL_SURFACE('',#11306,1.85,0.785398163397435);
#9893=CONICAL_SURFACE('',#11315,1.85,0.785398163397435);
#9894=CONICAL_SURFACE('',#11382,1.85,0.78539816339747);
#9895=CONICAL_SURFACE('',#11386,1.85,0.78539816339747);
#9896=CONICAL_SURFACE('',#11390,2.75,0.785398163397441);
#9897=CONICAL_SURFACE('',#11394,2.75,0.785398163397441);
#9898=CONICAL_SURFACE('',#11398,2.75,0.78539816339745);
#9899=CONICAL_SURFACE('',#11402,2.75,0.78539816339745);
#9900=CONICAL_SURFACE('',#11459,1.5,0.785398163397447);
#9901=CONICAL_SURFACE('',#11462,1.5,0.785398163397448);
#9902=CONICAL_SURFACE('',#11465,1.5,0.785398163397447);
#9903=CONICAL_SURFACE('',#11467,4.,0.785398163397447);
#9904=CONICAL_SURFACE('',#11469,1.5,0.785398163397446);
#9905=CONICAL_SURFACE('',#11472,1.5,0.78539816339745);
#9906=CONICAL_SURFACE('',#11483,1.5,0.785398163397447);
#9907=CONICAL_SURFACE('',#11486,1.5,0.785398163397447);
#9908=CONICAL_SURFACE('',#11489,1.5,0.78539816339745);
#9909=CONICAL_SURFACE('',#11491,4.,0.785398163397448);
#9910=CONICAL_SURFACE('',#11493,1.5,0.785398163397449);
#9911=CONICAL_SURFACE('',#11496,1.5,0.785398163397449);
#9912=CONICAL_SURFACE('',#11507,3.1,0.785398163397448);
#9913=CONICAL_SURFACE('',#11509,1.5,0.785398163397447);
#9914=CONICAL_SURFACE('',#11512,1.5,0.78539816339745);
#9915=CONICAL_SURFACE('',#11514,4.,0.785398163397448);
#9916=CONICAL_SURFACE('',#11516,1.5,0.785398163397449);
#9917=CONICAL_SURFACE('',#11519,1.5,0.785398163397448);
#9918=CONICAL_SURFACE('',#11522,1.5,0.785398163397448);
#9919=CONICAL_SURFACE('',#11525,1.5,0.785398163397449);
#9920=CONICAL_SURFACE('',#11539,1.5,0.785398163397447);
#9921=CONICAL_SURFACE('',#11541,3.1,0.785398163397449);
#9922=CONICAL_SURFACE('',#11543,1.5,0.785398163397448);
#9923=CONICAL_SURFACE('',#11546,1.5,0.785398163397448);
#9924=CONICAL_SURFACE('',#11549,1.5,0.785398163397449);
#9925=CONICAL_SURFACE('',#11558,1.5,0.785398163397449);
#9926=CONICAL_SURFACE('',#11561,1.5,0.785398163397446);
#9927=CONICAL_SURFACE('',#11563,3.1,0.785398163397447);
#9928=CONICAL_SURFACE('',#11565,1.5,0.785398163397449);
#9929=CONICAL_SURFACE('',#11568,1.5,0.785398163397448);
#9930=CONICAL_SURFACE('',#11577,1.5,0.785398163397446);
#9931=CONICAL_SURFACE('',#11580,1.5,0.785398163397447);
#9932=CONICAL_SURFACE('',#11582,4.,0.785398163397448);
#9933=CONICAL_SURFACE('',#11584,1.5,0.785398163397448);
#9934=CONICAL_SURFACE('',#11587,1.5,0.785398163397447);
#9935=CONICAL_SURFACE('',#11590,1.5,0.785398163397449);
#9936=CONICAL_SURFACE('',#11593,1.5,0.785398163397445);
#9937=CONICAL_SURFACE('',#11595,3.1,0.785398163397448);
#9938=CONICAL_SURFACE('',#11607,1.5,0.785398163397449);
#9939=CONICAL_SURFACE('',#11610,1.5,0.78539816339745);
#9940=CONICAL_SURFACE('',#11613,1.5,0.785398163397449);
#9941=CONICAL_SURFACE('',#11616,1.5,0.785398163397449);
#9942=CONICAL_SURFACE('',#11625,1.5,0.785398163397447);
#9943=CONICAL_SURFACE('',#11628,1.5,0.785398163397447);
#9944=CONICAL_SURFACE('',#11631,1.5,0.785398163397447);
#9945=CONICAL_SURFACE('',#11634,1.5,0.785398163397447);
#9946=CONICAL_SURFACE('',#11644,1.5,0.785398163397459);
#9947=CONICAL_SURFACE('',#11647,1.5,0.785398163397459);
#9948=CONICAL_SURFACE('',#11648,4.,0.785398163397459);
#9949=CONICAL_SURFACE('',#11649,1.5,0.785398163397462);
#9950=CONICAL_SURFACE('',#11651,1.5,0.785398163397461);
#9951=CONICAL_SURFACE('',#11652,3.1,0.785398163397465);
#9952=CONICAL_SURFACE('',#11653,1.5,0.785398163397464);
#9953=CONICAL_SURFACE('',#11656,1.5,0.785398163397461);
#9954=CONICAL_SURFACE('',#11661,1.5,0.785398163397448);
#9955=CONICAL_SURFACE('',#11663,1.5,0.785398163397448);
#9956=CONICAL_SURFACE('',#11666,1.5,0.785398163397447);
#9957=CONICAL_SURFACE('',#11668,4.,0.785398163397449);
#9958=CONICAL_SURFACE('',#11670,1.5,0.785398163397447);
#9959=CONICAL_SURFACE('',#11673,1.5,0.785398163397445);
#9960=CONICAL_SURFACE('',#11674,3.1,0.785398163397445);
#9961=CONICAL_SURFACE('',#11675,1.5,0.785398163397443);
#9962=CONICAL_SURFACE('',#11679,1.5,0.78539816339744);
#9963=CONICAL_SURFACE('',#11681,1.5,0.785398163397442);
#9964=CONICAL_SURFACE('',#11683,1.5,0.785398163397443);
#9965=CONICAL_SURFACE('',#11685,3.1,0.785398163397443);
#9966=CONICAL_SURFACE('',#11687,1.5,0.785398163397443);
#9967=CONICAL_SURFACE('',#11690,1.5,0.785398163397445);
#9968=CONICAL_SURFACE('',#11692,1.5,0.785398163397446);
#9969=CONICAL_SURFACE('',#11694,1.5,0.785398163397447);
#9970=CONICAL_SURFACE('',#11697,1.5,0.785398163397447);
#9971=CONICAL_SURFACE('',#11699,4.,0.785398163397448);
#9972=CONICAL_SURFACE('',#11701,1.5,0.785398163397446);
#9973=CONICAL_SURFACE('',#11703,1.5,0.785398163397453);
#9974=CONICAL_SURFACE('',#11706,1.5,0.785398163397453);
#9975=CONICAL_SURFACE('',#11708,1.5,0.785398163397449);
#9976=CONICAL_SURFACE('',#11710,1.5,0.78539816339745);
#9977=CONICAL_SURFACE('',#11717,1.5,0.785398163397455);
#9978=CONICAL_SURFACE('',#11719,1.5,0.785398163397455);
#9979=CONICAL_SURFACE('',#11721,1.5,0.785398163397459);
#9980=CONICAL_SURFACE('',#11724,1.5,0.785398163397459);
#9981=CONICAL_SURFACE('',#11727,1.5,0.785398163397462);
#9982=CONICAL_SURFACE('',#11729,4.,0.785398163397459);
#9983=CONICAL_SURFACE('',#11731,1.5,0.78539816339746);
#9984=CONICAL_SURFACE('',#11733,1.5,0.78539816339746);
#9985=CONICAL_SURFACE('',#11735,1.5,0.78539816339746);
#9986=CONICAL_SURFACE('',#11737,1.5,0.785398163397464);
#9987=CONICAL_SURFACE('',#11743,1.5,0.785398163397465);
#9988=CONICAL_SURFACE('',#11744,3.1,0.785398163397464);
#9989=CONICAL_SURFACE('',#11745,1.5,0.785398163397464);
#9990=CONICAL_SURFACE('',#11747,1.5,0.785398163397466);
#9991=CONICAL_SURFACE('',#11750,1.5,0.785398163397467);
#9992=ADVANCED_FACE('',(#554),#9790,.F.);
#9993=ADVANCED_FACE('',(#555),#336,.T.);
#9994=ADVANCED_FACE('',(#556),#9791,.F.);
#9995=ADVANCED_FACE('',(#557),#9792,.F.);
#9996=ADVANCED_FACE('',(#558),#337,.T.);
#9997=ADVANCED_FACE('',(#559),#338,.T.);
#9998=ADVANCED_FACE('',(#560),#315,.T.);
#9999=ADVANCED_FACE('',(#561),#316,.T.);
#10000=ADVANCED_FACE('',(#562),#98,.T.);
#10001=ADVANCED_FACE('',(#563),#339,.F.);
#10002=ADVANCED_FACE('',(#564),#99,.F.);
#10003=ADVANCED_FACE('',(#565),#340,.F.);
#10004=ADVANCED_FACE('',(#566),#9793,.F.);
#10005=ADVANCED_FACE('',(#567),#341,.T.);
#10006=ADVANCED_FACE('',(#568),#9794,.F.);
#10007=ADVANCED_FACE('',(#569),#9795,.F.);
#10008=ADVANCED_FACE('',(#570),#342,.T.);
#10009=ADVANCED_FACE('',(#571),#343,.T.);
#10010=ADVANCED_FACE('',(#572),#317,.T.);
#10011=ADVANCED_FACE('',(#573),#318,.T.);
#10012=ADVANCED_FACE('',(#574),#100,.T.);
#10013=ADVANCED_FACE('',(#575),#344,.F.);
#10014=ADVANCED_FACE('',(#576),#101,.F.);
#10015=ADVANCED_FACE('',(#577),#345,.F.);
#10016=ADVANCED_FACE('',(#578),#346,.T.);
#10017=ADVANCED_FACE('',(#579),#9796,.F.);
#10018=ADVANCED_FACE('',(#580),#9797,.F.);
#10019=ADVANCED_FACE('',(#581),#347,.T.);
#10020=ADVANCED_FACE('',(#582),#9798,.F.);
#10021=ADVANCED_FACE('',(#583),#348,.T.);
#10022=ADVANCED_FACE('',(#584),#319,.T.);
#10023=ADVANCED_FACE('',(#585),#320,.T.);
#10024=ADVANCED_FACE('',(#586),#102,.T.);
#10025=ADVANCED_FACE('',(#587),#349,.F.);
#10026=ADVANCED_FACE('',(#588),#103,.F.);
#10027=ADVANCED_FACE('',(#589),#350,.F.);
#10028=ADVANCED_FACE('',(#590),#9799,.F.);
#10029=ADVANCED_FACE('',(#591),#9800,.T.);
#10030=ADVANCED_FACE('',(#592),#9801,.F.);
#10031=ADVANCED_FACE('',(#593),#351,.T.);
#10032=ADVANCED_FACE('',(#594),#9802,.F.);
#10033=ADVANCED_FACE('',(#595),#352,.T.);
#10034=ADVANCED_FACE('',(#596),#9803,.F.);
#10035=ADVANCED_FACE('',(#597),#353,.T.);
#10036=ADVANCED_FACE('',(#598),#9804,.F.);
#10037=ADVANCED_FACE('',(#599),#321,.T.);
#10038=ADVANCED_FACE('',(#600),#9805,.F.);
#10039=ADVANCED_FACE('',(#601),#322,.T.);
#10040=ADVANCED_FACE('',(#602),#70,.T.);
#10041=ADVANCED_FACE('',(#603),#354,.F.);
#10042=ADVANCED_FACE('',(#604),#104,.F.);
#10043=ADVANCED_FACE('',(#605),#355,.F.);
#10044=ADVANCED_FACE('',(#606),#105,.F.);
#10045=ADVANCED_FACE('',(#607),#106,.T.);
#10046=ADVANCED_FACE('',(#608),#9806,.T.);
#10047=ADVANCED_FACE('',(#609),#9807,.F.);
#10048=ADVANCED_FACE('',(#610),#356,.T.);
#10049=ADVANCED_FACE('',(#611),#9808,.F.);
#10050=ADVANCED_FACE('',(#612),#357,.T.);
#10051=ADVANCED_FACE('',(#613),#9809,.F.);
#10052=ADVANCED_FACE('',(#614),#9810,.F.);
#10053=ADVANCED_FACE('',(#615),#358,.T.);
#10054=ADVANCED_FACE('',(#616),#9811,.T.);
#10055=ADVANCED_FACE('',(#617),#323,.T.);
#10056=ADVANCED_FACE('',(#618),#324,.T.);
#10057=ADVANCED_FACE('',(#619),#107,.F.);
#10058=ADVANCED_FACE('',(#620),#108,.T.);
#10059=ADVANCED_FACE('',(#621),#109,.F.);
#10060=ADVANCED_FACE('',(#622),#110,.T.);
#10061=ADVANCED_FACE('',(#623),#359,.F.);
#10062=ADVANCED_FACE('',(#624,#21,#22),#360,.T.);
#10063=ADVANCED_FACE('',(#625),#111,.T.);
#10064=ADVANCED_FACE('',(#626),#9812,.F.);
#10065=ADVANCED_FACE('',(#627),#361,.T.);
#10066=ADVANCED_FACE('',(#628),#9813,.F.);
#10067=ADVANCED_FACE('',(#629),#362,.T.);
#10068=ADVANCED_FACE('',(#630),#9814,.F.);
#10069=ADVANCED_FACE('',(#631),#9815,.F.);
#10070=ADVANCED_FACE('',(#632),#9816,.T.);
#10071=ADVANCED_FACE('',(#633),#363,.T.);
#10072=ADVANCED_FACE('',(#634),#9817,.T.);
#10073=ADVANCED_FACE('',(#635),#325,.T.);
#10074=ADVANCED_FACE('',(#636),#326,.T.);
#10075=ADVANCED_FACE('',(#637),#364,.F.);
#10076=ADVANCED_FACE('',(#638),#112,.F.);
#10077=ADVANCED_FACE('',(#639),#365,.F.);
#10078=ADVANCED_FACE('',(#640),#113,.F.);
#10079=ADVANCED_FACE('',(#641),#366,.F.);
#10080=ADVANCED_FACE('',(#642),#71,.T.);
#10081=ADVANCED_FACE('',(#643),#367,.T.);
#10082=ADVANCED_FACE('',(#644),#9818,.F.);
#10083=ADVANCED_FACE('',(#645),#368,.T.);
#10084=ADVANCED_FACE('',(#646),#9819,.F.);
#10085=ADVANCED_FACE('',(#647),#369,.T.);
#10086=ADVANCED_FACE('',(#648),#9820,.F.);
#10087=ADVANCED_FACE('',(#649),#9821,.T.);
#10088=ADVANCED_FACE('',(#650),#9822,.F.);
#10089=ADVANCED_FACE('',(#651),#9823,.F.);
#10090=ADVANCED_FACE('',(#652),#327,.T.);
#10091=ADVANCED_FACE('',(#653),#9824,.F.);
#10092=ADVANCED_FACE('',(#654),#328,.T.);
#10093=ADVANCED_FACE('',(#655),#329,.T.);
#10094=ADVANCED_FACE('',(#656),#114,.F.);
#10095=ADVANCED_FACE('',(#657),#370,.F.);
#10096=ADVANCED_FACE('',(#658),#115,.F.);
#10097=ADVANCED_FACE('',(#659),#371,.F.);
#10098=ADVANCED_FACE('',(#660),#116,.F.);
#10099=ADVANCED_FACE('',(#661),#117,.F.);
#10100=ADVANCED_FACE('',(#662),#72,.T.);
#10101=ADVANCED_FACE('',(#663),#9825,.F.);
#10102=ADVANCED_FACE('',(#664),#372,.T.);
#10103=ADVANCED_FACE('',(#665),#9826,.T.);
#10104=ADVANCED_FACE('',(#666),#9827,.F.);
#10105=ADVANCED_FACE('',(#667),#9828,.F.);
#10106=ADVANCED_FACE('',(#668),#373,.T.);
#10107=ADVANCED_FACE('',(#669),#374,.T.);
#10108=ADVANCED_FACE('',(#670),#9829,.F.);
#10109=ADVANCED_FACE('',(#671),#330,.T.);
#10110=ADVANCED_FACE('',(#672),#331,.T.);
#10111=ADVANCED_FACE('',(#673),#375,.F.);
#10112=ADVANCED_FACE('',(#674),#118,.T.);
#10113=ADVANCED_FACE('',(#675),#119,.F.);
#10114=ADVANCED_FACE('',(#676),#376,.F.);
#10115=ADVANCED_FACE('',(#677),#73,.T.);
#10116=ADVANCED_FACE('',(#678),#9830,.F.);
#10117=ADVANCED_FACE('',(#679),#377,.T.);
#10118=ADVANCED_FACE('',(#680),#9831,.F.);
#10119=ADVANCED_FACE('',(#681),#9832,.F.);
#10120=ADVANCED_FACE('',(#682),#9833,.T.);
#10121=ADVANCED_FACE('',(#683),#378,.T.);
#10122=ADVANCED_FACE('',(#684),#9834,.F.);
#10123=ADVANCED_FACE('',(#685),#379,.T.);
#10124=ADVANCED_FACE('',(#686),#332,.T.);
#10125=ADVANCED_FACE('',(#687),#333,.T.);
#10126=ADVANCED_FACE('',(#688),#120,.F.);
#10127=ADVANCED_FACE('',(#689),#380,.F.);
#10128=ADVANCED_FACE('',(#690),#121,.F.);
#10129=ADVANCED_FACE('',(#691),#122,.F.);
#10130=ADVANCED_FACE('',(#692),#123,.T.);
#10131=ADVANCED_FACE('',(#693),#381,.T.);
#10132=ADVANCED_FACE('',(#694),#9835,.F.);
#10133=ADVANCED_FACE('',(#695),#382,.T.);
#10134=ADVANCED_FACE('',(#696),#9836,.F.);
#10135=ADVANCED_FACE('',(#697),#383,.T.);
#10136=ADVANCED_FACE('',(#698),#9837,.F.);
#10137=ADVANCED_FACE('',(#699),#384,.T.);
#10138=ADVANCED_FACE('',(#700),#9838,.F.);
#10139=ADVANCED_FACE('',(#701),#124,.F.);
#10140=ADVANCED_FACE('',(#702,#23,#24,#25,#26,#27,#28,#29,#30,#31,#32,#33,
#34,#35,#36,#37,#38,#39,#40),#385,.T.);
#10141=ADVANCED_FACE('',(#703),#125,.F.);
#10142=ADVANCED_FACE('',(#704),#386,.T.);
#10143=ADVANCED_FACE('',(#705),#9839,.F.);
#10144=ADVANCED_FACE('',(#706),#387,.T.);
#10145=ADVANCED_FACE('',(#707),#9840,.F.);
#10146=ADVANCED_FACE('',(#708),#388,.T.);
#10147=ADVANCED_FACE('',(#709),#9841,.F.);
#10148=ADVANCED_FACE('',(#710),#389,.T.);
#10149=ADVANCED_FACE('',(#711),#126,.F.);
#10150=ADVANCED_FACE('',(#712),#390,.T.);
#10151=ADVANCED_FACE('',(#713),#127,.F.);
#10152=ADVANCED_FACE('',(#714,#41,#42,#43,#44,#45,#46,#47,#48,#49,#50,#51,
#52,#53,#54,#55,#56,#57),#391,.F.);
#10153=ADVANCED_FACE('',(#715),#9842,.F.);
#10154=ADVANCED_FACE('',(#716),#392,.T.);
#10155=ADVANCED_FACE('',(#717),#9843,.F.);
#10156=ADVANCED_FACE('',(#718),#393,.T.);
#10157=ADVANCED_FACE('',(#719),#9844,.F.);
#10158=ADVANCED_FACE('',(#720),#394,.T.);
#10159=ADVANCED_FACE('',(#721),#128,.F.);
#10160=ADVANCED_FACE('',(#722),#129,.F.);
#10161=ADVANCED_FACE('',(#723),#74,.T.);
#10162=ADVANCED_FACE('',(#724),#130,.T.);
#10163=ADVANCED_FACE('',(#725),#75,.T.);
#10164=ADVANCED_FACE('',(#726),#131,.T.);
#10165=ADVANCED_FACE('',(#727),#76,.T.);
#10166=ADVANCED_FACE('',(#728),#77,.T.);
#10167=ADVANCED_FACE('',(#729),#132,.T.);
#10168=ADVANCED_FACE('',(#730),#78,.T.);
#10169=ADVANCED_FACE('',(#731),#133,.T.);
#10170=ADVANCED_FACE('',(#732),#79,.T.);
#10171=ADVANCED_FACE('',(#733),#395,.T.);
#10172=ADVANCED_FACE('',(#734),#134,.F.);
#10173=ADVANCED_FACE('',(#735),#80,.T.);
#10174=ADVANCED_FACE('',(#736),#135,.T.);
#10175=ADVANCED_FACE('',(#737),#81,.T.);
#10176=ADVANCED_FACE('',(#738),#82,.T.);
#10177=ADVANCED_FACE('',(#739),#136,.T.);
#10178=ADVANCED_FACE('',(#740),#83,.T.);
#10179=ADVANCED_FACE('',(#741),#137,.F.);
#10180=ADVANCED_FACE('',(#742),#138,.F.);
#10181=ADVANCED_FACE('',(#743),#396,.T.);
#10182=ADVANCED_FACE('',(#744),#139,.F.);
#10183=ADVANCED_FACE('',(#745),#397,.T.);
#10184=ADVANCED_FACE('',(#746),#398,.T.);
#10185=ADVANCED_FACE('',(#747),#399,.T.);
#10186=ADVANCED_FACE('',(#748),#9845,.F.);
#10187=ADVANCED_FACE('',(#749),#400,.T.);
#10188=ADVANCED_FACE('',(#750),#9846,.F.);
#10189=ADVANCED_FACE('',(#751),#401,.T.);
#10190=ADVANCED_FACE('',(#752),#9847,.F.);
#10191=ADVANCED_FACE('',(#753),#140,.F.);
#10192=ADVANCED_FACE('',(#754),#402,.F.);
#10193=ADVANCED_FACE('',(#755),#9848,.F.);
#10194=ADVANCED_FACE('',(#756),#403,.T.);
#10195=ADVANCED_FACE('',(#757),#9849,.T.);
#10196=ADVANCED_FACE('',(#758),#9850,.F.);
#10197=ADVANCED_FACE('',(#759),#404,.T.);
#10198=ADVANCED_FACE('',(#760),#9851,.F.);
#10199=ADVANCED_FACE('',(#761),#9852,.F.);
#10200=ADVANCED_FACE('',(#762),#405,.T.);
#10201=ADVANCED_FACE('',(#763),#141,.F.);
#10202=ADVANCED_FACE('',(#764),#9853,.F.);
#10203=ADVANCED_FACE('',(#765),#406,.T.);
#10204=ADVANCED_FACE('',(#766),#9854,.F.);
#10205=ADVANCED_FACE('',(#767),#9855,.T.);
#10206=ADVANCED_FACE('',(#768),#407,.T.);
#10207=ADVANCED_FACE('',(#769),#9856,.F.);
#10208=ADVANCED_FACE('',(#770),#408,.T.);
#10209=ADVANCED_FACE('',(#771),#9857,.F.);
#10210=ADVANCED_FACE('',(#772),#142,.T.);
#10211=ADVANCED_FACE('',(#773),#143,.F.);
#10212=ADVANCED_FACE('',(#774),#409,.F.);
#10213=ADVANCED_FACE('',(#775),#410,.T.);
#10214=ADVANCED_FACE('',(#776),#9858,.F.);
#10215=ADVANCED_FACE('',(#777),#411,.T.);
#10216=ADVANCED_FACE('',(#778),#9859,.F.);
#10217=ADVANCED_FACE('',(#779),#412,.T.);
#10218=ADVANCED_FACE('',(#780),#9860,.F.);
#10219=ADVANCED_FACE('',(#781),#9861,.F.);
#10220=ADVANCED_FACE('',(#782),#413,.T.);
#10221=ADVANCED_FACE('',(#783),#9862,.F.);
#10222=ADVANCED_FACE('',(#784),#414,.T.);
#10223=ADVANCED_FACE('',(#785),#9863,.F.);
#10224=ADVANCED_FACE('',(#786),#415,.T.);
#10225=ADVANCED_FACE('',(#787),#9864,.F.);
#10226=ADVANCED_FACE('',(#788),#9865,.T.);
#10227=ADVANCED_FACE('',(#789),#9866,.F.);
#10228=ADVANCED_FACE('',(#790),#9867,.F.);
#10229=ADVANCED_FACE('',(#791),#144,.F.);
#10230=ADVANCED_FACE('',(#792),#145,.T.);
#10231=ADVANCED_FACE('',(#793),#146,.F.);
#10232=ADVANCED_FACE('',(#794),#9868,.F.);
#10233=ADVANCED_FACE('',(#795),#9869,.T.);
#10234=ADVANCED_FACE('',(#796),#416,.T.);
#10235=ADVANCED_FACE('',(#797),#9870,.F.);
#10236=ADVANCED_FACE('',(#798),#417,.T.);
#10237=ADVANCED_FACE('',(#799),#9871,.F.);
#10238=ADVANCED_FACE('',(#800),#418,.T.);
#10239=ADVANCED_FACE('',(#801),#9872,.F.);
#10240=ADVANCED_FACE('',(#802),#9873,.T.);
#10241=ADVANCED_FACE('',(#803),#147,.F.);
#10242=ADVANCED_FACE('',(#804),#148,.T.);
#10243=ADVANCED_FACE('',(#805),#149,.F.);
#10244=ADVANCED_FACE('',(#806),#9874,.F.);
#10245=ADVANCED_FACE('',(#807),#419,.T.);
#10246=ADVANCED_FACE('',(#808),#9875,.F.);
#10247=ADVANCED_FACE('',(#809),#420,.T.);
#10248=ADVANCED_FACE('',(#810),#9876,.F.);
#10249=ADVANCED_FACE('',(#811),#421,.T.);
#10250=ADVANCED_FACE('',(#812),#150,.F.);
#10251=ADVANCED_FACE('',(#813),#422,.T.);
#10252=ADVANCED_FACE('',(#814),#9877,.F.);
#10253=ADVANCED_FACE('',(#815),#423,.T.);
#10254=ADVANCED_FACE('',(#816),#9878,.F.);
#10255=ADVANCED_FACE('',(#817),#9879,.T.);
#10256=ADVANCED_FACE('',(#818),#9880,.F.);
#10257=ADVANCED_FACE('',(#819),#9881,.T.);
#10258=ADVANCED_FACE('',(#820),#424,.T.);
#10259=ADVANCED_FACE('',(#821),#9882,.F.);
#10260=ADVANCED_FACE('',(#822),#425,.F.);
#10261=ADVANCED_FACE('',(#823),#151,.F.);
#10262=ADVANCED_FACE('',(#824),#426,.F.);
#10263=ADVANCED_FACE('',(#825),#9883,.F.);
#10264=ADVANCED_FACE('',(#826),#9884,.F.);
#10265=ADVANCED_FACE('',(#827),#427,.T.);
#10266=ADVANCED_FACE('',(#828),#9885,.F.);
#10267=ADVANCED_FACE('',(#829),#428,.T.);
#10268=ADVANCED_FACE('',(#830),#9886,.F.);
#10269=ADVANCED_FACE('',(#831),#429,.T.);
#10270=ADVANCED_FACE('',(#832),#9887,.F.);
#10271=ADVANCED_FACE('',(#833),#9888,.T.);
#10272=ADVANCED_FACE('',(#834),#9889,.F.);
#10273=ADVANCED_FACE('',(#835),#152,.F.);
#10274=ADVANCED_FACE('',(#836),#430,.F.);
#10275=ADVANCED_FACE('',(#837),#153,.F.);
#10276=ADVANCED_FACE('',(#838),#154,.F.);
#10277=ADVANCED_FACE('',(#839),#155,.F.);
#10278=ADVANCED_FACE('',(#840),#431,.F.);
#10279=ADVANCED_FACE('',(#841),#156,.F.);
#10280=ADVANCED_FACE('',(#842),#157,.F.);
#10281=ADVANCED_FACE('',(#843),#432,.F.);
#10282=ADVANCED_FACE('',(#844),#158,.F.);
#10283=ADVANCED_FACE('',(#845),#159,.F.);
#10284=ADVANCED_FACE('',(#846),#160,.F.);
#10285=ADVANCED_FACE('',(#847),#161,.T.);
#10286=ADVANCED_FACE('',(#848),#162,.F.);
#10287=ADVANCED_FACE('',(#849),#433,.F.);
#10288=ADVANCED_FACE('',(#850),#163,.F.);
#10289=ADVANCED_FACE('',(#851),#434,.F.);
#10290=ADVANCED_FACE('',(#852),#435,.F.);
#10291=ADVANCED_FACE('',(#853),#334,.F.);
#10292=ADVANCED_FACE('',(#854),#436,.T.);
#10293=ADVANCED_FACE('',(#855),#335,.F.);
#10294=ADVANCED_FACE('',(#856),#164,.T.);
#10295=ADVANCED_FACE('',(#857),#165,.T.);
#10296=ADVANCED_FACE('',(#858),#166,.T.);
#10297=ADVANCED_FACE('',(#859),#84,.T.);
#10298=ADVANCED_FACE('',(#860),#167,.T.);
#10299=ADVANCED_FACE('',(#861),#17,.T.);
#10300=ADVANCED_FACE('',(#862),#168,.T.);
#10301=ADVANCED_FACE('',(#863),#169,.T.);
#10302=ADVANCED_FACE('',(#864),#18,.T.);
#10303=ADVANCED_FACE('',(#865),#437,.T.);
#10304=ADVANCED_FACE('',(#866),#170,.F.);
#10305=ADVANCED_FACE('',(#867),#171,.F.);
#10306=ADVANCED_FACE('',(#868),#9890,.F.);
#10307=ADVANCED_FACE('',(#869),#172,.F.);
#10308=ADVANCED_FACE('',(#870),#9891,.F.);
#10309=ADVANCED_FACE('',(#871),#173,.F.);
#10310=ADVANCED_FACE('',(#872,#58),#438,.F.);
#10311=ADVANCED_FACE('',(#873),#174,.F.);
#10312=ADVANCED_FACE('',(#874,#59),#439,.F.);
#10313=ADVANCED_FACE('',(#875),#175,.F.);
#10314=ADVANCED_FACE('',(#876),#9892,.F.);
#10315=ADVANCED_FACE('',(#877),#176,.T.);
#10316=ADVANCED_FACE('',(#878),#177,.F.);
#10317=ADVANCED_FACE('',(#879),#9893,.F.);
#10318=ADVANCED_FACE('',(#880,#60,#61,#62,#63,#64,#65,#66,#67),#440,.T.);
#10319=ADVANCED_FACE('',(#881),#178,.F.);
#10320=ADVANCED_FACE('',(#882),#9894,.F.);
#10321=ADVANCED_FACE('',(#883),#179,.F.);
#10322=ADVANCED_FACE('',(#884),#9895,.F.);
#10323=ADVANCED_FACE('',(#885),#180,.F.);
#10324=ADVANCED_FACE('',(#886),#9896,.F.);
#10325=ADVANCED_FACE('',(#887),#181,.F.);
#10326=ADVANCED_FACE('',(#888),#9897,.F.);
#10327=ADVANCED_FACE('',(#889),#182,.F.);
#10328=ADVANCED_FACE('',(#890),#9898,.F.);
#10329=ADVANCED_FACE('',(#891),#183,.F.);
#10330=ADVANCED_FACE('',(#892),#9899,.F.);
#10331=ADVANCED_FACE('',(#893),#184,.F.);
#10332=ADVANCED_FACE('',(#894),#185,.T.);
#10333=ADVANCED_FACE('',(#895),#186,.T.);
#10334=ADVANCED_FACE('',(#896),#85,.T.);
#10335=ADVANCED_FACE('',(#897),#187,.T.);
#10336=ADVANCED_FACE('',(#898),#15,.F.);
#10337=ADVANCED_FACE('',(#899),#188,.T.);
#10338=ADVANCED_FACE('',(#900),#86,.T.);
#10339=ADVANCED_FACE('',(#901),#189,.T.);
#10340=ADVANCED_FACE('',(#902),#87,.T.);
#10341=ADVANCED_FACE('',(#903),#16,.F.);
#10342=ADVANCED_FACE('',(#904),#190,.T.);
#10343=ADVANCED_FACE('',(#905),#88,.T.);
#10344=ADVANCED_FACE('',(#906),#191,.T.);
#10345=ADVANCED_FACE('',(#907),#89,.T.);
#10346=ADVANCED_FACE('',(#908),#192,.T.);
#10347=ADVANCED_FACE('',(#909),#19,.T.);
#10348=ADVANCED_FACE('',(#910),#20,.T.);
#10349=ADVANCED_FACE('',(#911),#441,.T.);
#10350=ADVANCED_FACE('',(#912),#193,.T.);
#10351=ADVANCED_FACE('',(#913),#442,.T.);
#10352=ADVANCED_FACE('',(#914),#194,.T.);
#10353=ADVANCED_FACE('',(#915),#443,.T.);
#10354=ADVANCED_FACE('',(#916),#195,.F.);
#10355=ADVANCED_FACE('',(#917),#444,.T.);
#10356=ADVANCED_FACE('',(#918),#196,.F.);
#10357=ADVANCED_FACE('',(#919),#445,.T.);
#10358=ADVANCED_FACE('',(#920),#197,.F.);
#10359=ADVANCED_FACE('',(#921),#9900,.F.);
#10360=ADVANCED_FACE('',(#922),#446,.T.);
#10361=ADVANCED_FACE('',(#923),#9901,.F.);
#10362=ADVANCED_FACE('',(#924),#447,.T.);
#10363=ADVANCED_FACE('',(#925),#9902,.F.);
#10364=ADVANCED_FACE('',(#926),#9903,.T.);
#10365=ADVANCED_FACE('',(#927),#9904,.F.);
#10366=ADVANCED_FACE('',(#928),#448,.T.);
#10367=ADVANCED_FACE('',(#929),#9905,.F.);
#10368=ADVANCED_FACE('',(#930),#449,.T.);
#10369=ADVANCED_FACE('',(#931),#198,.F.);
#10370=ADVANCED_FACE('',(#932),#450,.F.);
#10371=ADVANCED_FACE('',(#933),#199,.F.);
#10372=ADVANCED_FACE('',(#934),#451,.F.);
#10373=ADVANCED_FACE('',(#935),#200,.F.);
#10374=ADVANCED_FACE('',(#936),#9906,.F.);
#10375=ADVANCED_FACE('',(#937),#452,.T.);
#10376=ADVANCED_FACE('',(#938),#9907,.F.);
#10377=ADVANCED_FACE('',(#939),#453,.T.);
#10378=ADVANCED_FACE('',(#940),#9908,.F.);
#10379=ADVANCED_FACE('',(#941),#9909,.T.);
#10380=ADVANCED_FACE('',(#942),#9910,.F.);
#10381=ADVANCED_FACE('',(#943),#454,.T.);
#10382=ADVANCED_FACE('',(#944),#9911,.F.);
#10383=ADVANCED_FACE('',(#945),#455,.T.);
#10384=ADVANCED_FACE('',(#946),#201,.F.);
#10385=ADVANCED_FACE('',(#947),#456,.F.);
#10386=ADVANCED_FACE('',(#948),#202,.F.);
#10387=ADVANCED_FACE('',(#949),#457,.F.);
#10388=ADVANCED_FACE('',(#950),#203,.F.);
#10389=ADVANCED_FACE('',(#951),#9912,.T.);
#10390=ADVANCED_FACE('',(#952),#9913,.F.);
#10391=ADVANCED_FACE('',(#953),#458,.T.);
#10392=ADVANCED_FACE('',(#954),#9914,.F.);
#10393=ADVANCED_FACE('',(#955),#9915,.T.);
#10394=ADVANCED_FACE('',(#956),#9916,.F.);
#10395=ADVANCED_FACE('',(#957),#459,.T.);
#10396=ADVANCED_FACE('',(#958),#9917,.F.);
#10397=ADVANCED_FACE('',(#959),#460,.T.);
#10398=ADVANCED_FACE('',(#960),#9918,.F.);
#10399=ADVANCED_FACE('',(#961),#461,.T.);
#10400=ADVANCED_FACE('',(#962),#9919,.F.);
#10401=ADVANCED_FACE('',(#963),#204,.F.);
#10402=ADVANCED_FACE('',(#964),#205,.T.);
#10403=ADVANCED_FACE('',(#965),#206,.F.);
#10404=ADVANCED_FACE('',(#966),#462,.F.);
#10405=ADVANCED_FACE('',(#967),#207,.F.);
#10406=ADVANCED_FACE('',(#968),#208,.T.);
#10407=ADVANCED_FACE('',(#969),#463,.T.);
#10408=ADVANCED_FACE('',(#970),#9920,.F.);
#10409=ADVANCED_FACE('',(#971),#9921,.T.);
#10410=ADVANCED_FACE('',(#972),#9922,.F.);
#10411=ADVANCED_FACE('',(#973),#464,.T.);
#10412=ADVANCED_FACE('',(#974),#9923,.F.);
#10413=ADVANCED_FACE('',(#975),#465,.T.);
#10414=ADVANCED_FACE('',(#976),#9924,.F.);
#10415=ADVANCED_FACE('',(#977),#209,.F.);
#10416=ADVANCED_FACE('',(#978),#210,.T.);
#10417=ADVANCED_FACE('',(#979),#211,.F.);
#10418=ADVANCED_FACE('',(#980),#466,.F.);
#10419=ADVANCED_FACE('',(#981),#9925,.F.);
#10420=ADVANCED_FACE('',(#982),#467,.T.);
#10421=ADVANCED_FACE('',(#983),#9926,.F.);
#10422=ADVANCED_FACE('',(#984),#9927,.T.);
#10423=ADVANCED_FACE('',(#985),#9928,.F.);
#10424=ADVANCED_FACE('',(#986),#468,.T.);
#10425=ADVANCED_FACE('',(#987),#9929,.F.);
#10426=ADVANCED_FACE('',(#988),#469,.T.);
#10427=ADVANCED_FACE('',(#989),#470,.F.);
#10428=ADVANCED_FACE('',(#990),#212,.F.);
#10429=ADVANCED_FACE('',(#991),#471,.F.);
#10430=ADVANCED_FACE('',(#992),#213,.F.);
#10431=ADVANCED_FACE('',(#993),#9930,.F.);
#10432=ADVANCED_FACE('',(#994),#472,.T.);
#10433=ADVANCED_FACE('',(#995),#9931,.F.);
#10434=ADVANCED_FACE('',(#996),#9932,.T.);
#10435=ADVANCED_FACE('',(#997),#9933,.F.);
#10436=ADVANCED_FACE('',(#998),#473,.T.);
#10437=ADVANCED_FACE('',(#999),#9934,.F.);
#10438=ADVANCED_FACE('',(#1000),#474,.T.);
#10439=ADVANCED_FACE('',(#1001),#9935,.F.);
#10440=ADVANCED_FACE('',(#1002),#475,.T.);
#10441=ADVANCED_FACE('',(#1003),#9936,.F.);
#10442=ADVANCED_FACE('',(#1004),#9937,.T.);
#10443=ADVANCED_FACE('',(#1005),#476,.F.);
#10444=ADVANCED_FACE('',(#1006),#214,.F.);
#10445=ADVANCED_FACE('',(#1007),#477,.F.);
#10446=ADVANCED_FACE('',(#1008),#215,.F.);
#10447=ADVANCED_FACE('',(#1009),#216,.T.);
#10448=ADVANCED_FACE('',(#1010),#217,.F.);
#10449=ADVANCED_FACE('',(#1011),#9938,.F.);
#10450=ADVANCED_FACE('',(#1012),#478,.T.);
#10451=ADVANCED_FACE('',(#1013),#9939,.F.);
#10452=ADVANCED_FACE('',(#1014),#479,.T.);
#10453=ADVANCED_FACE('',(#1015),#9940,.F.);
#10454=ADVANCED_FACE('',(#1016),#480,.T.);
#10455=ADVANCED_FACE('',(#1017),#9941,.F.);
#10456=ADVANCED_FACE('',(#1018),#481,.T.);
#10457=ADVANCED_FACE('',(#1019),#482,.F.);
#10458=ADVANCED_FACE('',(#1020),#218,.F.);
#10459=ADVANCED_FACE('',(#1021),#483,.F.);
#10460=ADVANCED_FACE('',(#1022),#219,.F.);
#10461=ADVANCED_FACE('',(#1023),#9942,.F.);
#10462=ADVANCED_FACE('',(#1024),#484,.T.);
#10463=ADVANCED_FACE('',(#1025),#9943,.F.);
#10464=ADVANCED_FACE('',(#1026),#485,.T.);
#10465=ADVANCED_FACE('',(#1027),#9944,.F.);
#10466=ADVANCED_FACE('',(#1028),#486,.T.);
#10467=ADVANCED_FACE('',(#1029),#9945,.F.);
#10468=ADVANCED_FACE('',(#1030),#487,.T.);
#10469=ADVANCED_FACE('',(#1031),#488,.F.);
#10470=ADVANCED_FACE('',(#1032),#220,.F.);
#10471=ADVANCED_FACE('',(#1033),#489,.F.);
#10472=ADVANCED_FACE('',(#1034),#221,.F.);
#10473=ADVANCED_FACE('',(#1035),#490,.T.);
#10474=ADVANCED_FACE('',(#1036),#9946,.F.);
#10475=ADVANCED_FACE('',(#1037),#491,.T.);
#10476=ADVANCED_FACE('',(#1038),#9947,.F.);
#10477=ADVANCED_FACE('',(#1039),#9948,.T.);
#10478=ADVANCED_FACE('',(#1040),#9949,.F.);
#10479=ADVANCED_FACE('',(#1041),#492,.T.);
#10480=ADVANCED_FACE('',(#1042),#9950,.F.);
#10481=ADVANCED_FACE('',(#1043),#9951,.T.);
#10482=ADVANCED_FACE('',(#1044),#9952,.F.);
#10483=ADVANCED_FACE('',(#1045),#493,.T.);
#10484=ADVANCED_FACE('',(#1046),#9953,.F.);
#10485=ADVANCED_FACE('',(#1047),#494,.F.);
#10486=ADVANCED_FACE('',(#1048),#222,.F.);
#10487=ADVANCED_FACE('',(#1049),#495,.F.);
#10488=ADVANCED_FACE('',(#1050),#9954,.F.);
#10489=ADVANCED_FACE('',(#1051),#496,.T.);
#10490=ADVANCED_FACE('',(#1052),#9955,.F.);
#10491=ADVANCED_FACE('',(#1053),#497,.T.);
#10492=ADVANCED_FACE('',(#1054),#9956,.F.);
#10493=ADVANCED_FACE('',(#1055),#9957,.T.);
#10494=ADVANCED_FACE('',(#1056),#9958,.F.);
#10495=ADVANCED_FACE('',(#1057),#498,.T.);
#10496=ADVANCED_FACE('',(#1058),#9959,.F.);
#10497=ADVANCED_FACE('',(#1059),#9960,.T.);
#10498=ADVANCED_FACE('',(#1060),#9961,.F.);
#10499=ADVANCED_FACE('',(#1061),#499,.T.);
#10500=ADVANCED_FACE('',(#1062),#500,.F.);
#10501=ADVANCED_FACE('',(#1063),#501,.T.);
#10502=ADVANCED_FACE('',(#1064),#9962,.F.);
#10503=ADVANCED_FACE('',(#1065),#502,.T.);
#10504=ADVANCED_FACE('',(#1066),#9963,.F.);
#10505=ADVANCED_FACE('',(#1067),#503,.T.);
#10506=ADVANCED_FACE('',(#1068),#9964,.F.);
#10507=ADVANCED_FACE('',(#1069),#9965,.T.);
#10508=ADVANCED_FACE('',(#1070),#9966,.F.);
#10509=ADVANCED_FACE('',(#1071),#504,.T.);
#10510=ADVANCED_FACE('',(#1072),#9967,.F.);
#10511=ADVANCED_FACE('',(#1073),#505,.T.);
#10512=ADVANCED_FACE('',(#1074),#9968,.F.);
#10513=ADVANCED_FACE('',(#1075),#506,.T.);
#10514=ADVANCED_FACE('',(#1076),#9969,.F.);
#10515=ADVANCED_FACE('',(#1077),#507,.T.);
#10516=ADVANCED_FACE('',(#1078),#9970,.F.);
#10517=ADVANCED_FACE('',(#1079),#9971,.T.);
#10518=ADVANCED_FACE('',(#1080),#9972,.F.);
#10519=ADVANCED_FACE('',(#1081),#508,.F.);
#10520=ADVANCED_FACE('',(#1082),#9973,.F.);
#10521=ADVANCED_FACE('',(#1083),#509,.T.);
#10522=ADVANCED_FACE('',(#1084),#9974,.F.);
#10523=ADVANCED_FACE('',(#1085),#510,.T.);
#10524=ADVANCED_FACE('',(#1086),#9975,.F.);
#10525=ADVANCED_FACE('',(#1087),#511,.T.);
#10526=ADVANCED_FACE('',(#1088),#9976,.F.);
#10527=ADVANCED_FACE('',(#1089),#512,.T.);
#10528=ADVANCED_FACE('',(#1090),#223,.F.);
#10529=ADVANCED_FACE('',(#1091),#513,.F.);
#10530=ADVANCED_FACE('',(#1092),#224,.F.);
#10531=ADVANCED_FACE('',(#1093),#514,.T.);
#10532=ADVANCED_FACE('',(#1094),#9977,.F.);
#10533=ADVANCED_FACE('',(#1095),#515,.T.);
#10534=ADVANCED_FACE('',(#1096),#9978,.F.);
#10535=ADVANCED_FACE('',(#1097),#516,.T.);
#10536=ADVANCED_FACE('',(#1098),#9979,.F.);
#10537=ADVANCED_FACE('',(#1099),#517,.T.);
#10538=ADVANCED_FACE('',(#1100),#9980,.F.);
#10539=ADVANCED_FACE('',(#1101),#518,.T.);
#10540=ADVANCED_FACE('',(#1102),#9981,.F.);
#10541=ADVANCED_FACE('',(#1103),#9982,.T.);
#10542=ADVANCED_FACE('',(#1104),#9983,.F.);
#10543=ADVANCED_FACE('',(#1105),#519,.T.);
#10544=ADVANCED_FACE('',(#1106),#9984,.F.);
#10545=ADVANCED_FACE('',(#1107),#520,.T.);
#10546=ADVANCED_FACE('',(#1108),#9985,.F.);
#10547=ADVANCED_FACE('',(#1109),#521,.T.);
#10548=ADVANCED_FACE('',(#1110),#9986,.F.);
#10549=ADVANCED_FACE('',(#1111),#225,.T.);
#10550=ADVANCED_FACE('',(#1112),#226,.F.);
#10551=ADVANCED_FACE('',(#1113),#522,.F.);
#10552=ADVANCED_FACE('',(#1114),#523,.T.);
#10553=ADVANCED_FACE('',(#1115),#9987,.F.);
#10554=ADVANCED_FACE('',(#1116),#9988,.T.);
#10555=ADVANCED_FACE('',(#1117),#9989,.F.);
#10556=ADVANCED_FACE('',(#1118),#524,.T.);
#10557=ADVANCED_FACE('',(#1119),#9990,.F.);
#10558=ADVANCED_FACE('',(#1120),#525,.T.);
#10559=ADVANCED_FACE('',(#1121),#9991,.F.);
#10560=ADVANCED_FACE('',(#1122),#526,.F.);
#10561=ADVANCED_FACE('',(#1123),#227,.F.);
#10562=ADVANCED_FACE('',(#1124),#228,.T.);
#10563=ADVANCED_FACE('',(#1125),#229,.F.);
#10564=ADVANCED_FACE('',(#1126),#527,.F.);
#10565=ADVANCED_FACE('',(#1127),#230,.F.);
#10566=ADVANCED_FACE('',(#1128),#528,.F.);
#10567=ADVANCED_FACE('',(#1129),#231,.F.);
#10568=ADVANCED_FACE('',(#1130),#232,.F.);
#10569=ADVANCED_FACE('',(#1131),#233,.T.);
#10570=ADVANCED_FACE('',(#1132),#234,.F.);
#10571=ADVANCED_FACE('',(#1133),#235,.T.);
#10572=ADVANCED_FACE('',(#1134),#236,.F.);
#10573=ADVANCED_FACE('',(#1135),#529,.F.);
#10574=ADVANCED_FACE('',(#1136),#530,.F.);
#10575=ADVANCED_FACE('',(#1137),#531,.F.);
#10576=ADVANCED_FACE('',(#1138),#237,.F.);
#10577=ADVANCED_FACE('',(#1139),#532,.F.);
#10578=ADVANCED_FACE('',(#1140),#238,.F.);
#10579=ADVANCED_FACE('',(#1141),#533,.F.);
#10580=ADVANCED_FACE('',(#1142),#239,.F.);
#10581=ADVANCED_FACE('',(#1143),#240,.F.);
#10582=ADVANCED_FACE('',(#1144),#241,.F.);
#10583=ADVANCED_FACE('',(#1145),#534,.F.);
#10584=ADVANCED_FACE('',(#1146),#242,.F.);
#10585=ADVANCED_FACE('',(#1147),#535,.F.);
#10586=ADVANCED_FACE('',(#1148),#243,.F.);
#10587=ADVANCED_FACE('',(#1149),#536,.F.);
#10588=ADVANCED_FACE('',(#1150),#244,.T.);
#10589=ADVANCED_FACE('',(#1151),#537,.F.);
#10590=ADVANCED_FACE('',(#1152),#245,.T.);
#10591=ADVANCED_FACE('',(#1153),#538,.F.);
#10592=ADVANCED_FACE('',(#1154),#539,.F.);
#10593=ADVANCED_FACE('',(#1155),#246,.T.);
#10594=ADVANCED_FACE('',(#1156),#540,.T.);
#10595=ADVANCED_FACE('',(#1157),#247,.T.);
#10596=ADVANCED_FACE('',(#1158,#68,#69),#541,.T.);
#10597=ADVANCED_FACE('',(#1159),#542,.T.);
#10598=ADVANCED_FACE('',(#1160),#543,.T.);
#10599=ADVANCED_FACE('',(#1161),#248,.F.);
#10600=ADVANCED_FACE('',(#1162),#544,.T.);
#10601=ADVANCED_FACE('',(#1163),#249,.F.);
#10602=ADVANCED_FACE('',(#1164),#545,.T.);
#10603=ADVANCED_FACE('',(#1165),#250,.F.);
#10604=ADVANCED_FACE('',(#1166),#546,.T.);
#10605=ADVANCED_FACE('',(#1167),#251,.F.);
#10606=ADVANCED_FACE('',(#1168),#547,.T.);
#10607=ADVANCED_FACE('',(#1169),#252,.F.);
#10608=ADVANCED_FACE('',(#1170),#548,.T.);
#10609=ADVANCED_FACE('',(#1171),#253,.F.);
#10610=ADVANCED_FACE('',(#1172),#549,.T.);
#10611=ADVANCED_FACE('',(#1173),#254,.T.);
#10612=ADVANCED_FACE('',(#1174),#550,.T.);
#10613=ADVANCED_FACE('',(#1175),#255,.T.);
#10614=ADVANCED_FACE('',(#1176),#256,.T.);
#10615=ADVANCED_FACE('',(#1177),#551,.T.);
#10616=ADVANCED_FACE('',(#1178),#257,.T.);
#10617=ADVANCED_FACE('',(#1179),#552,.T.);
#10618=ADVANCED_FACE('',(#1180),#258,.T.);
#10619=ADVANCED_FACE('',(#1181),#553,.T.);
#10620=ADVANCED_FACE('',(#1182),#259,.T.);
#10621=CLOSED_SHELL('',(#9992,#9993,#9994,#9995,#9996,#9997,#9998,#9999,
#10000,#10001,#10002,#10003,#10004,#10005,#10006,#10007,#10008,#10009,#10010,
#10011,#10012,#10013,#10014,#10015,#10016,#10017,#10018,#10019,#10020,#10021,
#10022,#10023,#10024,#10025,#10026,#10027,#10028,#10029,#10030,#10031,#10032,
#10033,#10034,#10035,#10036,#10037,#10038,#10039,#10040,#10041,#10042,#10043,
#10044,#10045,#10046,#10047,#10048,#10049,#10050,#10051,#10052,#10053,#10054,
#10055,#10056,#10057,#10058,#10059,#10060,#10061,#10062,#10063,#10064,#10065,
#10066,#10067,#10068,#10069,#10070,#10071,#10072,#10073,#10074,#10075,#10076,
#10077,#10078,#10079,#10080,#10081,#10082,#10083,#10084,#10085,#10086,#10087,
#10088,#10089,#10090,#10091,#10092,#10093,#10094,#10095,#10096,#10097,#10098,
#10099,#10100,#10101,#10102,#10103,#10104,#10105,#10106,#10107,#10108,#10109,
#10110,#10111,#10112,#10113,#10114,#10115,#10116,#10117,#10118,#10119,#10120,
#10121,#10122,#10123,#10124,#10125,#10126,#10127,#10128,#10129,#10130,#10131,
#10132,#10133,#10134,#10135,#10136,#10137,#10138,#10139,#10140,#10141,#10142,
#10143,#10144,#10145,#10146,#10147,#10148,#10149,#10150,#10151,#10152,#10153,
#10154,#10155,#10156,#10157,#10158,#10159,#10160,#10161,#10162,#10163,#10164,
#10165,#10166,#10167,#10168,#10169,#10170,#10171,#10172,#10173,#10174,#10175,
#10176,#10177,#10178,#10179,#10180,#10181,#10182,#10183,#10184,#10185,#10186,
#10187,#10188,#10189,#10190,#10191,#10192,#10193,#10194,#10195,#10196,#10197,
#10198,#10199,#10200,#10201,#10202,#10203,#10204,#10205,#10206,#10207,#10208,
#10209,#10210,#10211,#10212,#10213,#10214,#10215,#10216,#10217,#10218,#10219,
#10220,#10221,#10222,#10223,#10224,#10225,#10226,#10227,#10228,#10229,#10230,
#10231,#10232,#10233,#10234,#10235,#10236,#10237,#10238,#10239,#10240,#10241,
#10242,#10243,#10244,#10245,#10246,#10247,#10248,#10249,#10250,#10251,#10252,
#10253,#10254,#10255,#10256,#10257,#10258,#10259,#10260,#10261,#10262,#10263,
#10264,#10265,#10266,#10267,#10268,#10269,#10270,#10271,#10272,#10273,#10274,
#10275,#10276,#10277,#10278,#10279,#10280,#10281,#10282,#10283,#10284,#10285,
#10286,#10287,#10288,#10289,#10290,#10291,#10292,#10293,#10294,#10295,#10296,
#10297,#10298,#10299,#10300,#10301,#10302,#10303,#10304,#10305,#10306,#10307,
#10308,#10309,#10310,#10311,#10312,#10313,#10314,#10315,#10316,#10317,#10318,
#10319,#10320,#10321,#10322,#10323,#10324,#10325,#10326,#10327,#10328,#10329,
#10330,#10331,#10332,#10333,#10334,#10335,#10336,#10337,#10338,#10339,#10340,
#10341,#10342,#10343,#10344,#10345,#10346,#10347,#10348,#10349,#10350,#10351,
#10352,#10353,#10354,#10355,#10356,#10357,#10358,#10359,#10360,#10361,#10362,
#10363,#10364,#10365,#10366,#10367,#10368,#10369,#10370,#10371,#10372,#10373,
#10374,#10375,#10376,#10377,#10378,#10379,#10380,#10381,#10382,#10383,#10384,
#10385,#10386,#10387,#10388,#10389,#10390,#10391,#10392,#10393,#10394,#10395,
#10396,#10397,#10398,#10399,#10400,#10401,#10402,#10403,#10404,#10405,#10406,
#10407,#10408,#10409,#10410,#10411,#10412,#10413,#10414,#10415,#10416,#10417,
#10418,#10419,#10420,#10421,#10422,#10423,#10424,#10425,#10426,#10427,#10428,
#10429,#10430,#10431,#10432,#10433,#10434,#10435,#10436,#10437,#10438,#10439,
#10440,#10441,#10442,#10443,#10444,#10445,#10446,#10447,#10448,#10449,#10450,
#10451,#10452,#10453,#10454,#10455,#10456,#10457,#10458,#10459,#10460,#10461,
#10462,#10463,#10464,#10465,#10466,#10467,#10468,#10469,#10470,#10471,#10472,
#10473,#10474,#10475,#10476,#10477,#10478,#10479,#10480,#10481,#10482,#10483,
#10484,#10485,#10486,#10487,#10488,#10489,#10490,#10491,#10492,#10493,#10494,
#10495,#10496,#10497,#10498,#10499,#10500,#10501,#10502,#10503,#10504,#10505,
#10506,#10507,#10508,#10509,#10510,#10511,#10512,#10513,#10514,#10515,#10516,
#10517,#10518,#10519,#10520,#10521,#10522,#10523,#10524,#10525,#10526,#10527,
#10528,#10529,#10530,#10531,#10532,#10533,#10534,#10535,#10536,#10537,#10538,
#10539,#10540,#10541,#10542,#10543,#10544,#10545,#10546,#10547,#10548,#10549,
#10550,#10551,#10552,#10553,#10554,#10555,#10556,#10557,#10558,#10559,#10560,
#10561,#10562,#10563,#10564,#10565,#10566,#10567,#10568,#10569,#10570,#10571,
#10572,#10573,#10574,#10575,#10576,#10577,#10578,#10579,#10580,#10581,#10582,
#10583,#10584,#10585,#10586,#10587,#10588,#10589,#10590,#10591,#10592,#10593,
#10594,#10595,#10596,#10597,#10598,#10599,#10600,#10601,#10602,#10603,#10604,
#10605,#10606,#10607,#10608,#10609,#10610,#10611,#10612,#10613,#10614,#10615,
#10616,#10617,#10618,#10619,#10620));
#10622=DERIVED_UNIT_ELEMENT(#10625,1.);
#10623=DERIVED_UNIT_ELEMENT(#18848,-3.);
#10624=DIMENSIONAL_EXPONENTS(0.,1.,0.,0.,0.,0.,0.);
#10625=(
CONVERSION_BASED_UNIT('gram',#10627)
MASS_UNIT()
NAMED_UNIT(#10624)
);
#10626=(
MASS_UNIT()
NAMED_UNIT(*)
SI_UNIT(.KILO.,.GRAM.)
);
#10627=MASS_MEASURE_WITH_UNIT(MASS_MEASURE(0.001),#10626);
#10628=DERIVED_UNIT((#10622,#10623));
#10629=MEASURE_REPRESENTATION_ITEM('density measure',
POSITIVE_RATIO_MEASURE(1.637),#10628);
#10630=PROPERTY_DEFINITION_REPRESENTATION(#10635,#10632);
#10631=PROPERTY_DEFINITION_REPRESENTATION(#10636,#10633);
#10632=REPRESENTATION('material name',(#10634),#18845);
#10633=REPRESENTATION('density',(#10629),#18845);
#10634=DESCRIPTIVE_REPRESENTATION_ITEM('PPS Plastic','PPS Plastic');
#10635=PROPERTY_DEFINITION('material property','material name',#18855);
#10636=PROPERTY_DEFINITION('material property','density of part',#18855);
#10637=DATE_TIME_ROLE('creation_date');
#10638=APPLIED_DATE_AND_TIME_ASSIGNMENT(#10639,#10637,(#18855));
#10639=DATE_AND_TIME(#10640,#10641);
#10640=CALENDAR_DATE(2025,14,10);
#10641=LOCAL_TIME(0,0,0.,#10642);
#10642=COORDINATED_UNIVERSAL_TIME_OFFSET(0,0,.BEHIND.);
#10643=AXIS2_PLACEMENT_3D('',#15087,#11817,#11818);
#10644=AXIS2_PLACEMENT_3D('',#15088,#11819,#11820);
#10645=AXIS2_PLACEMENT_3D('',#15093,#11822,#11823);
#10646=AXIS2_PLACEMENT_3D('',#15096,#11825,#11826);
#10647=AXIS2_PLACEMENT_3D('',#15097,#11827,#11828);
#10648=AXIS2_PLACEMENT_3D('',#15103,#11832,#11833);
#10649=AXIS2_PLACEMENT_3D('',#15107,#11835,#11836);
#10650=AXIS2_PLACEMENT_3D('',#15108,#11837,#11838);
#10651=AXIS2_PLACEMENT_3D('',#15109,#11839,#11840);
#10652=AXIS2_PLACEMENT_3D('',#15114,#11842,#11843);
#10653=AXIS2_PLACEMENT_3D('',#15117,#11845,#11846);
#10654=AXIS2_PLACEMENT_3D('',#15118,#11847,#11848);
#10655=AXIS2_PLACEMENT_3D('',#15121,#11851,#11852);
#10656=AXIS2_PLACEMENT_3D('',#15190,#11857,#11858);
#10657=AXIS2_PLACEMENT_3D('',#15194,#11860,#11861);
#10658=AXIS2_PLACEMENT_3D('',#15198,#11863,#11864);
#10659=AXIS2_PLACEMENT_3D('',#15218,#11867,#11868);
#10660=AXIS2_PLACEMENT_3D('',#15224,#11872,#11873);
#10661=AXIS2_PLACEMENT_3D('',#15227,#11875,#11876);
#10662=AXIS2_PLACEMENT_3D('',#15228,#11877,#11878);
#10663=AXIS2_PLACEMENT_3D('',#15232,#11881,#11882);
#10664=AXIS2_PLACEMENT_3D('',#15237,#11884,#11885);
#10665=AXIS2_PLACEMENT_3D('',#15240,#11887,#11888);
#10666=AXIS2_PLACEMENT_3D('',#15241,#11889,#11890);
#10667=AXIS2_PLACEMENT_3D('',#15247,#11894,#11895);
#10668=AXIS2_PLACEMENT_3D('',#15251,#11897,#11898);
#10669=AXIS2_PLACEMENT_3D('',#15252,#11899,#11900);
#10670=AXIS2_PLACEMENT_3D('',#15253,#11901,#11902);
#10671=AXIS2_PLACEMENT_3D('',#15258,#11904,#11905);
#10672=AXIS2_PLACEMENT_3D('',#15261,#11907,#11908);
#10673=AXIS2_PLACEMENT_3D('',#15262,#11909,#11910);
#10674=AXIS2_PLACEMENT_3D('',#15265,#11913,#11914);
#10675=AXIS2_PLACEMENT_3D('',#15334,#11919,#11920);
#10676=AXIS2_PLACEMENT_3D('',#15354,#11923,#11924);
#10677=AXIS2_PLACEMENT_3D('',#15358,#11926,#11927);
#10678=AXIS2_PLACEMENT_3D('',#15360,#11929,#11930);
#10679=AXIS2_PLACEMENT_3D('',#15366,#11934,#11935);
#10680=AXIS2_PLACEMENT_3D('',#15369,#11937,#11938);
#10681=AXIS2_PLACEMENT_3D('',#15370,#11939,#11940);
#10682=AXIS2_PLACEMENT_3D('',#15374,#11943,#11944);
#10683=AXIS2_PLACEMENT_3D('',#15383,#11949,#11950);
#10684=AXIS2_PLACEMENT_3D('',#15387,#11952,#11953);
#10685=AXIS2_PLACEMENT_3D('',#15388,#11954,#11955);
#10686=AXIS2_PLACEMENT_3D('',#15389,#11956,#11957);
#10687=AXIS2_PLACEMENT_3D('',#15394,#11959,#11960);
#10688=AXIS2_PLACEMENT_3D('',#15397,#11962,#11963);
#10689=AXIS2_PLACEMENT_3D('',#15398,#11964,#11965);
#10690=AXIS2_PLACEMENT_3D('',#15404,#11969,#11970);
#10691=AXIS2_PLACEMENT_3D('',#15405,#11971,#11972);
#10692=AXIS2_PLACEMENT_3D('',#15406,#11973,#11974);
#10693=AXIS2_PLACEMENT_3D('',#15407,#11975,#11976);
#10694=AXIS2_PLACEMENT_3D('',#15476,#11981,#11982);
#10695=AXIS2_PLACEMENT_3D('',#15480,#11984,#11985);
#10696=AXIS2_PLACEMENT_3D('',#15484,#11987,#11988);
#10697=AXIS2_PLACEMENT_3D('',#15486,#11990,#11991);
#10698=AXIS2_PLACEMENT_3D('',#15492,#11995,#11996);
#10699=AXIS2_PLACEMENT_3D('',#15495,#11998,#11999);
#10700=AXIS2_PLACEMENT_3D('',#15496,#12000,#12001);
#10701=AXIS2_PLACEMENT_3D('',#15500,#12004,#12005);
#10702=AXIS2_PLACEMENT_3D('',#15504,#12007,#12008);
#10703=AXIS2_PLACEMENT_3D('',#15507,#12010,#12011);
#10704=AXIS2_PLACEMENT_3D('',#15508,#12012,#12013);
#10705=AXIS2_PLACEMENT_3D('',#15512,#12015,#12016);
#10706=AXIS2_PLACEMENT_3D('',#15513,#12017,#12018);
#10707=AXIS2_PLACEMENT_3D('',#15514,#12019,#12020);
#10708=AXIS2_PLACEMENT_3D('',#15516,#12021,#12022);
#10709=AXIS2_PLACEMENT_3D('',#15519,#12024,#12025);
#10710=AXIS2_PLACEMENT_3D('',#15520,#12026,#12027);
#10711=AXIS2_PLACEMENT_3D('',#15526,#12031,#12032);
#10712=AXIS2_PLACEMENT_3D('',#15528,#12033,#12034);
#10713=AXIS2_PLACEMENT_3D('',#15531,#12036,#12037);
#10714=AXIS2_PLACEMENT_3D('',#15532,#12038,#12039);
#10715=AXIS2_PLACEMENT_3D('',#15538,#12043,#12044);
#10716=AXIS2_PLACEMENT_3D('',#15540,#12045,#12046);
#10717=AXIS2_PLACEMENT_3D('',#15543,#12048,#12049);
#10718=AXIS2_PLACEMENT_3D('',#15544,#12050,#12051);
#10719=AXIS2_PLACEMENT_3D('',#15550,#12055,#12056);
#10720=AXIS2_PLACEMENT_3D('',#15554,#12058,#12059);
#10721=AXIS2_PLACEMENT_3D('',#15555,#12060,#12061);
#10722=AXIS2_PLACEMENT_3D('',#15589,#12062,#12063);
#10723=AXIS2_PLACEMENT_3D('',#15591,#12064,#12065);
#10724=AXIS2_PLACEMENT_3D('',#15594,#12067,#12068);
#10725=AXIS2_PLACEMENT_3D('',#15625,#12069,#12070);
#10726=AXIS2_PLACEMENT_3D('',#15627,#12071,#12072);
#10727=AXIS2_PLACEMENT_3D('',#15629,#12073,#12074);
#10728=AXIS2_PLACEMENT_3D('',#15630,#12075,#12076);
#10729=AXIS2_PLACEMENT_3D('',#15631,#12077,#12078);
#10730=AXIS2_PLACEMENT_3D('',#15637,#12082,#12083);
#10731=AXIS2_PLACEMENT_3D('',#15640,#12085,#12086);
#10732=AXIS2_PLACEMENT_3D('',#15641,#12087,#12088);
#10733=AXIS2_PLACEMENT_3D('',#15645,#12091,#12092);
#10734=AXIS2_PLACEMENT_3D('',#15648,#12094,#12095);
#10735=AXIS2_PLACEMENT_3D('',#15649,#12096,#12097);
#10736=AXIS2_PLACEMENT_3D('',#15652,#12099,#12100);
#10737=AXIS2_PLACEMENT_3D('',#15653,#12101,#12102);
#10738=AXIS2_PLACEMENT_3D('',#15658,#12104,#12105);
#10739=AXIS2_PLACEMENT_3D('',#15661,#12107,#12108);
#10740=AXIS2_PLACEMENT_3D('',#15662,#12109,#12110);
#10741=AXIS2_PLACEMENT_3D('',#15664,#12111,#12112);
#10742=AXIS2_PLACEMENT_3D('',#15667,#12114,#12115);
#10743=AXIS2_PLACEMENT_3D('',#15668,#12116,#12117);
#10744=AXIS2_PLACEMENT_3D('',#15674,#12121,#12122);
#10745=AXIS2_PLACEMENT_3D('',#15676,#12123,#12124);
#10746=AXIS2_PLACEMENT_3D('',#15679,#12126,#12127);
#10747=AXIS2_PLACEMENT_3D('',#15680,#12128,#12129);
#10748=AXIS2_PLACEMENT_3D('',#15686,#12133,#12134);
#10749=AXIS2_PLACEMENT_3D('',#15690,#12136,#12137);
#10750=AXIS2_PLACEMENT_3D('',#15691,#12138,#12139);
#10751=AXIS2_PLACEMENT_3D('',#15692,#12140,#12141);
#10752=AXIS2_PLACEMENT_3D('',#15696,#12143,#12144);
#10753=AXIS2_PLACEMENT_3D('',#15697,#12145,#12146);
#10754=AXIS2_PLACEMENT_3D('',#15698,#12147,#12148);
#10755=AXIS2_PLACEMENT_3D('',#15707,#12153,#12154);
#10756=AXIS2_PLACEMENT_3D('',#15711,#12156,#12157);
#10757=AXIS2_PLACEMENT_3D('',#15712,#12158,#12159);
#10758=AXIS2_PLACEMENT_3D('',#15773,#12160,#12161);
#10759=AXIS2_PLACEMENT_3D('',#15777,#12163,#12164);
#10760=AXIS2_PLACEMENT_3D('',#15779,#12166,#12167);
#10761=AXIS2_PLACEMENT_3D('',#15782,#12169,#12170);
#10762=AXIS2_PLACEMENT_3D('',#15783,#12171,#12172);
#10763=AXIS2_PLACEMENT_3D('',#15786,#12174,#12175);
#10764=AXIS2_PLACEMENT_3D('',#15787,#12176,#12177);
#10765=AXIS2_PLACEMENT_3D('',#15790,#12179,#12180);
#10766=AXIS2_PLACEMENT_3D('',#15791,#12181,#12182);
#10767=AXIS2_PLACEMENT_3D('',#15795,#12185,#12186);
#10768=AXIS2_PLACEMENT_3D('',#15796,#12187,#12188);
#10769=AXIS2_PLACEMENT_3D('',#15801,#12191,#12192);
#10770=AXIS2_PLACEMENT_3D('',#15805,#12194,#12195);
#10771=AXIS2_PLACEMENT_3D('',#15809,#12197,#12198);
#10772=AXIS2_PLACEMENT_3D('',#15813,#12200,#12201);
#10773=AXIS2_PLACEMENT_3D('',#15815,#12202,#12203);
#10774=AXIS2_PLACEMENT_3D('',#15817,#12204,#12205);
#10775=AXIS2_PLACEMENT_3D('',#15819,#12206,#12207);
#10776=AXIS2_PLACEMENT_3D('',#15825,#12210,#12211);
#10777=AXIS2_PLACEMENT_3D('',#15827,#12212,#12213);
#10778=AXIS2_PLACEMENT_3D('',#15831,#12215,#12216);
#10779=AXIS2_PLACEMENT_3D('',#15835,#12218,#12219);
#10780=AXIS2_PLACEMENT_3D('',#15839,#12221,#12222);
#10781=AXIS2_PLACEMENT_3D('',#15841,#12223,#12224);
#10782=AXIS2_PLACEMENT_3D('',#15842,#12225,#12226);
#10783=AXIS2_PLACEMENT_3D('',#15844,#12227,#12228);
#10784=AXIS2_PLACEMENT_3D('',#15845,#12229,#12230);
#10785=AXIS2_PLACEMENT_3D('',#15854,#12232,#12233);
#10786=AXIS2_PLACEMENT_3D('',#15858,#12235,#12236);
#10787=AXIS2_PLACEMENT_3D('',#15862,#12238,#12239);
#10788=AXIS2_PLACEMENT_3D('',#15866,#12241,#12242);
#10789=AXIS2_PLACEMENT_3D('',#15869,#12244,#12245);
#10790=AXIS2_PLACEMENT_3D('',#15871,#12246,#12247);
#10791=AXIS2_PLACEMENT_3D('',#15875,#12249,#12250);
#10792=AXIS2_PLACEMENT_3D('',#15879,#12252,#12253);
#10793=AXIS2_PLACEMENT_3D('',#15883,#12255,#12256);
#10794=AXIS2_PLACEMENT_3D('',#15887,#12258,#12259);
#10795=AXIS2_PLACEMENT_3D('',#15895,#12261,#12262);
#10796=AXIS2_PLACEMENT_3D('',#15897,#12263,#12264);
#10797=AXIS2_PLACEMENT_3D('',#15898,#12265,#12266);
#10798=AXIS2_PLACEMENT_3D('',#15900,#12267,#12268);
#10799=AXIS2_PLACEMENT_3D('',#15904,#12270,#12271);
#10800=AXIS2_PLACEMENT_3D('',#15912,#12273,#12274);
#10801=AXIS2_PLACEMENT_3D('',#15916,#12276,#12277);
#10802=AXIS2_PLACEMENT_3D('',#15918,#12279,#12280);
#10803=AXIS2_PLACEMENT_3D('',#15922,#12283,#12284);
#10804=AXIS2_PLACEMENT_3D('',#15925,#12286,#12287);
#10805=AXIS2_PLACEMENT_3D('',#15926,#12288,#12289);
#10806=AXIS2_PLACEMENT_3D('',#15930,#12292,#12293);
#10807=AXIS2_PLACEMENT_3D('',#15933,#12295,#12296);
#10808=AXIS2_PLACEMENT_3D('',#15934,#12297,#12298);
#10809=AXIS2_PLACEMENT_3D('',#15939,#12301,#12302);
#10810=AXIS2_PLACEMENT_3D('',#15940,#12303,#12304);
#10811=AXIS2_PLACEMENT_3D('',#15941,#12305,#12306);
#10812=AXIS2_PLACEMENT_3D('',#15942,#12307,#12308);
#10813=AXIS2_PLACEMENT_3D('',#15948,#12312,#12313);
#10814=AXIS2_PLACEMENT_3D('',#15950,#12314,#12315);
#10815=AXIS2_PLACEMENT_3D('',#15953,#12317,#12318);
#10816=AXIS2_PLACEMENT_3D('',#16009,#12319,#12320);
#10817=AXIS2_PLACEMENT_3D('',#16015,#12324,#12325);
#10818=AXIS2_PLACEMENT_3D('',#16018,#12327,#12328);
#10819=AXIS2_PLACEMENT_3D('',#16019,#12329,#12330);
#10820=AXIS2_PLACEMENT_3D('',#16023,#12333,#12334);
#10821=AXIS2_PLACEMENT_3D('',#16026,#12336,#12337);
#10822=AXIS2_PLACEMENT_3D('',#16027,#12338,#12339);
#10823=AXIS2_PLACEMENT_3D('',#16031,#12342,#12343);
#10824=AXIS2_PLACEMENT_3D('',#16033,#12344,#12345);
#10825=AXIS2_PLACEMENT_3D('',#16034,#12346,#12347);
#10826=AXIS2_PLACEMENT_3D('',#16035,#12348,#12349);
#10827=AXIS2_PLACEMENT_3D('',#16041,#12353,#12354);
#10828=AXIS2_PLACEMENT_3D('',#16043,#12355,#12356);
#10829=AXIS2_PLACEMENT_3D('',#16045,#12358,#12359);
#10830=AXIS2_PLACEMENT_3D('',#16049,#12362,#12363);
#10831=AXIS2_PLACEMENT_3D('',#16051,#12364,#12365);
#10832=AXIS2_PLACEMENT_3D('',#16053,#12367,#12368);
#10833=AXIS2_PLACEMENT_3D('',#16057,#12371,#12372);
#10834=AXIS2_PLACEMENT_3D('',#16059,#12373,#12374);
#10835=AXIS2_PLACEMENT_3D('',#16061,#12376,#12377);
#10836=AXIS2_PLACEMENT_3D('',#16064,#12379,#12380);
#10837=AXIS2_PLACEMENT_3D('',#16065,#12381,#12382);
#10838=AXIS2_PLACEMENT_3D('',#16068,#12384,#12385);
#10839=AXIS2_PLACEMENT_3D('',#16069,#12386,#12387);
#10840=AXIS2_PLACEMENT_3D('',#16072,#12389,#12390);
#10841=AXIS2_PLACEMENT_3D('',#16100,#12392,#12393);
#10842=AXIS2_PLACEMENT_3D('',#16105,#12395,#12396);
#10843=AXIS2_PLACEMENT_3D('',#16108,#12398,#12399);
#10844=AXIS2_PLACEMENT_3D('',#16163,#12400,#12401);
#10845=AXIS2_PLACEMENT_3D('',#16167,#12403,#12404);
#10846=AXIS2_PLACEMENT_3D('',#16169,#12406,#12407);
#10847=AXIS2_PLACEMENT_3D('',#16173,#12410,#12411);
#10848=AXIS2_PLACEMENT_3D('',#16176,#12413,#12414);
#10849=AXIS2_PLACEMENT_3D('',#16177,#12415,#12416);
#10850=AXIS2_PLACEMENT_3D('',#16181,#12419,#12420);
#10851=AXIS2_PLACEMENT_3D('',#16184,#12422,#12423);
#10852=AXIS2_PLACEMENT_3D('',#16185,#12424,#12425);
#10853=AXIS2_PLACEMENT_3D('',#16188,#12427,#12428);
#10854=AXIS2_PLACEMENT_3D('',#16189,#12429,#12430);
#10855=AXIS2_PLACEMENT_3D('',#16191,#12431,#12432);
#10856=AXIS2_PLACEMENT_3D('',#16192,#12433,#12434);
#10857=AXIS2_PLACEMENT_3D('',#16193,#12435,#12436);
#10858=AXIS2_PLACEMENT_3D('',#16198,#12438,#12439);
#10859=AXIS2_PLACEMENT_3D('',#16201,#12441,#12442);
#10860=AXIS2_PLACEMENT_3D('',#16202,#12443,#12444);
#10861=AXIS2_PLACEMENT_3D('',#16208,#12448,#12449);
#10862=AXIS2_PLACEMENT_3D('',#16210,#12450,#12451);
#10863=AXIS2_PLACEMENT_3D('',#16213,#12453,#12454);
#10864=AXIS2_PLACEMENT_3D('',#16214,#12455,#12456);
#10865=AXIS2_PLACEMENT_3D('',#16218,#12458,#12459);
#10866=AXIS2_PLACEMENT_3D('',#16219,#12460,#12461);
#10867=AXIS2_PLACEMENT_3D('',#16220,#12462,#12463);
#10868=AXIS2_PLACEMENT_3D('',#16225,#12465,#12466);
#10869=AXIS2_PLACEMENT_3D('',#16228,#12468,#12469);
#10870=AXIS2_PLACEMENT_3D('',#16229,#12470,#12471);
#10871=AXIS2_PLACEMENT_3D('',#16232,#12474,#12475);
#10872=AXIS2_PLACEMENT_3D('',#16241,#12480,#12481);
#10873=AXIS2_PLACEMENT_3D('',#16243,#12482,#12483);
#10874=AXIS2_PLACEMENT_3D('',#16246,#12485,#12486);
#10875=AXIS2_PLACEMENT_3D('',#16307,#12487,#12488);
#10876=AXIS2_PLACEMENT_3D('',#16313,#12492,#12493);
#10877=AXIS2_PLACEMENT_3D('',#16316,#12495,#12496);
#10878=AXIS2_PLACEMENT_3D('',#16317,#12497,#12498);
#10879=AXIS2_PLACEMENT_3D('',#16320,#12500,#12501);
#10880=AXIS2_PLACEMENT_3D('',#16321,#12502,#12503);
#10881=AXIS2_PLACEMENT_3D('',#16325,#12506,#12507);
#10882=AXIS2_PLACEMENT_3D('',#16327,#12508,#12509);
#10883=AXIS2_PLACEMENT_3D('',#16329,#12510,#12511);
#10884=AXIS2_PLACEMENT_3D('',#16331,#12512,#12513);
#10885=AXIS2_PLACEMENT_3D('',#16332,#12514,#12515);
#10886=AXIS2_PLACEMENT_3D('',#16333,#12516,#12517);
#10887=AXIS2_PLACEMENT_3D('',#16338,#12519,#12520);
#10888=AXIS2_PLACEMENT_3D('',#16341,#12522,#12523);
#10889=AXIS2_PLACEMENT_3D('',#16342,#12524,#12525);
#10890=AXIS2_PLACEMENT_3D('',#16348,#12529,#12530);
#10891=AXIS2_PLACEMENT_3D('',#16352,#12532,#12533);
#10892=AXIS2_PLACEMENT_3D('',#16353,#12534,#12535);
#10893=AXIS2_PLACEMENT_3D('',#16354,#12536,#12537);
#10894=AXIS2_PLACEMENT_3D('',#16359,#12539,#12540);
#10895=AXIS2_PLACEMENT_3D('',#16362,#12542,#12543);
#10896=AXIS2_PLACEMENT_3D('',#16363,#12544,#12545);
#10897=AXIS2_PLACEMENT_3D('',#16365,#12546,#12547);
#10898=AXIS2_PLACEMENT_3D('',#16368,#12549,#12550);
#10899=AXIS2_PLACEMENT_3D('',#16369,#12551,#12552);
#10900=AXIS2_PLACEMENT_3D('',#16372,#12555,#12556);
#10901=AXIS2_PLACEMENT_3D('',#16377,#12558,#12559);
#10902=AXIS2_PLACEMENT_3D('',#16380,#12561,#12562);
#10903=AXIS2_PLACEMENT_3D('',#16381,#12563,#12564);
#10904=AXIS2_PLACEMENT_3D('',#16447,#12568,#12569);
#10905=AXIS2_PLACEMENT_3D('',#16451,#12571,#12572);
#10906=AXIS2_PLACEMENT_3D('',#16453,#12574,#12575);
#10907=AXIS2_PLACEMENT_3D('',#16457,#12578,#12579);
#10908=AXIS2_PLACEMENT_3D('',#16460,#12581,#12582);
#10909=AXIS2_PLACEMENT_3D('',#16461,#12583,#12584);
#10910=AXIS2_PLACEMENT_3D('',#16464,#12586,#12587);
#10911=AXIS2_PLACEMENT_3D('',#16465,#12588,#12589);
#10912=AXIS2_PLACEMENT_3D('',#16467,#12590,#12591);
#10913=AXIS2_PLACEMENT_3D('',#16471,#12593,#12594);
#10914=AXIS2_PLACEMENT_3D('',#16473,#12596,#12597);
#10915=AXIS2_PLACEMENT_3D('',#16482,#12602,#12603);
#10916=AXIS2_PLACEMENT_3D('',#16486,#12605,#12606);
#10917=AXIS2_PLACEMENT_3D('',#16487,#12607,#12608);
#10918=AXIS2_PLACEMENT_3D('',#16488,#12609,#12610);
#10919=AXIS2_PLACEMENT_3D('',#16498,#12616,#12617);
#10920=AXIS2_PLACEMENT_3D('',#16502,#12619,#12620);
#10921=AXIS2_PLACEMENT_3D('',#16503,#12621,#12622);
#10922=AXIS2_PLACEMENT_3D('',#16504,#12623,#12624);
#10923=AXIS2_PLACEMENT_3D('',#16510,#12628,#12629);
#10924=AXIS2_PLACEMENT_3D('',#16514,#12631,#12632);
#10925=AXIS2_PLACEMENT_3D('',#16515,#12633,#12634);
#10926=AXIS2_PLACEMENT_3D('',#16516,#12635,#12636);
#10927=AXIS2_PLACEMENT_3D('',#16522,#12640,#12641);
#10928=AXIS2_PLACEMENT_3D('',#16523,#12642,#12643);
#10929=AXIS2_PLACEMENT_3D('',#16524,#12644,#12645);
#10930=AXIS2_PLACEMENT_3D('',#16525,#12646,#12647);
#10931=AXIS2_PLACEMENT_3D('',#16529,#12649,#12650);
#10932=AXIS2_PLACEMENT_3D('',#16531,#12652,#12653);
#10933=AXIS2_PLACEMENT_3D('',#16569,#12659,#12660);
#10934=AXIS2_PLACEMENT_3D('',#16573,#12662,#12663);
#10935=AXIS2_PLACEMENT_3D('',#16577,#12665,#12666);
#10936=AXIS2_PLACEMENT_3D('',#16581,#12668,#12669);
#10937=AXIS2_PLACEMENT_3D('',#16621,#12675,#12676);
#10938=AXIS2_PLACEMENT_3D('',#16625,#12678,#12679);
#10939=AXIS2_PLACEMENT_3D('',#16627,#12680,#12681);
#10940=AXIS2_PLACEMENT_3D('',#16629,#12682,#12683);
#10941=AXIS2_PLACEMENT_3D('',#16633,#12685,#12686);
#10942=AXIS2_PLACEMENT_3D('',#16635,#12687,#12688);
#10943=AXIS2_PLACEMENT_3D('',#16637,#12689,#12690);
#10944=AXIS2_PLACEMENT_3D('',#16640,#12692,#12693);
#10945=AXIS2_PLACEMENT_3D('',#16645,#12695,#12696);
#10946=AXIS2_PLACEMENT_3D('',#16649,#12698,#12699);
#10947=AXIS2_PLACEMENT_3D('',#16653,#12701,#12702);
#10948=AXIS2_PLACEMENT_3D('',#16655,#12703,#12704);
#10949=AXIS2_PLACEMENT_3D('',#16656,#12705,#12706);
#10950=AXIS2_PLACEMENT_3D('',#16659,#12707,#12708);
#10951=AXIS2_PLACEMENT_3D('',#16663,#12710,#12711);
#10952=AXIS2_PLACEMENT_3D('',#16667,#12713,#12714);
#10953=AXIS2_PLACEMENT_3D('',#16671,#12716,#12717);
#10954=AXIS2_PLACEMENT_3D('',#16677,#12720,#12721);
#10955=AXIS2_PLACEMENT_3D('',#16679,#12722,#12723);
#10956=AXIS2_PLACEMENT_3D('',#16681,#12724,#12725);
#10957=AXIS2_PLACEMENT_3D('',#16685,#12727,#12728);
#10958=AXIS2_PLACEMENT_3D('',#16689,#12730,#12731);
#10959=AXIS2_PLACEMENT_3D('',#16692,#12733,#12734);
#10960=AXIS2_PLACEMENT_3D('',#16694,#12735,#12736);
#10961=AXIS2_PLACEMENT_3D('',#16696,#12737,#12738);
#10962=AXIS2_PLACEMENT_3D('',#16698,#12739,#12740);
#10963=AXIS2_PLACEMENT_3D('',#16700,#12741,#12742);
#10964=AXIS2_PLACEMENT_3D('',#16702,#12743,#12744);
#10965=AXIS2_PLACEMENT_3D('',#16704,#12745,#12746);
#10966=AXIS2_PLACEMENT_3D('',#16706,#12747,#12748);
#10967=AXIS2_PLACEMENT_3D('',#16708,#12749,#12750);
#10968=AXIS2_PLACEMENT_3D('',#16714,#12753,#12754);
#10969=AXIS2_PLACEMENT_3D('',#16717,#12755,#12756);
#10970=AXIS2_PLACEMENT_3D('',#16725,#12760,#12761);
#10971=AXIS2_PLACEMENT_3D('',#16727,#12762,#12763);
#10972=AXIS2_PLACEMENT_3D('',#16729,#12764,#12765);
#10973=AXIS2_PLACEMENT_3D('',#16733,#12767,#12768);
#10974=AXIS2_PLACEMENT_3D('',#16736,#12770,#12771);
#10975=AXIS2_PLACEMENT_3D('',#16741,#12773,#12774);
#10976=AXIS2_PLACEMENT_3D('',#16745,#12776,#12777);
#10977=AXIS2_PLACEMENT_3D('',#16749,#12779,#12780);
#10978=AXIS2_PLACEMENT_3D('',#16752,#12782,#12783);
#10979=AXIS2_PLACEMENT_3D('',#16757,#12785,#12786);
#10980=AXIS2_PLACEMENT_3D('',#16761,#12788,#12789);
#10981=AXIS2_PLACEMENT_3D('',#16765,#12791,#12792);
#10982=AXIS2_PLACEMENT_3D('',#16769,#12794,#12795);
#10983=AXIS2_PLACEMENT_3D('',#16771,#12796,#12797);
#10984=AXIS2_PLACEMENT_3D('',#16772,#12798,#12799);
#10985=AXIS2_PLACEMENT_3D('',#16775,#12800,#12801);
#10986=AXIS2_PLACEMENT_3D('',#16779,#12803,#12804);
#10987=AXIS2_PLACEMENT_3D('',#16781,#12805,#12806);
#10988=AXIS2_PLACEMENT_3D('',#16783,#12807,#12808);
#10989=AXIS2_PLACEMENT_3D('',#16787,#12810,#12811);
#10990=AXIS2_PLACEMENT_3D('',#16789,#12812,#12813);
#10991=AXIS2_PLACEMENT_3D('',#16791,#12814,#12815);
#10992=AXIS2_PLACEMENT_3D('',#16795,#12817,#12818);
#10993=AXIS2_PLACEMENT_3D('',#16797,#12820,#12821);
#10994=AXIS2_PLACEMENT_3D('',#16800,#12823,#12824);
#10995=AXIS2_PLACEMENT_3D('',#16801,#12825,#12826);
#10996=AXIS2_PLACEMENT_3D('',#16805,#12829,#12830);
#10997=AXIS2_PLACEMENT_3D('',#16809,#12832,#12833);
#10998=AXIS2_PLACEMENT_3D('',#16812,#12835,#12836);
#10999=AXIS2_PLACEMENT_3D('',#16813,#12837,#12838);
#11000=AXIS2_PLACEMENT_3D('',#16817,#12841,#12842);
#11001=AXIS2_PLACEMENT_3D('',#16821,#12844,#12845);
#11002=AXIS2_PLACEMENT_3D('',#16822,#12846,#12847);
#11003=AXIS2_PLACEMENT_3D('',#16823,#12848,#12849);
#11004=AXIS2_PLACEMENT_3D('',#16829,#12853,#12854);
#11005=AXIS2_PLACEMENT_3D('',#16831,#12855,#12856);
#11006=AXIS2_PLACEMENT_3D('',#16834,#12858,#12859);
#11007=AXIS2_PLACEMENT_3D('',#16835,#12860,#12861);
#11008=AXIS2_PLACEMENT_3D('',#16838,#12864,#12865);
#11009=AXIS2_PLACEMENT_3D('',#16842,#12867,#12868);
#11010=AXIS2_PLACEMENT_3D('',#16844,#12870,#12871);
#11011=AXIS2_PLACEMENT_3D('',#16848,#12874,#12875);
#11012=AXIS2_PLACEMENT_3D('',#16849,#12876,#12877);
#11013=AXIS2_PLACEMENT_3D('',#16850,#12878,#12879);
#11014=AXIS2_PLACEMENT_3D('',#16853,#12880,#12881);
#11015=AXIS2_PLACEMENT_3D('',#16857,#12883,#12884);
#11016=AXIS2_PLACEMENT_3D('',#16861,#12886,#12887);
#11017=AXIS2_PLACEMENT_3D('',#16865,#12889,#12890);
#11018=AXIS2_PLACEMENT_3D('',#16869,#12892,#12893);
#11019=AXIS2_PLACEMENT_3D('',#16873,#12895,#12896);
#11020=AXIS2_PLACEMENT_3D('',#16877,#12898,#12899);
#11021=AXIS2_PLACEMENT_3D('',#16881,#12901,#12902);
#11022=AXIS2_PLACEMENT_3D('',#16885,#12904,#12905);
#11023=AXIS2_PLACEMENT_3D('',#16889,#12907,#12908);
#11024=AXIS2_PLACEMENT_3D('',#16893,#12910,#12911);
#11025=AXIS2_PLACEMENT_3D('',#16897,#12913,#12914);
#11026=AXIS2_PLACEMENT_3D('',#16900,#12916,#12917);
#11027=AXIS2_PLACEMENT_3D('',#16904,#12919,#12920);
#11028=AXIS2_PLACEMENT_3D('',#16907,#12922,#12923);
#11029=AXIS2_PLACEMENT_3D('',#16910,#12924,#12925);
#11030=AXIS2_PLACEMENT_3D('',#16914,#12927,#12928);
#11031=AXIS2_PLACEMENT_3D('',#16918,#12930,#12931);
#11032=AXIS2_PLACEMENT_3D('',#16922,#12933,#12934);
#11033=AXIS2_PLACEMENT_3D('',#16926,#12936,#12937);
#11034=AXIS2_PLACEMENT_3D('',#16928,#12938,#12939);
#11035=AXIS2_PLACEMENT_3D('',#16932,#12941,#12942);
#11036=AXIS2_PLACEMENT_3D('',#16934,#12943,#12944);
#11037=AXIS2_PLACEMENT_3D('',#16940,#12947,#12948);
#11038=AXIS2_PLACEMENT_3D('',#16944,#12950,#12951);
#11039=AXIS2_PLACEMENT_3D('',#16947,#12953,#12954);
#11040=AXIS2_PLACEMENT_3D('',#16950,#12955,#12956);
#11041=AXIS2_PLACEMENT_3D('',#16952,#12957,#12958);
#11042=AXIS2_PLACEMENT_3D('',#16954,#12959,#12960);
#11043=AXIS2_PLACEMENT_3D('',#16958,#12962,#12963);
#11044=AXIS2_PLACEMENT_3D('',#16962,#12965,#12966);
#11045=AXIS2_PLACEMENT_3D('',#16965,#12968,#12969);
#11046=AXIS2_PLACEMENT_3D('',#16970,#12971,#12972);
#11047=AXIS2_PLACEMENT_3D('',#16974,#12974,#12975);
#11048=AXIS2_PLACEMENT_3D('',#16976,#12976,#12977);
#11049=AXIS2_PLACEMENT_3D('',#16978,#12978,#12979);
#11050=AXIS2_PLACEMENT_3D('',#16980,#12980,#12981);
#11051=AXIS2_PLACEMENT_3D('',#16983,#12983,#12984);
#11052=AXIS2_PLACEMENT_3D('',#16985,#12985,#12986);
#11053=AXIS2_PLACEMENT_3D('',#16988,#12987,#12988);
#11054=AXIS2_PLACEMENT_3D('',#16992,#12990,#12991);
#11055=AXIS2_PLACEMENT_3D('',#16996,#12993,#12994);
#11056=AXIS2_PLACEMENT_3D('',#17000,#12996,#12997);
#11057=AXIS2_PLACEMENT_3D('',#17003,#12999,#13000);
#11058=AXIS2_PLACEMENT_3D('',#17005,#13001,#13002);
#11059=AXIS2_PLACEMENT_3D('',#17007,#13003,#13004);
#11060=AXIS2_PLACEMENT_3D('',#17010,#13005,#13006);
#11061=AXIS2_PLACEMENT_3D('',#17012,#13007,#13008);
#11062=AXIS2_PLACEMENT_3D('',#17016,#13010,#13011);
#11063=AXIS2_PLACEMENT_3D('',#17020,#13013,#13014);
#11064=AXIS2_PLACEMENT_3D('',#17024,#13016,#13017);
#11065=AXIS2_PLACEMENT_3D('',#17026,#13018,#13019);
#11066=AXIS2_PLACEMENT_3D('',#17027,#13020,#13021);
#11067=AXIS2_PLACEMENT_3D('',#17030,#13022,#13023);
#11068=AXIS2_PLACEMENT_3D('',#17032,#13024,#13025);
#11069=AXIS2_PLACEMENT_3D('',#17034,#13026,#13027);
#11070=AXIS2_PLACEMENT_3D('',#17036,#13028,#13029);
#11071=AXIS2_PLACEMENT_3D('',#17038,#13030,#13031);
#11072=AXIS2_PLACEMENT_3D('',#17042,#13033,#13034);
#11073=AXIS2_PLACEMENT_3D('',#17046,#13036,#13037);
#11074=AXIS2_PLACEMENT_3D('',#17050,#13039,#13040);
#11075=AXIS2_PLACEMENT_3D('',#17054,#13042,#13043);
#11076=AXIS2_PLACEMENT_3D('',#17056,#13044,#13045);
#11077=AXIS2_PLACEMENT_3D('',#17060,#13047,#13048);
#11078=AXIS2_PLACEMENT_3D('',#17063,#13050,#13051);
#11079=AXIS2_PLACEMENT_3D('',#17068,#13053,#13054);
#11080=AXIS2_PLACEMENT_3D('',#17072,#13056,#13057);
#11081=AXIS2_PLACEMENT_3D('',#17075,#13059,#13060);
#11082=AXIS2_PLACEMENT_3D('',#17076,#13061,#13062);
#11083=AXIS2_PLACEMENT_3D('',#17079,#13064,#13065);
#11084=AXIS2_PLACEMENT_3D('',#17081,#13067,#13068);
#11085=AXIS2_PLACEMENT_3D('',#17085,#13071,#13072);
#11086=AXIS2_PLACEMENT_3D('',#17088,#13074,#13075);
#11087=AXIS2_PLACEMENT_3D('',#17089,#13076,#13077);
#11088=AXIS2_PLACEMENT_3D('',#17093,#13080,#13081);
#11089=AXIS2_PLACEMENT_3D('',#17095,#13083,#13084);
#11090=AXIS2_PLACEMENT_3D('',#17096,#13085,#13086);
#11091=AXIS2_PLACEMENT_3D('',#17097,#13087,#13088);
#11092=AXIS2_PLACEMENT_3D('',#17099,#13089,#13090);
#11093=AXIS2_PLACEMENT_3D('',#17101,#13091,#13092);
#11094=AXIS2_PLACEMENT_3D('',#17103,#13094,#13095);
#11095=AXIS2_PLACEMENT_3D('',#17106,#13097,#13098);
#11096=AXIS2_PLACEMENT_3D('',#17107,#13099,#13100);
#11097=AXIS2_PLACEMENT_3D('',#17108,#13101,#13102);
#11098=AXIS2_PLACEMENT_3D('',#17121,#13103,#13104);
#11099=AXIS2_PLACEMENT_3D('',#17123,#13105,#13106);
#11100=AXIS2_PLACEMENT_3D('',#17125,#13108,#13109);
#11101=AXIS2_PLACEMENT_3D('',#17127,#13110,#13111);
#11102=AXIS2_PLACEMENT_3D('',#17128,#13112,#13113);
#11103=AXIS2_PLACEMENT_3D('',#17129,#13114,#13115);
#11104=AXIS2_PLACEMENT_3D('',#17130,#13116,#13117);
#11105=AXIS2_PLACEMENT_3D('',#17132,#13119,#13120);
#11106=AXIS2_PLACEMENT_3D('',#17133,#13121,#13122);
#11107=AXIS2_PLACEMENT_3D('',#17135,#13123,#13124);
#11108=AXIS2_PLACEMENT_3D('',#17149,#13125,#13126);
#11109=AXIS2_PLACEMENT_3D('',#17150,#13127,#13128);
#11110=AXIS2_PLACEMENT_3D('',#17151,#13129,#13130);
#11111=AXIS2_PLACEMENT_3D('',#17153,#13132,#13133);
#11112=AXIS2_PLACEMENT_3D('',#17154,#13134,#13135);
#11113=AXIS2_PLACEMENT_3D('',#17155,#13136,#13137);
#11114=AXIS2_PLACEMENT_3D('',#17156,#13138,#13139);
#11115=AXIS2_PLACEMENT_3D('',#17157,#13140,#13141);
#11116=AXIS2_PLACEMENT_3D('',#17158,#13142,#13143);
#11117=AXIS2_PLACEMENT_3D('',#17160,#13145,#13146);
#11118=AXIS2_PLACEMENT_3D('',#17161,#13147,#13148);
#11119=AXIS2_PLACEMENT_3D('',#17162,#13149,#13150);
#11120=AXIS2_PLACEMENT_3D('',#17163,#13151,#13152);
#11121=AXIS2_PLACEMENT_3D('',#17164,#13153,#13154);
#11122=AXIS2_PLACEMENT_3D('',#17166,#13155,#13156);
#11123=AXIS2_PLACEMENT_3D('',#17168,#13158,#13159);
#11124=AXIS2_PLACEMENT_3D('',#17169,#13160,#13161);
#11125=AXIS2_PLACEMENT_3D('',#17170,#13162,#13163);
#11126=AXIS2_PLACEMENT_3D('',#17171,#13164,#13165);
#11127=AXIS2_PLACEMENT_3D('',#17172,#13166,#13167);
#11128=AXIS2_PLACEMENT_3D('',#17173,#13168,#13169);
#11129=AXIS2_PLACEMENT_3D('',#17174,#13170,#13171);
#11130=AXIS2_PLACEMENT_3D('',#17175,#13172,#13173);
#11131=AXIS2_PLACEMENT_3D('',#17176,#13174,#13175);
#11132=AXIS2_PLACEMENT_3D('',#17178,#13177,#13178);
#11133=AXIS2_PLACEMENT_3D('',#17181,#13181,#13182);
#11134=AXIS2_PLACEMENT_3D('',#17182,#13183,#13184);
#11135=AXIS2_PLACEMENT_3D('',#17185,#13187,#13188);
#11136=AXIS2_PLACEMENT_3D('',#17186,#13189,#13190);
#11137=AXIS2_PLACEMENT_3D('',#17187,#13191,#13192);
#11138=AXIS2_PLACEMENT_3D('',#17193,#13196,#13197);
#11139=AXIS2_PLACEMENT_3D('',#17195,#13199,#13200);
#11140=AXIS2_PLACEMENT_3D('',#17196,#13201,#13202);
#11141=AXIS2_PLACEMENT_3D('',#17198,#13204,#13205);
#11142=AXIS2_PLACEMENT_3D('',#17200,#13207,#13208);
#11143=AXIS2_PLACEMENT_3D('',#17202,#13210,#13211);
#11144=AXIS2_PLACEMENT_3D('',#17203,#13212,#13213);
#11145=AXIS2_PLACEMENT_3D('',#17204,#13214,#13215);
#11146=AXIS2_PLACEMENT_3D('',#17206,#13217,#13218);
#11147=AXIS2_PLACEMENT_3D('',#17208,#13220,#13221);
#11148=AXIS2_PLACEMENT_3D('',#17212,#13224,#13225);
#11149=AXIS2_PLACEMENT_3D('',#17213,#13226,#13227);
#11150=AXIS2_PLACEMENT_3D('',#17215,#13229,#13230);
#11151=AXIS2_PLACEMENT_3D('',#17217,#13232,#13233);
#11152=AXIS2_PLACEMENT_3D('',#17219,#13235,#13236);
#11153=AXIS2_PLACEMENT_3D('',#17221,#13238,#13239);
#11154=AXIS2_PLACEMENT_3D('',#17224,#13241,#13242);
#11155=AXIS2_PLACEMENT_3D('',#17225,#13243,#13244);
#11156=AXIS2_PLACEMENT_3D('',#17227,#13245,#13246);
#11157=AXIS2_PLACEMENT_3D('',#17229,#13248,#13249);
#11158=AXIS2_PLACEMENT_3D('',#17231,#13251,#13252);
#11159=AXIS2_PLACEMENT_3D('',#17233,#13254,#13255);
#11160=AXIS2_PLACEMENT_3D('',#17236,#13258,#13259);
#11161=AXIS2_PLACEMENT_3D('',#17240,#13262,#13263);
#11162=AXIS2_PLACEMENT_3D('',#17242,#13264,#13265);
#11163=AXIS2_PLACEMENT_3D('',#17244,#13267,#13268);
#11164=AXIS2_PLACEMENT_3D('',#17247,#13270,#13271);
#11165=AXIS2_PLACEMENT_3D('',#17248,#13272,#13273);
#11166=AXIS2_PLACEMENT_3D('',#17251,#13276,#13277);
#11167=AXIS2_PLACEMENT_3D('',#17253,#13279,#13280);
#11168=AXIS2_PLACEMENT_3D('',#17255,#13282,#13283);
#11169=AXIS2_PLACEMENT_3D('',#17256,#13284,#13285);
#11170=AXIS2_PLACEMENT_3D('',#17259,#13288,#13289);
#11171=AXIS2_PLACEMENT_3D('',#17261,#13291,#13292);
#11172=AXIS2_PLACEMENT_3D('',#17262,#13293,#13294);
#11173=AXIS2_PLACEMENT_3D('',#17265,#13297,#13298);
#11174=AXIS2_PLACEMENT_3D('',#17267,#13300,#13301);
#11175=AXIS2_PLACEMENT_3D('',#17269,#13303,#13304);
#11176=AXIS2_PLACEMENT_3D('',#17272,#13306,#13307);
#11177=AXIS2_PLACEMENT_3D('',#17273,#13308,#13309);
#11178=AXIS2_PLACEMENT_3D('',#17277,#13312,#13313);
#11179=AXIS2_PLACEMENT_3D('',#17278,#13314,#13315);
#11180=AXIS2_PLACEMENT_3D('',#17279,#13316,#13317);
#11181=AXIS2_PLACEMENT_3D('',#17282,#13320,#13321);
#11182=AXIS2_PLACEMENT_3D('',#17284,#13323,#13324);
#11183=AXIS2_PLACEMENT_3D('',#17286,#13326,#13327);
#11184=AXIS2_PLACEMENT_3D('',#17288,#13329,#13330);
#11185=AXIS2_PLACEMENT_3D('',#17290,#13332,#13333);
#11186=AXIS2_PLACEMENT_3D('',#17294,#13336,#13337);
#11187=AXIS2_PLACEMENT_3D('',#17297,#13339,#13340);
#11188=AXIS2_PLACEMENT_3D('',#17298,#13341,#13342);
#11189=AXIS2_PLACEMENT_3D('',#17301,#13344,#13345);
#11190=AXIS2_PLACEMENT_3D('',#17302,#13346,#13347);
#11191=AXIS2_PLACEMENT_3D('',#17304,#13349,#13350);
#11192=AXIS2_PLACEMENT_3D('',#17305,#13351,#13352);
#11193=AXIS2_PLACEMENT_3D('',#17306,#13353,#13354);
#11194=AXIS2_PLACEMENT_3D('',#17309,#13357,#13358);
#11195=AXIS2_PLACEMENT_3D('',#17311,#13360,#13361);
#11196=AXIS2_PLACEMENT_3D('',#17312,#13362,#13363);
#11197=AXIS2_PLACEMENT_3D('',#17316,#13365,#13366);
#11198=AXIS2_PLACEMENT_3D('',#17318,#13368,#13369);
#11199=AXIS2_PLACEMENT_3D('',#17320,#13371,#13372);
#11200=AXIS2_PLACEMENT_3D('',#17321,#13373,#13374);
#11201=AXIS2_PLACEMENT_3D('',#17323,#13376,#13377);
#11202=AXIS2_PLACEMENT_3D('',#17325,#13379,#13380);
#11203=AXIS2_PLACEMENT_3D('',#17327,#13382,#13383);
#11204=AXIS2_PLACEMENT_3D('',#17329,#13385,#13386);
#11205=AXIS2_PLACEMENT_3D('',#17331,#13388,#13389);
#11206=AXIS2_PLACEMENT_3D('',#17334,#13391,#13392);
#11207=AXIS2_PLACEMENT_3D('',#17335,#13393,#13394);
#11208=AXIS2_PLACEMENT_3D('',#17336,#13395,#13396);
#11209=AXIS2_PLACEMENT_3D('',#17337,#13397,#13398);
#11210=AXIS2_PLACEMENT_3D('',#17339,#13400,#13401);
#11211=AXIS2_PLACEMENT_3D('',#17341,#13403,#13404);
#11212=AXIS2_PLACEMENT_3D('',#17343,#13406,#13407);
#11213=AXIS2_PLACEMENT_3D('',#17346,#13409,#13410);
#11214=AXIS2_PLACEMENT_3D('',#17348,#13412,#13413);
#11215=AXIS2_PLACEMENT_3D('',#17352,#13416,#13417);
#11216=AXIS2_PLACEMENT_3D('',#17354,#13419,#13420);
#11217=AXIS2_PLACEMENT_3D('',#17355,#13421,#13422);
#11218=AXIS2_PLACEMENT_3D('',#17357,#13424,#13425);
#11219=AXIS2_PLACEMENT_3D('',#17359,#13427,#13428);
#11220=AXIS2_PLACEMENT_3D('',#17360,#13429,#13430);
#11221=AXIS2_PLACEMENT_3D('',#17362,#13432,#13433);
#11222=AXIS2_PLACEMENT_3D('',#17368,#13437,#13438);
#11223=AXIS2_PLACEMENT_3D('',#17371,#13440,#13441);
#11224=AXIS2_PLACEMENT_3D('',#17372,#13442,#13443);
#11225=AXIS2_PLACEMENT_3D('',#17375,#13446,#13447);
#11226=AXIS2_PLACEMENT_3D('',#17377,#13449,#13450);
#11227=AXIS2_PLACEMENT_3D('',#17379,#13452,#13453);
#11228=AXIS2_PLACEMENT_3D('',#17381,#13455,#13456);
#11229=AXIS2_PLACEMENT_3D('',#17383,#13458,#13459);
#11230=AXIS2_PLACEMENT_3D('',#17385,#13461,#13462);
#11231=AXIS2_PLACEMENT_3D('',#17386,#13463,#13464);
#11232=AXIS2_PLACEMENT_3D('',#17387,#13465,#13466);
#11233=AXIS2_PLACEMENT_3D('',#17389,#13468,#13469);
#11234=AXIS2_PLACEMENT_3D('',#17391,#13471,#13472);
#11235=AXIS2_PLACEMENT_3D('',#17393,#13474,#13475);
#11236=AXIS2_PLACEMENT_3D('',#17396,#13476,#13477);
#11237=AXIS2_PLACEMENT_3D('',#17402,#13479,#13480);
#11238=AXIS2_PLACEMENT_3D('',#17404,#13481,#13482);
#11239=AXIS2_PLACEMENT_3D('',#17406,#13484,#13485);
#11240=AXIS2_PLACEMENT_3D('',#17410,#13488,#13489);
#11241=AXIS2_PLACEMENT_3D('',#17411,#13490,#13491);
#11242=AXIS2_PLACEMENT_3D('',#17413,#13493,#13494);
#11243=AXIS2_PLACEMENT_3D('',#17415,#13496,#13497);
#11244=AXIS2_PLACEMENT_3D('',#17417,#13499,#13500);
#11245=AXIS2_PLACEMENT_3D('',#17419,#13502,#13503);
#11246=AXIS2_PLACEMENT_3D('',#17421,#13505,#13506);
#11247=AXIS2_PLACEMENT_3D('',#17423,#13508,#13509);
#11248=AXIS2_PLACEMENT_3D('',#17424,#13510,#13511);
#11249=AXIS2_PLACEMENT_3D('',#17425,#13512,#13513);
#11250=AXIS2_PLACEMENT_3D('',#17427,#13515,#13516);
#11251=AXIS2_PLACEMENT_3D('',#17429,#13518,#13519);
#11252=AXIS2_PLACEMENT_3D('',#17431,#13521,#13522);
#11253=AXIS2_PLACEMENT_3D('',#17433,#13524,#13525);
#11254=AXIS2_PLACEMENT_3D('',#17435,#13527,#13528);
#11255=AXIS2_PLACEMENT_3D('',#17436,#13529,#13530);
#11256=AXIS2_PLACEMENT_3D('',#17438,#13532,#13533);
#11257=AXIS2_PLACEMENT_3D('',#17440,#13535,#13536);
#11258=AXIS2_PLACEMENT_3D('',#17441,#13537,#13538);
#11259=AXIS2_PLACEMENT_3D('',#17444,#13541,#13542);
#11260=AXIS2_PLACEMENT_3D('',#17445,#13543,#13544);
#11261=AXIS2_PLACEMENT_3D('',#17446,#13545,#13546);
#11262=AXIS2_PLACEMENT_3D('',#17447,#13547,#13548);
#11263=AXIS2_PLACEMENT_3D('',#17448,#13549,#13550);
#11264=AXIS2_PLACEMENT_3D('',#17449,#13551,#13552);
#11265=AXIS2_PLACEMENT_3D('',#17450,#13553,#13554);
#11266=AXIS2_PLACEMENT_3D('',#17451,#13555,#13556);
#11267=AXIS2_PLACEMENT_3D('',#17472,#13557,#13558);
#11268=AXIS2_PLACEMENT_3D('',#17473,#13559,#13560);
#11269=AXIS2_PLACEMENT_3D('',#17495,#13562,#13563);
#11270=AXIS2_PLACEMENT_3D('',#17496,#13564,#13565);
#11271=AXIS2_PLACEMENT_3D('',#17498,#13566,#13567);
#11272=AXIS2_PLACEMENT_3D('',#17500,#13569,#13570);
#11273=AXIS2_PLACEMENT_3D('',#17503,#13573,#13574);
#11274=AXIS2_PLACEMENT_3D('',#17505,#13575,#13576);
#11275=AXIS2_PLACEMENT_3D('',#17508,#13578,#13579);
#11276=AXIS2_PLACEMENT_3D('',#17509,#13580,#13581);
#11277=AXIS2_PLACEMENT_3D('',#17510,#13582,#13583);
#11278=AXIS2_PLACEMENT_3D('',#17511,#13584,#13585);
#11279=AXIS2_PLACEMENT_3D('',#17513,#13586,#13587);
#11280=AXIS2_PLACEMENT_3D('',#17515,#13589,#13590);
#11281=AXIS2_PLACEMENT_3D('',#17516,#13591,#13592);
#11282=AXIS2_PLACEMENT_3D('',#17517,#13593,#13594);
#11283=AXIS2_PLACEMENT_3D('',#17519,#13595,#13596);
#11284=AXIS2_PLACEMENT_3D('',#17521,#13598,#13599);
#11285=AXIS2_PLACEMENT_3D('',#17523,#13601,#13602);
#11286=AXIS2_PLACEMENT_3D('',#17524,#13603,#13604);
#11287=AXIS2_PLACEMENT_3D('',#17525,#13605,#13606);
#11288=AXIS2_PLACEMENT_3D('',#17526,#13607,#13608);
#11289=AXIS2_PLACEMENT_3D('',#17528,#13610,#13611);
#11290=AXIS2_PLACEMENT_3D('',#17530,#13613,#13614);
#11291=AXIS2_PLACEMENT_3D('',#17534,#13616,#13617);
#11292=AXIS2_PLACEMENT_3D('',#17535,#13618,#13619);
#11293=AXIS2_PLACEMENT_3D('',#17536,#13620,#13621);
#11294=AXIS2_PLACEMENT_3D('',#17539,#13623,#13624);
#11295=AXIS2_PLACEMENT_3D('',#17540,#13625,#13626);
#11296=AXIS2_PLACEMENT_3D('',#17544,#13628,#13629);
#11297=AXIS2_PLACEMENT_3D('',#17545,#13630,#13631);
#11298=AXIS2_PLACEMENT_3D('',#17546,#13632,#13633);
#11299=AXIS2_PLACEMENT_3D('',#17549,#13635,#13636);
#11300=AXIS2_PLACEMENT_3D('',#17550,#13637,#13638);
#11301=AXIS2_PLACEMENT_3D('',#17552,#13639,#13640);
#11302=AXIS2_PLACEMENT_3D('',#17553,#13641,#13642);
#11303=AXIS2_PLACEMENT_3D('',#17555,#13644,#13645);
#11304=AXIS2_PLACEMENT_3D('',#17557,#13646,#13647);
#11305=AXIS2_PLACEMENT_3D('',#17558,#13648,#13649);
#11306=AXIS2_PLACEMENT_3D('',#17560,#13651,#13652);
#11307=AXIS2_PLACEMENT_3D('',#17582,#13653,#13654);
#11308=AXIS2_PLACEMENT_3D('',#17586,#13656,#13657);
#11309=AXIS2_PLACEMENT_3D('',#17587,#13658,#13659);
#11310=AXIS2_PLACEMENT_3D('',#17588,#13660,#13661);
#11311=AXIS2_PLACEMENT_3D('',#17589,#13662,#13663);
#11312=AXIS2_PLACEMENT_3D('',#17626,#13672,#13673);
#11313=AXIS2_PLACEMENT_3D('',#17630,#13675,#13676);
#11314=AXIS2_PLACEMENT_3D('',#17632,#13678,#13679);
#11315=AXIS2_PLACEMENT_3D('',#17634,#13681,#13682);
#11316=AXIS2_PLACEMENT_3D('',#17636,#13683,#13684);
#11317=AXIS2_PLACEMENT_3D('',#17640,#13686,#13687);
#11318=AXIS2_PLACEMENT_3D('',#17641,#13688,#13689);
#11319=AXIS2_PLACEMENT_3D('',#17642,#13690,#13691);
#11320=AXIS2_PLACEMENT_3D('',#17644,#13692,#13693);
#11321=AXIS2_PLACEMENT_3D('',#17648,#13695,#13696);
#11322=AXIS2_PLACEMENT_3D('',#17652,#13698,#13699);
#11323=AXIS2_PLACEMENT_3D('',#17654,#13700,#13701);
#11324=AXIS2_PLACEMENT_3D('',#17656,#13702,#13703);
#11325=AXIS2_PLACEMENT_3D('',#17660,#13705,#13706);
#11326=AXIS2_PLACEMENT_3D('',#17666,#13709,#13710);
#11327=AXIS2_PLACEMENT_3D('',#17667,#13711,#13712);
#11328=AXIS2_PLACEMENT_3D('',#17671,#13714,#13715);
#11329=AXIS2_PLACEMENT_3D('',#17672,#13716,#13717);
#11330=AXIS2_PLACEMENT_3D('',#17678,#13720,#13721);
#11331=AXIS2_PLACEMENT_3D('',#17682,#13723,#13724);
#11332=AXIS2_PLACEMENT_3D('',#17684,#13725,#13726);
#11333=AXIS2_PLACEMENT_3D('',#17686,#13727,#13728);
#11334=AXIS2_PLACEMENT_3D('',#17690,#13730,#13731);
#11335=AXIS2_PLACEMENT_3D('',#17693,#13733,#13734);
#11336=AXIS2_PLACEMENT_3D('',#17695,#13735,#13736);
#11337=AXIS2_PLACEMENT_3D('',#17696,#13737,#13738);
#11338=AXIS2_PLACEMENT_3D('',#17698,#13739,#13740);
#11339=AXIS2_PLACEMENT_3D('',#17700,#13741,#13742);
#11340=AXIS2_PLACEMENT_3D('',#17702,#13743,#13744);
#11341=AXIS2_PLACEMENT_3D('',#17706,#13746,#13747);
#11342=AXIS2_PLACEMENT_3D('',#17710,#13749,#13750);
#11343=AXIS2_PLACEMENT_3D('',#17714,#13752,#13753);
#11344=AXIS2_PLACEMENT_3D('',#17716,#13754,#13755);
#11345=AXIS2_PLACEMENT_3D('',#17717,#13756,#13757);
#11346=AXIS2_PLACEMENT_3D('',#17719,#13758,#13759);
#11347=AXIS2_PLACEMENT_3D('',#17720,#13760,#13761);
#11348=AXIS2_PLACEMENT_3D('',#17722,#13762,#13763);
#11349=AXIS2_PLACEMENT_3D('',#17723,#13764,#13765);
#11350=AXIS2_PLACEMENT_3D('',#17725,#13766,#13767);
#11351=AXIS2_PLACEMENT_3D('',#17727,#13768,#13769);
#11352=AXIS2_PLACEMENT_3D('',#17729,#13770,#13771);
#11353=AXIS2_PLACEMENT_3D('',#17733,#13773,#13774);
#11354=AXIS2_PLACEMENT_3D('',#17737,#13776,#13777);
#11355=AXIS2_PLACEMENT_3D('',#17741,#13779,#13780);
#11356=AXIS2_PLACEMENT_3D('',#17743,#13781,#13782);
#11357=AXIS2_PLACEMENT_3D('',#17744,#13783,#13784);
#11358=AXIS2_PLACEMENT_3D('',#17746,#13785,#13786);
#11359=AXIS2_PLACEMENT_3D('',#17749,#13787,#13788);
#11360=AXIS2_PLACEMENT_3D('',#17753,#13790,#13791);
#11361=AXIS2_PLACEMENT_3D('',#17757,#13793,#13794);
#11362=AXIS2_PLACEMENT_3D('',#17759,#13795,#13796);
#11363=AXIS2_PLACEMENT_3D('',#17761,#13797,#13798);
#11364=AXIS2_PLACEMENT_3D('',#17765,#13800,#13801);
#11365=AXIS2_PLACEMENT_3D('',#17769,#13803,#13804);
#11366=AXIS2_PLACEMENT_3D('',#17773,#13806,#13807);
#11367=AXIS2_PLACEMENT_3D('',#17777,#13809,#13810);
#11368=AXIS2_PLACEMENT_3D('',#17781,#13812,#13813);
#11369=AXIS2_PLACEMENT_3D('',#17785,#13815,#13816);
#11370=AXIS2_PLACEMENT_3D('',#17793,#13820,#13821);
#11371=AXIS2_PLACEMENT_3D('',#17797,#13823,#13824);
#11372=AXIS2_PLACEMENT_3D('',#17801,#13826,#13827);
#11373=AXIS2_PLACEMENT_3D('',#17805,#13829,#13830);
#11374=AXIS2_PLACEMENT_3D('',#17809,#13832,#13833);
#11375=AXIS2_PLACEMENT_3D('',#17813,#13835,#13836);
#11376=AXIS2_PLACEMENT_3D('',#17817,#13838,#13839);
#11377=AXIS2_PLACEMENT_3D('',#17821,#13841,#13842);
#11378=AXIS2_PLACEMENT_3D('',#17823,#13843,#13844);
#11379=AXIS2_PLACEMENT_3D('',#17825,#13845,#13846);
#11380=AXIS2_PLACEMENT_3D('',#17829,#13848,#13849);
#11381=AXIS2_PLACEMENT_3D('',#17831,#13851,#13852);
#11382=AXIS2_PLACEMENT_3D('',#17833,#13854,#13855);
#11383=AXIS2_PLACEMENT_3D('',#17837,#13857,#13858);
#11384=AXIS2_PLACEMENT_3D('',#17838,#13859,#13860);
#11385=AXIS2_PLACEMENT_3D('',#17839,#13861,#13862);
#11386=AXIS2_PLACEMENT_3D('',#17841,#13864,#13865);
#11387=AXIS2_PLACEMENT_3D('',#17845,#13867,#13868);
#11388=AXIS2_PLACEMENT_3D('',#17846,#13869,#13870);
#11389=AXIS2_PLACEMENT_3D('',#17847,#13871,#13872);
#11390=AXIS2_PLACEMENT_3D('',#17849,#13874,#13875);
#11391=AXIS2_PLACEMENT_3D('',#17853,#13877,#13878);
#11392=AXIS2_PLACEMENT_3D('',#17854,#13879,#13880);
#11393=AXIS2_PLACEMENT_3D('',#17855,#13881,#13882);
#11394=AXIS2_PLACEMENT_3D('',#17857,#13884,#13885);
#11395=AXIS2_PLACEMENT_3D('',#17861,#13887,#13888);
#11396=AXIS2_PLACEMENT_3D('',#17862,#13889,#13890);
#11397=AXIS2_PLACEMENT_3D('',#17863,#13891,#13892);
#11398=AXIS2_PLACEMENT_3D('',#17865,#13894,#13895);
#11399=AXIS2_PLACEMENT_3D('',#17869,#13897,#13898);
#11400=AXIS2_PLACEMENT_3D('',#17870,#13899,#13900);
#11401=AXIS2_PLACEMENT_3D('',#17871,#13901,#13902);
#11402=AXIS2_PLACEMENT_3D('',#17873,#13904,#13905);
#11403=AXIS2_PLACEMENT_3D('',#17877,#13907,#13908);
#11404=AXIS2_PLACEMENT_3D('',#17878,#13909,#13910);
#11405=AXIS2_PLACEMENT_3D('',#17879,#13911,#13912);
#11406=AXIS2_PLACEMENT_3D('',#17881,#13914,#13915);
#11407=AXIS2_PLACEMENT_3D('',#17885,#13917,#13918);
#11408=AXIS2_PLACEMENT_3D('',#17887,#13920,#13921);
#11409=AXIS2_PLACEMENT_3D('',#17890,#13922,#13923);
#11410=AXIS2_PLACEMENT_3D('',#17893,#13926,#13927);
#11411=AXIS2_PLACEMENT_3D('',#17895,#13928,#13929);
#11412=AXIS2_PLACEMENT_3D('',#17896,#13930,#13931);
#11413=AXIS2_PLACEMENT_3D('',#17897,#13932,#13933);
#11414=AXIS2_PLACEMENT_3D('',#17898,#13934,#13935);
#11415=AXIS2_PLACEMENT_3D('',#17900,#13936,#13937);
#11416=AXIS2_PLACEMENT_3D('',#17913,#13940,#13941);
#11417=AXIS2_PLACEMENT_3D('',#17914,#13942,#13943);
#11418=AXIS2_PLACEMENT_3D('',#17915,#13944,#13945);
#11419=AXIS2_PLACEMENT_3D('',#17917,#13946,#13947);
#11420=AXIS2_PLACEMENT_3D('',#17920,#13950,#13951);
#11421=AXIS2_PLACEMENT_3D('',#17923,#13952,#13953);
#11422=AXIS2_PLACEMENT_3D('',#17924,#13954,#13955);
#11423=AXIS2_PLACEMENT_3D('',#17925,#13956,#13957);
#11424=AXIS2_PLACEMENT_3D('',#17926,#13958,#13959);
#11425=AXIS2_PLACEMENT_3D('',#17929,#13960,#13961);
#11426=AXIS2_PLACEMENT_3D('',#17932,#13964,#13965);
#11427=AXIS2_PLACEMENT_3D('',#17933,#13966,#13967);
#11428=AXIS2_PLACEMENT_3D('',#17934,#13968,#13969);
#11429=AXIS2_PLACEMENT_3D('',#17944,#13970,#13971);
#11430=AXIS2_PLACEMENT_3D('',#17945,#13972,#13973);
#11431=AXIS2_PLACEMENT_3D('',#17947,#13974,#13975);
#11432=AXIS2_PLACEMENT_3D('',#17951,#13977,#13978);
#11433=AXIS2_PLACEMENT_3D('',#17953,#13980,#13981);
#11434=AXIS2_PLACEMENT_3D('',#17956,#13982,#13983);
#11435=AXIS2_PLACEMENT_3D('',#17957,#13984,#13985);
#11436=AXIS2_PLACEMENT_3D('',#17958,#13986,#13987);
#11437=AXIS2_PLACEMENT_3D('',#17959,#13988,#13989);
#11438=AXIS2_PLACEMENT_3D('',#17962,#13990,#13991);
#11439=AXIS2_PLACEMENT_3D('',#17965,#13994,#13995);
#11440=AXIS2_PLACEMENT_3D('',#17968,#13996,#13997);
#11441=AXIS2_PLACEMENT_3D('',#17969,#13998,#13999);
#11442=AXIS2_PLACEMENT_3D('',#17970,#14000,#14001);
#11443=AXIS2_PLACEMENT_3D('',#17971,#14002,#14003);
#11444=AXIS2_PLACEMENT_3D('',#17973,#14004,#14005);
#11445=AXIS2_PLACEMENT_3D('',#17976,#14008,#14009);
#11446=AXIS2_PLACEMENT_3D('',#17977,#14010,#14011);
#11447=AXIS2_PLACEMENT_3D('',#17978,#14012,#14013);
#11448=AXIS2_PLACEMENT_3D('',#17979,#14014,#14015);
#11449=AXIS2_PLACEMENT_3D('',#17980,#14016,#14017);
#11450=AXIS2_PLACEMENT_3D('',#17984,#14021,#14022);
#11451=AXIS2_PLACEMENT_3D('',#17986,#14024,#14025);
#11452=AXIS2_PLACEMENT_3D('',#17988,#14027,#14028);
#11453=AXIS2_PLACEMENT_3D('',#17990,#14030,#14031);
#11454=AXIS2_PLACEMENT_3D('',#17992,#14033,#14034);
#11455=AXIS2_PLACEMENT_3D('',#17994,#14036,#14037);
#11456=AXIS2_PLACEMENT_3D('',#17996,#14039,#14040);
#11457=AXIS2_PLACEMENT_3D('',#17998,#14042,#14043);
#11458=AXIS2_PLACEMENT_3D('',#18000,#14045,#14046);
#11459=AXIS2_PLACEMENT_3D('',#18002,#14048,#14049);
#11460=AXIS2_PLACEMENT_3D('',#18006,#14051,#14052);
#11461=AXIS2_PLACEMENT_3D('',#18008,#14054,#14055);
#11462=AXIS2_PLACEMENT_3D('',#18012,#14058,#14059);
#11463=AXIS2_PLACEMENT_3D('',#18015,#14061,#14062);
#11464=AXIS2_PLACEMENT_3D('',#18016,#14063,#14064);
#11465=AXIS2_PLACEMENT_3D('',#18020,#14067,#14068);
#11466=AXIS2_PLACEMENT_3D('',#18023,#14070,#14071);
#11467=AXIS2_PLACEMENT_3D('',#18024,#14072,#14073);
#11468=AXIS2_PLACEMENT_3D('',#18027,#14075,#14076);
#11469=AXIS2_PLACEMENT_3D('',#18028,#14077,#14078);
#11470=AXIS2_PLACEMENT_3D('',#18031,#14080,#14081);
#11471=AXIS2_PLACEMENT_3D('',#18032,#14082,#14083);
#11472=AXIS2_PLACEMENT_3D('',#18036,#14086,#14087);
#11473=AXIS2_PLACEMENT_3D('',#18039,#14089,#14090);
#11474=AXIS2_PLACEMENT_3D('',#18040,#14091,#14092);
#11475=AXIS2_PLACEMENT_3D('',#18042,#14094,#14095);
#11476=AXIS2_PLACEMENT_3D('',#18046,#14097,#14098);
#11477=AXIS2_PLACEMENT_3D('',#18048,#14100,#14101);
#11478=AXIS2_PLACEMENT_3D('',#18052,#14104,#14105);
#11479=AXIS2_PLACEMENT_3D('',#18055,#14107,#14108);
#11480=AXIS2_PLACEMENT_3D('',#18056,#14109,#14110);
#11481=AXIS2_PLACEMENT_3D('',#18060,#14113,#14114);
#11482=AXIS2_PLACEMENT_3D('',#18063,#14116,#14117);
#11483=AXIS2_PLACEMENT_3D('',#18064,#14118,#14119);
#11484=AXIS2_PLACEMENT_3D('',#18068,#14121,#14122);
#11485=AXIS2_PLACEMENT_3D('',#18070,#14124,#14125);
#11486=AXIS2_PLACEMENT_3D('',#18074,#14128,#14129);
#11487=AXIS2_PLACEMENT_3D('',#18077,#14131,#14132);
#11488=AXIS2_PLACEMENT_3D('',#18078,#14133,#14134);
#11489=AXIS2_PLACEMENT_3D('',#18082,#14137,#14138);
#11490=AXIS2_PLACEMENT_3D('',#18085,#14140,#14141);
#11491=AXIS2_PLACEMENT_3D('',#18086,#14142,#14143);
#11492=AXIS2_PLACEMENT_3D('',#18089,#14145,#14146);
#11493=AXIS2_PLACEMENT_3D('',#18090,#14147,#14148);
#11494=AXIS2_PLACEMENT_3D('',#18093,#14150,#14151);
#11495=AXIS2_PLACEMENT_3D('',#18094,#14152,#14153);
#11496=AXIS2_PLACEMENT_3D('',#18098,#14156,#14157);
#11497=AXIS2_PLACEMENT_3D('',#18101,#14159,#14160);
#11498=AXIS2_PLACEMENT_3D('',#18102,#14161,#14162);
#11499=AXIS2_PLACEMENT_3D('',#18104,#14164,#14165);
#11500=AXIS2_PLACEMENT_3D('',#18108,#14167,#14168);
#11501=AXIS2_PLACEMENT_3D('',#18110,#14170,#14171);
#11502=AXIS2_PLACEMENT_3D('',#18114,#14174,#14175);
#11503=AXIS2_PLACEMENT_3D('',#18117,#14177,#14178);
#11504=AXIS2_PLACEMENT_3D('',#18118,#14179,#14180);
#11505=AXIS2_PLACEMENT_3D('',#18122,#14183,#14184);
#11506=AXIS2_PLACEMENT_3D('',#18125,#14186,#14187);
#11507=AXIS2_PLACEMENT_3D('',#18126,#14188,#14189);
#11508=AXIS2_PLACEMENT_3D('',#18131,#14192,#14193);
#11509=AXIS2_PLACEMENT_3D('',#18132,#14194,#14195);
#11510=AXIS2_PLACEMENT_3D('',#18134,#14196,#14197);
#11511=AXIS2_PLACEMENT_3D('',#18136,#14199,#14200);
#11512=AXIS2_PLACEMENT_3D('',#18140,#14203,#14204);
#11513=AXIS2_PLACEMENT_3D('',#18142,#14205,#14206);
#11514=AXIS2_PLACEMENT_3D('',#18144,#14208,#14209);
#11515=AXIS2_PLACEMENT_3D('',#18147,#14211,#14212);
#11516=AXIS2_PLACEMENT_3D('',#18148,#14213,#14214);
#11517=AXIS2_PLACEMENT_3D('',#18150,#14215,#14216);
#11518=AXIS2_PLACEMENT_3D('',#18152,#14218,#14219);
#11519=AXIS2_PLACEMENT_3D('',#18156,#14222,#14223);
#11520=AXIS2_PLACEMENT_3D('',#18158,#14224,#14225);
#11521=AXIS2_PLACEMENT_3D('',#18160,#14227,#14228);
#11522=AXIS2_PLACEMENT_3D('',#18164,#14231,#14232);
#11523=AXIS2_PLACEMENT_3D('',#18166,#14233,#14234);
#11524=AXIS2_PLACEMENT_3D('',#18168,#14236,#14237);
#11525=AXIS2_PLACEMENT_3D('',#18172,#14240,#14241);
#11526=AXIS2_PLACEMENT_3D('',#18173,#14242,#14243);
#11527=AXIS2_PLACEMENT_3D('',#18174,#14244,#14245);
#11528=AXIS2_PLACEMENT_3D('',#18178,#14247,#14248);
#11529=AXIS2_PLACEMENT_3D('',#18180,#14250,#14251);
#11530=AXIS2_PLACEMENT_3D('',#18183,#14253,#14254);
#11531=AXIS2_PLACEMENT_3D('',#18184,#14255,#14256);
#11532=AXIS2_PLACEMENT_3D('',#18187,#14258,#14259);
#11533=AXIS2_PLACEMENT_3D('',#18188,#14260,#14261);
#11534=AXIS2_PLACEMENT_3D('',#18192,#14264,#14265);
#11535=AXIS2_PLACEMENT_3D('',#18195,#14267,#14268);
#11536=AXIS2_PLACEMENT_3D('',#18196,#14269,#14270);
#11537=AXIS2_PLACEMENT_3D('',#18199,#14272,#14273);
#11538=AXIS2_PLACEMENT_3D('',#18200,#14274,#14275);
#11539=AXIS2_PLACEMENT_3D('',#18206,#14279,#14280);
#11540=AXIS2_PLACEMENT_3D('',#18208,#14281,#14282);
#11541=AXIS2_PLACEMENT_3D('',#18210,#14284,#14285);
#11542=AXIS2_PLACEMENT_3D('',#18213,#14287,#14288);
#11543=AXIS2_PLACEMENT_3D('',#18214,#14289,#14290);
#11544=AXIS2_PLACEMENT_3D('',#18216,#14291,#14292);
#11545=AXIS2_PLACEMENT_3D('',#18218,#14294,#14295);
#11546=AXIS2_PLACEMENT_3D('',#18222,#14298,#14299);
#11547=AXIS2_PLACEMENT_3D('',#18224,#14300,#14301);
#11548=AXIS2_PLACEMENT_3D('',#18226,#14303,#14304);
#11549=AXIS2_PLACEMENT_3D('',#18230,#14307,#14308);
#11550=AXIS2_PLACEMENT_3D('',#18231,#14309,#14310);
#11551=AXIS2_PLACEMENT_3D('',#18232,#14311,#14312);
#11552=AXIS2_PLACEMENT_3D('',#18236,#14314,#14315);
#11553=AXIS2_PLACEMENT_3D('',#18238,#14317,#14318);
#11554=AXIS2_PLACEMENT_3D('',#18241,#14320,#14321);
#11555=AXIS2_PLACEMENT_3D('',#18242,#14322,#14323);
#11556=AXIS2_PLACEMENT_3D('',#18245,#14325,#14326);
#11557=AXIS2_PLACEMENT_3D('',#18246,#14327,#14328);
#11558=AXIS2_PLACEMENT_3D('',#18250,#14331,#14332);
#11559=AXIS2_PLACEMENT_3D('',#18254,#14334,#14335);
#11560=AXIS2_PLACEMENT_3D('',#18256,#14337,#14338);
#11561=AXIS2_PLACEMENT_3D('',#18260,#14341,#14342);
#11562=AXIS2_PLACEMENT_3D('',#18263,#14344,#14345);
#11563=AXIS2_PLACEMENT_3D('',#18264,#14346,#14347);
#11564=AXIS2_PLACEMENT_3D('',#18267,#14349,#14350);
#11565=AXIS2_PLACEMENT_3D('',#18268,#14351,#14352);
#11566=AXIS2_PLACEMENT_3D('',#18271,#14354,#14355);
#11567=AXIS2_PLACEMENT_3D('',#18272,#14356,#14357);
#11568=AXIS2_PLACEMENT_3D('',#18276,#14360,#14361);
#11569=AXIS2_PLACEMENT_3D('',#18279,#14363,#14364);
#11570=AXIS2_PLACEMENT_3D('',#18280,#14365,#14366);
#11571=AXIS2_PLACEMENT_3D('',#18282,#14368,#14369);
#11572=AXIS2_PLACEMENT_3D('',#18288,#14373,#14374);
#11573=AXIS2_PLACEMENT_3D('',#18291,#14376,#14377);
#11574=AXIS2_PLACEMENT_3D('',#18292,#14378,#14379);
#11575=AXIS2_PLACEMENT_3D('',#18296,#14382,#14383);
#11576=AXIS2_PLACEMENT_3D('',#18299,#14385,#14386);
#11577=AXIS2_PLACEMENT_3D('',#18300,#14387,#14388);
#11578=AXIS2_PLACEMENT_3D('',#18304,#14390,#14391);
#11579=AXIS2_PLACEMENT_3D('',#18306,#14393,#14394);
#11580=AXIS2_PLACEMENT_3D('',#18310,#14397,#14398);
#11581=AXIS2_PLACEMENT_3D('',#18313,#14400,#14401);
#11582=AXIS2_PLACEMENT_3D('',#18314,#14402,#14403);
#11583=AXIS2_PLACEMENT_3D('',#18317,#14405,#14406);
#11584=AXIS2_PLACEMENT_3D('',#18318,#14407,#14408);
#11585=AXIS2_PLACEMENT_3D('',#18321,#14410,#14411);
#11586=AXIS2_PLACEMENT_3D('',#18322,#14412,#14413);
#11587=AXIS2_PLACEMENT_3D('',#18326,#14416,#14417);
#11588=AXIS2_PLACEMENT_3D('',#18329,#14419,#14420);
#11589=AXIS2_PLACEMENT_3D('',#18330,#14421,#14422);
#11590=AXIS2_PLACEMENT_3D('',#18334,#14425,#14426);
#11591=AXIS2_PLACEMENT_3D('',#18337,#14428,#14429);
#11592=AXIS2_PLACEMENT_3D('',#18338,#14430,#14431);
#11593=AXIS2_PLACEMENT_3D('',#18342,#14434,#14435);
#11594=AXIS2_PLACEMENT_3D('',#18345,#14437,#14438);
#11595=AXIS2_PLACEMENT_3D('',#18346,#14439,#14440);
#11596=AXIS2_PLACEMENT_3D('',#18347,#14441,#14442);
#11597=AXIS2_PLACEMENT_3D('',#18348,#14443,#14444);
#11598=AXIS2_PLACEMENT_3D('',#18354,#14448,#14449);
#11599=AXIS2_PLACEMENT_3D('',#18357,#14451,#14452);
#11600=AXIS2_PLACEMENT_3D('',#18358,#14453,#14454);
#11601=AXIS2_PLACEMENT_3D('',#18362,#14457,#14458);
#11602=AXIS2_PLACEMENT_3D('',#18365,#14460,#14461);
#11603=AXIS2_PLACEMENT_3D('',#18366,#14462,#14463);
#11604=AXIS2_PLACEMENT_3D('',#18369,#14465,#14466);
#11605=AXIS2_PLACEMENT_3D('',#18370,#14467,#14468);
#11606=AXIS2_PLACEMENT_3D('',#18373,#14470,#14471);
#11607=AXIS2_PLACEMENT_3D('',#18374,#14472,#14473);
#11608=AXIS2_PLACEMENT_3D('',#18378,#14475,#14476);
#11609=AXIS2_PLACEMENT_3D('',#18380,#14478,#14479);
#11610=AXIS2_PLACEMENT_3D('',#18384,#14482,#14483);
#11611=AXIS2_PLACEMENT_3D('',#18387,#14485,#14486);
#11612=AXIS2_PLACEMENT_3D('',#18388,#14487,#14488);
#11613=AXIS2_PLACEMENT_3D('',#18392,#14491,#14492);
#11614=AXIS2_PLACEMENT_3D('',#18395,#14494,#14495);
#11615=AXIS2_PLACEMENT_3D('',#18396,#14496,#14497);
#11616=AXIS2_PLACEMENT_3D('',#18400,#14500,#14501);
#11617=AXIS2_PLACEMENT_3D('',#18403,#14503,#14504);
#11618=AXIS2_PLACEMENT_3D('',#18404,#14505,#14506);
#11619=AXIS2_PLACEMENT_3D('',#18406,#14508,#14509);
#11620=AXIS2_PLACEMENT_3D('',#18412,#14513,#14514);
#11621=AXIS2_PLACEMENT_3D('',#18415,#14516,#14517);
#11622=AXIS2_PLACEMENT_3D('',#18416,#14518,#14519);
#11623=AXIS2_PLACEMENT_3D('',#18420,#14522,#14523);
#11624=AXIS2_PLACEMENT_3D('',#18423,#14525,#14526);
#11625=AXIS2_PLACEMENT_3D('',#18424,#14527,#14528);
#11626=AXIS2_PLACEMENT_3D('',#18428,#14530,#14531);
#11627=AXIS2_PLACEMENT_3D('',#18430,#14533,#14534);
#11628=AXIS2_PLACEMENT_3D('',#18434,#14537,#14538);
#11629=AXIS2_PLACEMENT_3D('',#18437,#14540,#14541);
#11630=AXIS2_PLACEMENT_3D('',#18438,#14542,#14543);
#11631=AXIS2_PLACEMENT_3D('',#18442,#14546,#14547);
#11632=AXIS2_PLACEMENT_3D('',#18445,#14549,#14550);
#11633=AXIS2_PLACEMENT_3D('',#18446,#14551,#14552);
#11634=AXIS2_PLACEMENT_3D('',#18450,#14555,#14556);
#11635=AXIS2_PLACEMENT_3D('',#18453,#14558,#14559);
#11636=AXIS2_PLACEMENT_3D('',#18454,#14560,#14561);
#11637=AXIS2_PLACEMENT_3D('',#18456,#14563,#14564);
#11638=AXIS2_PLACEMENT_3D('',#18462,#14568,#14569);
#11639=AXIS2_PLACEMENT_3D('',#18465,#14571,#14572);
#11640=AXIS2_PLACEMENT_3D('',#18466,#14573,#14574);
#11641=AXIS2_PLACEMENT_3D('',#18470,#14577,#14578);
#11642=AXIS2_PLACEMENT_3D('',#18473,#14580,#14581);
#11643=AXIS2_PLACEMENT_3D('',#18474,#14582,#14583);
#11644=AXIS2_PLACEMENT_3D('',#18480,#14587,#14588);
#11645=AXIS2_PLACEMENT_3D('',#18482,#14589,#14590);
#11646=AXIS2_PLACEMENT_3D('',#18484,#14592,#14593);
#11647=AXIS2_PLACEMENT_3D('',#18487,#14596,#14597);
#11648=AXIS2_PLACEMENT_3D('',#18489,#14599,#14600);
#11649=AXIS2_PLACEMENT_3D('',#18491,#14602,#14603);
#11650=AXIS2_PLACEMENT_3D('',#18493,#14605,#14606);
#11651=AXIS2_PLACEMENT_3D('',#18495,#14608,#14609);
#11652=AXIS2_PLACEMENT_3D('',#18497,#14611,#14612);
#11653=AXIS2_PLACEMENT_3D('',#18499,#14614,#14615);
#11654=AXIS2_PLACEMENT_3D('',#18501,#14616,#14617);
#11655=AXIS2_PLACEMENT_3D('',#18503,#14619,#14620);
#11656=AXIS2_PLACEMENT_3D('',#18507,#14623,#14624);
#11657=AXIS2_PLACEMENT_3D('',#18508,#14625,#14626);
#11658=AXIS2_PLACEMENT_3D('',#18509,#14627,#14628);
#11659=AXIS2_PLACEMENT_3D('',#18511,#14630,#14631);
#11660=AXIS2_PLACEMENT_3D('',#18513,#14633,#14634);
#11661=AXIS2_PLACEMENT_3D('',#18515,#14636,#14637);
#11662=AXIS2_PLACEMENT_3D('',#18518,#14640,#14641);
#11663=AXIS2_PLACEMENT_3D('',#18520,#14643,#14644);
#11664=AXIS2_PLACEMENT_3D('',#18523,#14646,#14647);
#11665=AXIS2_PLACEMENT_3D('',#18524,#14648,#14649);
#11666=AXIS2_PLACEMENT_3D('',#18528,#14652,#14653);
#11667=AXIS2_PLACEMENT_3D('',#18531,#14655,#14656);
#11668=AXIS2_PLACEMENT_3D('',#18532,#14657,#14658);
#11669=AXIS2_PLACEMENT_3D('',#18535,#14660,#14661);
#11670=AXIS2_PLACEMENT_3D('',#18536,#14662,#14663);
#11671=AXIS2_PLACEMENT_3D('',#18539,#14665,#14666);
#11672=AXIS2_PLACEMENT_3D('',#18540,#14667,#14668);
#11673=AXIS2_PLACEMENT_3D('',#18543,#14671,#14672);
#11674=AXIS2_PLACEMENT_3D('',#18545,#14674,#14675);
#11675=AXIS2_PLACEMENT_3D('',#18547,#14677,#14678);
#11676=AXIS2_PLACEMENT_3D('',#18549,#14680,#14681);
#11677=AXIS2_PLACEMENT_3D('',#18550,#14682,#14683);
#11678=AXIS2_PLACEMENT_3D('',#18552,#14685,#14686);
#11679=AXIS2_PLACEMENT_3D('',#18555,#14689,#14690);
#11680=AXIS2_PLACEMENT_3D('',#18557,#14692,#14693);
#11681=AXIS2_PLACEMENT_3D('',#18559,#14695,#14696);
#11682=AXIS2_PLACEMENT_3D('',#18561,#14698,#14699);
#11683=AXIS2_PLACEMENT_3D('',#18565,#14702,#14703);
#11684=AXIS2_PLACEMENT_3D('',#18567,#14704,#14705);
#11685=AXIS2_PLACEMENT_3D('',#18569,#14707,#14708);
#11686=AXIS2_PLACEMENT_3D('',#18572,#14710,#14711);
#11687=AXIS2_PLACEMENT_3D('',#18573,#14712,#14713);
#11688=AXIS2_PLACEMENT_3D('',#18574,#14714,#14715);
#11689=AXIS2_PLACEMENT_3D('',#18575,#14716,#14717);
#11690=AXIS2_PLACEMENT_3D('',#18578,#14720,#14721);
#11691=AXIS2_PLACEMENT_3D('',#18580,#14723,#14724);
#11692=AXIS2_PLACEMENT_3D('',#18582,#14726,#14727);
#11693=AXIS2_PLACEMENT_3D('',#18584,#14729,#14730);
#11694=AXIS2_PLACEMENT_3D('',#18588,#14733,#14734);
#11695=AXIS2_PLACEMENT_3D('',#18590,#14735,#14736);
#11696=AXIS2_PLACEMENT_3D('',#18592,#14738,#14739);
#11697=AXIS2_PLACEMENT_3D('',#18596,#14742,#14743);
#11698=AXIS2_PLACEMENT_3D('',#18598,#14744,#14745);
#11699=AXIS2_PLACEMENT_3D('',#18600,#14747,#14748);
#11700=AXIS2_PLACEMENT_3D('',#18602,#14750,#14751);
#11701=AXIS2_PLACEMENT_3D('',#18603,#14752,#14753);
#11702=AXIS2_PLACEMENT_3D('',#18604,#14754,#14755);
#11703=AXIS2_PLACEMENT_3D('',#18606,#14757,#14758);
#11704=AXIS2_PLACEMENT_3D('',#18610,#14760,#14761);
#11705=AXIS2_PLACEMENT_3D('',#18612,#14763,#14764);
#11706=AXIS2_PLACEMENT_3D('',#18615,#14767,#14768);
#11707=AXIS2_PLACEMENT_3D('',#18617,#14770,#14771);
#11708=AXIS2_PLACEMENT_3D('',#18619,#14773,#14774);
#11709=AXIS2_PLACEMENT_3D('',#18621,#14776,#14777);
#11710=AXIS2_PLACEMENT_3D('',#18623,#14779,#14780);
#11711=AXIS2_PLACEMENT_3D('',#18626,#14782,#14783);
#11712=AXIS2_PLACEMENT_3D('',#18627,#14784,#14785);
#11713=AXIS2_PLACEMENT_3D('',#18629,#14787,#14788);
#11714=AXIS2_PLACEMENT_3D('',#18631,#14790,#14791);
#11715=AXIS2_PLACEMENT_3D('',#18633,#14793,#14794);
#11716=AXIS2_PLACEMENT_3D('',#18635,#14796,#14797);
#11717=AXIS2_PLACEMENT_3D('',#18638,#14800,#14801);
#11718=AXIS2_PLACEMENT_3D('',#18640,#14803,#14804);
#11719=AXIS2_PLACEMENT_3D('',#18642,#14806,#14807);
#11720=AXIS2_PLACEMENT_3D('',#18644,#14809,#14810);
#11721=AXIS2_PLACEMENT_3D('',#18648,#14813,#14814);
#11722=AXIS2_PLACEMENT_3D('',#18650,#14815,#14816);
#11723=AXIS2_PLACEMENT_3D('',#18652,#14818,#14819);
#11724=AXIS2_PLACEMENT_3D('',#18656,#14822,#14823);
#11725=AXIS2_PLACEMENT_3D('',#18657,#14824,#14825);
#11726=AXIS2_PLACEMENT_3D('',#18658,#14826,#14827);
#11727=AXIS2_PLACEMENT_3D('',#18664,#14831,#14832);
#11728=AXIS2_PLACEMENT_3D('',#18666,#14833,#14834);
#11729=AXIS2_PLACEMENT_3D('',#18668,#14836,#14837);
#11730=AXIS2_PLACEMENT_3D('',#18670,#14839,#14840);
#11731=AXIS2_PLACEMENT_3D('',#18671,#14841,#14842);
#11732=AXIS2_PLACEMENT_3D('',#18673,#14844,#14845);
#11733=AXIS2_PLACEMENT_3D('',#18675,#14847,#14848);
#11734=AXIS2_PLACEMENT_3D('',#18677,#14850,#14851);
#11735=AXIS2_PLACEMENT_3D('',#18679,#14853,#14854);
#11736=AXIS2_PLACEMENT_3D('',#18681,#14856,#14857);
#11737=AXIS2_PLACEMENT_3D('',#18685,#14860,#14861);
#11738=AXIS2_PLACEMENT_3D('',#18686,#14862,#14863);
#11739=AXIS2_PLACEMENT_3D('',#18687,#14864,#14865);
#11740=AXIS2_PLACEMENT_3D('',#18689,#14867,#14868);
#11741=AXIS2_PLACEMENT_3D('',#18691,#14870,#14871);
#11742=AXIS2_PLACEMENT_3D('',#18693,#14873,#14874);
#11743=AXIS2_PLACEMENT_3D('',#18698,#14878,#14879);
#11744=AXIS2_PLACEMENT_3D('',#18700,#14881,#14882);
#11745=AXIS2_PLACEMENT_3D('',#18702,#14884,#14885);
#11746=AXIS2_PLACEMENT_3D('',#18704,#14887,#14888);
#11747=AXIS2_PLACEMENT_3D('',#18706,#14890,#14891);
#11748=AXIS2_PLACEMENT_3D('',#18708,#14892,#14893);
#11749=AXIS2_PLACEMENT_3D('',#18710,#14895,#14896);
#11750=AXIS2_PLACEMENT_3D('',#18714,#14899,#14900);
#11751=AXIS2_PLACEMENT_3D('',#18715,#14901,#14902);
#11752=AXIS2_PLACEMENT_3D('',#18716,#14903,#14904);
#11753=AXIS2_PLACEMENT_3D('',#18718,#14906,#14907);
#11754=AXIS2_PLACEMENT_3D('',#18720,#14909,#14910);
#11755=AXIS2_PLACEMENT_3D('',#18722,#14912,#14913);
#11756=AXIS2_PLACEMENT_3D('',#18724,#14915,#14916);
#11757=AXIS2_PLACEMENT_3D('',#18726,#14918,#14919);
#11758=AXIS2_PLACEMENT_3D('',#18727,#14920,#14921);
#11759=AXIS2_PLACEMENT_3D('',#18729,#14923,#14924);
#11760=AXIS2_PLACEMENT_3D('',#18731,#14926,#14927);
#11761=AXIS2_PLACEMENT_3D('',#18733,#14929,#14930);
#11762=AXIS2_PLACEMENT_3D('',#18734,#14931,#14932);
#11763=AXIS2_PLACEMENT_3D('',#18737,#14935,#14936);
#11764=AXIS2_PLACEMENT_3D('',#18738,#14937,#14938);
#11765=AXIS2_PLACEMENT_3D('',#18740,#14940,#14941);
#11766=AXIS2_PLACEMENT_3D('',#18741,#14942,#14943);
#11767=AXIS2_PLACEMENT_3D('',#18742,#14944,#14945);
#11768=AXIS2_PLACEMENT_3D('',#18744,#14947,#14948);
#11769=AXIS2_PLACEMENT_3D('',#18746,#14950,#14951);
#11770=AXIS2_PLACEMENT_3D('',#18748,#14953,#14954);
#11771=AXIS2_PLACEMENT_3D('',#18750,#14956,#14957);
#11772=AXIS2_PLACEMENT_3D('',#18752,#14959,#14960);
#11773=AXIS2_PLACEMENT_3D('',#18753,#14961,#14962);
#11774=AXIS2_PLACEMENT_3D('',#18754,#14963,#14964);
#11775=AXIS2_PLACEMENT_3D('',#18756,#14966,#14967);
#11776=AXIS2_PLACEMENT_3D('',#18757,#14968,#14969);
#11777=AXIS2_PLACEMENT_3D('',#18759,#14971,#14972);
#11778=AXIS2_PLACEMENT_3D('',#18761,#14974,#14975);
#11779=AXIS2_PLACEMENT_3D('',#18762,#14976,#14977);
#11780=AXIS2_PLACEMENT_3D('',#18765,#14980,#14981);
#11781=AXIS2_PLACEMENT_3D('',#18767,#14983,#14984);
#11782=AXIS2_PLACEMENT_3D('',#18768,#14985,#14986);
#11783=AXIS2_PLACEMENT_3D('',#18771,#14989,#14990);
#11784=AXIS2_PLACEMENT_3D('',#18773,#14992,#14993);
#11785=AXIS2_PLACEMENT_3D('',#18774,#14994,#14995);
#11786=AXIS2_PLACEMENT_3D('',#18776,#14997,#14998);
#11787=AXIS2_PLACEMENT_3D('',#18778,#15000,#15001);
#11788=AXIS2_PLACEMENT_3D('',#18780,#15003,#15004);
#11789=AXIS2_PLACEMENT_3D('',#18783,#15005,#15006);
#11790=AXIS2_PLACEMENT_3D('',#18787,#15008,#15009);
#11791=AXIS2_PLACEMENT_3D('',#18791,#15011,#15012);
#11792=AXIS2_PLACEMENT_3D('',#18795,#15014,#15015);
#11793=AXIS2_PLACEMENT_3D('',#18797,#15017,#15018);
#11794=AXIS2_PLACEMENT_3D('',#18798,#15019,#15020);
#11795=AXIS2_PLACEMENT_3D('',#18801,#15023,#15024);
#11796=AXIS2_PLACEMENT_3D('',#18803,#15026,#15027);
#11797=AXIS2_PLACEMENT_3D('',#18805,#15029,#15030);
#11798=AXIS2_PLACEMENT_3D('',#18806,#15031,#15032);
#11799=AXIS2_PLACEMENT_3D('',#18809,#15035,#15036);
#11800=AXIS2_PLACEMENT_3D('',#18811,#15038,#15039);
#11801=AXIS2_PLACEMENT_3D('',#18813,#15041,#15042);
#11802=AXIS2_PLACEMENT_3D('',#18814,#15043,#15044);
#11803=AXIS2_PLACEMENT_3D('',#18817,#15047,#15048);
#11804=AXIS2_PLACEMENT_3D('',#18819,#15050,#15051);
#11805=AXIS2_PLACEMENT_3D('',#18821,#15053,#15054);
#11806=AXIS2_PLACEMENT_3D('',#18823,#15056,#15057);
#11807=AXIS2_PLACEMENT_3D('',#18825,#15059,#15060);
#11808=AXIS2_PLACEMENT_3D('',#18827,#15062,#15063);
#11809=AXIS2_PLACEMENT_3D('',#18829,#15065,#15066);
#11810=AXIS2_PLACEMENT_3D('',#18830,#15067,#15068);
#11811=AXIS2_PLACEMENT_3D('',#18832,#15070,#15071);
#11812=AXIS2_PLACEMENT_3D('',#18834,#15073,#15074);
#11813=AXIS2_PLACEMENT_3D('',#18836,#15076,#15077);
#11814=AXIS2_PLACEMENT_3D('',#18838,#15079,#15080);
#11815=AXIS2_PLACEMENT_3D('',#18840,#15082,#15083);
#11816=AXIS2_PLACEMENT_3D('',#18842,#15085,#15086);
#11817=DIRECTION('axis',(0.,0.,1.));
#11818=DIRECTION('refdir',(1.,0.,0.));
#11819=DIRECTION('center_axis',(0.,0.,1.));
#11820=DIRECTION('ref_axis',(-0.978949190316695,-0.204104097896852,0.));
#11821=DIRECTION('',(0.692221610910014,0.144323391690827,-0.707106781186549));
#11822=DIRECTION('center_axis',(0.,0.,-1.));
#11823=DIRECTION('ref_axis',(-0.978949190316695,-0.204104097896852,0.));
#11824=DIRECTION('',(0.425652674389441,0.564641302762308,0.707106781186547));
#11825=DIRECTION('center_axis',(0.,0.,1.));
#11826=DIRECTION('ref_axis',(-0.978949190316695,-0.204104097896852,0.));
#11827=DIRECTION('center_axis',(0.692221610910016,0.144323391690827,0.707106781186546));
#11828=DIRECTION('ref_axis',(0.714588107877763,0.,-0.699545449616877));
#11829=DIRECTION('',(0.204104097896852,-0.978949190316695,0.));
#11830=DIRECTION('',(0.692221610910014,0.144323391690828,-0.707106781186548));
#11831=DIRECTION('',(-0.204104097896852,0.978949190316695,0.));
#11832=DIRECTION('center_axis',(0.,0.,1.));
#11833=DIRECTION('ref_axis',(1.,0.,0.));
#11834=DIRECTION('',(-0.471404520791033,0.527046276694728,-0.707106781186548));
#11835=DIRECTION('center_axis',(0.,0.,-1.));
#11836=DIRECTION('ref_axis',(1.,0.,0.));
#11837=DIRECTION('center_axis',(0.,0.,1.));
#11838=DIRECTION('ref_axis',(1.,0.,0.));
#11839=DIRECTION('center_axis',(0.,0.,1.));
#11840=DIRECTION('ref_axis',(0.894975917268707,0.446114455615413,0.));
#11841=DIRECTION('',(0.471404520791033,0.527046276694729,0.707106781186547));
#11842=DIRECTION('center_axis',(0.,0.,1.));
#11843=DIRECTION('ref_axis',(0.894975917268707,0.446114455615413,0.));
#11844=DIRECTION('',(-0.425652674389442,-0.564641302762308,-0.707106781186548));
#11845=DIRECTION('center_axis',(0.,0.,-1.));
#11846=DIRECTION('ref_axis',(0.894975917268707,0.446114455615414,0.));
#11847=DIRECTION('center_axis',(-0.425652674389441,-0.564641302762307,0.707106781186548));
#11848=DIRECTION('ref_axis',(0.856749766114568,0.,0.515732331992705));
#11849=DIRECTION('',(-0.798523388242469,0.601963784981927,0.));
#11850=DIRECTION('',(0.798523388242469,-0.601963784981927,0.));
#11851=DIRECTION('center_axis',(-0.612372435695795,6.47495216907977E-17,
0.790569415042094));
#11852=DIRECTION('ref_axis',(0.790569415042094,0.,0.612372435695795));
#11853=DIRECTION('',(0.790569415042094,0.,0.612372435695795));
#11854=DIRECTION('',(1.05735526154777E-16,1.,0.));
#11855=DIRECTION('',(-0.790569415042094,0.,-0.612372435695795));
#11856=DIRECTION('',(-1.05735526154484E-16,-1.,0.));
#11857=DIRECTION('center_axis',(1.05735526154777E-16,1.,0.));
#11858=DIRECTION('ref_axis',(0.707106781186548,0.,0.707106781186547));
#11859=DIRECTION('',(-1.05735526154777E-16,-1.,0.));
#11860=DIRECTION('center_axis',(-1.06215989438577E-16,0.923879532511286,
-0.382683432365093));
#11861=DIRECTION('ref_axis',(-5.32728327334584E-16,-0.382683432365093,-0.923879532511285));
#11862=DIRECTION('',(1.05735526154777E-16,1.,0.));
#11863=DIRECTION('center_axis',(0.,-1.,0.));
#11864=DIRECTION('ref_axis',(1.,0.,0.));
#11865=DIRECTION('',(-1.05735526154777E-16,-1.,0.));
#11866=DIRECTION('',(-1.05735526154777E-16,-1.,0.));
#11867=DIRECTION('center_axis',(-0.978949190316695,-0.204104097896852,0.));
#11868=DIRECTION('ref_axis',(0.204104097896852,-0.978949190316695,0.));
#11869=DIRECTION('',(0.,0.,1.));
#11870=DIRECTION('',(0.204104097896852,-0.978949190316695,0.));
#11871=DIRECTION('',(0.,0.,-1.));
#11872=DIRECTION('center_axis',(0.,0.,-1.));
#11873=DIRECTION('ref_axis',(1.,0.,0.));
#11874=DIRECTION('',(0.,0.,-1.));
#11875=DIRECTION('center_axis',(0.,0.,1.));
#11876=DIRECTION('ref_axis',(1.,0.,0.));
#11877=DIRECTION('center_axis',(1.,-1.05735526154484E-16,0.));
#11878=DIRECTION('ref_axis',(1.05735526154484E-16,1.,0.));
#11879=DIRECTION('',(0.,0.,1.));
#11880=DIRECTION('',(1.05735526154484E-16,1.,0.));
#11881=DIRECTION('center_axis',(0.,0.,1.));
#11882=DIRECTION('ref_axis',(-0.601963784981925,0.79852338824247,0.));
#11883=DIRECTION('',(0.425652674389441,-0.564641302762309,-0.707106781186547));
#11884=DIRECTION('center_axis',(0.,0.,-1.));
#11885=DIRECTION('ref_axis',(-0.601963784981925,0.79852338824247,0.));
#11886=DIRECTION('',(0.692221610910629,-0.144323391687881,0.707106781186548));
#11887=DIRECTION('center_axis',(0.,0.,1.));
#11888=DIRECTION('ref_axis',(-0.601963784981925,0.79852338824247,0.));
#11889=DIRECTION('center_axis',(0.42565267438944,-0.564641302762308,0.707106781186549));
#11890=DIRECTION('ref_axis',(0.856749766114569,0.,-0.515732331992704));
#11891=DIRECTION('',(-0.79852338824247,-0.601963784981926,0.));
#11892=DIRECTION('',(0.425652674389441,-0.56464130276231,-0.707106781186546));
#11893=DIRECTION('',(0.79852338824247,0.601963784981926,0.));
#11894=DIRECTION('center_axis',(0.,0.,1.));
#11895=DIRECTION('ref_axis',(-0.894975917268707,0.446114455615414,0.));
#11896=DIRECTION('',(0.471404520791033,-0.52704627669473,-0.707106781186547));
#11897=DIRECTION('center_axis',(0.,0.,-1.));
#11898=DIRECTION('ref_axis',(-0.894975917268707,0.446114455615414,0.));
#11899=DIRECTION('center_axis',(0.,0.,1.));
#11900=DIRECTION('ref_axis',(-0.894975917268707,0.446114455615414,0.));
#11901=DIRECTION('center_axis',(0.,0.,1.));
#11902=DIRECTION('ref_axis',(0.978949190317564,-0.204104097892685,0.));
#11903=DIRECTION('',(-0.471404520791033,-0.527046276694729,0.707106781186547));
#11904=DIRECTION('center_axis',(0.,0.,1.));
#11905=DIRECTION('ref_axis',(0.978949190317564,-0.204104097892685,0.));
#11906=DIRECTION('',(-0.69222161091063,0.144323391687881,-0.707106781186546));
#11907=DIRECTION('center_axis',(0.,0.,-1.));
#11908=DIRECTION('ref_axis',(0.978949190317564,-0.204104097892685,0.));
#11909=DIRECTION('center_axis',(-0.69222161091063,0.144323391687881,0.707106781186547));
#11910=DIRECTION('ref_axis',(0.714588107877453,0.,0.699545449617194));
#11911=DIRECTION('',(0.204104097892685,0.978949190317564,0.));
#11912=DIRECTION('',(-0.204104097892685,-0.978949190317564,0.));
#11913=DIRECTION('center_axis',(0.612372435695795,1.29499043381595E-16,
0.790569415042094));
#11914=DIRECTION('ref_axis',(0.790569415042094,0.,-0.612372435695795));
#11915=DIRECTION('',(-0.790569415042094,-9.06493303673679E-16,0.612372435695795));
#11916=DIRECTION('',(2.11471052309554E-16,-1.,0.));
#11917=DIRECTION('',(0.790569415042094,9.06493303673679E-16,-0.612372435695795));
#11918=DIRECTION('',(-2.11471052308967E-16,1.,0.));
#11919=DIRECTION('center_axis',(2.11471052309554E-16,-1.,0.));
#11920=DIRECTION('ref_axis',(-0.707106781186548,0.,0.707106781186547));
#11921=DIRECTION('',(-2.11471052309554E-16,1.,0.));
#11922=DIRECTION('',(-2.11471052309554E-16,1.,0.));
#11923=DIRECTION('center_axis',(0.,1.,0.));
#11924=DIRECTION('ref_axis',(-1.,0.,0.));
#11925=DIRECTION('',(2.11471052309554E-16,-1.,0.));
#11926=DIRECTION('center_axis',(-3.18647968315731E-16,0.923879532511286,
-0.382683432365091));
#11927=DIRECTION('ref_axis',(2.16683756548273E-16,0.382683432365091,0.923879532511286));
#11928=DIRECTION('',(-2.11471052309554E-16,1.,0.));
#11929=DIRECTION('center_axis',(-0.601963784981926,0.79852338824247,0.));
#11930=DIRECTION('ref_axis',(-0.79852338824247,-0.601963784981926,0.));
#11931=DIRECTION('',(0.,0.,1.));
#11932=DIRECTION('',(-0.79852338824247,-0.601963784981926,0.));
#11933=DIRECTION('',(0.,0.,-1.));
#11934=DIRECTION('center_axis',(0.,0.,1.));
#11935=DIRECTION('ref_axis',(-0.894975917268707,0.446114455615414,0.));
#11936=DIRECTION('',(0.,0.,-1.));
#11937=DIRECTION('center_axis',(0.,0.,1.));
#11938=DIRECTION('ref_axis',(-0.894975917268707,0.446114455615414,0.));
#11939=DIRECTION('center_axis',(-1.,-2.11471052308967E-16,0.));
#11940=DIRECTION('ref_axis',(2.11471052308967E-16,-1.,0.));
#11941=DIRECTION('',(0.,0.,1.));
#11942=DIRECTION('',(2.11471052308967E-16,-1.,0.));
#11943=DIRECTION('center_axis',(-0.425652674389442,-0.564641302762309,0.707106781186547));
#11944=DIRECTION('ref_axis',(0.856749766114567,0.,0.515732331992706));
#11945=DIRECTION('',(0.425652674389441,0.564641302762307,0.707106781186548));
#11946=DIRECTION('',(-0.798523388242469,0.601963784981927,0.));
#11947=DIRECTION('',(-0.425652674389441,-0.564641302762307,-0.707106781186548));
#11948=DIRECTION('',(0.798523388242469,-0.601963784981927,0.));
#11949=DIRECTION('center_axis',(0.,0.,1.));
#11950=DIRECTION('ref_axis',(0.948294096850356,-0.317392983348354,0.));
#11951=DIRECTION('',(0.612372435695794,-0.353553390593276,0.707106781186547));
#11952=DIRECTION('center_axis',(0.,0.,1.));
#11953=DIRECTION('ref_axis',(0.948294096850356,-0.317392983348354,0.));
#11954=DIRECTION('center_axis',(0.,0.,-1.));
#11955=DIRECTION('ref_axis',(0.948294096850356,-0.317392983348354,0.));
#11956=DIRECTION('center_axis',(0.,0.,1.));
#11957=DIRECTION('ref_axis',(-0.948294096850358,-0.317392983348347,0.));
#11958=DIRECTION('',(0.612372435695794,0.353553390593274,-0.707106781186548));
#11959=DIRECTION('center_axis',(0.,0.,-1.));
#11960=DIRECTION('ref_axis',(-0.948294096850358,-0.317392983348347,0.));
#11961=DIRECTION('',(-0.42565267438944,0.564641302762309,0.707106781186548));
#11962=DIRECTION('center_axis',(0.,0.,1.));
#11963=DIRECTION('ref_axis',(-0.948294096850358,-0.317392983348347,0.));
#11964=DIRECTION('center_axis',(0.42565267438944,-0.564641302762308,0.707106781186548));
#11965=DIRECTION('ref_axis',(0.856749766114568,0.,-0.515732331992704));
#11966=DIRECTION('',(-0.425652674389441,0.564641302762309,0.707106781186547));
#11967=DIRECTION('',(-0.79852338824247,-0.601963784981926,0.));
#11968=DIRECTION('',(0.79852338824247,0.601963784981926,0.));
#11969=DIRECTION('center_axis',(0.,0.,1.));
#11970=DIRECTION('ref_axis',(6.51724233072832E-16,1.,0.));
#11971=DIRECTION('center_axis',(0.,0.,-1.));
#11972=DIRECTION('ref_axis',(6.51724233072832E-16,1.,0.));
#11973=DIRECTION('center_axis',(0.,0.,1.));
#11974=DIRECTION('ref_axis',(6.51724233072831E-16,1.,0.));
#11975=DIRECTION('center_axis',(-9.40996509769792E-17,0.612372435695794,
0.790569415042095));
#11976=DIRECTION('ref_axis',(1.,0.,1.19027689645657E-16));
#11977=DIRECTION('',(-2.26623325918419E-16,-0.790569415042095,0.612372435695794));
#11978=DIRECTION('',(1.,0.,0.));
#11979=DIRECTION('',(2.26623325918419E-16,0.790569415042096,-0.612372435695794));
#11980=DIRECTION('',(-1.,-1.53664086578392E-16,0.));
#11981=DIRECTION('center_axis',(1.,0.,0.));
#11982=DIRECTION('ref_axis',(0.,-0.707106781186548,0.707106781186547));
#11983=DIRECTION('',(-1.,0.,0.));
#11984=DIRECTION('center_axis',(1.,0.,0.));
#11985=DIRECTION('ref_axis',(0.,0.,1.));
#11986=DIRECTION('',(1.,0.,0.));
#11987=DIRECTION('center_axis',(1.,0.,0.));
#11988=DIRECTION('ref_axis',(0.,0.,1.));
#11989=DIRECTION('',(-1.,0.,0.));
#11990=DIRECTION('center_axis',(-0.601963784981926,0.79852338824247,0.));
#11991=DIRECTION('ref_axis',(-0.79852338824247,-0.601963784981926,0.));
#11992=DIRECTION('',(0.,0.,1.));
#11993=DIRECTION('',(-0.79852338824247,-0.601963784981926,0.));
#11994=DIRECTION('',(0.,0.,-1.));
#11995=DIRECTION('center_axis',(0.,0.,1.));
#11996=DIRECTION('ref_axis',(-0.948294096850358,-0.317392983348347,0.));
#11997=DIRECTION('',(0.,0.,-1.));
#11998=DIRECTION('center_axis',(0.,0.,1.));
#11999=DIRECTION('ref_axis',(-0.948294096850358,-0.317392983348347,0.));
#12000=DIRECTION('center_axis',(1.53664086578392E-16,-1.,0.));
#12001=DIRECTION('ref_axis',(1.,1.53664086578392E-16,0.));
#12002=DIRECTION('',(0.,0.,1.));
#12003=DIRECTION('',(1.,1.53664086578392E-16,0.));
#12004=DIRECTION('center_axis',(0.,0.,1.));
#12005=DIRECTION('ref_axis',(0.0878629669989706,-0.996132571011579,0.));
#12006=DIRECTION('',(-0.469526590182869,0.528719945823162,-0.707106781186548));
#12007=DIRECTION('center_axis',(0.,0.,-1.));
#12008=DIRECTION('ref_axis',(0.0878629669989705,-0.996132571011579,0.));
#12009=DIRECTION('',(0.0621284997801404,-0.704372095923078,0.707106781186547));
#12010=DIRECTION('center_axis',(0.,0.,1.));
#12011=DIRECTION('ref_axis',(0.0878629669989705,-0.996132571011579,0.));
#12012=DIRECTION('center_axis',(0.,0.,-1.));
#12013=DIRECTION('ref_axis',(-1.,0.,0.));
#12014=DIRECTION('',(0.699797378170139,0.101408231944946,0.707106781186547));
#12015=DIRECTION('center_axis',(0.,0.,-1.));
#12016=DIRECTION('ref_axis',(-1.,0.,0.));
#12017=DIRECTION('center_axis',(0.,0.,1.));
#12018=DIRECTION('ref_axis',(-1.,0.,0.));
#12019=DIRECTION('center_axis',(0.,0.,1.));
#12020=DIRECTION('ref_axis',(0.959305290182651,-0.282370962082823,0.));
#12021=DIRECTION('center_axis',(0.,0.,-1.));
#12022=DIRECTION('ref_axis',(0.959305290182651,-0.282370962082823,0.));
#12023=DIRECTION('',(0.533264070126812,-0.464359162192143,0.707106781186546));
#12024=DIRECTION('center_axis',(0.,0.,1.));
#12025=DIRECTION('ref_axis',(0.959305290182651,-0.282370962082823,0.));
#12026=DIRECTION('center_axis',(-0.533264070126812,0.464359162192141,0.707106781186548));
#12027=DIRECTION('ref_axis',(0.798407039453538,0.,0.602118094190032));
#12028=DIRECTION('',(0.533264070126813,-0.46435916219214,0.707106781186547));
#12029=DIRECTION('',(0.656703024984333,0.754149280299614,0.));
#12030=DIRECTION('',(-0.656703024984333,-0.754149280299614,0.));
#12031=DIRECTION('center_axis',(0.,0.,1.));
#12032=DIRECTION('ref_axis',(-0.252676071455349,-0.967550930397926,0.));
#12033=DIRECTION('center_axis',(0.,0.,-1.));
#12034=DIRECTION('ref_axis',(-0.252676071455349,-0.967550930397926,0.));
#12035=DIRECTION('',(-0.692221610910014,-0.144323391690828,0.707106781186548));
#12036=DIRECTION('center_axis',(0.,0.,1.));
#12037=DIRECTION('ref_axis',(-0.252676071455349,-0.967550930397926,0.));
#12038=DIRECTION('center_axis',(0.692221610910015,0.144323391690827,0.707106781186548));
#12039=DIRECTION('ref_axis',(0.714588107877765,0.,-0.699545449616875));
#12040=DIRECTION('',(-0.692221610910016,-0.144323391690826,0.707106781186547));
#12041=DIRECTION('',(0.204104097896852,-0.978949190316695,0.));
#12042=DIRECTION('',(-0.204104097896852,0.978949190316695,0.));
#12043=DIRECTION('center_axis',(0.,0.,1.));
#12044=DIRECTION('ref_axis',(-0.964587406112391,0.263763409079745,0.));
#12045=DIRECTION('center_axis',(0.,0.,-1.));
#12046=DIRECTION('ref_axis',(-0.964587406112391,0.263763409079746,0.));
#12047=DIRECTION('',(-0.522465982377085,0.476475914668044,0.707106781186546));
#12048=DIRECTION('center_axis',(0.,0.,1.));
#12049=DIRECTION('ref_axis',(-0.964587406112391,0.263763409079745,0.));
#12050=DIRECTION('center_axis',(0.522465982377087,-0.476475914668044,0.707106781186545));
#12051=DIRECTION('ref_axis',(0.804272992630529,0.,-0.594260004817027));
#12052=DIRECTION('',(-0.522465982377081,0.476475914668043,0.707106781186549));
#12053=DIRECTION('',(-0.673838700667671,-0.738878478156256,0.));
#12054=DIRECTION('',(0.673838700667671,0.738878478156256,0.));
#12055=DIRECTION('center_axis',(0.,0.,1.));
#12056=DIRECTION('ref_axis',(0.247086042102543,0.968993543733961,0.));
#12057=DIRECTION('',(0.247346437641659,0.662434706054854,0.707106781186548));
#12058=DIRECTION('center_axis',(0.,0.,1.));
#12059=DIRECTION('ref_axis',(0.247086042102543,0.968993543733961,0.));
#12060=DIRECTION('center_axis',(0.,0.,-1.));
#12061=DIRECTION('ref_axis',(0.247086042102543,0.968993543733961,0.));
#12062=DIRECTION('center_axis',(0.,0.,1.));
#12063=DIRECTION('ref_axis',(0.,1.,0.));
#12064=DIRECTION('center_axis',(0.,0.,1.));
#12065=DIRECTION('ref_axis',(0.,1.,0.));
#12066=DIRECTION('',(-0.767901059300186,-0.187957343899249,-0.612372435695787));
#12067=DIRECTION('center_axis',(0.,0.,-1.));
#12068=DIRECTION('ref_axis',(0.,1.,0.));
#12069=DIRECTION('center_axis',(0.,0.,1.));
#12070=DIRECTION('ref_axis',(1.,0.,0.));
#12071=DIRECTION('center_axis',(0.,0.,1.));
#12072=DIRECTION('ref_axis',(0.707106781186548,0.707106781186548,0.));
#12073=DIRECTION('center_axis',(1.,0.,0.));
#12074=DIRECTION('ref_axis',(0.,1.,0.));
#12075=DIRECTION('center_axis',(0.,0.,-1.));
#12076=DIRECTION('ref_axis',(0.707106781186548,0.707106781186548,0.));
#12077=DIRECTION('center_axis',(-0.978949190316695,-0.204104097896852,0.));
#12078=DIRECTION('ref_axis',(0.204104097896852,-0.978949190316695,0.));
#12079=DIRECTION('',(0.,0.,1.));
#12080=DIRECTION('',(0.204104097896852,-0.978949190316695,0.));
#12081=DIRECTION('',(0.,0.,-1.));
#12082=DIRECTION('center_axis',(0.,0.,1.));
#12083=DIRECTION('ref_axis',(-0.252676071455349,-0.967550930397926,0.));
#12084=DIRECTION('',(0.,0.,-1.));
#12085=DIRECTION('center_axis',(0.,0.,1.));
#12086=DIRECTION('ref_axis',(-0.252676071455349,-0.967550930397926,0.));
#12087=DIRECTION('center_axis',(0.754149280299614,-0.656703024984333,0.));
#12088=DIRECTION('ref_axis',(0.656703024984333,0.754149280299614,0.));
#12089=DIRECTION('',(0.,0.,1.));
#12090=DIRECTION('',(0.656703024984333,0.754149280299614,0.));
#12091=DIRECTION('center_axis',(0.,0.,1.));
#12092=DIRECTION('ref_axis',(0.959305290182651,-0.282370962082823,0.));
#12093=DIRECTION('',(0.,0.,-1.));
#12094=DIRECTION('center_axis',(0.,0.,1.));
#12095=DIRECTION('ref_axis',(0.959305290182651,-0.282370962082823,0.));
#12096=DIRECTION('center_axis',(0.,0.,1.));
#12097=DIRECTION('ref_axis',(-0.784159735088905,0.620559030121469,0.));
#12098=DIRECTION('',(0.,0.,1.));
#12099=DIRECTION('center_axis',(0.,0.,-1.));
#12100=DIRECTION('ref_axis',(-1.,0.,0.));
#12101=DIRECTION('center_axis',(0.,0.,-1.));
#12102=DIRECTION('ref_axis',(-1.,0.,0.));
#12103=DIRECTION('',(0.548021469664248,0.446847254424861,0.707106781186549));
#12104=DIRECTION('center_axis',(0.,0.,-1.));
#12105=DIRECTION('ref_axis',(-1.,0.,0.));
#12106=DIRECTION('',(-0.573066289395561,-0.414240302189928,-0.707106781186548));
#12107=DIRECTION('center_axis',(0.,0.,1.));
#12108=DIRECTION('ref_axis',(-1.,0.,0.));
#12109=DIRECTION('center_axis',(0.,0.,1.));
#12110=DIRECTION('ref_axis',(0.98715520814218,0.159764185716853,0.));
#12111=DIRECTION('center_axis',(0.,0.,-1.));
#12112=DIRECTION('ref_axis',(0.98715520814218,0.159764185716853,0.));
#12113=DIRECTION('',(0.660991808775384,-0.25117688733609,0.707106781186547));
#12114=DIRECTION('center_axis',(0.,0.,1.));
#12115=DIRECTION('ref_axis',(0.98715520814218,0.159764185716853,0.));
#12116=DIRECTION('center_axis',(-0.660991808775383,0.251176887336091,0.707106781186548));
#12117=DIRECTION('ref_axis',(0.730526585134143,0.,0.682884256966177));
#12118=DIRECTION('',(0.660991808775383,-0.251176887336093,0.707106781186547));
#12119=DIRECTION('',(0.355217760625359,0.93478358058767,0.));
#12120=DIRECTION('',(-0.355217760625359,-0.93478358058767,0.));
#12121=DIRECTION('center_axis',(0.,0.,1.));
#12122=DIRECTION('ref_axis',(0.93478358058767,-0.355217760625359,0.));
#12123=DIRECTION('center_axis',(0.,0.,-1.));
#12124=DIRECTION('ref_axis',(0.93478358058767,-0.355217760625359,0.));
#12125=DIRECTION('',(-0.425652674391515,-0.564641302760744,0.707106781186548));
#12126=DIRECTION('center_axis',(0.,0.,1.));
#12127=DIRECTION('ref_axis',(0.93478358058767,-0.355217760625359,0.));
#12128=DIRECTION('center_axis',(0.425652674391516,0.564641302760746,0.707106781186546));
#12129=DIRECTION('ref_axis',(0.856749766113456,0.,-0.515732331994551));
#12130=DIRECTION('',(-0.425652674391513,-0.564641302760744,0.707106781186549));
#12131=DIRECTION('',(0.798523388240258,-0.60196378498486,0.));
#12132=DIRECTION('',(-0.798523388240258,0.60196378498486,0.));
#12133=DIRECTION('center_axis',(0.,0.,1.));
#12134=DIRECTION('ref_axis',(-0.948294096849773,0.317392983350095,0.));
#12135=DIRECTION('',(-0.527046276694731,0.47140452079103,0.707106781186548));
#12136=DIRECTION('center_axis',(0.,0.,1.));
#12137=DIRECTION('ref_axis',(-0.948294096849773,0.317392983350095,0.));
#12138=DIRECTION('center_axis',(0.,0.,-1.));
#12139=DIRECTION('ref_axis',(-0.948294096849773,0.317392983350095,0.));
#12140=DIRECTION('center_axis',(0.,0.,1.));
#12141=DIRECTION('ref_axis',(0.207542134656353,0.978226079361148,0.));
#12142=DIRECTION('',(-0.0758027478149521,-0.703031964724011,-0.707106781186547));
#12143=DIRECTION('center_axis',(0.,0.,-1.));
#12144=DIRECTION('ref_axis',(0.207542134656353,0.978226079361149,0.));
#12145=DIRECTION('center_axis',(0.,0.,1.));
#12146=DIRECTION('ref_axis',(0.207542134656353,0.978226079361149,0.));
#12147=DIRECTION('center_axis',(0.,-0.612372435695797,0.790569415042093));
#12148=DIRECTION('ref_axis',(1.,0.,0.));
#12149=DIRECTION('',(2.37646284491092E-11,0.790569415042093,0.612372435695797));
#12150=DIRECTION('',(-1.,0.,0.));
#12151=DIRECTION('',(0.,-0.790569415042093,-0.612372435695797));
#12152=DIRECTION('',(1.,0.,0.));
#12153=DIRECTION('center_axis',(0.,0.,-1.));
#12154=DIRECTION('ref_axis',(1.,1.45489772388448E-11,0.));
#12155=DIRECTION('',(-0.397458121348626,0.683393767731331,0.612372435695792));
#12156=DIRECTION('center_axis',(0.,0.,-1.));
#12157=DIRECTION('ref_axis',(1.,1.45483234934008E-11,0.));
#12158=DIRECTION('center_axis',(0.,0.,1.));
#12159=DIRECTION('ref_axis',(1.,1.45494727377127E-11,0.));
#12160=DIRECTION('center_axis',(0.,0.,1.));
#12161=DIRECTION('ref_axis',(0.98715520814218,0.159764185716853,0.));
#12162=DIRECTION('',(0.,0.,-1.));
#12163=DIRECTION('center_axis',(0.,0.,1.));
#12164=DIRECTION('ref_axis',(0.98715520814218,0.159764185716853,0.));
#12165=DIRECTION('',(0.,0.,1.));
#12166=DIRECTION('center_axis',(0.,0.,1.));
#12167=DIRECTION('ref_axis',(1.,0.,0.));
#12168=DIRECTION('',(0.,0.,1.));
#12169=DIRECTION('center_axis',(0.,0.,-1.));
#12170=DIRECTION('ref_axis',(-1.,0.,0.));
#12171=DIRECTION('center_axis',(0.,0.,1.));
#12172=DIRECTION('ref_axis',(0.207542134656353,0.978226079361149,0.));
#12173=DIRECTION('',(0.,0.,-1.));
#12174=DIRECTION('center_axis',(0.,0.,1.));
#12175=DIRECTION('ref_axis',(0.207542134656353,0.978226079361149,0.));
#12176=DIRECTION('center_axis',(0.,0.,1.));
#12177=DIRECTION('ref_axis',(-1.,-1.45494727377127E-11,0.));
#12178=DIRECTION('',(0.,0.,1.));
#12179=DIRECTION('center_axis',(0.,0.,-1.));
#12180=DIRECTION('ref_axis',(1.,1.45494727377127E-11,0.));
#12181=DIRECTION('center_axis',(0.,1.,0.));
#12182=DIRECTION('ref_axis',(-1.,0.,0.));
#12183=DIRECTION('',(0.,0.,1.));
#12184=DIRECTION('',(-1.,0.,0.));
#12185=DIRECTION('center_axis',(0.,0.,1.));
#12186=DIRECTION('ref_axis',(1.,0.,0.));
#12187=DIRECTION('center_axis',(0.,0.,-1.));
#12188=DIRECTION('ref_axis',(-1.,0.,0.));
#12189=DIRECTION('',(1.,0.,0.));
#12190=DIRECTION('',(-8.88178419700125E-16,1.,0.));
#12191=DIRECTION('center_axis',(0.,0.,1.));
#12192=DIRECTION('ref_axis',(0.707106781186548,-0.707106781186547,0.));
#12193=DIRECTION('',(1.,0.,0.));
#12194=DIRECTION('center_axis',(0.,0.,1.));
#12195=DIRECTION('ref_axis',(0.948294096850434,0.317392983348118,0.));
#12196=DIRECTION('',(0.798523388242756,0.601963784981545,0.));
#12197=DIRECTION('center_axis',(0.,0.,1.));
#12198=DIRECTION('ref_axis',(0.601963784981545,-0.798523388242756,0.));
#12199=DIRECTION('',(0.355217760625359,-0.93478358058767,0.));
#12200=DIRECTION('center_axis',(0.,0.,1.));
#12201=DIRECTION('ref_axis',(-0.98715520814218,0.159764185716853,0.));
#12202=DIRECTION('center_axis',(0.,0.,-1.));
#12203=DIRECTION('ref_axis',(1.,0.,0.));
#12204=DIRECTION('center_axis',(0.,0.,1.));
#12205=DIRECTION('ref_axis',(-0.207542134656353,0.978226079361149,0.));
#12206=DIRECTION('center_axis',(0.,0.,1.));
#12207=DIRECTION('ref_axis',(-0.707106781186548,-0.707106781186547,0.));
#12208=DIRECTION('',(8.88178419700125E-16,-1.,0.));
#12209=DIRECTION('',(1.,0.,0.));
#12210=DIRECTION('center_axis',(0.,0.,-1.));
#12211=DIRECTION('ref_axis',(-0.707106781186548,0.707106781186548,0.));
#12212=DIRECTION('center_axis',(0.,0.,1.));
#12213=DIRECTION('ref_axis',(-0.247086039148792,0.968993544487145,0.));
#12214=DIRECTION('',(-0.673838691584069,0.738878486440274,0.));
#12215=DIRECTION('center_axis',(0.,0.,1.));
#12216=DIRECTION('ref_axis',(0.964587407733153,0.263763403152592,0.));
#12217=DIRECTION('',(0.204104097892685,0.978949190317564,0.));
#12218=DIRECTION('center_axis',(0.,0.,1.));
#12219=DIRECTION('ref_axis',(0.252676071456224,-0.967550930397697,0.));
#12220=DIRECTION('',(0.65670302498249,-0.754149280301219,0.));
#12221=DIRECTION('center_axis',(0.,0.,1.));
#12222=DIRECTION('ref_axis',(-0.959305290183341,-0.282370962080479,0.));
#12223=DIRECTION('center_axis',(0.,0.,-1.));
#12224=DIRECTION('ref_axis',(1.,0.,0.));
#12225=DIRECTION('center_axis',(0.,0.,1.));
#12226=DIRECTION('ref_axis',(-0.0896372198303941,-0.995974482013007,0.));
#12227=DIRECTION('center_axis',(0.,0.,-1.));
#12228=DIRECTION('ref_axis',(-1.,0.,0.));
#12229=DIRECTION('center_axis',(0.,0.,-1.));
#12230=DIRECTION('ref_axis',(-1.,0.,0.));
#12231=DIRECTION('',(-1.,0.,0.));
#12232=DIRECTION('center_axis',(0.,0.,1.));
#12233=DIRECTION('ref_axis',(-0.786584557077244,-0.617482578351483,0.));
#12234=DIRECTION('',(1.11580203479915E-16,-1.,0.));
#12235=DIRECTION('center_axis',(0.,0.,1.));
#12236=DIRECTION('ref_axis',(-0.18057743409795,0.983560771022615,0.));
#12237=DIRECTION('',(-0.355217760621331,0.934783580589201,0.));
#12238=DIRECTION('center_axis',(0.,0.,1.));
#12239=DIRECTION('ref_axis',(0.823170019079088,-0.567794962719232,0.));
#12240=DIRECTION('',(1.,-4.22942104619107E-16,0.));
#12241=DIRECTION('center_axis',(0.,0.,1.));
#12242=DIRECTION('ref_axis',(-0.567794962717459,-0.823170019080311,0.));
#12243=DIRECTION('',(0.355217760625359,-0.93478358058767,0.));
#12244=DIRECTION('center_axis',(0.,0.,1.));
#12245=DIRECTION('ref_axis',(-0.823170019080311,0.56779496271746,0.));
#12246=DIRECTION('center_axis',(0.,0.,1.));
#12247=DIRECTION('ref_axis',(0.823170019080311,0.567794962717458,0.));
#12248=DIRECTION('',(0.355217760625359,0.93478358058767,0.));
#12249=DIRECTION('center_axis',(0.,0.,1.));
#12250=DIRECTION('ref_axis',(0.567794962717458,-0.823170019080312,0.));
#12251=DIRECTION('',(1.,-4.22942104619107E-16,0.));
#12252=DIRECTION('center_axis',(0.,0.,1.));
#12253=DIRECTION('ref_axis',(-0.823170019078759,-0.567794962719709,0.));
#12254=DIRECTION('',(-0.355217760620249,-0.934783580589612,0.));
#12255=DIRECTION('center_axis',(0.,0.,1.));
#12256=DIRECTION('ref_axis',(0.180577434097383,0.983560771022719,0.));
#12257=DIRECTION('',(1.11580203479915E-16,1.,0.));
#12258=DIRECTION('center_axis',(0.,0.,1.));
#12259=DIRECTION('ref_axis',(0.786584557077247,-0.61748257835148,0.));
#12260=DIRECTION('',(-1.,0.,0.));
#12261=DIRECTION('center_axis',(0.,0.,-1.));
#12262=DIRECTION('ref_axis',(1.,0.,0.));
#12263=DIRECTION('center_axis',(0.,0.,-1.));
#12264=DIRECTION('ref_axis',(1.,0.,0.));
#12265=DIRECTION('center_axis',(-1.,0.,0.));
#12266=DIRECTION('ref_axis',(0.,0.707106781186548,0.707106781186547));
#12267=DIRECTION('center_axis',(1.,1.11022302462516E-15,0.));
#12268=DIRECTION('ref_axis',(-1.11022302462516E-15,1.,0.));
#12269=DIRECTION('',(-1.,0.,0.));
#12270=DIRECTION('center_axis',(1.,5.55111512312578E-16,0.));
#12271=DIRECTION('ref_axis',(-5.55111512312578E-16,1.,0.));
#12272=DIRECTION('',(-1.,0.,0.));
#12273=DIRECTION('center_axis',(0.,0.,1.));
#12274=DIRECTION('ref_axis',(-0.98715520814218,0.159764185716853,0.));
#12275=DIRECTION('',(0.660991808775385,0.251176887336089,-0.707106781186546));
#12276=DIRECTION('center_axis',(0.,0.,-1.));
#12277=DIRECTION('ref_axis',(-0.98715520814218,0.159764185716854,0.));
#12278=DIRECTION('',(-0.548021469664248,0.446847254424865,0.707106781186546));
#12279=DIRECTION('center_axis',(0.660991808775383,0.251176887336091,0.707106781186548));
#12280=DIRECTION('ref_axis',(0.730526585134143,0.,-0.682884256966177));
#12281=DIRECTION('',(0.660991808775382,0.251176887336092,-0.707106781186548));
#12282=DIRECTION('',(-0.355217760625359,0.93478358058767,0.));
#12283=DIRECTION('center_axis',(0.,0.,1.));
#12284=DIRECTION('ref_axis',(0.601963784981545,-0.798523388242756,0.));
#12285=DIRECTION('',(-0.42565267438917,0.564641302762511,-0.707106781186548));
#12286=DIRECTION('center_axis',(0.,0.,-1.));
#12287=DIRECTION('ref_axis',(0.601963784981545,-0.798523388242756,0.));
#12288=DIRECTION('center_axis',(-0.425652674389172,0.564641302762512,0.707106781186547));
#12289=DIRECTION('ref_axis',(0.856749766114712,0.,0.515732331992466));
#12290=DIRECTION('',(-0.425652674389172,0.564641302762511,-0.707106781186548));
#12291=DIRECTION('',(-0.798523388242756,-0.601963784981545,0.));
#12292=DIRECTION('center_axis',(0.,0.,1.));
#12293=DIRECTION('ref_axis',(0.948294096850434,0.317392983348119,0.));
#12294=DIRECTION('',(-0.527046276694731,-0.471404520791033,-0.707106781186546));
#12295=DIRECTION('center_axis',(0.,0.,-1.));
#12296=DIRECTION('ref_axis',(0.948294096850434,0.317392983348119,0.));
#12297=DIRECTION('center_axis',(0.,0.,1.));
#12298=DIRECTION('ref_axis',(-0.207542134656353,0.978226079361148,0.));
#12299=DIRECTION('',(-0.0758027478149519,0.703031964724012,0.707106781186546));
#12300=DIRECTION('',(0.573066289395562,-0.414240302189928,-0.707106781186547));
#12301=DIRECTION('center_axis',(0.,0.,-1.));
#12302=DIRECTION('ref_axis',(-0.207542134656353,0.978226079361149,0.));
#12303=DIRECTION('center_axis',(0.,0.,-1.));
#12304=DIRECTION('ref_axis',(1.,0.,0.));
#12305=DIRECTION('center_axis',(0.,0.,1.));
#12306=DIRECTION('ref_axis',(1.,0.,0.));
#12307=DIRECTION('center_axis',(0.,-0.612372435695797,0.790569415042093));
#12308=DIRECTION('ref_axis',(1.,0.,0.));
#12309=DIRECTION('',(0.,0.790569415042093,0.612372435695797));
#12310=DIRECTION('',(2.37637219558056E-11,-0.790569415042092,-0.612372435695798));
#12311=DIRECTION('',(1.,0.,0.));
#12312=DIRECTION('center_axis',(0.,0.,-1.));
#12313=DIRECTION('ref_axis',(7.27654115126362E-12,-1.,0.));
#12314=DIRECTION('center_axis',(0.,0.,-1.));
#12315=DIRECTION('ref_axis',(7.27672513434775E-12,-1.,0.));
#12316=DIRECTION('',(-0.397458121348624,-0.683393767731331,-0.612372435695792));
#12317=DIRECTION('center_axis',(0.,0.,1.));
#12318=DIRECTION('ref_axis',(7.27640170339329E-12,-1.,0.));
#12319=DIRECTION('center_axis',(-0.93478358058767,-0.355217760625359,0.));
#12320=DIRECTION('ref_axis',(0.355217760625359,-0.93478358058767,0.));
#12321=DIRECTION('',(0.,0.,1.));
#12322=DIRECTION('',(0.355217760625359,-0.93478358058767,0.));
#12323=DIRECTION('',(0.,0.,-1.));
#12324=DIRECTION('center_axis',(0.,0.,-1.));
#12325=DIRECTION('ref_axis',(0.601963784981545,-0.798523388242757,0.));
#12326=DIRECTION('',(0.,0.,-1.));
#12327=DIRECTION('center_axis',(0.,0.,1.));
#12328=DIRECTION('ref_axis',(0.601963784981545,-0.798523388242756,0.));
#12329=DIRECTION('center_axis',(0.601963784981545,-0.798523388242756,0.));
#12330=DIRECTION('ref_axis',(0.798523388242756,0.601963784981545,0.));
#12331=DIRECTION('',(0.,0.,1.));
#12332=DIRECTION('',(0.798523388242756,0.601963784981545,0.));
#12333=DIRECTION('center_axis',(0.,0.,1.));
#12334=DIRECTION('ref_axis',(0.948294096850434,0.317392983348119,0.));
#12335=DIRECTION('',(0.,0.,-1.));
#12336=DIRECTION('center_axis',(0.,0.,1.));
#12337=DIRECTION('ref_axis',(0.948294096850434,0.317392983348119,0.));
#12338=DIRECTION('center_axis',(0.,1.,0.));
#12339=DIRECTION('ref_axis',(-1.,0.,0.));
#12340=DIRECTION('',(0.,0.,1.));
#12341=DIRECTION('',(-1.,0.,0.));
#12342=DIRECTION('center_axis',(0.,0.,-1.));
#12343=DIRECTION('ref_axis',(-1.,0.,0.));
#12344=DIRECTION('center_axis',(0.,0.,-1.));
#12345=DIRECTION('ref_axis',(-0.707106781186548,-0.707106781186547,0.));
#12346=DIRECTION('center_axis',(0.,-1.,0.));
#12347=DIRECTION('ref_axis',(1.,0.,0.));
#12348=DIRECTION('center_axis',(-0.52246598823477,-0.476475908244965,0.707106781186548));
#12349=DIRECTION('ref_axis',(0.804272989446154,0.,0.594260009126768));
#12350=DIRECTION('',(0.522465988234771,0.476475908244966,0.707106781186547));
#12351=DIRECTION('',(-0.52246598823477,-0.476475908244968,-0.707106781186546));
#12352=DIRECTION('',(0.673838691584069,-0.738878486440274,0.));
#12353=DIRECTION('center_axis',(0.,0.,1.));
#12354=DIRECTION('ref_axis',(0.964587407733153,0.263763403152592,0.));
#12355=DIRECTION('center_axis',(0.,0.,-1.));
#12356=DIRECTION('ref_axis',(0.964587407733153,0.263763403152592,0.));
#12357=DIRECTION('',(0.692221610910629,-0.144323391687881,0.707106781186548));
#12358=DIRECTION('center_axis',(-0.692221610910628,0.14432339168788,0.707106781186549));
#12359=DIRECTION('ref_axis',(0.714588107877455,0.,0.699545449617192));
#12360=DIRECTION('',(0.69222161091063,-0.144323391687881,0.707106781186546));
#12361=DIRECTION('',(-0.204104097892685,-0.978949190317564,0.));
#12362=DIRECTION('center_axis',(0.,0.,1.));
#12363=DIRECTION('ref_axis',(0.252676071456224,-0.967550930397697,0.));
#12364=DIRECTION('center_axis',(0.,0.,-1.));
#12365=DIRECTION('ref_axis',(0.252676071456224,-0.967550930397697,0.));
#12366=DIRECTION('',(-0.533264070127947,-0.464359162190838,0.707106781186547));
#12367=DIRECTION('center_axis',(0.533264070127946,0.464359162190837,0.707106781186548));
#12368=DIRECTION('ref_axis',(0.798407039452923,0.,-0.602118094190848));
#12369=DIRECTION('',(-0.533264070127947,-0.464359162190838,0.707106781186547));
#12370=DIRECTION('',(-0.65670302498249,0.754149280301219,0.));
#12371=DIRECTION('center_axis',(0.,0.,1.));
#12372=DIRECTION('ref_axis',(-0.959305290183341,-0.282370962080479,0.));
#12373=DIRECTION('center_axis',(0.,0.,-1.));
#12374=DIRECTION('ref_axis',(-0.959305290183341,-0.282370962080479,0.));
#12375=DIRECTION('',(-0.699797378169893,0.101408231946654,0.707106781186546));
#12376=DIRECTION('center_axis',(0.,0.,-1.));
#12377=DIRECTION('ref_axis',(1.,0.,0.));
#12378=DIRECTION('',(-0.0633830859887824,-0.704260310120157,0.707106781186547));
#12379=DIRECTION('center_axis',(0.,0.,1.));
#12380=DIRECTION('ref_axis',(1.,0.,0.));
#12381=DIRECTION('center_axis',(0.,0.,1.));
#12382=DIRECTION('ref_axis',(-0.0896372198303941,-0.995974482013007,0.));
#12383=DIRECTION('',(-0.471868484438995,-0.52663092711428,0.707106781186548));
#12384=DIRECTION('center_axis',(0.,0.,-1.));
#12385=DIRECTION('ref_axis',(-0.0896372198303941,-0.995974482013007,0.));
#12386=DIRECTION('center_axis',(0.,0.,1.));
#12387=DIRECTION('ref_axis',(-0.247086039148792,0.968993544487146,0.));
#12388=DIRECTION('',(0.247346441746917,-0.662434704521991,-0.707106781186548));
#12389=DIRECTION('center_axis',(0.,0.,-1.));
#12390=DIRECTION('ref_axis',(-0.247086039148792,0.968993544487145,0.));
#12391=DIRECTION('',(-0.788046571781343,-0.0471835669224137,0.613804783067182));
#12392=DIRECTION('center_axis',(0.,0.,1.));
#12393=DIRECTION('ref_axis',(-1.,5.82023678614809E-12,0.));
#12394=DIRECTION('',(-0.767901060464992,0.187957339140389,0.612372435695799));
#12395=DIRECTION('center_axis',(0.,0.,1.));
#12396=DIRECTION('ref_axis',(-1.,5.82024007003982E-12,0.));
#12397=DIRECTION('',(0.790374892369104,-0.0175365193958985,-0.612372435695799));
#12398=DIRECTION('center_axis',(0.,0.,-1.));
#12399=DIRECTION('ref_axis',(-1.,5.82023318429492E-12,0.));
#12400=DIRECTION('center_axis',(0.,0.,1.));
#12401=DIRECTION('ref_axis',(0.252676071456224,-0.967550930397697,0.));
#12402=DIRECTION('',(0.,0.,-1.));
#12403=DIRECTION('center_axis',(0.,0.,1.));
#12404=DIRECTION('ref_axis',(0.252676071456224,-0.967550930397697,0.));
#12405=DIRECTION('',(0.,0.,1.));
#12406=DIRECTION('center_axis',(0.978949190317564,-0.204104097892685,0.));
#12407=DIRECTION('ref_axis',(0.204104097892685,0.978949190317564,0.));
#12408=DIRECTION('',(0.,0.,1.));
#12409=DIRECTION('',(0.204104097892685,0.978949190317564,0.));
#12410=DIRECTION('center_axis',(0.,0.,1.));
#12411=DIRECTION('ref_axis',(0.964587407733153,0.263763403152592,0.));
#12412=DIRECTION('',(0.,0.,-1.));
#12413=DIRECTION('center_axis',(0.,0.,1.));
#12414=DIRECTION('ref_axis',(0.964587407733153,0.263763403152592,0.));
#12415=DIRECTION('center_axis',(0.738878486440274,0.673838691584069,0.));
#12416=DIRECTION('ref_axis',(-0.673838691584069,0.738878486440274,0.));
#12417=DIRECTION('',(0.,0.,1.));
#12418=DIRECTION('',(-0.673838691584069,0.738878486440274,0.));
#12419=DIRECTION('center_axis',(0.,0.,1.));
#12420=DIRECTION('ref_axis',(-0.247086039148792,0.968993544487146,0.));
#12421=DIRECTION('',(0.,0.,-1.));
#12422=DIRECTION('center_axis',(0.,0.,1.));
#12423=DIRECTION('ref_axis',(-0.247086039148792,0.968993544487145,0.));
#12424=DIRECTION('center_axis',(0.,0.,1.));
#12425=DIRECTION('ref_axis',(-1.,5.82023318429492E-12,0.));
#12426=DIRECTION('',(0.,0.,1.));
#12427=DIRECTION('center_axis',(0.,0.,1.));
#12428=DIRECTION('ref_axis',(-1.,5.82023318429492E-12,0.));
#12429=DIRECTION('center_axis',(0.,0.,1.));
#12430=DIRECTION('ref_axis',(1.,0.,0.));
#12431=DIRECTION('center_axis',(1.,0.,0.));
#12432=DIRECTION('ref_axis',(0.,1.,0.));
#12433=DIRECTION('center_axis',(0.,0.,1.));
#12434=DIRECTION('ref_axis',(-0.707106781186548,0.707106781186548,0.));
#12435=DIRECTION('center_axis',(0.,0.,1.));
#12436=DIRECTION('ref_axis',(-1.,-2.22044604925031E-15,0.));
#12437=DIRECTION('',(0.707106781186547,0.,-0.707106781186548));
#12438=DIRECTION('center_axis',(0.,0.,-1.));
#12439=DIRECTION('ref_axis',(-1.,-2.22044604925031E-15,0.));
#12440=DIRECTION('',(0.582747791849905,0.400505943893546,0.707106781186547));
#12441=DIRECTION('center_axis',(0.,0.,1.));
#12442=DIRECTION('ref_axis',(-1.,-2.22044604925031E-15,0.));
#12443=DIRECTION('center_axis',(0.707106781186547,1.57009245870662E-15,
0.707106781186548));
#12444=DIRECTION('ref_axis',(0.707106781186548,0.,-0.707106781186547));
#12445=DIRECTION('',(2.22044604928262E-15,-1.,0.));
#12446=DIRECTION('',(0.707106781186548,0.,-0.707106781186547));
#12447=DIRECTION('',(-2.22044604928262E-15,1.,0.));
#12448=DIRECTION('center_axis',(0.,0.,-1.));
#12449=DIRECTION('ref_axis',(1.,1.60060853460209E-11,0.));
#12450=DIRECTION('center_axis',(0.,0.,-1.));
#12451=DIRECTION('ref_axis',(1.,1.60060853460209E-11,0.));
#12452=DIRECTION('',(0.695121891789055,-0.12963624321773,-0.707106781186546));
#12453=DIRECTION('center_axis',(0.,0.,1.));
#12454=DIRECTION('ref_axis',(1.,1.60060853460209E-11,0.));
#12455=DIRECTION('center_axis',(0.,0.,1.));
#12456=DIRECTION('ref_axis',(-0.769198717280162,-0.639009650423649,0.));
#12457=DIRECTION('',(0.527046276695085,0.471404520790637,-0.707106781186546));
#12458=DIRECTION('center_axis',(0.,0.,-1.));
#12459=DIRECTION('ref_axis',(-0.769198717280161,-0.639009650423649,0.));
#12460=DIRECTION('center_axis',(0.,0.,1.));
#12461=DIRECTION('ref_axis',(-0.769198717280162,-0.639009650423649,0.));
#12462=DIRECTION('center_axis',(0.,0.,1.));
#12463=DIRECTION('ref_axis',(0.948887522308192,-0.31561443250875,0.));
#12464=DIRECTION('',(0.681309360940367,-0.189255263321872,0.707106781186546));
#12465=DIRECTION('center_axis',(0.,0.,1.));
#12466=DIRECTION('ref_axis',(0.948887522308192,-0.31561443250875,0.));
#12467=DIRECTION('',(-0.582747791849905,-0.400505943893546,-0.707106781186547));
#12468=DIRECTION('center_axis',(0.,0.,-1.));
#12469=DIRECTION('ref_axis',(0.948887522308192,-0.31561443250875,0.));
#12470=DIRECTION('center_axis',(-0.582747791849904,-0.400505943893548,0.707106781186547));
#12471=DIRECTION('ref_axis',(0.771702812836563,0.,0.635983308476045));
#12472=DIRECTION('',(-0.566400937665293,0.824129830677107,0.));
#12473=DIRECTION('',(0.566400937665293,-0.824129830677107,0.));
#12474=DIRECTION('center_axis',(-1.69721446249922E-12,0.612372435673308,
0.790569415059513));
#12475=DIRECTION('ref_axis',(1.,0.,2.14682535166308E-12));
#12476=DIRECTION('',(1.25096075901924E-12,-0.790569415073004,0.612372435655891));
#12477=DIRECTION('',(1.,0.,0.));
#12478=DIRECTION('',(0.,0.790569415073515,-0.612372435655232));
#12479=DIRECTION('',(-1.,-2.77153961156517E-12,0.));
#12480=DIRECTION('center_axis',(0.,0.,1.));
#12481=DIRECTION('ref_axis',(1.,-5.82108395135841E-12,0.));
#12482=DIRECTION('center_axis',(0.,0.,1.));
#12483=DIRECTION('ref_axis',(1.,-5.8210498425713E-12,0.));
#12484=DIRECTION('',(-0.253526256781488,0.748815355827032,-0.612372435695796));
#12485=DIRECTION('center_axis',(0.,0.,-1.));
#12486=DIRECTION('ref_axis',(1.,-5.82112136271462E-12,0.));
#12487=DIRECTION('center_axis',(-1.,-2.22044604928262E-15,0.));
#12488=DIRECTION('ref_axis',(2.22044604928262E-15,-1.,0.));
#12489=DIRECTION('',(0.,0.,1.));
#12490=DIRECTION('',(2.22044604928262E-15,-1.,0.));
#12491=DIRECTION('',(0.,0.,-1.));
#12492=DIRECTION('center_axis',(0.,0.,1.));
#12493=DIRECTION('ref_axis',(-1.,-1.60060853460209E-11,0.));
#12494=DIRECTION('',(0.,0.,1.));
#12495=DIRECTION('center_axis',(0.,0.,-1.));
#12496=DIRECTION('ref_axis',(1.,1.60060853460209E-11,0.));
#12497=DIRECTION('center_axis',(0.,0.,1.));
#12498=DIRECTION('ref_axis',(-0.769198717280161,-0.639009650423649,0.));
#12499=DIRECTION('',(0.,0.,-1.));
#12500=DIRECTION('center_axis',(0.,0.,1.));
#12501=DIRECTION('ref_axis',(-0.769198717280161,-0.639009650423649,0.));
#12502=DIRECTION('center_axis',(2.77153961156517E-12,-1.,0.));
#12503=DIRECTION('ref_axis',(1.,2.77153961156517E-12,0.));
#12504=DIRECTION('',(0.,0.,1.));
#12505=DIRECTION('',(1.,2.77153961156517E-12,0.));
#12506=DIRECTION('center_axis',(0.,0.,1.));
#12507=DIRECTION('ref_axis',(1.,0.,0.));
#12508=DIRECTION('center_axis',(-1.,0.,0.));
#12509=DIRECTION('ref_axis',(0.,-1.,0.));
#12510=DIRECTION('center_axis',(0.,0.,1.));
#12511=DIRECTION('ref_axis',(0.707106781186548,-0.707106781186548,0.));
#12512=DIRECTION('center_axis',(0.,-1.,0.));
#12513=DIRECTION('ref_axis',(1.,0.,0.));
#12514=DIRECTION('center_axis',(0.,0.,-1.));
#12515=DIRECTION('ref_axis',(0.707106781186548,-0.707106781186548,0.));
#12516=DIRECTION('center_axis',(0.,0.,1.));
#12517=DIRECTION('ref_axis',(-0.8241298173691,0.56640095702883,0.));
#12518=DIRECTION('',(0.582747782439722,-0.400505957585637,-0.707106781186547));
#12519=DIRECTION('center_axis',(0.,0.,-1.));
#12520=DIRECTION('ref_axis',(-0.8241298173691,0.56640095702883,0.));
#12521=DIRECTION('',(0.707106781186548,0.,0.707106781186547));
#12522=DIRECTION('center_axis',(0.,0.,1.));
#12523=DIRECTION('ref_axis',(-0.8241298173691,0.56640095702883,0.));
#12524=DIRECTION('center_axis',(0.582747782439721,-0.400505957585636,0.707106781186547));
#12525=DIRECTION('ref_axis',(0.771702817876893,0.,-0.635983302360103));
#12526=DIRECTION('',(-0.56640095702883,-0.824129817369099,0.));
#12527=DIRECTION('',(0.582747782439721,-0.400505957585635,-0.707106781186549));
#12528=DIRECTION('',(0.56640095702883,0.824129817369099,0.));
#12529=DIRECTION('center_axis',(0.,0.,1.));
#12530=DIRECTION('ref_axis',(-0.948887524987831,-0.315614424452478,0.));
#12531=DIRECTION('',(0.681309359707313,0.189255267760795,-0.707106781186548));
#12532=DIRECTION('center_axis',(0.,0.,-1.));
#12533=DIRECTION('ref_axis',(-0.948887524987831,-0.315614424452478,0.));
#12534=DIRECTION('center_axis',(0.,0.,1.));
#12535=DIRECTION('ref_axis',(-0.948887524987831,-0.315614424452478,0.));
#12536=DIRECTION('center_axis',(0.,0.,1.));
#12537=DIRECTION('ref_axis',(0.76919871728016,-0.639009650423651,0.));
#12538=DIRECTION('',(0.527046276695082,-0.47140452079064,0.707106781186546));
#12539=DIRECTION('center_axis',(0.,0.,1.));
#12540=DIRECTION('ref_axis',(0.76919871728016,-0.639009650423651,0.));
#12541=DIRECTION('',(-0.695121891789055,-0.12963624321773,-0.707106781186547));
#12542=DIRECTION('center_axis',(0.,0.,-1.));
#12543=DIRECTION('ref_axis',(0.76919871728016,-0.639009650423651,0.));
#12544=DIRECTION('center_axis',(0.,0.,-1.));
#12545=DIRECTION('ref_axis',(-1.,-1.60071955690455E-11,0.));
#12546=DIRECTION('center_axis',(0.,0.,-1.));
#12547=DIRECTION('ref_axis',(-1.,-1.60071955690455E-11,0.));
#12548=DIRECTION('',(-0.707106781186547,1.13172264421927E-11,-0.707106781186548));
#12549=DIRECTION('center_axis',(0.,0.,1.));
#12550=DIRECTION('ref_axis',(-1.,-1.60071955690455E-11,0.));
#12551=DIRECTION('center_axis',(-0.707106781186547,0.,0.707106781186548));
#12552=DIRECTION('ref_axis',(0.707106781186548,0.,0.707106781186547));
#12553=DIRECTION('',(0.,1.,0.));
#12554=DIRECTION('',(0.,-1.,0.));
#12555=DIRECTION('center_axis',(0.,0.,1.));
#12556=DIRECTION('ref_axis',(-8.47165210312302E-16,-1.,0.));
#12557=DIRECTION('',(-0.253526251902752,-0.748815357478828,0.612372435695793));
#12558=DIRECTION('center_axis',(0.,0.,1.));
#12559=DIRECTION('ref_axis',(-8.097725314838E-16,-1.,0.));
#12560=DIRECTION('',(-7.25194642938939E-15,0.790569415042101,-0.612372435695787));
#12561=DIRECTION('center_axis',(0.,0.,-1.));
#12562=DIRECTION('ref_axis',(-8.88178419700126E-16,-1.,0.));
#12563=DIRECTION('center_axis',(1.69747346060647E-12,0.612372435680703,
0.790569415053785));
#12564=DIRECTION('ref_axis',(1.,0.,-2.14715296125007E-12));
#12565=DIRECTION('',(1.,-4.22942104619107E-16,0.));
#12566=DIRECTION('',(1.25458673225062E-12,0.79056941506282,-0.612372435669038));
#12567=DIRECTION('',(-1.,2.77196255366979E-12,0.));
#12568=DIRECTION('center_axis',(0.,0.,-1.));
#12569=DIRECTION('ref_axis',(-0.8241298173691,0.56640095702883,0.));
#12570=DIRECTION('',(0.,0.,-1.));
#12571=DIRECTION('center_axis',(0.,0.,1.));
#12572=DIRECTION('ref_axis',(-0.8241298173691,0.56640095702883,0.));
#12573=DIRECTION('',(0.,0.,1.));
#12574=DIRECTION('center_axis',(-0.824129817369099,0.56640095702883,0.));
#12575=DIRECTION('ref_axis',(-0.56640095702883,-0.824129817369099,0.));
#12576=DIRECTION('',(0.,0.,1.));
#12577=DIRECTION('',(-0.56640095702883,-0.824129817369099,0.));
#12578=DIRECTION('center_axis',(0.,0.,1.));
#12579=DIRECTION('ref_axis',(-0.948887524987831,-0.315614424452478,0.));
#12580=DIRECTION('',(0.,0.,-1.));
#12581=DIRECTION('center_axis',(0.,0.,1.));
#12582=DIRECTION('ref_axis',(-0.948887524987831,-0.315614424452478,0.));
#12583=DIRECTION('center_axis',(0.,0.,1.));
#12584=DIRECTION('ref_axis',(-8.88178419700126E-16,-1.,0.));
#12585=DIRECTION('',(0.,0.,1.));
#12586=DIRECTION('center_axis',(0.,0.,1.));
#12587=DIRECTION('ref_axis',(-8.88178419700126E-16,-1.,0.));
#12588=DIRECTION('center_axis',(1.,-4.22942104619108E-16,0.));
#12589=DIRECTION('ref_axis',(0.,-0.707106781186548,0.707106781186547));
#12590=DIRECTION('center_axis',(-1.,0.,0.));
#12591=DIRECTION('ref_axis',(0.,-1.,0.));
#12592=DIRECTION('',(1.,-4.22942104619107E-16,0.));
#12593=DIRECTION('center_axis',(-1.,0.,0.));
#12594=DIRECTION('ref_axis',(0.,-1.,0.));
#12595=DIRECTION('',(-1.,4.22942104619107E-16,0.));
#12596=DIRECTION('center_axis',(0.660991808775383,0.251176887336091,-0.707106781186547));
#12597=DIRECTION('ref_axis',(-0.730526585134143,0.,-0.682884256966177));
#12598=DIRECTION('',(0.660991808775382,0.251176887336093,0.707106781186548));
#12599=DIRECTION('',(0.355217760625359,-0.93478358058767,0.));
#12600=DIRECTION('',(-0.660991808775383,-0.251176887336091,-0.707106781186548));
#12601=DIRECTION('',(-0.355217760625359,0.93478358058767,0.));
#12602=DIRECTION('center_axis',(0.,0.,-1.));
#12603=DIRECTION('ref_axis',(-0.823170019080312,0.567794962717458,0.));
#12604=DIRECTION('',(0.,-0.707106781186547,0.707106781186548));
#12605=DIRECTION('center_axis',(0.,0.,1.));
#12606=DIRECTION('ref_axis',(-0.823170019080312,0.567794962717458,0.));
#12607=DIRECTION('center_axis',(0.,0.,-1.));
#12608=DIRECTION('ref_axis',(-0.823170019080312,0.567794962717458,0.));
#12609=DIRECTION('center_axis',(0.,-0.707106781186547,-0.707106781186548));
#12610=DIRECTION('ref_axis',(-1.,0.,0.));
#12611=DIRECTION('',(0.,-0.707106781186548,0.707106781186547));
#12612=DIRECTION('',(-1.,0.,0.));
#12613=DIRECTION('',(1.,0.,0.));
#12614=DIRECTION('',(-1.,-1.53664086578392E-16,0.));
#12615=DIRECTION('',(1.,0.,0.));
#12616=DIRECTION('center_axis',(0.,0.,-1.));
#12617=DIRECTION('ref_axis',(0.823170019080312,0.567794962717457,0.));
#12618=DIRECTION('',(-0.660991808775382,0.25117688733609,0.707106781186548));
#12619=DIRECTION('center_axis',(0.,0.,1.));
#12620=DIRECTION('ref_axis',(0.823170019080312,0.567794962717457,0.));
#12621=DIRECTION('center_axis',(0.,0.,-1.));
#12622=DIRECTION('ref_axis',(0.823170019080312,0.567794962717457,0.));
#12623=DIRECTION('center_axis',(-0.660991808775383,0.251176887336091,-0.707106781186548));
#12624=DIRECTION('ref_axis',(-0.730526585134143,0.,0.682884256966177));
#12625=DIRECTION('',(-0.660991808775383,0.251176887336091,0.707106781186547));
#12626=DIRECTION('',(0.355217760625359,0.93478358058767,0.));
#12627=DIRECTION('',(-0.355217760625359,-0.93478358058767,0.));
#12628=DIRECTION('center_axis',(0.,0.,-1.));
#12629=DIRECTION('ref_axis',(0.567794962717459,-0.823170019080311,0.));
#12630=DIRECTION('',(0.,0.707106781186548,0.707106781186547));
#12631=DIRECTION('center_axis',(0.,0.,1.));
#12632=DIRECTION('ref_axis',(0.567794962717459,-0.823170019080311,0.));
#12633=DIRECTION('center_axis',(0.,0.,-1.));
#12634=DIRECTION('ref_axis',(0.567794962717459,-0.823170019080311,0.));
#12635=DIRECTION('center_axis',(0.,0.707106781186547,-0.707106781186548));
#12636=DIRECTION('ref_axis',(-1.,0.,0.));
#12637=DIRECTION('',(0.,0.707106781186548,0.707106781186547));
#12638=DIRECTION('',(1.,0.,0.));
#12639=DIRECTION('',(-1.,0.,0.));
#12640=DIRECTION('center_axis',(0.,0.,-1.));
#12641=DIRECTION('ref_axis',(-0.567794962717459,-0.823170019080311,0.));
#12642=DIRECTION('center_axis',(0.,0.,1.));
#12643=DIRECTION('ref_axis',(-0.567794962717459,-0.823170019080311,0.));
#12644=DIRECTION('center_axis',(0.,0.,-1.));
#12645=DIRECTION('ref_axis',(-0.567794962717459,-0.823170019080311,0.));
#12646=DIRECTION('center_axis',(0.,0.,1.));
#12647=DIRECTION('ref_axis',(0.567794962717459,-0.823170019080311,0.));
#12648=DIRECTION('',(0.,0.,1.));
#12649=DIRECTION('center_axis',(0.,0.,-1.));
#12650=DIRECTION('ref_axis',(0.567794962717458,-0.823170019080312,0.));
#12651=DIRECTION('',(0.,0.,-1.));
#12652=DIRECTION('center_axis',(0.,1.,0.));
#12653=DIRECTION('ref_axis',(-1.,0.,0.));
#12654=DIRECTION('',(0.,0.,-1.));
#12655=DIRECTION('',(0.,0.,1.));
#12656=DIRECTION('',(1.,0.,0.));
#12657=DIRECTION('',(0.,0.,1.));
#12658=DIRECTION('',(1.,0.,0.));
#12659=DIRECTION('center_axis',(0.,-1.,0.));
#12660=DIRECTION('ref_axis',(4.41588504004812E-16,3.46944695195362E-17,
1.));
#12661=DIRECTION('',(-2.86509167645202E-16,1.2117679035653E-31,1.));
#12662=DIRECTION('center_axis',(4.22942104619108E-16,1.,0.));
#12663=DIRECTION('ref_axis',(3.33066907387547E-15,-1.40868018789467E-30,
1.));
#12664=DIRECTION('',(1.,-4.22942104619107E-16,1.45603019622971E-16));
#12665=DIRECTION('center_axis',(4.22942104619108E-16,1.,0.));
#12666=DIRECTION('ref_axis',(1.,-4.22942104619108E-16,-1.11022302462516E-15));
#12667=DIRECTION('',(0.,0.,-1.));
#12668=DIRECTION('center_axis',(0.,-1.,0.));
#12669=DIRECTION('ref_axis',(-1.47196168001602E-16,-6.93889390390715E-17,
1.));
#12670=DIRECTION('',(1.,0.,0.));
#12671=DIRECTION('',(0.,0.,1.));
#12672=DIRECTION('',(1.,0.,0.));
#12673=DIRECTION('',(0.,0.,-1.));
#12674=DIRECTION('',(-0.70200151547702,0.,-0.712175450481107));
#12675=DIRECTION('center_axis',(0.,1.,0.));
#12676=DIRECTION('ref_axis',(0.925250087944095,0.,-0.37935771345716));
#12677=DIRECTION('',(2.22044604925031E-16,0.,-1.));
#12678=DIRECTION('center_axis',(0.,1.,0.));
#12679=DIRECTION('ref_axis',(0.879049072991532,0.,0.476731294622798));
#12680=DIRECTION('center_axis',(0.,-1.,0.));
#12681=DIRECTION('ref_axis',(-1.,0.,0.));
#12682=DIRECTION('center_axis',(0.,1.,0.));
#12683=DIRECTION('ref_axis',(0.768706114785805,0.,0.639602149066834));
#12684=DIRECTION('',(1.,0.,2.91206039245943E-16));
#12685=DIRECTION('center_axis',(0.,1.,0.));
#12686=DIRECTION('ref_axis',(-0.707106781186549,0.,0.707106781186546));
#12687=DIRECTION('center_axis',(0.,-1.,0.));
#12688=DIRECTION('ref_axis',(1.,0.,0.));
#12689=DIRECTION('center_axis',(0.,1.,0.));
#12690=DIRECTION('ref_axis',(-0.979275876853542,0.,0.202530879158531));
#12691=DIRECTION('',(-0.7121754504825,0.,0.702001515475606));
#12692=DIRECTION('center_axis',(0.,1.,0.));
#12693=DIRECTION('ref_axis',(0.00719405843373601,0.,-0.999974122426802));
#12694=DIRECTION('',(-0.702001515475614,0.,0.712175450482493));
#12695=DIRECTION('center_axis',(0.,1.,0.));
#12696=DIRECTION('ref_axis',(0.379357713456257,0.,-0.925250087944465));
#12697=DIRECTION('',(3.1720657846433E-16,0.,-1.));
#12698=DIRECTION('center_axis',(0.,1.,0.));
#12699=DIRECTION('ref_axis',(0.386004199798653,0.,0.922497023159317));
#12700=DIRECTION('',(0.712175450482499,0.,0.702001515475607));
#12701=DIRECTION('center_axis',(0.,1.,0.));
#12702=DIRECTION('ref_axis',(-0.989598165165517,0.,-0.143859207216789));
#12703=DIRECTION('center_axis',(0.,-1.,0.));
#12704=DIRECTION('ref_axis',(1.,0.,0.));
#12705=DIRECTION('center_axis',(0.,1.,0.));
#12706=DIRECTION('ref_axis',(-0.978349513173344,0.,0.206959488966999));
#12707=DIRECTION('center_axis',(0.,1.,0.));
#12708=DIRECTION('ref_axis',(-0.386004199798651,0.,-0.922497023159318));
#12709=DIRECTION('',(-0.7121754504825,0.,-0.702001515475607));
#12710=DIRECTION('center_axis',(0.,1.,0.));
#12711=DIRECTION('ref_axis',(0.922497023159318,0.,-0.386004199798651));
#12712=DIRECTION('',(0.,0.,-1.));
#12713=DIRECTION('center_axis',(0.,1.,0.));
#12714=DIRECTION('ref_axis',(0.925250087944481,0.,0.379357713456218));
#12715=DIRECTION('',(0.70200151547557,0.,-0.712175450482536));
#12716=DIRECTION('center_axis',(0.,1.,0.));
#12717=DIRECTION('ref_axis',(-0.379357713456223,0.,0.925250087944479));
#12718=DIRECTION('',(1.26882631385732E-16,0.,1.));
#12719=DIRECTION('',(-1.,0.,0.));
#12720=DIRECTION('center_axis',(0.,1.,0.));
#12721=DIRECTION('ref_axis',(0.707106781186548,0.,-0.707106781186547));
#12722=DIRECTION('center_axis',(0.,-1.,0.));
#12723=DIRECTION('ref_axis',(-1.,0.,0.));
#12724=DIRECTION('center_axis',(0.,1.,0.));
#12725=DIRECTION('ref_axis',(0.879049072991531,0.,-0.476731294622799));
#12726=DIRECTION('',(2.22044604925031E-16,0.,-1.));
#12727=DIRECTION('center_axis',(0.,1.,0.));
#12728=DIRECTION('ref_axis',(0.922497023159318,0.,0.386004199798651));
#12729=DIRECTION('',(0.7121754504825,0.,-0.702001515475606));
#12730=DIRECTION('center_axis',(0.,1.,0.));
#12731=DIRECTION('ref_axis',(-0.00719405843365378,0.,0.999974122426802));
#12732=DIRECTION('',(0.702001515477137,0.,0.712175450480992));
#12733=DIRECTION('center_axis',(0.,1.,0.));
#12734=DIRECTION('ref_axis',(-0.922497023159733,0.,-0.386004199797658));
#12735=DIRECTION('center_axis',(0.,-1.,0.));
#12736=DIRECTION('ref_axis',(1.,-4.22942104619107E-16,0.));
#12737=DIRECTION('center_axis',(0.,-1.,0.));
#12738=DIRECTION('ref_axis',(1.,-4.22942104619107E-16,0.));
#12739=DIRECTION('center_axis',(0.,-1.,0.));
#12740=DIRECTION('ref_axis',(1.,-4.22942104619107E-16,0.));
#12741=DIRECTION('center_axis',(0.,-1.,0.));
#12742=DIRECTION('ref_axis',(1.,-4.22942104619107E-16,0.));
#12743=DIRECTION('center_axis',(0.,-1.,0.));
#12744=DIRECTION('ref_axis',(1.,-4.22942104619108E-16,0.));
#12745=DIRECTION('center_axis',(0.,-1.,0.));
#12746=DIRECTION('ref_axis',(1.,-4.22942104619108E-16,0.));
#12747=DIRECTION('center_axis',(0.,-1.,0.));
#12748=DIRECTION('ref_axis',(1.,-4.22942104619108E-16,0.));
#12749=DIRECTION('center_axis',(0.,-1.,0.));
#12750=DIRECTION('ref_axis',(1.,-4.22942104619108E-16,0.));
#12751=DIRECTION('',(0.70200151547702,0.,0.712175450481107));
#12752=DIRECTION('',(-0.7121754504825,0.,0.702001515475606));
#12753=DIRECTION('center_axis',(0.,1.,0.));
#12754=DIRECTION('ref_axis',(-1.,4.14483262526725E-16,0.));
#12755=DIRECTION('center_axis',(0.,1.,0.));
#12756=DIRECTION('ref_axis',(-1.,4.14483262526725E-16,0.));
#12757=DIRECTION('',(-0.712175450482499,0.,-0.702001515475607));
#12758=DIRECTION('',(0.702001515475614,0.,-0.712175450482493));
#12759=DIRECTION('',(-0.70200151547702,0.,-0.712175450481107));
#12760=DIRECTION('center_axis',(0.,1.,0.));
#12761=DIRECTION('ref_axis',(0.978349513172695,0.,0.206959488970064));
#12762=DIRECTION('center_axis',(0.,-1.,0.));
#12763=DIRECTION('ref_axis',(-1.,0.,0.));
#12764=DIRECTION('center_axis',(0.,1.,0.));
#12765=DIRECTION('ref_axis',(0.989598165165515,0.,-0.143859207216799));
#12766=DIRECTION('',(0.7121754504825,0.,-0.702001515475606));
#12767=DIRECTION('center_axis',(0.,1.,0.));
#12768=DIRECTION('ref_axis',(-0.386004199798653,0.,0.922497023159317));
#12769=DIRECTION('',(-3.1720657846433E-16,0.,1.));
#12770=DIRECTION('center_axis',(0.,1.,0.));
#12771=DIRECTION('ref_axis',(-0.379357713457162,0.,-0.925250087944094));
#12772=DIRECTION('',(-0.7121754504825,0.,0.702001515475606));
#12773=DIRECTION('center_axis',(0.,1.,0.));
#12774=DIRECTION('ref_axis',(0.386004199798652,0.,-0.922497023159317));
#12775=DIRECTION('',(-1.26882631385732E-16,0.,-1.));
#12776=DIRECTION('center_axis',(0.,1.,0.));
#12777=DIRECTION('ref_axis',(0.379357713457237,0.,0.925250087944063));
#12778=DIRECTION('',(0.702001515477137,0.,0.712175450480992));
#12779=DIRECTION('center_axis',(0.,1.,0.));
#12780=DIRECTION('ref_axis',(-0.925250087944063,0.,0.379357713457239));
#12781=DIRECTION('',(-2.01858731750162E-16,0.,1.));
#12782=DIRECTION('center_axis',(0.,1.,0.));
#12783=DIRECTION('ref_axis',(-0.922497023159318,0.,-0.386004199798652));
#12784=DIRECTION('',(-1.,0.,0.));
#12785=DIRECTION('center_axis',(0.,1.,0.));
#12786=DIRECTION('ref_axis',(0.922497023159309,0.,-0.386004199798672));
#12787=DIRECTION('',(0.70200151547557,0.,-0.712175450482536));
#12788=DIRECTION('center_axis',(0.,1.,0.));
#12789=DIRECTION('ref_axis',(0.00719405843475134,0.,0.999974122426794));
#12790=DIRECTION('',(0.712175450482499,0.,0.702001515475607));
#12791=DIRECTION('center_axis',(0.,1.,0.));
#12792=DIRECTION('ref_axis',(-0.922497023159318,0.,0.386004199798651));
#12793=DIRECTION('',(0.,0.,1.));
#12794=DIRECTION('center_axis',(0.,1.,0.));
#12795=DIRECTION('ref_axis',(-0.879049072991534,0.,-0.476731294622794));
#12796=DIRECTION('center_axis',(0.,-1.,0.));
#12797=DIRECTION('ref_axis',(1.,0.,0.));
#12798=DIRECTION('center_axis',(0.,1.,0.));
#12799=DIRECTION('ref_axis',(-0.707106781186547,0.,-0.707106781186548));
#12800=DIRECTION('center_axis',(0.,1.,0.));
#12801=DIRECTION('ref_axis',(-0.00719405843472288,0.,-0.999974122426795));
#12802=DIRECTION('',(-0.7121754504825,0.,-0.702001515475607));
#12803=DIRECTION('center_axis',(0.,1.,0.));
#12804=DIRECTION('ref_axis',(0.979275876853538,0.,0.202530879158548));
#12805=DIRECTION('center_axis',(0.,-1.,0.));
#12806=DIRECTION('ref_axis',(-1.,0.,0.));
#12807=DIRECTION('center_axis',(0.,1.,0.));
#12808=DIRECTION('ref_axis',(0.707106781186549,0.,0.707106781186546));
#12809=DIRECTION('',(1.,0.,2.91206039245943E-16));
#12810=DIRECTION('center_axis',(0.,1.,0.));
#12811=DIRECTION('ref_axis',(-0.768706114785807,0.,0.639602149066832));
#12812=DIRECTION('center_axis',(0.,-1.,0.));
#12813=DIRECTION('ref_axis',(1.,0.,0.));
#12814=DIRECTION('center_axis',(0.,1.,0.));
#12815=DIRECTION('ref_axis',(-0.879049072991535,0.,0.476731294622792));
#12816=DIRECTION('',(0.,0.,1.));
#12817=DIRECTION('center_axis',(0.,1.,0.));
#12818=DIRECTION('ref_axis',(-0.925250087944469,0.,-0.379357713456247));
#12819=DIRECTION('',(-0.702001515475614,0.,0.712175450482493));
#12820=DIRECTION('center_axis',(0.,0.,1.));
#12821=DIRECTION('ref_axis',(-0.567794962717459,-0.823170019080311,0.));
#12822=DIRECTION('',(0.,0.,1.));
#12823=DIRECTION('center_axis',(0.,0.,-1.));
#12824=DIRECTION('ref_axis',(-0.567794962717459,-0.823170019080311,0.));
#12825=DIRECTION('center_axis',(0.93478358058767,0.355217760625359,0.));
#12826=DIRECTION('ref_axis',(-0.355217760625359,0.93478358058767,0.));
#12827=DIRECTION('',(0.,0.,-1.));
#12828=DIRECTION('',(-0.355217760625359,0.93478358058767,0.));
#12829=DIRECTION('center_axis',(0.,0.,-1.));
#12830=DIRECTION('ref_axis',(0.823170019079088,-0.567794962719231,0.));
#12831=DIRECTION('',(7.85046229341886E-16,0.707106781186549,0.707106781186546));
#12832=DIRECTION('center_axis',(0.,0.,1.));
#12833=DIRECTION('ref_axis',(0.823170019079089,-0.567794962719231,0.));
#12834=DIRECTION('',(0.660991808776466,0.251176887333243,-0.707106781186547));
#12835=DIRECTION('center_axis',(0.,0.,-1.));
#12836=DIRECTION('ref_axis',(0.823170019079089,-0.567794962719231,0.));
#12837=DIRECTION('center_axis',(0.,0.707106781186547,-0.707106781186548));
#12838=DIRECTION('ref_axis',(-1.,0.,0.));
#12839=DIRECTION('',(0.,0.707106781186548,0.707106781186547));
#12840=DIRECTION('',(-1.,0.,0.));
#12841=DIRECTION('center_axis',(0.,0.,-1.));
#12842=DIRECTION('ref_axis',(-1.,0.,0.));
#12843=DIRECTION('',(0.707106781186547,0.,0.707106781186548));
#12844=DIRECTION('center_axis',(0.,0.,1.));
#12845=DIRECTION('ref_axis',(-1.,0.,0.));
#12846=DIRECTION('center_axis',(0.,0.,-1.));
#12847=DIRECTION('ref_axis',(-1.,0.,0.));
#12848=DIRECTION('center_axis',(0.707106781186547,7.88991185268228E-17,
-0.707106781186548));
#12849=DIRECTION('ref_axis',(-0.707106781186548,0.,-0.707106781186547));
#12850=DIRECTION('',(0.707106781186548,0.,0.707106781186547));
#12851=DIRECTION('',(1.11580203479915E-16,-1.,0.));
#12852=DIRECTION('',(-1.11580203479915E-16,1.,0.));
#12853=DIRECTION('center_axis',(0.,0.,-1.));
#12854=DIRECTION('ref_axis',(-1.,0.,0.));
#12855=DIRECTION('center_axis',(0.,0.,-1.));
#12856=DIRECTION('ref_axis',(-1.,0.,0.));
#12857=DIRECTION('',(-0.660991808776466,-0.251176887333243,0.707106781186547));
#12858=DIRECTION('center_axis',(0.,0.,1.));
#12859=DIRECTION('ref_axis',(-1.,0.,0.));
#12860=DIRECTION('center_axis',(-0.660991808776465,-0.251176887333243,-0.707106781186547));
#12861=DIRECTION('ref_axis',(-0.730526585133585,0.,0.682884256966774));
#12862=DIRECTION('',(-0.355217760621331,0.934783580589201,0.));
#12863=DIRECTION('',(0.355217760621331,-0.934783580589201,0.));
#12864=DIRECTION('center_axis',(0.,0.,-1.));
#12865=DIRECTION('ref_axis',(-1.,0.,0.));
#12866=DIRECTION('',(0.,0.,1.));
#12867=DIRECTION('center_axis',(0.,0.,-1.));
#12868=DIRECTION('ref_axis',(-0.180577434097951,0.983560771022615,0.));
#12869=DIRECTION('',(0.,0.,-1.));
#12870=DIRECTION('center_axis',(-0.934783580589201,-0.355217760621331,0.));
#12871=DIRECTION('ref_axis',(0.355217760621331,-0.934783580589201,0.));
#12872=DIRECTION('',(0.,0.,-1.));
#12873=DIRECTION('',(0.355217760621331,-0.934783580589201,0.));
#12874=DIRECTION('center_axis',(0.,0.,1.));
#12875=DIRECTION('ref_axis',(0.823170019079089,-0.567794962719231,0.));
#12876=DIRECTION('center_axis',(0.,0.,-1.));
#12877=DIRECTION('ref_axis',(0.823170019079088,-0.567794962719232,0.));
#12878=DIRECTION('center_axis',(0.,0.,1.));
#12879=DIRECTION('ref_axis',(1.,0.,0.));
#12880=DIRECTION('center_axis',(0.,0.,1.));
#12881=DIRECTION('ref_axis',(1.,0.,0.));
#12882=DIRECTION('',(-8.88178419700125E-16,1.,0.));
#12883=DIRECTION('center_axis',(0.,0.,-1.));
#12884=DIRECTION('ref_axis',(1.,0.,0.));
#12885=DIRECTION('',(-1.,0.,0.));
#12886=DIRECTION('center_axis',(0.,0.,-1.));
#12887=DIRECTION('ref_axis',(-5.55111512312579E-16,1.,0.));
#12888=DIRECTION('',(8.88178419700125E-16,-1.,0.));
#12889=DIRECTION('center_axis',(0.,0.,1.));
#12890=DIRECTION('ref_axis',(0.,1.,0.));
#12891=DIRECTION('',(-1.,0.,0.));
#12892=DIRECTION('center_axis',(0.,0.,1.));
#12893=DIRECTION('ref_axis',(1.,0.,0.));
#12894=DIRECTION('',(1.05735526154777E-16,1.,0.));
#12895=DIRECTION('center_axis',(0.,0.,1.));
#12896=DIRECTION('ref_axis',(0.,-1.,0.));
#12897=DIRECTION('',(1.,0.,0.));
#12898=DIRECTION('center_axis',(0.,0.,1.));
#12899=DIRECTION('ref_axis',(-1.,2.22044604925032E-15,0.));
#12900=DIRECTION('',(1.85037170770859E-16,-1.,0.));
#12901=DIRECTION('center_axis',(0.,0.,-1.));
#12902=DIRECTION('ref_axis',(-1.,0.,0.));
#12903=DIRECTION('',(1.,0.,0.));
#12904=DIRECTION('center_axis',(0.,0.,-1.));
#12905=DIRECTION('ref_axis',(0.,-1.,0.));
#12906=DIRECTION('',(1.85037170770859E-16,1.,0.));
#12907=DIRECTION('center_axis',(0.,0.,1.));
#12908=DIRECTION('ref_axis',(0.,-1.,0.));
#12909=DIRECTION('',(1.,-4.22942104619107E-16,0.));
#12910=DIRECTION('center_axis',(0.,0.,1.));
#12911=DIRECTION('ref_axis',(-1.,0.,0.));
#12912=DIRECTION('',(2.11471052309554E-16,-1.,0.));
#12913=DIRECTION('center_axis',(0.,0.,1.));
#12914=DIRECTION('ref_axis',(0.,1.,0.));
#12915=DIRECTION('',(-1.,0.,0.));
#12916=DIRECTION('center_axis',(0.,0.,-1.));
#12917=DIRECTION('ref_axis',(0.948294096850356,-0.317392983348354,0.));
#12918=DIRECTION('',(0.798523388242469,-0.601963784981927,0.));
#12919=DIRECTION('center_axis',(0.,0.,-1.));
#12920=DIRECTION('ref_axis',(6.51724233072831E-16,1.,0.));
#12921=DIRECTION('',(0.79852338824247,0.601963784981926,0.));
#12922=DIRECTION('center_axis',(0.,0.,-1.));
#12923=DIRECTION('ref_axis',(-0.948294096850358,-0.317392983348347,0.));
#12924=DIRECTION('center_axis',(0.,0.,-1.));
#12925=DIRECTION('ref_axis',(-0.823170019078759,-0.567794962719709,0.));
#12926=DIRECTION('',(-1.,0.,0.));
#12927=DIRECTION('center_axis',(0.,0.,-1.));
#12928=DIRECTION('ref_axis',(0.,-1.,0.));
#12929=DIRECTION('',(-1.11580203479915E-16,-1.,0.));
#12930=DIRECTION('center_axis',(0.,0.,-1.));
#12931=DIRECTION('ref_axis',(-0.934783580589612,0.355217760620249,0.));
#12932=DIRECTION('',(0.355217760620249,0.934783580589612,0.));
#12933=DIRECTION('center_axis',(0.,0.,-1.));
#12934=DIRECTION('ref_axis',(-1.,-2.22044604925031E-15,0.));
#12935=DIRECTION('',(-2.22044604928262E-15,1.,0.));
#12936=DIRECTION('center_axis',(0.,0.,1.));
#12937=DIRECTION('ref_axis',(1.,1.60060853460209E-11,0.));
#12938=DIRECTION('center_axis',(0.,0.,-1.));
#12939=DIRECTION('ref_axis',(-0.769198717280162,-0.639009650423649,0.));
#12940=DIRECTION('',(-1.,-2.77153961156517E-12,0.));
#12941=DIRECTION('center_axis',(0.,0.,-1.));
#12942=DIRECTION('ref_axis',(1.,-5.82112136271462E-12,0.));
#12943=DIRECTION('center_axis',(0.,0.,-1.));
#12944=DIRECTION('ref_axis',(0.948887522308192,-0.31561443250875,0.));
#12945=DIRECTION('',(0.566400937665293,-0.824129830677107,0.));
#12946=DIRECTION('',(0.79852338824247,0.601963784981926,0.));
#12947=DIRECTION('center_axis',(0.,0.,-1.));
#12948=DIRECTION('ref_axis',(-0.894975917268707,0.446114455615414,0.));
#12949=DIRECTION('',(-2.11471052308967E-16,1.,0.));
#12950=DIRECTION('center_axis',(0.,0.,-1.));
#12951=DIRECTION('ref_axis',(0.978949190317564,-0.204104097892685,0.));
#12952=DIRECTION('',(-0.204104097892685,-0.978949190317564,0.));
#12953=DIRECTION('center_axis',(0.,0.,-1.));
#12954=DIRECTION('ref_axis',(-0.601963784981925,0.79852338824247,0.));
#12955=DIRECTION('center_axis',(0.,0.,-1.));
#12956=DIRECTION('ref_axis',(-0.207542134656353,0.978226079361149,0.));
#12957=DIRECTION('center_axis',(0.,0.,1.));
#12958=DIRECTION('ref_axis',(1.,0.,0.));
#12959=DIRECTION('center_axis',(0.,0.,-1.));
#12960=DIRECTION('ref_axis',(-0.98715520814218,0.159764185716853,0.));
#12961=DIRECTION('',(-0.355217760625359,0.93478358058767,0.));
#12962=DIRECTION('center_axis',(0.,0.,-1.));
#12963=DIRECTION('ref_axis',(0.601963784981545,-0.798523388242756,0.));
#12964=DIRECTION('',(-0.798523388242756,-0.601963784981545,0.));
#12965=DIRECTION('center_axis',(0.,0.,-1.));
#12966=DIRECTION('ref_axis',(0.948294096850434,0.317392983348118,0.));
#12967=DIRECTION('',(1.,0.,0.));
#12968=DIRECTION('center_axis',(0.,0.,1.));
#12969=DIRECTION('ref_axis',(7.27640170339328E-12,-1.,0.));
#12970=DIRECTION('',(-0.798523388240258,0.60196378498486,0.));
#12971=DIRECTION('center_axis',(0.,0.,-1.));
#12972=DIRECTION('ref_axis',(0.93478358058767,-0.355217760625359,0.));
#12973=DIRECTION('',(-0.355217760625359,-0.93478358058767,0.));
#12974=DIRECTION('center_axis',(0.,0.,-1.));
#12975=DIRECTION('ref_axis',(0.98715520814218,0.159764185716853,0.));
#12976=DIRECTION('center_axis',(0.,0.,1.));
#12977=DIRECTION('ref_axis',(-1.,0.,0.));
#12978=DIRECTION('center_axis',(0.,0.,-1.));
#12979=DIRECTION('ref_axis',(0.207542134656353,0.978226079361149,0.));
#12980=DIRECTION('center_axis',(0.,0.,1.));
#12981=DIRECTION('ref_axis',(1.,1.45494727377127E-11,0.));
#12982=DIRECTION('',(1.,0.,0.));
#12983=DIRECTION('center_axis',(0.,0.,-1.));
#12984=DIRECTION('ref_axis',(-0.948294096849773,0.317392983350095,0.));
#12985=DIRECTION('center_axis',(0.,0.,-1.));
#12986=DIRECTION('ref_axis',(-1.,0.,0.));
#12987=DIRECTION('center_axis',(0.,0.,-1.));
#12988=DIRECTION('ref_axis',(1.,0.,0.));
#12989=DIRECTION('',(5.55111512312578E-16,-1.,0.));
#12990=DIRECTION('center_axis',(0.,0.,-1.));
#12991=DIRECTION('ref_axis',(-1.,-2.22044604925031E-15,0.));
#12992=DIRECTION('',(0.,1.,0.));
#12993=DIRECTION('center_axis',(0.,0.,-1.));
#12994=DIRECTION('ref_axis',(1.,0.,0.));
#12995=DIRECTION('',(2.22044604925032E-15,-1.,0.));
#12996=DIRECTION('center_axis',(0.,0.,-1.));
#12997=DIRECTION('ref_axis',(-1.,0.,0.));
#12998=DIRECTION('',(0.,1.,0.));
#12999=DIRECTION('center_axis',(0.,0.,-1.));
#13000=DIRECTION('ref_axis',(-1.,0.,0.));
#13001=DIRECTION('center_axis',(0.,0.,-1.));
#13002=DIRECTION('ref_axis',(-1.,0.,0.));
#13003=DIRECTION('center_axis',(0.,0.,-1.));
#13004=DIRECTION('ref_axis',(-1.,0.,0.));
#13005=DIRECTION('center_axis',(0.,0.,-1.));
#13006=DIRECTION('ref_axis',(0.,1.,0.));
#13007=DIRECTION('center_axis',(0.,0.,-1.));
#13008=DIRECTION('ref_axis',(0.247086042102543,0.968993543733961,0.));
#13009=DIRECTION('',(0.673838700667671,0.738878478156256,0.));
#13010=DIRECTION('center_axis',(0.,0.,-1.));
#13011=DIRECTION('ref_axis',(-0.964587406112391,0.263763409079745,0.));
#13012=DIRECTION('',(-0.204104097896852,0.978949190316695,0.));
#13013=DIRECTION('center_axis',(0.,0.,-1.));
#13014=DIRECTION('ref_axis',(-0.252676071455349,-0.967550930397926,0.));
#13015=DIRECTION('',(-0.656703024984333,-0.754149280299614,0.));
#13016=DIRECTION('center_axis',(0.,0.,-1.));
#13017=DIRECTION('ref_axis',(0.959305290182651,-0.282370962082823,0.));
#13018=DIRECTION('center_axis',(0.,0.,1.));
#13019=DIRECTION('ref_axis',(-1.,0.,0.));
#13020=DIRECTION('center_axis',(0.,0.,-1.));
#13021=DIRECTION('ref_axis',(0.0878629669989705,-0.996132571011579,0.));
#13022=DIRECTION('center_axis',(0.,0.,-1.));
#13023=DIRECTION('ref_axis',(-0.247086039148792,0.968993544487145,0.));
#13024=DIRECTION('center_axis',(0.,0.,-1.));
#13025=DIRECTION('ref_axis',(-1.,5.82023318429492E-12,0.));
#13026=DIRECTION('center_axis',(0.,0.,-1.));
#13027=DIRECTION('ref_axis',(-0.0896372198303941,-0.995974482013007,0.));
#13028=DIRECTION('center_axis',(0.,0.,1.));
#13029=DIRECTION('ref_axis',(1.,0.,0.));
#13030=DIRECTION('center_axis',(0.,0.,-1.));
#13031=DIRECTION('ref_axis',(-0.959305290183341,-0.282370962080479,0.));
#13032=DIRECTION('',(-0.65670302498249,0.754149280301219,0.));
#13033=DIRECTION('center_axis',(0.,0.,-1.));
#13034=DIRECTION('ref_axis',(0.252676071456224,-0.967550930397697,0.));
#13035=DIRECTION('',(-0.204104097892685,-0.978949190317564,0.));
#13036=DIRECTION('center_axis',(0.,0.,-1.));
#13037=DIRECTION('ref_axis',(0.964587407733153,0.263763403152592,0.));
#13038=DIRECTION('',(0.673838691584069,-0.738878486440274,0.));
#13039=DIRECTION('center_axis',(0.,0.,-1.));
#13040=DIRECTION('ref_axis',(-8.88178419700126E-16,-1.,0.));
#13041=DIRECTION('',(-1.,2.77196255366979E-12,0.));
#13042=DIRECTION('center_axis',(0.,0.,-1.));
#13043=DIRECTION('ref_axis',(0.76919871728016,-0.639009650423651,0.));
#13044=DIRECTION('center_axis',(0.,0.,1.));
#13045=DIRECTION('ref_axis',(-1.,-1.60071955690455E-11,0.));
#13046=DIRECTION('',(0.,-1.,0.));
#13047=DIRECTION('center_axis',(0.,0.,-1.));
#13048=DIRECTION('ref_axis',(-0.8241298173691,0.56640095702883,0.));
#13049=DIRECTION('',(0.56640095702883,0.824129817369099,0.));
#13050=DIRECTION('center_axis',(0.,0.,-1.));
#13051=DIRECTION('ref_axis',(-0.948887524987831,-0.315614424452478,0.));
#13052=DIRECTION('',(0.798523388242469,-0.601963784981927,0.));
#13053=DIRECTION('center_axis',(0.,0.,-1.));
#13054=DIRECTION('ref_axis',(-0.978949190316695,-0.204104097896852,0.));
#13055=DIRECTION('',(-0.204104097896852,0.978949190316695,0.));
#13056=DIRECTION('center_axis',(0.,0.,-1.));
#13057=DIRECTION('ref_axis',(1.,0.,0.));
#13058=DIRECTION('',(-1.05735526154484E-16,-1.,0.));
#13059=DIRECTION('center_axis',(0.,0.,-1.));
#13060=DIRECTION('ref_axis',(0.894975917268707,0.446114455615413,0.));
#13061=DIRECTION('center_axis',(0.,0.,-1.));
#13062=DIRECTION('ref_axis',(-0.823170019078759,-0.567794962719709,0.));
#13063=DIRECTION('',(0.660991808776756,-0.251176887332478,0.707106781186548));
#13064=DIRECTION('center_axis',(0.,0.,1.));
#13065=DIRECTION('ref_axis',(-0.823170019078759,-0.567794962719709,0.));
#13066=DIRECTION('',(0.,-0.707106781186548,-0.707106781186547));
#13067=DIRECTION('center_axis',(0.660991808776756,-0.251176887332478,-0.707106781186547));
#13068=DIRECTION('ref_axis',(-0.730526585133435,0.,-0.682884256966935));
#13069=DIRECTION('',(0.660991808776755,-0.25117688733248,0.707106781186547));
#13070=DIRECTION('',(-0.355217760620249,-0.934783580589612,0.));
#13071=DIRECTION('center_axis',(0.,0.,-1.));
#13072=DIRECTION('ref_axis',(-0.934783580589612,0.355217760620249,0.));
#13073=DIRECTION('',(-0.707106781186548,0.,0.707106781186547));
#13074=DIRECTION('center_axis',(0.,0.,1.));
#13075=DIRECTION('ref_axis',(-0.934783580589612,0.355217760620249,0.));
#13076=DIRECTION('center_axis',(-0.707106781186548,7.88991185268229E-17,
-0.707106781186547));
#13077=DIRECTION('ref_axis',(-0.707106781186547,0.,0.707106781186548));
#13078=DIRECTION('',(-0.707106781186547,-7.85046229341888E-16,0.707106781186548));
#13079=DIRECTION('',(1.11580203479915E-16,1.,0.));
#13080=DIRECTION('center_axis',(0.,0.,-1.));
#13081=DIRECTION('ref_axis',(0.,-1.,0.));
#13082=DIRECTION('',(0.,0.707106781186548,0.707106781186547));
#13083=DIRECTION('center_axis',(0.,0.,1.));
#13084=DIRECTION('ref_axis',(0.,-1.,0.));
#13085=DIRECTION('center_axis',(0.,0.707106781186547,-0.707106781186548));
#13086=DIRECTION('ref_axis',(-1.,0.,0.));
#13087=DIRECTION('center_axis',(0.,0.,1.));
#13088=DIRECTION('ref_axis',(0.,1.,0.));
#13089=DIRECTION('center_axis',(-5.773508715125E-17,-0.832050294337849,
-0.554700196225221));
#13090=DIRECTION('ref_axis',(0.,-0.554700196225221,0.832050294337849));
#13091=DIRECTION('center_axis',(0.,0.,-1.));
#13092=DIRECTION('ref_axis',(0.786584557077247,-0.61748257835148,0.));
#13093=DIRECTION('',(0.,0.,1.));
#13094=DIRECTION('center_axis',(0.,0.,1.));
#13095=DIRECTION('ref_axis',(-0.823170019078759,-0.567794962719709,0.));
#13096=DIRECTION('',(0.,0.,1.));
#13097=DIRECTION('center_axis',(0.,0.,-1.));
#13098=DIRECTION('ref_axis',(-0.823170019078759,-0.567794962719709,0.));
#13099=DIRECTION('center_axis',(0.,0.,-1.));
#13100=DIRECTION('ref_axis',(-1.,0.,0.));
#13101=DIRECTION('center_axis',(-1.11022302462516E-15,-1.,0.));
#13102=DIRECTION('ref_axis',(0.,0.,1.));
#13103=DIRECTION('center_axis',(-1.11580203479915E-16,-1.,0.));
#13104=DIRECTION('ref_axis',(-0.707106781186546,0.,0.707106781186549));
#13105=DIRECTION('center_axis',(0.,-1.,0.));
#13106=DIRECTION('ref_axis',(0.,0.,1.));
#13107=DIRECTION('',(-1.11580203479915E-16,-1.,0.));
#13108=DIRECTION('center_axis',(0.,0.,1.));
#13109=DIRECTION('ref_axis',(1.,0.,0.));
#13110=DIRECTION('center_axis',(0.35521776062025,0.934783580589612,0.));
#13111=DIRECTION('ref_axis',(0.,0.,1.));
#13112=DIRECTION('center_axis',(0.,0.,-1.));
#13113=DIRECTION('ref_axis',(0.180577434097383,0.983560771022719,0.));
#13114=DIRECTION('center_axis',(0.355217760620249,0.934783580589612,0.));
#13115=DIRECTION('ref_axis',(0.660991808776756,-0.251176887332479,0.707106781186548));
#13116=DIRECTION('center_axis',(0.355217760620249,0.934783580589612,0.));
#13117=DIRECTION('ref_axis',(0.,0.,1.));
#13118=DIRECTION('',(0.355217760620249,0.934783580589612,0.));
#13119=DIRECTION('center_axis',(0.,0.,1.));
#13120=DIRECTION('ref_axis',(-0.823170019078759,-0.567794962719709,0.));
#13121=DIRECTION('center_axis',(0.,0.,-1.));
#13122=DIRECTION('ref_axis',(-1.,0.,0.));
#13123=DIRECTION('center_axis',(1.11022302462516E-15,-1.,0.));
#13124=DIRECTION('ref_axis',(1.,1.11022302462516E-15,0.));
#13125=DIRECTION('center_axis',(0.,0.,-1.));
#13126=DIRECTION('ref_axis',(-0.786584557077244,-0.617482578351483,0.));
#13127=DIRECTION('center_axis',(-1.11580203479915E-16,1.,0.));
#13128=DIRECTION('ref_axis',(0.707106781186548,0.,0.707106781186547));
#13129=DIRECTION('center_axis',(0.,-1.,0.));
#13130=DIRECTION('ref_axis',(1.,0.,0.));
#13131=DIRECTION('',(-1.11580203479915E-16,1.,0.));
#13132=DIRECTION('center_axis',(0.,0.,1.));
#13133=DIRECTION('ref_axis',(1.,0.,0.));
#13134=DIRECTION('center_axis',(-0.355217760621332,0.934783580589201,0.));
#13135=DIRECTION('ref_axis',(-0.934783580589201,-0.355217760621332,0.));
#13136=DIRECTION('center_axis',(0.355217760621331,-0.934783580589201,0.));
#13137=DIRECTION('ref_axis',(-0.660991808776465,-0.251176887333243,0.707106781186548));
#13138=DIRECTION('center_axis',(-0.355217760621331,0.934783580589201,0.));
#13139=DIRECTION('ref_axis',(-0.934783580589201,-0.355217760621331,0.));
#13140=DIRECTION('center_axis',(0.,0.,1.));
#13141=DIRECTION('ref_axis',(1.,0.,0.));
#13142=DIRECTION('center_axis',(1.,1.11580203479915E-16,0.));
#13143=DIRECTION('ref_axis',(-1.11580203479915E-16,1.,0.));
#13144=DIRECTION('',(0.,0.,1.));
#13145=DIRECTION('center_axis',(0.,0.,1.));
#13146=DIRECTION('ref_axis',(1.,0.,0.));
#13147=DIRECTION('center_axis',(-2.30940348605003E-16,-0.832050294337843,
-0.554700196225229));
#13148=DIRECTION('ref_axis',(0.,-0.55470019622523,0.832050294337843));
#13149=DIRECTION('center_axis',(0.,0.,1.));
#13150=DIRECTION('ref_axis',(1.,0.,0.));
#13151=DIRECTION('center_axis',(-0.355217760625358,-0.934783580587671,0.));
#13152=DIRECTION('ref_axis',(0.,0.,1.));
#13153=DIRECTION('center_axis',(-0.355217760625359,-0.93478358058767,0.));
#13154=DIRECTION('ref_axis',(-0.660991808775383,0.251176887336091,0.707106781186548));
#13155=DIRECTION('center_axis',(-0.355217760625359,-0.93478358058767,0.));
#13156=DIRECTION('ref_axis',(0.,0.,1.));
#13157=DIRECTION('',(-0.355217760625359,-0.93478358058767,0.));
#13158=DIRECTION('center_axis',(0.,0.,1.));
#13159=DIRECTION('ref_axis',(1.,0.,0.));
#13160=DIRECTION('center_axis',(0.,0.,-1.));
#13161=DIRECTION('ref_axis',(0.823170019080311,0.567794962717459,0.));
#13162=DIRECTION('center_axis',(0.,0.,1.));
#13163=DIRECTION('ref_axis',(-0.823170019080311,0.567794962717458,0.));
#13164=DIRECTION('center_axis',(-0.355217760625359,0.93478358058767,0.));
#13165=DIRECTION('ref_axis',(0.,0.,1.));
#13166=DIRECTION('center_axis',(0.,0.,-1.));
#13167=DIRECTION('ref_axis',(-0.823170019080311,0.56779496271746,0.));
#13168=DIRECTION('center_axis',(-0.355217760625359,0.93478358058767,0.));
#13169=DIRECTION('ref_axis',(0.660991808775383,0.251176887336091,0.707106781186547));
#13170=DIRECTION('center_axis',(-0.355217760625359,0.93478358058767,0.));
#13171=DIRECTION('ref_axis',(0.,0.,1.));
#13172=DIRECTION('center_axis',(0.,0.,1.));
#13173=DIRECTION('ref_axis',(1.,0.,0.));
#13174=DIRECTION('center_axis',(0.,0.,1.));
#13175=DIRECTION('ref_axis',(-0.823170019080312,0.567794962717458,0.));
#13176=DIRECTION('',(0.,0.,1.));
#13177=DIRECTION('center_axis',(0.,0.,-1.));
#13178=DIRECTION('ref_axis',(-0.934783580589612,0.355217760620249,0.));
#13179=DIRECTION('',(0.,0.,1.));
#13180=DIRECTION('',(0.,0.,-1.));
#13181=DIRECTION('center_axis',(0.934783580589612,-0.355217760620249,0.));
#13182=DIRECTION('ref_axis',(0.355217760620249,0.934783580589612,0.));
#13183=DIRECTION('center_axis',(0.,0.,1.));
#13184=DIRECTION('ref_axis',(0.823170019080312,0.567794962717457,0.));
#13185=DIRECTION('',(0.,0.,1.));
#13186=DIRECTION('',(0.,0.,-1.));
#13187=DIRECTION('center_axis',(-0.93478358058767,0.355217760625359,0.));
#13188=DIRECTION('ref_axis',(-0.355217760625359,-0.93478358058767,0.));
#13189=DIRECTION('center_axis',(0.,-1.,0.));
#13190=DIRECTION('ref_axis',(1.,0.,0.));
#13191=DIRECTION('center_axis',(-0.425652674389441,-0.564641302762307,-0.707106781186548));
#13192=DIRECTION('ref_axis',(-0.856749766114568,0.,0.515732331992705));
#13193=DIRECTION('',(0.425652674389441,0.564641302762309,-0.707106781186547));
#13194=DIRECTION('',(-0.425652674389441,-0.56464130276231,0.707106781186546));
#13195=DIRECTION('',(-0.798523388242469,0.601963784981927,0.));
#13196=DIRECTION('center_axis',(0.,0.,-1.));
#13197=DIRECTION('ref_axis',(-0.978949190316695,-0.204104097896852,0.));
#13198=DIRECTION('',(-0.692221610910014,-0.144323391690827,-0.707106781186549));
#13199=DIRECTION('center_axis',(0.,0.,1.));
#13200=DIRECTION('ref_axis',(-0.978949190316695,-0.204104097896852,0.));
#13201=DIRECTION('center_axis',(0.692221610910016,0.144323391690827,-0.707106781186546));
#13202=DIRECTION('ref_axis',(-0.714588107877763,0.,-0.699545449616877));
#13203=DIRECTION('',(-0.692221610910014,-0.144323391690828,-0.707106781186549));
#13204=DIRECTION('center_axis',(0.,0.,-1.));
#13205=DIRECTION('ref_axis',(1.,0.,0.));
#13206=DIRECTION('',(0.707106781186548,-7.85046229341887E-16,-0.707106781186547));
#13207=DIRECTION('center_axis',(-0.707106781186547,7.4766307556163E-17,
-0.707106781186548));
#13208=DIRECTION('ref_axis',(-0.707106781186548,0.,0.707106781186547));
#13209=DIRECTION('',(0.707106781186548,0.,-0.707106781186547));
#13210=DIRECTION('center_axis',(0.,0.,-1.));
#13211=DIRECTION('ref_axis',(0.894975917268707,0.446114455615413,0.));
#13212=DIRECTION('center_axis',(0.,0.,1.));
#13213=DIRECTION('ref_axis',(0.894975917268707,0.446114455615414,0.));
#13214=DIRECTION('center_axis',(0.,0.,-1.));
#13215=DIRECTION('ref_axis',(-0.978949190316695,-0.204104097896852,0.));
#13216=DIRECTION('',(0.,0.,1.));
#13217=DIRECTION('center_axis',(0.601963784981927,0.798523388242469,0.));
#13218=DIRECTION('ref_axis',(-0.798523388242469,0.601963784981927,0.));
#13219=DIRECTION('',(0.,0.,-1.));
#13220=DIRECTION('center_axis',(0.,0.,-1.));
#13221=DIRECTION('ref_axis',(-1.,-2.22044604925031E-15,0.));
#13222=DIRECTION('',(-0.707106781186547,0.,-0.707106781186548));
#13223=DIRECTION('',(-0.582747791849905,-0.400505943893545,0.707106781186547));
#13224=DIRECTION('center_axis',(0.,0.,1.));
#13225=DIRECTION('ref_axis',(-1.,-2.22044604925031E-15,0.));
#13226=DIRECTION('center_axis',(0.707106781186547,1.57009245870662E-15,
-0.707106781186548));
#13227=DIRECTION('ref_axis',(-0.707106781186548,0.,-0.707106781186547));
#13228=DIRECTION('',(-0.707106781186548,0.,-0.707106781186547));
#13229=DIRECTION('center_axis',(0.,0.,1.));
#13230=DIRECTION('ref_axis',(1.,1.60060853460209E-11,0.));
#13231=DIRECTION('',(-0.695121891789055,0.12963624321773,-0.707106781186546));
#13232=DIRECTION('center_axis',(0.,0.,-1.));
#13233=DIRECTION('ref_axis',(-0.769198717280162,-0.639009650423649,0.));
#13234=DIRECTION('',(1.95947538843735E-12,-0.707106781186549,-0.707106781186546));
#13235=DIRECTION('center_axis',(-1.95977445366487E-12,0.70710678118655,
-0.707106781186545));
#13236=DIRECTION('ref_axis',(-1.,0.,2.77153961156519E-12));
#13237=DIRECTION('',(1.95947538843736E-12,-0.707106781186545,-0.70710678118655));
#13238=DIRECTION('center_axis',(0.,0.,-1.));
#13239=DIRECTION('ref_axis',(1.,-5.82112136271462E-12,0.));
#13240=DIRECTION('',(0.226760777697791,-0.669760815289975,-0.707106781186548));
#13241=DIRECTION('center_axis',(0.,0.,1.));
#13242=DIRECTION('ref_axis',(1.,-5.82112136271462E-12,0.));
#13243=DIRECTION('center_axis',(0.,0.,-1.));
#13244=DIRECTION('ref_axis',(0.948887522308192,-0.31561443250875,0.));
#13245=DIRECTION('center_axis',(0.,0.,1.));
#13246=DIRECTION('ref_axis',(0.948887522308192,-0.31561443250875,0.));
#13247=DIRECTION('',(0.582747791849905,0.400505943893545,-0.707106781186547));
#13248=DIRECTION('center_axis',(-0.582747791849904,-0.400505943893548,-0.707106781186547));
#13249=DIRECTION('ref_axis',(-0.771702812836563,0.,0.635983308476045));
#13250=DIRECTION('',(-0.566400937665293,0.824129830677107,0.));
#13251=DIRECTION('center_axis',(0.,0.,-1.));
#13252=DIRECTION('ref_axis',(-1.,-2.22044604925031E-15,0.));
#13253=DIRECTION('',(0.,0.,1.));
#13254=DIRECTION('center_axis',(0.,0.,-1.));
#13255=DIRECTION('ref_axis',(-8.88178419700126E-16,-1.,0.));
#13256=DIRECTION('',(0.,-0.707106781186549,-0.707106781186546));
#13257=DIRECTION('',(0.226760773334112,0.669760816767385,0.707106781186548));
#13258=DIRECTION('center_axis',(1.96007351889509E-12,0.707106781186547,
-0.707106781186548));
#13259=DIRECTION('ref_axis',(-1.,0.,-2.77196255366979E-12));
#13260=DIRECTION('',(-1.95947538843735E-12,-0.707106781186546,-0.707106781186549));
#13261=DIRECTION('',(1.,-2.77196255366979E-12,0.));
#13262=DIRECTION('center_axis',(0.,0.,-1.));
#13263=DIRECTION('ref_axis',(0.76919871728016,-0.639009650423651,0.));
#13264=DIRECTION('center_axis',(0.,0.,1.));
#13265=DIRECTION('ref_axis',(0.76919871728016,-0.639009650423651,0.));
#13266=DIRECTION('',(0.695121891789055,0.12963624321773,-0.707106781186547));
#13267=DIRECTION('center_axis',(0.,0.,1.));
#13268=DIRECTION('ref_axis',(-1.,-1.60071955690455E-11,0.));
#13269=DIRECTION('',(0.707106781186547,-1.13172264421927E-11,-0.707106781186548));
#13270=DIRECTION('center_axis',(0.,0.,-1.));
#13271=DIRECTION('ref_axis',(-1.,-1.60071955690455E-11,0.));
#13272=DIRECTION('center_axis',(-0.707106781186547,0.,-0.707106781186548));
#13273=DIRECTION('ref_axis',(-0.707106781186548,0.,0.707106781186547));
#13274=DIRECTION('',(0.707106781186548,0.,-0.707106781186547));
#13275=DIRECTION('',(0.,1.,0.));
#13276=DIRECTION('center_axis',(0.,0.,-1.));
#13277=DIRECTION('ref_axis',(-0.8241298173691,0.56640095702883,0.));
#13278=DIRECTION('',(-0.582747782439722,0.400505957585637,-0.707106781186547));
#13279=DIRECTION('center_axis',(0.582747782439721,-0.400505957585636,-0.707106781186547));
#13280=DIRECTION('ref_axis',(-0.771702817876893,0.,-0.635983302360103));
#13281=DIRECTION('',(-0.58274778243972,0.400505957585635,-0.707106781186549));
#13282=DIRECTION('center_axis',(0.,0.,-1.));
#13283=DIRECTION('ref_axis',(-0.948887524987831,-0.315614424452478,0.));
#13284=DIRECTION('center_axis',(0.,0.,1.));
#13285=DIRECTION('ref_axis',(-1.,-1.60071955690455E-11,0.));
#13286=DIRECTION('',(0.,0.,1.));
#13287=DIRECTION('',(0.,0.,-1.));
#13288=DIRECTION('center_axis',(0.,0.,1.));
#13289=DIRECTION('ref_axis',(0.76919871728016,-0.639009650423651,0.));
#13290=DIRECTION('',(0.,0.,1.));
#13291=DIRECTION('center_axis',(-2.77196255366979E-12,-1.,0.));
#13292=DIRECTION('ref_axis',(1.,-2.77196255366979E-12,0.));
#13293=DIRECTION('center_axis',(0.42565267438944,-0.564641302762308,-0.707106781186549));
#13294=DIRECTION('ref_axis',(-0.856749766114569,0.,-0.515732331992704));
#13295=DIRECTION('',(-0.425652674389441,0.56464130276231,-0.707106781186546));
#13296=DIRECTION('',(0.425652674389441,-0.56464130276231,0.707106781186547));
#13297=DIRECTION('center_axis',(0.,0.,-1.));
#13298=DIRECTION('ref_axis',(-0.894975917268707,0.446114455615414,0.));
#13299=DIRECTION('',(-0.707106781186546,-3.92523114670944E-16,-0.707106781186549));
#13300=DIRECTION('center_axis',(0.707106781186547,1.49532615112326E-16,
-0.707106781186548));
#13301=DIRECTION('ref_axis',(-0.707106781186548,0.,-0.707106781186547));
#13302=DIRECTION('',(-0.707106781186548,0.,-0.707106781186547));
#13303=DIRECTION('center_axis',(0.,0.,-1.));
#13304=DIRECTION('ref_axis',(0.978949190317564,-0.204104097892685,0.));
#13305=DIRECTION('',(0.69222161091063,-0.144323391687881,-0.707106781186546));
#13306=DIRECTION('center_axis',(0.,0.,1.));
#13307=DIRECTION('ref_axis',(0.978949190317564,-0.204104097892685,0.));
#13308=DIRECTION('center_axis',(-0.69222161091063,0.144323391687881,-0.707106781186547));
#13309=DIRECTION('ref_axis',(-0.714588107877453,0.,0.699545449617194));
#13310=DIRECTION('',(0.692221610910629,-0.14432339168788,-0.707106781186548));
#13311=DIRECTION('',(0.204104097892685,0.978949190317564,0.));
#13312=DIRECTION('center_axis',(0.,0.,-1.));
#13313=DIRECTION('ref_axis',(-0.601963784981925,0.79852338824247,0.));
#13314=DIRECTION('center_axis',(0.,0.,1.));
#13315=DIRECTION('ref_axis',(-0.601963784981925,0.79852338824247,0.));
#13316=DIRECTION('center_axis',(0.,0.,-1.));
#13317=DIRECTION('ref_axis',(-0.247086039148792,0.968993544487146,0.));
#13318=DIRECTION('',(-0.522465988234771,-0.476475908244966,0.707106781186547));
#13319=DIRECTION('',(-0.686831588477561,0.168114154875158,-0.707106781186548));
#13320=DIRECTION('center_axis',(-0.52246598823477,-0.476475908244965,-0.707106781186548));
#13321=DIRECTION('ref_axis',(-0.804272989446154,0.,0.594260009126768));
#13322=DIRECTION('',(-0.522465988234771,-0.476475908244966,0.707106781186547));
#13323=DIRECTION('center_axis',(0.,0.,-1.));
#13324=DIRECTION('ref_axis',(0.964587407733153,0.263763403152592,0.));
#13325=DIRECTION('',(-0.692221610910629,0.144323391687881,0.707106781186548));
#13326=DIRECTION('center_axis',(-0.692221610910628,0.14432339168788,-0.707106781186548));
#13327=DIRECTION('ref_axis',(-0.714588107877455,0.,0.699545449617192));
#13328=DIRECTION('',(-0.69222161091063,0.144323391687881,0.707106781186547));
#13329=DIRECTION('center_axis',(0.,0.,-1.));
#13330=DIRECTION('ref_axis',(0.252676071456224,-0.967550930397697,0.));
#13331=DIRECTION('',(0.533264070127947,0.464359162190837,0.707106781186547));
#13332=DIRECTION('center_axis',(0.533264070127946,0.464359162190837,-0.707106781186548));
#13333=DIRECTION('ref_axis',(-0.798407039452923,0.,-0.602118094190848));
#13334=DIRECTION('',(0.533264070127947,0.464359162190837,0.707106781186547));
#13335=DIRECTION('',(0.65670302498249,-0.754149280301219,0.));
#13336=DIRECTION('center_axis',(0.,0.,-1.));
#13337=DIRECTION('ref_axis',(-0.959305290183341,-0.282370962080479,0.));
#13338=DIRECTION('',(0.699797378169893,-0.101408231946654,0.707106781186546));
#13339=DIRECTION('center_axis',(0.,0.,1.));
#13340=DIRECTION('ref_axis',(-0.959305290183341,-0.282370962080479,0.));
#13341=DIRECTION('center_axis',(0.,0.,1.));
#13342=DIRECTION('ref_axis',(1.,0.,0.));
#13343=DIRECTION('',(0.0633830859887824,0.704260310120157,0.707106781186547));
#13344=DIRECTION('center_axis',(0.,0.,-1.));
#13345=DIRECTION('ref_axis',(1.,0.,0.));
#13346=DIRECTION('center_axis',(0.,0.,-1.));
#13347=DIRECTION('ref_axis',(-0.0896372198303941,-0.995974482013007,0.));
#13348=DIRECTION('',(0.706932794818561,-0.0156851397831889,0.707106781186547));
#13349=DIRECTION('center_axis',(0.,0.,1.));
#13350=DIRECTION('ref_axis',(-0.0896372198303941,-0.995974482013007,0.));
#13351=DIRECTION('center_axis',(0.,0.,-1.));
#13352=DIRECTION('ref_axis',(-1.,5.82023318429492E-12,0.));
#13353=DIRECTION('center_axis',(0.,0.,1.));
#13354=DIRECTION('ref_axis',(-0.959305290183341,-0.282370962080479,0.));
#13355=DIRECTION('',(0.,0.,-1.));
#13356=DIRECTION('',(0.,0.,1.));
#13357=DIRECTION('center_axis',(0.,0.,1.));
#13358=DIRECTION('ref_axis',(1.,0.,0.));
#13359=DIRECTION('',(0.,0.,-1.));
#13360=DIRECTION('center_axis',(0.,0.,-1.));
#13361=DIRECTION('ref_axis',(0.0896372198303941,0.995974482013007,0.));
#13362=DIRECTION('center_axis',(0.,0.,-1.));
#13363=DIRECTION('ref_axis',(-0.207542134656353,0.978226079361148,0.));
#13364=DIRECTION('',(-0.355497351017953,-0.611245968018784,0.707106781186546));
#13365=DIRECTION('center_axis',(0.,0.,1.));
#13366=DIRECTION('ref_axis',(-0.207542134656353,0.978226079361149,0.));
#13367=DIRECTION('',(-0.573066289395561,0.414240302189928,-0.707106781186547));
#13368=DIRECTION('center_axis',(0.,0.,1.));
#13369=DIRECTION('ref_axis',(7.27640170339329E-12,-1.,0.));
#13370=DIRECTION('',(5.14519298710673E-12,-0.707106781186548,0.707106781186547));
#13371=DIRECTION('center_axis',(0.,0.,-1.));
#13372=DIRECTION('ref_axis',(7.27640170339329E-12,-1.,0.));
#13373=DIRECTION('center_axis',(0.,-0.707106781186547,-0.707106781186548));
#13374=DIRECTION('ref_axis',(-1.,0.,0.));
#13375=DIRECTION('',(0.,-0.707106781186548,0.707106781186547));
#13376=DIRECTION('center_axis',(0.,0.,-1.));
#13377=DIRECTION('ref_axis',(0.948294096850434,0.317392983348119,0.));
#13378=DIRECTION('',(-0.425652674389171,0.564641302762513,0.707106781186547));
#13379=DIRECTION('center_axis',(-0.425652674389172,0.564641302762512,-0.707106781186547));
#13380=DIRECTION('ref_axis',(-0.856749766114712,0.,0.515732331992466));
#13381=DIRECTION('',(-0.425652674389172,0.564641302762511,0.707106781186548));
#13382=DIRECTION('center_axis',(0.,0.,-1.));
#13383=DIRECTION('ref_axis',(0.601963784981545,-0.798523388242756,0.));
#13384=DIRECTION('',(0.660991808775382,0.251176887336092,0.707106781186548));
#13385=DIRECTION('center_axis',(0.660991808775383,0.251176887336091,-0.707106781186548));
#13386=DIRECTION('ref_axis',(-0.730526585134143,0.,-0.682884256966177));
#13387=DIRECTION('',(0.660991808775382,0.251176887336093,0.707106781186548));
#13388=DIRECTION('center_axis',(0.,0.,-1.));
#13389=DIRECTION('ref_axis',(-0.98715520814218,0.159764185716853,0.));
#13390=DIRECTION('',(0.548021469664248,-0.446847254424865,0.707106781186546));
#13391=DIRECTION('center_axis',(0.,0.,1.));
#13392=DIRECTION('ref_axis',(-0.98715520814218,0.159764185716854,0.));
#13393=DIRECTION('center_axis',(0.,0.,1.));
#13394=DIRECTION('ref_axis',(1.,0.,0.));
#13395=DIRECTION('center_axis',(0.,0.,-1.));
#13396=DIRECTION('ref_axis',(1.,0.,0.));
#13397=DIRECTION('center_axis',(0.,0.,1.));
#13398=DIRECTION('ref_axis',(-0.98715520814218,0.159764185716854,0.));
#13399=DIRECTION('',(0.,0.,1.));
#13400=DIRECTION('center_axis',(0.,0.,1.));
#13401=DIRECTION('ref_axis',(1.,0.,0.));
#13402=DIRECTION('',(0.,0.,-1.));
#13403=DIRECTION('center_axis',(0.,0.,1.));
#13404=DIRECTION('ref_axis',(-0.207542134656353,0.978226079361149,0.));
#13405=DIRECTION('',(0.,0.,1.));
#13406=DIRECTION('center_axis',(0.,0.,-1.));
#13407=DIRECTION('ref_axis',(6.51724233072832E-16,1.,0.));
#13408=DIRECTION('',(-0.425652674389441,-0.564641302762309,0.707106781186547));
#13409=DIRECTION('center_axis',(0.,0.,1.));
#13410=DIRECTION('ref_axis',(6.51724233072832E-16,1.,0.));
#13411=DIRECTION('',(-0.425652674389441,0.564641302762309,-0.707106781186547));
#13412=DIRECTION('center_axis',(-0.425652674389442,-0.564641302762309,-0.707106781186547));
#13413=DIRECTION('ref_axis',(-0.856749766114567,0.,0.515732331992706));
#13414=DIRECTION('',(-0.425652674389441,-0.564641302762307,0.707106781186548));
#13415=DIRECTION('',(-0.798523388242469,0.601963784981927,0.));
#13416=DIRECTION('center_axis',(0.,0.,-1.));
#13417=DIRECTION('ref_axis',(0.948294096850356,-0.317392983348354,0.));
#13418=DIRECTION('',(-3.92523114670944E-16,0.707106781186547,0.707106781186548));
#13419=DIRECTION('center_axis',(0.,0.,1.));
#13420=DIRECTION('ref_axis',(0.948294096850356,-0.317392983348354,0.));
#13421=DIRECTION('center_axis',(-1.08656917644417E-16,0.707106781186547,
-0.707106781186548));
#13422=DIRECTION('ref_axis',(-1.,0.,1.53664086578392E-16));
#13423=DIRECTION('',(0.,0.707106781186548,0.707106781186547));
#13424=DIRECTION('center_axis',(0.,0.,-1.));
#13425=DIRECTION('ref_axis',(-0.948294096850358,-0.317392983348347,0.));
#13426=DIRECTION('',(0.42565267438944,-0.564641302762308,0.707106781186548));
#13427=DIRECTION('center_axis',(0.42565267438944,-0.564641302762308,-0.707106781186548));
#13428=DIRECTION('ref_axis',(-0.856749766114568,0.,-0.515732331992704));
#13429=DIRECTION('center_axis',(0.,0.,1.));
#13430=DIRECTION('ref_axis',(6.51724233072832E-16,1.,0.));
#13431=DIRECTION('',(0.,0.,1.));
#13432=DIRECTION('center_axis',(0.425652674391516,0.564641302760746,-0.707106781186546));
#13433=DIRECTION('ref_axis',(-0.856749766113456,0.,-0.515732331994551));
#13434=DIRECTION('',(-0.425652674391513,-0.564641302760744,-0.707106781186549));
#13435=DIRECTION('',(0.425652674391513,0.564641302760744,0.707106781186549));
#13436=DIRECTION('',(0.798523388240258,-0.60196378498486,0.));
#13437=DIRECTION('center_axis',(0.,0.,-1.));
#13438=DIRECTION('ref_axis',(0.93478358058767,-0.355217760625359,0.));
#13439=DIRECTION('',(0.660991808775382,-0.251176887336092,-0.707106781186548));
#13440=DIRECTION('center_axis',(0.,0.,1.));
#13441=DIRECTION('ref_axis',(0.93478358058767,-0.355217760625359,0.));
#13442=DIRECTION('center_axis',(-0.660991808775383,0.251176887336091,-0.707106781186548));
#13443=DIRECTION('ref_axis',(-0.730526585134143,0.,0.682884256966177));
#13444=DIRECTION('',(0.660991808775383,-0.251176887336093,-0.707106781186547));
#13445=DIRECTION('',(0.355217760625359,0.93478358058767,0.));
#13446=DIRECTION('center_axis',(0.,0.,-1.));
#13447=DIRECTION('ref_axis',(0.98715520814218,0.159764185716853,0.));
#13448=DIRECTION('',(0.548021469664249,0.44684725442486,-0.707106781186548));
#13449=DIRECTION('center_axis',(0.,0.,1.));
#13450=DIRECTION('ref_axis',(-1.,0.,0.));
#13451=DIRECTION('',(0.57306628939556,0.414240302189928,-0.707106781186548));
#13452=DIRECTION('center_axis',(0.,0.,-1.));
#13453=DIRECTION('ref_axis',(0.207542134656353,0.978226079361148,0.));
#13454=DIRECTION('',(-0.355497351017953,0.611245968018784,-0.707106781186546));
#13455=DIRECTION('center_axis',(0.,0.,1.));
#13456=DIRECTION('ref_axis',(1.,1.45494727377127E-11,0.));
#13457=DIRECTION('',(5.14519298710674E-12,0.707106781186546,-0.707106781186549));
#13458=DIRECTION('center_axis',(0.,-0.707106781186547,-0.707106781186548));
#13459=DIRECTION('ref_axis',(-1.,0.,0.));
#13460=DIRECTION('',(0.,0.707106781186548,-0.707106781186547));
#13461=DIRECTION('center_axis',(0.,0.,-1.));
#13462=DIRECTION('ref_axis',(-0.948294096849773,0.317392983350095,0.));
#13463=DIRECTION('center_axis',(0.,0.,1.));
#13464=DIRECTION('ref_axis',(-0.948294096849773,0.317392983350095,0.));
#13465=DIRECTION('center_axis',(0.93478358058767,-0.355217760625359,0.));
#13466=DIRECTION('ref_axis',(0.355217760625359,0.93478358058767,0.));
#13467=DIRECTION('',(0.,0.,-1.));
#13468=DIRECTION('center_axis',(0.,0.,-1.));
#13469=DIRECTION('ref_axis',(0.93478358058767,-0.355217760625359,0.));
#13470=DIRECTION('',(0.,0.,1.));
#13471=DIRECTION('center_axis',(-0.60196378498486,-0.798523388240258,0.));
#13472=DIRECTION('ref_axis',(0.798523388240258,-0.60196378498486,0.));
#13473=DIRECTION('',(0.,0.,-1.));
#13474=DIRECTION('center_axis',(0.,0.,-1.));
#13475=DIRECTION('ref_axis',(0.,1.,0.));
#13476=DIRECTION('center_axis',(0.,0.,1.));
#13477=DIRECTION('ref_axis',(0.,1.,0.));
#13478=DIRECTION('',(0.68683158743572,0.168114159131609,-0.707106781186548));
#13479=DIRECTION('center_axis',(0.,0.,-1.));
#13480=DIRECTION('ref_axis',(0.247086042102543,0.968993543733961,0.));
#13481=DIRECTION('center_axis',(0.,0.,1.));
#13482=DIRECTION('ref_axis',(0.247086042102543,0.968993543733961,0.));
#13483=DIRECTION('',(-0.522465982377083,0.476475914668045,-0.707106781186547));
#13484=DIRECTION('center_axis',(0.522465982377087,-0.476475914668044,-0.707106781186545));
#13485=DIRECTION('ref_axis',(-0.804272992630529,0.,-0.594260004817027));
#13486=DIRECTION('',(-0.522465982377083,0.476475914668043,-0.707106781186548));
#13487=DIRECTION('',(-0.673838700667671,-0.738878478156256,0.));
#13488=DIRECTION('center_axis',(0.,0.,-1.));
#13489=DIRECTION('ref_axis',(-0.964587406112391,0.263763409079745,0.));
#13490=DIRECTION('center_axis',(0.,0.,1.));
#13491=DIRECTION('ref_axis',(-0.964587406112391,0.263763409079746,0.));
#13492=DIRECTION('',(-0.692221610910015,-0.144323391690826,-0.707106781186547));
#13493=DIRECTION('center_axis',(0.692221610910015,0.144323391690827,-0.707106781186548));
#13494=DIRECTION('ref_axis',(-0.714588107877764,0.,-0.699545449616875));
#13495=DIRECTION('',(-0.692221610910015,-0.144323391690828,-0.707106781186547));
#13496=DIRECTION('center_axis',(0.,0.,-1.));
#13497=DIRECTION('ref_axis',(-0.252676071455349,-0.967550930397926,0.));
#13498=DIRECTION('',(0.533264070126814,-0.464359162192142,-0.707106781186545));
#13499=DIRECTION('center_axis',(-0.533264070126812,0.464359162192141,-0.707106781186547));
#13500=DIRECTION('ref_axis',(-0.798407039453538,0.,0.602118094190032));
#13501=DIRECTION('',(0.533264070126813,-0.46435916219214,-0.707106781186547));
#13502=DIRECTION('center_axis',(0.,0.,-1.));
#13503=DIRECTION('ref_axis',(0.959305290182651,-0.282370962082823,0.));
#13504=DIRECTION('',(0.699797378170139,0.101408231944944,-0.707106781186547));
#13505=DIRECTION('center_axis',(0.,0.,1.));
#13506=DIRECTION('ref_axis',(-1.,0.,0.));
#13507=DIRECTION('',(0.0621284997801404,-0.704372095923077,-0.707106781186548));
#13508=DIRECTION('center_axis',(0.,0.,-1.));
#13509=DIRECTION('ref_axis',(0.0878629669989705,-0.996132571011579,0.));
#13510=DIRECTION('center_axis',(0.,0.,1.));
#13511=DIRECTION('ref_axis',(0.0878629669989706,-0.996132571011579,0.));
#13512=DIRECTION('center_axis',(0.,0.,1.));
#13513=DIRECTION('ref_axis',(-0.964587406112391,0.263763409079745,0.));
#13514=DIRECTION('',(0.,0.,1.));
#13515=DIRECTION('center_axis',(-0.738878478156256,0.673838700667671,0.));
#13516=DIRECTION('ref_axis',(-0.673838700667671,-0.738878478156256,0.));
#13517=DIRECTION('',(0.,0.,-1.));
#13518=DIRECTION('center_axis',(0.,0.,1.));
#13519=DIRECTION('ref_axis',(0.247086042102543,0.968993543733961,0.));
#13520=DIRECTION('',(0.,0.,1.));
#13521=DIRECTION('center_axis',(0.,0.,1.));
#13522=DIRECTION('ref_axis',(0.,1.,0.));
#13523=DIRECTION('',(0.,0.,1.));
#13524=DIRECTION('center_axis',(0.,0.,1.));
#13525=DIRECTION('ref_axis',(0.948294096850356,-0.317392983348354,0.));
#13526=DIRECTION('',(0.,0.,-1.));
#13527=DIRECTION('center_axis',(-0.754149280301219,-0.65670302498249,0.));
#13528=DIRECTION('ref_axis',(0.65670302498249,-0.754149280301219,0.));
#13529=DIRECTION('center_axis',(0.,0.,-1.));
#13530=DIRECTION('ref_axis',(-0.601963784981925,0.79852338824247,0.));
#13531=DIRECTION('',(0.,0.,1.));
#13532=DIRECTION('center_axis',(0.,0.,-1.));
#13533=DIRECTION('ref_axis',(0.978949190317564,-0.204104097892685,0.));
#13534=DIRECTION('',(0.,0.,-1.));
#13535=DIRECTION('center_axis',(0.978949190317564,-0.204104097892685,0.));
#13536=DIRECTION('ref_axis',(0.204104097892685,0.978949190317564,0.));
#13537=DIRECTION('center_axis',(0.,0.,1.));
#13538=DIRECTION('ref_axis',(0.948887522308192,-0.31561443250875,0.));
#13539=DIRECTION('',(0.,0.,-1.));
#13540=DIRECTION('',(0.,0.,1.));
#13541=DIRECTION('center_axis',(0.,0.,1.));
#13542=DIRECTION('ref_axis',(1.,-5.82112136271462E-12,0.));
#13543=DIRECTION('center_axis',(0.,0.,1.));
#13544=DIRECTION('ref_axis',(0.894975917268707,0.446114455615414,0.));
#13545=DIRECTION('center_axis',(0.,0.,1.));
#13546=DIRECTION('ref_axis',(-7.27640170339329E-12,1.,0.));
#13547=DIRECTION('center_axis',(0.,0.,1.));
#13548=DIRECTION('ref_axis',(-0.948294096849773,0.317392983350095,0.));
#13549=DIRECTION('center_axis',(0.601963784981927,0.798523388242469,0.));
#13550=DIRECTION('ref_axis',(-0.798523388242469,0.601963784981927,0.));
#13551=DIRECTION('center_axis',(0.,0.,-1.));
#13552=DIRECTION('ref_axis',(0.0878629669989706,-0.996132571011579,0.));
#13553=DIRECTION('center_axis',(1.,0.,0.));
#13554=DIRECTION('ref_axis',(0.,1.,0.));
#13555=DIRECTION('center_axis',(0.824129830677107,0.566400937665293,0.));
#13556=DIRECTION('ref_axis',(-0.566400937665293,0.824129830677107,0.));
#13557=DIRECTION('center_axis',(0.,0.707106781186547,0.707106781186548));
#13558=DIRECTION('ref_axis',(0.,-0.707106781186548,0.707106781186547));
#13559=DIRECTION('center_axis',(0.,0.707106781186547,0.707106781186548));
#13560=DIRECTION('ref_axis',(1.,0.,0.));
#13561=DIRECTION('',(-1.49532615112741E-16,0.707106781186548,-0.707106781186547));
#13562=DIRECTION('center_axis',(0.,0.707106781186555,0.70710678118654));
#13563=DIRECTION('ref_axis',(0.,-0.70710678118654,0.707106781186555));
#13564=DIRECTION('center_axis',(-1.,0.,0.));
#13565=DIRECTION('ref_axis',(0.,0.707106781186548,0.707106781186547));
#13566=DIRECTION('center_axis',(1.,0.,0.));
#13567=DIRECTION('ref_axis',(0.,1.,0.));
#13568=DIRECTION('',(-1.,0.,0.));
#13569=DIRECTION('center_axis',(7.47663075563695E-17,0.70710678118654,-0.707106781186555));
#13570=DIRECTION('ref_axis',(0.707106781186548,0.500000000000005,0.499999999999994));
#13571=DIRECTION('',(-7.47663075563695E-17,-0.70710678118654,0.707106781186555));
#13572=DIRECTION('',(7.47663075563695E-17,0.70710678118654,-0.707106781186555));
#13573=DIRECTION('center_axis',(8.88178419700125E-16,-1.,0.));
#13574=DIRECTION('ref_axis',(-0.707106781186547,-1.57009245868378E-15,0.707106781186548));
#13575=DIRECTION('center_axis',(2.22044604925031E-15,-1.,0.));
#13576=DIRECTION('ref_axis',(0.,0.,1.));
#13577=DIRECTION('',(8.88178419700125E-16,-1.,0.));
#13578=DIRECTION('center_axis',(-2.22044604925031E-15,1.,0.));
#13579=DIRECTION('ref_axis',(-1.,-2.22044604925031E-15,0.));
#13580=DIRECTION('center_axis',(0.,0.,-1.));
#13581=DIRECTION('ref_axis',(-1.,0.,0.));
#13582=DIRECTION('center_axis',(0.,0.,-1.));
#13583=DIRECTION('ref_axis',(0.707106781186548,-0.707106781186547,0.));
#13584=DIRECTION('center_axis',(-8.88178419700125E-16,1.,0.));
#13585=DIRECTION('ref_axis',(0.707106781186548,1.57009245868377E-15,0.707106781186547));
#13586=DIRECTION('center_axis',(2.22044604925031E-15,-1.,0.));
#13587=DIRECTION('ref_axis',(1.,2.22044604925031E-15,0.));
#13588=DIRECTION('',(-8.88178419700125E-16,1.,0.));
#13589=DIRECTION('center_axis',(-0.408248290463864,0.408248290463863,-0.816496580927726));
#13590=DIRECTION('ref_axis',(-0.577350269189627,0.577350269189624,0.577350269189626));
#13591=DIRECTION('center_axis',(0.,0.,1.));
#13592=DIRECTION('ref_axis',(0.,1.,0.));
#13593=DIRECTION('center_axis',(-1.,0.,0.));
#13594=DIRECTION('ref_axis',(0.,0.707106781186548,0.707106781186547));
#13595=DIRECTION('center_axis',(-1.,0.,0.));
#13596=DIRECTION('ref_axis',(0.,0.,1.));
#13597=DIRECTION('',(-1.,0.,0.));
#13598=DIRECTION('center_axis',(1.49532615112741E-16,-0.707106781186548,
0.707106781186547));
#13599=DIRECTION('ref_axis',(-0.707106781186547,0.5,0.5));
#13600=DIRECTION('',(1.49532615112741E-16,-0.707106781186548,0.707106781186547));
#13601=DIRECTION('center_axis',(0.408248290463862,-0.816496580927726,0.408248290463863));
#13602=DIRECTION('ref_axis',(0.577350269189626,0.577350269189625,0.577350269189627));
#13603=DIRECTION('center_axis',(0.,0.,1.));
#13604=DIRECTION('ref_axis',(1.,0.,0.));
#13605=DIRECTION('center_axis',(0.,0.707106781186555,0.70710678118654));
#13606=DIRECTION('ref_axis',(1.,0.,0.));
#13607=DIRECTION('center_axis',(0.,0.,1.));
#13608=DIRECTION('ref_axis',(-1.,0.,0.));
#13609=DIRECTION('',(0.,0.,-1.));
#13610=DIRECTION('center_axis',(0.,0.,1.));
#13611=DIRECTION('ref_axis',(-1.,0.,0.));
#13612=DIRECTION('',(0.,0.,-1.));
#13613=DIRECTION('center_axis',(0.,0.,-1.));
#13614=DIRECTION('ref_axis',(-1.,0.,0.));
#13615=DIRECTION('',(-0.707106781186548,8.65956056235494E-17,0.707106781186547));
#13616=DIRECTION('center_axis',(0.,0.,1.));
#13617=DIRECTION('ref_axis',(-1.,0.,0.));
#13618=DIRECTION('center_axis',(0.,0.,1.));
#13619=DIRECTION('ref_axis',(-1.,0.,0.));
#13620=DIRECTION('center_axis',(0.,0.,1.));
#13621=DIRECTION('ref_axis',(1.,0.,0.));
#13622=DIRECTION('',(0.,0.,1.));
#13623=DIRECTION('center_axis',(0.,0.,1.));
#13624=DIRECTION('ref_axis',(1.,0.,0.));
#13625=DIRECTION('center_axis',(0.,0.,-1.));
#13626=DIRECTION('ref_axis',(-1.,0.,0.));
#13627=DIRECTION('',(-0.707106781186548,8.65956056235494E-17,0.707106781186547));
#13628=DIRECTION('center_axis',(0.,0.,1.));
#13629=DIRECTION('ref_axis',(-1.,0.,0.));
#13630=DIRECTION('center_axis',(0.,0.,1.));
#13631=DIRECTION('ref_axis',(-1.,0.,0.));
#13632=DIRECTION('center_axis',(0.,0.,1.));
#13633=DIRECTION('ref_axis',(1.,0.,0.));
#13634=DIRECTION('',(0.,0.,1.));
#13635=DIRECTION('center_axis',(0.,0.,1.));
#13636=DIRECTION('ref_axis',(1.,0.,0.));
#13637=DIRECTION('center_axis',(0.,0.,1.));
#13638=DIRECTION('ref_axis',(1.,0.,0.));
#13639=DIRECTION('center_axis',(0.,0.,1.));
#13640=DIRECTION('ref_axis',(1.,0.,0.));
#13641=DIRECTION('center_axis',(0.,0.,1.));
#13642=DIRECTION('ref_axis',(1.,0.,0.));
#13643=DIRECTION('',(0.,0.,1.));
#13644=DIRECTION('center_axis',(0.,0.,1.));
#13645=DIRECTION('ref_axis',(1.,0.,0.));
#13646=DIRECTION('center_axis',(0.,0.,1.));
#13647=DIRECTION('ref_axis',(1.,0.,0.));
#13648=DIRECTION('center_axis',(0.,0.,1.));
#13649=DIRECTION('ref_axis',(1.,0.,0.));
#13650=DIRECTION('',(0.,0.,1.));
#13651=DIRECTION('center_axis',(0.,-1.,0.));
#13652=DIRECTION('ref_axis',(-1.,4.22942104619107E-16,0.));
#13653=DIRECTION('center_axis',(-4.22942104619108E-16,-1.,0.));
#13654=DIRECTION('ref_axis',(-1.,4.22942104619107E-16,0.));
#13655=DIRECTION('',(-0.707106781186538,0.707106781186557,-8.65956056235481E-17));
#13656=DIRECTION('center_axis',(4.22942104619108E-16,1.,0.));
#13657=DIRECTION('ref_axis',(-1.,4.22942104619108E-16,0.));
#13658=DIRECTION('center_axis',(4.22942104619108E-16,1.,0.));
#13659=DIRECTION('ref_axis',(-1.,4.22942104619108E-16,0.));
#13660=DIRECTION('center_axis',(-4.22942104619108E-16,-1.,0.));
#13661=DIRECTION('ref_axis',(-1.,4.22942104619107E-16,0.));
#13662=DIRECTION('center_axis',(-1.,4.22942104619108E-16,-1.45603019622971E-16));
#13663=DIRECTION('ref_axis',(0.,-0.707106781186547,0.707106781186548));
#13664=DIRECTION('',(1.,-4.22942104619107E-16,1.45603019622971E-16));
#13665=DIRECTION('',(-1.,4.22942104619107E-16,-2.91206039245943E-16));
#13666=DIRECTION('',(1.,-4.22942104619107E-16,1.45603019622971E-16));
#13667=DIRECTION('',(1.,-4.22942104619107E-16,1.45603019622971E-16));
#13668=DIRECTION('',(1.,-4.22942104619107E-16,1.45603019622971E-16));
#13669=DIRECTION('',(-1.,4.22942104619107E-16,-2.91206039245943E-16));
#13670=DIRECTION('',(1.,-4.22942104619107E-16,1.45603019622971E-16));
#13671=DIRECTION('',(1.,-4.22942104619107E-16,1.45603019622971E-16));
#13672=DIRECTION('center_axis',(-1.,0.,-2.22044604925031E-15));
#13673=DIRECTION('ref_axis',(0.,-1.,0.));
#13674=DIRECTION('',(-1.,4.22942104619107E-16,-1.45603019622971E-16));
#13675=DIRECTION('center_axis',(1.,0.,0.));
#13676=DIRECTION('ref_axis',(0.,0.,1.));
#13677=DIRECTION('',(1.,-4.22942104619107E-16,1.45603019622971E-16));
#13678=DIRECTION('center_axis',(-4.22942104619108E-16,-1.,0.));
#13679=DIRECTION('ref_axis',(1.,-4.22942104619108E-16,0.));
#13680=DIRECTION('',(4.22942104619108E-16,1.,0.));
#13681=DIRECTION('center_axis',(0.,-1.,0.));
#13682=DIRECTION('ref_axis',(-1.,4.22942104619107E-16,0.));
#13683=DIRECTION('center_axis',(-4.22942104619108E-16,-1.,0.));
#13684=DIRECTION('ref_axis',(-1.,4.22942104619107E-16,0.));
#13685=DIRECTION('',(-0.707106781186538,0.707106781186557,-8.65956056235481E-17));
#13686=DIRECTION('center_axis',(4.22942104619108E-16,1.,0.));
#13687=DIRECTION('ref_axis',(-1.,4.22942104619108E-16,0.));
#13688=DIRECTION('center_axis',(4.22942104619108E-16,1.,0.));
#13689=DIRECTION('ref_axis',(-1.,4.22942104619108E-16,0.));
#13690=DIRECTION('center_axis',(-4.22942104619108E-16,-1.,0.));
#13691=DIRECTION('ref_axis',(0.,0.,-1.));
#13692=DIRECTION('center_axis',(4.22942104619108E-16,1.,0.));
#13693=DIRECTION('ref_axis',(-0.707106781186546,2.99065230225481E-16,0.707106781186549));
#13694=DIRECTION('',(0.,0.,1.));
#13695=DIRECTION('center_axis',(-4.22942104619108E-16,-1.,0.));
#13696=DIRECTION('ref_axis',(-0.386004199798653,1.63257428654657E-16,0.922497023159317));
#13697=DIRECTION('',(-0.7121754504825,3.0120898388513E-16,0.702001515475606));
#13698=DIRECTION('center_axis',(-4.22942104619108E-16,-1.,0.));
#13699=DIRECTION('ref_axis',(0.989598165165515,-4.1854273070231E-16,-0.143859207216799));
#13700=DIRECTION('center_axis',(4.22942104619108E-16,1.,0.));
#13701=DIRECTION('ref_axis',(-1.,4.22942104619108E-16,0.));
#13702=DIRECTION('center_axis',(-4.22942104619108E-16,-1.,0.));
#13703=DIRECTION('ref_axis',(0.978349513172695,-4.13785202154339E-16,0.206959488970064));
#13704=DIRECTION('',(0.70200151547702,-2.96905998401654E-16,0.712175450481107));
#13705=DIRECTION('center_axis',(-4.22942104619108E-16,-1.,0.));
#13706=DIRECTION('ref_axis',(-0.379357713457162,1.60446349733064E-16,-0.925250087944094));
#13707=DIRECTION('',(0.,0.,1.));
#13708=DIRECTION('',(-1.,4.22942104619107E-16,0.));
#13709=DIRECTION('center_axis',(-4.22942104619108E-16,-1.,0.));
#13710=DIRECTION('ref_axis',(-1.,4.22942104619108E-16,0.));
#13711=DIRECTION('center_axis',(-4.22942104619108E-16,-1.,0.));
#13712=DIRECTION('ref_axis',(-1.,4.22942104619108E-16,0.));
#13713=DIRECTION('',(-1.,4.22942104619107E-16,0.));
#13714=DIRECTION('center_axis',(-4.22942104619108E-16,-1.,0.));
#13715=DIRECTION('ref_axis',(-1.,4.22942104619108E-16,0.));
#13716=DIRECTION('center_axis',(-4.22942104619108E-16,-1.,0.));
#13717=DIRECTION('ref_axis',(-1.,4.22942104619108E-16,0.));
#13718=DIRECTION('',(-1.,4.22942104619107E-16,0.));
#13719=DIRECTION('',(0.,0.,-1.));
#13720=DIRECTION('center_axis',(-4.22942104619108E-16,-1.,0.));
#13721=DIRECTION('ref_axis',(0.379357713456257,-1.60446349732682E-16,-0.925250087944465));
#13722=DIRECTION('',(0.702001515475614,-2.96905998401059E-16,-0.712175450482493));
#13723=DIRECTION('center_axis',(-4.22942104619108E-16,-1.,0.));
#13724=DIRECTION('ref_axis',(-0.978349513173344,4.13785202154613E-16,0.206959488966999));
#13725=DIRECTION('center_axis',(4.22942104619108E-16,1.,0.));
#13726=DIRECTION('ref_axis',(1.,-4.22942104619107E-16,0.));
#13727=DIRECTION('center_axis',(-4.22942104619108E-16,-1.,0.));
#13728=DIRECTION('ref_axis',(-0.989598165165517,4.18542730702311E-16,-0.143859207216789));
#13729=DIRECTION('',(-0.712175450482499,3.01208983885129E-16,-0.702001515475607));
#13730=DIRECTION('center_axis',(-4.22942104619108E-16,-1.,0.));
#13731=DIRECTION('ref_axis',(0.386004199798653,-1.63257428654657E-16,0.922497023159317));
#13732=DIRECTION('',(0.,0.,-1.));
#13733=DIRECTION('center_axis',(4.22942104619108E-16,1.,0.));
#13734=DIRECTION('ref_axis',(0.707106781186548,-2.99065230225481E-16,0.707106781186547));
#13735=DIRECTION('center_axis',(-4.22942104619108E-16,-1.,0.));
#13736=DIRECTION('ref_axis',(-1.,4.22942104619107E-16,0.));
#13737=DIRECTION('center_axis',(-4.22942104619108E-16,-1.,0.));
#13738=DIRECTION('ref_axis',(-1.,4.22942104619107E-16,0.));
#13739=DIRECTION('center_axis',(-4.22942104619108E-16,-1.,0.));
#13740=DIRECTION('ref_axis',(0.707106781186549,-2.99065230225482E-16,0.707106781186546));
#13741=DIRECTION('center_axis',(4.22942104619108E-16,1.,0.));
#13742=DIRECTION('ref_axis',(-1.,4.22942104619108E-16,0.));
#13743=DIRECTION('center_axis',(-4.22942104619108E-16,-1.,0.));
#13744=DIRECTION('ref_axis',(0.979275876853538,-4.14177000359157E-16,0.202530879158548));
#13745=DIRECTION('',(0.7121754504825,-3.01208983885129E-16,0.702001515475607));
#13746=DIRECTION('center_axis',(-4.22942104619108E-16,-1.,0.));
#13747=DIRECTION('ref_axis',(-0.00719405843472288,3.04267021513454E-18,
-0.999974122426795));
#13748=DIRECTION('',(0.702001515475614,-2.96905998401059E-16,-0.712175450482493));
#13749=DIRECTION('center_axis',(-4.22942104619108E-16,-1.,0.));
#13750=DIRECTION('ref_axis',(-0.925250087944469,3.91327219494248E-16,-0.379357713456247));
#13751=DIRECTION('',(0.,0.,-1.));
#13752=DIRECTION('center_axis',(-4.22942104619108E-16,-1.,0.));
#13753=DIRECTION('ref_axis',(-0.879049072991535,3.71786864994515E-16,0.476731294622792));
#13754=DIRECTION('center_axis',(4.22942104619108E-16,1.,0.));
#13755=DIRECTION('ref_axis',(1.,-4.22942104619108E-16,0.));
#13756=DIRECTION('center_axis',(-4.22942104619108E-16,-1.,0.));
#13757=DIRECTION('ref_axis',(-0.768706114785807,3.25118182021086E-16,0.639602149066832));
#13758=DIRECTION('center_axis',(-4.22942104619108E-16,-1.,0.));
#13759=DIRECTION('ref_axis',(-1.,4.22942104619108E-16,0.));
#13760=DIRECTION('center_axis',(-4.22942104619108E-16,-1.,0.));
#13761=DIRECTION('ref_axis',(-1.,4.22942104619108E-16,0.));
#13762=DIRECTION('center_axis',(-4.22942104619108E-16,-1.,0.));
#13763=DIRECTION('ref_axis',(-1.,4.22942104619108E-16,0.));
#13764=DIRECTION('center_axis',(-4.22942104619108E-16,-1.,0.));
#13765=DIRECTION('ref_axis',(-1.,4.22942104619108E-16,0.));
#13766=DIRECTION('center_axis',(-4.22942104619108E-16,-1.,0.));
#13767=DIRECTION('ref_axis',(0.768706114785805,-3.25118182021086E-16,0.639602149066834));
#13768=DIRECTION('center_axis',(4.22942104619108E-16,1.,0.));
#13769=DIRECTION('ref_axis',(-1.,4.22942104619108E-16,0.));
#13770=DIRECTION('center_axis',(-4.22942104619108E-16,-1.,0.));
#13771=DIRECTION('ref_axis',(0.879049072991531,-3.71786864994514E-16,0.476731294622798));
#13772=DIRECTION('',(-2.22044604925031E-16,9.3912012526311E-32,1.));
#13773=DIRECTION('center_axis',(-4.22942104619108E-16,-1.,0.));
#13774=DIRECTION('ref_axis',(0.925250087944095,-3.9132721949409E-16,-0.37935771345716));
#13775=DIRECTION('',(0.70200151547702,-2.96905998401654E-16,0.712175450481107));
#13776=DIRECTION('center_axis',(-4.22942104619108E-16,-1.,0.));
#13777=DIRECTION('ref_axis',(0.00719405843373601,-3.04267021471715E-18,
-0.999974122426802));
#13778=DIRECTION('',(0.7121754504825,-3.0120898388513E-16,-0.702001515475606));
#13779=DIRECTION('center_axis',(-4.22942104619108E-16,-1.,0.));
#13780=DIRECTION('ref_axis',(-0.979275876853542,4.14177000359159E-16,0.202530879158531));
#13781=DIRECTION('center_axis',(4.22942104619108E-16,1.,0.));
#13782=DIRECTION('ref_axis',(1.,-4.22942104619108E-16,0.));
#13783=DIRECTION('center_axis',(-4.22942104619108E-16,-1.,0.));
#13784=DIRECTION('ref_axis',(-0.707106781186549,2.99065230225482E-16,0.707106781186546));
#13785=DIRECTION('center_axis',(-4.22942104619108E-16,-1.,0.));
#13786=DIRECTION('ref_axis',(-1.,4.22942104619107E-16,0.));
#13787=DIRECTION('center_axis',(-4.22942104619108E-16,-1.,0.));
#13788=DIRECTION('ref_axis',(-0.00719405843365378,3.04267021468237E-18,
0.999974122426802));
#13789=DIRECTION('',(-0.7121754504825,3.0120898388513E-16,0.702001515475606));
#13790=DIRECTION('center_axis',(-4.22942104619108E-16,-1.,0.));
#13791=DIRECTION('ref_axis',(0.922497023159318,-3.90162832479864E-16,0.386004199798651));
#13792=DIRECTION('',(-2.22044604925031E-16,9.3912012526311E-32,1.));
#13793=DIRECTION('center_axis',(-4.22942104619108E-16,-1.,0.));
#13794=DIRECTION('ref_axis',(0.879049072991531,-3.71786864994514E-16,-0.476731294622799));
#13795=DIRECTION('center_axis',(4.22942104619108E-16,1.,0.));
#13796=DIRECTION('ref_axis',(-1.,4.22942104619107E-16,0.));
#13797=DIRECTION('center_axis',(-4.22942104619108E-16,-1.,0.));
#13798=DIRECTION('ref_axis',(0.707106781186548,-2.99065230225482E-16,-0.707106781186547));
#13799=DIRECTION('',(1.,-4.22942104619107E-16,0.));
#13800=DIRECTION('center_axis',(-4.22942104619108E-16,-1.,0.));
#13801=DIRECTION('ref_axis',(-0.922497023159733,3.90162832480039E-16,-0.386004199797658));
#13802=DIRECTION('',(-0.702001515477137,2.96905998401703E-16,-0.712175450480992));
#13803=DIRECTION('center_axis',(-4.22942104619108E-16,-1.,0.));
#13804=DIRECTION('ref_axis',(0.379357713457238,-1.60446349733096E-16,0.925250087944063));
#13805=DIRECTION('',(1.26882631385732E-16,-5.3664007157892E-32,1.));
#13806=DIRECTION('center_axis',(-4.22942104619108E-16,-1.,0.));
#13807=DIRECTION('ref_axis',(0.386004199798652,-1.63257428654656E-16,-0.922497023159317));
#13808=DIRECTION('',(0.7121754504825,-3.0120898388513E-16,-0.702001515475606));
#13809=DIRECTION('center_axis',(-4.22942104619108E-16,-1.,0.));
#13810=DIRECTION('ref_axis',(-0.922497023159318,3.90162832479863E-16,-0.386004199798652));
#13811=DIRECTION('',(2.01858731750162E-16,-8.53745568421574E-32,-1.));
#13812=DIRECTION('center_axis',(-4.22942104619108E-16,-1.,0.));
#13813=DIRECTION('ref_axis',(-0.925250087944062,3.91327219494076E-16,0.379357713457239));
#13814=DIRECTION('',(-0.702001515477137,2.96905998401703E-16,-0.712175450480992));
#13815=DIRECTION('center_axis',(-4.22942104619108E-16,-1.,0.));
#13816=DIRECTION('ref_axis',(-1.,4.14483262526725E-16,0.));
#13817=DIRECTION('',(-0.702001515475614,2.96905998401059E-16,0.712175450482493));
#13818=DIRECTION('',(0.712175450482499,-3.01208983885129E-16,0.702001515475607));
#13819=DIRECTION('',(-0.70200151547702,2.96905998401654E-16,-0.712175450481107));
#13820=DIRECTION('center_axis',(-4.22942104619108E-16,-1.,0.));
#13821=DIRECTION('ref_axis',(-1.,4.14483262526725E-16,0.));
#13822=DIRECTION('',(0.7121754504825,-3.0120898388513E-16,-0.702001515475606));
#13823=DIRECTION('center_axis',(-4.22942104619108E-16,-1.,0.));
#13824=DIRECTION('ref_axis',(-0.379357713456224,1.60446349732668E-16,0.925250087944479));
#13825=DIRECTION('',(-0.70200151547557,2.9690599840104E-16,0.712175450482536));
#13826=DIRECTION('center_axis',(-4.22942104619108E-16,-1.,0.));
#13827=DIRECTION('ref_axis',(0.925250087944481,-3.91327219494253E-16,0.379357713456219));
#13828=DIRECTION('',(0.,0.,1.));
#13829=DIRECTION('center_axis',(-4.22942104619108E-16,-1.,0.));
#13830=DIRECTION('ref_axis',(0.922497023159318,-3.90162832479864E-16,-0.386004199798651));
#13831=DIRECTION('',(0.7121754504825,-3.01208983885129E-16,0.702001515475607));
#13832=DIRECTION('center_axis',(-4.22942104619108E-16,-1.,0.));
#13833=DIRECTION('ref_axis',(-0.386004199798651,1.63257428654656E-16,-0.922497023159318));
#13834=DIRECTION('',(-1.26882631385732E-16,5.3664007157892E-32,-1.));
#13835=DIRECTION('center_axis',(-4.22942104619108E-16,-1.,0.));
#13836=DIRECTION('ref_axis',(0.00719405843475134,-3.04267021514658E-18,
0.999974122426794));
#13837=DIRECTION('',(-0.70200151547557,2.9690599840104E-16,0.712175450482536));
#13838=DIRECTION('center_axis',(-4.22942104619108E-16,-1.,0.));
#13839=DIRECTION('ref_axis',(0.922497023159309,-3.9016283247986E-16,-0.386004199798672));
#13840=DIRECTION('',(1.,-4.22942104619107E-16,0.));
#13841=DIRECTION('center_axis',(-4.22942104619108E-16,-1.,0.));
#13842=DIRECTION('ref_axis',(-0.707106781186547,2.99065230225481E-16,-0.707106781186548));
#13843=DIRECTION('center_axis',(4.22942104619108E-16,1.,0.));
#13844=DIRECTION('ref_axis',(1.,-4.22942104619107E-16,0.));
#13845=DIRECTION('center_axis',(-4.22942104619108E-16,-1.,0.));
#13846=DIRECTION('ref_axis',(-0.879049072991534,3.71786864994515E-16,-0.476731294622794));
#13847=DIRECTION('',(0.,0.,-1.));
#13848=DIRECTION('center_axis',(-4.22942104619108E-16,-1.,0.));
#13849=DIRECTION('ref_axis',(-0.922497023159318,3.90162832479864E-16,0.386004199798651));
#13850=DIRECTION('',(-0.712175450482499,3.01208983885129E-16,-0.702001515475607));
#13851=DIRECTION('center_axis',(-4.22942104619108E-16,-1.,0.));
#13852=DIRECTION('ref_axis',(1.,-4.22942104619108E-16,0.));
#13853=DIRECTION('',(4.22942104619108E-16,1.,0.));
#13854=DIRECTION('center_axis',(0.,-1.,0.));
#13855=DIRECTION('ref_axis',(-1.,4.22942104619107E-16,0.));
#13856=DIRECTION('',(-0.707106781186563,0.707106781186532,-8.65956056235512E-17));
#13857=DIRECTION('center_axis',(4.22942104619108E-16,1.,0.));
#13858=DIRECTION('ref_axis',(-1.,4.22942104619108E-16,0.));
#13859=DIRECTION('center_axis',(4.22942104619108E-16,1.,0.));
#13860=DIRECTION('ref_axis',(-1.,4.22942104619108E-16,0.));
#13861=DIRECTION('center_axis',(-4.22942104619108E-16,-1.,0.));
#13862=DIRECTION('ref_axis',(1.,-4.22942104619108E-16,0.));
#13863=DIRECTION('',(4.22942104619108E-16,1.,0.));
#13864=DIRECTION('center_axis',(0.,-1.,0.));
#13865=DIRECTION('ref_axis',(-1.,4.22942104619107E-16,0.));
#13866=DIRECTION('',(-0.707106781186563,0.707106781186532,-8.65956056235512E-17));
#13867=DIRECTION('center_axis',(4.22942104619108E-16,1.,0.));
#13868=DIRECTION('ref_axis',(-1.,4.22942104619108E-16,0.));
#13869=DIRECTION('center_axis',(4.22942104619108E-16,1.,0.));
#13870=DIRECTION('ref_axis',(-1.,4.22942104619108E-16,0.));
#13871=DIRECTION('center_axis',(-4.22942104619108E-16,-1.,0.));
#13872=DIRECTION('ref_axis',(1.,-4.22942104619108E-16,0.));
#13873=DIRECTION('',(4.22942104619108E-16,1.,0.));
#13874=DIRECTION('center_axis',(0.,-1.,0.));
#13875=DIRECTION('ref_axis',(-1.,4.22942104619108E-16,0.));
#13876=DIRECTION('',(-0.707106781186543,0.707106781186552,-8.65956056235487E-17));
#13877=DIRECTION('center_axis',(4.22942104619108E-16,1.,0.));
#13878=DIRECTION('ref_axis',(-1.,4.22942104619107E-16,0.));
#13879=DIRECTION('center_axis',(4.22942104619108E-16,1.,0.));
#13880=DIRECTION('ref_axis',(-1.,4.22942104619107E-16,0.));
#13881=DIRECTION('center_axis',(-4.22942104619108E-16,-1.,0.));
#13882=DIRECTION('ref_axis',(1.,-4.22942104619107E-16,0.));
#13883=DIRECTION('',(4.22942104619107E-16,1.,0.));
#13884=DIRECTION('center_axis',(0.,-1.,0.));
#13885=DIRECTION('ref_axis',(-1.,4.22942104619108E-16,0.));
#13886=DIRECTION('',(-0.707106781186543,0.707106781186552,-8.65956056235487E-17));
#13887=DIRECTION('center_axis',(4.22942104619108E-16,1.,0.));
#13888=DIRECTION('ref_axis',(-1.,4.22942104619107E-16,0.));
#13889=DIRECTION('center_axis',(4.22942104619108E-16,1.,0.));
#13890=DIRECTION('ref_axis',(-1.,4.22942104619107E-16,0.));
#13891=DIRECTION('center_axis',(-4.22942104619108E-16,-1.,0.));
#13892=DIRECTION('ref_axis',(1.,-4.22942104619107E-16,0.));
#13893=DIRECTION('',(4.22942104619107E-16,1.,0.));
#13894=DIRECTION('center_axis',(0.,-1.,0.));
#13895=DIRECTION('ref_axis',(-1.,4.22942104619108E-16,0.));
#13896=DIRECTION('',(-0.707106781186549,0.707106781186546,-8.65956056235495E-17));
#13897=DIRECTION('center_axis',(4.22942104619108E-16,1.,0.));
#13898=DIRECTION('ref_axis',(-1.,4.22942104619107E-16,0.));
#13899=DIRECTION('center_axis',(4.22942104619108E-16,1.,0.));
#13900=DIRECTION('ref_axis',(-1.,4.22942104619107E-16,0.));
#13901=DIRECTION('center_axis',(-4.22942104619108E-16,-1.,0.));
#13902=DIRECTION('ref_axis',(1.,-4.22942104619107E-16,0.));
#13903=DIRECTION('',(4.22942104619107E-16,1.,0.));
#13904=DIRECTION('center_axis',(0.,-1.,0.));
#13905=DIRECTION('ref_axis',(-1.,4.22942104619108E-16,0.));
#13906=DIRECTION('',(-0.707106781186549,0.707106781186546,-8.65956056235495E-17));
#13907=DIRECTION('center_axis',(4.22942104619108E-16,1.,0.));
#13908=DIRECTION('ref_axis',(-1.,4.22942104619107E-16,0.));
#13909=DIRECTION('center_axis',(4.22942104619108E-16,1.,0.));
#13910=DIRECTION('ref_axis',(-1.,4.22942104619107E-16,0.));
#13911=DIRECTION('center_axis',(-4.22942104619108E-16,-1.,0.));
#13912=DIRECTION('ref_axis',(1.,-4.22942104619107E-16,0.));
#13913=DIRECTION('',(4.22942104619107E-16,1.,0.));
#13914=DIRECTION('center_axis',(1.,0.,0.));
#13915=DIRECTION('ref_axis',(0.,-0.707106781186548,0.707106781186547));
#13916=DIRECTION('',(-1.,0.,0.));
#13917=DIRECTION('center_axis',(1.,0.,0.));
#13918=DIRECTION('ref_axis',(0.,0.,1.));
#13919=DIRECTION('',(1.,0.,0.));
#13920=DIRECTION('center_axis',(1.05735526154777E-16,1.,0.));
#13921=DIRECTION('ref_axis',(0.707106781186548,0.,0.707106781186547));
#13922=DIRECTION('center_axis',(0.,-1.,0.));
#13923=DIRECTION('ref_axis',(1.,0.,0.));
#13924=DIRECTION('',(-1.05735526154777E-16,-1.,0.));
#13925=DIRECTION('',(1.05735526154777E-16,1.,0.));
#13926=DIRECTION('center_axis',(1.,-1.05735526154777E-16,0.));
#13927=DIRECTION('ref_axis',(0.,0.,-1.));
#13928=DIRECTION('center_axis',(0.,0.,-1.));
#13929=DIRECTION('ref_axis',(1.,0.,0.));
#13930=DIRECTION('center_axis',(-1.,1.05735526154777E-16,0.));
#13931=DIRECTION('ref_axis',(0.,0.707106781186548,-0.707106781186547));
#13932=DIRECTION('center_axis',(1.,-1.05735526154777E-16,0.));
#13933=DIRECTION('ref_axis',(7.47663075563703E-17,0.707106781186548,-0.707106781186547));
#13934=DIRECTION('center_axis',(0.,0.,1.));
#13935=DIRECTION('ref_axis',(0.707106781186548,-0.707106781186547,0.));
#13936=DIRECTION('center_axis',(2.22044604925031E-15,0.,-1.));
#13937=DIRECTION('ref_axis',(1.,0.,2.22044604925031E-15));
#13938=DIRECTION('',(-3.1720657846433E-16,1.3416001789473E-31,1.));
#13939=DIRECTION('',(0.,0.,1.));
#13940=DIRECTION('center_axis',(0.,0.,1.));
#13941=DIRECTION('ref_axis',(-1.,1.11022302462516E-15,0.));
#13942=DIRECTION('center_axis',(-4.22942104619108E-16,-1.,0.));
#13943=DIRECTION('ref_axis',(-0.707106781186546,2.77555756156289E-16,0.707106781186549));
#13944=DIRECTION('center_axis',(0.,0.,-1.));
#13945=DIRECTION('ref_axis',(-0.707106781186548,-0.707106781186547,0.));
#13946=DIRECTION('center_axis',(0.,0.,1.));
#13947=DIRECTION('ref_axis',(-1.,0.,0.));
#13948=DIRECTION('',(3.1720657846433E-16,-1.3416001789473E-31,-1.));
#13949=DIRECTION('',(0.,0.,-1.));
#13950=DIRECTION('center_axis',(-1.,-2.11471052309554E-16,0.));
#13951=DIRECTION('ref_axis',(0.,0.,1.));
#13952=DIRECTION('center_axis',(0.,1.,0.));
#13953=DIRECTION('ref_axis',(-1.,0.,0.));
#13954=DIRECTION('center_axis',(1.,2.11471052309554E-16,0.));
#13955=DIRECTION('ref_axis',(-2.77555756156288E-16,0.707106781186549,-0.707106781186546));
#13956=DIRECTION('center_axis',(-1.,-2.11471052309554E-16,0.));
#13957=DIRECTION('ref_axis',(-1.49532615112741E-16,0.707106781186549,-0.707106781186546));
#13958=DIRECTION('center_axis',(2.11471052309554E-16,-1.,0.));
#13959=DIRECTION('ref_axis',(-0.707106781186548,0.,0.707106781186547));
#13960=DIRECTION('center_axis',(0.,1.,0.));
#13961=DIRECTION('ref_axis',(-1.,0.,0.));
#13962=DIRECTION('',(-2.11471052309554E-16,1.,0.));
#13963=DIRECTION('',(2.11471052309554E-16,-1.,0.));
#13964=DIRECTION('center_axis',(0.,0.,1.));
#13965=DIRECTION('ref_axis',(1.,0.,0.));
#13966=DIRECTION('center_axis',(0.,0.,-1.));
#13967=DIRECTION('ref_axis',(-0.707106781186548,-0.707106781186548,0.));
#13968=DIRECTION('center_axis',(0.,0.,1.));
#13969=DIRECTION('ref_axis',(-0.707106781186548,-0.707106781186548,0.));
#13970=DIRECTION('center_axis',(-4.22942104619108E-16,-1.,0.));
#13971=DIRECTION('ref_axis',(0.707106781186548,-2.77555756156289E-16,0.707106781186547));
#13972=DIRECTION('center_axis',(1.85037170770859E-16,1.,0.));
#13973=DIRECTION('ref_axis',(0.707106781186548,0.,0.707106781186547));
#13974=DIRECTION('center_axis',(0.,1.,0.));
#13975=DIRECTION('ref_axis',(0.,0.,1.));
#13976=DIRECTION('',(1.85037170770859E-16,1.,0.));
#13977=DIRECTION('center_axis',(0.,-1.,0.));
#13978=DIRECTION('ref_axis',(1.,0.,0.));
#13979=DIRECTION('',(-1.85037170770859E-16,-1.,0.));
#13980=DIRECTION('center_axis',(0.,0.,-1.));
#13981=DIRECTION('ref_axis',(-1.,0.,0.));
#13982=DIRECTION('center_axis',(-1.,-5.55111512312579E-16,0.));
#13983=DIRECTION('ref_axis',(5.55111512312579E-16,-1.,0.));
#13984=DIRECTION('center_axis',(0.,0.,1.));
#13985=DIRECTION('ref_axis',(-0.707106781186547,0.707106781186548,0.));
#13986=DIRECTION('center_axis',(0.,0.,-1.));
#13987=DIRECTION('ref_axis',(-0.707106781186547,0.707106781186548,0.));
#13988=DIRECTION('center_axis',(1.,0.,0.));
#13989=DIRECTION('ref_axis',(0.,-0.707106781186548,0.707106781186547));
#13990=DIRECTION('center_axis',(-1.,0.,0.));
#13991=DIRECTION('ref_axis',(0.,-1.,0.));
#13992=DIRECTION('',(-1.,0.,0.));
#13993=DIRECTION('',(1.,0.,0.));
#13994=DIRECTION('center_axis',(0.,0.,-1.));
#13995=DIRECTION('ref_axis',(-1.,0.,0.));
#13996=DIRECTION('center_axis',(0.,1.,0.));
#13997=DIRECTION('ref_axis',(-1.,0.,0.));
#13998=DIRECTION('center_axis',(0.,0.,1.));
#13999=DIRECTION('ref_axis',(0.707106781186548,0.707106781186547,0.));
#14000=DIRECTION('center_axis',(0.,0.,-1.));
#14001=DIRECTION('ref_axis',(0.707106781186548,0.707106781186547,0.));
#14002=DIRECTION('center_axis',(1.85037170770859E-16,-1.,0.));
#14003=DIRECTION('ref_axis',(-0.707106781186548,0.,0.707106781186547));
#14004=DIRECTION('center_axis',(0.,1.,0.));
#14005=DIRECTION('ref_axis',(-1.,0.,0.));
#14006=DIRECTION('',(-1.85037170770859E-16,1.,0.));
#14007=DIRECTION('',(1.85037170770859E-16,-1.,0.));
#14008=DIRECTION('center_axis',(-0.408248290463862,-0.816496580927727,-0.408248290463862));
#14009=DIRECTION('ref_axis',(0.577350269189627,-0.577350269189623,0.577350269189628));
#14010=DIRECTION('center_axis',(0.,0.,1.));
#14011=DIRECTION('ref_axis',(0.,-1.,0.));
#14012=DIRECTION('center_axis',(0.408248290463862,-0.816496580927727,-0.408248290463863));
#14013=DIRECTION('ref_axis',(-0.577350269189626,-0.577350269189623,0.577350269189628));
#14014=DIRECTION('center_axis',(0.,0.,1.));
#14015=DIRECTION('ref_axis',(-1.,2.22044604925032E-15,0.));
#14016=DIRECTION('center_axis',(1.,-1.05735526154777E-16,0.));
#14017=DIRECTION('ref_axis',(1.05735526154777E-16,1.,0.));
#14018=DIRECTION('',(0.,1.,0.));
#14019=DIRECTION('',(0.,0.,1.));
#14020=DIRECTION('',(0.,0.,1.));
#14021=DIRECTION('center_axis',(0.,0.,1.));
#14022=DIRECTION('ref_axis',(0.,-1.,0.));
#14023=DIRECTION('',(0.,0.,1.));
#14024=DIRECTION('center_axis',(0.,-1.,0.));
#14025=DIRECTION('ref_axis',(1.,0.,0.));
#14026=DIRECTION('',(0.,0.,1.));
#14027=DIRECTION('center_axis',(0.,0.,1.));
#14028=DIRECTION('ref_axis',(-1.,2.22044604925032E-15,0.));
#14029=DIRECTION('',(0.,0.,1.));
#14030=DIRECTION('center_axis',(-1.,-1.85037170770859E-16,0.));
#14031=DIRECTION('ref_axis',(1.85037170770859E-16,-1.,0.));
#14032=DIRECTION('',(0.,0.,1.));
#14033=DIRECTION('center_axis',(0.,0.,1.));
#14034=DIRECTION('ref_axis',(-1.,0.,0.));
#14035=DIRECTION('',(0.,0.,1.));
#14036=DIRECTION('center_axis',(0.,-1.,0.));
#14037=DIRECTION('ref_axis',(1.,0.,0.));
#14038=DIRECTION('',(0.,0.,1.));
#14039=DIRECTION('center_axis',(0.,0.,1.));
#14040=DIRECTION('ref_axis',(0.,-1.,0.));
#14041=DIRECTION('',(0.,0.,1.));
#14042=DIRECTION('center_axis',(1.,-1.85037170770859E-16,0.));
#14043=DIRECTION('ref_axis',(1.85037170770859E-16,1.,0.));
#14044=DIRECTION('',(0.,0.,1.));
#14045=DIRECTION('center_axis',(-1.,4.22942104619108E-16,0.));
#14046=DIRECTION('ref_axis',(2.9906523022548E-16,0.707106781186548,-0.707106781186548));
#14047=DIRECTION('',(1.,-4.22942104619107E-16,0.));
#14048=DIRECTION('center_axis',(0.,-1.,0.));
#14049=DIRECTION('ref_axis',(0.00719405843475134,-2.02844681009772E-18,
0.999974122426794));
#14050=DIRECTION('',(0.496390031996034,0.707106781186549,-0.503584090430759));
#14051=DIRECTION('center_axis',(4.22942104619108E-16,1.,0.));
#14052=DIRECTION('ref_axis',(0.00719405843475135,0.,0.999974122426794));
#14053=DIRECTION('',(0.503584090430785,-0.707106781186549,0.496390031996007));
#14054=DIRECTION('center_axis',(0.496390031996034,-0.707106781186548,-0.50358409043076));
#14055=DIRECTION('ref_axis',(-0.7121754504825,0.,-0.702001515475607));
#14056=DIRECTION('',(0.496390031996034,0.707106781186547,-0.50358409043076));
#14057=DIRECTION('',(0.712175450482499,-3.01208983885129E-16,0.702001515475607));
#14058=DIRECTION('center_axis',(0.,-1.,0.));
#14059=DIRECTION('ref_axis',(-0.922497023159318,2.60108554986576E-16,0.386004199798651));
#14060=DIRECTION('',(0.707106781186547,0.707106781186548,0.));
#14061=DIRECTION('center_axis',(4.22942104619108E-16,1.,0.));
#14062=DIRECTION('ref_axis',(-0.922497023159318,0.,0.386004199798651));
#14063=DIRECTION('center_axis',(0.707106781186548,-0.707106781186547,0.));
#14064=DIRECTION('ref_axis',(0.,0.,-1.));
#14065=DIRECTION('',(0.707106781186547,0.707106781186548,0.));
#14066=DIRECTION('',(0.,0.,1.));
#14067=DIRECTION('center_axis',(0.,-1.,0.));
#14068=DIRECTION('ref_axis',(-0.879049072991534,2.47857909996343E-16,-0.476731294622794));
#14069=DIRECTION('',(0.385694607919939,0.707106781186548,0.592654764109329));
#14070=DIRECTION('center_axis',(4.22942104619108E-16,1.,0.));
#14071=DIRECTION('ref_axis',(-0.879049072991534,0.,-0.476731294622794));
#14072=DIRECTION('center_axis',(0.,1.,0.));
#14073=DIRECTION('ref_axis',(1.,-4.18184005942142E-16,0.));
#14074=DIRECTION('',(0.707106781186547,0.707106781186548,0.));
#14075=DIRECTION('center_axis',(-4.22942104619108E-16,-1.,0.));
#14076=DIRECTION('ref_axis',(1.,-4.14483262526725E-16,0.));
#14077=DIRECTION('center_axis',(0.,-1.,0.));
#14078=DIRECTION('ref_axis',(-0.707106781186547,1.99376820150321E-16,-0.707106781186548));
#14079=DIRECTION('',(1.57009245868377E-15,0.707106781186549,0.707106781186546));
#14080=DIRECTION('center_axis',(4.22942104619108E-16,1.,0.));
#14081=DIRECTION('ref_axis',(-0.707106781186547,0.,-0.707106781186548));
#14082=DIRECTION('center_axis',(-2.99065230225481E-16,-0.707106781186548,
0.707106781186547));
#14083=DIRECTION('ref_axis',(1.,0.,4.22942104619108E-16));
#14084=DIRECTION('',(0.,0.707106781186547,0.707106781186548));
#14085=DIRECTION('',(-1.,4.22942104619107E-16,0.));
#14086=DIRECTION('center_axis',(0.,-1.,0.));
#14087=DIRECTION('ref_axis',(0.922497023159309,-2.60108554986573E-16,-0.386004199798672));
#14088=DIRECTION('',(-0.503584090430785,0.707106781186548,-0.496390031996008));
#14089=DIRECTION('center_axis',(4.22942104619108E-16,1.,0.));
#14090=DIRECTION('ref_axis',(0.922497023159309,0.,-0.386004199798672));
#14091=DIRECTION('center_axis',(-0.503584090430784,-0.70710678118655,-0.496390031996006));
#14092=DIRECTION('ref_axis',(-0.702001515475569,0.,0.712175450482537));
#14093=DIRECTION('',(0.70200151547557,-2.9690599840104E-16,-0.712175450482536));
#14094=DIRECTION('center_axis',(4.14483262526725E-16,1.,0.));
#14095=DIRECTION('ref_axis',(-0.707106781186547,0.,-0.707106781186548));
#14096=DIRECTION('',(4.14483262526725E-16,1.,0.));
#14097=DIRECTION('center_axis',(0.,-1.,0.));
#14098=DIRECTION('ref_axis',(-0.707106781186547,0.,-0.707106781186548));
#14099=DIRECTION('',(-4.14483262526725E-16,-1.,0.));
#14100=DIRECTION('center_axis',(0.,0.,-1.));
#14101=DIRECTION('ref_axis',(-1.,4.22942104619107E-16,0.));
#14102=DIRECTION('',(-4.14483262526725E-16,-1.,0.));
#14103=DIRECTION('',(1.,0.,0.));
#14104=DIRECTION('center_axis',(4.14483262526725E-16,1.,0.));
#14105=DIRECTION('ref_axis',(0.922497023159309,0.,-0.386004199798672));
#14106=DIRECTION('',(4.14483262526725E-16,1.,0.));
#14107=DIRECTION('center_axis',(0.,-1.,0.));
#14108=DIRECTION('ref_axis',(0.922497023159309,0.,-0.386004199798672));
#14109=DIRECTION('center_axis',(0.712175450482536,-2.95184804207442E-16,
0.70200151547557));
#14110=DIRECTION('ref_axis',(0.70200151547557,-2.9690599840104E-16,-0.712175450482536));
#14111=DIRECTION('',(-4.14483262526725E-16,-1.,3.46113469352862E-32));
#14112=DIRECTION('',(-0.70200151547557,0.,0.712175450482536));
#14113=DIRECTION('center_axis',(4.14483262526725E-16,1.,0.));
#14114=DIRECTION('ref_axis',(0.00719405843475135,0.,0.999974122426794));
#14115=DIRECTION('',(4.14483262526725E-16,1.,3.51129606589879E-32));
#14116=DIRECTION('center_axis',(0.,-1.,0.));
#14117=DIRECTION('ref_axis',(0.00719405843475135,0.,0.999974122426794));
#14118=DIRECTION('center_axis',(0.,-1.,0.));
#14119=DIRECTION('ref_axis',(-0.00719405843365378,2.02844680978825E-18,
0.999974122426802));
#14120=DIRECTION('',(0.503584090429693,0.707106781186549,-0.496390031997115));
#14121=DIRECTION('center_axis',(4.22942104619108E-16,1.,0.));
#14122=DIRECTION('ref_axis',(-0.00719405843365378,0.,0.999974122426802));
#14123=DIRECTION('',(0.496390031996034,-0.707106781186548,0.50358409043076));
#14124=DIRECTION('center_axis',(0.503584090429694,-0.707106781186546,-0.496390031997117));
#14125=DIRECTION('ref_axis',(-0.702001515477137,0.,-0.712175450480991));
#14126=DIRECTION('',(0.503584090429693,0.707106781186549,-0.496390031997115));
#14127=DIRECTION('',(0.702001515477137,-2.96905998401703E-16,0.712175450480992));
#14128=DIRECTION('center_axis',(0.,-1.,0.));
#14129=DIRECTION('ref_axis',(-0.922497023159733,2.60108554986693E-16,-0.386004199797658));
#14130=DIRECTION('',(0.,0.707106781186548,0.707106781186547));
#14131=DIRECTION('center_axis',(4.22942104619108E-16,1.,0.));
#14132=DIRECTION('ref_axis',(-0.922497023159733,0.,-0.386004199797658));
#14133=DIRECTION('center_axis',(-2.99065230225481E-16,-0.707106781186546,
0.707106781186549));
#14134=DIRECTION('ref_axis',(1.,0.,4.22942104619106E-16));
#14135=DIRECTION('',(0.,0.707106781186549,0.707106781186546));
#14136=DIRECTION('',(-1.,4.22942104619107E-16,0.));
#14137=DIRECTION('center_axis',(0.,-1.,0.));
#14138=DIRECTION('ref_axis',(0.707106781186548,-1.99376820150321E-16,-0.707106781186547));
#14139=DIRECTION('',(-0.707106781186548,0.707106781186547,0.));
#14140=DIRECTION('center_axis',(4.22942104619108E-16,1.,0.));
#14141=DIRECTION('ref_axis',(0.707106781186548,0.,-0.707106781186547));
#14142=DIRECTION('center_axis',(0.,1.,0.));
#14143=DIRECTION('ref_axis',(-1.,4.18184005942142E-16,0.));
#14144=DIRECTION('',(-0.385694607919932,0.707106781186548,0.592654764109333));
#14145=DIRECTION('center_axis',(-4.22942104619108E-16,-1.,0.));
#14146=DIRECTION('ref_axis',(-1.,4.14483262526725E-16,0.));
#14147=DIRECTION('center_axis',(0.,-1.,0.));
#14148=DIRECTION('ref_axis',(0.879049072991531,-2.47857909996342E-16,-0.476731294622799));
#14149=DIRECTION('',(-0.707106781186548,0.707106781186547,0.));
#14150=DIRECTION('center_axis',(4.22942104619108E-16,1.,0.));
#14151=DIRECTION('ref_axis',(0.879049072991531,0.,-0.476731294622799));
#14152=DIRECTION('center_axis',(-0.707106781186547,-0.707106781186548,-1.57009245868377E-16));
#14153=DIRECTION('ref_axis',(-2.22044604925031E-16,0.,1.));
#14154=DIRECTION('',(-0.707106781186548,0.707106781186547,0.));
#14155=DIRECTION('',(2.22044604925031E-16,-9.3912012526311E-32,-1.));
#14156=DIRECTION('center_axis',(0.,-1.,0.));
#14157=DIRECTION('ref_axis',(0.922497023159318,-2.60108554986576E-16,0.386004199798651));
#14158=DIRECTION('',(-0.496390031996034,0.707106781186547,-0.50358409043076));
#14159=DIRECTION('center_axis',(4.22942104619108E-16,1.,0.));
#14160=DIRECTION('ref_axis',(0.922497023159318,0.,0.386004199798651));
#14161=DIRECTION('center_axis',(-0.496390031996035,-0.707106781186547,-0.503584090430761));
#14162=DIRECTION('ref_axis',(-0.7121754504825,0.,0.702001515475607));
#14163=DIRECTION('',(0.7121754504825,-3.0120898388513E-16,-0.702001515475606));
#14164=DIRECTION('center_axis',(4.14483262526725E-16,1.,0.));
#14165=DIRECTION('ref_axis',(0.879049072991531,0.,-0.476731294622799));
#14166=DIRECTION('',(4.14483262526725E-16,1.,0.));
#14167=DIRECTION('center_axis',(0.,-1.,0.));
#14168=DIRECTION('ref_axis',(0.879049072991531,0.,-0.476731294622799));
#14169=DIRECTION('',(-4.14483262526725E-16,-1.,0.));
#14170=DIRECTION('center_axis',(1.,-4.14483262526725E-16,2.22044604925031E-16));
#14171=DIRECTION('ref_axis',(2.22044604925031E-16,-9.3912012526311E-32,
-1.));
#14172=DIRECTION('',(-4.14483262526725E-16,-1.,0.));
#14173=DIRECTION('',(-2.22044604925031E-16,0.,1.));
#14174=DIRECTION('center_axis',(4.14483262526725E-16,1.,0.));
#14175=DIRECTION('ref_axis',(0.922497023159318,0.,0.386004199798651));
#14176=DIRECTION('',(4.14483262526725E-16,1.,0.));
#14177=DIRECTION('center_axis',(0.,-1.,0.));
#14178=DIRECTION('ref_axis',(0.922497023159318,0.,0.386004199798651));
#14179=DIRECTION('center_axis',(0.702001515475606,-2.90967878433034E-16,
0.7121754504825));
#14180=DIRECTION('ref_axis',(0.7121754504825,-3.0120898388513E-16,-0.702001515475606));
#14181=DIRECTION('',(-4.14483262526725E-16,-1.,0.));
#14182=DIRECTION('',(-0.7121754504825,0.,0.702001515475606));
#14183=DIRECTION('center_axis',(4.14483262526725E-16,1.,0.));
#14184=DIRECTION('ref_axis',(-0.00719405843365378,0.,0.999974122426802));
#14185=DIRECTION('',(4.14483262526725E-16,1.,0.));
#14186=DIRECTION('center_axis',(0.,-1.,0.));
#14187=DIRECTION('ref_axis',(-0.00719405843365378,0.,0.999974122426802));
#14188=DIRECTION('center_axis',(0.,1.,0.));
#14189=DIRECTION('ref_axis',(1.,-4.18030518888046E-16,0.));
#14190=DIRECTION('',(-0.707106781186548,-0.707106781186548,0.));
#14191=DIRECTION('',(0.255912132359787,0.707106781186546,-0.659172951895835));
#14192=DIRECTION('center_axis',(-4.22942104619108E-16,-1.,0.));
#14193=DIRECTION('ref_axis',(1.,-4.14483262526725E-16,0.));
#14194=DIRECTION('center_axis',(0.,-1.,0.));
#14195=DIRECTION('ref_axis',(-0.707106781186549,1.99376820150321E-16,0.707106781186546));
#14196=DIRECTION('center_axis',(4.22942104619108E-16,1.,0.));
#14197=DIRECTION('ref_axis',(-0.707106781186549,0.,0.707106781186546));
#14198=DIRECTION('',(0.,-0.707106781186547,0.707106781186547));
#14199=DIRECTION('center_axis',(-9.31514651521993E-17,-0.707106781186548,
-0.707106781186548));
#14200=DIRECTION('ref_axis',(-1.,0.,1.31736065373165E-16));
#14201=DIRECTION('',(0.,-0.707106781186547,0.707106781186547));
#14202=DIRECTION('',(1.,-4.22942104619107E-16,2.91206039245943E-16));
#14203=DIRECTION('center_axis',(0.,-1.,0.));
#14204=DIRECTION('ref_axis',(0.768706114785805,-2.16745454680724E-16,0.639602149066834));
#14205=DIRECTION('center_axis',(4.22942104619108E-16,1.,0.));
#14206=DIRECTION('ref_axis',(0.768706114785805,0.,0.639602149066834));
#14207=DIRECTION('',(0.695320842762655,-0.707106781186546,-0.128564869306644));
#14208=DIRECTION('center_axis',(0.,1.,0.));
#14209=DIRECTION('ref_axis',(-1.,4.18184005942142E-16,0.));
#14210=DIRECTION('',(0.385694607919932,-0.707106781186549,0.592654764109332));
#14211=DIRECTION('center_axis',(-4.22942104619108E-16,-1.,0.));
#14212=DIRECTION('ref_axis',(-1.,4.14483262526725E-16,0.));
#14213=DIRECTION('center_axis',(0.,-1.,0.));
#14214=DIRECTION('ref_axis',(0.879049072991532,-2.47857909996343E-16,0.476731294622798));
#14215=DIRECTION('center_axis',(4.22942104619108E-16,1.,0.));
#14216=DIRECTION('ref_axis',(0.879049072991532,0.,0.476731294622798));
#14217=DIRECTION('',(0.707106781186547,-0.707106781186547,0.));
#14218=DIRECTION('center_axis',(-0.707106781186547,-0.707106781186548,-1.57009245868377E-16));
#14219=DIRECTION('ref_axis',(-2.22044604925031E-16,0.,1.));
#14220=DIRECTION('',(0.707106781186549,-0.707106781186546,0.));
#14221=DIRECTION('',(2.22044604925031E-16,-9.3912012526311E-32,-1.));
#14222=DIRECTION('center_axis',(0.,-1.,0.));
#14223=DIRECTION('ref_axis',(0.925250087944095,-2.6088481299606E-16,-0.37935771345716));
#14224=DIRECTION('center_axis',(4.22942104619108E-16,1.,0.));
#14225=DIRECTION('ref_axis',(0.925250087944095,0.,-0.37935771345716));
#14226=DIRECTION('',(0.503584090429776,-0.707106781186547,-0.496390031997034));
#14227=DIRECTION('center_axis',(-0.503584090429776,-0.707106781186546,0.496390031997034));
#14228=DIRECTION('ref_axis',(0.702001515477019,0.,0.712175450481107));
#14229=DIRECTION('',(0.503584090429773,-0.707106781186549,-0.496390031997033));
#14230=DIRECTION('',(-0.70200151547702,2.96905998401654E-16,-0.712175450481107));
#14231=DIRECTION('center_axis',(0.,-1.,0.));
#14232=DIRECTION('ref_axis',(0.00719405843373601,-2.02844680981143E-18,
-0.999974122426802));
#14233=DIRECTION('center_axis',(4.22942104619108E-16,1.,0.));
#14234=DIRECTION('ref_axis',(0.00719405843373601,0.,-0.999974122426802));
#14235=DIRECTION('',(-0.496390031996034,-0.707106781186548,-0.50358409043076));
#14236=DIRECTION('center_axis',(0.496390031996034,-0.707106781186547,0.503584090430761));
#14237=DIRECTION('ref_axis',(0.712175450482501,0.,-0.702001515475606));
#14238=DIRECTION('',(-0.496390031996034,-0.707106781186548,-0.50358409043076));
#14239=DIRECTION('',(-0.7121754504825,3.0120898388513E-16,0.702001515475606));
#14240=DIRECTION('center_axis',(0.,-1.,0.));
#14241=DIRECTION('ref_axis',(-0.979275876853542,2.76118000239439E-16,0.202530879158531));
#14242=DIRECTION('center_axis',(4.22942104619108E-16,1.,0.));
#14243=DIRECTION('ref_axis',(-0.979275876853542,0.,0.202530879158531));
#14244=DIRECTION('center_axis',(4.14483262526725E-16,1.,0.));
#14245=DIRECTION('ref_axis',(0.879049072991532,0.,0.476731294622798));
#14246=DIRECTION('',(4.14483262526725E-16,1.,0.));
#14247=DIRECTION('center_axis',(0.,-1.,0.));
#14248=DIRECTION('ref_axis',(0.879049072991532,0.,0.476731294622798));
#14249=DIRECTION('',(-4.14483262526725E-16,-1.,0.));
#14250=DIRECTION('center_axis',(4.14483262526725E-16,1.,0.));
#14251=DIRECTION('ref_axis',(-1.,4.14483262526725E-16,0.));
#14252=DIRECTION('',(-4.14483262526725E-16,-1.,0.));
#14253=DIRECTION('center_axis',(0.,1.,0.));
#14254=DIRECTION('ref_axis',(-1.,4.14483262526725E-16,0.));
#14255=DIRECTION('center_axis',(4.14483262526725E-16,1.,0.));
#14256=DIRECTION('ref_axis',(0.768706114785805,0.,0.639602149066834));
#14257=DIRECTION('',(4.14483262526725E-16,1.,0.));
#14258=DIRECTION('center_axis',(0.,-1.,0.));
#14259=DIRECTION('ref_axis',(0.768706114785805,0.,0.639602149066834));
#14260=DIRECTION('center_axis',(-2.91206039245943E-16,1.20700029214144E-31,
1.));
#14261=DIRECTION('ref_axis',(1.,-4.22942104619108E-16,2.91206039245943E-16));
#14262=DIRECTION('',(-4.14483262526725E-16,-1.,0.));
#14263=DIRECTION('',(-1.,0.,-2.91206039245943E-16));
#14264=DIRECTION('center_axis',(4.14483262526725E-16,1.,0.));
#14265=DIRECTION('ref_axis',(-0.707106781186549,0.,0.707106781186546));
#14266=DIRECTION('',(4.14483262526725E-16,1.,0.));
#14267=DIRECTION('center_axis',(0.,-1.,0.));
#14268=DIRECTION('ref_axis',(-0.707106781186549,0.,0.707106781186546));
#14269=DIRECTION('center_axis',(4.14483262526725E-16,1.,0.));
#14270=DIRECTION('ref_axis',(-1.,4.14483262526725E-16,0.));
#14271=DIRECTION('',(-4.14483262526725E-16,-1.,0.));
#14272=DIRECTION('center_axis',(0.,1.,0.));
#14273=DIRECTION('ref_axis',(1.,-4.14483262526725E-16,0.));
#14274=DIRECTION('center_axis',(-0.496390031996033,-0.707106781186549,-0.503584090430759));
#14275=DIRECTION('ref_axis',(-0.7121754504825,0.,0.702001515475607));
#14276=DIRECTION('',(0.496390031996035,-0.707106781186546,0.503584090430761));
#14277=DIRECTION('',(-0.496390031996033,0.707106781186547,-0.503584090430762));
#14278=DIRECTION('',(0.7121754504825,-3.0120898388513E-16,-0.702001515475606));
#14279=DIRECTION('center_axis',(0.,-1.,0.));
#14280=DIRECTION('ref_axis',(0.989598165165515,-2.79028487134873E-16,-0.143859207216799));
#14281=DIRECTION('center_axis',(4.22942104619108E-16,1.,0.));
#14282=DIRECTION('ref_axis',(0.989598165165515,0.,-0.143859207216799));
#14283=DIRECTION('',(0.332460690618837,-0.707106781186547,-0.624075227190798));
#14284=DIRECTION('center_axis',(0.,1.,0.));
#14285=DIRECTION('ref_axis',(-1.,4.18030518888047E-16,0.));
#14286=DIRECTION('',(0.259427999269791,-0.707106781186547,0.657797167214084));
#14287=DIRECTION('center_axis',(-4.22942104619108E-16,-1.,0.));
#14288=DIRECTION('ref_axis',(-1.,4.14483262526725E-16,0.));
#14289=DIRECTION('center_axis',(0.,-1.,0.));
#14290=DIRECTION('ref_axis',(0.978349513172695,-2.75856801436226E-16,0.206959488970064));
#14291=DIRECTION('center_axis',(4.22942104619108E-16,1.,0.));
#14292=DIRECTION('ref_axis',(0.978349513172695,0.,0.206959488970064));
#14293=DIRECTION('',(0.503584090429775,-0.707106781186547,-0.496390031997034));
#14294=DIRECTION('center_axis',(-0.503584090429776,-0.707106781186546,0.496390031997034));
#14295=DIRECTION('ref_axis',(0.702001515477019,0.,0.712175450481107));
#14296=DIRECTION('',(0.503584090429773,-0.707106781186548,-0.496390031997035));
#14297=DIRECTION('',(-0.70200151547702,2.96905998401654E-16,-0.712175450481107));
#14298=DIRECTION('center_axis',(0.,-1.,0.));
#14299=DIRECTION('ref_axis',(-0.379357713457161,1.06964233155376E-16,-0.925250087944094));
#14300=DIRECTION('center_axis',(4.22942104619108E-16,1.,0.));
#14301=DIRECTION('ref_axis',(-0.379357713457162,0.,-0.925250087944094));
#14302=DIRECTION('',(-0.707106781186549,-0.707106781186546,0.));
#14303=DIRECTION('center_axis',(0.707106781186549,-0.707106781186546,2.24298922669111E-16));
#14304=DIRECTION('ref_axis',(3.1720657846433E-16,0.,-1.));
#14305=DIRECTION('',(-0.707106781186544,-0.707106781186551,0.));
#14306=DIRECTION('',(-3.1720657846433E-16,1.3416001789473E-31,1.));
#14307=DIRECTION('center_axis',(0.,-1.,0.));
#14308=DIRECTION('ref_axis',(-0.386004199798653,1.08838285769771E-16,0.922497023159317));
#14309=DIRECTION('center_axis',(4.22942104619108E-16,1.,0.));
#14310=DIRECTION('ref_axis',(-0.386004199798653,0.,0.922497023159317));
#14311=DIRECTION('center_axis',(4.14483262526725E-16,1.,0.));
#14312=DIRECTION('ref_axis',(0.978349513172695,0.,0.206959488970064));
#14313=DIRECTION('',(4.14483262526725E-16,1.,0.));
#14314=DIRECTION('center_axis',(0.,-1.,0.));
#14315=DIRECTION('ref_axis',(0.978349513172695,0.,0.206959488970064));
#14316=DIRECTION('',(-4.14483262526725E-16,-1.,0.));
#14317=DIRECTION('center_axis',(4.14483262526725E-16,1.,0.));
#14318=DIRECTION('ref_axis',(-1.,4.14483262526725E-16,0.));
#14319=DIRECTION('',(-4.14483262526725E-16,-1.,0.));
#14320=DIRECTION('center_axis',(0.,1.,0.));
#14321=DIRECTION('ref_axis',(-1.,4.14483262526725E-16,0.));
#14322=DIRECTION('center_axis',(4.14483262526725E-16,1.,0.));
#14323=DIRECTION('ref_axis',(0.989598165165515,0.,-0.143859207216799));
#14324=DIRECTION('',(4.14483262526725E-16,1.,0.));
#14325=DIRECTION('center_axis',(0.,-1.,0.));
#14326=DIRECTION('ref_axis',(0.989598165165515,0.,-0.143859207216799));
#14327=DIRECTION('center_axis',(0.702001515475606,-2.90967878433034E-16,
0.7121754504825));
#14328=DIRECTION('ref_axis',(0.7121754504825,-3.0120898388513E-16,-0.702001515475606));
#14329=DIRECTION('',(-4.14483262526725E-16,-1.,0.));
#14330=DIRECTION('',(-0.7121754504825,0.,0.702001515475606));
#14331=DIRECTION('center_axis',(0.,-1.,0.));
#14332=DIRECTION('ref_axis',(0.386004199798653,-1.08838285769771E-16,0.922497023159317));
#14333=DIRECTION('',(0.496390031996034,0.707106781186548,-0.50358409043076));
#14334=DIRECTION('center_axis',(4.22942104619108E-16,1.,0.));
#14335=DIRECTION('ref_axis',(0.386004199798653,0.,0.922497023159317));
#14336=DIRECTION('',(0.707106781186546,-0.707106781186549,0.));
#14337=DIRECTION('center_axis',(0.496390031996034,-0.707106781186548,-0.503584090430759));
#14338=DIRECTION('ref_axis',(-0.7121754504825,0.,-0.702001515475607));
#14339=DIRECTION('',(0.496390031996037,0.707106781186546,-0.503584090430759));
#14340=DIRECTION('',(0.712175450482499,-3.01208983885129E-16,0.702001515475607));
#14341=DIRECTION('center_axis',(0.,-1.,0.));
#14342=DIRECTION('ref_axis',(-0.989598165165516,2.79028487134874E-16,-0.143859207216789));
#14343=DIRECTION('',(0.33246069061884,0.707106781186548,0.624075227190796));
#14344=DIRECTION('center_axis',(4.22942104619108E-16,1.,0.));
#14345=DIRECTION('ref_axis',(-0.989598165165517,0.,-0.143859207216789));
#14346=DIRECTION('center_axis',(0.,1.,0.));
#14347=DIRECTION('ref_axis',(1.,-4.18030518888047E-16,0.));
#14348=DIRECTION('',(0.259427999275208,0.707106781186548,-0.657797167211947));
#14349=DIRECTION('center_axis',(-4.22942104619108E-16,-1.,0.));
#14350=DIRECTION('ref_axis',(1.,-4.14483262526725E-16,0.));
#14351=DIRECTION('center_axis',(0.,-1.,0.));
#14352=DIRECTION('ref_axis',(-0.978349513173344,2.75856801436409E-16,0.206959488966999));
#14353=DIRECTION('',(0.503584090430756,0.707106781186546,0.496390031996041));
#14354=DIRECTION('center_axis',(4.22942104619108E-16,1.,0.));
#14355=DIRECTION('ref_axis',(-0.978349513173344,0.,0.206959488966999));
#14356=DIRECTION('center_axis',(0.503584090430755,-0.707106781186548,0.496390031996039));
#14357=DIRECTION('ref_axis',(0.702001515475614,0.,-0.712175450482493));
#14358=DIRECTION('',(0.503584090430755,0.707106781186547,0.49639003199604));
#14359=DIRECTION('',(-0.702001515475614,2.96905998401059E-16,0.712175450482493));
#14360=DIRECTION('center_axis',(0.,-1.,0.));
#14361=DIRECTION('ref_axis',(0.379357713456257,-1.06964233155121E-16,-0.925250087944465));
#14362=DIRECTION('',(-0.707106781186546,0.707106781186549,0.));
#14363=DIRECTION('center_axis',(4.22942104619108E-16,1.,0.));
#14364=DIRECTION('ref_axis',(0.379357713456257,0.,-0.925250087944465));
#14365=DIRECTION('center_axis',(-0.707106781186549,-0.707106781186546,-2.24298922669111E-16));
#14366=DIRECTION('ref_axis',(-3.1720657846433E-16,0.,1.));
#14367=DIRECTION('',(3.1720657846433E-16,-1.3416001789473E-31,-1.));
#14368=DIRECTION('center_axis',(-0.712175450482493,2.95184804207424E-16,
-0.702001515475614));
#14369=DIRECTION('ref_axis',(-0.702001515475614,2.96905998401059E-16,0.712175450482493));
#14370=DIRECTION('',(-4.14483262526725E-16,-1.,0.));
#14371=DIRECTION('',(0.702001515475614,0.,-0.712175450482493));
#14372=DIRECTION('',(4.14483262526725E-16,1.,0.));
#14373=DIRECTION('center_axis',(4.14483262526725E-16,1.,0.));
#14374=DIRECTION('ref_axis',(0.379357713456257,0.,-0.925250087944465));
#14375=DIRECTION('',(4.14483262526725E-16,1.,0.));
#14376=DIRECTION('center_axis',(0.,-1.,0.));
#14377=DIRECTION('ref_axis',(0.379357713456257,0.,-0.925250087944465));
#14378=DIRECTION('center_axis',(1.,-4.14483262526725E-16,3.1720657846433E-16));
#14379=DIRECTION('ref_axis',(3.1720657846433E-16,-1.3416001789473E-31,-1.));
#14380=DIRECTION('',(-4.14483262526725E-16,-1.,0.));
#14381=DIRECTION('',(-3.1720657846433E-16,0.,1.));
#14382=DIRECTION('center_axis',(4.14483262526725E-16,1.,0.));
#14383=DIRECTION('ref_axis',(0.386004199798653,0.,0.922497023159317));
#14384=DIRECTION('',(4.14483262526725E-16,1.,0.));
#14385=DIRECTION('center_axis',(0.,-1.,0.));
#14386=DIRECTION('ref_axis',(0.386004199798653,0.,0.922497023159317));
#14387=DIRECTION('center_axis',(0.,-1.,0.));
#14388=DIRECTION('ref_axis',(0.707106781186549,-1.99376820150321E-16,0.707106781186546));
#14389=DIRECTION('',(0.,0.707106781186551,-0.707106781186544));
#14390=DIRECTION('center_axis',(4.22942104619108E-16,1.,0.));
#14391=DIRECTION('ref_axis',(0.707106781186549,0.,0.707106781186546));
#14392=DIRECTION('',(0.707106781186546,-0.707106781186549,0.));
#14393=DIRECTION('center_axis',(-9.31514651521998E-17,-0.707106781186548,
-0.707106781186547));
#14394=DIRECTION('ref_axis',(-1.,0.,1.31736065373166E-16));
#14395=DIRECTION('',(0.,0.707106781186547,-0.707106781186548));
#14396=DIRECTION('',(1.,-4.22942104619107E-16,2.91206039245943E-16));
#14397=DIRECTION('center_axis',(0.,-1.,0.));
#14398=DIRECTION('ref_axis',(-0.768706114785807,2.16745454680724E-16,0.639602149066832));
#14399=DIRECTION('',(0.695320842762652,0.707106781186548,0.128564869306644));
#14400=DIRECTION('center_axis',(4.22942104619108E-16,1.,0.));
#14401=DIRECTION('ref_axis',(-0.768706114785807,0.,0.639602149066832));
#14402=DIRECTION('center_axis',(0.,1.,0.));
#14403=DIRECTION('ref_axis',(1.,-4.18184005942142E-16,0.));
#14404=DIRECTION('',(0.385694607919937,0.707106781186548,-0.59265476410933));
#14405=DIRECTION('center_axis',(-4.22942104619108E-16,-1.,0.));
#14406=DIRECTION('ref_axis',(1.,-4.14483262526725E-16,0.));
#14407=DIRECTION('center_axis',(0.,-1.,0.));
#14408=DIRECTION('ref_axis',(-0.879049072991535,2.47857909996344E-16,0.476731294622792));
#14409=DIRECTION('',(0.707106781186547,0.707106781186547,0.));
#14410=DIRECTION('center_axis',(4.22942104619108E-16,1.,0.));
#14411=DIRECTION('ref_axis',(-0.879049072991535,0.,0.476731294622792));
#14412=DIRECTION('center_axis',(0.707106781186548,-0.707106781186547,0.));
#14413=DIRECTION('ref_axis',(0.,0.,-1.));
#14414=DIRECTION('',(0.707106781186547,0.707106781186548,0.));
#14415=DIRECTION('',(0.,0.,1.));
#14416=DIRECTION('center_axis',(0.,-1.,0.));
#14417=DIRECTION('ref_axis',(-0.925250087944469,2.60884812996165E-16,-0.379357713456247));
#14418=DIRECTION('',(0.503584090430753,0.707106781186548,0.49639003199604));
#14419=DIRECTION('center_axis',(4.22942104619108E-16,1.,0.));
#14420=DIRECTION('ref_axis',(-0.925250087944469,0.,-0.379357713456247));
#14421=DIRECTION('center_axis',(0.503584090430753,-0.70710678118655,0.496390031996038));
#14422=DIRECTION('ref_axis',(0.702001515475614,0.,-0.712175450482493));
#14423=DIRECTION('',(0.503584090430757,0.707106781186545,0.496390031996042));
#14424=DIRECTION('',(-0.702001515475614,2.96905998401059E-16,0.712175450482493));
#14425=DIRECTION('center_axis',(0.,-1.,0.));
#14426=DIRECTION('ref_axis',(-0.00719405843472288,2.02844681008969E-18,
-0.999974122426794));
#14427=DIRECTION('',(-0.496390031996034,0.707106781186546,0.503584090430762));
#14428=DIRECTION('center_axis',(4.22942104619108E-16,1.,0.));
#14429=DIRECTION('ref_axis',(-0.00719405843472288,0.,-0.999974122426795));
#14430=DIRECTION('center_axis',(-0.496390031996035,-0.707106781186547,0.50358409043076));
#14431=DIRECTION('ref_axis',(0.712175450482499,0.,0.702001515475607));
#14432=DIRECTION('',(-0.496390031996036,0.707106781186547,0.503584090430759));
#14433=DIRECTION('',(-0.7121754504825,3.01208983885129E-16,-0.702001515475607));
#14434=DIRECTION('center_axis',(0.,-1.,0.));
#14435=DIRECTION('ref_axis',(0.979275876853538,-2.76118000239438E-16,0.202530879158548));
#14436=DIRECTION('',(-0.255912132359778,0.707106781186551,-0.659172951895833));
#14437=DIRECTION('center_axis',(4.22942104619108E-16,1.,0.));
#14438=DIRECTION('ref_axis',(0.979275876853538,0.,0.202530879158548));
#14439=DIRECTION('center_axis',(0.,1.,0.));
#14440=DIRECTION('ref_axis',(-1.,4.18030518888046E-16,0.));
#14441=DIRECTION('center_axis',(-4.22942104619108E-16,-1.,0.));
#14442=DIRECTION('ref_axis',(-1.,4.14483262526725E-16,0.));
#14443=DIRECTION('center_axis',(-0.712175450482493,2.95184804207424E-16,
-0.702001515475614));
#14444=DIRECTION('ref_axis',(-0.702001515475614,2.96905998401059E-16,0.712175450482493));
#14445=DIRECTION('',(-4.14483262526725E-16,-1.,0.));
#14446=DIRECTION('',(0.702001515475614,0.,-0.712175450482493));
#14447=DIRECTION('',(4.14483262526725E-16,1.,0.));
#14448=DIRECTION('center_axis',(4.14483262526725E-16,1.,0.));
#14449=DIRECTION('ref_axis',(-0.00719405843472288,0.,-0.999974122426795));
#14450=DIRECTION('',(4.14483262526725E-16,1.,0.));
#14451=DIRECTION('center_axis',(0.,-1.,0.));
#14452=DIRECTION('ref_axis',(-0.00719405843472288,0.,-0.999974122426795));
#14453=DIRECTION('center_axis',(0.702001515475607,-2.90967878433035E-16,
-0.7121754504825));
#14454=DIRECTION('ref_axis',(-0.7121754504825,3.01208983885129E-16,-0.702001515475607));
#14455=DIRECTION('',(-4.14483262526725E-16,-1.,0.));
#14456=DIRECTION('',(0.7121754504825,0.,0.702001515475607));
#14457=DIRECTION('center_axis',(4.14483262526725E-16,1.,0.));
#14458=DIRECTION('ref_axis',(0.979275876853538,0.,0.202530879158548));
#14459=DIRECTION('',(4.14483262526725E-16,1.,0.));
#14460=DIRECTION('center_axis',(0.,-1.,0.));
#14461=DIRECTION('ref_axis',(0.979275876853538,0.,0.202530879158548));
#14462=DIRECTION('center_axis',(4.14483262526725E-16,1.,0.));
#14463=DIRECTION('ref_axis',(-1.,4.14483262526725E-16,0.));
#14464=DIRECTION('',(-4.14483262526725E-16,-1.,0.));
#14465=DIRECTION('center_axis',(0.,1.,0.));
#14466=DIRECTION('ref_axis',(-1.,4.14483262526725E-16,0.));
#14467=DIRECTION('center_axis',(4.14483262526725E-16,1.,0.));
#14468=DIRECTION('ref_axis',(0.707106781186549,0.,0.707106781186546));
#14469=DIRECTION('',(4.14483262526725E-16,1.,0.));
#14470=DIRECTION('center_axis',(0.,-1.,0.));
#14471=DIRECTION('ref_axis',(0.707106781186549,0.,0.707106781186546));
#14472=DIRECTION('center_axis',(-5.55111512312579E-16,-1.,0.));
#14473=DIRECTION('ref_axis',(-0.379357713456223,1.06964233155112E-16,0.925250087944479));
#14474=DIRECTION('',(0.707106781186548,0.707106781186547,0.));
#14475=DIRECTION('center_axis',(4.22942104619108E-16,1.,0.));
#14476=DIRECTION('ref_axis',(-0.379357713456223,0.,0.925250087944479));
#14477=DIRECTION('',(0.503584090430786,-0.707106781186547,0.496390031996009));
#14478=DIRECTION('center_axis',(0.707106781186547,-0.707106781186548,-8.97195690676443E-17));
#14479=DIRECTION('ref_axis',(-1.26882631385732E-16,0.,-1.));
#14480=DIRECTION('',(0.707106781186548,0.707106781186547,0.));
#14481=DIRECTION('',(1.26882631385732E-16,-5.3664007157892E-32,1.));
#14482=DIRECTION('center_axis',(-5.55111512312579E-16,-1.,0.));
#14483=DIRECTION('ref_axis',(-0.386004199798651,1.08838285769771E-16,-0.922497023159318));
#14484=DIRECTION('',(-0.496390031996035,0.707106781186547,0.50358409043076));
#14485=DIRECTION('center_axis',(4.22942104619108E-16,1.,0.));
#14486=DIRECTION('ref_axis',(-0.386004199798651,0.,-0.922497023159318));
#14487=DIRECTION('center_axis',(-0.496390031996035,-0.707106781186547,0.50358409043076));
#14488=DIRECTION('ref_axis',(0.712175450482499,0.,0.702001515475607));
#14489=DIRECTION('',(-0.496390031996035,0.707106781186548,0.503584090430759));
#14490=DIRECTION('',(-0.7121754504825,3.01208983885129E-16,-0.702001515475607));
#14491=DIRECTION('center_axis',(0.,-1.,0.));
#14492=DIRECTION('ref_axis',(0.922497023159318,-2.60108554986576E-16,-0.386004199798651));
#14493=DIRECTION('',(-0.707106781186547,0.707106781186547,0.));
#14494=DIRECTION('center_axis',(4.22942104619108E-16,1.,0.));
#14495=DIRECTION('ref_axis',(0.922497023159318,0.,-0.386004199798651));
#14496=DIRECTION('center_axis',(-0.707106781186548,-0.707106781186548,0.));
#14497=DIRECTION('ref_axis',(0.,0.,1.));
#14498=DIRECTION('',(-0.707106781186547,0.707106781186547,0.));
#14499=DIRECTION('',(0.,0.,-1.));
#14500=DIRECTION('center_axis',(0.,-1.,0.));
#14501=DIRECTION('ref_axis',(0.925250087944481,-2.60884812996169E-16,0.379357713456219));
#14502=DIRECTION('',(-0.503584090430786,0.707106781186548,-0.496390031996008));
#14503=DIRECTION('center_axis',(4.22942104619108E-16,1.,0.));
#14504=DIRECTION('ref_axis',(0.925250087944481,0.,0.379357713456219));
#14505=DIRECTION('center_axis',(-0.503584090430787,-0.707106781186547,-0.496390031996009));
#14506=DIRECTION('ref_axis',(-0.702001515475569,0.,0.712175450482537));
#14507=DIRECTION('',(0.70200151547557,-2.9690599840104E-16,-0.712175450482536));
#14508=DIRECTION('center_axis',(1.,-4.14483262526725E-16,0.));
#14509=DIRECTION('ref_axis',(0.,0.,-1.));
#14510=DIRECTION('',(-4.14483262526725E-16,-1.,0.));
#14511=DIRECTION('',(0.,0.,1.));
#14512=DIRECTION('',(4.14483262526725E-16,1.,0.));
#14513=DIRECTION('center_axis',(4.14483262526725E-16,1.,0.));
#14514=DIRECTION('ref_axis',(0.925250087944481,0.,0.379357713456219));
#14515=DIRECTION('',(4.14483262526725E-16,1.,-3.46113469352862E-32));
#14516=DIRECTION('center_axis',(0.,-1.,0.));
#14517=DIRECTION('ref_axis',(0.925250087944481,0.,0.379357713456219));
#14518=DIRECTION('center_axis',(0.712175450482536,-2.95184804207442E-16,
0.70200151547557));
#14519=DIRECTION('ref_axis',(0.70200151547557,-2.9690599840104E-16,-0.712175450482536));
#14520=DIRECTION('',(-4.14483262526725E-16,-1.,3.46113469352862E-32));
#14521=DIRECTION('',(-0.70200151547557,0.,0.712175450482536));
#14522=DIRECTION('center_axis',(4.14483262526725E-16,1.,0.));
#14523=DIRECTION('ref_axis',(-0.379357713456224,0.,0.925250087944479));
#14524=DIRECTION('',(4.14483262526725E-16,1.,6.25579671573579E-48));
#14525=DIRECTION('center_axis',(0.,-1.,0.));
#14526=DIRECTION('ref_axis',(-0.379357713456223,0.,0.925250087944479));
#14527=DIRECTION('center_axis',(-5.55111512312577E-16,-1.,0.));
#14528=DIRECTION('ref_axis',(0.379357713457238,-1.06964233155398E-16,0.925250087944063));
#14529=DIRECTION('',(0.503584090429693,0.70710678118655,-0.496390031997114));
#14530=DIRECTION('center_axis',(4.22942104619108E-16,1.,0.));
#14531=DIRECTION('ref_axis',(0.379357713457238,0.,0.925250087944063));
#14532=DIRECTION('',(0.707106781186546,-0.707106781186549,0.));
#14533=DIRECTION('center_axis',(0.503584090429692,-0.70710678118655,-0.496390031997115));
#14534=DIRECTION('ref_axis',(-0.702001515477137,0.,-0.712175450480992));
#14535=DIRECTION('',(0.503584090429696,0.707106781186545,-0.496390031997118));
#14536=DIRECTION('',(0.702001515477137,-2.96905998401703E-16,0.712175450480992));
#14537=DIRECTION('center_axis',(0.,-1.,0.));
#14538=DIRECTION('ref_axis',(-0.925250087944062,2.60884812996051E-16,0.379357713457239));
#14539=DIRECTION('',(0.707106781186547,0.707106781186548,0.));
#14540=DIRECTION('center_axis',(4.22942104619108E-16,1.,0.));
#14541=DIRECTION('ref_axis',(-0.925250087944062,0.,0.379357713457239));
#14542=DIRECTION('center_axis',(0.707106781186548,-0.707106781186548,1.42735678062256E-16));
#14543=DIRECTION('ref_axis',(2.01858731750162E-16,0.,-1.));
#14544=DIRECTION('',(0.707106781186547,0.707106781186547,0.));
#14545=DIRECTION('',(-2.01858731750162E-16,8.53745568421574E-32,1.));
#14546=DIRECTION('center_axis',(0.,-1.,0.));
#14547=DIRECTION('ref_axis',(-0.922497023159318,2.60108554986576E-16,-0.386004199798652));
#14548=DIRECTION('',(0.496390031996033,0.707106781186547,0.503584090430762));
#14549=DIRECTION('center_axis',(4.22942104619108E-16,1.,0.));
#14550=DIRECTION('ref_axis',(-0.922497023159318,0.,-0.386004199798652));
#14551=DIRECTION('center_axis',(0.496390031996034,-0.707106781186547,0.503584090430761));
#14552=DIRECTION('ref_axis',(0.712175450482501,0.,-0.702001515475606));
#14553=DIRECTION('',(0.496390031996034,0.707106781186548,0.50358409043076));
#14554=DIRECTION('',(-0.7121754504825,3.0120898388513E-16,0.702001515475606));
#14555=DIRECTION('center_axis',(-5.55111512312577E-16,-1.,0.));
#14556=DIRECTION('ref_axis',(0.386004199798652,-1.08838285769771E-16,-0.922497023159317));
#14557=DIRECTION('',(-0.707106781186546,0.707106781186549,0.));
#14558=DIRECTION('center_axis',(4.22942104619108E-16,1.,0.));
#14559=DIRECTION('ref_axis',(0.386004199798652,0.,-0.922497023159317));
#14560=DIRECTION('center_axis',(-0.707106781186548,-0.707106781186547,8.97195690676443E-17));
#14561=DIRECTION('ref_axis',(1.26882631385732E-16,0.,1.));
#14562=DIRECTION('',(-1.26882631385732E-16,5.3664007157892E-32,-1.));
#14563=DIRECTION('center_axis',(-0.702001515475606,2.96163733405053E-16,
-0.7121754504825));
#14564=DIRECTION('ref_axis',(-0.7121754504825,3.0120898388513E-16,0.702001515475606));
#14565=DIRECTION('',(-4.21884749357559E-16,-1.,0.));
#14566=DIRECTION('',(0.7121754504825,0.,-0.702001515475606));
#14567=DIRECTION('',(4.21884749357559E-16,1.,0.));
#14568=DIRECTION('center_axis',(4.21884749357559E-16,1.,0.));
#14569=DIRECTION('ref_axis',(0.386004199798652,0.,-0.922497023159317));
#14570=DIRECTION('',(4.21884749357559E-16,1.,0.));
#14571=DIRECTION('center_axis',(0.,-1.,0.));
#14572=DIRECTION('ref_axis',(0.386004199798652,0.,-0.922497023159317));
#14573=DIRECTION('center_axis',(1.,-4.21884749357559E-16,-1.26882631385732E-16));
#14574=DIRECTION('ref_axis',(-1.26882631385732E-16,5.3664007157892E-32,
-1.));
#14575=DIRECTION('',(-4.21884749357559E-16,-1.,0.));
#14576=DIRECTION('',(1.26882631385732E-16,0.,1.));
#14577=DIRECTION('center_axis',(4.21884749357559E-16,1.,0.));
#14578=DIRECTION('ref_axis',(0.379357713457238,0.,0.925250087944063));
#14579=DIRECTION('',(4.21884749357559E-16,1.,0.));
#14580=DIRECTION('center_axis',(0.,-1.,0.));
#14581=DIRECTION('ref_axis',(0.379357713457238,0.,0.925250087944063));
#14582=DIRECTION('center_axis',(-0.503584090429778,0.707106781186543,0.496390031997037));
#14583=DIRECTION('ref_axis',(0.70200151547702,0.,0.712175450481107));
#14584=DIRECTION('',(0.503584090429772,0.707106781186552,-0.496390031997031));
#14585=DIRECTION('',(-0.503584090429771,-0.707106781186552,0.496390031997031));
#14586=DIRECTION('',(0.70200151547702,0.,0.712175450481107));
#14587=DIRECTION('center_axis',(0.,1.,0.));
#14588=DIRECTION('ref_axis',(0.925250087944095,0.,-0.37935771345716));
#14589=DIRECTION('center_axis',(0.,-1.,0.));
#14590=DIRECTION('ref_axis',(0.925250087944095,0.,-0.37935771345716));
#14591=DIRECTION('',(0.707106781186555,0.70710678118654,0.));
#14592=DIRECTION('center_axis',(-0.707106781186548,0.707106781186548,-1.57009245868378E-16));
#14593=DIRECTION('ref_axis',(-2.22044604925031E-16,0.,1.));
#14594=DIRECTION('',(0.707106781186547,0.707106781186547,0.));
#14595=DIRECTION('',(-2.22044604925031E-16,0.,1.));
#14596=DIRECTION('center_axis',(0.,1.,0.));
#14597=DIRECTION('ref_axis',(0.879049072991532,0.,0.476731294622798));
#14598=DIRECTION('',(0.385694607919936,0.707106781186539,0.592654764109341));
#14599=DIRECTION('center_axis',(0.,-1.,0.));
#14600=DIRECTION('ref_axis',(-1.,2.33146835171283E-16,0.));
#14601=DIRECTION('',(0.695320842762661,0.707106781186539,-0.128564869306646));
#14602=DIRECTION('center_axis',(0.,1.,0.));
#14603=DIRECTION('ref_axis',(0.768706114785805,0.,0.639602149066834));
#14604=DIRECTION('',(0.,0.707106781186538,0.707106781186557));
#14605=DIRECTION('center_axis',(2.05913765073282E-16,0.707106781186548,
-0.707106781186547));
#14606=DIRECTION('ref_axis',(-1.,0.,-2.91206039245943E-16));
#14607=DIRECTION('',(0.,0.707106781186547,0.707106781186548));
#14608=DIRECTION('center_axis',(0.,1.,0.));
#14609=DIRECTION('ref_axis',(-0.707106781186549,0.,0.707106781186546));
#14610=DIRECTION('',(-0.707106781186558,0.707106781186537,0.));
#14611=DIRECTION('center_axis',(0.,-1.,0.));
#14612=DIRECTION('ref_axis',(1.,-2.40667700821969E-16,0.));
#14613=DIRECTION('',(-0.25591213235979,0.707106781186535,0.659172951895845));
#14614=DIRECTION('center_axis',(0.,1.,0.));
#14615=DIRECTION('ref_axis',(-0.979275876853542,0.,0.202530879158531));
#14616=DIRECTION('center_axis',(0.,-1.,0.));
#14617=DIRECTION('ref_axis',(-0.979275876853542,0.,0.202530879158531));
#14618=DIRECTION('',(-0.496390031996038,0.707106781186537,-0.503584090430771));
#14619=DIRECTION('center_axis',(0.496390031996035,0.707106781186547,0.503584090430761));
#14620=DIRECTION('ref_axis',(0.7121754504825,0.,-0.702001515475606));
#14621=DIRECTION('',(-0.496390031996032,0.707106781186549,-0.50358409043076));
#14622=DIRECTION('',(0.7121754504825,0.,-0.702001515475606));
#14623=DIRECTION('center_axis',(0.,1.,0.));
#14624=DIRECTION('ref_axis',(0.00719405843373601,0.,-0.999974122426802));
#14625=DIRECTION('center_axis',(0.,-1.,0.));
#14626=DIRECTION('ref_axis',(0.00719405843373601,0.,-0.999974122426802));
#14627=DIRECTION('center_axis',(1.,-4.14483262526725E-16,2.22044604925031E-16));
#14628=DIRECTION('ref_axis',(2.22044604925031E-16,-9.3912012526311E-32,
-1.));
#14629=DIRECTION('',(4.14483262526725E-16,1.,0.));
#14630=DIRECTION('center_axis',(4.14483262526725E-16,1.,0.));
#14631=DIRECTION('ref_axis',(0.925250087944095,0.,-0.37935771345716));
#14632=DIRECTION('',(-4.14483262526725E-16,-1.,0.));
#14633=DIRECTION('center_axis',(0.712175450481107,-2.95184804206849E-16,
-0.70200151547702));
#14634=DIRECTION('ref_axis',(-0.70200151547702,2.96905998401654E-16,-0.712175450481107));
#14635=DIRECTION('',(4.14483262526725E-16,1.,4.71146412228533E-32));
#14636=DIRECTION('center_axis',(0.,1.,0.));
#14637=DIRECTION('ref_axis',(-0.00719405843472288,0.,-0.999974122426794));
#14638=DIRECTION('',(0.503584090430754,-0.707106781186548,0.496390031996039));
#14639=DIRECTION('',(0.496390031996034,0.707106781186547,-0.503584090430761));
#14640=DIRECTION('center_axis',(0.503584090430754,0.707106781186549,0.496390031996039));
#14641=DIRECTION('ref_axis',(0.702001515475614,0.,-0.712175450482493));
#14642=DIRECTION('',(0.503584090430756,-0.707106781186546,0.49639003199604));
#14643=DIRECTION('center_axis',(0.,1.,0.));
#14644=DIRECTION('ref_axis',(-0.925250087944469,0.,-0.379357713456247));
#14645=DIRECTION('',(0.707106781186547,-0.707106781186548,0.));
#14646=DIRECTION('center_axis',(0.,-1.,0.));
#14647=DIRECTION('ref_axis',(-0.925250087944469,0.,-0.379357713456247));
#14648=DIRECTION('center_axis',(0.707106781186547,0.707106781186548,0.));
#14649=DIRECTION('ref_axis',(0.,0.,-1.));
#14650=DIRECTION('',(0.707106781186548,-0.707106781186547,0.));
#14651=DIRECTION('',(0.,0.,-1.));
#14652=DIRECTION('center_axis',(0.,1.,0.));
#14653=DIRECTION('ref_axis',(-0.879049072991535,0.,0.476731294622792));
#14654=DIRECTION('',(0.385694607919937,-0.707106781186548,-0.59265476410933));
#14655=DIRECTION('center_axis',(0.,-1.,0.));
#14656=DIRECTION('ref_axis',(-0.879049072991535,0.,0.476731294622792));
#14657=DIRECTION('center_axis',(0.,-1.,0.));
#14658=DIRECTION('ref_axis',(1.,-2.33146835171283E-16,0.));
#14659=DIRECTION('',(0.695320842762653,-0.707106781186547,0.128564869306647));
#14660=DIRECTION('center_axis',(0.,1.,0.));
#14661=DIRECTION('ref_axis',(1.,-4.14483262526725E-16,0.));
#14662=DIRECTION('center_axis',(0.,1.,0.));
#14663=DIRECTION('ref_axis',(-0.768706114785807,0.,0.639602149066832));
#14664=DIRECTION('',(0.,-0.707106781186549,-0.707106781186546));
#14665=DIRECTION('center_axis',(0.,-1.,0.));
#14666=DIRECTION('ref_axis',(-0.768706114785807,0.,0.639602149066832));
#14667=DIRECTION('center_axis',(2.05913765073282E-16,0.707106781186548,
-0.707106781186548));
#14668=DIRECTION('ref_axis',(-1.,0.,-2.91206039245943E-16));
#14669=DIRECTION('',(0.,-0.707106781186547,-0.707106781186547));
#14670=DIRECTION('',(-1.,0.,-2.91206039245943E-16));
#14671=DIRECTION('center_axis',(0.,1.,0.));
#14672=DIRECTION('ref_axis',(0.707106781186549,0.,0.707106781186546));
#14673=DIRECTION('',(-0.707106781186545,-0.70710678118655,0.));
#14674=DIRECTION('center_axis',(0.,-1.,0.));
#14675=DIRECTION('ref_axis',(-1.,2.40667700821969E-16,0.));
#14676=DIRECTION('',(-0.25591213235978,-0.70710678118655,-0.659172951895834));
#14677=DIRECTION('center_axis',(0.,1.,0.));
#14678=DIRECTION('ref_axis',(0.979275876853538,0.,0.202530879158548));
#14679=DIRECTION('',(-0.49639003199603,-0.707106781186552,0.503584090430759));
#14680=DIRECTION('center_axis',(-0.496390031996035,0.707106781186548,0.50358409043076));
#14681=DIRECTION('ref_axis',(0.7121754504825,0.,0.702001515475607));
#14682=DIRECTION('center_axis',(-2.91206039245943E-16,1.20700029214144E-31,
1.));
#14683=DIRECTION('ref_axis',(1.,-4.22942104619108E-16,2.91206039245943E-16));
#14684=DIRECTION('',(-4.14483262526725E-16,-1.,0.));
#14685=DIRECTION('center_axis',(0.503584090430756,0.707106781186546,0.496390031996041));
#14686=DIRECTION('ref_axis',(0.702001515475614,0.,-0.712175450482493));
#14687=DIRECTION('',(-0.503584090430753,0.707106781186549,-0.496390031996039));
#14688=DIRECTION('',(0.503584090430753,-0.707106781186548,0.496390031996041));
#14689=DIRECTION('center_axis',(0.,1.,0.));
#14690=DIRECTION('ref_axis',(0.379357713456257,0.,-0.925250087944465));
#14691=DIRECTION('',(0.70710678118654,0.707106781186555,0.));
#14692=DIRECTION('center_axis',(-0.70710678118655,0.707106781186545,-2.24298922669111E-16));
#14693=DIRECTION('ref_axis',(-3.1720657846433E-16,0.,1.));
#14694=DIRECTION('',(0.707106781186547,0.707106781186548,0.));
#14695=DIRECTION('center_axis',(0.,1.,0.));
#14696=DIRECTION('ref_axis',(0.386004199798653,0.,0.922497023159317));
#14697=DIRECTION('',(-0.49639003199603,0.707106781186553,0.503584090430756));
#14698=DIRECTION('center_axis',(0.496390031996035,0.707106781186547,-0.50358409043076));
#14699=DIRECTION('ref_axis',(-0.712175450482499,0.,-0.702001515475607));
#14700=DIRECTION('',(-0.496390031996034,0.707106781186548,0.50358409043076));
#14701=DIRECTION('',(-0.712175450482499,0.,-0.702001515475607));
#14702=DIRECTION('center_axis',(0.,1.,0.));
#14703=DIRECTION('ref_axis',(-0.989598165165516,0.,-0.143859207216789));
#14704=DIRECTION('center_axis',(0.,-1.,0.));
#14705=DIRECTION('ref_axis',(-0.989598165165517,0.,-0.143859207216789));
#14706=DIRECTION('',(-0.332460690618839,0.707106781186551,-0.624075227190793));
#14707=DIRECTION('center_axis',(0.,-1.,0.));
#14708=DIRECTION('ref_axis',(1.,-2.40667700821969E-16,0.));
#14709=DIRECTION('',(-0.259427999275207,0.707106781186551,0.657797167211944));
#14710=DIRECTION('center_axis',(0.,1.,0.));
#14711=DIRECTION('ref_axis',(1.,-4.14483262526725E-16,0.));
#14712=DIRECTION('center_axis',(0.,1.,0.));
#14713=DIRECTION('ref_axis',(-0.978349513173344,0.,0.206959488966999));
#14714=DIRECTION('center_axis',(0.,-1.,0.));
#14715=DIRECTION('ref_axis',(-0.978349513173344,0.,0.206959488966999));
#14716=DIRECTION('center_axis',(0.,0.707106781186547,0.707106781186548));
#14717=DIRECTION('ref_axis',(1.,0.,0.));
#14718=DIRECTION('',(0.,0.707106781186548,-0.707106781186547));
#14719=DIRECTION('',(0.,-0.707106781186548,0.707106781186547));
#14720=DIRECTION('center_axis',(0.,1.,0.));
#14721=DIRECTION('ref_axis',(0.922497023159309,0.,-0.386004199798672));
#14722=DIRECTION('',(0.503584090430783,0.707106781186552,0.496390031996006));
#14723=DIRECTION('center_axis',(-0.503584090430786,0.707106781186548,-0.496390031996008));
#14724=DIRECTION('ref_axis',(-0.70200151547557,0.,0.712175450482536));
#14725=DIRECTION('',(0.503584090430785,0.707106781186547,0.496390031996009));
#14726=DIRECTION('center_axis',(0.,1.,0.));
#14727=DIRECTION('ref_axis',(0.00719405843475134,0.,0.999974122426794));
#14728=DIRECTION('',(-0.496390031996034,0.70710678118655,0.503584090430758));
#14729=DIRECTION('center_axis',(0.496390031996035,0.707106781186547,-0.50358409043076));
#14730=DIRECTION('ref_axis',(-0.712175450482499,0.,-0.702001515475607));
#14731=DIRECTION('',(-0.496390031996035,0.707106781186548,0.503584090430759));
#14732=DIRECTION('',(-0.712175450482499,0.,-0.702001515475607));
#14733=DIRECTION('center_axis',(0.,1.,0.));
#14734=DIRECTION('ref_axis',(-0.922497023159318,0.,0.386004199798651));
#14735=DIRECTION('center_axis',(0.,-1.,0.));
#14736=DIRECTION('ref_axis',(-0.922497023159318,0.,0.386004199798651));
#14737=DIRECTION('',(-0.707106781186547,0.707106781186548,0.));
#14738=DIRECTION('center_axis',(0.707106781186547,0.707106781186548,0.));
#14739=DIRECTION('ref_axis',(0.,0.,-1.));
#14740=DIRECTION('',(-0.707106781186548,0.707106781186547,0.));
#14741=DIRECTION('',(0.,0.,-1.));
#14742=DIRECTION('center_axis',(0.,1.,0.));
#14743=DIRECTION('ref_axis',(-0.879049072991534,0.,-0.476731294622794));
#14744=DIRECTION('center_axis',(0.,-1.,0.));
#14745=DIRECTION('ref_axis',(-0.879049072991534,0.,-0.476731294622794));
#14746=DIRECTION('',(-0.385694607919938,0.707106781186548,-0.592654764109329));
#14747=DIRECTION('center_axis',(0.,-1.,0.));
#14748=DIRECTION('ref_axis',(1.,-2.33146835171283E-16,0.));
#14749=DIRECTION('',(-0.707106781186547,0.707106781186548,0.));
#14750=DIRECTION('center_axis',(0.,1.,0.));
#14751=DIRECTION('ref_axis',(1.,-4.14483262526725E-16,0.));
#14752=DIRECTION('center_axis',(0.,1.,0.));
#14753=DIRECTION('ref_axis',(-0.707106781186547,0.,-0.707106781186548));
#14754=DIRECTION('center_axis',(-0.702001515475607,2.90967878433035E-16,
0.712175450482499));
#14755=DIRECTION('ref_axis',(0.712175450482499,-3.01208983885129E-16,0.702001515475607));
#14756=DIRECTION('',(-4.14483262526725E-16,-1.,3.51129606589879E-32));
#14757=DIRECTION('center_axis',(0.,1.,0.));
#14758=DIRECTION('ref_axis',(-0.386004199798651,0.,-0.922497023159318));
#14759=DIRECTION('',(0.707106781186551,-0.707106781186544,0.));
#14760=DIRECTION('center_axis',(0.,-1.,0.));
#14761=DIRECTION('ref_axis',(-0.386004199798651,0.,-0.922497023159318));
#14762=DIRECTION('',(0.496390031996037,0.707106781186544,-0.503584090430761));
#14763=DIRECTION('center_axis',(0.707106781186547,0.707106781186548,-8.97195690676443E-17));
#14764=DIRECTION('ref_axis',(-1.26882631385732E-16,0.,-1.));
#14765=DIRECTION('',(0.707106781186548,-0.707106781186547,0.));
#14766=DIRECTION('',(-1.26882631385732E-16,0.,-1.));
#14767=DIRECTION('center_axis',(0.,1.,0.));
#14768=DIRECTION('ref_axis',(-0.379357713456223,0.,0.925250087944479));
#14769=DIRECTION('',(-0.503584090430788,-0.707106781186543,-0.496390031996013));
#14770=DIRECTION('center_axis',(-0.503584090430786,0.707106781186548,-0.496390031996008));
#14771=DIRECTION('ref_axis',(-0.70200151547557,0.,0.712175450482536));
#14772=DIRECTION('',(-0.503584090430786,-0.707106781186548,-0.496390031996008));
#14773=DIRECTION('center_axis',(0.,1.,0.));
#14774=DIRECTION('ref_axis',(0.925250087944481,0.,0.379357713456219));
#14775=DIRECTION('',(-0.707106781186548,-0.707106781186547,0.));
#14776=DIRECTION('center_axis',(-0.707106781186549,0.707106781186546,0.));
#14777=DIRECTION('ref_axis',(0.,0.,1.));
#14778=DIRECTION('',(-0.707106781186546,-0.707106781186549,0.));
#14779=DIRECTION('center_axis',(0.,1.,0.));
#14780=DIRECTION('ref_axis',(0.922497023159318,0.,-0.386004199798651));
#14781=DIRECTION('',(-0.496390031996036,-0.707106781186546,0.503584090430762));
#14782=DIRECTION('center_axis',(0.,-1.,0.));
#14783=DIRECTION('ref_axis',(0.922497023159318,0.,-0.386004199798651));
#14784=DIRECTION('center_axis',(-0.496390031996036,0.707106781186546,0.503584090430761));
#14785=DIRECTION('ref_axis',(0.7121754504825,0.,0.702001515475607));
#14786=DIRECTION('',(0.7121754504825,0.,0.702001515475607));
#14787=DIRECTION('center_axis',(4.14483262526725E-16,1.,0.));
#14788=DIRECTION('ref_axis',(0.922497023159318,0.,-0.386004199798651));
#14789=DIRECTION('',(-4.14483262526725E-16,-1.,0.));
#14790=DIRECTION('center_axis',(0.702001515475607,-2.90967878433035E-16,
-0.7121754504825));
#14791=DIRECTION('ref_axis',(-0.7121754504825,3.01208983885129E-16,-0.702001515475607));
#14792=DIRECTION('',(4.14483262526725E-16,1.,0.));
#14793=DIRECTION('center_axis',(4.14483262526725E-16,1.,0.));
#14794=DIRECTION('ref_axis',(-0.386004199798651,0.,-0.922497023159318));
#14795=DIRECTION('',(-4.14483262526725E-16,-1.,0.));
#14796=DIRECTION('center_axis',(0.496390031996034,0.707106781186547,0.50358409043076));
#14797=DIRECTION('ref_axis',(0.7121754504825,0.,-0.702001515475606));
#14798=DIRECTION('',(-0.496390031996034,0.707106781186547,-0.50358409043076));
#14799=DIRECTION('',(0.496390031996034,-0.707106781186547,0.503584090430761));
#14800=DIRECTION('center_axis',(0.,1.,0.));
#14801=DIRECTION('ref_axis',(0.386004199798652,0.,-0.922497023159317));
#14802=DIRECTION('',(0.707106781186552,0.707106781186543,0.));
#14803=DIRECTION('center_axis',(-0.707106781186546,0.707106781186549,8.97195690676441E-17));
#14804=DIRECTION('ref_axis',(1.26882631385732E-16,0.,1.));
#14805=DIRECTION('',(0.707106781186549,0.707106781186546,0.));
#14806=DIRECTION('center_axis',(0.,1.,0.));
#14807=DIRECTION('ref_axis',(0.379357713457237,0.,0.925250087944063));
#14808=DIRECTION('',(-0.503584090429697,0.707106781186544,0.496390031997118));
#14809=DIRECTION('center_axis',(0.503584090429692,0.707106781186549,-0.496390031997115));
#14810=DIRECTION('ref_axis',(-0.702001515477137,0.,-0.712175450480992));
#14811=DIRECTION('',(-0.503584090429697,0.707106781186545,0.496390031997117));
#14812=DIRECTION('',(-0.702001515477137,0.,-0.712175450480992));
#14813=DIRECTION('center_axis',(0.,1.,0.));
#14814=DIRECTION('ref_axis',(-0.925250087944062,0.,0.379357713457239));
#14815=DIRECTION('center_axis',(0.,-1.,0.));
#14816=DIRECTION('ref_axis',(-0.925250087944062,0.,0.379357713457239));
#14817=DIRECTION('',(-0.707106781186555,0.70710678118654,0.));
#14818=DIRECTION('center_axis',(0.707106781186549,0.707106781186546,1.42735678062256E-16));
#14819=DIRECTION('ref_axis',(2.01858731750162E-16,0.,-1.));
#14820=DIRECTION('',(-0.707106781186546,0.707106781186549,0.));
#14821=DIRECTION('',(2.01858731750162E-16,0.,-1.));
#14822=DIRECTION('center_axis',(0.,1.,0.));
#14823=DIRECTION('ref_axis',(-0.922497023159318,0.,-0.386004199798652));
#14824=DIRECTION('center_axis',(0.,-1.,0.));
#14825=DIRECTION('ref_axis',(-0.922497023159318,0.,-0.386004199798652));
#14826=DIRECTION('center_axis',(0.,0.707106781186547,0.707106781186548));
#14827=DIRECTION('ref_axis',(1.,0.,0.));
#14828=DIRECTION('',(0.,0.707106781186548,-0.707106781186547));
#14829=DIRECTION('',(0.,-0.707106781186548,0.707106781186547));
#14830=DIRECTION('',(1.,0.,0.));
#14831=DIRECTION('center_axis',(0.,1.,0.));
#14832=DIRECTION('ref_axis',(0.707106781186548,0.,-0.707106781186547));
#14833=DIRECTION('center_axis',(0.,-1.,0.));
#14834=DIRECTION('ref_axis',(0.707106781186548,0.,-0.707106781186547));
#14835=DIRECTION('',(0.707106781186557,0.707106781186538,0.));
#14836=DIRECTION('center_axis',(0.,-1.,0.));
#14837=DIRECTION('ref_axis',(-1.,2.33146835171283E-16,0.));
#14838=DIRECTION('',(0.385694607919938,0.70710678118654,-0.59265476410934));
#14839=DIRECTION('center_axis',(0.,1.,0.));
#14840=DIRECTION('ref_axis',(-1.,4.14483262526725E-16,0.));
#14841=DIRECTION('center_axis',(0.,1.,0.));
#14842=DIRECTION('ref_axis',(0.879049072991531,0.,-0.476731294622799));
#14843=DIRECTION('',(0.707106781186556,0.707106781186539,0.));
#14844=DIRECTION('center_axis',(-0.707106781186548,0.707106781186548,-1.57009245868378E-16));
#14845=DIRECTION('ref_axis',(-2.22044604925031E-16,0.,1.));
#14846=DIRECTION('',(0.707106781186547,0.707106781186547,0.));
#14847=DIRECTION('center_axis',(0.,1.,0.));
#14848=DIRECTION('ref_axis',(0.922497023159318,0.,0.386004199798651));
#14849=DIRECTION('',(0.496390031996041,0.707106781186538,0.503584090430767));
#14850=DIRECTION('center_axis',(-0.496390031996035,0.707106781186547,-0.503584090430761));
#14851=DIRECTION('ref_axis',(-0.7121754504825,0.,0.702001515475606));
#14852=DIRECTION('',(0.496390031996031,0.707106781186549,0.50358409043076));
#14853=DIRECTION('center_axis',(0.,1.,0.));
#14854=DIRECTION('ref_axis',(-0.00719405843365378,0.,0.999974122426802));
#14855=DIRECTION('',(-0.503584090429699,0.70710678118654,0.496390031997121));
#14856=DIRECTION('center_axis',(0.503584090429691,0.707106781186551,-0.496390031997114));
#14857=DIRECTION('ref_axis',(-0.702001515477137,0.,-0.712175450480992));
#14858=DIRECTION('',(-0.503584090429696,0.707106781186545,0.496390031997118));
#14859=DIRECTION('',(-0.702001515477137,0.,-0.712175450480992));
#14860=DIRECTION('center_axis',(0.,1.,0.));
#14861=DIRECTION('ref_axis',(-0.922497023159733,0.,-0.386004199797658));
#14862=DIRECTION('center_axis',(0.,-1.,0.));
#14863=DIRECTION('ref_axis',(-0.922497023159733,0.,-0.386004199797658));
#14864=DIRECTION('center_axis',(4.14483262526725E-16,1.,0.));
#14865=DIRECTION('ref_axis',(-1.,4.14483262526725E-16,0.));
#14866=DIRECTION('',(4.14483262526725E-16,1.,0.));
#14867=DIRECTION('center_axis',(4.14483262526725E-16,1.,0.));
#14868=DIRECTION('ref_axis',(0.707106781186548,0.,-0.707106781186547));
#14869=DIRECTION('',(-4.14483262526725E-16,-1.,0.));
#14870=DIRECTION('center_axis',(0.,0.,-1.));
#14871=DIRECTION('ref_axis',(-1.,4.22942104619107E-16,0.));
#14872=DIRECTION('',(4.14483262526725E-16,1.,0.));
#14873=DIRECTION('center_axis',(-0.503584090429777,0.707106781186545,0.496390031997036));
#14874=DIRECTION('ref_axis',(0.70200151547702,0.,0.712175450481107));
#14875=DIRECTION('',(0.503584090429772,0.707106781186549,-0.496390031997034));
#14876=DIRECTION('',(-0.503584090429772,-0.707106781186549,0.496390031997034));
#14877=DIRECTION('',(0.70200151547702,0.,0.712175450481107));
#14878=DIRECTION('center_axis',(0.,1.,0.));
#14879=DIRECTION('ref_axis',(0.978349513172695,0.,0.206959488970064));
#14880=DIRECTION('',(0.259427999269793,0.707106781186536,0.657797167214095));
#14881=DIRECTION('center_axis',(0.,-1.,0.));
#14882=DIRECTION('ref_axis',(-1.,2.40667700821969E-16,0.));
#14883=DIRECTION('',(0.332460690618843,0.707106781186535,-0.624075227190809));
#14884=DIRECTION('center_axis',(0.,1.,0.));
#14885=DIRECTION('ref_axis',(0.989598165165515,0.,-0.143859207216799));
#14886=DIRECTION('',(0.496390031996044,0.707106781186534,0.50358409043077));
#14887=DIRECTION('center_axis',(-0.496390031996036,0.707106781186544,-0.503584090430762));
#14888=DIRECTION('ref_axis',(-0.7121754504825,0.,0.702001515475606));
#14889=DIRECTION('',(0.496390031996032,0.707106781186551,0.503584090430758));
#14890=DIRECTION('center_axis',(0.,1.,0.));
#14891=DIRECTION('ref_axis',(-0.386004199798653,0.,0.922497023159317));
#14892=DIRECTION('center_axis',(0.,-1.,0.));
#14893=DIRECTION('ref_axis',(-0.386004199798653,0.,0.922497023159317));
#14894=DIRECTION('',(-0.707106781186558,0.707106781186537,0.));
#14895=DIRECTION('center_axis',(0.707106781186545,0.70710678118655,2.2429892266911E-16));
#14896=DIRECTION('ref_axis',(3.1720657846433E-16,0.,-1.));
#14897=DIRECTION('',(-0.70710678118655,0.707106781186545,0.));
#14898=DIRECTION('',(3.1720657846433E-16,0.,-1.));
#14899=DIRECTION('center_axis',(0.,1.,0.));
#14900=DIRECTION('ref_axis',(-0.379357713457161,0.,-0.925250087944094));
#14901=DIRECTION('center_axis',(0.,-1.,0.));
#14902=DIRECTION('ref_axis',(-0.379357713457162,0.,-0.925250087944094));
#14903=DIRECTION('center_axis',(0.712175450481107,-2.95184804206849E-16,
-0.70200151547702));
#14904=DIRECTION('ref_axis',(-0.70200151547702,2.96905998401654E-16,-0.712175450481107));
#14905=DIRECTION('',(4.14483262526725E-16,1.,0.));
#14906=DIRECTION('center_axis',(4.14483262526725E-16,1.,0.));
#14907=DIRECTION('ref_axis',(-0.768706114785807,0.,0.639602149066832));
#14908=DIRECTION('',(4.14483262526725E-16,1.,0.));
#14909=DIRECTION('center_axis',(4.14483262526725E-16,1.,0.));
#14910=DIRECTION('ref_axis',(0.918899386287519,-3.80868415562256E-16,-0.394491974418266));
#14911=DIRECTION('',(-4.14483262526725E-16,-1.,0.));
#14912=DIRECTION('center_axis',(4.14483262526725E-16,1.,0.));
#14913=DIRECTION('ref_axis',(-0.879049072991535,0.,0.476731294622792));
#14914=DIRECTION('',(4.14483262526725E-16,1.,0.));
#14915=DIRECTION('center_axis',(-1.,4.14483262526725E-16,0.));
#14916=DIRECTION('ref_axis',(0.,0.,1.));
#14917=DIRECTION('',(-4.14483262526725E-16,-1.,0.));
#14918=DIRECTION('center_axis',(4.14483262526725E-16,1.,0.));
#14919=DIRECTION('ref_axis',(-0.925250087944469,0.,-0.379357713456247));
#14920=DIRECTION('center_axis',(-0.702001515475607,2.90967878433035E-16,
0.712175450482499));
#14921=DIRECTION('ref_axis',(0.712175450482499,-3.01208983885129E-16,0.702001515475607));
#14922=DIRECTION('',(-4.14483262526725E-16,-1.,0.));
#14923=DIRECTION('center_axis',(4.14483262526725E-16,1.,0.));
#14924=DIRECTION('ref_axis',(-0.978349513173344,0.,0.206959488966999));
#14925=DIRECTION('',(-4.14483262526725E-16,-1.,0.));
#14926=DIRECTION('center_axis',(4.14483262526725E-16,1.,0.));
#14927=DIRECTION('ref_axis',(-0.989598165165517,0.,-0.143859207216789));
#14928=DIRECTION('',(4.14483262526725E-16,1.,0.));
#14929=DIRECTION('center_axis',(4.14483262526725E-16,1.,0.));
#14930=DIRECTION('ref_axis',(0.998380953533348,-4.13812194865044E-16,-0.0568812062270341));
#14931=DIRECTION('center_axis',(4.14483262526725E-16,1.,0.));
#14932=DIRECTION('ref_axis',(-0.879049072991534,0.,-0.476731294622794));
#14933=DIRECTION('',(4.14483262526725E-16,1.,0.));
#14934=DIRECTION('',(-4.14483262526725E-16,-1.,0.));
#14935=DIRECTION('center_axis',(4.14483262526725E-16,1.,0.));
#14936=DIRECTION('ref_axis',(-1.,4.14483262526725E-16,0.));
#14937=DIRECTION('center_axis',(4.14483262526725E-16,1.,0.));
#14938=DIRECTION('ref_axis',(-0.922497023159318,0.,0.386004199798651));
#14939=DIRECTION('',(4.14483262526725E-16,1.,0.));
#14940=DIRECTION('center_axis',(-1.,4.14483262526725E-16,0.));
#14941=DIRECTION('ref_axis',(0.,0.,1.));
#14942=DIRECTION('center_axis',(-1.,4.14483262526725E-16,1.26882631385732E-16));
#14943=DIRECTION('ref_axis',(1.26882631385732E-16,-5.3664007157892E-32,
1.));
#14944=DIRECTION('center_axis',(-0.712175450480992,3.0045596142478E-16,
0.702001515477137));
#14945=DIRECTION('ref_axis',(0.702001515477137,-2.96905998401703E-16,0.712175450480992));
#14946=DIRECTION('',(-4.21884749357559E-16,-1.,0.));
#14947=DIRECTION('center_axis',(4.14483262526725E-16,1.,0.));
#14948=DIRECTION('ref_axis',(-0.979275876853542,0.,0.202530879158531));
#14949=DIRECTION('',(4.14483262526725E-16,1.,0.));
#14950=DIRECTION('center_axis',(-0.702001515475606,2.90967878433034E-16,
-0.7121754504825));
#14951=DIRECTION('ref_axis',(-0.7121754504825,3.0120898388513E-16,0.702001515475606));
#14952=DIRECTION('',(-4.14483262526725E-16,-1.,-1.21486090006121E-32));
#14953=DIRECTION('center_axis',(4.21884749357559E-16,1.,0.));
#14954=DIRECTION('ref_axis',(-0.925250087944062,0.,0.379357713457239));
#14955=DIRECTION('',(4.21884749357559E-16,1.,0.));
#14956=DIRECTION('center_axis',(-1.,4.21884749357559E-16,-2.01858731750162E-16));
#14957=DIRECTION('ref_axis',(-2.01858731750162E-16,8.53745568421574E-32,
1.));
#14958=DIRECTION('',(-4.21884749357559E-16,-1.,0.));
#14959=DIRECTION('center_axis',(4.21884749357559E-16,1.,0.));
#14960=DIRECTION('ref_axis',(-0.922497023159318,0.,-0.386004199798652));
#14961=DIRECTION('center_axis',(4.14483262526725E-16,1.,2.46519032881566E-32));
#14962=DIRECTION('ref_axis',(0.00719405843373601,0.,-0.999974122426802));
#14963=DIRECTION('center_axis',(4.14483262526725E-16,1.,0.));
#14964=DIRECTION('ref_axis',(-0.922497023159733,0.,-0.386004199797658));
#14965=DIRECTION('',(-4.14483262526725E-16,-1.,0.));
#14966=DIRECTION('center_axis',(-0.712175450480992,2.95184804206801E-16,
0.702001515477137));
#14967=DIRECTION('ref_axis',(0.702001515477137,-2.96905998401703E-16,0.712175450480992));
#14968=DIRECTION('center_axis',(4.14483262526725E-16,1.,0.));
#14969=DIRECTION('ref_axis',(-0.386004199798653,0.,0.922497023159317));
#14970=DIRECTION('',(4.14483262526725E-16,1.,0.));
#14971=DIRECTION('center_axis',(-1.,4.14483262526725E-16,-3.1720657846433E-16));
#14972=DIRECTION('ref_axis',(-3.1720657846433E-16,1.3416001789473E-31,1.));
#14973=DIRECTION('',(-4.14483262526725E-16,-1.,0.));
#14974=DIRECTION('center_axis',(4.14483262526725E-16,1.,0.));
#14975=DIRECTION('ref_axis',(-0.379357713457162,0.,-0.925250087944094));
#14976=DIRECTION('center_axis',(-0.712175450482493,2.95184804207424E-16,
-0.702001515475614));
#14977=DIRECTION('ref_axis',(-0.702001515475614,2.96905998401059E-16,0.712175450482493));
#14978=DIRECTION('',(4.14483262526725E-16,1.,0.));
#14979=DIRECTION('',(4.14483262526725E-16,1.,0.));
#14980=DIRECTION('center_axis',(4.14483262526725E-16,1.,0.));
#14981=DIRECTION('ref_axis',(-1.,4.14483262526725E-16,0.));
#14982=DIRECTION('',(4.14483262526725E-16,1.,0.));
#14983=DIRECTION('center_axis',(-0.702001515475607,2.90967878433035E-16,
0.712175450482499));
#14984=DIRECTION('ref_axis',(0.712175450482499,-3.01208983885129E-16,0.702001515475607));
#14985=DIRECTION('center_axis',(4.14483262526725E-16,1.,0.));
#14986=DIRECTION('ref_axis',(-1.,4.14483262526725E-16,0.));
#14987=DIRECTION('',(4.14483262526725E-16,1.,0.));
#14988=DIRECTION('',(4.14483262526725E-16,1.,0.));
#14989=DIRECTION('center_axis',(0.712175450481107,-2.95184804206849E-16,
-0.70200151547702));
#14990=DIRECTION('ref_axis',(-0.70200151547702,2.96905998401654E-16,-0.712175450481107));
#14991=DIRECTION('',(4.14483262526725E-16,1.,0.));
#14992=DIRECTION('center_axis',(0.702001515475606,-2.90967878433034E-16,
0.7121754504825));
#14993=DIRECTION('ref_axis',(0.7121754504825,-3.0120898388513E-16,-0.702001515475606));
#14994=DIRECTION('center_axis',(0.,1.,0.));
#14995=DIRECTION('ref_axis',(1.,0.,-1.11022302462516E-15));
#14996=DIRECTION('',(0.,1.,0.));
#14997=DIRECTION('center_axis',(-1.45603019622971E-16,0.,1.));
#14998=DIRECTION('ref_axis',(1.,-4.22942104619107E-16,1.45603019622971E-16));
#14999=DIRECTION('',(0.,1.,0.));
#15000=DIRECTION('center_axis',(0.,1.,0.));
#15001=DIRECTION('ref_axis',(3.33066907387547E-15,0.,1.));
#15002=DIRECTION('',(0.,1.,0.));
#15003=DIRECTION('center_axis',(0.,0.,1.));
#15004=DIRECTION('ref_axis',(1.,0.,0.));
#15005=DIRECTION('center_axis',(0.,0.,-1.));
#15006=DIRECTION('ref_axis',(1.,0.,0.));
#15007=DIRECTION('',(0.,1.,0.));
#15008=DIRECTION('center_axis',(0.,0.,-1.));
#15009=DIRECTION('ref_axis',(-1.,0.,0.));
#15010=DIRECTION('',(2.22044604925032E-15,-1.,0.));
#15011=DIRECTION('center_axis',(0.,0.,-1.));
#15012=DIRECTION('ref_axis',(1.,0.,0.));
#15013=DIRECTION('',(0.,1.,0.));
#15014=DIRECTION('center_axis',(0.,0.,-1.));
#15015=DIRECTION('ref_axis',(-1.,-2.22044604925031E-15,0.));
#15016=DIRECTION('',(5.55111512312578E-16,-1.,0.));
#15017=DIRECTION('center_axis',(-1.,1.11580203479915E-16,0.));
#15018=DIRECTION('ref_axis',(-1.11580203479915E-16,-1.,0.));
#15019=DIRECTION('center_axis',(-1.,-5.55111512312578E-16,0.));
#15020=DIRECTION('ref_axis',(5.55111512312578E-16,-1.,0.));
#15021=DIRECTION('',(0.,0.,1.));
#15022=DIRECTION('',(0.,0.,1.));
#15023=DIRECTION('center_axis',(0.,0.,1.));
#15024=DIRECTION('ref_axis',(-1.,-2.22044604925031E-15,0.));
#15025=DIRECTION('',(0.,0.,1.));
#15026=DIRECTION('center_axis',(1.,0.,0.));
#15027=DIRECTION('ref_axis',(0.,1.,0.));
#15028=DIRECTION('',(0.,0.,1.));
#15029=DIRECTION('center_axis',(0.,0.,1.));
#15030=DIRECTION('ref_axis',(1.,0.,0.));
#15031=DIRECTION('center_axis',(-1.,-2.22044604925032E-15,0.));
#15032=DIRECTION('ref_axis',(2.22044604925032E-15,-1.,0.));
#15033=DIRECTION('',(0.,0.,1.));
#15034=DIRECTION('',(0.,0.,1.));
#15035=DIRECTION('center_axis',(0.,0.,1.));
#15036=DIRECTION('ref_axis',(-1.,0.,0.));
#15037=DIRECTION('',(0.,0.,1.));
#15038=DIRECTION('center_axis',(1.,0.,0.));
#15039=DIRECTION('ref_axis',(0.,1.,0.));
#15040=DIRECTION('',(0.,0.,1.));
#15041=DIRECTION('center_axis',(0.,0.,1.));
#15042=DIRECTION('ref_axis',(1.,0.,0.));
#15043=DIRECTION('center_axis',(1.,8.88178419700125E-16,0.));
#15044=DIRECTION('ref_axis',(-8.88178419700125E-16,1.,0.));
#15045=DIRECTION('',(0.,0.,1.));
#15046=DIRECTION('',(0.,0.,1.));
#15047=DIRECTION('center_axis',(0.,0.,1.));
#15048=DIRECTION('ref_axis',(1.,0.,0.));
#15049=DIRECTION('',(0.,0.,1.));
#15050=DIRECTION('center_axis',(0.,1.,0.));
#15051=DIRECTION('ref_axis',(-1.,0.,0.));
#15052=DIRECTION('',(0.,0.,1.));
#15053=DIRECTION('center_axis',(0.,0.,1.));
#15054=DIRECTION('ref_axis',(-5.55111512312579E-16,1.,0.));
#15055=DIRECTION('',(0.,0.,1.));
#15056=DIRECTION('center_axis',(-1.,-8.88178419700125E-16,0.));
#15057=DIRECTION('ref_axis',(8.88178419700125E-16,-1.,0.));
#15058=DIRECTION('',(0.,0.,1.));
#15059=DIRECTION('center_axis',(0.,0.,1.));
#15060=DIRECTION('ref_axis',(0.,1.,0.));
#15061=DIRECTION('',(0.,0.,1.));
#15062=DIRECTION('center_axis',(0.,1.,0.));
#15063=DIRECTION('ref_axis',(-1.,0.,0.));
#15064=DIRECTION('',(0.,0.,1.));
#15065=DIRECTION('center_axis',(0.,0.,1.));
#15066=DIRECTION('ref_axis',(1.,0.,0.));
#15067=DIRECTION('center_axis',(0.,0.,1.));
#15068=DIRECTION('ref_axis',(0.,-1.,0.));
#15069=DIRECTION('',(0.,0.,1.));
#15070=DIRECTION('center_axis',(-4.22942104619108E-16,-1.,0.));
#15071=DIRECTION('ref_axis',(1.,-4.22942104619107E-16,0.));
#15072=DIRECTION('',(0.,0.,1.));
#15073=DIRECTION('center_axis',(0.,0.,1.));
#15074=DIRECTION('ref_axis',(-1.,0.,0.));
#15075=DIRECTION('',(0.,0.,1.));
#15076=DIRECTION('center_axis',(-1.,-2.11471052309554E-16,0.));
#15077=DIRECTION('ref_axis',(2.11471052309554E-16,-1.,0.));
#15078=DIRECTION('',(0.,0.,1.));
#15079=DIRECTION('center_axis',(0.,0.,1.));
#15080=DIRECTION('ref_axis',(0.,1.,0.));
#15081=DIRECTION('',(0.,0.,1.));
#15082=DIRECTION('center_axis',(0.,1.,0.));
#15083=DIRECTION('ref_axis',(-1.,0.,0.));
#15084=DIRECTION('',(0.,0.,1.));
#15085=DIRECTION('center_axis',(0.,0.,1.));
#15086=DIRECTION('ref_axis',(1.,0.,0.));
#15087=CARTESIAN_POINT('',(0.,0.,0.));
#15088=CARTESIAN_POINT('Origin',(29.4960811221958,-2.74475319672524,4.5));
#15089=CARTESIAN_POINT('',(26.5592335512457,-3.3570654904158,5.));
#15090=CARTESIAN_POINT('',(27.5381827415624,-3.15296139251895,4.));
#15091=CARTESIAN_POINT('',(26.5592335512457,-3.3570654904158,5.));
#15092=CARTESIAN_POINT('',(30.7000086921596,-1.1477064202403,4.));
#15093=CARTESIAN_POINT('Origin',(29.4960811221958,-2.74475319672524,4.));
#15094=CARTESIAN_POINT('',(31.3019724771416,-0.349183031997835,5.));
#15095=CARTESIAN_POINT('',(30.7000086921596,-1.1477064202403,4.));
#15096=CARTESIAN_POINT('Origin',(29.4960811221958,-2.74475319672524,5.));
#15097=CARTESIAN_POINT('Origin',(25.8907082486339,2.29912816563437,4.5));
#15098=CARTESIAN_POINT('',(27.5631524290499,-8.17218474915187,5.));
#15099=CARTESIAN_POINT('',(25.4012336534756,2.19707611668594,5.));
#15100=CARTESIAN_POINT('',(28.5421016193666,-7.96808065125502,4.));
#15101=CARTESIAN_POINT('',(27.5631524290499,-8.17218474915187,5.));
#15102=CARTESIAN_POINT('',(26.3801828437923,2.40118021458279,4.));
#15103=CARTESIAN_POINT('Origin',(30.5,-7.55987245546132,4.5));
#15104=CARTESIAN_POINT('',(32.5,-9.79594043296111,5.));
#15105=CARTESIAN_POINT('',(31.8333333333333,-9.05058444046118,4.));
#15106=CARTESIAN_POINT('',(32.5,-9.79594043296111,5.));
#15107=CARTESIAN_POINT('Origin',(30.5,-7.55987245546132,4.));
#15108=CARTESIAN_POINT('Origin',(30.5,-7.55987245546132,5.));
#15109=CARTESIAN_POINT('Origin',(30.5,-3.50155358153042,4.5));
#15110=CARTESIAN_POINT('',(31.8333333333333,-2.01084159653056,4.));
#15111=CARTESIAN_POINT('',(32.5,-1.26548560403063,5.));
#15112=CARTESIAN_POINT('',(31.8333333333333,-2.01084159653056,4.));
#15113=CARTESIAN_POINT('',(32.3058913549458,-1.10598341680302,5.));
#15114=CARTESIAN_POINT('Origin',(30.5,-3.50155358153042,5.));
#15115=CARTESIAN_POINT('',(31.7039275699639,-1.90450680504548,4.));
#15116=CARTESIAN_POINT('',(32.3058913549458,-1.10598341680302,5.));
#15117=CARTESIAN_POINT('Origin',(30.5,-3.50155358153042,4.));
#15118=CARTESIAN_POINT('Origin',(21.8373745819927,6.15951195279779,4.5));
#15119=CARTESIAN_POINT('',(22.1383564744837,6.55877364691902,5.));
#15120=CARTESIAN_POINT('',(21.5363926895018,5.76025025867655,4.));
#15121=CARTESIAN_POINT('Origin',(32.9841229182759,-10.5,4.375));
#15122=CARTESIAN_POINT('',(32.5,-7.55987245546132,4.));
#15123=CARTESIAN_POINT('',(33.4682458365519,-7.55987245546132,4.75));
#15124=CARTESIAN_POINT('',(32.5,-7.55987245546132,4.));
#15125=CARTESIAN_POINT('',(33.4682458365519,-3.50155358153042,4.75));
#15126=CARTESIAN_POINT('',(33.4682458365519,-10.5,4.75));
#15127=CARTESIAN_POINT('',(32.5,-3.50155358153042,4.));
#15128=CARTESIAN_POINT('',(33.4682458365519,-3.50155358153042,4.75));
#15129=CARTESIAN_POINT('',(32.5,-10.5,4.));
#15130=CARTESIAN_POINT('Ctrl Pts',(31.8333333333333,-9.05058444046118,4.));
#15131=CARTESIAN_POINT('Ctrl Pts',(32.0124463543938,-8.89038088416252,4.));
#15132=CARTESIAN_POINT('Ctrl Pts',(32.3624742807424,-8.44048740690219,4.));
#15133=CARTESIAN_POINT('Ctrl Pts',(32.5,-7.88027956805862,4.));
#15134=CARTESIAN_POINT('Ctrl Pts',(32.5,-7.55987245546132,4.));
#15135=CARTESIAN_POINT('Ctrl Pts',(32.0555555555556,-9.29903643796115,4.33333333333333));
#15136=CARTESIAN_POINT('Ctrl Pts',(32.2645207467928,-9.11213228894606,4.33333333333333));
#15137=CARTESIAN_POINT('Ctrl Pts',(32.6732021727494,-8.5857350108063,4.28921350551681));
#15138=CARTESIAN_POINT('Ctrl Pts',(32.822748612184,-7.93198504352095,4.25));
#15139=CARTESIAN_POINT('Ctrl Pts',(32.822748612184,-7.55987245546132,4.25));
#15140=CARTESIAN_POINT('Ctrl Pts',(32.2777777777778,-9.54748843546113,4.66666666666667));
#15141=CARTESIAN_POINT('Ctrl Pts',(32.5165951391918,-9.33388369372959,4.66666666666667));
#15142=CARTESIAN_POINT('Ctrl Pts',(32.9839300647564,-8.73098261471041,4.57842701103362));
#15143=CARTESIAN_POINT('Ctrl Pts',(33.1454972243679,-7.98369051898327,4.5));
#15144=CARTESIAN_POINT('Ctrl Pts',(33.1454972243679,-7.55987245546132,4.5));
#15145=CARTESIAN_POINT('Ctrl Pts',(32.5,-9.79594043296111,5.));
#15146=CARTESIAN_POINT('Ctrl Pts',(32.7686695315908,-9.55563509851313,5.));
#15147=CARTESIAN_POINT('Ctrl Pts',(33.2946579567634,-8.87623021861452,4.86764051655043));
#15148=CARTESIAN_POINT('Ctrl Pts',(33.4682458365519,-8.0353959944456,4.75));
#15149=CARTESIAN_POINT('Ctrl Pts',(33.4682458365519,-7.55987245546132,4.75));
#15150=CARTESIAN_POINT('Ctrl Pts',(32.5,-7.55987245546132,4.));
#15151=CARTESIAN_POINT('Ctrl Pts',(32.5,-7.88027956805862,4.));
#15152=CARTESIAN_POINT('Ctrl Pts',(32.3624742807424,-8.44048740690219,4.));
#15153=CARTESIAN_POINT('Ctrl Pts',(32.0124463543938,-8.89038088416252,4.));
#15154=CARTESIAN_POINT('Ctrl Pts',(31.8333333333333,-9.05058444046118,4.));
#15155=CARTESIAN_POINT('Ctrl Pts',(32.5,-9.79594043296111,5.));
#15156=CARTESIAN_POINT('Ctrl Pts',(32.7686695315908,-9.55563509851313,5.));
#15157=CARTESIAN_POINT('Ctrl Pts',(33.2946579567634,-8.87623021861452,4.86764051655043));
#15158=CARTESIAN_POINT('Ctrl Pts',(33.4682458365519,-8.0353959944456,4.75));
#15159=CARTESIAN_POINT('Ctrl Pts',(33.4682458365519,-7.55987245546132,4.75));
#15160=CARTESIAN_POINT('Ctrl Pts',(32.5,-3.50155358153042,4.));
#15161=CARTESIAN_POINT('Ctrl Pts',(32.5,-3.26124824708244,4.));
#15162=CARTESIAN_POINT('Ctrl Pts',(32.3980250426248,-2.70042232255239,4.));
#15163=CARTESIAN_POINT('Ctrl Pts',(32.0721506947473,-2.2244463382621,4.));
#15164=CARTESIAN_POINT('Ctrl Pts',(31.8333333333333,-2.01084159653056,4.));
#15165=CARTESIAN_POINT('Ctrl Pts',(32.822748612184,-3.50155358153042,4.25));
#15166=CARTESIAN_POINT('Ctrl Pts',(32.822748612184,-3.2224691404857,4.25));
#15167=CARTESIAN_POINT('Ctrl Pts',(32.7130403641896,-2.56906800667234,4.27707976432281));
#15168=CARTESIAN_POINT('Ctrl Pts',(32.3341758105386,-2.01159513105071,4.33333333333333));
#15169=CARTESIAN_POINT('Ctrl Pts',(32.0555555555556,-1.76238959903059,4.33333333333333));
#15170=CARTESIAN_POINT('Ctrl Pts',(33.1454972243679,-3.50155358153042,4.5));
#15171=CARTESIAN_POINT('Ctrl Pts',(33.1454972243679,-3.18369003388896,4.5));
#15172=CARTESIAN_POINT('Ctrl Pts',(33.0280556857545,-2.43771369079229,4.55415952864562));
#15173=CARTESIAN_POINT('Ctrl Pts',(32.5962009263298,-1.79874392383933,4.66666666666667));
#15174=CARTESIAN_POINT('Ctrl Pts',(32.2777777777778,-1.51393760153061,4.66666666666667));
#15175=CARTESIAN_POINT('Ctrl Pts',(33.4682458365519,-3.50155358153042,4.75));
#15176=CARTESIAN_POINT('Ctrl Pts',(33.4682458365519,-3.14491092729221,4.75));
#15177=CARTESIAN_POINT('Ctrl Pts',(33.3430710073193,-2.30635937491224,4.83123929296842));
#15178=CARTESIAN_POINT('Ctrl Pts',(32.858226042121,-1.58589271662794,5.));
#15179=CARTESIAN_POINT('Ctrl Pts',(32.5,-1.26548560403063,5.));
#15180=CARTESIAN_POINT('Ctrl Pts',(31.8333333333333,-2.01084159653056,4.));
#15181=CARTESIAN_POINT('Ctrl Pts',(32.0721506947473,-2.2244463382621,4.));
#15182=CARTESIAN_POINT('Ctrl Pts',(32.3980250426248,-2.70042232255239,4.));
#15183=CARTESIAN_POINT('Ctrl Pts',(32.5,-3.26124824708244,4.));
#15184=CARTESIAN_POINT('Ctrl Pts',(32.5,-3.50155358153042,4.));
#15185=CARTESIAN_POINT('Ctrl Pts',(33.4682458365519,-3.50155358153042,4.75));
#15186=CARTESIAN_POINT('Ctrl Pts',(33.4682458365519,-3.14491092729221,4.75));
#15187=CARTESIAN_POINT('Ctrl Pts',(33.3430710073193,-2.30635937491224,4.83123929296842));
#15188=CARTESIAN_POINT('Ctrl Pts',(32.858226042121,-1.58589271662794,5.));
#15189=CARTESIAN_POINT('Ctrl Pts',(32.5,-1.26548560403063,5.));
#15190=CARTESIAN_POINT('Origin',(32.5,-10.5,3.));
#15191=CARTESIAN_POINT('',(32.5,-11.,5.));
#15192=CARTESIAN_POINT('',(32.5,-10.5,5.));
#15193=CARTESIAN_POINT('',(34.5,-11.8284271247462,3.));
#15194=CARTESIAN_POINT('Origin',(32.5,-11.8284271247462,3.));
#15195=CARTESIAN_POINT('',(34.5,21.,3.));
#15196=CARTESIAN_POINT('',(34.5,-10.5,3.));
#15197=CARTESIAN_POINT('',(33.4705233388902,21.,4.74873795883471));
#15198=CARTESIAN_POINT('Origin',(32.5,21.,3.));
#15199=CARTESIAN_POINT('',(32.5,18.935173643424,5.));
#15200=CARTESIAN_POINT('Ctrl Pts',(32.5,18.935173643424,5.));
#15201=CARTESIAN_POINT('Ctrl Pts',(32.7513950861574,19.1584235482643,5.));
#15202=CARTESIAN_POINT('Ctrl Pts',(33.2517729307905,19.7818165005339,4.88459841398821));
#15203=CARTESIAN_POINT('Ctrl Pts',(33.4472244623822,20.5571078672768,4.76166848585088));
#15204=CARTESIAN_POINT('Ctrl Pts',(33.4705233388902,21.,4.74873795883471));
#15205=CARTESIAN_POINT('',(32.5,16.156776436283,5.));
#15206=CARTESIAN_POINT('',(32.5,-10.5,5.));
#15207=CARTESIAN_POINT('',(32.6,15.6,4.99749843554382));
#15208=CARTESIAN_POINT('Ctrl Pts',(32.5,16.156776436283,5.));
#15209=CARTESIAN_POINT('Ctrl Pts',(32.5672788709227,15.9755218073017,5.));
#15210=CARTESIAN_POINT('Ctrl Pts',(32.6,15.7815767928757,4.99749843554382));
#15211=CARTESIAN_POINT('Ctrl Pts',(32.6,15.6,4.99749843554382));
#15212=CARTESIAN_POINT('',(32.5,15.043223563717,5.));
#15213=CARTESIAN_POINT('Ctrl Pts',(32.6,15.6,4.99749843554382));
#15214=CARTESIAN_POINT('Ctrl Pts',(32.6,15.4184232071243,4.99749843554382));
#15215=CARTESIAN_POINT('Ctrl Pts',(32.5672788709227,15.2244781926983,5.));
#15216=CARTESIAN_POINT('Ctrl Pts',(32.5,15.043223563717,5.));
#15217=CARTESIAN_POINT('',(32.5,-10.5,5.));
#15218=CARTESIAN_POINT('Origin',(26.9993673214009,-0.568628570530332,0.));
#15219=CARTESIAN_POINT('',(28.5421016193666,-7.96808065125502,1.));
#15220=CARTESIAN_POINT('',(28.5421016193666,-7.96808065125502,0.));
#15221=CARTESIAN_POINT('',(27.5381827415624,-3.15296139251895,1.));
#15222=CARTESIAN_POINT('',(26.3801828437923,2.40118021458279,1.));
#15223=CARTESIAN_POINT('',(27.5381827415624,-3.15296139251895,0.));
#15224=CARTESIAN_POINT('Origin',(30.5,-7.55987245546132,0.));
#15225=CARTESIAN_POINT('',(32.5,-7.55987245546132,1.));
#15226=CARTESIAN_POINT('',(32.5,-7.55987245546132,0.));
#15227=CARTESIAN_POINT('Origin',(30.5,-7.55987245546132,1.));
#15228=CARTESIAN_POINT('Origin',(32.5,-9.99999999999999,0.));
#15229=CARTESIAN_POINT('',(32.5,-3.50155358153042,1.));
#15230=CARTESIAN_POINT('',(32.5,-3.50155358153042,0.));
#15231=CARTESIAN_POINT('',(32.5,-4.99999999999999,1.));
#15232=CARTESIAN_POINT('Origin',(-29.4960811223324,-2.74475319682814,4.5));
#15233=CARTESIAN_POINT('',(-31.3019724772781,-0.349183032100727,5.));
#15234=CARTESIAN_POINT('',(-30.7000086922962,-1.1477064203432,4.));
#15235=CARTESIAN_POINT('',(-31.3019724772781,-0.349183032100727,5.));
#15236=CARTESIAN_POINT('',(-27.5381827416972,-3.15296139261351,4.));
#15237=CARTESIAN_POINT('Origin',(-29.4960811223324,-2.74475319682814,4.));
#15238=CARTESIAN_POINT('',(-26.5592335513797,-3.35706549050619,5.));
#15239=CARTESIAN_POINT('',(-27.5381827416972,-3.15296139261351,4.));
#15240=CARTESIAN_POINT('Origin',(-29.4960811223324,-2.74475319682814,5.));
#15241=CARTESIAN_POINT('Origin',(-19.4133823159845,7.98682919947837,4.5));
#15242=CARTESIAN_POINT('',(-32.3058913549458,-1.10598341680293,5.));
#15243=CARTESIAN_POINT('',(-19.7143642084754,8.38609089359961,5.));
#15244=CARTESIAN_POINT('',(-31.7039275699638,-1.90450680504541,4.));
#15245=CARTESIAN_POINT('',(-32.3058913549458,-1.10598341680293,5.));
#15246=CARTESIAN_POINT('',(-19.1124004234935,7.58756750535714,4.));
#15247=CARTESIAN_POINT('Origin',(-30.5,-3.50155358153035,4.5));
#15248=CARTESIAN_POINT('',(-32.5,-1.26548560403056,5.));
#15249=CARTESIAN_POINT('',(-31.8333333333333,-2.01084159653049,4.));
#15250=CARTESIAN_POINT('',(-32.5,-1.26548560403056,5.));
#15251=CARTESIAN_POINT('Origin',(-30.5,-3.50155358153035,4.));
#15252=CARTESIAN_POINT('Origin',(-30.5,-3.50155358153035,5.));
#15253=CARTESIAN_POINT('Origin',(-30.5,-7.55987245501166,4.5));
#15254=CARTESIAN_POINT('',(-31.8333333333333,-9.05058444001152,4.));
#15255=CARTESIAN_POINT('',(-32.5,-9.79594043251145,5.));
#15256=CARTESIAN_POINT('',(-31.8333333333333,-9.05058444001152,4.));
#15257=CARTESIAN_POINT('',(-27.5631524290473,-8.17218474868971,5.));
#15258=CARTESIAN_POINT('Origin',(-30.5,-7.55987245501166,5.));
#15259=CARTESIAN_POINT('',(-28.5421016193649,-7.96808065079703,4.));
#15260=CARTESIAN_POINT('',(-27.5631524290473,-8.17218474868971,5.));
#15261=CARTESIAN_POINT('Origin',(-30.5,-7.55987245501166,4.));
#15262=CARTESIAN_POINT('Origin',(-26.8738959241696,-2.41655754913793,4.5));
#15263=CARTESIAN_POINT('',(-26.3844213290108,-2.51860959808427,5.));
#15264=CARTESIAN_POINT('',(-27.3633705193284,-2.31450550019159,4.));
#15265=CARTESIAN_POINT('Origin',(-32.9841229182759,10.5,4.375));
#15266=CARTESIAN_POINT('',(-32.5,-3.50155358153035,4.));
#15267=CARTESIAN_POINT('',(-33.4682458365519,-3.50155358153035,4.75));
#15268=CARTESIAN_POINT('',(-32.5,-3.50155358153035,4.));
#15269=CARTESIAN_POINT('',(-33.4682458365519,-7.55987245501166,4.75));
#15270=CARTESIAN_POINT('',(-33.4682458365519,10.5,4.75));
#15271=CARTESIAN_POINT('',(-32.5,-7.55987245501166,4.));
#15272=CARTESIAN_POINT('',(-33.4682458365519,-7.55987245501166,4.75));
#15273=CARTESIAN_POINT('',(-32.5,10.5,4.));
#15274=CARTESIAN_POINT('Ctrl Pts',(-31.8333333333333,-2.01084159653049,
4.));
#15275=CARTESIAN_POINT('Ctrl Pts',(-32.0124463543938,-2.17104515282914,
4.));
#15276=CARTESIAN_POINT('Ctrl Pts',(-32.3624780130748,-2.62093674808041,
4.));
#15277=CARTESIAN_POINT('Ctrl Pts',(-32.5,-3.18114646893304,4.));
#15278=CARTESIAN_POINT('Ctrl Pts',(-32.5,-3.50155358153035,4.));
#15279=CARTESIAN_POINT('Ctrl Pts',(-32.0555555555556,-1.76238959903051,
4.33333333333333));
#15280=CARTESIAN_POINT('Ctrl Pts',(-32.2645207467928,-1.94929374804561,
4.33333333333333));
#15281=CARTESIAN_POINT('Ctrl Pts',(-32.6732061344922,-2.47568860978855,
4.28920982499662));
#15282=CARTESIAN_POINT('Ctrl Pts',(-32.8227486121839,-3.12944099347072,
4.25));
#15283=CARTESIAN_POINT('Ctrl Pts',(-32.8227486121839,-3.50155358153035,
4.25));
#15284=CARTESIAN_POINT('Ctrl Pts',(-32.2777777777778,-1.51393760153053,
4.66666666666667));
#15285=CARTESIAN_POINT('Ctrl Pts',(-32.5165951391918,-1.72754234326207,
4.66666666666667));
#15286=CARTESIAN_POINT('Ctrl Pts',(-32.9839342559096,-2.33044047149669,
4.57841964999324));
#15287=CARTESIAN_POINT('Ctrl Pts',(-33.1454972243679,-3.07773551800839,
4.5));
#15288=CARTESIAN_POINT('Ctrl Pts',(-33.1454972243679,-3.50155358153035,
4.5));
#15289=CARTESIAN_POINT('Ctrl Pts',(-32.5,-1.26548560403056,5.));
#15290=CARTESIAN_POINT('Ctrl Pts',(-32.7686695315907,-1.50579093847854,
5.));
#15291=CARTESIAN_POINT('Ctrl Pts',(-33.294662377327,-2.18519233320483,4.86762947498986));
#15292=CARTESIAN_POINT('Ctrl Pts',(-33.4682458365519,-3.02603004254607,
4.75));
#15293=CARTESIAN_POINT('Ctrl Pts',(-33.4682458365519,-3.50155358153035,
4.75));
#15294=CARTESIAN_POINT('Ctrl Pts',(-32.5,-3.50155358153035,4.));
#15295=CARTESIAN_POINT('Ctrl Pts',(-32.5,-3.18114646893304,4.));
#15296=CARTESIAN_POINT('Ctrl Pts',(-32.3624780130748,-2.62093674808041,
4.));
#15297=CARTESIAN_POINT('Ctrl Pts',(-32.0124463543938,-2.17104515282914,
4.));
#15298=CARTESIAN_POINT('Ctrl Pts',(-31.8333333333333,-2.01084159653049,
4.));
#15299=CARTESIAN_POINT('Ctrl Pts',(-32.5,-1.26548560403056,5.));
#15300=CARTESIAN_POINT('Ctrl Pts',(-32.7686695315907,-1.50579093847854,
5.));
#15301=CARTESIAN_POINT('Ctrl Pts',(-33.294662377327,-2.18519233320483,4.86762947498986));
#15302=CARTESIAN_POINT('Ctrl Pts',(-33.4682458365519,-3.02603004254607,
4.75));
#15303=CARTESIAN_POINT('Ctrl Pts',(-33.4682458365519,-3.50155358153035,
4.75));
#15304=CARTESIAN_POINT('Ctrl Pts',(-32.5,-7.55987245501166,4.));
#15305=CARTESIAN_POINT('Ctrl Pts',(-32.5,-7.80017778945964,4.));
#15306=CARTESIAN_POINT('Ctrl Pts',(-32.3980211516364,-8.36100218674605,
4.));
#15307=CARTESIAN_POINT('Ctrl Pts',(-32.0721506947473,-8.83697969827998,
4.));
#15308=CARTESIAN_POINT('Ctrl Pts',(-31.8333333333333,-9.05058444001152,
4.));
#15309=CARTESIAN_POINT('Ctrl Pts',(-32.8227486121839,-7.55987245501166,
4.25));
#15310=CARTESIAN_POINT('Ctrl Pts',(-32.8227486121839,-7.83895689605638,
4.25));
#15311=CARTESIAN_POINT('Ctrl Pts',(-32.713037083354,-8.49235755211899,4.27708548536719));
#15312=CARTESIAN_POINT('Ctrl Pts',(-32.3341758105386,-9.04983090549137,
4.33333333333333));
#15313=CARTESIAN_POINT('Ctrl Pts',(-32.0555555555556,-9.29903643751149,
4.33333333333333));
#15314=CARTESIAN_POINT('Ctrl Pts',(-33.1454972243679,-7.55987245501166,
4.5));
#15315=CARTESIAN_POINT('Ctrl Pts',(-33.1454972243679,-7.87773600265312,
4.5));
#15316=CARTESIAN_POINT('Ctrl Pts',(-33.0280530150717,-8.62371291749193,
4.55417097073439));
#15317=CARTESIAN_POINT('Ctrl Pts',(-32.5962009263298,-9.26268211270275,
4.66666666666667));
#15318=CARTESIAN_POINT('Ctrl Pts',(-32.2777777777778,-9.54748843501147,
4.66666666666667));
#15319=CARTESIAN_POINT('Ctrl Pts',(-33.4682458365519,-7.55987245501166,
4.75));
#15320=CARTESIAN_POINT('Ctrl Pts',(-33.4682458365519,-7.91651510924987,
4.75));
#15321=CARTESIAN_POINT('Ctrl Pts',(-33.3430689467893,-8.75506828286487,
4.83125645610158));
#15322=CARTESIAN_POINT('Ctrl Pts',(-32.858226042121,-9.47553331991414,5.));
#15323=CARTESIAN_POINT('Ctrl Pts',(-32.5,-9.79594043251145,5.));
#15324=CARTESIAN_POINT('Ctrl Pts',(-31.8333333333333,-9.05058444001152,
4.));
#15325=CARTESIAN_POINT('Ctrl Pts',(-32.0721506947473,-8.83697969827998,
4.));
#15326=CARTESIAN_POINT('Ctrl Pts',(-32.3980211516364,-8.36100218674605,
4.));
#15327=CARTESIAN_POINT('Ctrl Pts',(-32.5,-7.80017778945964,4.));
#15328=CARTESIAN_POINT('Ctrl Pts',(-32.5,-7.55987245501166,4.));
#15329=CARTESIAN_POINT('Ctrl Pts',(-33.4682458365519,-7.55987245501166,
4.75));
#15330=CARTESIAN_POINT('Ctrl Pts',(-33.4682458365519,-7.91651510924987,
4.75));
#15331=CARTESIAN_POINT('Ctrl Pts',(-33.3430689467893,-8.75506828286487,
4.83125645610158));
#15332=CARTESIAN_POINT('Ctrl Pts',(-32.858226042121,-9.47553331991414,5.));
#15333=CARTESIAN_POINT('Ctrl Pts',(-32.5,-9.79594043251145,5.));
#15334=CARTESIAN_POINT('Origin',(-32.5,10.5,3.));
#15335=CARTESIAN_POINT('',(-32.5,15.043223563717,5.));
#15336=CARTESIAN_POINT('',(-32.5,10.5,5.));
#15337=CARTESIAN_POINT('',(-32.5,16.156776436283,5.));
#15338=CARTESIAN_POINT('Ctrl Pts',(-32.5,15.043223563717,5.));
#15339=CARTESIAN_POINT('Ctrl Pts',(-32.5672788709227,15.2244781926983,5.));
#15340=CARTESIAN_POINT('Ctrl Pts',(-32.6,15.4184232071243,4.99749843554382));
#15341=CARTESIAN_POINT('Ctrl Pts',(-32.6,15.6,4.99749843554382));
#15342=CARTESIAN_POINT('Ctrl Pts',(-32.6,15.7815767928757,4.99749843554382));
#15343=CARTESIAN_POINT('Ctrl Pts',(-32.5672788709227,15.9755218073017,5.));
#15344=CARTESIAN_POINT('Ctrl Pts',(-32.5,16.156776436283,5.));
#15345=CARTESIAN_POINT('',(-32.5,18.9431513008025,5.));
#15346=CARTESIAN_POINT('',(-32.5,10.5,5.));
#15347=CARTESIAN_POINT('',(-33.4618697830079,21.,4.7535126234323));
#15348=CARTESIAN_POINT('Ctrl Pts',(-33.4618697830079,21.,4.7535126234323));
#15349=CARTESIAN_POINT('Ctrl Pts',(-33.4387161487336,20.5592477305913,4.76621329115355));
#15350=CARTESIAN_POINT('Ctrl Pts',(-33.2444874860476,19.7880171238216,4.88684969487667));
#15351=CARTESIAN_POINT('Ctrl Pts',(-32.7490884935813,19.1663379841244,5.));
#15352=CARTESIAN_POINT('Ctrl Pts',(-32.5,18.9431513008024,5.));
#15353=CARTESIAN_POINT('',(-34.5,21.,3.));
#15354=CARTESIAN_POINT('Origin',(-32.5,21.,3.));
#15355=CARTESIAN_POINT('',(-34.5,-11.8284271247462,3.));
#15356=CARTESIAN_POINT('',(-34.5,10.5,3.));
#15357=CARTESIAN_POINT('',(-32.5,-11.,5.));
#15358=CARTESIAN_POINT('Origin',(-32.5,-11.8284271247462,3.));
#15359=CARTESIAN_POINT('',(-32.5,10.5,5.));
#15360=CARTESIAN_POINT('Origin',(-27.6520154679835,1.15001154875079,0.));
#15361=CARTESIAN_POINT('',(-31.7039275699638,-1.90450680504541,1.));
#15362=CARTESIAN_POINT('',(-31.7039275699638,-1.90450680504541,0.));
#15363=CARTESIAN_POINT('',(-30.7000086922962,-1.1477064203432,1.));
#15364=CARTESIAN_POINT('',(-19.1124004234935,7.58756750535714,1.));
#15365=CARTESIAN_POINT('',(-30.7000086922962,-1.1477064203432,0.));
#15366=CARTESIAN_POINT('Origin',(-30.5,-3.50155358153035,0.));
#15367=CARTESIAN_POINT('',(-32.5,-3.50155358153035,1.));
#15368=CARTESIAN_POINT('',(-32.5,-3.50155358153035,0.));
#15369=CARTESIAN_POINT('Origin',(-30.5,-3.50155358153035,1.));
#15370=CARTESIAN_POINT('Origin',(-32.5,-2.50462294461016,0.));
#15371=CARTESIAN_POINT('',(-32.5,-7.55987245501166,1.));
#15372=CARTESIAN_POINT('',(-32.5,-7.55987245501166,0.));
#15373=CARTESIAN_POINT('',(-32.5,-1.25231147230508,1.));
#15374=CARTESIAN_POINT('Origin',(8.30369609830333,16.361823425103,4.5));
#15375=CARTESIAN_POINT('',(3.04684670127573,19.6985233882425,4.));
#15376=CARTESIAN_POINT('',(3.64881048625766,20.497046776485,5.));
#15377=CARTESIAN_POINT('',(3.04684670127573,19.6985233882425,4.));
#15378=CARTESIAN_POINT('',(1.80589135494578,21.8863242754719,5.));
#15379=CARTESIAN_POINT('',(8.60467799079429,16.7610851192242,5.));
#15380=CARTESIAN_POINT('',(1.20392756996385,21.0878008872295,4.));
#15381=CARTESIAN_POINT('',(1.80589135494578,21.8863242754719,5.));
#15382=CARTESIAN_POINT('',(8.00271420581236,15.9625617309817,4.));
#15383=CARTESIAN_POINT('Origin',(2.44488291629381,18.9,4.5));
#15384=CARTESIAN_POINT('',(3.31090832007825,18.4,4.));
#15385=CARTESIAN_POINT('',(4.17693372386268,17.9,5.));
#15386=CARTESIAN_POINT('',(3.31090832007825,18.4,4.));
#15387=CARTESIAN_POINT('Origin',(2.44488291629381,18.9,5.));
#15388=CARTESIAN_POINT('Origin',(2.44488291629381,18.9,4.));
#15389=CARTESIAN_POINT('Origin',(-2.44488291629382,18.9,4.5));
#15390=CARTESIAN_POINT('',(-4.17693372386269,17.9,5.));
#15391=CARTESIAN_POINT('',(-3.31090832007825,18.4,4.));
#15392=CARTESIAN_POINT('',(-4.17693372386269,17.9,5.));
#15393=CARTESIAN_POINT('',(-3.04684670127574,19.6985233882425,4.));
#15394=CARTESIAN_POINT('Origin',(-2.44488291629382,18.9,4.));
#15395=CARTESIAN_POINT('',(-3.64881048625767,20.497046776485,5.));
#15396=CARTESIAN_POINT('',(-3.04684670127574,19.6985233882425,4.));
#15397=CARTESIAN_POINT('Origin',(-2.44488291629382,18.9,5.));
#15398=CARTESIAN_POINT('Origin',(-5.58737458199273,18.4095119527804,4.5));
#15399=CARTESIAN_POINT('',(-1.20392756996385,21.0878008872295,4.));
#15400=CARTESIAN_POINT('',(-1.80589135494578,21.8863242754719,5.));
#15401=CARTESIAN_POINT('',(-1.20392756996385,21.0878008872295,4.));
#15402=CARTESIAN_POINT('',(-5.88835647448369,18.8087736469016,5.));
#15403=CARTESIAN_POINT('',(-5.28639268950176,18.0102502586591,4.));
#15404=CARTESIAN_POINT('Origin',(-1.94289029309402E-15,19.4907541107445,
4.5));
#15405=CARTESIAN_POINT('Origin',(-1.94289029309402E-15,19.4907541107445,
4.));
#15406=CARTESIAN_POINT('Origin',(-1.94289029309402E-15,19.4907541107445,
5.));
#15407=CARTESIAN_POINT('Origin',(-6.13123367036069,17.4158770817241,4.375));
#15408=CARTESIAN_POINT('',(-2.44488291629382,17.9,4.));
#15409=CARTESIAN_POINT('',(-2.44488291629382,16.9317541634482,4.75));
#15410=CARTESIAN_POINT('',(-2.44488291629382,17.9,4.));
#15411=CARTESIAN_POINT('',(2.44488291629381,16.9317541634482,4.75));
#15412=CARTESIAN_POINT('',(-6.13123367036069,16.9317541634482,4.75));
#15413=CARTESIAN_POINT('',(2.44488291629381,17.9,4.));
#15414=CARTESIAN_POINT('',(2.44488291629381,16.9317541634482,4.75));
#15415=CARTESIAN_POINT('',(-6.13123367036069,17.9,4.));
#15416=CARTESIAN_POINT('Ctrl Pts',(4.17693372386268,17.9,5.));
#15417=CARTESIAN_POINT('Ctrl Pts',(4.02733407369174,17.6408858051094,5.));
#15418=CARTESIAN_POINT('Ctrl Pts',(3.53531303464073,17.1130962196802,4.8721902424097));
#15419=CARTESIAN_POINT('Ctrl Pts',(2.83748143442524,16.9317541634482,4.75));
#15420=CARTESIAN_POINT('Ctrl Pts',(2.44488291629381,16.9317541634482,4.75));
#15421=CARTESIAN_POINT('Ctrl Pts',(3.88825858926787,18.0666666666667,4.66666666666667));
#15422=CARTESIAN_POINT('Ctrl Pts',(3.76359221412542,17.8507381709245,4.66666666666667));
#15423=CARTESIAN_POINT('Ctrl Pts',(3.35443839804261,17.4113013114897,4.58146016160647));
#15424=CARTESIAN_POINT('Ctrl Pts',(2.77310399512407,17.2545027756321,4.5));
#15425=CARTESIAN_POINT('Ctrl Pts',(2.44488291629381,17.2545027756321,4.5));
#15426=CARTESIAN_POINT('Ctrl Pts',(3.59958345467306,18.2333333333333,4.33333333333333));
#15427=CARTESIAN_POINT('Ctrl Pts',(3.4998503545591,18.0605905367396,4.33333333333333));
#15428=CARTESIAN_POINT('Ctrl Pts',(3.1735637614445,17.7095064032992,4.29073008080323));
#15429=CARTESIAN_POINT('Ctrl Pts',(2.7087265558229,17.5772513878161,4.25));
#15430=CARTESIAN_POINT('Ctrl Pts',(2.44488291629381,17.5772513878161,4.25));
#15431=CARTESIAN_POINT('Ctrl Pts',(3.31090832007825,18.4,4.));
#15432=CARTESIAN_POINT('Ctrl Pts',(3.23610849499277,18.2704429025547,4.));
#15433=CARTESIAN_POINT('Ctrl Pts',(2.99268912484639,18.0077114951087,4.));
#15434=CARTESIAN_POINT('Ctrl Pts',(2.64434911652173,17.9,4.));
#15435=CARTESIAN_POINT('Ctrl Pts',(2.44488291629381,17.9,4.));
#15436=CARTESIAN_POINT('Ctrl Pts',(2.44488291629381,16.9317541634482,4.75));
#15437=CARTESIAN_POINT('Ctrl Pts',(2.83748143442524,16.9317541634482,4.75));
#15438=CARTESIAN_POINT('Ctrl Pts',(3.53531303464073,17.1130962196802,4.8721902424097));
#15439=CARTESIAN_POINT('Ctrl Pts',(4.02733407369174,17.6408858051094,5.));
#15440=CARTESIAN_POINT('Ctrl Pts',(4.17693372386268,17.9,5.));
#15441=CARTESIAN_POINT('Ctrl Pts',(3.31090832007825,18.4,4.));
#15442=CARTESIAN_POINT('Ctrl Pts',(3.23610849499277,18.2704429025547,4.));
#15443=CARTESIAN_POINT('Ctrl Pts',(2.99268912484639,18.0077114951087,4.));
#15444=CARTESIAN_POINT('Ctrl Pts',(2.64434911652173,17.9,4.));
#15445=CARTESIAN_POINT('Ctrl Pts',(2.44488291629381,17.9,4.));
#15446=CARTESIAN_POINT('Ctrl Pts',(-2.44488291629382,16.9317541634482,4.75));
#15447=CARTESIAN_POINT('Ctrl Pts',(-2.83748143442524,16.9317541634482,4.75));
#15448=CARTESIAN_POINT('Ctrl Pts',(-3.53531303464073,17.1130962196802,4.8721902424097));
#15449=CARTESIAN_POINT('Ctrl Pts',(-4.02733407369175,17.6408858051094,5.));
#15450=CARTESIAN_POINT('Ctrl Pts',(-4.17693372386269,17.9,5.));
#15451=CARTESIAN_POINT('Ctrl Pts',(-2.44488291629382,17.2545027756321,4.5));
#15452=CARTESIAN_POINT('Ctrl Pts',(-2.77310399512408,17.2545027756321,4.5));
#15453=CARTESIAN_POINT('Ctrl Pts',(-3.35443839804262,17.4113013114897,4.58146016160647));
#15454=CARTESIAN_POINT('Ctrl Pts',(-3.76359221412543,17.8507381709245,4.66666666666667));
#15455=CARTESIAN_POINT('Ctrl Pts',(-3.88825858926788,18.0666666666667,4.66666666666667));
#15456=CARTESIAN_POINT('Ctrl Pts',(-2.44488291629382,17.5772513878161,4.25));
#15457=CARTESIAN_POINT('Ctrl Pts',(-2.70872655582291,17.5772513878161,4.25));
#15458=CARTESIAN_POINT('Ctrl Pts',(-3.17356376144451,17.7095064032992,4.29073008080323));
#15459=CARTESIAN_POINT('Ctrl Pts',(-3.4998503545591,18.0605905367396,4.33333333333333));
#15460=CARTESIAN_POINT('Ctrl Pts',(-3.59958345467307,18.2333333333333,4.33333333333333));
#15461=CARTESIAN_POINT('Ctrl Pts',(-2.44488291629382,17.9,4.));
#15462=CARTESIAN_POINT('Ctrl Pts',(-2.64434911652174,17.9,4.));
#15463=CARTESIAN_POINT('Ctrl Pts',(-2.9926891248464,18.0077114951087,4.));
#15464=CARTESIAN_POINT('Ctrl Pts',(-3.23610849499278,18.2704429025547,4.));
#15465=CARTESIAN_POINT('Ctrl Pts',(-3.31090832007825,18.4,4.));
#15466=CARTESIAN_POINT('Ctrl Pts',(-4.17693372386269,17.9,5.));
#15467=CARTESIAN_POINT('Ctrl Pts',(-4.02733407369175,17.6408858051094,5.));
#15468=CARTESIAN_POINT('Ctrl Pts',(-3.53531303464073,17.1130962196802,4.8721902424097));
#15469=CARTESIAN_POINT('Ctrl Pts',(-2.83748143442524,16.9317541634482,4.75));
#15470=CARTESIAN_POINT('Ctrl Pts',(-2.44488291629382,16.9317541634482,4.75));
#15471=CARTESIAN_POINT('Ctrl Pts',(-2.44488291629382,17.9,4.));
#15472=CARTESIAN_POINT('Ctrl Pts',(-2.64434911652174,17.9,4.));
#15473=CARTESIAN_POINT('Ctrl Pts',(-2.9926891248464,18.0077114951087,4.));
#15474=CARTESIAN_POINT('Ctrl Pts',(-3.23610849499278,18.2704429025547,4.));
#15475=CARTESIAN_POINT('Ctrl Pts',(-3.31090832007825,18.4,4.));
#15476=CARTESIAN_POINT('Origin',(-6.13123367036069,17.9,3.));
#15477=CARTESIAN_POINT('',(-9.36293468146483,17.9,5.));
#15478=CARTESIAN_POINT('',(-6.13123367036069,17.9,5.));
#15479=CARTESIAN_POINT('',(-9.36293468146483,15.9,3.));
#15480=CARTESIAN_POINT('Origin',(-9.36293468146483,17.9,3.));
#15481=CARTESIAN_POINT('',(9.36293468146483,15.9,3.));
#15482=CARTESIAN_POINT('',(-6.13123367036069,15.9,3.));
#15483=CARTESIAN_POINT('',(9.36293468146483,17.9,5.));
#15484=CARTESIAN_POINT('Origin',(9.36293468146483,17.9,3.));
#15485=CARTESIAN_POINT('',(-6.13123367036069,17.9,5.));
#15486=CARTESIAN_POINT('Origin',(0.,21.9953770553548,0.));
#15487=CARTESIAN_POINT('',(-3.04684670127574,19.6985233882425,1.));
#15488=CARTESIAN_POINT('',(-3.04684670127574,19.6985233882425,0.));
#15489=CARTESIAN_POINT('',(-1.20392756996385,21.0878008872295,1.));
#15490=CARTESIAN_POINT('',(-5.28639268950176,18.0102502586591,1.));
#15491=CARTESIAN_POINT('',(-1.20392756996385,21.0878008872295,0.));
#15492=CARTESIAN_POINT('Origin',(-2.44488291629382,18.9,0.));
#15493=CARTESIAN_POINT('',(-2.44488291629382,17.9,1.));
#15494=CARTESIAN_POINT('',(-2.44488291629382,17.9,0.));
#15495=CARTESIAN_POINT('Origin',(-2.44488291629382,18.9,1.));
#15496=CARTESIAN_POINT('Origin',(-5.4326430326212,17.9,0.));
#15497=CARTESIAN_POINT('',(2.44488291629381,17.9,1.));
#15498=CARTESIAN_POINT('',(2.44488291629381,17.9,0.));
#15499=CARTESIAN_POINT('',(-2.7163215163106,17.9,1.));
#15500=CARTESIAN_POINT('Origin',(30.5079673848058,21.1783423976648,4.5));
#15501=CARTESIAN_POINT('',(31.8359891282686,19.6828965615043,4.));
#15502=CARTESIAN_POINT('',(32.5,18.935173643424,5.));
#15503=CARTESIAN_POINT('',(30.6836933188037,19.1860772556417,4.));
#15504=CARTESIAN_POINT('Origin',(30.5079673848058,21.1783423976648,4.));
#15505=CARTESIAN_POINT('',(30.7715562858027,18.1899446846301,5.));
#15506=CARTESIAN_POINT('',(30.6836933188037,19.1860772556417,4.));
#15507=CARTESIAN_POINT('Origin',(30.5079673848058,21.1783423976648,5.));
#15508=CARTESIAN_POINT('Origin',(31.,15.6,4.5));
#15509=CARTESIAN_POINT('',(27.4372134047632,15.0837135709699,4.));
#15510=CARTESIAN_POINT('',(28.4268763478845,15.2271264679227,5.));
#15511=CARTESIAN_POINT('',(27.4372134047632,15.0837135709699,4.));
#15512=CARTESIAN_POINT('Origin',(31.,15.6,5.));
#15513=CARTESIAN_POINT('Origin',(31.,15.6,4.));
#15514=CARTESIAN_POINT('Origin',(26.4475504616418,14.940300674017,4.5));
#15515=CARTESIAN_POINT('',(27.2016997419414,14.2835976490327,4.));
#15516=CARTESIAN_POINT('Origin',(26.4475504616418,14.940300674017,4.));
#15517=CARTESIAN_POINT('',(27.9558490222411,13.6268946240484,5.));
#15518=CARTESIAN_POINT('',(27.2016997419414,14.2835976490327,4.));
#15519=CARTESIAN_POINT('Origin',(26.4475504616418,14.940300674017,5.));
#15520=CARTESIAN_POINT('Origin',(16.845476405642,1.62926523463497,4.5));
#15521=CARTESIAN_POINT('',(27.1843943691212,14.2637243821812,4.));
#15522=CARTESIAN_POINT('',(27.9385436494208,13.6070213571969,5.));
#15523=CARTESIAN_POINT('',(27.1843943691212,14.2637243821812,4.));
#15524=CARTESIAN_POINT('',(17.2225510457918,1.30091372214281,5.));
#15525=CARTESIAN_POINT('',(16.4684017654922,1.95761674712714,4.));
#15526=CARTESIAN_POINT('Origin',(25.676095808522,15.5771304321499,4.5));
#15527=CARTESIAN_POINT('',(23.7181974278886,15.1689222363561,4.));
#15528=CARTESIAN_POINT('Origin',(25.676095808522,15.5771304321499,4.));
#15529=CARTESIAN_POINT('',(22.7392482375719,14.9648181384593,5.));
#15530=CARTESIAN_POINT('',(23.7181974278886,15.1689222363561,4.));
#15531=CARTESIAN_POINT('Origin',(25.676095808522,15.5771304321499,5.));
#15532=CARTESIAN_POINT('Origin',(23.9517716860973,11.5988943022748,4.5));
#15533=CARTESIAN_POINT('',(23.3301201559565,17.0302662027582,4.));
#15534=CARTESIAN_POINT('',(22.3511709656398,16.8261621048614,5.));
#15535=CARTESIAN_POINT('',(23.3301201559565,17.0302662027582,4.));
#15536=CARTESIAN_POINT('',(23.4622970909389,11.4968422533263,5.));
#15537=CARTESIAN_POINT('',(24.4412462812556,11.7009463512232,4.));
#15538=CARTESIAN_POINT('Origin',(25.2880185365898,17.4384743985519,4.5));
#15539=CARTESIAN_POINT('',(23.8102615802773,18.7861517998873,4.));
#15540=CARTESIAN_POINT('Origin',(25.2880185365898,17.4384743985519,4.));
#15541=CARTESIAN_POINT('',(23.0713831021211,19.459990500555,5.));
#15542=CARTESIAN_POINT('',(23.8102615802773,18.7861517998873,4.));
#15543=CARTESIAN_POINT('Origin',(25.2880185365898,17.4384743985519,5.));
#15544=CARTESIAN_POINT('Origin',(16.8778437490355,11.9266254287968,4.5));
#15545=CARTESIAN_POINT('',(28.7928554118302,24.2496719923023,4.));
#15546=CARTESIAN_POINT('',(28.053976933674,24.92351069297,5.));
#15547=CARTESIAN_POINT('',(28.7928554118302,24.2496719923023,4.));
#15548=CARTESIAN_POINT('',(16.5084045099574,12.2635447791306,5.));
#15549=CARTESIAN_POINT('',(17.2472829881137,11.589706078463,4.));
#15550=CARTESIAN_POINT('Origin',(30.2706123681427,22.901994590967,4.5));
#15551=CARTESIAN_POINT('',(30.9702137415777,24.7756428819458,4.));
#15552=CARTESIAN_POINT('',(31.3200144282952,25.7124670274352,5.));
#15553=CARTESIAN_POINT('',(30.9702137415777,24.7756428819458,4.));
#15554=CARTESIAN_POINT('Origin',(30.2706123681427,22.901994590967,5.));
#15555=CARTESIAN_POINT('Origin',(30.2706123681427,22.901994590967,4.));
#15556=CARTESIAN_POINT('Ctrl Pts',(31.8359891282686,19.6828965615043,4.));
#15557=CARTESIAN_POINT('Ctrl Pts',(32.0035858523735,19.8317298313978,4.));
#15558=CARTESIAN_POINT('Ctrl Pts',(32.3358601246683,20.2453207970662,4.));
#15559=CARTESIAN_POINT('Ctrl Pts',(32.4863949688973,20.7598452561536,4.));
#15560=CARTESIAN_POINT('Ctrl Pts',(32.5043533056906,21.0581623040858,4.));
#15561=CARTESIAN_POINT('Ctrl Pts',(32.0573260855124,19.4336555888109,4.33333333333333));
#15562=CARTESIAN_POINT('Ctrl Pts',(32.2528555969681,19.6072944036866,4.33333333333333));
#15563=CARTESIAN_POINT('Ctrl Pts',(32.6411643933757,20.0908193648887,4.29486613799607));
#15564=CARTESIAN_POINT('Ctrl Pts',(32.8066714667256,20.692266126528,4.25388949528363));
#15565=CARTESIAN_POINT('Ctrl Pts',(32.8264099834238,21.0387748693906,4.24957931961157));
#15566=CARTESIAN_POINT('Ctrl Pts',(32.2786630427562,19.1844146161174,4.66666666666667));
#15567=CARTESIAN_POINT('Ctrl Pts',(32.5021253415627,19.3828589759755,4.66666666666667));
#15568=CARTESIAN_POINT('Ctrl Pts',(32.9464686620831,19.9363179327113,4.58973227599214));
#15569=CARTESIAN_POINT('Ctrl Pts',(33.1269479645539,20.6246869969024,4.50777899056725));
#15570=CARTESIAN_POINT('Ctrl Pts',(33.148466661157,21.0193874346953,4.49915863922314));
#15571=CARTESIAN_POINT('Ctrl Pts',(32.5,18.935173643424,5.));
#15572=CARTESIAN_POINT('Ctrl Pts',(32.7513950861574,19.1584235482643,5.));
#15573=CARTESIAN_POINT('Ctrl Pts',(33.2517729307905,19.7818165005339,4.88459841398821));
#15574=CARTESIAN_POINT('Ctrl Pts',(33.4472244623822,20.5571078672768,4.76166848585088));
#15575=CARTESIAN_POINT('Ctrl Pts',(33.4705233388902,21.,4.74873795883471));
#15576=CARTESIAN_POINT('',(32.5000000122556,20.999999998961,4.));
#15577=CARTESIAN_POINT('Ctrl Pts',(33.4705233388902,21.,4.74873795883471));
#15578=CARTESIAN_POINT('Ctrl Pts',(33.1856506877132,20.9917020530545,4.52974930009348));
#15579=CARTESIAN_POINT('Ctrl Pts',(32.9007460916088,20.9907087813338,4.31028444723916));
#15580=CARTESIAN_POINT('Ctrl Pts',(32.6160227077471,20.9970225199072,4.08988336541259));
#15581=CARTESIAN_POINT('Ctrl Pts',(32.5773432346349,20.9978802368888,4.05994203216908));
#15582=CARTESIAN_POINT('Ctrl Pts',(32.5386671243889,20.9988728622918,4.02998347106337));
#15583=CARTESIAN_POINT('Ctrl Pts',(32.4999949299252,21.0000004562047,4.0000065737442));
#15584=CARTESIAN_POINT('Ctrl Pts',(32.4999864950866,21.0000012117675,4.));
#15585=CARTESIAN_POINT('Ctrl Pts',(32.474951250419,20.7217289011061,4.));
#15586=CARTESIAN_POINT('Ctrl Pts',(32.3235075197073,20.2299451684356,4.));
#15587=CARTESIAN_POINT('Ctrl Pts',(32.0035858523735,19.8317298313978,4.));
#15588=CARTESIAN_POINT('Ctrl Pts',(31.8359891282686,19.6828965615043,4.));
#15589=CARTESIAN_POINT('Origin',(22.5,21.,4.375));
#15590=CARTESIAN_POINT('',(33.1537483442925,23.6076930316897,4.74999999999999));
#15591=CARTESIAN_POINT('Origin',(22.5,21.,4.74999999999999));
#15592=CARTESIAN_POINT('',(32.2132654601784,23.3774932387087,4.));
#15593=CARTESIAN_POINT('',(33.1537483442925,23.6076930316897,4.74999999999999));
#15594=CARTESIAN_POINT('Origin',(22.5,21.,4.));
#15595=CARTESIAN_POINT('Ctrl Pts',(32.2132654601784,23.3774932387087,4.));
#15596=CARTESIAN_POINT('Ctrl Pts',(32.1471446621782,23.6476302270956,4.));
#15597=CARTESIAN_POINT('Ctrl Pts',(31.8596852441889,24.2455789006005,4.));
#15598=CARTESIAN_POINT('Ctrl Pts',(31.3176023780744,24.645931468988,4.));
#15599=CARTESIAN_POINT('Ctrl Pts',(30.9702137415777,24.7756428819458,4.));
#15600=CARTESIAN_POINT('Ctrl Pts',(32.5267597548831,23.4542265030357,4.25));
#15601=CARTESIAN_POINT('Ctrl Pts',(32.4499687589873,23.7679566604733,4.25));
#15602=CARTESIAN_POINT('Ctrl Pts',(32.1238917205026,24.466720596112,4.27594356430135));
#15603=CARTESIAN_POINT('Ctrl Pts',(31.4921007130631,24.9365876153248,4.33333333333333));
#15604=CARTESIAN_POINT('Ctrl Pts',(31.0868139704836,25.0879175971089,4.33333333333333));
#15605=CARTESIAN_POINT('Ctrl Pts',(32.8402540495878,23.5309597673627,4.5));
#15606=CARTESIAN_POINT('Ctrl Pts',(32.7527928557965,23.888283093851,4.5));
#15607=CARTESIAN_POINT('Ctrl Pts',(32.3880981968164,24.6878622916235,4.5518871286027));
#15608=CARTESIAN_POINT('Ctrl Pts',(31.6665990480517,25.2272437616617,4.66666666666667));
#15609=CARTESIAN_POINT('Ctrl Pts',(31.2034141993894,25.4001923122721,4.66666666666667));
#15610=CARTESIAN_POINT('Ctrl Pts',(33.1537483442925,23.6076930316897,4.75));
#15611=CARTESIAN_POINT('Ctrl Pts',(33.0556169526056,24.0086095272287,4.75));
#15612=CARTESIAN_POINT('Ctrl Pts',(32.6523046731301,24.9090039871349,4.82783069290405));
#15613=CARTESIAN_POINT('Ctrl Pts',(31.8410973830403,25.5178999079985,5.));
#15614=CARTESIAN_POINT('Ctrl Pts',(31.3200144282952,25.7124670274352,5.));
#15615=CARTESIAN_POINT('Ctrl Pts',(30.9702137415777,24.7756428819458,4.));
#15616=CARTESIAN_POINT('Ctrl Pts',(31.3176023780744,24.645931468988,4.));
#15617=CARTESIAN_POINT('Ctrl Pts',(31.8596852441889,24.2455789006005,4.));
#15618=CARTESIAN_POINT('Ctrl Pts',(32.1471446621782,23.6476302270956,4.));
#15619=CARTESIAN_POINT('Ctrl Pts',(32.2132654601784,23.3774932387087,4.));
#15620=CARTESIAN_POINT('Ctrl Pts',(33.1537483442925,23.6076930316897,4.75));
#15621=CARTESIAN_POINT('Ctrl Pts',(33.0556169526056,24.0086095272287,4.75));
#15622=CARTESIAN_POINT('Ctrl Pts',(32.6523046731301,24.9090039871349,4.82783069290405));
#15623=CARTESIAN_POINT('Ctrl Pts',(31.8410973830403,25.5178999079985,5.));
#15624=CARTESIAN_POINT('Ctrl Pts',(31.3200144282952,25.7124670274352,5.));
#15625=CARTESIAN_POINT('Origin',(22.5,21.,3.));
#15626=CARTESIAN_POINT('',(22.5,33.,3.));
#15627=CARTESIAN_POINT('Origin',(22.5,21.,3.));
#15628=CARTESIAN_POINT('',(22.5,31.,5.));
#15629=CARTESIAN_POINT('Origin',(22.5,31.,3.));
#15630=CARTESIAN_POINT('Origin',(22.5,21.,5.));
#15631=CARTESIAN_POINT('Origin',(23.1214941963276,18.0309037027505,0.));
#15632=CARTESIAN_POINT('',(23.7181974278886,15.1689222363561,1.));
#15633=CARTESIAN_POINT('',(23.7181974278886,15.1689222363561,0.));
#15634=CARTESIAN_POINT('',(23.3301201559565,17.0302662027582,1.));
#15635=CARTESIAN_POINT('',(24.4412462812556,11.7009463512232,1.));
#15636=CARTESIAN_POINT('',(23.3301201559565,17.0302662027582,0.));
#15637=CARTESIAN_POINT('Origin',(25.676095808522,15.5771304321499,0.));
#15638=CARTESIAN_POINT('',(27.1843943691212,14.2637243821812,1.));
#15639=CARTESIAN_POINT('',(27.1843943691212,14.2637243821812,0.));
#15640=CARTESIAN_POINT('Origin',(25.676095808522,15.5771304321499,1.));
#15641=CARTESIAN_POINT('Origin',(24.5400598184496,11.2270047046558,0.));
#15642=CARTESIAN_POINT('',(27.2016997419414,14.2835976490327,1.));
#15643=CARTESIAN_POINT('',(27.2016997419414,14.2835976490327,0.));
#15644=CARTESIAN_POINT('',(16.4684017654922,1.95761674712714,1.));
#15645=CARTESIAN_POINT('Origin',(26.4475504616418,14.940300674017,0.));
#15646=CARTESIAN_POINT('',(27.4372134047632,15.0837135709699,1.));
#15647=CARTESIAN_POINT('',(27.4372134047632,15.0837135709699,0.));
#15648=CARTESIAN_POINT('Origin',(26.4475504616418,14.940300674017,1.));
#15649=CARTESIAN_POINT('Origin',(31.,15.6,0.));
#15650=CARTESIAN_POINT('',(30.6836933188037,19.1860772556417,1.));
#15651=CARTESIAN_POINT('',(30.6836933188037,19.1860772556417,0.));
#15652=CARTESIAN_POINT('Origin',(31.,15.6,1.));
#15653=CARTESIAN_POINT('Origin',(19.,28.,4.5));
#15654=CARTESIAN_POINT('',(14.3498836307751,24.2083753148991,4.));
#15655=CARTESIAN_POINT('',(15.1249030256459,24.8403127624159,5.));
#15656=CARTESIAN_POINT('',(14.3498836307751,24.2083753148991,4.));
#15657=CARTESIAN_POINT('',(14.9478094069899,25.0708787328074,5.));
#15658=CARTESIAN_POINT('Origin',(19.,28.,5.));
#15659=CARTESIAN_POINT('',(14.1373712883878,24.4850544793689,4.));
#15660=CARTESIAN_POINT('',(14.9478094069899,25.0708787328074,5.));
#15661=CARTESIAN_POINT('Origin',(19.,28.,4.));
#15662=CARTESIAN_POINT('Origin',(12.7998448410335,22.9445004198654,4.5));
#15663=CARTESIAN_POINT('',(14.6694120022088,22.2340648986147,4.));
#15664=CARTESIAN_POINT('Origin',(12.7998448410335,22.9445004198654,4.));
#15665=CARTESIAN_POINT('',(15.6041955827965,21.8788471379894,5.));
#15666=CARTESIAN_POINT('',(14.6694120022088,22.2340648986147,4.));
#15667=CARTESIAN_POINT('Origin',(12.7998448410335,22.9445004198654,5.));
#15668=CARTESIAN_POINT('Origin',(9.69641091184404,7.7396326482302,4.5));
#15669=CARTESIAN_POINT('',(13.7583393181071,19.836505203624,4.));
#15670=CARTESIAN_POINT('',(14.6931228986948,19.4812874429986,5.));
#15671=CARTESIAN_POINT('',(13.7583393181071,19.836505203624,4.));
#15672=CARTESIAN_POINT('',(10.1638027021379,7.56202376791752,5.));
#15673=CARTESIAN_POINT('',(9.22901912155021,7.91724152854288,4.));
#15674=CARTESIAN_POINT('Origin',(11.8887721569318,20.5469407248747,4.5));
#15675=CARTESIAN_POINT('',(10.684844586962,18.9498939483942,4.));
#15676=CARTESIAN_POINT('Origin',(11.8887721569318,20.5469407248747,4.));
#15677=CARTESIAN_POINT('',(10.0828808019772,18.1513705601539,5.));
#15678=CARTESIAN_POINT('',(10.684844586962,18.9498939483942,4.));
#15679=CARTESIAN_POINT('Origin',(11.8887721569318,20.5469407248747,5.));
#15680=CARTESIAN_POINT('Origin',(7.85056787120703,20.4603468133608,4.5));
#15681=CARTESIAN_POINT('',(8.09405167099558,20.9029532235195,4.));
#15682=CARTESIAN_POINT('',(7.49208788601073,20.1044298352792,5.));
#15683=CARTESIAN_POINT('',(8.09405167099558,20.9029532235195,4.));
#15684=CARTESIAN_POINT('',(7.5495859787146,20.0610851192407,5.));
#15685=CARTESIAN_POINT('',(8.15154976369946,20.8596085074809,4.));
#15686=CARTESIAN_POINT('Origin',(9.2979792409653,22.5,4.5));
#15687=CARTESIAN_POINT('',(7.80726725596544,23.8333333333333,4.));
#15688=CARTESIAN_POINT('',(7.06191126346551,24.5,5.));
#15689=CARTESIAN_POINT('',(7.80726725596544,23.8333333333333,4.));
#15690=CARTESIAN_POINT('Origin',(9.2979792409653,22.5,5.));
#15691=CARTESIAN_POINT('Origin',(9.2979792409653,22.5,4.));
#15692=CARTESIAN_POINT('Origin',(12.5164950511838,23.3134059724918,4.5));
#15693=CARTESIAN_POINT('',(12.8380988732589,26.2961179903753,5.));
#15694=CARTESIAN_POINT('',(12.7308975992339,25.3018806510808,4.));
#15695=CARTESIAN_POINT('',(12.8380988732589,26.2961179903753,5.));
#15696=CARTESIAN_POINT('Origin',(12.5164950511838,23.3134059724918,4.));
#15697=CARTESIAN_POINT('Origin',(12.5164950511838,23.3134059724918,5.));
#15698=CARTESIAN_POINT('Origin',(4.75,24.9841229182759,4.375));
#15699=CARTESIAN_POINT('',(9.4999999999709,24.5,4.));
#15700=CARTESIAN_POINT('',(9.5,25.4682458365519,4.75));
#15701=CARTESIAN_POINT('',(9.4999999999709,24.5,4.));
#15702=CARTESIAN_POINT('',(9.2979792409653,25.4682458365519,4.75));
#15703=CARTESIAN_POINT('',(4.75,25.4682458365519,4.75));
#15704=CARTESIAN_POINT('',(9.2979792409653,24.5,4.));
#15705=CARTESIAN_POINT('',(9.2979792409653,25.4682458365519,4.75));
#15706=CARTESIAN_POINT('',(4.75,24.5,4.));
#15707=CARTESIAN_POINT('Origin',(9.5,28.5,4.375));
#15708=CARTESIAN_POINT('',(11.5109967007892,25.0422706483279,4.));
#15709=CARTESIAN_POINT('',(11.0242119050745,25.8792536604978,4.75));
#15710=CARTESIAN_POINT('',(11.5109967007892,25.0422706483279,4.));
#15711=CARTESIAN_POINT('Origin',(9.5,28.5,4.75));
#15712=CARTESIAN_POINT('Origin',(9.5,28.5,4.));
#15713=CARTESIAN_POINT('Ctrl Pts',(7.06191126346551,24.5,5.));
#15714=CARTESIAN_POINT('Ctrl Pts',(7.30221659791349,24.7686695315908,5.));
#15715=CARTESIAN_POINT('Ctrl Pts',(7.98161638913313,25.2946644112015,4.8676243948348));
#15716=CARTESIAN_POINT('Ctrl Pts',(8.82245570198102,25.4682458365519,4.75));
#15717=CARTESIAN_POINT('Ctrl Pts',(9.2979792409653,25.4682458365519,4.75));
#15718=CARTESIAN_POINT('Ctrl Pts',(7.31036326096549,24.2777777777778,4.66666666666667));
#15719=CARTESIAN_POINT('Ctrl Pts',(7.52396800269703,24.5165951391918,4.66666666666667));
#15720=CARTESIAN_POINT('Ctrl Pts',(8.12686477329356,24.9839361842338,4.5784162632232));
#15721=CARTESIAN_POINT('Ctrl Pts',(8.87416117744335,25.1454972243679,4.5));
#15722=CARTESIAN_POINT('Ctrl Pts',(9.2979792409653,25.1454972243679,4.5));
#15723=CARTESIAN_POINT('Ctrl Pts',(7.55881525846547,24.0555555555556,4.33333333333333));
#15724=CARTESIAN_POINT('Ctrl Pts',(7.74571940748056,24.2645207467928,4.33333333333333));
#15725=CARTESIAN_POINT('Ctrl Pts',(8.27211315745398,24.6732079572661,4.2892081316116));
#15726=CARTESIAN_POINT('Ctrl Pts',(8.92586665290567,24.822748612184,4.25));
#15727=CARTESIAN_POINT('Ctrl Pts',(9.2979792409653,24.822748612184,4.25));
#15728=CARTESIAN_POINT('Ctrl Pts',(7.80726725596544,23.8333333333333,4.));
#15729=CARTESIAN_POINT('Ctrl Pts',(7.9674708122641,24.0124463543938,4.));
#15730=CARTESIAN_POINT('Ctrl Pts',(8.4173615416144,24.3624797302983,4.));
#15731=CARTESIAN_POINT('Ctrl Pts',(8.977572128368,24.5,4.));
#15732=CARTESIAN_POINT('Ctrl Pts',(9.2979792409653,24.5,4.));
#15733=CARTESIAN_POINT('Ctrl Pts',(9.2979792409653,25.4682458365519,4.75));
#15734=CARTESIAN_POINT('Ctrl Pts',(8.82245570198102,25.4682458365519,4.75));
#15735=CARTESIAN_POINT('Ctrl Pts',(7.98161638913313,25.2946644112015,4.8676243948348));
#15736=CARTESIAN_POINT('Ctrl Pts',(7.30221659791349,24.7686695315908,5.));
#15737=CARTESIAN_POINT('Ctrl Pts',(7.06191126346551,24.5,5.));
#15738=CARTESIAN_POINT('Ctrl Pts',(7.80726725596544,23.8333333333333,4.));
#15739=CARTESIAN_POINT('Ctrl Pts',(7.9674708122641,24.0124463543938,4.));
#15740=CARTESIAN_POINT('Ctrl Pts',(8.4173615416144,24.3624797302983,4.));
#15741=CARTESIAN_POINT('Ctrl Pts',(8.977572128368,24.5,4.));
#15742=CARTESIAN_POINT('Ctrl Pts',(9.2979792409653,24.5,4.));
#15743=CARTESIAN_POINT('Ctrl Pts',(11.0242119050745,25.8792536604978,4.75));
#15744=CARTESIAN_POINT('Ctrl Pts',(11.2566717824673,26.0144510686687,4.75));
#15745=CARTESIAN_POINT('Ctrl Pts',(11.8325331810868,26.2831827015338,4.84799438600264));
#15746=CARTESIAN_POINT('Ctrl Pts',(12.4777964421021,26.3349667422053,5.));
#15747=CARTESIAN_POINT('Ctrl Pts',(12.8380988732589,26.2961179903753,5.));
#15748=CARTESIAN_POINT('Ctrl Pts',(11.1864735036461,25.6002593231078,4.5));
#15749=CARTESIAN_POINT('Ctrl Pts',(11.3936571381168,25.7207562050216,4.5));
#15750=CARTESIAN_POINT('Ctrl Pts',(11.9090744502576,25.9541281835555,4.56532959066843));
#15751=CARTESIAN_POINT('Ctrl Pts',(12.4820962875556,25.9992377677927,4.66666666666667));
#15752=CARTESIAN_POINT('Ctrl Pts',(12.8023651152506,25.9647055439438,4.66666666666667));
#15753=CARTESIAN_POINT('Ctrl Pts',(11.3487351022176,25.3212649857178,4.25));
#15754=CARTESIAN_POINT('Ctrl Pts',(11.5306424937663,25.4270613413744,4.25));
#15755=CARTESIAN_POINT('Ctrl Pts',(11.9856157194284,25.6250736655773,4.28266479533421));
#15756=CARTESIAN_POINT('Ctrl Pts',(12.4863961330091,25.6635087933801,4.33333333333333));
#15757=CARTESIAN_POINT('Ctrl Pts',(12.7666313572422,25.6332930975123,4.33333333333333));
#15758=CARTESIAN_POINT('Ctrl Pts',(11.5109967007892,25.0422706483279,4.));
#15759=CARTESIAN_POINT('Ctrl Pts',(11.6676278494159,25.1333664777272,4.));
#15760=CARTESIAN_POINT('Ctrl Pts',(12.0621569885992,25.296019147599,4.));
#15761=CARTESIAN_POINT('Ctrl Pts',(12.4906959784627,25.3277798189674,4.));
#15762=CARTESIAN_POINT('Ctrl Pts',(12.7308975992339,25.3018806510808,4.));
#15763=CARTESIAN_POINT('Ctrl Pts',(12.8380988732589,26.2961179903753,5.));
#15764=CARTESIAN_POINT('Ctrl Pts',(12.4777964421021,26.3349667422053,5.));
#15765=CARTESIAN_POINT('Ctrl Pts',(11.8325331810868,26.2831827015338,4.84799438600264));
#15766=CARTESIAN_POINT('Ctrl Pts',(11.2566717824673,26.0144510686687,4.75));
#15767=CARTESIAN_POINT('Ctrl Pts',(11.0242119050745,25.8792536604978,4.75));
#15768=CARTESIAN_POINT('Ctrl Pts',(11.5109967007892,25.0422706483279,4.));
#15769=CARTESIAN_POINT('Ctrl Pts',(11.6676278494159,25.1333664777272,4.));
#15770=CARTESIAN_POINT('Ctrl Pts',(12.0621569885992,25.296019147599,4.));
#15771=CARTESIAN_POINT('Ctrl Pts',(12.4906959784627,25.3277798189674,4.));
#15772=CARTESIAN_POINT('Ctrl Pts',(12.7308975992339,25.3018806510808,4.));
#15773=CARTESIAN_POINT('Origin',(12.7998448410335,22.9445004198654,0.));
#15774=CARTESIAN_POINT('',(14.3498836307751,24.2083753148991,1.));
#15775=CARTESIAN_POINT('',(14.3498836307751,24.2083753148991,0.));
#15776=CARTESIAN_POINT('',(14.6694120022088,22.2340648986147,1.));
#15777=CARTESIAN_POINT('Origin',(12.7998448410335,22.9445004198654,1.));
#15778=CARTESIAN_POINT('',(14.6694120022088,22.2340648986147,0.));
#15779=CARTESIAN_POINT('Origin',(19.,28.,0.));
#15780=CARTESIAN_POINT('',(14.1373712883878,24.4850544793689,1.));
#15781=CARTESIAN_POINT('',(14.1373712883878,24.4850544793689,0.));
#15782=CARTESIAN_POINT('Origin',(19.,28.,1.));
#15783=CARTESIAN_POINT('Origin',(12.5164950511838,23.3134059724918,0.));
#15784=CARTESIAN_POINT('',(11.5109967007892,25.0422706483279,1.));
#15785=CARTESIAN_POINT('',(11.5109967007892,25.0422706483279,0.));
#15786=CARTESIAN_POINT('Origin',(12.5164950511838,23.3134059724918,1.));
#15787=CARTESIAN_POINT('Origin',(9.5,28.5,0.));
#15788=CARTESIAN_POINT('',(9.4999999999709,24.5,1.));
#15789=CARTESIAN_POINT('',(9.4999999999709,24.5,0.));
#15790=CARTESIAN_POINT('Origin',(9.5,28.5,1.));
#15791=CARTESIAN_POINT('Origin',(9.4999999999709,24.5,0.));
#15792=CARTESIAN_POINT('',(9.2979792409653,24.5,1.));
#15793=CARTESIAN_POINT('',(9.2979792409653,24.5,0.));
#15794=CARTESIAN_POINT('',(4.74999999998545,24.5,1.));
#15795=CARTESIAN_POINT('Origin',(2.22044604925031E-15,6.66133814775094E-15,
5.));
#15796=CARTESIAN_POINT('Origin',(31.,15.6,5.));
#15797=CARTESIAN_POINT('',(13.5,31.,5.));
#15798=CARTESIAN_POINT('',(11.25,31.,5.));
#15799=CARTESIAN_POINT('',(13.5,28.5,5.));
#15800=CARTESIAN_POINT('',(13.5,15.5,5.));
#15801=CARTESIAN_POINT('Origin',(9.5,28.5,5.));
#15802=CARTESIAN_POINT('',(-7.06191126324437,24.5,5.));
#15803=CARTESIAN_POINT('',(4.75,24.5,5.));
#15804=CARTESIAN_POINT('',(-7.49208788579952,20.1044298352717,5.));
#15805=CARTESIAN_POINT('Origin',(-9.29797924074416,22.5,5.));
#15806=CARTESIAN_POINT('',(-10.0828808019429,18.15137056003,5.));
#15807=CARTESIAN_POINT('',(-11.9271369989373,16.7610851192221,5.));
#15808=CARTESIAN_POINT('',(-14.6931228986505,19.4812874428821,5.));
#15809=CARTESIAN_POINT('Origin',(-11.8887721568875,20.5469407247582,5.));
#15810=CARTESIAN_POINT('',(-15.6041955827965,21.8788471379894,5.));
#15811=CARTESIAN_POINT('',(-11.213077901843,10.3232742934413,5.));
#15812=CARTESIAN_POINT('',(-15.1249030256459,24.8403127624159,5.));
#15813=CARTESIAN_POINT('Origin',(-12.7998448410335,22.9445004198654,5.));
#15814=CARTESIAN_POINT('',(-14.9478094069899,25.0708787328074,5.));
#15815=CARTESIAN_POINT('Origin',(-19.,28.,5.));
#15816=CARTESIAN_POINT('',(-12.8380988732589,26.2961179903753,5.));
#15817=CARTESIAN_POINT('Origin',(-12.5164950511838,23.3134059724918,5.));
#15818=CARTESIAN_POINT('',(-13.5,28.5,5.));
#15819=CARTESIAN_POINT('Origin',(-9.5,28.5,5.));
#15820=CARTESIAN_POINT('',(-13.5,31.,5.));
#15821=CARTESIAN_POINT('',(-13.5,14.25,5.));
#15822=CARTESIAN_POINT('',(-22.5,31.,5.));
#15823=CARTESIAN_POINT('',(-6.75,31.,5.));
#15824=CARTESIAN_POINT('',(-31.3200144574995,25.7124669727756,5.));
#15825=CARTESIAN_POINT('Origin',(-22.5,21.,5.));
#15826=CARTESIAN_POINT('',(-28.053976920609,24.9235106175629,5.));
#15827=CARTESIAN_POINT('Origin',(-30.2706123799298,22.9019945428107,5.));
#15828=CARTESIAN_POINT('',(-23.071383110694,19.4599903139692,5.));
#15829=CARTESIAN_POINT('',(-12.6447018876218,8.02691213529105,5.));
#15830=CARTESIAN_POINT('',(-22.3511709990622,16.8261619455389,5.));
#15831=CARTESIAN_POINT('Origin',(-25.2880185700149,17.4384742392169,5.));
#15832=CARTESIAN_POINT('',(-22.73924823773,14.9648181386433,5.));
#15833=CARTESIAN_POINT('',(-24.1715799021584,8.09489275431525,5.));
#15834=CARTESIAN_POINT('',(-27.9385436495864,13.6070213573739,5.));
#15835=CARTESIAN_POINT('Origin',(-25.6760958086827,15.5771304323214,5.));
#15836=CARTESIAN_POINT('',(-27.9558490222459,13.6268946240409,5.));
#15837=CARTESIAN_POINT('',(-18.7155087665689,3.01540710463599,5.));
#15838=CARTESIAN_POINT('',(-28.4268763478854,15.2271264679164,5.));
#15839=CARTESIAN_POINT('Origin',(-26.4475504616434,14.9403006740059,5.));
#15840=CARTESIAN_POINT('',(-30.766943228441,18.1895336532338,5.));
#15841=CARTESIAN_POINT('Origin',(-31.,15.6,5.));
#15842=CARTESIAN_POINT('Origin',(-30.4980315689498,21.1774570992728,5.));
#15843=CARTESIAN_POINT('',(-29.4,15.6,5.));
#15844=CARTESIAN_POINT('Origin',(-31.,15.6,5.));
#15845=CARTESIAN_POINT('Origin',(-31.,15.6,5.));
#15846=CARTESIAN_POINT('',(-18.5138305360536,-11.,5.));
#15847=CARTESIAN_POINT('',(7.225,-11.,5.));
#15848=CARTESIAN_POINT('',(-18.4493190918526,-11.0009076629486,5.));
#15849=CARTESIAN_POINT('Ctrl Pts',(-18.5138305360536,-11.,5.));
#15850=CARTESIAN_POINT('Ctrl Pts',(-18.4923578429826,-11.,5.));
#15851=CARTESIAN_POINT('Ctrl Pts',(-18.4708498100564,-11.0003099800425,
4.99999483336681));
#15852=CARTESIAN_POINT('Ctrl Pts',(-18.4493186930029,-11.000914690085,4.99998689767556));
#15853=CARTESIAN_POINT('',(-19.45,-8.,5.));
#15854=CARTESIAN_POINT('Origin',(-14.45,-7.99999999999999,5.));
#15855=CARTESIAN_POINT('',(-19.45,10.0287754775089,5.));
#15856=CARTESIAN_POINT('',(-19.45,-4.,5.));
#15857=CARTESIAN_POINT('',(-13.6456492582324,11.0944287593729,5.));
#15858=CARTESIAN_POINT('Origin',(-16.45,10.0287754775089,5.));
#15859=CARTESIAN_POINT('',(-6.03471457683399,-8.93434671813601,5.));
#15860=CARTESIAN_POINT('',(-11.8313475376713,6.31995054733549,5.));
#15861=CARTESIAN_POINT('',(-6.60299734110181,-12.,5.));
#15862=CARTESIAN_POINT('Origin',(-8.83906531860159,-10.,5.));
#15863=CARTESIAN_POINT('',(-3.74503629655031,-12.,5.));
#15864=CARTESIAN_POINT('',(-8.08876775084043E-15,-12.,5.));
#15865=CARTESIAN_POINT('',(-4.02006900376324,-11.4208710425014,5.));
#15866=CARTESIAN_POINT('Origin',(-0.280934681412557,-9.99999999999999,5.));
#15867=CARTESIAN_POINT('',(-13.1020690038155,12.4791289574986,5.));
#15868=CARTESIAN_POINT('',(-5.41758628269285,-7.74319399270784,5.));
#15869=CARTESIAN_POINT('Origin',(-9.36293468146483,13.9,5.));
#15870=CARTESIAN_POINT('',(13.1020690038155,12.4791289574986,5.));
#15871=CARTESIAN_POINT('Origin',(9.36293468146483,13.9,5.));
#15872=CARTESIAN_POINT('',(4.02006900376324,-11.4208710425014,5.));
#15873=CARTESIAN_POINT('',(10.7185862827234,6.20680600729216,5.));
#15874=CARTESIAN_POINT('',(3.74503629655031,-12.,5.));
#15875=CARTESIAN_POINT('Origin',(0.280934681412558,-9.99999999999999,5.));
#15876=CARTESIAN_POINT('',(6.60299734115027,-12.,5.));
#15877=CARTESIAN_POINT('',(-8.08876775084043E-15,-12.,5.));
#15878=CARTESIAN_POINT('',(6.03471457688122,-8.93434671813925,5.));
#15879=CARTESIAN_POINT('Origin',(8.83906531865005,-10.,5.));
#15880=CARTESIAN_POINT('',(13.6456492582312,11.0944287593119,5.));
#15881=CARTESIAN_POINT('',(6.62233536157194,-7.38797623209448,5.));
#15882=CARTESIAN_POINT('',(19.45,10.0287754774512,5.));
#15883=CARTESIAN_POINT('Origin',(16.45,10.0287754774512,5.));
#15884=CARTESIAN_POINT('',(19.45,-8.,5.));
#15885=CARTESIAN_POINT('',(19.45,5.95000000000001,5.));
#15886=CARTESIAN_POINT('',(18.4493190918526,-11.0009076629486,5.));
#15887=CARTESIAN_POINT('Origin',(14.45,-7.99999999999999,5.));
#15888=CARTESIAN_POINT('',(18.5138305360535,-11.,5.));
#15889=CARTESIAN_POINT('Ctrl Pts',(18.4493186930029,-11.000914690085,4.99998689767555));
#15890=CARTESIAN_POINT('Ctrl Pts',(18.4709152586829,-11.0003149619276,5.00000189705041));
#15891=CARTESIAN_POINT('Ctrl Pts',(18.4924290919524,-11.,5.));
#15892=CARTESIAN_POINT('Ctrl Pts',(18.5138305360535,-11.,5.));
#15893=CARTESIAN_POINT('',(7.225,-11.,5.));
#15894=CARTESIAN_POINT('',(-20.5,28.,5.));
#15895=CARTESIAN_POINT('Origin',(-19.,28.,5.));
#15896=CARTESIAN_POINT('',(17.5,28.,5.));
#15897=CARTESIAN_POINT('Origin',(19.,28.,5.));
#15898=CARTESIAN_POINT('Origin',(4.75,24.5,3.));
#15899=CARTESIAN_POINT('',(9.5,26.5,3.));
#15900=CARTESIAN_POINT('Origin',(9.5,24.5,3.));
#15901=CARTESIAN_POINT('',(-9.5,26.5,3.));
#15902=CARTESIAN_POINT('',(4.75,26.5,3.));
#15903=CARTESIAN_POINT('',(-9.5,25.4682458365519,4.75));
#15904=CARTESIAN_POINT('Origin',(-9.5,24.5,3.));
#15905=CARTESIAN_POINT('',(-9.29797924074416,25.4682458365519,4.75));
#15906=CARTESIAN_POINT('',(4.75,25.4682458365519,4.75));
#15907=CARTESIAN_POINT('Ctrl Pts',(-7.06191126324437,24.5,5.));
#15908=CARTESIAN_POINT('Ctrl Pts',(-7.30221659769235,24.7686695315908,5.));
#15909=CARTESIAN_POINT('Ctrl Pts',(-7.98161638891199,25.2946644112015,4.8676243948348));
#15910=CARTESIAN_POINT('Ctrl Pts',(-8.82245570175988,25.4682458365519,4.75));
#15911=CARTESIAN_POINT('Ctrl Pts',(-9.29797924074416,25.4682458365519,4.75));
#15912=CARTESIAN_POINT('Origin',(-12.7998448410335,22.9445004198654,4.5));
#15913=CARTESIAN_POINT('',(-14.6694120022088,22.2340648986147,4.));
#15914=CARTESIAN_POINT('',(-15.6041955827965,21.8788471379894,5.));
#15915=CARTESIAN_POINT('',(-14.3498836307751,24.2083753148991,4.));
#15916=CARTESIAN_POINT('Origin',(-12.7998448410335,22.9445004198654,4.));
#15917=CARTESIAN_POINT('',(-14.3498836307751,24.2083753148991,4.));
#15918=CARTESIAN_POINT('Origin',(-10.7456861115491,10.500883173754,4.5));
#15919=CARTESIAN_POINT('',(-13.7583393180628,19.8365052035075,4.));
#15920=CARTESIAN_POINT('',(-14.6931228986505,19.4812874428821,5.));
#15921=CARTESIAN_POINT('',(-10.2782943212553,10.6784920540667,4.));
#15922=CARTESIAN_POINT('Origin',(-11.8887721568875,20.5469407247582,4.5));
#15923=CARTESIAN_POINT('',(-10.6848445869244,18.9498939482727,4.));
#15924=CARTESIAN_POINT('',(-10.0828808019429,18.15137056003,5.));
#15925=CARTESIAN_POINT('Origin',(-11.8887721568875,20.5469407247582,4.));
#15926=CARTESIAN_POINT('Origin',(-12.2281188914281,17.1603468133435,4.5));
#15927=CARTESIAN_POINT('',(-8.09405167078107,20.9029532235145,4.));
#15928=CARTESIAN_POINT('',(-7.49208788579952,20.1044298352717,5.));
#15929=CARTESIAN_POINT('',(-12.5291007839189,17.5596085074648,4.));
#15930=CARTESIAN_POINT('Origin',(-9.29797924074416,22.5,4.5));
#15931=CARTESIAN_POINT('',(-7.8072672557443,23.8333333333333,4.));
#15932=CARTESIAN_POINT('',(-7.06191126324437,24.5,5.));
#15933=CARTESIAN_POINT('Origin',(-9.29797924074416,22.5,4.));
#15934=CARTESIAN_POINT('Origin',(-12.5164950511838,23.3134059724918,4.5));
#15935=CARTESIAN_POINT('',(-12.7308975992339,25.3018806510808,4.));
#15936=CARTESIAN_POINT('',(-12.7308975992339,25.3018806510808,4.));
#15937=CARTESIAN_POINT('',(-14.1373712883878,24.4850544793689,4.));
#15938=CARTESIAN_POINT('',(-14.9478094069899,25.0708787328074,5.));
#15939=CARTESIAN_POINT('Origin',(-12.5164950511838,23.3134059724918,4.));
#15940=CARTESIAN_POINT('Origin',(-19.,28.,4.5));
#15941=CARTESIAN_POINT('Origin',(-19.,28.,4.));
#15942=CARTESIAN_POINT('Origin',(4.75,24.9841229182759,4.375));
#15943=CARTESIAN_POINT('',(-9.29797924074416,24.5,4.));
#15944=CARTESIAN_POINT('',(-9.29797924074416,24.5,4.));
#15945=CARTESIAN_POINT('',(-9.4999999999709,24.5,4.));
#15946=CARTESIAN_POINT('',(-9.5,25.4682458365519,4.75));
#15947=CARTESIAN_POINT('',(4.75,24.5,4.));
#15948=CARTESIAN_POINT('Origin',(-9.5,28.5,4.375));
#15949=CARTESIAN_POINT('',(-11.0242119050745,25.8792536604978,4.75));
#15950=CARTESIAN_POINT('Origin',(-9.5,28.5,4.75));
#15951=CARTESIAN_POINT('',(-11.5109967007892,25.0422706483279,4.));
#15952=CARTESIAN_POINT('',(-11.0242119050745,25.8792536604978,4.75));
#15953=CARTESIAN_POINT('Origin',(-9.5,28.5,4.));
#15954=CARTESIAN_POINT('Ctrl Pts',(-7.8072672557443,23.8333333333333,4.));
#15955=CARTESIAN_POINT('Ctrl Pts',(-7.96747081204295,24.0124463543938,4.));
#15956=CARTESIAN_POINT('Ctrl Pts',(-8.41736154139326,24.3624797302983,4.));
#15957=CARTESIAN_POINT('Ctrl Pts',(-8.97757212814685,24.5,4.));
#15958=CARTESIAN_POINT('Ctrl Pts',(-9.29797924074416,24.5,4.));
#15959=CARTESIAN_POINT('Ctrl Pts',(-7.55881525824432,24.0555555555556,4.33333333333333));
#15960=CARTESIAN_POINT('Ctrl Pts',(-7.74571940725942,24.2645207467928,4.33333333333333));
#15961=CARTESIAN_POINT('Ctrl Pts',(-8.27211315723284,24.673207957266,4.2892081316116));
#15962=CARTESIAN_POINT('Ctrl Pts',(-8.92586665268453,24.822748612184,4.25));
#15963=CARTESIAN_POINT('Ctrl Pts',(-9.29797924074416,24.822748612184,4.25));
#15964=CARTESIAN_POINT('Ctrl Pts',(-7.31036326074434,24.2777777777778,4.66666666666667));
#15965=CARTESIAN_POINT('Ctrl Pts',(-7.52396800247588,24.5165951391918,4.66666666666667));
#15966=CARTESIAN_POINT('Ctrl Pts',(-8.12686477307241,24.9839361842338,4.5784162632232));
#15967=CARTESIAN_POINT('Ctrl Pts',(-8.8741611772222,25.1454972243679,4.5));
#15968=CARTESIAN_POINT('Ctrl Pts',(-9.29797924074416,25.1454972243679,4.5));
#15969=CARTESIAN_POINT('Ctrl Pts',(-7.06191126324437,24.5,5.));
#15970=CARTESIAN_POINT('Ctrl Pts',(-7.30221659769235,24.7686695315908,5.));
#15971=CARTESIAN_POINT('Ctrl Pts',(-7.98161638891199,25.2946644112015,4.8676243948348));
#15972=CARTESIAN_POINT('Ctrl Pts',(-8.82245570175988,25.4682458365519,4.75));
#15973=CARTESIAN_POINT('Ctrl Pts',(-9.29797924074416,25.4682458365519,4.75));
#15974=CARTESIAN_POINT('Ctrl Pts',(-9.29797924074416,24.5,4.));
#15975=CARTESIAN_POINT('Ctrl Pts',(-8.97757212814685,24.5,4.));
#15976=CARTESIAN_POINT('Ctrl Pts',(-8.41736154139326,24.3624797302983,4.));
#15977=CARTESIAN_POINT('Ctrl Pts',(-7.96747081204295,24.0124463543938,4.));
#15978=CARTESIAN_POINT('Ctrl Pts',(-7.8072672557443,23.8333333333333,4.));
#15979=CARTESIAN_POINT('Ctrl Pts',(-11.5109967007892,25.0422706483279,4.));
#15980=CARTESIAN_POINT('Ctrl Pts',(-11.6676278494159,25.1333664777272,4.));
#15981=CARTESIAN_POINT('Ctrl Pts',(-12.0621569885992,25.296019147599,4.));
#15982=CARTESIAN_POINT('Ctrl Pts',(-12.4906959784627,25.3277798189675,4.));
#15983=CARTESIAN_POINT('Ctrl Pts',(-12.7308975992339,25.3018806510808,4.));
#15984=CARTESIAN_POINT('Ctrl Pts',(-11.3487351022176,25.3212649857178,4.25));
#15985=CARTESIAN_POINT('Ctrl Pts',(-11.5306424937663,25.4270613413744,4.25));
#15986=CARTESIAN_POINT('Ctrl Pts',(-11.9856157194284,25.6250736655773,4.28266479533421));
#15987=CARTESIAN_POINT('Ctrl Pts',(-12.4863961330091,25.6635087933801,4.33333333333333));
#15988=CARTESIAN_POINT('Ctrl Pts',(-12.7666313572422,25.6332930975123,4.33333333333333));
#15989=CARTESIAN_POINT('Ctrl Pts',(-11.1864735036461,25.6002593231078,4.5));
#15990=CARTESIAN_POINT('Ctrl Pts',(-11.3936571381168,25.7207562050216,4.5));
#15991=CARTESIAN_POINT('Ctrl Pts',(-11.9090744502576,25.9541281835555,4.56532959066842));
#15992=CARTESIAN_POINT('Ctrl Pts',(-12.4820962875556,25.9992377677927,4.66666666666667));
#15993=CARTESIAN_POINT('Ctrl Pts',(-12.8023651152506,25.9647055439438,4.66666666666667));
#15994=CARTESIAN_POINT('Ctrl Pts',(-11.0242119050745,25.8792536604978,4.75));
#15995=CARTESIAN_POINT('Ctrl Pts',(-11.2566717824672,26.0144510686687,4.75));
#15996=CARTESIAN_POINT('Ctrl Pts',(-11.8325331810868,26.2831827015338,4.84799438600264));
#15997=CARTESIAN_POINT('Ctrl Pts',(-12.4777964421021,26.3349667422053,5.));
#15998=CARTESIAN_POINT('Ctrl Pts',(-12.8380988732589,26.2961179903753,5.));
#15999=CARTESIAN_POINT('Ctrl Pts',(-12.7308975992339,25.3018806510808,4.));
#16000=CARTESIAN_POINT('Ctrl Pts',(-12.4906959784627,25.3277798189675,4.));
#16001=CARTESIAN_POINT('Ctrl Pts',(-12.0621569885992,25.296019147599,4.));
#16002=CARTESIAN_POINT('Ctrl Pts',(-11.6676278494159,25.1333664777272,4.));
#16003=CARTESIAN_POINT('Ctrl Pts',(-11.5109967007892,25.0422706483279,4.));
#16004=CARTESIAN_POINT('Ctrl Pts',(-11.0242119050745,25.8792536604978,4.75));
#16005=CARTESIAN_POINT('Ctrl Pts',(-11.2566717824672,26.0144510686687,4.75));
#16006=CARTESIAN_POINT('Ctrl Pts',(-11.8325331810868,26.2831827015338,4.84799438600264));
#16007=CARTESIAN_POINT('Ctrl Pts',(-12.4777964421021,26.3349667422053,5.));
#16008=CARTESIAN_POINT('Ctrl Pts',(-12.8380988732589,26.2961179903753,5.));
#16009=CARTESIAN_POINT('Origin',(-15.1210177401359,23.4225010510477,0.));
#16010=CARTESIAN_POINT('',(-13.7583393180628,19.8365052035075,1.));
#16011=CARTESIAN_POINT('',(-13.7583393180628,19.8365052035075,0.));
#16012=CARTESIAN_POINT('',(-14.6694120022088,22.2340648986147,1.));
#16013=CARTESIAN_POINT('',(-10.2782943212553,10.6784920540667,1.));
#16014=CARTESIAN_POINT('',(-14.6694120022088,22.2340648986147,0.));
#16015=CARTESIAN_POINT('Origin',(-11.8887721568875,20.5469407247582,0.));
#16016=CARTESIAN_POINT('',(-10.6848445869244,18.9498939482727,1.));
#16017=CARTESIAN_POINT('',(-10.6848445869244,18.9498939482727,0.));
#16018=CARTESIAN_POINT('Origin',(-11.8887721568875,20.5469407247582,1.));
#16019=CARTESIAN_POINT('Origin',(-12.0775610489222,17.9,0.));
#16020=CARTESIAN_POINT('',(-8.09405167078107,20.9029532235145,1.));
#16021=CARTESIAN_POINT('',(-8.09405167078107,20.9029532235145,0.));
#16022=CARTESIAN_POINT('',(-12.5291007839189,17.5596085074648,1.));
#16023=CARTESIAN_POINT('Origin',(-9.29797924074416,22.5,0.));
#16024=CARTESIAN_POINT('',(-9.29797924074416,24.5,1.));
#16025=CARTESIAN_POINT('',(-9.29797924074416,24.5,0.));
#16026=CARTESIAN_POINT('Origin',(-9.29797924074416,22.5,1.));
#16027=CARTESIAN_POINT('Origin',(-3.32245900808466,24.5,0.));
#16028=CARTESIAN_POINT('',(-9.4999999999709,24.5,1.));
#16029=CARTESIAN_POINT('',(-9.4999999999709,24.5,0.));
#16030=CARTESIAN_POINT('',(-1.66122950404233,24.5,1.));
#16031=CARTESIAN_POINT('Origin',(-9.5,28.5,3.));
#16032=CARTESIAN_POINT('',(-11.5,28.5,3.));
#16033=CARTESIAN_POINT('Origin',(-9.5,28.5,3.));
#16034=CARTESIAN_POINT('Origin',(-13.5,28.5,3.));
#16035=CARTESIAN_POINT('Origin',(-13.014141130842,7.68999278949902,4.5));
#16036=CARTESIAN_POINT('',(-23.8102615971343,18.7861516223851,4.));
#16037=CARTESIAN_POINT('',(-23.8102615971343,18.7861516223851,4.));
#16038=CARTESIAN_POINT('',(-28.7928554070493,24.2496719259788,4.));
#16039=CARTESIAN_POINT('',(-28.053976920609,24.9235106175629,5.));
#16040=CARTESIAN_POINT('',(-13.3835803740621,7.35307344370698,4.));
#16041=CARTESIAN_POINT('Origin',(-25.2880185700149,17.4384742392169,4.5));
#16042=CARTESIAN_POINT('',(-23.3301201893797,17.0302660434316,4.));
#16043=CARTESIAN_POINT('Origin',(-25.2880185700149,17.4384742392169,4.));
#16044=CARTESIAN_POINT('',(-23.3301201893797,17.0302660434316,4.));
#16045=CARTESIAN_POINT('Origin',(-24.6610544973171,8.19694480326159,4.5));
#16046=CARTESIAN_POINT('',(-23.7181974280476,15.168922236536,4.));
#16047=CARTESIAN_POINT('',(-23.7181974280476,15.168922236536,4.));
#16048=CARTESIAN_POINT('',(-25.1505290924759,8.29899685220793,4.));
#16049=CARTESIAN_POINT('Origin',(-25.6760958086827,15.5771304323214,4.5));
#16050=CARTESIAN_POINT('',(-27.1843943692851,14.2637243823564,4.));
#16051=CARTESIAN_POINT('Origin',(-25.6760958086827,15.5771304323214,4.));
#16052=CARTESIAN_POINT('',(-27.1843943692851,14.2637243823564,4.));
#16053=CARTESIAN_POINT('Origin',(-18.3384341264183,3.34375861712724,4.5));
#16054=CARTESIAN_POINT('',(-27.2016997419447,14.2835976490234,4.));
#16055=CARTESIAN_POINT('',(-27.2016997419447,14.2835976490234,4.));
#16056=CARTESIAN_POINT('',(-17.9613594862677,3.67211012961849,4.));
#16057=CARTESIAN_POINT('Origin',(-26.4475504616434,14.9403006740059,4.5));
#16058=CARTESIAN_POINT('',(-27.4372134047644,15.0837135709612,4.));
#16059=CARTESIAN_POINT('Origin',(-26.4475504616434,14.9403006740059,4.));
#16060=CARTESIAN_POINT('',(-27.4372134047644,15.0837135709612,4.));
#16061=CARTESIAN_POINT('Origin',(-31.,15.6,4.5));
#16062=CARTESIAN_POINT('',(-30.6773060086106,19.1855081352468,4.));
#16063=CARTESIAN_POINT('',(-30.6773060086106,19.1855081352468,4.));
#16064=CARTESIAN_POINT('Origin',(-31.,15.6,4.));
#16065=CARTESIAN_POINT('Origin',(-30.4980315689498,21.1774570992728,4.5));
#16066=CARTESIAN_POINT('',(-31.8326771896499,19.6879199002926,4.));
#16067=CARTESIAN_POINT('',(-31.8326771896499,19.6879199002926,4.));
#16068=CARTESIAN_POINT('Origin',(-30.4980315689498,21.1774570992728,4.));
#16069=CARTESIAN_POINT('Origin',(-30.2706123799298,22.9019945428107,4.5));
#16070=CARTESIAN_POINT('',(-30.9702137649762,24.7756428294539,4.));
#16071=CARTESIAN_POINT('',(-31.3200144574995,25.7124669727756,5.));
#16072=CARTESIAN_POINT('Origin',(-30.2706123799298,22.9019945428107,4.));
#16073=CARTESIAN_POINT('Ctrl Pts',(-32.5,18.9431513008024,5.));
#16074=CARTESIAN_POINT('Ctrl Pts',(-32.7490884935813,19.1663379841244,5.));
#16075=CARTESIAN_POINT('Ctrl Pts',(-33.2444874860476,19.7880171238216,4.88684969487667));
#16076=CARTESIAN_POINT('Ctrl Pts',(-33.4387161487336,20.5592477305913,4.76621329115355));
#16077=CARTESIAN_POINT('Ctrl Pts',(-33.4618697830079,21.,4.7535126234323));
#16078=CARTESIAN_POINT('Ctrl Pts',(-32.2775590632166,19.1914075006325,4.66666666666667));
#16079=CARTESIAN_POINT('Ctrl Pts',(-32.4989710575111,19.3897956635854,4.66666666666667));
#16080=CARTESIAN_POINT('Ctrl Pts',(-32.9389086459603,19.9417596326519,4.59123312991778));
#16081=CARTESIAN_POINT('Ctrl Pts',(-33.118040148336,20.6265534204015,4.51080886076903));
#16082=CARTESIAN_POINT('Ctrl Pts',(-33.1393986129818,21.0193076660394,4.50234174895487));
#16083=CARTESIAN_POINT('Ctrl Pts',(-32.0551181264333,19.4396637004625,4.33333333333333));
#16084=CARTESIAN_POINT('Ctrl Pts',(-32.248853621441,19.6132533430463,4.33333333333333));
#16085=CARTESIAN_POINT('Ctrl Pts',(-32.633329805873,20.0955021414823,4.29561656495889));
#16086=CARTESIAN_POINT('Ctrl Pts',(-32.7973641479384,20.6938591102117,4.25540443038452));
#16087=CARTESIAN_POINT('Ctrl Pts',(-32.8169274429557,21.0386153320789,4.25117087447743));
#16088=CARTESIAN_POINT('Ctrl Pts',(-31.8326771896499,19.6879199002926,4.));
#16089=CARTESIAN_POINT('Ctrl Pts',(-31.9987361853708,19.8367110225072,4.));
#16090=CARTESIAN_POINT('Ctrl Pts',(-32.3277509657856,20.2492446503126,4.));
#16091=CARTESIAN_POINT('Ctrl Pts',(-32.4766881475408,20.7611648000219,4.));
#16092=CARTESIAN_POINT('Ctrl Pts',(-32.4944562729297,21.0579229981183,4.));
#16093=CARTESIAN_POINT('',(-32.4944562729297,21.0579229981183,4.));
#16094=CARTESIAN_POINT('',(-32.4944562729297,21.0579229981183,4.));
#16095=CARTESIAN_POINT('Ctrl Pts',(-31.8326771896499,19.6879199002926,4.));
#16096=CARTESIAN_POINT('Ctrl Pts',(-31.9987361853708,19.8367110225072,4.));
#16097=CARTESIAN_POINT('Ctrl Pts',(-32.3277509657856,20.2492446503126,4.));
#16098=CARTESIAN_POINT('Ctrl Pts',(-32.4766881475408,20.7611648000219,4.));
#16099=CARTESIAN_POINT('Ctrl Pts',(-32.4944562729297,21.0579229981183,4.));
#16100=CARTESIAN_POINT('Origin',(-22.5,21.,4.375));
#16101=CARTESIAN_POINT('',(-32.2132654749122,23.3774931785134,4.));
#16102=CARTESIAN_POINT('',(-33.1537483604529,23.607692965666,4.75));
#16103=CARTESIAN_POINT('',(-32.2132654749122,23.3774931785134,4.));
#16104=CARTESIAN_POINT('',(-33.465547057093,21.2432991362832,4.75));
#16105=CARTESIAN_POINT('Origin',(-22.5,21.,4.75));
#16106=CARTESIAN_POINT('',(-32.4975394611873,21.221821374091,4.));
#16107=CARTESIAN_POINT('',(-33.465547057093,21.2432991362832,4.75));
#16108=CARTESIAN_POINT('Origin',(-22.5,21.,4.));
#16109=CARTESIAN_POINT('Ctrl Pts',(-33.4618697830079,21.,4.7535126234323));
#16110=CARTESIAN_POINT('Ctrl Pts',(-33.4661266614654,21.0810338808381,4.75117756025482));
#16111=CARTESIAN_POINT('Ctrl Pts',(-33.467346446378,21.1622002545523,4.75));
#16112=CARTESIAN_POINT('Ctrl Pts',(-33.465547057093,21.2432991362832,4.75));
#16113=CARTESIAN_POINT('Ctrl Pts',(-33.1393986129818,21.0193076660394,4.50234174895486));
#16114=CARTESIAN_POINT('Ctrl Pts',(-33.1433254430837,21.0915169385688,4.50078504016988));
#16115=CARTESIAN_POINT('Ctrl Pts',(-33.1444815933305,21.1638591890648,4.5));
#16116=CARTESIAN_POINT('Ctrl Pts',(-33.1428778584578,21.2361398822192,4.5));
#16117=CARTESIAN_POINT('Ctrl Pts',(-32.8169274429557,21.0386153320789,4.25117087447743));
#16118=CARTESIAN_POINT('Ctrl Pts',(-32.820524224702,21.1019999962995,4.25039252008494));
#16119=CARTESIAN_POINT('Ctrl Pts',(-32.821616740283,21.1655181235773,4.25));
#16120=CARTESIAN_POINT('Ctrl Pts',(-32.8202086598225,21.2289806281551,4.25));
#16121=CARTESIAN_POINT('Ctrl Pts',(-32.4944562729297,21.0579229981183,4.));
#16122=CARTESIAN_POINT('Ctrl Pts',(-32.4977230063203,21.1124830540303,4.));
#16123=CARTESIAN_POINT('Ctrl Pts',(-32.4987518872356,21.1671770580898,4.));
#16124=CARTESIAN_POINT('Ctrl Pts',(-32.4975394611873,21.221821374091,4.));
#16125=CARTESIAN_POINT('Ctrl Pts',(-33.465547057093,21.2432991362832,4.75));
#16126=CARTESIAN_POINT('Ctrl Pts',(-33.467346446378,21.1622002545523,4.75));
#16127=CARTESIAN_POINT('Ctrl Pts',(-33.4661266614654,21.0810338808381,4.75117756025482));
#16128=CARTESIAN_POINT('Ctrl Pts',(-33.4618697830079,21.,4.7535126234323));
#16129=CARTESIAN_POINT('Ctrl Pts',(-32.4944562729297,21.0579229981183,4.));
#16130=CARTESIAN_POINT('Ctrl Pts',(-32.4977230063203,21.1124830540303,4.));
#16131=CARTESIAN_POINT('Ctrl Pts',(-32.4987518872356,21.1671770580898,4.));
#16132=CARTESIAN_POINT('Ctrl Pts',(-32.4975394611873,21.221821374091,4.));
#16133=CARTESIAN_POINT('Ctrl Pts',(-33.1537483604529,23.607692965666,4.75));
#16134=CARTESIAN_POINT('Ctrl Pts',(-33.0556169712507,24.0086094618132,4.75));
#16135=CARTESIAN_POINT('Ctrl Pts',(-32.6523046973551,24.9090039242188,4.82783069290397));
#16136=CARTESIAN_POINT('Ctrl Pts',(-31.8410974110388,25.5178998501096,5.));
#16137=CARTESIAN_POINT('Ctrl Pts',(-31.3200144574995,25.7124669727756,5.));
#16138=CARTESIAN_POINT('Ctrl Pts',(-32.8402540652727,23.5309597032818,4.5));
#16139=CARTESIAN_POINT('Ctrl Pts',(-32.7527928736958,23.8882830303121,4.5));
#16140=CARTESIAN_POINT('Ctrl Pts',(-32.3880982196709,24.6878622303447,4.55188712860265));
#16141=CARTESIAN_POINT('Ctrl Pts',(-31.6665990742489,25.2272437048542,4.66666666666667));
#16142=CARTESIAN_POINT('Ctrl Pts',(-31.2034142266584,25.400192258335,4.66666666666667));
#16143=CARTESIAN_POINT('Ctrl Pts',(-32.5267597700925,23.4542264408976,4.25));
#16144=CARTESIAN_POINT('Ctrl Pts',(-32.449968776141,23.7679565988111,4.25));
#16145=CARTESIAN_POINT('Ctrl Pts',(-32.1238917419867,24.4667205364705,4.27594356430132));
#16146=CARTESIAN_POINT('Ctrl Pts',(-31.492100737459,24.9365875595987,4.33333333333333));
#16147=CARTESIAN_POINT('Ctrl Pts',(-31.0868139958173,25.0879175438945,4.33333333333333));
#16148=CARTESIAN_POINT('Ctrl Pts',(-32.2132654749122,23.3774931785134,4.));
#16149=CARTESIAN_POINT('Ctrl Pts',(-32.1471446785861,23.6476301673101,4.));
#16150=CARTESIAN_POINT('Ctrl Pts',(-31.8596852643025,24.2455788425964,4.));
#16151=CARTESIAN_POINT('Ctrl Pts',(-31.3176024006691,24.6459314143433,4.));
#16152=CARTESIAN_POINT('Ctrl Pts',(-30.9702137649762,24.7756428294539,4.));
#16153=CARTESIAN_POINT('Ctrl Pts',(-31.3200144574995,25.7124669727756,5.));
#16154=CARTESIAN_POINT('Ctrl Pts',(-31.8410974110388,25.5178998501096,5.));
#16155=CARTESIAN_POINT('Ctrl Pts',(-32.6523046973551,24.9090039242188,4.82783069290397));
#16156=CARTESIAN_POINT('Ctrl Pts',(-33.0556169712507,24.0086094618132,4.75));
#16157=CARTESIAN_POINT('Ctrl Pts',(-33.1537483604529,23.607692965666,4.75));
#16158=CARTESIAN_POINT('Ctrl Pts',(-32.2132654749122,23.3774931785134,4.));
#16159=CARTESIAN_POINT('Ctrl Pts',(-32.1471446785861,23.6476301673101,4.));
#16160=CARTESIAN_POINT('Ctrl Pts',(-31.8596852643025,24.2455788425964,4.));
#16161=CARTESIAN_POINT('Ctrl Pts',(-31.3176024006691,24.6459314143433,4.));
#16162=CARTESIAN_POINT('Ctrl Pts',(-30.9702137649762,24.7756428294539,4.));
#16163=CARTESIAN_POINT('Origin',(-25.6760958086827,15.5771304323214,0.));
#16164=CARTESIAN_POINT('',(-23.7181974280476,15.168922236536,1.));
#16165=CARTESIAN_POINT('',(-23.7181974280476,15.168922236536,0.));
#16166=CARTESIAN_POINT('',(-27.1843943692851,14.2637243823564,1.));
#16167=CARTESIAN_POINT('Origin',(-25.6760958086827,15.5771304323214,1.));
#16168=CARTESIAN_POINT('',(-27.1843943692851,14.2637243823564,0.));
#16169=CARTESIAN_POINT('Origin',(-24.5400598185988,11.227004704799,0.));
#16170=CARTESIAN_POINT('',(-23.3301201893797,17.0302660434316,1.));
#16171=CARTESIAN_POINT('',(-23.3301201893797,17.0302660434316,0.));
#16172=CARTESIAN_POINT('',(-25.1505290924759,8.29899685220793,1.));
#16173=CARTESIAN_POINT('Origin',(-25.2880185700149,17.4384742392169,0.));
#16174=CARTESIAN_POINT('',(-23.8102615971343,18.7861516223851,1.));
#16175=CARTESIAN_POINT('',(-23.8102615971343,18.7861516223851,0.));
#16176=CARTESIAN_POINT('Origin',(-25.2880185700149,17.4384742392169,1.));
#16177=CARTESIAN_POINT('Origin',(-23.1214942329209,18.0309035282409,0.));
#16178=CARTESIAN_POINT('',(-28.7928554070493,24.2496719259788,1.));
#16179=CARTESIAN_POINT('',(-28.7928554070493,24.2496719259788,0.));
#16180=CARTESIAN_POINT('',(-13.3835803740621,7.35307344370698,1.));
#16181=CARTESIAN_POINT('Origin',(-30.2706123799298,22.9019945428107,0.));
#16182=CARTESIAN_POINT('',(-32.2132654749122,23.3774931785134,1.));
#16183=CARTESIAN_POINT('',(-32.2132654749122,23.3774931785134,0.));
#16184=CARTESIAN_POINT('Origin',(-30.2706123799298,22.9019945428107,1.));
#16185=CARTESIAN_POINT('Origin',(-22.5,21.,0.));
#16186=CARTESIAN_POINT('',(-32.4975394611873,21.221821374091,1.));
#16187=CARTESIAN_POINT('',(-32.4975394611873,21.221821374091,0.));
#16188=CARTESIAN_POINT('Origin',(-22.5,21.,1.));
#16189=CARTESIAN_POINT('Origin',(-22.5,21.,3.));
#16190=CARTESIAN_POINT('',(-22.5,33.,3.));
#16191=CARTESIAN_POINT('Origin',(-22.5,31.,3.));
#16192=CARTESIAN_POINT('Origin',(-22.5,21.,3.));
#16193=CARTESIAN_POINT('Origin',(22.,-24.1170792414363,4.5));
#16194=CARTESIAN_POINT('',(19.,-24.1170792414363,5.));
#16195=CARTESIAN_POINT('',(20.,-24.1170792414363,4.));
#16196=CARTESIAN_POINT('',(19.,-24.1170792414363,5.));
#16197=CARTESIAN_POINT('',(23.6482596613542,-22.9842773661057,4.));
#16198=CARTESIAN_POINT('Origin',(22.,-24.1170792414363,4.));
#16199=CARTESIAN_POINT('',(24.4723894920313,-22.4178764284404,5.));
#16200=CARTESIAN_POINT('',(23.6482596613542,-22.9842773661057,4.));
#16201=CARTESIAN_POINT('Origin',(22.,-24.1170792414363,5.));
#16202=CARTESIAN_POINT('Origin',(19.4999999999999,-11.9499999999971,4.5));
#16203=CARTESIAN_POINT('',(19.,-27.899999999936,5.));
#16204=CARTESIAN_POINT('',(18.9999999999999,-11.9499999999971,5.));
#16205=CARTESIAN_POINT('',(20.,-27.899999999936,4.));
#16206=CARTESIAN_POINT('',(19.,-27.899999999936,5.));
#16207=CARTESIAN_POINT('',(19.9999999999999,-11.9499999999971,4.));
#16208=CARTESIAN_POINT('Origin',(16.,-27.9,4.5));
#16209=CARTESIAN_POINT('',(18.9491524206115,-28.4500000000008,5.));
#16210=CARTESIAN_POINT('Origin',(16.,-27.9,5.));
#16211=CARTESIAN_POINT('',(19.9322032274821,-28.6333333333344,4.));
#16212=CARTESIAN_POINT('',(18.9491524206115,-28.4500000000008,5.));
#16213=CARTESIAN_POINT('Origin',(16.,-27.9,4.));
#16214=CARTESIAN_POINT('Origin',(21.8983048412231,-29.0000000000017,4.5));
#16215=CARTESIAN_POINT('',(19.6622368637218,-31.,5.));
#16216=CARTESIAN_POINT('',(20.4075928562223,-30.3333333333339,4.));
#16217=CARTESIAN_POINT('',(19.6622368637218,-31.,5.));
#16218=CARTESIAN_POINT('Origin',(21.8983048412231,-29.0000000000017,4.));
#16219=CARTESIAN_POINT('Origin',(21.8983048412231,-29.0000000000017,5.));
#16220=CARTESIAN_POINT('Origin',(25.0655053378759,-28.5774786282332,4.5));
#16221=CARTESIAN_POINT('',(26.9925392147031,-29.1127733485137,4.));
#16222=CARTESIAN_POINT('',(27.9560561531167,-29.380420708654,5.));
#16223=CARTESIAN_POINT('',(26.9925392147031,-29.1127733485137,4.));
#16224=CARTESIAN_POINT('',(27.5378948299072,-26.8782758152373,5.));
#16225=CARTESIAN_POINT('Origin',(25.0655053378759,-28.5774786282332,5.));
#16226=CARTESIAN_POINT('',(26.7137649992301,-27.4446767529026,4.));
#16227=CARTESIAN_POINT('',(27.5378948299072,-26.8782758152373,5.));
#16228=CARTESIAN_POINT('Origin',(25.0655053378759,-28.5774786282332,4.));
#16229=CARTESIAN_POINT('Origin',(17.086887008365,-12.5545225039972,4.5));
#16230=CARTESIAN_POINT('',(17.4989519237035,-12.2713220351645,5.));
#16231=CARTESIAN_POINT('',(16.6748220930264,-12.8377229728298,4.));
#16232=CARTESIAN_POINT('Origin',(5.99999999999923,-31.4841229183381,4.37499999996584));
#16233=CARTESIAN_POINT('',(21.8983048412287,-31.0000000000017,3.99999999997516));
#16234=CARTESIAN_POINT('',(21.8983048412302,-31.9682458366304,4.74999999995653));
#16235=CARTESIAN_POINT('',(21.8983048412287,-31.0000000000017,3.99999999997516));
#16236=CARTESIAN_POINT('',(22.5,-31.9682458366304,4.74999999995653));
#16237=CARTESIAN_POINT('',(6.,-31.9682458366304,4.74999999995653));
#16238=CARTESIAN_POINT('',(22.5,-31.,3.99999999997516));
#16239=CARTESIAN_POINT('',(22.5,-31.9682458366304,4.74999999995653));
#16240=CARTESIAN_POINT('',(5.99999999999847,-31.0000000000457,3.99999999997516));
#16241=CARTESIAN_POINT('Origin',(22.5,-21.,4.375));
#16242=CARTESIAN_POINT('',(26.0173866551011,-31.3889560519599,4.75));
#16243=CARTESIAN_POINT('Origin',(22.5,-21.,4.75));
#16244=CARTESIAN_POINT('',(25.7068816723449,-30.4718482852914,4.));
#16245=CARTESIAN_POINT('',(26.0173866551011,-31.3889560519599,4.75));
#16246=CARTESIAN_POINT('Origin',(22.5,-21.,4.));
#16247=CARTESIAN_POINT('Ctrl Pts',(20.4075928562223,-30.3333333333339,4.));
#16248=CARTESIAN_POINT('Ctrl Pts',(20.5677964125214,-30.5124463543952,4.));
#16249=CARTESIAN_POINT('Ctrl Pts',(21.0176927392163,-30.8624686298527,4.));
#16250=CARTESIAN_POINT('Ctrl Pts',(21.5778977286294,-31.0000000000024,4.));
#16251=CARTESIAN_POINT('Ctrl Pts',(21.8983048412279,-31.0000000000017,4.));
#16252=CARTESIAN_POINT('Ctrl Pts',(20.1591408587221,-30.5555555555559,4.33333333333333));
#16253=CARTESIAN_POINT('Ctrl Pts',(20.3460450077378,-30.7645207467941,4.33333333333333));
#16254=CARTESIAN_POINT('Ctrl Pts',(20.8724459443957,-31.1731961745239,4.28921907796311));
#16255=CARTESIAN_POINT('Ctrl Pts',(21.5261922531676,-31.3227486121864,4.24999999999955));
#16256=CARTESIAN_POINT('Ctrl Pts',(21.8983048412287,-31.3227486121856,4.24999999999973));
#16257=CARTESIAN_POINT('Ctrl Pts',(19.910688861222,-30.777777777778,4.66666666666667));
#16258=CARTESIAN_POINT('Ctrl Pts',(20.1242936029541,-31.016595139193,4.66666666666667));
#16259=CARTESIAN_POINT('Ctrl Pts',(20.727199149575,-31.4839237191951,4.57843815592622));
#16260=CARTESIAN_POINT('Ctrl Pts',(21.4744867777059,-31.6454972243704,4.49999999999909));
#16261=CARTESIAN_POINT('Ctrl Pts',(21.8983048412294,-31.6454972243694,4.49999999999946));
#16262=CARTESIAN_POINT('Ctrl Pts',(19.6622368637218,-31.,5.));
#16263=CARTESIAN_POINT('Ctrl Pts',(19.9025421981705,-31.2686695315919,5.));
#16264=CARTESIAN_POINT('Ctrl Pts',(20.5819523547544,-31.7946512638663,4.86765723388933));
#16265=CARTESIAN_POINT('Ctrl Pts',(21.4227813022442,-31.9682458365543,4.74999999999864));
#16266=CARTESIAN_POINT('Ctrl Pts',(21.8983048412302,-31.9682458365533,4.74999999999919));
#16267=CARTESIAN_POINT('Ctrl Pts',(21.8983048412279,-31.0000000000017,4.));
#16268=CARTESIAN_POINT('Ctrl Pts',(21.5778977286294,-31.0000000000024,4.));
#16269=CARTESIAN_POINT('Ctrl Pts',(21.0176927392163,-30.8624686298527,4.));
#16270=CARTESIAN_POINT('Ctrl Pts',(20.5677964125214,-30.5124463543952,4.));
#16271=CARTESIAN_POINT('Ctrl Pts',(20.4075928562223,-30.3333333333339,4.));
#16272=CARTESIAN_POINT('Ctrl Pts',(19.6622368637218,-31.,5.));
#16273=CARTESIAN_POINT('Ctrl Pts',(19.9025421981705,-31.2686695315919,5.));
#16274=CARTESIAN_POINT('Ctrl Pts',(20.5819523547544,-31.7946512638663,4.86765723388933));
#16275=CARTESIAN_POINT('Ctrl Pts',(21.4227813022442,-31.9682458365543,4.74999999999864));
#16276=CARTESIAN_POINT('Ctrl Pts',(21.8983048412302,-31.9682458365533,4.74999999999919));
#16277=CARTESIAN_POINT('Ctrl Pts',(25.7068816723449,-30.4718482852914,4.));
#16278=CARTESIAN_POINT('Ctrl Pts',(25.9703045738126,-30.3826612492085,4.));
#16279=CARTESIAN_POINT('Ctrl Pts',(26.5412142666088,-30.0446708090862,4.));
#16280=CARTESIAN_POINT('Ctrl Pts',(26.8932915042884,-29.4700600784604,4.));
#16281=CARTESIAN_POINT('Ctrl Pts',(26.9925392147031,-29.1127733485137,4.));
#16282=CARTESIAN_POINT('Ctrl Pts',(25.8103833332636,-30.7775508741809,4.25));
#16283=CARTESIAN_POINT('Ctrl Pts',(26.1163159226644,-30.6739713420377,4.25));
#16284=CARTESIAN_POINT('Ctrl Pts',(26.7843320838389,-30.2888069547989,4.2759439146479));
#16285=CARTESIAN_POINT('Ctrl Pts',(27.1979225320238,-29.6188236534983,4.33333333333333));
#16286=CARTESIAN_POINT('Ctrl Pts',(27.3137115275077,-29.2019891352272,4.33333333333333));
#16287=CARTESIAN_POINT('Ctrl Pts',(25.9138849941824,-31.0832534630704,4.5));
#16288=CARTESIAN_POINT('Ctrl Pts',(26.2623272715163,-30.9652814348668,4.5));
#16289=CARTESIAN_POINT('Ctrl Pts',(27.027449901069,-30.5329431005115,4.5518878292958));
#16290=CARTESIAN_POINT('Ctrl Pts',(27.5025535597592,-29.7675872285361,4.66666666666667));
#16291=CARTESIAN_POINT('Ctrl Pts',(27.6348838403122,-29.2912049219406,4.66666666666667));
#16292=CARTESIAN_POINT('Ctrl Pts',(26.0173866551011,-31.3889560519599,4.75));
#16293=CARTESIAN_POINT('Ctrl Pts',(26.4083386203681,-31.256591527696,4.75));
#16294=CARTESIAN_POINT('Ctrl Pts',(27.2705677182991,-30.7770792462242,4.8278317439437));
#16295=CARTESIAN_POINT('Ctrl Pts',(27.8071845874946,-29.916350803574,5.));
#16296=CARTESIAN_POINT('Ctrl Pts',(27.9560561531167,-29.380420708654,5.));
#16297=CARTESIAN_POINT('Ctrl Pts',(26.9925392147031,-29.1127733485137,4.));
#16298=CARTESIAN_POINT('Ctrl Pts',(26.8932915042884,-29.4700600784604,4.));
#16299=CARTESIAN_POINT('Ctrl Pts',(26.5412142666088,-30.0446708090862,4.));
#16300=CARTESIAN_POINT('Ctrl Pts',(25.9703045738126,-30.3826612492085,4.));
#16301=CARTESIAN_POINT('Ctrl Pts',(25.7068816723449,-30.4718482852914,4.));
#16302=CARTESIAN_POINT('Ctrl Pts',(26.0173866551011,-31.3889560519599,4.75));
#16303=CARTESIAN_POINT('Ctrl Pts',(26.4083386203681,-31.256591527696,4.75));
#16304=CARTESIAN_POINT('Ctrl Pts',(27.2705677182991,-30.7770792462242,4.8278317439437));
#16305=CARTESIAN_POINT('Ctrl Pts',(27.8071845874946,-29.916350803574,5.));
#16306=CARTESIAN_POINT('Ctrl Pts',(27.9560561531167,-29.380420708654,5.));
#16307=CARTESIAN_POINT('Origin',(20.,-23.8999999999942,0.));
#16308=CARTESIAN_POINT('',(20.,-27.899999999936,1.));
#16309=CARTESIAN_POINT('',(20.,-27.899999999936,0.));
#16310=CARTESIAN_POINT('',(20.,-24.1170792414363,1.));
#16311=CARTESIAN_POINT('',(19.9999999999999,-11.9499999999971,1.));
#16312=CARTESIAN_POINT('',(20.,-24.1170792414363,0.));
#16313=CARTESIAN_POINT('Origin',(16.,-27.9,0.));
#16314=CARTESIAN_POINT('',(19.9322032274821,-28.6333333333344,1.));
#16315=CARTESIAN_POINT('',(19.9322032274821,-28.6333333333344,0.));
#16316=CARTESIAN_POINT('Origin',(16.,-27.9,1.));
#16317=CARTESIAN_POINT('Origin',(21.8983048412231,-29.0000000000017,0.));
#16318=CARTESIAN_POINT('',(21.8983048412287,-31.0000000000017,1.));
#16319=CARTESIAN_POINT('',(21.8983048412287,-31.0000000000017,0.));
#16320=CARTESIAN_POINT('Origin',(21.8983048412231,-29.0000000000017,1.));
#16321=CARTESIAN_POINT('Origin',(18.5278449319394,-31.000000000011,0.));
#16322=CARTESIAN_POINT('',(22.5,-31.,1.));
#16323=CARTESIAN_POINT('',(22.5,-31.,0.));
#16324=CARTESIAN_POINT('',(9.26392246601265,-31.0000000000367,1.));
#16325=CARTESIAN_POINT('Origin',(22.5,-21.,3.));
#16326=CARTESIAN_POINT('',(22.5,-33.,3.));
#16327=CARTESIAN_POINT('Origin',(22.5,-31.,3.));
#16328=CARTESIAN_POINT('',(34.5,-21.,3.));
#16329=CARTESIAN_POINT('Origin',(22.5,-21.,3.));
#16330=CARTESIAN_POINT('',(32.5,-21.,5.));
#16331=CARTESIAN_POINT('Origin',(32.5,-21.,3.));
#16332=CARTESIAN_POINT('Origin',(22.5,-21.,5.));
#16333=CARTESIAN_POINT('Origin',(-22.,-24.1170795544991,4.5));
#16334=CARTESIAN_POINT('',(-24.4723894521073,-22.4178766834126,5.));
#16335=CARTESIAN_POINT('',(-23.6482596347382,-22.9842776404414,4.));
#16336=CARTESIAN_POINT('',(-24.4723894521073,-22.4178766834126,5.));
#16337=CARTESIAN_POINT('',(-20.,-24.1170795544991,4.));
#16338=CARTESIAN_POINT('Origin',(-22.,-24.1170795544991,4.));
#16339=CARTESIAN_POINT('',(-19.,-24.1170795544991,5.));
#16340=CARTESIAN_POINT('',(-20.,-24.1170795544991,4.));
#16341=CARTESIAN_POINT('Origin',(-22.,-24.1170795544991,5.));
#16342=CARTESIAN_POINT('Origin',(-13.5334931035314,-7.38423215244485,4.5));
#16343=CARTESIAN_POINT('',(-27.5378947406138,-26.8782757738617,5.));
#16344=CARTESIAN_POINT('',(-13.945558012216,-7.10103167393043,5.));
#16345=CARTESIAN_POINT('',(-26.7137649232447,-27.4446767308905,4.));
#16346=CARTESIAN_POINT('',(-27.5378947406138,-26.8782757738617,5.));
#16347=CARTESIAN_POINT('',(-13.1214281948469,-7.66743263095926,4.));
#16348=CARTESIAN_POINT('Origin',(-25.0655052885065,-28.5774786449481,4.5));
#16349=CARTESIAN_POINT('',(-27.956056098516,-29.3804207442017,5.));
#16350=CARTESIAN_POINT('',(-26.9925391618461,-29.1127733777839,4.));
#16351=CARTESIAN_POINT('',(-27.956056098516,-29.3804207442017,5.));
#16352=CARTESIAN_POINT('Origin',(-25.0655052885065,-28.5774786449481,4.));
#16353=CARTESIAN_POINT('Origin',(-25.0655052885065,-28.5774786449481,5.));
#16354=CARTESIAN_POINT('Origin',(-21.8983048412232,-29.0000000000017,4.5));
#16355=CARTESIAN_POINT('',(-20.4075928562223,-30.3333333333339,4.));
#16356=CARTESIAN_POINT('',(-19.6622368637219,-31.,5.));
#16357=CARTESIAN_POINT('',(-20.4075928562223,-30.3333333333339,4.));
#16358=CARTESIAN_POINT('',(-18.9491524206116,-28.4500000000008,5.));
#16359=CARTESIAN_POINT('Origin',(-21.8983048412232,-29.0000000000017,5.));
#16360=CARTESIAN_POINT('',(-19.9322032274821,-28.6333333333344,4.));
#16361=CARTESIAN_POINT('',(-18.9491524206116,-28.4500000000008,5.));
#16362=CARTESIAN_POINT('Origin',(-21.8983048412232,-29.0000000000017,4.));
#16363=CARTESIAN_POINT('Origin',(-16.,-27.9,4.5));
#16364=CARTESIAN_POINT('',(-19.,-27.899999999952,5.));
#16365=CARTESIAN_POINT('Origin',(-16.,-27.9,5.));
#16366=CARTESIAN_POINT('',(-20.,-27.899999999936,4.));
#16367=CARTESIAN_POINT('',(-19.,-27.899999999952,5.));
#16368=CARTESIAN_POINT('Origin',(-16.,-27.9,4.));
#16369=CARTESIAN_POINT('Origin',(-19.5,-13.949999999968,4.5));
#16370=CARTESIAN_POINT('',(-19.,-13.949999999968,5.));
#16371=CARTESIAN_POINT('',(-20.,-13.949999999968,4.));
#16372=CARTESIAN_POINT('Origin',(-22.5,-21.,4.375));
#16373=CARTESIAN_POINT('',(-25.7068816106331,-30.4718483061852,4.));
#16374=CARTESIAN_POINT('',(-26.0173865874142,-31.3889560748766,4.75));
#16375=CARTESIAN_POINT('',(-25.7068816106331,-30.4718483061852,4.));
#16376=CARTESIAN_POINT('',(-22.5,-31.9682458365519,4.74999999999999));
#16377=CARTESIAN_POINT('Origin',(-22.5,-21.,4.75));
#16378=CARTESIAN_POINT('',(-22.5,-31.,4.));
#16379=CARTESIAN_POINT('',(-22.5,-31.9682458365519,4.74999999999999));
#16380=CARTESIAN_POINT('Origin',(-22.5,-21.,4.));
#16381=CARTESIAN_POINT('Origin',(-11.2499999999992,-31.4841229183181,4.37499999997692));
#16382=CARTESIAN_POINT('',(-21.8983048412302,-31.968245836605,4.74999999997062));
#16383=CARTESIAN_POINT('',(-11.25,-31.968245836605,4.74999999997062));
#16384=CARTESIAN_POINT('',(-21.8983048412287,-31.0000000000017,3.99999999998321));
#16385=CARTESIAN_POINT('',(-21.8983048412302,-31.968245836605,4.74999999997062));
#16386=CARTESIAN_POINT('',(-11.2499999999985,-31.0000000000312,3.99999999998321));
#16387=CARTESIAN_POINT('Ctrl Pts',(-26.9925391618461,-29.1127733777839,
4.));
#16388=CARTESIAN_POINT('Ctrl Pts',(-26.9181033772892,-29.3807384247589,
4.));
#16389=CARTESIAN_POINT('Ctrl Pts',(-26.6123057850217,-29.9695195789292,
4.));
#16390=CARTESIAN_POINT('Ctrl Pts',(-26.0581121466982,-30.3529322603629,
4.));
#16391=CARTESIAN_POINT('Ctrl Pts',(-25.7068816106331,-30.4718483061852,
4.));
#16392=CARTESIAN_POINT('Ctrl Pts',(-27.3137114740694,-29.2019891665898,
4.33333333333333));
#16393=CARTESIAN_POINT('Ctrl Pts',(-27.2268697254197,-29.5146150547274,
4.33333333333333));
#16394=CARTESIAN_POINT('Ctrl Pts',(-26.8685011283404,-30.2024402779032,
4.2880003692577));
#16395=CARTESIAN_POINT('Ctrl Pts',(-26.218293389661,-30.639444855549,4.25));
#16396=CARTESIAN_POINT('Ctrl Pts',(-25.8103832695601,-30.777550895749,4.25));
#16397=CARTESIAN_POINT('Ctrl Pts',(-27.6348837862927,-29.2912049553958,
4.66666666666667));
#16398=CARTESIAN_POINT('Ctrl Pts',(-27.5356360735501,-29.6484916846958,
4.66666666666667));
#16399=CARTESIAN_POINT('Ctrl Pts',(-27.124696471659,-30.4353609768772,4.5760007385154));
#16400=CARTESIAN_POINT('Ctrl Pts',(-26.3784746326238,-30.925957450735,4.5));
#16401=CARTESIAN_POINT('Ctrl Pts',(-25.9138849284871,-31.0832534853128,
4.5));
#16402=CARTESIAN_POINT('Ctrl Pts',(-27.956056098516,-29.3804207442017,5.));
#16403=CARTESIAN_POINT('Ctrl Pts',(-27.8444024216806,-29.7823683146643,
5.));
#16404=CARTESIAN_POINT('Ctrl Pts',(-27.3808918149777,-30.6682816758513,
4.86400110777311));
#16405=CARTESIAN_POINT('Ctrl Pts',(-26.5386558755866,-31.2124700459211,
4.75));
#16406=CARTESIAN_POINT('Ctrl Pts',(-26.0173865874142,-31.3889560748766,
4.75));
#16407=CARTESIAN_POINT('Ctrl Pts',(-25.7068816106331,-30.4718483061852,
4.));
#16408=CARTESIAN_POINT('Ctrl Pts',(-26.0581121466982,-30.3529322603629,
4.));
#16409=CARTESIAN_POINT('Ctrl Pts',(-26.6123057850217,-29.9695195789292,
4.));
#16410=CARTESIAN_POINT('Ctrl Pts',(-26.9181033772892,-29.3807384247589,
4.));
#16411=CARTESIAN_POINT('Ctrl Pts',(-26.9925391618461,-29.1127733777839,
4.));
#16412=CARTESIAN_POINT('Ctrl Pts',(-27.956056098516,-29.3804207442017,5.));
#16413=CARTESIAN_POINT('Ctrl Pts',(-27.8444024216806,-29.7823683146643,
5.));
#16414=CARTESIAN_POINT('Ctrl Pts',(-27.3808918149777,-30.6682816758513,
4.86400110777311));
#16415=CARTESIAN_POINT('Ctrl Pts',(-26.5386558755866,-31.2124700459211,
4.75));
#16416=CARTESIAN_POINT('Ctrl Pts',(-26.0173865874142,-31.3889560748766,
4.75));
#16417=CARTESIAN_POINT('Ctrl Pts',(-21.8983048412279,-31.0000000000017,
4.));
#16418=CARTESIAN_POINT('Ctrl Pts',(-21.657999506779,-31.0000000000022,4.));
#16419=CARTESIAN_POINT('Ctrl Pts',(-21.0971774217949,-30.8980152605357,
4.));
#16420=CARTESIAN_POINT('Ctrl Pts',(-20.6211975979545,-30.5721506947489,
4.));
#16421=CARTESIAN_POINT('Ctrl Pts',(-20.4075928562223,-30.3333333333339,
4.));
#16422=CARTESIAN_POINT('Ctrl Pts',(-21.8983048412287,-31.3227486121855,
4.24999999999973));
#16423=CARTESIAN_POINT('Ctrl Pts',(-21.6192204001829,-31.3227486121862,
4.24999999999959));
#16424=CARTESIAN_POINT('Ctrl Pts',(-20.9658204674503,-31.2130321160479,
4.27709414724418));
#16425=CARTESIAN_POINT('Ctrl Pts',(-20.408346390743,-30.8341758105401,4.33333333333333));
#16426=CARTESIAN_POINT('Ctrl Pts',(-20.1591408587222,-30.5555555555559,
4.33333333333333));
#16427=CARTESIAN_POINT('Ctrl Pts',(-21.8983048412295,-31.6454972243694,
4.49999999999946));
#16428=CARTESIAN_POINT('Ctrl Pts',(-21.5804412935868,-31.6454972243701,
4.49999999999919));
#16429=CARTESIAN_POINT('Ctrl Pts',(-20.8344635131058,-31.5280489715601,
4.55418829448836));
#16430=CARTESIAN_POINT('Ctrl Pts',(-20.1954951835316,-31.0962009263314,
4.66666666666667));
#16431=CARTESIAN_POINT('Ctrl Pts',(-19.910688861222,-30.777777777778,4.66666666666667));
#16432=CARTESIAN_POINT('Ctrl Pts',(-21.8983048412302,-31.9682458365533,
4.74999999999919));
#16433=CARTESIAN_POINT('Ctrl Pts',(-21.5416621869907,-31.9682458365541,
4.74999999999878));
#16434=CARTESIAN_POINT('Ctrl Pts',(-20.7031065587612,-31.8430658270722,
4.83128244173254));
#16435=CARTESIAN_POINT('Ctrl Pts',(-19.9826439763201,-31.3582260421226,
5.));
#16436=CARTESIAN_POINT('Ctrl Pts',(-19.6622368637219,-31.,5.));
#16437=CARTESIAN_POINT('Ctrl Pts',(-20.4075928562223,-30.3333333333339,
4.));
#16438=CARTESIAN_POINT('Ctrl Pts',(-20.6211975979545,-30.5721506947489,
4.));
#16439=CARTESIAN_POINT('Ctrl Pts',(-21.0971774217949,-30.8980152605357,
4.));
#16440=CARTESIAN_POINT('Ctrl Pts',(-21.657999506779,-31.0000000000022,4.));
#16441=CARTESIAN_POINT('Ctrl Pts',(-21.8983048412279,-31.0000000000017,
4.));
#16442=CARTESIAN_POINT('Ctrl Pts',(-21.8983048412302,-31.9682458365533,
4.74999999999919));
#16443=CARTESIAN_POINT('Ctrl Pts',(-21.5416621869907,-31.9682458365541,
4.74999999999878));
#16444=CARTESIAN_POINT('Ctrl Pts',(-20.7031065587612,-31.8430658270722,
4.83128244173254));
#16445=CARTESIAN_POINT('Ctrl Pts',(-19.9826439763201,-31.3582260421226,
5.));
#16446=CARTESIAN_POINT('Ctrl Pts',(-19.6622368637219,-31.,5.));
#16447=CARTESIAN_POINT('Origin',(-22.,-24.1170795544991,0.));
#16448=CARTESIAN_POINT('',(-23.6482596347382,-22.9842776404414,1.));
#16449=CARTESIAN_POINT('',(-23.6482596347382,-22.9842776404414,0.));
#16450=CARTESIAN_POINT('',(-20.,-24.1170795544991,1.));
#16451=CARTESIAN_POINT('Origin',(-22.,-24.1170795544991,1.));
#16452=CARTESIAN_POINT('',(-20.,-24.1170795544991,0.));
#16453=CARTESIAN_POINT('Origin',(-20.9099790616378,-19.,0.));
#16454=CARTESIAN_POINT('',(-26.7137649232447,-27.4446767308905,1.));
#16455=CARTESIAN_POINT('',(-26.7137649232447,-27.4446767308905,0.));
#16456=CARTESIAN_POINT('',(-13.1214281948469,-7.66743263095926,1.));
#16457=CARTESIAN_POINT('Origin',(-25.0655052885065,-28.5774786449481,0.));
#16458=CARTESIAN_POINT('',(-25.7068816106331,-30.4718483061852,1.));
#16459=CARTESIAN_POINT('',(-25.7068816106331,-30.4718483061852,0.));
#16460=CARTESIAN_POINT('Origin',(-25.0655052885065,-28.5774786449481,1.));
#16461=CARTESIAN_POINT('Origin',(-22.5,-21.,0.));
#16462=CARTESIAN_POINT('',(-22.5,-31.,1.));
#16463=CARTESIAN_POINT('',(-22.5,-31.,0.));
#16464=CARTESIAN_POINT('Origin',(-22.5,-21.,1.));
#16465=CARTESIAN_POINT('Origin',(-11.25,-31.,3.));
#16466=CARTESIAN_POINT('',(-22.5,-33.,3.));
#16467=CARTESIAN_POINT('Origin',(-22.5,-31.,3.));
#16468=CARTESIAN_POINT('',(-12.,-33.,3.));
#16469=CARTESIAN_POINT('',(-11.25,-33.,3.));
#16470=CARTESIAN_POINT('',(-12.,-31.,5.));
#16471=CARTESIAN_POINT('Origin',(-12.,-31.,3.));
#16472=CARTESIAN_POINT('',(-11.25,-31.,5.));
#16473=CARTESIAN_POINT('Origin',(-4.01541091181134,-7.2103673517698,0.5));
#16474=CARTESIAN_POINT('',(-12.1672854232278,12.8343467181239,0.));
#16475=CARTESIAN_POINT('',(-11.2325018426402,13.1895644787493,1.));
#16476=CARTESIAN_POINT('',(-12.1672854232278,12.8343467181239,0.));
#16477=CARTESIAN_POINT('',(-2.1505018425879,-10.7104355212507,1.));
#16478=CARTESIAN_POINT('',(-3.54801912151751,-7.03275847145712,1.));
#16479=CARTESIAN_POINT('',(-3.08528542317557,-11.0656532818761,0.));
#16480=CARTESIAN_POINT('',(-2.1505018425879,-10.7104355212507,1.));
#16481=CARTESIAN_POINT('',(-4.48280270210518,-7.38797623208248,0.));
#16482=CARTESIAN_POINT('Origin',(-9.36293468146483,13.9,0.5));
#16483=CARTESIAN_POINT('',(-9.36293468146483,16.9,0.));
#16484=CARTESIAN_POINT('',(-9.36293468146483,15.9,1.));
#16485=CARTESIAN_POINT('',(-9.36293468146483,16.9,0.));
#16486=CARTESIAN_POINT('Origin',(-9.36293468146483,13.9,1.));
#16487=CARTESIAN_POINT('Origin',(-9.36293468146483,13.9,0.));
#16488=CARTESIAN_POINT('Origin',(-6.13123367036069,16.4,0.5));
#16489=CARTESIAN_POINT('',(9.36293468146483,16.9,0.));
#16490=CARTESIAN_POINT('',(9.36293468146483,15.9,1.));
#16491=CARTESIAN_POINT('',(9.36293468146483,16.9,0.));
#16492=CARTESIAN_POINT('',(-6.13123367036069,15.9,1.));
#16493=CARTESIAN_POINT('',(-2.44488291629382,16.9,0.));
#16494=CARTESIAN_POINT('',(-6.13123367036069,16.9,0.));
#16495=CARTESIAN_POINT('',(2.44488291629381,16.9,0.));
#16496=CARTESIAN_POINT('',(-2.7163215163106,16.9,0.));
#16497=CARTESIAN_POINT('',(-6.13123367036069,16.9,0.));
#16498=CARTESIAN_POINT('Origin',(9.36293468146483,13.9,0.5));
#16499=CARTESIAN_POINT('',(12.1672854232278,12.8343467181239,0.));
#16500=CARTESIAN_POINT('',(11.2325018426402,13.1895644787493,1.));
#16501=CARTESIAN_POINT('',(12.1672854232278,12.8343467181239,0.));
#16502=CARTESIAN_POINT('Origin',(9.36293468146483,13.9,1.));
#16503=CARTESIAN_POINT('Origin',(9.36293468146483,13.9,0.));
#16504=CARTESIAN_POINT('Origin',(9.31641091184185,6.7396326482302,0.5));
#16505=CARTESIAN_POINT('',(3.08528542317557,-11.0656532818761,0.));
#16506=CARTESIAN_POINT('',(2.1505018425879,-10.7104355212507,1.));
#16507=CARTESIAN_POINT('',(3.08528542317557,-11.0656532818761,0.));
#16508=CARTESIAN_POINT('',(8.84901912154802,6.91724152854288,1.));
#16509=CARTESIAN_POINT('',(9.78380270213569,6.56202376791752,0.));
#16510=CARTESIAN_POINT('Origin',(0.280934681412558,-9.99999999999999,0.5));
#16511=CARTESIAN_POINT('',(0.280934681412558,-13.,0.));
#16512=CARTESIAN_POINT('',(0.280934681412558,-12.,1.));
#16513=CARTESIAN_POINT('',(0.280934681412558,-13.,0.));
#16514=CARTESIAN_POINT('Origin',(0.280934681412558,-9.99999999999999,1.));
#16515=CARTESIAN_POINT('Origin',(0.280934681412558,-9.99999999999999,0.));
#16516=CARTESIAN_POINT('Origin',(7.225,-12.5,0.5));
#16517=CARTESIAN_POINT('',(-0.280934681412557,-13.,0.));
#16518=CARTESIAN_POINT('',(-0.280934681412557,-12.,1.));
#16519=CARTESIAN_POINT('',(-0.280934681412557,-13.,0.));
#16520=CARTESIAN_POINT('',(7.225,-12.,1.));
#16521=CARTESIAN_POINT('',(7.225,-13.,0.));
#16522=CARTESIAN_POINT('Origin',(-0.280934681412557,-9.99999999999999,0.5));
#16523=CARTESIAN_POINT('Origin',(-0.280934681412557,-9.99999999999999,1.));
#16524=CARTESIAN_POINT('Origin',(-0.280934681412557,-9.99999999999999,0.));
#16525=CARTESIAN_POINT('Origin',(0.280934681412558,-9.99999999999999,0.));
#16526=CARTESIAN_POINT('',(0.280934681412558,-12.,3.));
#16527=CARTESIAN_POINT('',(0.280934681412558,-12.,0.));
#16528=CARTESIAN_POINT('',(2.1505018425879,-10.7104355212507,3.));
#16529=CARTESIAN_POINT('Origin',(0.280934681412558,-9.99999999999999,3.));
#16530=CARTESIAN_POINT('',(2.1505018425879,-10.7104355212507,0.));
#16531=CARTESIAN_POINT('Origin',(14.45,-12.,0.));
#16532=CARTESIAN_POINT('',(-0.280934681412557,-12.,3.));
#16533=CARTESIAN_POINT('',(-0.280934681412557,-12.,0.));
#16534=CARTESIAN_POINT('Ctrl Pts',(-0.280934681412557,-12.,3.));
#16535=CARTESIAN_POINT('Ctrl Pts',(-0.558032903493514,-12.,3.27709822208096));
#16536=CARTESIAN_POINT('Ctrl Pts',(-0.862485353375508,-12.,3.58268197471212));
#16537=CARTESIAN_POINT('Ctrl Pts',(-1.51064760371426,-12.,4.14212246344651));
#16538=CARTESIAN_POINT('Ctrl Pts',(-1.8564527950513,-12.,4.39354689443689));
#16539=CARTESIAN_POINT('Ctrl Pts',(-2.42595999599817,-12.,4.7000621783504));
#16540=CARTESIAN_POINT('Ctrl Pts',(-2.68281761556381,-12.,4.81083773828644));
#16541=CARTESIAN_POINT('Ctrl Pts',(-3.21483673327213,-12.,4.96109134373722));
#16542=CARTESIAN_POINT('Ctrl Pts',(-3.49015887467475,-12.,5.));
#16543=CARTESIAN_POINT('Ctrl Pts',(-3.74503629655031,-12.,5.));
#16544=CARTESIAN_POINT('',(-8.83906531860159,-12.,4.));
#16545=CARTESIAN_POINT('Ctrl Pts',(-6.6029973411018,-12.,5.));
#16546=CARTESIAN_POINT('Ctrl Pts',(-6.89858590465231,-12.,5.));
#16547=CARTESIAN_POINT('Ctrl Pts',(-7.24227530527191,-12.,4.91228376250424));
#16548=CARTESIAN_POINT('Ctrl Pts',(-7.96366079766123,-12.,4.61244379981249));
#16549=CARTESIAN_POINT('Ctrl Pts',(-8.44255082198104,-12.,4.28037808939916));
#16550=CARTESIAN_POINT('Ctrl Pts',(-8.83906531860159,-12.,4.));
#16551=CARTESIAN_POINT('',(-8.83906531860159,-12.,1.));
#16552=CARTESIAN_POINT('',(-8.83906531860159,-12.,0.));
#16553=CARTESIAN_POINT('',(-14.45,-12.,1.));
#16554=CARTESIAN_POINT('',(7.225,-12.,1.));
#16555=CARTESIAN_POINT('',(-14.45,-12.,5.17157287525381));
#16556=CARTESIAN_POINT('',(-14.45,-12.,0.));
#16557=CARTESIAN_POINT('',(-17.0357864376269,-12.,6.));
#16558=CARTESIAN_POINT('Ctrl Pts',(-14.45,-12.,5.1715728752538));
#16559=CARTESIAN_POINT('Ctrl Pts',(-14.4529444463619,-12.,5.17365491324313));
#16560=CARTESIAN_POINT('Ctrl Pts',(-14.4558911845291,-12.,5.17573369504423));
#16561=CARTESIAN_POINT('Ctrl Pts',(-14.8237524484388,-12.,5.43463283012097));
#16562=CARTESIAN_POINT('Ctrl Pts',(-15.2139315527171,-12.,5.63451226611495));
#16563=CARTESIAN_POINT('Ctrl Pts',(-16.0870018383841,-12.,5.92470952027874));
#16564=CARTESIAN_POINT('Ctrl Pts',(-16.559773821457,-12.,6.));
#16565=CARTESIAN_POINT('Ctrl Pts',(-17.0357864376269,-12.,6.));
#16566=CARTESIAN_POINT('',(-32.5,-12.,6.));
#16567=CARTESIAN_POINT('',(7.225,-12.,6.));
#16568=CARTESIAN_POINT('',(-34.5,-12.,3.17157287525381));
#16569=CARTESIAN_POINT('Origin',(-32.5,-12.,3.17157287525381));
#16570=CARTESIAN_POINT('',(-34.5,-12.,36.));
#16571=CARTESIAN_POINT('',(-34.5,-12.,36.));
#16572=CARTESIAN_POINT('',(-30.5,-12.,40.));
#16573=CARTESIAN_POINT('Origin',(-30.5,-12.,36.));
#16574=CARTESIAN_POINT('',(30.5,-12.,40.));
#16575=CARTESIAN_POINT('',(30.5,-12.,40.));
#16576=CARTESIAN_POINT('',(34.5,-12.,36.));
#16577=CARTESIAN_POINT('Origin',(30.5,-12.,36.));
#16578=CARTESIAN_POINT('',(34.5,-12.,3.17157287525378));
#16579=CARTESIAN_POINT('',(34.5,-12.,5.));
#16580=CARTESIAN_POINT('',(32.5,-12.,6.));
#16581=CARTESIAN_POINT('Origin',(32.5,-12.,3.17157287525378));
#16582=CARTESIAN_POINT('',(17.0357864376269,-12.,6.));
#16583=CARTESIAN_POINT('',(7.225,-12.,6.));
#16584=CARTESIAN_POINT('',(14.45,-12.,5.17157287525382));
#16585=CARTESIAN_POINT('Ctrl Pts',(17.0357864376269,-12.,6.));
#16586=CARTESIAN_POINT('Ctrl Pts',(16.7896814881033,-12.,6.));
#16587=CARTESIAN_POINT('Ctrl Pts',(16.5439700625698,-11.9999999999863,5.97987463184249));
#16588=CARTESIAN_POINT('Ctrl Pts',(15.9634978600083,-11.9999999999863,5.88324231098442));
#16589=CARTESIAN_POINT('Ctrl Pts',(15.6341306326805,-12.,5.78821560290899));
#16590=CARTESIAN_POINT('Ctrl Pts',(15.0143724225996,-12.,5.52779432949945));
#16591=CARTESIAN_POINT('Ctrl Pts',(14.729124424567,-12.,5.36803404430058));
#16592=CARTESIAN_POINT('Ctrl Pts',(14.4558911847433,-12.,5.17573369519405));
#16593=CARTESIAN_POINT('Ctrl Pts',(14.4529444461481,-12.,5.17365491309201));
#16594=CARTESIAN_POINT('Ctrl Pts',(14.45,-12.,5.17157287525382));
#16595=CARTESIAN_POINT('',(14.45,-12.,1.));
#16596=CARTESIAN_POINT('',(14.45,-12.,0.));
#16597=CARTESIAN_POINT('',(8.83906531865005,-12.,1.));
#16598=CARTESIAN_POINT('',(7.225,-12.,1.));
#16599=CARTESIAN_POINT('',(8.83906531865005,-12.,4.));
#16600=CARTESIAN_POINT('',(8.83906531865005,-12.,0.));
#16601=CARTESIAN_POINT('Ctrl Pts',(8.83906531865005,-12.,4.));
#16602=CARTESIAN_POINT('Ctrl Pts',(8.4425508220295,-12.,4.28037808939916));
#16603=CARTESIAN_POINT('Ctrl Pts',(7.96366079770969,-12.,4.61244379981249));
#16604=CARTESIAN_POINT('Ctrl Pts',(7.24227530532038,-12.,4.91228376250424));
#16605=CARTESIAN_POINT('Ctrl Pts',(6.89858590470078,-12.,5.));
#16606=CARTESIAN_POINT('Ctrl Pts',(6.60299734115026,-12.,5.));
#16607=CARTESIAN_POINT('Ctrl Pts',(3.74503629655031,-12.,5.));
#16608=CARTESIAN_POINT('Ctrl Pts',(3.49015887467475,-12.,5.));
#16609=CARTESIAN_POINT('Ctrl Pts',(3.21483673327213,-12.,4.96109134373722));
#16610=CARTESIAN_POINT('Ctrl Pts',(2.68281761556381,-12.,4.81083773828644));
#16611=CARTESIAN_POINT('Ctrl Pts',(2.42595999599817,-12.,4.7000621783504));
#16612=CARTESIAN_POINT('Ctrl Pts',(1.8564527950513,-12.,4.39354689443689));
#16613=CARTESIAN_POINT('Ctrl Pts',(1.51064760371426,-12.,4.14212246344651));
#16614=CARTESIAN_POINT('Ctrl Pts',(0.862485353375508,-12.,3.58268197471212));
#16615=CARTESIAN_POINT('Ctrl Pts',(0.558032903493515,-12.,3.27709822208096));
#16616=CARTESIAN_POINT('Ctrl Pts',(0.280934681412558,-12.,3.));
#16617=CARTESIAN_POINT('',(-14.5756490990378,-12.,26.6376079588827));
#16618=CARTESIAN_POINT('',(-15.6163498221819,-12.,25.5818246165669));
#16619=CARTESIAN_POINT('',(-13.9384406375656,-12.,27.2840513255911));
#16620=CARTESIAN_POINT('',(-14.,-12.,28.0416109898368));
#16621=CARTESIAN_POINT('Origin',(-16.,-12.,28.0416109898368));
#16622=CARTESIAN_POINT('',(-14.,-12.,30.3902277713535));
#16623=CARTESIAN_POINT('',(-14.,-12.,15.4844355629254));
#16624=CARTESIAN_POINT('',(-14.9090909090909,-12.,32.0665085817704));
#16625=CARTESIAN_POINT('Origin',(-16.,-12.,30.3902277713535));
#16626=CARTESIAN_POINT('',(-16.4416625811247,-12.,35.6363636363636));
#16627=CARTESIAN_POINT('Origin',(-13.,-12.,35.));
#16628=CARTESIAN_POINT('',(-18.408326913196,-12.,38.));
#16629=CARTESIAN_POINT('Origin',(-18.408326913196,-12.,36.));
#16630=CARTESIAN_POINT('',(-18.9,-12.,38.));
#16631=CARTESIAN_POINT('',(-2.79583835342096,-12.,38.));
#16632=CARTESIAN_POINT('',(-20.9,-12.,36.));
#16633=CARTESIAN_POINT('Origin',(-18.9,-12.,36.));
#16634=CARTESIAN_POINT('',(-22.5590225382665,-12.,33.5762505458464));
#16635=CARTESIAN_POINT('Origin',(-23.5,-12.,36.));
#16636=CARTESIAN_POINT('',(-23.2391967524997,-12.,30.2874769878402));
#16637=CARTESIAN_POINT('Origin',(-21.8351937215485,-12.,31.7118278888052));
#16638=CARTESIAN_POINT('',(-18.4447037540953,-12.,25.5614767465559));
#16639=CARTESIAN_POINT('',(-3.35691221553664,-12.,10.6892250871196));
#16640=CARTESIAN_POINT('Origin',(-17.0407007231441,-12.,26.9858276475209));
#16641=CARTESIAN_POINT('',(29.075649099035,-12.,11.927463031436));
#16642=CARTESIAN_POINT('',(23.7633274361929,-12.,17.3167748633048));
#16643=CARTESIAN_POINT('',(29.3094891833141,-12.,11.6902339604283));
#16644=CARTESIAN_POINT('',(32.5,-12.,13.3314660623872));
#16645=CARTESIAN_POINT('Origin',(30.5,-12.,13.3314660623872));
#16646=CARTESIAN_POINT('',(32.5,-12.,31.8279609831424));
#16647=CARTESIAN_POINT('',(32.5,-12.,17.1089118208683));
#16648=CARTESIAN_POINT('',(29.0959969690488,-12.,33.2523118841074));
#16649=CARTESIAN_POINT('Origin',(30.5,-12.,31.8279609831424));
#16650=CARTESIAN_POINT('',(24.2587808901426,-12.,28.4841988920427));
#16651=CARTESIAN_POINT('',(14.051641342462,-12.,18.4228756236148));
#16652=CARTESIAN_POINT('',(24.7224430858356,-12.,25.2946966906092));
#16653=CARTESIAN_POINT('Origin',(25.6627839210938,-12.,27.0598479910777));
#16654=CARTESIAN_POINT('',(24.4539051470892,-12.,20.5813092445795));
#16655=CARTESIAN_POINT('Origin',(23.5,-12.,23.));
#16656=CARTESIAN_POINT('Origin',(25.1876783371578,-12.,18.720777894256));
#16657=CARTESIAN_POINT('',(4.40400303095121,-12.,11.7213574623139));
#16658=CARTESIAN_POINT('',(0.999999999999994,-12.,13.1457083632789));
#16659=CARTESIAN_POINT('Origin',(3.,-12.,13.1457083632789));
#16660=CARTESIAN_POINT('',(11.4040030309803,-12.,18.6213574623425));
#16661=CARTESIAN_POINT('',(7.67060027578272,-12.,14.9412890322192));
#16662=CARTESIAN_POINT('',(12.0000000000291,-12.,20.0457083633076));
#16663=CARTESIAN_POINT('Origin',(10.0000000000291,-12.,20.0457083633076));
#16664=CARTESIAN_POINT('',(12.0000000000291,-12.,25.5815774158457));
#16665=CARTESIAN_POINT('',(12.0000000000291,-12.,12.9957915057604));
#16666=CARTESIAN_POINT('',(11.4243509009942,-12.,26.9855804467968));
#16667=CARTESIAN_POINT('Origin',(10.0000000000291,-12.,25.5815774158457));
#16668=CARTESIAN_POINT('',(4.42435090096507,-12.,34.0870297221894));
#16669=CARTESIAN_POINT('',(14.5594891833149,-12.,23.8050053777755));
#16670=CARTESIAN_POINT('',(0.999999999999997,-12.,32.6830266912383));
#16671=CARTESIAN_POINT('Origin',(3.,-12.,32.6830266912383));
#16672=CARTESIAN_POINT('',(0.999999999999993,-12.,5.37792285234234));
#16673=CARTESIAN_POINT('',(-18.5,-12.,7.));
#16674=CARTESIAN_POINT('',(-26.3446977384774,-12.,7.));
#16675=CARTESIAN_POINT('',(-1.46874109684804,-12.,7.));
#16676=CARTESIAN_POINT('',(-16.5,-12.,9.));
#16677=CARTESIAN_POINT('Origin',(-18.5,-12.,9.));
#16678=CARTESIAN_POINT('',(-14.9090909090909,-12.,11.9334914182296));
#16679=CARTESIAN_POINT('Origin',(-13.,-12.,9.));
#16680=CARTESIAN_POINT('',(-14.,-12.,13.6097722286465));
#16681=CARTESIAN_POINT('Origin',(-16.,-12.,13.6097722286465));
#16682=CARTESIAN_POINT('',(-14.,-12.,17.5351038402853));
#16683=CARTESIAN_POINT('',(-14.,-12.,8.97676896372545));
#16684=CARTESIAN_POINT('',(-14.5959969690488,-12.,18.9594547412503));
#16685=CARTESIAN_POINT('Origin',(-16.,-12.,17.5351038402853));
#16686=CARTESIAN_POINT('',(-15.5756540821596,-12.,19.9251167527453));
#16687=CARTESIAN_POINT('',(-3.33656434552546,-12.,7.86087115520591));
#16688=CARTESIAN_POINT('',(-18.4040080140728,-12.,19.9047688827346));
#16689=CARTESIAN_POINT('Origin',(-16.9796571131108,-12.,18.5007658517803));
#16690=CARTESIAN_POINT('',(-27.7690486394394,-12.,10.4040030309543));
#16691=CARTESIAN_POINT('',(-20.8057208361021,-12.,17.4682486285125));
#16692=CARTESIAN_POINT('Origin',(-26.3446977384774,-12.,9.));
#16693=CARTESIAN_POINT('',(10.5,-12.,9.));
#16694=CARTESIAN_POINT('Origin',(13.,-12.,9.));
#16695=CARTESIAN_POINT('',(10.5,-12.,35.));
#16696=CARTESIAN_POINT('Origin',(13.,-12.,35.));
#16697=CARTESIAN_POINT('',(-15.5,-12.,35.));
#16698=CARTESIAN_POINT('Origin',(-13.,-12.,35.));
#16699=CARTESIAN_POINT('',(-15.5,-12.,9.));
#16700=CARTESIAN_POINT('Origin',(-13.,-12.,9.));
#16701=CARTESIAN_POINT('',(21.9,-12.,36.));
#16702=CARTESIAN_POINT('Origin',(23.5,-12.,36.));
#16703=CARTESIAN_POINT('',(21.9,-12.,23.));
#16704=CARTESIAN_POINT('Origin',(23.5,-12.,23.));
#16705=CARTESIAN_POINT('',(-25.1,-12.,36.));
#16706=CARTESIAN_POINT('Origin',(-23.5,-12.,36.));
#16707=CARTESIAN_POINT('',(-25.1,-12.,23.));
#16708=CARTESIAN_POINT('Origin',(-23.5,-12.,23.));
#16709=CARTESIAN_POINT('',(-19.9177906114303,-12.,22.642542455048));
#16710=CARTESIAN_POINT('',(-19.8385328500467,-12.,22.7229488796398));
#16711=CARTESIAN_POINT('',(-17.06988251307,-12.,25.5317245838078));
#16712=CARTESIAN_POINT('',(-19.9061534137424,-12.,22.7896034352827));
#16713=CARTESIAN_POINT('',(-5.49672704381419,-12.,8.58602601349634));
#16714=CARTESIAN_POINT('Origin',(-23.5,-12.,23.));
#16715=CARTESIAN_POINT('',(19.9177906114227,-12.,22.6425424551235));
#16716=CARTESIAN_POINT('',(19.9061534137424,-12.,22.7896034352827));
#16717=CARTESIAN_POINT('Origin',(23.5,-12.,23.));
#16718=CARTESIAN_POINT('',(19.8385328500808,-12.,22.7229488796734));
#16719=CARTESIAN_POINT('',(12.7918682162842,-12.,15.7769508835024));
#16720=CARTESIAN_POINT('',(24.230559939508,-12.,18.2672692237328));
#16721=CARTESIAN_POINT('',(-23.7633274361604,-12.,17.3167748632881));
#16722=CARTESIAN_POINT('',(-29.0756490990378,-12.,11.9274630314049));
#16723=CARTESIAN_POINT('',(-17.9839604083393,-12.,23.1799008335181));
#16724=CARTESIAN_POINT('',(-24.4539051470693,-12.,20.5813092445716));
#16725=CARTESIAN_POINT('Origin',(-25.1876783371226,-12.,18.7207778942421));
#16726=CARTESIAN_POINT('',(-24.7224430858356,-12.,25.2946966906092));
#16727=CARTESIAN_POINT('Origin',(-23.5,-12.,23.));
#16728=CARTESIAN_POINT('',(-24.2587808901426,-12.,28.4841988920428));
#16729=CARTESIAN_POINT('Origin',(-25.6627839210938,-12.,27.0598479910778));
#16730=CARTESIAN_POINT('',(-29.0959969690488,-12.,33.2523118841075));
#16731=CARTESIAN_POINT('',(-10.5916488214674,-12.,15.0123115672058));
#16732=CARTESIAN_POINT('',(-32.5,-12.,31.8279609831425));
#16733=CARTESIAN_POINT('Origin',(-30.5,-12.,31.8279609831425));
#16734=CARTESIAN_POINT('',(-32.5,-12.,13.3314660623589));
#16735=CARTESIAN_POINT('',(-32.5,-12.,5.44623747972207));
#16736=CARTESIAN_POINT('Origin',(-30.5,-12.,13.3314660623589));
#16737=CARTESIAN_POINT('',(-4.40400303095122,-12.,11.7213574623139));
#16738=CARTESIAN_POINT('',(-11.4040030309803,-12.,18.6213574623426));
#16739=CARTESIAN_POINT('',(4.15835117853265,-12.,3.28132259867986));
#16740=CARTESIAN_POINT('',(-1.00000000000001,-12.,13.1457083632789));
#16741=CARTESIAN_POINT('Origin',(-3.00000000000001,-12.,13.1457083632789));
#16742=CARTESIAN_POINT('',(-1.,-12.,32.6830266911072));
#16743=CARTESIAN_POINT('',(-1.00000000000001,-12.,17.5610088970107));
#16744=CARTESIAN_POINT('',(-4.42435090096199,-12.,34.0870297220614));
#16745=CARTESIAN_POINT('Origin',(-3.00000000000001,-12.,32.6830266911072));
#16746=CARTESIAN_POINT('',(-11.4243509009911,-12.,26.9855804467001));
#16747=CARTESIAN_POINT('',(-11.9384406375772,-12.,26.4640401342237));
#16748=CARTESIAN_POINT('',(-12.0000000000291,-12.,25.5815774157458));
#16749=CARTESIAN_POINT('Origin',(-10.0000000000291,-12.,25.5815774157458));
#16750=CARTESIAN_POINT('',(-12.0000000000291,-12.,20.0457083633076));
#16751=CARTESIAN_POINT('',(-12.0000000000291,-12.,9.813637138071));
#16752=CARTESIAN_POINT('Origin',(-10.0000000000291,-12.,20.0457083633076));
#16753=CARTESIAN_POINT('',(26.3446977385038,-12.,7.));
#16754=CARTESIAN_POINT('',(18.5,-12.,7.));
#16755=CARTESIAN_POINT('',(21.5922801985489,-12.,7.));
#16756=CARTESIAN_POINT('',(27.7690486394689,-12.,10.4040030309511));
#16757=CARTESIAN_POINT('Origin',(26.3446977385038,-12.,9.));
#16758=CARTESIAN_POINT('',(18.4040080141103,-12.,19.9047688827653));
#16759=CARTESIAN_POINT('',(22.0544047073909,-12.,16.2014678895816));
#16760=CARTESIAN_POINT('',(15.575654082194,-12.,19.9251167527791));
#16761=CARTESIAN_POINT('Origin',(16.9796571131452,-12.,18.5007658518141));
#16762=CARTESIAN_POINT('',(14.5959969690488,-12.,18.9594547412503));
#16763=CARTESIAN_POINT('',(9.67060027576817,-12.,14.1044208578737));
#16764=CARTESIAN_POINT('',(14.,-12.,17.5351038402853));
#16765=CARTESIAN_POINT('Origin',(16.,-12.,17.5351038402853));
#16766=CARTESIAN_POINT('',(14.,-12.,13.6097722286464));
#16767=CARTESIAN_POINT('',(14.,-12.,6.51556443707463));
#16768=CARTESIAN_POINT('',(14.9090909090909,-12.,11.9334914182295));
#16769=CARTESIAN_POINT('Origin',(16.,-12.,13.6097722286464));
#16770=CARTESIAN_POINT('',(16.5,-12.,9.));
#16771=CARTESIAN_POINT('Origin',(13.,-12.,9.));
#16772=CARTESIAN_POINT('Origin',(18.5,-12.,9.));
#16773=CARTESIAN_POINT('',(18.4447037541364,-12.,25.5614767465964));
#16774=CARTESIAN_POINT('',(15.6163498222202,-12.,25.5818246166102));
#16775=CARTESIAN_POINT('Origin',(17.0407007231852,-12.,26.9858276475614));
#16776=CARTESIAN_POINT('',(23.2391967524997,-12.,30.2874769878402));
#16777=CARTESIAN_POINT('',(14.1666617300908,-12.,21.3445496086086));
#16778=CARTESIAN_POINT('',(22.5590225382665,-12.,33.5762505458464));
#16779=CARTESIAN_POINT('Origin',(21.8351937215485,-12.,31.7118278888052));
#16780=CARTESIAN_POINT('',(20.9,-12.,36.));
#16781=CARTESIAN_POINT('Origin',(23.5,-12.,36.));
#16782=CARTESIAN_POINT('',(18.9,-12.,38.));
#16783=CARTESIAN_POINT('Origin',(18.9,-12.,36.));
#16784=CARTESIAN_POINT('',(18.408326913196,-12.,38.));
#16785=CARTESIAN_POINT('',(15.7405644370746,-12.,38.));
#16786=CARTESIAN_POINT('',(16.4416625811247,-12.,35.6363636363636));
#16787=CARTESIAN_POINT('Origin',(18.408326913196,-12.,36.));
#16788=CARTESIAN_POINT('',(14.9090909090909,-12.,32.0665085817704));
#16789=CARTESIAN_POINT('Origin',(13.,-12.,35.));
#16790=CARTESIAN_POINT('',(14.,-12.,30.3902277713536));
#16791=CARTESIAN_POINT('Origin',(16.,-12.,30.3902277713536));
#16792=CARTESIAN_POINT('',(14.,-12.,28.0416109899232));
#16793=CARTESIAN_POINT('',(14.,-12.,13.815802697124));
#16794=CARTESIAN_POINT('',(14.575649099035,-12.,26.637607958972));
#16795=CARTESIAN_POINT('Origin',(16.,-12.,28.0416109899232));
#16796=CARTESIAN_POINT('',(22.0747525774032,-12.,19.0298218214971));
#16797=CARTESIAN_POINT('Origin',(-0.280934681412557,-9.99999999999999,0.));
#16798=CARTESIAN_POINT('',(-2.1505018425879,-10.7104355212507,3.));
#16799=CARTESIAN_POINT('',(-2.1505018425879,-10.7104355212507,0.));
#16800=CARTESIAN_POINT('Origin',(-0.280934681412557,-9.99999999999999,3.));
#16801=CARTESIAN_POINT('Origin',(-1.66046734066035,-12.,0.));
#16802=CARTESIAN_POINT('',(-11.2325018426402,13.1895644787493,3.));
#16803=CARTESIAN_POINT('',(-11.2325018426402,13.1895644787493,0.));
#16804=CARTESIAN_POINT('',(-3.54801912151751,-7.03275847145712,3.));
#16805=CARTESIAN_POINT('Origin',(-8.83906531860159,-10.,0.5));
#16806=CARTESIAN_POINT('',(-8.83906531860159,-13.,0.));
#16807=CARTESIAN_POINT('',(-8.83906531860159,-13.,0.));
#16808=CARTESIAN_POINT('',(-6.96949815742319,-9.28956447875733,1.));
#16809=CARTESIAN_POINT('Origin',(-8.83906531860159,-10.,1.));
#16810=CARTESIAN_POINT('',(-6.03471457683399,-8.934346718136,0.));
#16811=CARTESIAN_POINT('',(-6.96949815742319,-9.28956447875733,1.));
#16812=CARTESIAN_POINT('Origin',(-8.83906531860159,-10.,0.));
#16813=CARTESIAN_POINT('Origin',(7.225,-12.5,0.5));
#16814=CARTESIAN_POINT('',(-14.45,-13.,0.));
#16815=CARTESIAN_POINT('',(-14.45,-13.,0.));
#16816=CARTESIAN_POINT('',(7.225,-13.,0.));
#16817=CARTESIAN_POINT('Origin',(-14.45,-7.99999999999999,0.5));
#16818=CARTESIAN_POINT('',(-19.45,-7.99999999999999,0.));
#16819=CARTESIAN_POINT('',(-18.45,-7.99999999999999,1.));
#16820=CARTESIAN_POINT('',(-19.45,-7.99999999999999,0.));
#16821=CARTESIAN_POINT('Origin',(-14.45,-7.99999999999999,1.));
#16822=CARTESIAN_POINT('Origin',(-14.45,-7.99999999999999,0.));
#16823=CARTESIAN_POINT('Origin',(-18.95,-4.,0.5));
#16824=CARTESIAN_POINT('',(-19.45,10.0287754775089,0.));
#16825=CARTESIAN_POINT('',(-18.45,10.0287754775089,1.));
#16826=CARTESIAN_POINT('',(-19.45,10.0287754775089,0.));
#16827=CARTESIAN_POINT('',(-18.45,-4.,1.));
#16828=CARTESIAN_POINT('',(-19.45,-4.,0.));
#16829=CARTESIAN_POINT('Origin',(-16.45,10.0287754775089,0.5));
#16830=CARTESIAN_POINT('',(-13.6456492582324,11.0944287593729,0.));
#16831=CARTESIAN_POINT('Origin',(-16.45,10.0287754775089,0.));
#16832=CARTESIAN_POINT('',(-14.5804328388216,10.7392109987515,1.));
#16833=CARTESIAN_POINT('',(-13.6456492582324,11.0944287593729,0.));
#16834=CARTESIAN_POINT('Origin',(-16.45,10.0287754775089,1.));
#16835=CARTESIAN_POINT('Origin',(-12.2987393279659,6.14234166702482,0.5));
#16836=CARTESIAN_POINT('',(-12.7661311182605,5.96473278671416,1.));
#16837=CARTESIAN_POINT('',(-11.8313475376713,6.31995054733549,0.));
#16838=CARTESIAN_POINT('Origin',(-16.45,10.0287754775089,0.));
#16839=CARTESIAN_POINT('',(-14.5804328388216,10.7392109987515,4.));
#16840=CARTESIAN_POINT('',(-14.5804328388216,10.7392109987515,0.));
#16841=CARTESIAN_POINT('',(-18.45,10.0287754775089,4.));
#16842=CARTESIAN_POINT('Origin',(-16.45,10.0287754775089,4.));
#16843=CARTESIAN_POINT('',(-18.45,10.0287754775089,0.));
#16844=CARTESIAN_POINT('Origin',(-16.357557011648,15.4158535588549,0.));
#16845=CARTESIAN_POINT('',(-6.96949815742319,-9.28956447875733,4.));
#16846=CARTESIAN_POINT('',(-6.96949815742319,-9.28956447875733,0.));
#16847=CARTESIAN_POINT('',(-12.7661311182605,5.96473278671416,4.));
#16848=CARTESIAN_POINT('Origin',(-8.83906531860159,-10.,0.));
#16849=CARTESIAN_POINT('Origin',(-8.83906531860159,-10.,4.));
#16850=CARTESIAN_POINT('Origin',(2.22044604925031E-15,6.66133814775094E-15,
0.));
#16851=CARTESIAN_POINT('',(-11.5,31.,0.));
#16852=CARTESIAN_POINT('',(-13.5,33.,0.));
#16853=CARTESIAN_POINT('Origin',(-13.5,31.,0.));
#16854=CARTESIAN_POINT('',(-11.5,28.5,0.));
#16855=CARTESIAN_POINT('',(-11.5,28.5,0.));
#16856=CARTESIAN_POINT('',(-9.5,26.5,0.));
#16857=CARTESIAN_POINT('Origin',(-9.5,28.5,0.));
#16858=CARTESIAN_POINT('',(9.5,26.5,0.));
#16859=CARTESIAN_POINT('',(9.5,26.5,0.));
#16860=CARTESIAN_POINT('',(11.5,28.5,0.));
#16861=CARTESIAN_POINT('Origin',(9.5,28.5,0.));
#16862=CARTESIAN_POINT('',(11.5,31.,0.));
#16863=CARTESIAN_POINT('',(11.5,31.,0.));
#16864=CARTESIAN_POINT('',(13.5,33.,0.));
#16865=CARTESIAN_POINT('Origin',(13.5,31.,0.));
#16866=CARTESIAN_POINT('',(22.5,33.,0.));
#16867=CARTESIAN_POINT('',(22.5,33.,0.));
#16868=CARTESIAN_POINT('',(34.5,21.,0.));
#16869=CARTESIAN_POINT('Origin',(22.5,21.,0.));
#16870=CARTESIAN_POINT('',(34.5,-21.,0.));
#16871=CARTESIAN_POINT('',(34.5,-21.,0.));
#16872=CARTESIAN_POINT('',(22.5,-33.,0.));
#16873=CARTESIAN_POINT('Origin',(22.5,-21.,0.));
#16874=CARTESIAN_POINT('',(12.,-33.,0.));
#16875=CARTESIAN_POINT('',(12.,-33.,0.));
#16876=CARTESIAN_POINT('',(10.,-31.,0.));
#16877=CARTESIAN_POINT('Origin',(12.,-31.,0.));
#16878=CARTESIAN_POINT('',(10.,-25.,0.));
#16879=CARTESIAN_POINT('',(10.,-25.,0.));
#16880=CARTESIAN_POINT('',(7.,-22.,0.));
#16881=CARTESIAN_POINT('Origin',(7.,-25.,0.));
#16882=CARTESIAN_POINT('',(-7.,-22.,0.));
#16883=CARTESIAN_POINT('',(-7.,-22.,0.));
#16884=CARTESIAN_POINT('',(-10.,-25.,0.));
#16885=CARTESIAN_POINT('Origin',(-7.,-25.,0.));
#16886=CARTESIAN_POINT('',(-10.,-31.,0.));
#16887=CARTESIAN_POINT('',(-10.,-31.,0.));
#16888=CARTESIAN_POINT('',(-12.,-33.,0.));
#16889=CARTESIAN_POINT('Origin',(-12.,-31.,0.));
#16890=CARTESIAN_POINT('',(-22.5,-33.,0.));
#16891=CARTESIAN_POINT('',(-22.5,-33.,0.));
#16892=CARTESIAN_POINT('',(-34.5,-21.,0.));
#16893=CARTESIAN_POINT('Origin',(-22.5,-21.,0.));
#16894=CARTESIAN_POINT('',(-34.5,21.,0.));
#16895=CARTESIAN_POINT('',(-34.5,21.,0.));
#16896=CARTESIAN_POINT('',(-22.5,33.,0.));
#16897=CARTESIAN_POINT('Origin',(-22.5,21.,0.));
#16898=CARTESIAN_POINT('',(-13.5,33.,0.));
#16899=CARTESIAN_POINT('',(3.64881048625766,20.497046776485,0.));
#16900=CARTESIAN_POINT('Origin',(2.44488291629381,18.9,0.));
#16901=CARTESIAN_POINT('',(1.80589135494578,21.8863242754719,0.));
#16902=CARTESIAN_POINT('',(8.60467799079429,16.7610851192242,0.));
#16903=CARTESIAN_POINT('',(-1.80589135494578,21.8863242754719,0.));
#16904=CARTESIAN_POINT('Origin',(-1.94289029309402E-15,19.4907541107445,
0.));
#16905=CARTESIAN_POINT('',(-3.64881048625767,20.497046776485,0.));
#16906=CARTESIAN_POINT('',(-5.88835647448369,18.8087736469016,0.));
#16907=CARTESIAN_POINT('Origin',(-2.44488291629382,18.9,0.));
#16908=CARTESIAN_POINT('',(8.83906531865005,-13.,0.));
#16909=CARTESIAN_POINT('',(6.03471457688122,-8.93434671813925,0.));
#16910=CARTESIAN_POINT('Origin',(8.83906531865005,-10.,0.));
#16911=CARTESIAN_POINT('',(14.45,-13.,0.));
#16912=CARTESIAN_POINT('',(7.225,-13.,0.));
#16913=CARTESIAN_POINT('',(19.45,-7.99999999999999,0.));
#16914=CARTESIAN_POINT('Origin',(14.45,-7.99999999999999,0.));
#16915=CARTESIAN_POINT('',(19.45,10.0287754774512,0.));
#16916=CARTESIAN_POINT('',(19.45,5.95000000000001,0.));
#16917=CARTESIAN_POINT('',(13.6456492582312,11.0944287593119,0.));
#16918=CARTESIAN_POINT('Origin',(16.45,10.0287754774512,0.));
#16919=CARTESIAN_POINT('',(6.62233536157194,-7.38797623209448,0.));
#16920=CARTESIAN_POINT('',(19.,-24.1170792414363,0.));
#16921=CARTESIAN_POINT('',(24.4723894920313,-22.4178764284404,0.));
#16922=CARTESIAN_POINT('Origin',(22.,-24.1170792414363,0.));
#16923=CARTESIAN_POINT('',(19.,-27.899999999936,0.));
#16924=CARTESIAN_POINT('',(18.9999999999999,-11.9499999999971,0.));
#16925=CARTESIAN_POINT('',(18.9491524206115,-28.4500000000008,0.));
#16926=CARTESIAN_POINT('Origin',(16.,-27.9,0.));
#16927=CARTESIAN_POINT('',(21.8983048412314,-32.0000000000017,0.));
#16928=CARTESIAN_POINT('Origin',(21.8983048412231,-29.0000000000017,0.));
#16929=CARTESIAN_POINT('',(22.5000000000028,-32.,0.));
#16930=CARTESIAN_POINT('',(9.26392246601542,-32.0000000000367,0.));
#16931=CARTESIAN_POINT('',(26.0275698395794,-31.4190331138206,0.));
#16932=CARTESIAN_POINT('Origin',(22.5,-21.,0.));
#16933=CARTESIAN_POINT('',(27.5378948299072,-26.8782758152373,0.));
#16934=CARTESIAN_POINT('Origin',(25.0655053378759,-28.5774786282332,0.));
#16935=CARTESIAN_POINT('',(17.4989519237035,-12.2713220351645,0.));
#16936=CARTESIAN_POINT('',(-32.3058913549458,-1.10598341680293,0.));
#16937=CARTESIAN_POINT('',(-31.3019724772781,-0.349183032100726,0.));
#16938=CARTESIAN_POINT('',(-19.7143642084754,8.38609089359961,0.));
#16939=CARTESIAN_POINT('',(-33.5,-3.50155358153035,0.));
#16940=CARTESIAN_POINT('Origin',(-30.5,-3.50155358153035,0.));
#16941=CARTESIAN_POINT('',(-33.5,-7.55987245501166,0.));
#16942=CARTESIAN_POINT('',(-33.5,-1.25231147230508,0.));
#16943=CARTESIAN_POINT('',(-27.5631524290473,-8.17218474868971,0.));
#16944=CARTESIAN_POINT('Origin',(-30.5,-7.55987245501166,0.));
#16945=CARTESIAN_POINT('',(-26.5592335513797,-3.35706549050619,0.));
#16946=CARTESIAN_POINT('',(-26.3844213290108,-2.51860959808427,0.));
#16947=CARTESIAN_POINT('Origin',(-29.4960811223324,-2.74475319682814,0.));
#16948=CARTESIAN_POINT('',(-14.9478094069899,25.0708787328074,0.));
#16949=CARTESIAN_POINT('',(-11.0082475255919,25.9067029862459,0.));
#16950=CARTESIAN_POINT('Origin',(-12.5164950511838,23.3134059724918,0.));
#16951=CARTESIAN_POINT('',(-15.1249030256459,24.8403127624159,0.));
#16952=CARTESIAN_POINT('Origin',(-19.,28.,0.));
#16953=CARTESIAN_POINT('',(-15.6041955827965,21.8788471379894,0.));
#16954=CARTESIAN_POINT('Origin',(-12.7998448410335,22.9445004198654,0.));
#16955=CARTESIAN_POINT('',(-14.6931228986505,19.4812874428821,0.));
#16956=CARTESIAN_POINT('',(-11.213077901843,10.3232742934413,0.));
#16957=CARTESIAN_POINT('',(-10.0828808019429,18.15137056003,0.));
#16958=CARTESIAN_POINT('Origin',(-11.8887721568875,20.5469407247582,0.));
#16959=CARTESIAN_POINT('',(-7.49208788579952,20.1044298352717,0.));
#16960=CARTESIAN_POINT('',(-11.9271369989373,16.7610851192221,0.));
#16961=CARTESIAN_POINT('',(-9.29797924074416,25.5,0.));
#16962=CARTESIAN_POINT('Origin',(-9.29797924074416,22.5,0.));
#16963=CARTESIAN_POINT('',(-9.49999999997817,25.5,0.));
#16964=CARTESIAN_POINT('',(-1.66122950404233,25.5,0.));
#16965=CARTESIAN_POINT('Origin',(-9.5,28.5,0.));
#16966=CARTESIAN_POINT('',(10.0828808019772,18.1513705601539,0.));
#16967=CARTESIAN_POINT('',(7.49208788601073,20.1044298352792,0.));
#16968=CARTESIAN_POINT('',(7.5495859787146,20.0610851192407,0.));
#16969=CARTESIAN_POINT('',(14.6931228986948,19.4812874429986,0.));
#16970=CARTESIAN_POINT('Origin',(11.8887721569318,20.5469407248747,0.));
#16971=CARTESIAN_POINT('',(15.6041955827965,21.8788471379894,0.));
#16972=CARTESIAN_POINT('',(10.1638027021379,7.56202376791752,0.));
#16973=CARTESIAN_POINT('',(15.1249030256459,24.8403127624159,0.));
#16974=CARTESIAN_POINT('Origin',(12.7998448410335,22.9445004198654,0.));
#16975=CARTESIAN_POINT('',(14.9478094069899,25.0708787328074,0.));
#16976=CARTESIAN_POINT('Origin',(19.,28.,0.));
#16977=CARTESIAN_POINT('',(11.0082475255919,25.9067029862459,0.));
#16978=CARTESIAN_POINT('Origin',(12.5164950511838,23.3134059724918,0.));
#16979=CARTESIAN_POINT('',(9.49999999997817,25.5,0.));
#16980=CARTESIAN_POINT('Origin',(9.5,28.5,0.));
#16981=CARTESIAN_POINT('',(9.2979792409653,25.5,0.));
#16982=CARTESIAN_POINT('',(4.74999999998545,25.5,0.));
#16983=CARTESIAN_POINT('Origin',(9.2979792409653,22.5,0.));
#16984=CARTESIAN_POINT('',(-15.,28.,0.));
#16985=CARTESIAN_POINT('Origin',(-19.,28.,0.));
#16986=CARTESIAN_POINT('',(-14.,-27.9,0.));
#16987=CARTESIAN_POINT('',(-18.,-27.9,0.));
#16988=CARTESIAN_POINT('Origin',(-16.,-27.9,0.));
#16989=CARTESIAN_POINT('',(-14.,-23.9,0.));
#16990=CARTESIAN_POINT('',(-14.,-23.9,0.));
#16991=CARTESIAN_POINT('',(-18.,-23.9,0.));
#16992=CARTESIAN_POINT('Origin',(-16.,-23.9,0.));
#16993=CARTESIAN_POINT('',(-18.,-27.9,0.));
#16994=CARTESIAN_POINT('',(18.,-27.9,0.));
#16995=CARTESIAN_POINT('',(14.,-27.9,0.));
#16996=CARTESIAN_POINT('Origin',(16.,-27.9,0.));
#16997=CARTESIAN_POINT('',(18.,-23.9,0.));
#16998=CARTESIAN_POINT('',(18.,-23.9,0.));
#16999=CARTESIAN_POINT('',(14.,-23.9,0.));
#17000=CARTESIAN_POINT('Origin',(16.,-23.9,0.));
#17001=CARTESIAN_POINT('',(14.,-27.9,0.));
#17002=CARTESIAN_POINT('',(-29.4,15.6,0.));
#17003=CARTESIAN_POINT('Origin',(-31.,15.6,0.));
#17004=CARTESIAN_POINT('',(32.6,15.6,0.));
#17005=CARTESIAN_POINT('Origin',(31.,15.6,0.));
#17006=CARTESIAN_POINT('',(23.,28.,0.));
#17007=CARTESIAN_POINT('Origin',(19.,28.,0.));
#17008=CARTESIAN_POINT('',(33.1845920061962,23.6152425625796,0.));
#17009=CARTESIAN_POINT('',(33.4999228103764,20.958791193162,0.));
#17010=CARTESIAN_POINT('Origin',(22.5,21.,0.));
#17011=CARTESIAN_POINT('',(28.0539769336739,24.92351069297,0.));
#17012=CARTESIAN_POINT('Origin',(30.2706123681427,22.901994590967,0.));
#17013=CARTESIAN_POINT('',(23.0713831021211,19.4599905005549,0.));
#17014=CARTESIAN_POINT('',(16.5084045099574,12.2635447791306,0.));
#17015=CARTESIAN_POINT('',(22.3511709656398,16.8261621048614,0.));
#17016=CARTESIAN_POINT('Origin',(25.2880185365898,17.4384743985519,0.));
#17017=CARTESIAN_POINT('',(22.7392482375719,14.9648181384593,0.));
#17018=CARTESIAN_POINT('',(23.4622970909389,11.4968422533263,0.));
#17019=CARTESIAN_POINT('',(27.9385436494208,13.6070213571969,0.));
#17020=CARTESIAN_POINT('Origin',(25.676095808522,15.5771304321499,0.));
#17021=CARTESIAN_POINT('',(27.9558490222411,13.6268946240484,0.));
#17022=CARTESIAN_POINT('',(17.2225510457918,1.30091372214281,0.));
#17023=CARTESIAN_POINT('',(28.4268763478845,15.2271264679227,0.));
#17024=CARTESIAN_POINT('Origin',(26.4475504616418,14.940300674017,0.));
#17025=CARTESIAN_POINT('',(30.7715562858027,18.1899446846301,0.));
#17026=CARTESIAN_POINT('Origin',(31.,15.6,0.));
#17027=CARTESIAN_POINT('Origin',(30.5079673848058,21.1783423976648,0.));
#17028=CARTESIAN_POINT('',(-33.1845920224035,23.6152424963647,0.));
#17029=CARTESIAN_POINT('',(-28.053976920609,24.9235106175629,0.));
#17030=CARTESIAN_POINT('Origin',(-30.2706123799298,22.9019945428107,0.));
#17031=CARTESIAN_POINT('',(-33.497293407306,21.2440035115002,0.));
#17032=CARTESIAN_POINT('Origin',(-22.5,21.,0.));
#17033=CARTESIAN_POINT('',(-30.766943228441,18.1895336532338,0.));
#17034=CARTESIAN_POINT('Origin',(-30.4980315689498,21.1774570992728,0.));
#17035=CARTESIAN_POINT('',(-28.4268763478854,15.2271264679164,0.));
#17036=CARTESIAN_POINT('Origin',(-31.,15.6,0.));
#17037=CARTESIAN_POINT('',(-27.9558490222459,13.6268946240409,0.));
#17038=CARTESIAN_POINT('Origin',(-26.4475504616434,14.9403006740059,0.));
#17039=CARTESIAN_POINT('',(-27.9385436495864,13.6070213573739,0.));
#17040=CARTESIAN_POINT('',(-18.7155087665689,3.01540710463599,0.));
#17041=CARTESIAN_POINT('',(-22.73924823773,14.9648181386433,0.));
#17042=CARTESIAN_POINT('Origin',(-25.6760958086827,15.5771304323214,0.));
#17043=CARTESIAN_POINT('',(-22.3511709990622,16.8261619455389,0.));
#17044=CARTESIAN_POINT('',(-24.1715799021584,8.09489275431525,0.));
#17045=CARTESIAN_POINT('',(-23.071383110694,19.4599903139692,0.));
#17046=CARTESIAN_POINT('Origin',(-25.2880185700149,17.4384742392169,0.));
#17047=CARTESIAN_POINT('',(-12.6447018876218,8.02691213529105,0.));
#17048=CARTESIAN_POINT('',(-22.5,-32.,0.));
#17049=CARTESIAN_POINT('',(-26.0275697716964,-31.4190331368037,0.));
#17050=CARTESIAN_POINT('Origin',(-22.5,-21.,0.));
#17051=CARTESIAN_POINT('',(-21.8983048412315,-32.0000000000017,0.));
#17052=CARTESIAN_POINT('',(-11.2500000000457,-32.0000000000312,0.));
#17053=CARTESIAN_POINT('',(-18.9491524206116,-28.4500000000008,0.));
#17054=CARTESIAN_POINT('Origin',(-21.8983048412232,-29.0000000000017,0.));
#17055=CARTESIAN_POINT('',(-19.,-27.899999999952,0.));
#17056=CARTESIAN_POINT('Origin',(-16.,-27.9,0.));
#17057=CARTESIAN_POINT('',(-19.,-24.1170795544991,0.));
#17058=CARTESIAN_POINT('',(-19.,-13.949999999968,0.));
#17059=CARTESIAN_POINT('',(-24.4723894521073,-22.4178766834126,0.));
#17060=CARTESIAN_POINT('Origin',(-22.,-24.1170795544991,0.));
#17061=CARTESIAN_POINT('',(-27.5378947406138,-26.8782757738617,0.));
#17062=CARTESIAN_POINT('',(-13.945558012216,-7.10103167393043,0.));
#17063=CARTESIAN_POINT('Origin',(-25.0655052885065,-28.5774786449481,0.));
#17064=CARTESIAN_POINT('',(31.3019724771416,-0.349183031997833,0.));
#17065=CARTESIAN_POINT('',(32.3058913549458,-1.10598341680301,0.));
#17066=CARTESIAN_POINT('',(22.1383564744837,6.55877364691902,0.));
#17067=CARTESIAN_POINT('',(26.5592335512457,-3.3570654904158,0.));
#17068=CARTESIAN_POINT('Origin',(29.4960811221958,-2.74475319672524,0.));
#17069=CARTESIAN_POINT('',(27.5631524290499,-8.17218474915187,0.));
#17070=CARTESIAN_POINT('',(25.4012336534756,2.19707611668594,0.));
#17071=CARTESIAN_POINT('',(33.5,-7.55987245546132,0.));
#17072=CARTESIAN_POINT('Origin',(30.5,-7.55987245546132,0.));
#17073=CARTESIAN_POINT('',(33.5,-3.50155358153042,0.));
#17074=CARTESIAN_POINT('',(33.5,-4.99999999999999,0.));
#17075=CARTESIAN_POINT('Origin',(30.5,-3.50155358153042,0.));
#17076=CARTESIAN_POINT('Origin',(8.83906531865005,-10.,0.5));
#17077=CARTESIAN_POINT('',(6.96949815747083,-9.2895644787595,1.));
#17078=CARTESIAN_POINT('',(6.03471457688122,-8.93434671813925,0.));
#17079=CARTESIAN_POINT('Origin',(8.83906531865005,-10.,1.));
#17080=CARTESIAN_POINT('',(8.83906531865005,-12.,1.));
#17081=CARTESIAN_POINT('Origin',(7.08972715186674,-7.56558511240461,0.5));
#17082=CARTESIAN_POINT('',(14.5804328388208,10.7392109986917,1.));
#17083=CARTESIAN_POINT('',(13.6456492582312,11.0944287593119,0.));
#17084=CARTESIAN_POINT('',(7.55711894216155,-7.74319399271473,1.));
#17085=CARTESIAN_POINT('Origin',(16.45,10.0287754774512,0.5));
#17086=CARTESIAN_POINT('',(18.45,10.0287754774512,1.));
#17087=CARTESIAN_POINT('',(19.45,10.0287754774512,0.));
#17088=CARTESIAN_POINT('Origin',(16.45,10.0287754774512,1.));
#17089=CARTESIAN_POINT('Origin',(18.95,5.95000000000001,0.5));
#17090=CARTESIAN_POINT('',(18.45,-7.99999999999999,1.));
#17091=CARTESIAN_POINT('',(19.45,-7.99999999999999,0.));
#17092=CARTESIAN_POINT('',(18.45,5.95000000000001,1.));
#17093=CARTESIAN_POINT('Origin',(14.45,-7.99999999999999,0.5));
#17094=CARTESIAN_POINT('',(14.45,-13.,0.));
#17095=CARTESIAN_POINT('Origin',(14.45,-7.99999999999999,1.));
#17096=CARTESIAN_POINT('Origin',(7.225,-12.5,0.5));
#17097=CARTESIAN_POINT('Origin',(14.45,-7.99999999999999,0.));
#17098=CARTESIAN_POINT('',(16.8245213787681,-11.2189514164978,4.));
#17099=CARTESIAN_POINT('Origin',(14.45,-7.99999999999999,-0.828427124746304));
#17100=CARTESIAN_POINT('',(18.45,-7.99999999999999,4.));
#17101=CARTESIAN_POINT('Origin',(14.45,-7.99999999999999,4.));
#17102=CARTESIAN_POINT('',(18.45,-7.99999999999999,0.));
#17103=CARTESIAN_POINT('Origin',(8.83906531865005,-10.,0.));
#17104=CARTESIAN_POINT('',(6.96949815747083,-9.2895644787595,4.));
#17105=CARTESIAN_POINT('',(6.96949815747083,-9.2895644787595,0.));
#17106=CARTESIAN_POINT('Origin',(8.83906531865005,-10.,4.));
#17107=CARTESIAN_POINT('Origin',(14.45,-7.99999999999999,4.));
#17108=CARTESIAN_POINT('Origin',(19.45,-8.,4.));
#17109=CARTESIAN_POINT('Ctrl Pts',(18.4493190918526,-11.0009076629486,5.));
#17110=CARTESIAN_POINT('Ctrl Pts',(18.2855809237365,-11.005470997159,5.00000000000001));
#17111=CARTESIAN_POINT('Ctrl Pts',(18.123822890726,-11.0030020645741,4.97534864669341));
#17112=CARTESIAN_POINT('Ctrl Pts',(17.7701011915759,-11.0003617939943,4.86532984154616));
#17113=CARTESIAN_POINT('Ctrl Pts',(17.5891175505729,-11.0012144075174,4.7691750533414));
#17114=CARTESIAN_POINT('Ctrl Pts',(17.3017920077393,-11.0303767903215,4.55569035894632));
#17115=CARTESIAN_POINT('Ctrl Pts',(17.1912522789501,-11.0511481697638,4.45258143106562));
#17116=CARTESIAN_POINT('Ctrl Pts',(16.9927383119273,-11.1162506829958,4.23365436249967));
#17117=CARTESIAN_POINT('Ctrl Pts',(16.9058342665914,-11.1595837599996,4.11977772556193));
#17118=CARTESIAN_POINT('Ctrl Pts',(16.8268335351923,-11.2172502844073,4.00341501538357));
#17119=CARTESIAN_POINT('Ctrl Pts',(16.8256763981699,-11.2180993942372,4.00170749942243));
#17120=CARTESIAN_POINT('Ctrl Pts',(16.8245213787686,-11.2189514164975,4.));
#17121=CARTESIAN_POINT('Origin',(19.45,5.95000000000001,4.));
#17122=CARTESIAN_POINT('',(18.45,10.0287754774512,4.));
#17123=CARTESIAN_POINT('Origin',(19.45,10.0287754774512,4.));
#17124=CARTESIAN_POINT('',(18.45,5.95000000000001,4.));
#17125=CARTESIAN_POINT('Origin',(16.45,10.0287754774512,4.));
#17126=CARTESIAN_POINT('',(14.5804328388208,10.7392109986917,4.));
#17127=CARTESIAN_POINT('Origin',(13.6456492582312,11.0944287593119,4.));
#17128=CARTESIAN_POINT('Origin',(16.45,10.0287754774512,4.));
#17129=CARTESIAN_POINT('Origin',(6.62233536157194,-7.38797623209448,4.));
#17130=CARTESIAN_POINT('Origin',(6.03471457688122,-8.93434671813925,4.));
#17131=CARTESIAN_POINT('',(7.55711894216155,-7.74319399271473,4.));
#17132=CARTESIAN_POINT('Origin',(8.83906531865005,-10.,4.));
#17133=CARTESIAN_POINT('Origin',(-14.45,-7.99999999999999,4.));
#17134=CARTESIAN_POINT('',(-18.45,-7.99999999999999,4.));
#17135=CARTESIAN_POINT('Origin',(-19.45,-8.,4.));
#17136=CARTESIAN_POINT('',(-16.8245213787681,-11.2189514164978,4.));
#17137=CARTESIAN_POINT('Ctrl Pts',(-16.8245213787686,-11.2189514164975,
4.));
#17138=CARTESIAN_POINT('Ctrl Pts',(-16.8256763981696,-11.2180993942375,
4.00170749942185));
#17139=CARTESIAN_POINT('Ctrl Pts',(-16.8268335351923,-11.2172502844073,
4.00341501538474));
#17140=CARTESIAN_POINT('Ctrl Pts',(-16.8644446436224,-11.1897960841249,
4.05881362286005));
#17141=CARTESIAN_POINT('Ctrl Pts',(-16.9029454046716,-11.1661007341174,
4.11242553197961));
#17142=CARTESIAN_POINT('Ctrl Pts',(-17.079584697222,-11.0752024432268,4.34201464259692));
#17143=CARTESIAN_POINT('Ctrl Pts',(-17.2377055310985,-11.0368813090145,
4.50807370173726));
#17144=CARTESIAN_POINT('Ctrl Pts',(-17.5891175505729,-11.0012144075174,
4.76917505334143));
#17145=CARTESIAN_POINT('Ctrl Pts',(-17.770101191576,-11.0003617939943,4.86532984154618));
#17146=CARTESIAN_POINT('Ctrl Pts',(-18.1238228907261,-11.0030020645741,
4.97534864669341));
#17147=CARTESIAN_POINT('Ctrl Pts',(-18.2855809237365,-11.005470997159,5.));
#17148=CARTESIAN_POINT('Ctrl Pts',(-18.4493190918526,-11.0009076629486,
5.));
#17149=CARTESIAN_POINT('Origin',(-14.45,-7.99999999999999,4.));
#17150=CARTESIAN_POINT('Origin',(-19.45,-4.,4.));
#17151=CARTESIAN_POINT('Origin',(-19.45,10.0287754775089,4.));
#17152=CARTESIAN_POINT('',(-18.45,-4.,4.));
#17153=CARTESIAN_POINT('Origin',(-16.45,10.0287754775089,4.));
#17154=CARTESIAN_POINT('Origin',(-13.6456492582324,11.0944287593729,4.));
#17155=CARTESIAN_POINT('Origin',(-11.8313475376713,6.31995054733549,4.));
#17156=CARTESIAN_POINT('Origin',(-6.03471457683399,-8.93434671813601,4.));
#17157=CARTESIAN_POINT('Origin',(-8.83906531860159,-10.,4.));
#17158=CARTESIAN_POINT('Origin',(-18.45,-7.99999999999999,0.));
#17159=CARTESIAN_POINT('',(-18.45,-7.99999999999999,0.));
#17160=CARTESIAN_POINT('Origin',(-14.45,-7.99999999999999,0.));
#17161=CARTESIAN_POINT('Origin',(-14.45,-8.,-0.828427124746185));
#17162=CARTESIAN_POINT('Origin',(0.280934681412558,-9.99999999999999,3.));
#17163=CARTESIAN_POINT('Origin',(4.02006900376324,-11.4208710425014,3.));
#17164=CARTESIAN_POINT('Origin',(10.7185862827234,6.20680600729216,3.));
#17165=CARTESIAN_POINT('',(11.2325018426402,13.1895644787493,3.));
#17166=CARTESIAN_POINT('Origin',(13.1020690038155,12.4791289574986,3.));
#17167=CARTESIAN_POINT('',(8.84901912154802,6.91724152854288,3.));
#17168=CARTESIAN_POINT('Origin',(9.36293468146483,13.9,3.));
#17169=CARTESIAN_POINT('Origin',(9.36293468146483,13.9,3.));
#17170=CARTESIAN_POINT('Origin',(-9.36293468146483,13.9,3.));
#17171=CARTESIAN_POINT('Origin',(-13.1020690038155,12.4791289574986,3.));
#17172=CARTESIAN_POINT('Origin',(-9.36293468146483,13.9,3.));
#17173=CARTESIAN_POINT('Origin',(-5.41758628269285,-7.74319399270784,3.));
#17174=CARTESIAN_POINT('Origin',(-4.02006900376324,-11.4208710425014,3.));
#17175=CARTESIAN_POINT('Origin',(-0.280934681412557,-9.99999999999999,3.));
#17176=CARTESIAN_POINT('Origin',(-9.36293468146483,13.9,0.));
#17177=CARTESIAN_POINT('',(-9.36293468146483,15.9,0.));
#17178=CARTESIAN_POINT('Origin',(16.45,10.0287754774512,0.));
#17179=CARTESIAN_POINT('',(18.45,10.0287754774512,0.));
#17180=CARTESIAN_POINT('',(14.5804328388208,10.7392109986917,0.));
#17181=CARTESIAN_POINT('Origin',(5.93953265941047,-12.,0.));
#17182=CARTESIAN_POINT('Origin',(9.36293468146483,13.9,0.));
#17183=CARTESIAN_POINT('',(11.2325018426402,13.1895644787493,0.));
#17184=CARTESIAN_POINT('',(9.36293468146483,15.9,0.));
#17185=CARTESIAN_POINT('Origin',(12.2624673407214,15.9,0.));
#17186=CARTESIAN_POINT('Origin',(-12.2624673407214,15.9,0.));
#17187=CARTESIAN_POINT('Origin',(21.8373745819927,6.15951195279779,0.5));
#17188=CARTESIAN_POINT('',(30.7000086921596,-1.1477064202403,1.));
#17189=CARTESIAN_POINT('',(30.7000086921596,-1.1477064202403,1.));
#17190=CARTESIAN_POINT('',(31.7039275699639,-1.90450680504548,1.));
#17191=CARTESIAN_POINT('',(32.3058913549458,-1.10598341680301,0.));
#17192=CARTESIAN_POINT('',(21.5363926895018,5.76025025867655,1.));
#17193=CARTESIAN_POINT('Origin',(29.4960811221958,-2.74475319672524,0.5));
#17194=CARTESIAN_POINT('',(27.5381827415624,-3.15296139251895,1.));
#17195=CARTESIAN_POINT('Origin',(29.4960811221958,-2.74475319672524,1.));
#17196=CARTESIAN_POINT('Origin',(25.8907082486339,2.29912816563437,0.5));
#17197=CARTESIAN_POINT('',(28.5421016193666,-7.96808065125502,1.));
#17198=CARTESIAN_POINT('Origin',(30.5,-7.55987245546132,0.5));
#17199=CARTESIAN_POINT('',(32.5,-7.55987245546132,1.));
#17200=CARTESIAN_POINT('Origin',(33.,-4.99999999999999,0.5));
#17201=CARTESIAN_POINT('',(32.5,-3.50155358153042,1.));
#17202=CARTESIAN_POINT('Origin',(30.5,-3.50155358153042,0.5));
#17203=CARTESIAN_POINT('Origin',(30.5,-3.50155358153042,1.));
#17204=CARTESIAN_POINT('Origin',(29.4960811221958,-2.74475319672524,0.));
#17205=CARTESIAN_POINT('',(30.7000086921596,-1.1477064202403,0.));
#17206=CARTESIAN_POINT('Origin',(32.5,-2.50462294461034,0.));
#17207=CARTESIAN_POINT('',(31.7039275699639,-1.90450680504548,0.));
#17208=CARTESIAN_POINT('Origin',(22.,-24.1170792414363,0.5));
#17209=CARTESIAN_POINT('',(20.,-24.1170792414363,1.));
#17210=CARTESIAN_POINT('',(23.6482596613542,-22.9842773661057,1.));
#17211=CARTESIAN_POINT('',(24.4723894920313,-22.4178764284404,0.));
#17212=CARTESIAN_POINT('Origin',(22.,-24.1170792414363,1.));
#17213=CARTESIAN_POINT('Origin',(19.4999999999999,-11.9499999999971,0.5));
#17214=CARTESIAN_POINT('',(20.,-27.899999999936,1.));
#17215=CARTESIAN_POINT('Origin',(16.,-27.9,0.5));
#17216=CARTESIAN_POINT('',(19.9322032274821,-28.6333333333344,1.));
#17217=CARTESIAN_POINT('Origin',(21.8983048412231,-29.0000000000017,0.5));
#17218=CARTESIAN_POINT('',(21.8983048412287,-31.0000000000017,1.));
#17219=CARTESIAN_POINT('Origin',(9.26392246601403,-31.5000000000367,0.5));
#17220=CARTESIAN_POINT('',(22.5,-31.,1.));
#17221=CARTESIAN_POINT('Origin',(22.5,-21.,0.5));
#17222=CARTESIAN_POINT('',(25.7068816723449,-30.4718482852914,1.));
#17223=CARTESIAN_POINT('',(25.7068816723449,-30.4718482852914,1.));
#17224=CARTESIAN_POINT('Origin',(22.5,-21.,1.));
#17225=CARTESIAN_POINT('Origin',(25.0655053378759,-28.5774786282332,0.5));
#17226=CARTESIAN_POINT('',(26.7137649992301,-27.4446767529026,1.));
#17227=CARTESIAN_POINT('Origin',(25.0655053378759,-28.5774786282332,1.));
#17228=CARTESIAN_POINT('',(26.7137649992301,-27.4446767529026,1.));
#17229=CARTESIAN_POINT('Origin',(17.086887008365,-12.5545225039972,0.5));
#17230=CARTESIAN_POINT('',(16.6748220930264,-12.8377229728298,1.));
#17231=CARTESIAN_POINT('Origin',(22.,-24.1170792414363,0.));
#17232=CARTESIAN_POINT('',(23.6482596613542,-22.9842773661057,0.));
#17233=CARTESIAN_POINT('Origin',(-22.5,-21.,0.5));
#17234=CARTESIAN_POINT('',(-22.5,-31.,1.));
#17235=CARTESIAN_POINT('',(-26.0275697716964,-31.4190331368037,0.));
#17236=CARTESIAN_POINT('Origin',(-11.2500000000444,-31.5000000000312,0.5));
#17237=CARTESIAN_POINT('',(-21.8983048412287,-31.0000000000017,1.));
#17238=CARTESIAN_POINT('',(-21.8983048412287,-31.0000000000017,1.));
#17239=CARTESIAN_POINT('',(-11.250000000043,-31.0000000000312,1.));
#17240=CARTESIAN_POINT('Origin',(-21.8983048412232,-29.0000000000017,0.5));
#17241=CARTESIAN_POINT('',(-19.9322032274821,-28.6333333333344,1.));
#17242=CARTESIAN_POINT('Origin',(-21.8983048412232,-29.0000000000017,1.));
#17243=CARTESIAN_POINT('',(-19.9322032274821,-28.6333333333344,1.));
#17244=CARTESIAN_POINT('Origin',(-16.,-27.9,0.5));
#17245=CARTESIAN_POINT('',(-20.,-27.899999999936,1.));
#17246=CARTESIAN_POINT('',(-20.,-27.899999999936,1.));
#17247=CARTESIAN_POINT('Origin',(-16.,-27.9,1.));
#17248=CARTESIAN_POINT('Origin',(-19.5,-13.949999999968,0.5));
#17249=CARTESIAN_POINT('',(-20.,-24.1170795544991,1.));
#17250=CARTESIAN_POINT('',(-20.,-13.949999999968,1.));
#17251=CARTESIAN_POINT('Origin',(-22.,-24.1170795544991,0.5));
#17252=CARTESIAN_POINT('',(-23.6482596347382,-22.9842776404414,1.));
#17253=CARTESIAN_POINT('Origin',(-13.5334931035314,-7.38423215244485,0.5));
#17254=CARTESIAN_POINT('',(-26.7137649232447,-27.4446767308905,1.));
#17255=CARTESIAN_POINT('Origin',(-25.0655052885065,-28.5774786449481,0.5));
#17256=CARTESIAN_POINT('Origin',(-16.,-27.9,0.));
#17257=CARTESIAN_POINT('',(-20.,-27.899999999936,0.));
#17258=CARTESIAN_POINT('',(-19.9322032274821,-28.6333333333344,0.));
#17259=CARTESIAN_POINT('Origin',(-21.8983048412232,-29.0000000000017,0.));
#17260=CARTESIAN_POINT('',(-21.8983048412287,-31.0000000000017,0.));
#17261=CARTESIAN_POINT('Origin',(-22.5,-31.,0.));
#17262=CARTESIAN_POINT('Origin',(-19.4133823159845,7.98682919947837,0.5));
#17263=CARTESIAN_POINT('',(-31.7039275699638,-1.90450680504541,1.));
#17264=CARTESIAN_POINT('',(-31.3019724772781,-0.349183032100726,0.));
#17265=CARTESIAN_POINT('Origin',(-30.5,-3.50155358153035,0.5));
#17266=CARTESIAN_POINT('',(-32.5,-3.50155358153035,1.));
#17267=CARTESIAN_POINT('Origin',(-33.,-1.25231147230508,0.5));
#17268=CARTESIAN_POINT('',(-32.5,-7.55987245501166,1.));
#17269=CARTESIAN_POINT('Origin',(-30.5,-7.55987245501166,0.5));
#17270=CARTESIAN_POINT('',(-28.5421016193649,-7.96808065079703,1.));
#17271=CARTESIAN_POINT('',(-28.5421016193649,-7.96808065079703,1.));
#17272=CARTESIAN_POINT('Origin',(-30.5,-7.55987245501166,1.));
#17273=CARTESIAN_POINT('Origin',(-26.8738959241696,-2.41655754913793,0.5));
#17274=CARTESIAN_POINT('',(-27.5381827416972,-3.15296139261351,1.));
#17275=CARTESIAN_POINT('',(-27.5381827416972,-3.15296139261351,1.));
#17276=CARTESIAN_POINT('',(-27.3633705193284,-2.31450550019159,1.));
#17277=CARTESIAN_POINT('Origin',(-29.4960811223324,-2.74475319682814,0.5));
#17278=CARTESIAN_POINT('Origin',(-29.4960811223324,-2.74475319682814,1.));
#17279=CARTESIAN_POINT('Origin',(-30.2706123799298,22.9019945428107,0.5));
#17280=CARTESIAN_POINT('',(-28.053976920609,24.9235106175629,0.));
#17281=CARTESIAN_POINT('',(-32.2132654749122,23.3774931785134,1.));
#17282=CARTESIAN_POINT('Origin',(-13.014141130842,7.68999278949902,0.5));
#17283=CARTESIAN_POINT('',(-23.071383110694,19.4599903139692,0.));
#17284=CARTESIAN_POINT('Origin',(-25.2880185700149,17.4384742392169,0.5));
#17285=CARTESIAN_POINT('',(-22.3511709990622,16.8261619455389,0.));
#17286=CARTESIAN_POINT('Origin',(-24.6610544973171,8.19694480326159,0.5));
#17287=CARTESIAN_POINT('',(-22.73924823773,14.9648181386433,0.));
#17288=CARTESIAN_POINT('Origin',(-25.6760958086827,15.5771304323214,0.5));
#17289=CARTESIAN_POINT('',(-27.9385436495864,13.6070213573739,0.));
#17290=CARTESIAN_POINT('Origin',(-18.3384341264183,3.34375861712724,0.5));
#17291=CARTESIAN_POINT('',(-27.2016997419447,14.2835976490234,1.));
#17292=CARTESIAN_POINT('',(-27.9558490222459,13.6268946240409,0.));
#17293=CARTESIAN_POINT('',(-17.9613594862677,3.67211012961849,1.));
#17294=CARTESIAN_POINT('Origin',(-26.4475504616434,14.9403006740059,0.5));
#17295=CARTESIAN_POINT('',(-27.4372134047644,15.0837135709612,1.));
#17296=CARTESIAN_POINT('',(-28.4268763478854,15.2271264679164,0.));
#17297=CARTESIAN_POINT('Origin',(-26.4475504616434,14.9403006740059,1.));
#17298=CARTESIAN_POINT('Origin',(-31.,15.6,0.5));
#17299=CARTESIAN_POINT('',(-30.6773060086106,19.1855081352468,1.));
#17300=CARTESIAN_POINT('',(-30.766943228441,18.1895336532338,0.));
#17301=CARTESIAN_POINT('Origin',(-31.,15.6,1.));
#17302=CARTESIAN_POINT('Origin',(-30.4980315689498,21.1774570992728,0.5));
#17303=CARTESIAN_POINT('',(-33.497293407306,21.2440035115002,0.));
#17304=CARTESIAN_POINT('Origin',(-30.4980315689498,21.1774570992728,1.));
#17305=CARTESIAN_POINT('Origin',(-22.5,21.,0.5));
#17306=CARTESIAN_POINT('Origin',(-26.4475504616434,14.9403006740059,0.));
#17307=CARTESIAN_POINT('',(-27.2016997419447,14.2835976490234,0.));
#17308=CARTESIAN_POINT('',(-27.4372134047644,15.0837135709612,0.));
#17309=CARTESIAN_POINT('Origin',(-31.,15.6,0.));
#17310=CARTESIAN_POINT('',(-30.6773060086106,19.1855081352468,0.));
#17311=CARTESIAN_POINT('Origin',(-30.4980315689498,21.1774570992728,0.));
#17312=CARTESIAN_POINT('Origin',(-12.5164950511838,23.3134059724918,0.5));
#17313=CARTESIAN_POINT('',(-11.5109967007892,25.0422706483279,1.));
#17314=CARTESIAN_POINT('',(-11.0082475255919,25.9067029862459,0.));
#17315=CARTESIAN_POINT('',(-14.1373712883878,24.4850544793689,1.));
#17316=CARTESIAN_POINT('Origin',(-12.5164950511838,23.3134059724918,1.));
#17317=CARTESIAN_POINT('',(-14.1373712883878,24.4850544793689,1.));
#17318=CARTESIAN_POINT('Origin',(-9.5,28.5,0.5));
#17319=CARTESIAN_POINT('',(-9.49999999997817,25.5,0.));
#17320=CARTESIAN_POINT('Origin',(-9.5,28.5,1.));
#17321=CARTESIAN_POINT('Origin',(-1.66122950404233,25.,0.5));
#17322=CARTESIAN_POINT('',(-9.29797924074416,25.5,0.));
#17323=CARTESIAN_POINT('Origin',(-9.29797924074416,22.5,0.5));
#17324=CARTESIAN_POINT('',(-7.49208788579952,20.1044298352717,0.));
#17325=CARTESIAN_POINT('Origin',(-12.2281188914281,17.1603468133435,0.5));
#17326=CARTESIAN_POINT('',(-10.0828808019429,18.15137056003,0.));
#17327=CARTESIAN_POINT('Origin',(-11.8887721568875,20.5469407247582,0.5));
#17328=CARTESIAN_POINT('',(-14.6931228986505,19.4812874428821,0.));
#17329=CARTESIAN_POINT('Origin',(-10.7456861115491,10.500883173754,0.5));
#17330=CARTESIAN_POINT('',(-15.6041955827965,21.8788471379894,0.));
#17331=CARTESIAN_POINT('Origin',(-12.7998448410335,22.9445004198654,0.5));
#17332=CARTESIAN_POINT('',(-14.3498836307751,24.2083753148991,1.));
#17333=CARTESIAN_POINT('',(-15.1249030256459,24.8403127624159,0.));
#17334=CARTESIAN_POINT('Origin',(-12.7998448410335,22.9445004198654,1.));
#17335=CARTESIAN_POINT('Origin',(-19.,28.,0.5));
#17336=CARTESIAN_POINT('Origin',(-19.,28.,1.));
#17337=CARTESIAN_POINT('Origin',(-12.7998448410335,22.9445004198654,0.));
#17338=CARTESIAN_POINT('',(-14.3498836307751,24.2083753148991,0.));
#17339=CARTESIAN_POINT('Origin',(-19.,28.,0.));
#17340=CARTESIAN_POINT('',(-14.1373712883878,24.4850544793689,0.));
#17341=CARTESIAN_POINT('Origin',(-12.5164950511838,23.3134059724918,0.));
#17342=CARTESIAN_POINT('',(-11.5109967007892,25.0422706483279,0.));
#17343=CARTESIAN_POINT('Origin',(-1.94289029309402E-15,19.4907541107445,
0.5));
#17344=CARTESIAN_POINT('',(1.20392756996385,21.0878008872295,1.));
#17345=CARTESIAN_POINT('',(1.80589135494578,21.8863242754719,0.));
#17346=CARTESIAN_POINT('Origin',(-1.94289029309402E-15,19.4907541107445,
1.));
#17347=CARTESIAN_POINT('',(-1.20392756996385,21.0878008872295,1.));
#17348=CARTESIAN_POINT('Origin',(8.30369609830333,16.361823425103,0.5));
#17349=CARTESIAN_POINT('',(3.04684670127573,19.6985233882425,1.));
#17350=CARTESIAN_POINT('',(3.64881048625766,20.497046776485,0.));
#17351=CARTESIAN_POINT('',(8.00271420581236,15.9625617309817,1.));
#17352=CARTESIAN_POINT('Origin',(2.44488291629381,18.9,0.5));
#17353=CARTESIAN_POINT('',(2.44488291629381,16.9,0.));
#17354=CARTESIAN_POINT('Origin',(2.44488291629381,18.9,1.));
#17355=CARTESIAN_POINT('Origin',(-2.7163215163106,17.4,0.5));
#17356=CARTESIAN_POINT('',(-2.44488291629382,16.9,0.));
#17357=CARTESIAN_POINT('Origin',(-2.44488291629382,18.9,0.5));
#17358=CARTESIAN_POINT('',(-3.64881048625767,20.497046776485,0.));
#17359=CARTESIAN_POINT('Origin',(-5.58737458199273,18.4095119527804,0.5));
#17360=CARTESIAN_POINT('Origin',(-1.94289029309402E-15,19.4907541107445,
0.));
#17361=CARTESIAN_POINT('',(1.20392756996385,21.0878008872295,0.));
#17362=CARTESIAN_POINT('Origin',(7.85056787120703,20.4603468133608,0.5));
#17363=CARTESIAN_POINT('',(10.684844586962,18.9498939483942,1.));
#17364=CARTESIAN_POINT('',(10.684844586962,18.9498939483942,1.));
#17365=CARTESIAN_POINT('',(8.09405167099558,20.9029532235195,1.));
#17366=CARTESIAN_POINT('',(7.49208788601073,20.1044298352792,0.));
#17367=CARTESIAN_POINT('',(8.15154976369946,20.8596085074809,1.));
#17368=CARTESIAN_POINT('Origin',(11.8887721569318,20.5469407248747,0.5));
#17369=CARTESIAN_POINT('',(13.7583393181071,19.836505203624,1.));
#17370=CARTESIAN_POINT('',(13.7583393181071,19.836505203624,1.));
#17371=CARTESIAN_POINT('Origin',(11.8887721569318,20.5469407248747,1.));
#17372=CARTESIAN_POINT('Origin',(9.69641091184404,7.7396326482302,0.5));
#17373=CARTESIAN_POINT('',(14.6694120022088,22.2340648986147,1.));
#17374=CARTESIAN_POINT('',(9.22901912155021,7.91724152854288,1.));
#17375=CARTESIAN_POINT('Origin',(12.7998448410335,22.9445004198654,0.5));
#17376=CARTESIAN_POINT('',(14.3498836307751,24.2083753148991,1.));
#17377=CARTESIAN_POINT('Origin',(19.,28.,0.5));
#17378=CARTESIAN_POINT('',(14.1373712883878,24.4850544793689,1.));
#17379=CARTESIAN_POINT('Origin',(12.5164950511838,23.3134059724918,0.5));
#17380=CARTESIAN_POINT('',(11.5109967007892,25.0422706483279,1.));
#17381=CARTESIAN_POINT('Origin',(9.5,28.5,0.5));
#17382=CARTESIAN_POINT('',(9.4999999999709,24.5,1.));
#17383=CARTESIAN_POINT('Origin',(4.74999999998545,25.,0.5));
#17384=CARTESIAN_POINT('',(9.2979792409653,24.5,1.));
#17385=CARTESIAN_POINT('Origin',(9.2979792409653,22.5,0.5));
#17386=CARTESIAN_POINT('Origin',(9.2979792409653,22.5,1.));
#17387=CARTESIAN_POINT('Origin',(13.0224673407258,17.9,0.));
#17388=CARTESIAN_POINT('',(13.7583393181071,19.836505203624,0.));
#17389=CARTESIAN_POINT('Origin',(11.8887721569318,20.5469407248747,0.));
#17390=CARTESIAN_POINT('',(10.684844586962,18.9498939483942,0.));
#17391=CARTESIAN_POINT('Origin',(3.32245900834701,24.5,0.));
#17392=CARTESIAN_POINT('',(8.09405167099558,20.9029532235195,0.));
#17393=CARTESIAN_POINT('Origin',(22.5,21.,0.5));
#17394=CARTESIAN_POINT('',(32.5,21.0000000000582,1.));
#17395=CARTESIAN_POINT('',(32.2132654601784,23.3774932387087,1.));
#17396=CARTESIAN_POINT('Origin',(22.5,21.,1.));
#17397=CARTESIAN_POINT('',(32.2132654601784,23.3774932387087,1.));
#17398=CARTESIAN_POINT('Ctrl Pts',(33.4999228103764,20.9587911931624,-3.53883589099269E-15));
#17399=CARTESIAN_POINT('Ctrl Pts',(33.1732237674643,20.9713745857047,0.326743890986344));
#17400=CARTESIAN_POINT('Ctrl Pts',(32.8279184164603,20.9853502295195,0.672081583337852));
#17401=CARTESIAN_POINT('Ctrl Pts',(32.4999999969208,20.9999998622074,1.00000000307921));
#17402=CARTESIAN_POINT('Origin',(30.2706123681427,22.901994590967,0.5));
#17403=CARTESIAN_POINT('',(28.7928554118302,24.2496719923023,1.));
#17404=CARTESIAN_POINT('Origin',(30.2706123681427,22.901994590967,1.));
#17405=CARTESIAN_POINT('',(28.7928554118302,24.2496719923023,1.));
#17406=CARTESIAN_POINT('Origin',(16.8778437490355,11.9266254287968,0.5));
#17407=CARTESIAN_POINT('',(23.8102615802773,18.7861517998873,1.));
#17408=CARTESIAN_POINT('',(23.8102615802773,18.7861517998873,1.));
#17409=CARTESIAN_POINT('',(17.2472829881137,11.589706078463,1.));
#17410=CARTESIAN_POINT('Origin',(25.2880185365898,17.4384743985519,0.5));
#17411=CARTESIAN_POINT('Origin',(25.2880185365898,17.4384743985519,1.));
#17412=CARTESIAN_POINT('',(23.3301201559565,17.0302662027582,1.));
#17413=CARTESIAN_POINT('Origin',(23.9517716860973,11.5988943022748,0.5));
#17414=CARTESIAN_POINT('',(23.7181974278886,15.1689222363561,1.));
#17415=CARTESIAN_POINT('Origin',(25.676095808522,15.5771304321499,0.5));
#17416=CARTESIAN_POINT('',(27.1843943691212,14.2637243821812,1.));
#17417=CARTESIAN_POINT('Origin',(16.845476405642,1.62926523463497,0.5));
#17418=CARTESIAN_POINT('',(27.2016997419414,14.2835976490327,1.));
#17419=CARTESIAN_POINT('Origin',(26.4475504616418,14.940300674017,0.5));
#17420=CARTESIAN_POINT('',(27.4372134047632,15.0837135709699,1.));
#17421=CARTESIAN_POINT('Origin',(31.,15.6,0.5));
#17422=CARTESIAN_POINT('',(30.6836933188037,19.1860772556417,1.));
#17423=CARTESIAN_POINT('Origin',(30.5079673848058,21.1783423976648,0.5));
#17424=CARTESIAN_POINT('Origin',(30.5079673848058,21.1783423976648,1.));
#17425=CARTESIAN_POINT('Origin',(25.2880185365898,17.4384743985519,0.));
#17426=CARTESIAN_POINT('',(23.8102615802773,18.7861517998873,0.));
#17427=CARTESIAN_POINT('Origin',(30.8488998713028,26.5041685056837,0.));
#17428=CARTESIAN_POINT('',(28.7928554118302,24.2496719923023,0.));
#17429=CARTESIAN_POINT('Origin',(30.2706123681427,22.901994590967,0.));
#17430=CARTESIAN_POINT('',(32.2132654601784,23.3774932387087,0.));
#17431=CARTESIAN_POINT('Origin',(22.5,21.,0.));
#17432=CARTESIAN_POINT('',(32.5,21.0000000000582,0.));
#17433=CARTESIAN_POINT('Origin',(2.44488291629381,18.9,0.));
#17434=CARTESIAN_POINT('',(3.04684670127573,19.6985233882425,0.));
#17435=CARTESIAN_POINT('Origin',(-27.5259752599236,14.6559914696695,0.));
#17436=CARTESIAN_POINT('Origin',(-29.4960811223324,-2.74475319682814,0.));
#17437=CARTESIAN_POINT('',(-27.5381827416972,-3.15296139261351,0.));
#17438=CARTESIAN_POINT('Origin',(-30.5,-7.55987245501166,0.));
#17439=CARTESIAN_POINT('',(-28.5421016193649,-7.96808065079703,0.));
#17440=CARTESIAN_POINT('Origin',(-28.9657426723037,-10.,0.));
#17441=CARTESIAN_POINT('Origin',(25.0655053378759,-28.5774786282332,0.));
#17442=CARTESIAN_POINT('',(26.7137649992301,-27.4446767529026,0.));
#17443=CARTESIAN_POINT('',(25.7068816723449,-30.4718482852914,0.));
#17444=CARTESIAN_POINT('Origin',(22.5,-21.,0.));
#17445=CARTESIAN_POINT('Origin',(30.5,-3.50155358153042,0.));
#17446=CARTESIAN_POINT('Origin',(-9.5,28.5,0.));
#17447=CARTESIAN_POINT('Origin',(9.2979792409653,22.5,0.));
#17448=CARTESIAN_POINT('Origin',(5.43264303262119,17.9,0.));
#17449=CARTESIAN_POINT('Origin',(30.5079673848058,21.1783423976648,0.));
#17450=CARTESIAN_POINT('Origin',(-20.,-27.899999999936,0.));
#17451=CARTESIAN_POINT('Origin',(28.0167659996004,-29.3405810892083,0.));
#17452=CARTESIAN_POINT('Ctrl Pts',(-14.45,-12.,5.1715728752538));
#17453=CARTESIAN_POINT('Ctrl Pts',(-15.4421245117812,-12.,5.1715728752538));
#17454=CARTESIAN_POINT('Ctrl Pts',(-16.4293121114578,-11.6147800226727,
4.59374290926282));
#17455=CARTESIAN_POINT('Ctrl Pts',(-17.159220357369,-10.9428090415821,3.5857864376269));
#17456=CARTESIAN_POINT('Ctrl Pts',(-14.45,-12.,5.43337226305295));
#17457=CARTESIAN_POINT('Ctrl Pts',(-15.5070021152612,-12.,5.43337226305295));
#17458=CARTESIAN_POINT('Ctrl Pts',(-16.5574938395461,-11.5618590023474,
4.86176513724011));
#17459=CARTESIAN_POINT('Ctrl Pts',(-17.3000011481794,-10.8132028799179,
3.86831149455593));
#17460=CARTESIAN_POINT('Ctrl Pts',(-14.45,-12.1041617369688,5.95685479586718));
#17461=CARTESIAN_POINT('Ctrl Pts',(-15.6627597428966,-12.1041617369688,
5.95685479586718));
#17462=CARTESIAN_POINT('Ctrl Pts',(-16.8672296726829,-11.5800131474896,
5.397948477415));
#17463=CARTESIAN_POINT('Ctrl Pts',(-17.7023371478216,-10.6855538842624,
4.43298585593349));
#17464=CARTESIAN_POINT('Ctrl Pts',(-14.45,-12.4006663152036,6.40066631520363));
#17465=CARTESIAN_POINT('Ctrl Pts',(-15.8463464610508,-12.4006663152036,
6.40066631520363));
#17466=CARTESIAN_POINT('Ctrl Pts',(-17.235172700933,-11.8352432960998,5.83466681581683));
#17467=CARTESIAN_POINT('Ctrl Pts',(-18.2432127679654,-10.853024798707,4.85302479870701));
#17468=CARTESIAN_POINT('Ctrl Pts',(-14.45,-12.5857864376269,6.5857864376269));
#17469=CARTESIAN_POINT('Ctrl Pts',(-15.9381867676718,-12.5857864376269,
6.5857864376269));
#17470=CARTESIAN_POINT('Ctrl Pts',(-17.4189681671867,-12.0079564716359,
6.00795647163592));
#17471=CARTESIAN_POINT('Ctrl Pts',(-18.5138305360536,-11.,5.));
#17472=CARTESIAN_POINT('Origin',(-14.45,-6.5857864376269,0.585786437626912));
#17473=CARTESIAN_POINT('Origin',(7.225,-11.5,5.5));
#17474=CARTESIAN_POINT('',(-32.5,-1.99999999999999,-4.));
#17475=CARTESIAN_POINT('Ctrl Pts',(17.159220357369,-10.9428090415821,3.58578643762692));
#17476=CARTESIAN_POINT('Ctrl Pts',(16.4293121114578,-11.6147800226727,4.59374290926284));
#17477=CARTESIAN_POINT('Ctrl Pts',(15.4421245117812,-12.,5.17157287525382));
#17478=CARTESIAN_POINT('Ctrl Pts',(14.45,-12.,5.17157287525382));
#17479=CARTESIAN_POINT('Ctrl Pts',(17.3000011481794,-10.8132028799179,3.86831149455594));
#17480=CARTESIAN_POINT('Ctrl Pts',(16.5574938395461,-11.5618590023474,4.86176513724013));
#17481=CARTESIAN_POINT('Ctrl Pts',(15.5070021152612,-12.,5.43337226305297));
#17482=CARTESIAN_POINT('Ctrl Pts',(14.45,-12.,5.43337226305297));
#17483=CARTESIAN_POINT('Ctrl Pts',(17.7023371478216,-10.6855538842624,4.4329858559335));
#17484=CARTESIAN_POINT('Ctrl Pts',(16.8672296726829,-11.5800131474896,5.39794847741501));
#17485=CARTESIAN_POINT('Ctrl Pts',(15.6627597428966,-12.1041617369688,5.95685479586719));
#17486=CARTESIAN_POINT('Ctrl Pts',(14.45,-12.1041617369688,5.95685479586719));
#17487=CARTESIAN_POINT('Ctrl Pts',(18.2432127679653,-10.853024798707,4.85302479870701));
#17488=CARTESIAN_POINT('Ctrl Pts',(17.235172700933,-11.8352432960998,5.83466681581684));
#17489=CARTESIAN_POINT('Ctrl Pts',(15.8463464610507,-12.4006663152036,6.40066631520364));
#17490=CARTESIAN_POINT('Ctrl Pts',(14.45,-12.4006663152036,6.40066631520364));
#17491=CARTESIAN_POINT('Ctrl Pts',(18.5138305360535,-11.,5.));
#17492=CARTESIAN_POINT('Ctrl Pts',(17.4189681671867,-12.0079564716359,6.00795647163592));
#17493=CARTESIAN_POINT('Ctrl Pts',(15.9381867676718,-12.5857864376269,6.5857864376269));
#17494=CARTESIAN_POINT('Ctrl Pts',(14.45,-12.5857864376269,6.5857864376269));
#17495=CARTESIAN_POINT('Origin',(14.45,-6.58578643762688,0.585786437626777));
#17496=CARTESIAN_POINT('Origin',(11.25,31.,3.));
#17497=CARTESIAN_POINT('',(13.5,33.,3.));
#17498=CARTESIAN_POINT('Origin',(13.5,31.,3.));
#17499=CARTESIAN_POINT('',(11.25,33.,3.));
#17500=CARTESIAN_POINT('Origin',(32.5,-13.9142135623731,5.08578643762689));
#17501=CARTESIAN_POINT('',(32.5,-12.5,6.49999999999997));
#17502=CARTESIAN_POINT('',(34.5,-13.9142135623731,5.08578643762689));
#17503=CARTESIAN_POINT('Origin',(13.5,15.5,3.));
#17504=CARTESIAN_POINT('',(11.5,31.,3.));
#17505=CARTESIAN_POINT('Origin',(13.5,31.,3.));
#17506=CARTESIAN_POINT('',(11.5,28.5,3.));
#17507=CARTESIAN_POINT('',(11.5,15.5,3.));
#17508=CARTESIAN_POINT('Origin',(13.5,28.5,3.));
#17509=CARTESIAN_POINT('Origin',(9.5,28.5,3.));
#17510=CARTESIAN_POINT('Origin',(9.5,28.5,3.));
#17511=CARTESIAN_POINT('Origin',(-13.5,14.25,3.));
#17512=CARTESIAN_POINT('',(-11.5,31.,3.));
#17513=CARTESIAN_POINT('Origin',(-13.5,31.,3.));
#17514=CARTESIAN_POINT('',(-11.5,14.25,3.));
#17515=CARTESIAN_POINT('Origin',(13.5,31.,3.));
#17516=CARTESIAN_POINT('Origin',(13.5,31.,3.));
#17517=CARTESIAN_POINT('Origin',(-6.75,31.,3.));
#17518=CARTESIAN_POINT('',(-13.5,33.,3.));
#17519=CARTESIAN_POINT('Origin',(-13.5,31.,3.));
#17520=CARTESIAN_POINT('',(-6.75,33.,3.));
#17521=CARTESIAN_POINT('Origin',(-32.5,-3.41421356237308,-5.41421356237309));
#17522=CARTESIAN_POINT('',(-34.5,-3.41421356237308,-5.41421356237309));
#17523=CARTESIAN_POINT('Origin',(-13.5,31.,3.));
#17524=CARTESIAN_POINT('Origin',(-13.5,31.,3.));
#17525=CARTESIAN_POINT('Origin',(7.225,-11.5,5.5));
#17526=CARTESIAN_POINT('Origin',(31.,15.6,0.));
#17527=CARTESIAN_POINT('',(32.6,15.6,0.));
#17528=CARTESIAN_POINT('Origin',(-31.,15.6,0.));
#17529=CARTESIAN_POINT('',(-29.4,15.6,0.));
#17530=CARTESIAN_POINT('Origin',(-19.,28.,0.5));
#17531=CARTESIAN_POINT('',(-16.,28.,1.));
#17532=CARTESIAN_POINT('',(-15.5,28.,0.5));
#17533=CARTESIAN_POINT('',(-22.,28.,1.));
#17534=CARTESIAN_POINT('Origin',(-19.,28.,1.));
#17535=CARTESIAN_POINT('Origin',(-19.,28.,1.));
#17536=CARTESIAN_POINT('Origin',(-19.,28.,1.5));
#17537=CARTESIAN_POINT('',(-22.,28.,3.));
#17538=CARTESIAN_POINT('',(-22.,28.,1.5));
#17539=CARTESIAN_POINT('Origin',(-19.,28.,3.));
#17540=CARTESIAN_POINT('Origin',(19.,28.,0.5));
#17541=CARTESIAN_POINT('',(22.,28.,1.));
#17542=CARTESIAN_POINT('',(22.5,28.,0.5));
#17543=CARTESIAN_POINT('',(16.,28.,1.));
#17544=CARTESIAN_POINT('Origin',(19.,28.,1.));
#17545=CARTESIAN_POINT('Origin',(19.,28.,1.));
#17546=CARTESIAN_POINT('Origin',(19.,28.,1.5));
#17547=CARTESIAN_POINT('',(16.,28.,3.));
#17548=CARTESIAN_POINT('',(16.,28.,1.5));
#17549=CARTESIAN_POINT('Origin',(19.,28.,3.));
#17550=CARTESIAN_POINT('Origin',(-19.,28.,3.));
#17551=CARTESIAN_POINT('',(-20.5,28.,3.00000000000001));
#17552=CARTESIAN_POINT('Origin',(-19.,28.,3.00000000000001));
#17553=CARTESIAN_POINT('Origin',(-19.,28.,103.522944316707));
#17554=CARTESIAN_POINT('',(-20.5,28.,103.522944316707));
#17555=CARTESIAN_POINT('Origin',(19.,28.,3.));
#17556=CARTESIAN_POINT('',(17.5,28.,3.00000000000001));
#17557=CARTESIAN_POINT('Origin',(19.,28.,3.00000000000001));
#17558=CARTESIAN_POINT('Origin',(19.,28.,103.522944316707));
#17559=CARTESIAN_POINT('',(17.5,28.,103.522944316707));
#17560=CARTESIAN_POINT('Origin',(-23.5,-16.75,36.));
#17561=CARTESIAN_POINT('',(-22.8596875762568,-17.,38.));
#17562=CARTESIAN_POINT('',(-24.1403124237433,-17.,38.));
#17563=CARTESIAN_POINT('Ctrl Pts',(-22.8596875762568,-17.,38.));
#17564=CARTESIAN_POINT('Ctrl Pts',(-22.8609730057647,-17.,38.0004115382419));
#17565=CARTESIAN_POINT('Ctrl Pts',(-22.862259385151,-16.9999998729784,38.0008218809442));
#17566=CARTESIAN_POINT('Ctrl Pts',(-22.9319042368805,-16.9999862486187,
38.0229567988322));
#17567=CARTESIAN_POINT('Ctrl Pts',(-23.0029215122836,-16.9996267441392,
38.04125266272));
#17568=CARTESIAN_POINT('Ctrl Pts',(-23.1465661580239,-16.9988217486971,
38.0701459465174));
#17569=CARTESIAN_POINT('Ctrl Pts',(-23.2192219598959,-16.9983809196724,
38.0807524075278));
#17570=CARTESIAN_POINT('Ctrl Pts',(-23.3622930637113,-16.9977786244943,
38.0944871358559));
#17571=CARTESIAN_POINT('Ctrl Pts',(-23.4327082720896,-16.9976163419878,
38.0976163419878));
#17572=CARTESIAN_POINT('Ctrl Pts',(-23.5672917279104,-16.9976163419878,
38.0976163419878));
#17573=CARTESIAN_POINT('Ctrl Pts',(-23.6377069362888,-16.9977786244943,
38.0944871358559));
#17574=CARTESIAN_POINT('Ctrl Pts',(-23.7807780401041,-16.9983809196724,
38.0807524075278));
#17575=CARTESIAN_POINT('Ctrl Pts',(-23.8534338419761,-16.9988217486971,
38.0701459465174));
#17576=CARTESIAN_POINT('Ctrl Pts',(-23.9970784877165,-16.9996267441392,
38.04125266272));
#17577=CARTESIAN_POINT('Ctrl Pts',(-24.0680957631196,-16.9999862486187,
38.0229567988322));
#17578=CARTESIAN_POINT('Ctrl Pts',(-24.137740614849,-16.9999998729784,38.0008218809442));
#17579=CARTESIAN_POINT('Ctrl Pts',(-24.1390269942353,-17.,38.0004115382419));
#17580=CARTESIAN_POINT('Ctrl Pts',(-24.1403124237433,-17.,38.));
#17581=CARTESIAN_POINT('',(-21.4,-17.,36.));
#17582=CARTESIAN_POINT('Origin',(-23.5,-17.,36.));
#17583=CARTESIAN_POINT('',(-21.9,-16.5,36.));
#17584=CARTESIAN_POINT('',(-21.65,-16.75,36.));
#17585=CARTESIAN_POINT('',(-25.1,-16.5,36.));
#17586=CARTESIAN_POINT('Origin',(-23.5,-16.5,36.));
#17587=CARTESIAN_POINT('Origin',(-23.5,-16.5,36.));
#17588=CARTESIAN_POINT('Origin',(-23.5,-17.,36.));
#17589=CARTESIAN_POINT('Origin',(-15.25,-15.,38.));
#17590=CARTESIAN_POINT('',(-18.9,-17.,38.));
#17591=CARTESIAN_POINT('',(-15.25,-17.,38.));
#17592=CARTESIAN_POINT('',(-18.408326913196,-17.,38.));
#17593=CARTESIAN_POINT('',(-10.020838353421,-17.,38.));
#17594=CARTESIAN_POINT('',(-13.,-17.,38.));
#17595=CARTESIAN_POINT('',(-15.25,-17.,38.));
#17596=CARTESIAN_POINT('',(13.,-17.,38.));
#17597=CARTESIAN_POINT('',(-15.25,-17.,38.));
#17598=CARTESIAN_POINT('',(18.408326913196,-17.,38.));
#17599=CARTESIAN_POINT('',(-15.25,-17.,38.));
#17600=CARTESIAN_POINT('',(18.9,-17.,38.));
#17601=CARTESIAN_POINT('',(8.51556443707462,-17.,38.));
#17602=CARTESIAN_POINT('',(22.8596875762567,-17.,38.));
#17603=CARTESIAN_POINT('',(-15.25,-17.,38.));
#17604=CARTESIAN_POINT('',(24.1403124237432,-17.,38.));
#17605=CARTESIAN_POINT('Ctrl Pts',(24.1403124237432,-17.,38.));
#17606=CARTESIAN_POINT('Ctrl Pts',(24.1390269942353,-17.,38.0004115382419));
#17607=CARTESIAN_POINT('Ctrl Pts',(24.1377406148489,-16.9999998729784,38.0008218809442));
#17608=CARTESIAN_POINT('Ctrl Pts',(24.0680957631195,-16.9999862486187,38.0229567988322));
#17609=CARTESIAN_POINT('Ctrl Pts',(23.9970784877164,-16.9996267441392,38.04125266272));
#17610=CARTESIAN_POINT('Ctrl Pts',(23.8534338419761,-16.9988217486971,38.0701459465174));
#17611=CARTESIAN_POINT('Ctrl Pts',(23.7807780401041,-16.9983809196724,38.0807524075278));
#17612=CARTESIAN_POINT('Ctrl Pts',(23.6377069362887,-16.9977786244943,38.0944871358559));
#17613=CARTESIAN_POINT('Ctrl Pts',(23.5672917279104,-16.9976163419879,38.0976163419879));
#17614=CARTESIAN_POINT('Ctrl Pts',(23.4327082720896,-16.9976163419879,38.0976163419879));
#17615=CARTESIAN_POINT('Ctrl Pts',(23.3622930637112,-16.9977786244943,38.0944871358559));
#17616=CARTESIAN_POINT('Ctrl Pts',(23.2192219598959,-16.9983809196724,38.0807524075278));
#17617=CARTESIAN_POINT('Ctrl Pts',(23.1465661580239,-16.9988217486971,38.0701459465174));
#17618=CARTESIAN_POINT('Ctrl Pts',(23.0029215122835,-16.9996267441392,38.04125266272));
#17619=CARTESIAN_POINT('Ctrl Pts',(22.9319042368804,-16.9999862486187,38.0229567988322));
#17620=CARTESIAN_POINT('Ctrl Pts',(22.862259385151,-16.9999998729784,38.0008218809442));
#17621=CARTESIAN_POINT('Ctrl Pts',(22.8609730057647,-17.,38.0004115382419));
#17622=CARTESIAN_POINT('Ctrl Pts',(22.8596875762567,-17.,38.));
#17623=CARTESIAN_POINT('',(30.5,-17.,38.));
#17624=CARTESIAN_POINT('',(-15.25,-17.,38.));
#17625=CARTESIAN_POINT('',(30.5,-15.,40.));
#17626=CARTESIAN_POINT('Origin',(30.5,-15.,38.));
#17627=CARTESIAN_POINT('',(-30.5,-15.,40.));
#17628=CARTESIAN_POINT('',(-15.25,-15.,40.));
#17629=CARTESIAN_POINT('',(-30.5,-17.,38.));
#17630=CARTESIAN_POINT('Origin',(-30.5,-15.,38.));
#17631=CARTESIAN_POINT('',(-15.25,-17.,38.));
#17632=CARTESIAN_POINT('Origin',(-23.5,86.522944316707,36.));
#17633=CARTESIAN_POINT('',(-25.1,86.522944316707,36.));
#17634=CARTESIAN_POINT('Origin',(-23.5,-16.75,23.));
#17635=CARTESIAN_POINT('',(-21.4,-17.,23.));
#17636=CARTESIAN_POINT('Origin',(-23.5,-17.,23.));
#17637=CARTESIAN_POINT('',(-21.9,-16.5,23.));
#17638=CARTESIAN_POINT('',(-21.65,-16.75,23.));
#17639=CARTESIAN_POINT('',(-25.1,-16.5,23.));
#17640=CARTESIAN_POINT('Origin',(-23.5,-16.5,23.));
#17641=CARTESIAN_POINT('Origin',(-23.5,-16.5,23.));
#17642=CARTESIAN_POINT('Origin',(-1.33226762955019E-14,-17.,22.5));
#17643=CARTESIAN_POINT('',(-32.5,-17.,36.));
#17644=CARTESIAN_POINT('Origin',(-30.5,-17.,36.));
#17645=CARTESIAN_POINT('',(-32.5,-17.,31.8279609831425));
#17646=CARTESIAN_POINT('',(-32.5,-17.,11.25));
#17647=CARTESIAN_POINT('',(-29.0959969690488,-17.,33.2523118841075));
#17648=CARTESIAN_POINT('Origin',(-30.5,-17.,31.8279609831425));
#17649=CARTESIAN_POINT('',(-24.2587808901426,-17.,28.4841988920428));
#17650=CARTESIAN_POINT('',(-19.8805423107542,-17.,24.1685065780742));
#17651=CARTESIAN_POINT('',(-24.7224430858356,-17.,25.2946966906092));
#17652=CARTESIAN_POINT('Origin',(-25.6627839210938,-17.,27.0598479910778));
#17653=CARTESIAN_POINT('',(-24.4539051470693,-17.,20.5813092445716));
#17654=CARTESIAN_POINT('Origin',(-23.5,-17.,23.));
#17655=CARTESIAN_POINT('',(-23.7633274361604,-17.,17.3167748632881));
#17656=CARTESIAN_POINT('Origin',(-25.1876783371226,-17.,18.7207778942421));
#17657=CARTESIAN_POINT('',(-29.0756490990378,-17.,11.9274630314048));
#17658=CARTESIAN_POINT('',(-15.9200669190665,-17.,25.2737058226272));
#17659=CARTESIAN_POINT('',(-32.5,-17.,13.3314660623589));
#17660=CARTESIAN_POINT('Origin',(-30.5,-17.,13.3314660623589));
#17661=CARTESIAN_POINT('',(-32.5,-17.,6.));
#17662=CARTESIAN_POINT('',(-32.5,-17.,11.25));
#17663=CARTESIAN_POINT('',(-13.,-17.,6.));
#17664=CARTESIAN_POINT('',(-9.1461230123882E-15,-17.,6.));
#17665=CARTESIAN_POINT('',(-10.,-17.,9.));
#17666=CARTESIAN_POINT('Origin',(-13.,-17.,9.));
#17667=CARTESIAN_POINT('Origin',(-13.,-17.,9.));
#17668=CARTESIAN_POINT('',(13.,-17.,6.));
#17669=CARTESIAN_POINT('',(-9.1461230123882E-15,-17.,6.));
#17670=CARTESIAN_POINT('',(16.,-17.,9.));
#17671=CARTESIAN_POINT('Origin',(13.,-17.,9.));
#17672=CARTESIAN_POINT('Origin',(13.,-17.,9.));
#17673=CARTESIAN_POINT('',(32.5,-17.,6.));
#17674=CARTESIAN_POINT('',(-9.1461230123882E-15,-17.,6.));
#17675=CARTESIAN_POINT('',(32.5,-17.,13.3314660623872));
#17676=CARTESIAN_POINT('',(32.5,-17.,11.25));
#17677=CARTESIAN_POINT('',(29.075649099035,-17.,11.927463031436));
#17678=CARTESIAN_POINT('Origin',(30.5,-17.,13.3314660623872));
#17679=CARTESIAN_POINT('',(23.7633274361929,-17.,17.3167748633048));
#17680=CARTESIAN_POINT('',(20.124547148328,-17.,21.0082910973705));
#17681=CARTESIAN_POINT('',(24.4539051470892,-17.,20.5813092445795));
#17682=CARTESIAN_POINT('Origin',(25.1876783371578,-17.,18.720777894256));
#17683=CARTESIAN_POINT('',(24.7224430858356,-17.,25.2946966906092));
#17684=CARTESIAN_POINT('Origin',(23.5,-17.,23.));
#17685=CARTESIAN_POINT('',(24.2587808901426,-17.,28.4841988920427));
#17686=CARTESIAN_POINT('Origin',(25.6627839210938,-17.,27.0598479910777));
#17687=CARTESIAN_POINT('',(29.0959969690488,-17.,33.2523118841074));
#17688=CARTESIAN_POINT('',(16.0115833774481,-17.,20.3548184866724));
#17689=CARTESIAN_POINT('',(32.5,-17.,31.8279609831424));
#17690=CARTESIAN_POINT('Origin',(30.5,-17.,31.8279609831424));
#17691=CARTESIAN_POINT('',(32.5,-17.,36.));
#17692=CARTESIAN_POINT('',(32.5,-17.,11.25));
#17693=CARTESIAN_POINT('Origin',(30.5,-17.,36.));
#17694=CARTESIAN_POINT('',(25.6,-17.,36.));
#17695=CARTESIAN_POINT('Origin',(23.5,-17.,36.));
#17696=CARTESIAN_POINT('Origin',(23.5,-17.,36.));
#17697=CARTESIAN_POINT('',(20.9,-17.,36.));
#17698=CARTESIAN_POINT('Origin',(18.9,-17.,36.));
#17699=CARTESIAN_POINT('',(22.5590225382665,-17.,33.5762505458464));
#17700=CARTESIAN_POINT('Origin',(23.5,-17.,36.));
#17701=CARTESIAN_POINT('',(23.2391967524997,-17.,30.2874769878402));
#17702=CARTESIAN_POINT('Origin',(21.8351937215485,-17.,31.7118278888052));
#17703=CARTESIAN_POINT('',(18.4447037541364,-17.,25.5614767465964));
#17704=CARTESIAN_POINT('',(16.1266037650768,-17.,23.2764924716663));
#17705=CARTESIAN_POINT('',(15.6163498222202,-17.,25.5818246166102));
#17706=CARTESIAN_POINT('Origin',(17.0407007231852,-17.,26.9858276475614));
#17707=CARTESIAN_POINT('',(14.575649099035,-17.,26.637607958972));
#17708=CARTESIAN_POINT('',(12.8898105424171,-17.,28.3478789584393));
#17709=CARTESIAN_POINT('',(14.,-17.,28.0416109899232));
#17710=CARTESIAN_POINT('Origin',(16.,-17.,28.0416109899232));
#17711=CARTESIAN_POINT('',(14.,-17.,30.3902277713536));
#17712=CARTESIAN_POINT('',(14.,-17.,25.065802697124));
#17713=CARTESIAN_POINT('',(14.9090909090909,-17.,32.0665085817704));
#17714=CARTESIAN_POINT('Origin',(16.,-17.,30.3902277713536));
#17715=CARTESIAN_POINT('',(16.4416625811247,-17.,35.6363636363636));
#17716=CARTESIAN_POINT('Origin',(13.,-17.,35.));
#17717=CARTESIAN_POINT('Origin',(18.408326913196,-17.,36.));
#17718=CARTESIAN_POINT('',(16.,-17.,35.));
#17719=CARTESIAN_POINT('Origin',(13.,-17.,35.));
#17720=CARTESIAN_POINT('Origin',(13.,-17.,35.));
#17721=CARTESIAN_POINT('',(-10.,-17.,35.));
#17722=CARTESIAN_POINT('Origin',(-13.,-17.,35.));
#17723=CARTESIAN_POINT('Origin',(-13.,-17.,35.));
#17724=CARTESIAN_POINT('',(-16.4416625811247,-17.,35.6363636363636));
#17725=CARTESIAN_POINT('Origin',(-18.408326913196,-17.,36.));
#17726=CARTESIAN_POINT('',(-14.9090909090909,-17.,32.0665085817704));
#17727=CARTESIAN_POINT('Origin',(-13.,-17.,35.));
#17728=CARTESIAN_POINT('',(-14.,-17.,30.3902277713535));
#17729=CARTESIAN_POINT('Origin',(-16.,-17.,30.3902277713535));
#17730=CARTESIAN_POINT('',(-14.,-17.,28.0416109898368));
#17731=CARTESIAN_POINT('',(-14.,-17.,26.7344355629254));
#17732=CARTESIAN_POINT('',(-14.5756490990378,-17.,26.6376079588827));
#17733=CARTESIAN_POINT('Origin',(-16.,-17.,28.0416109898368));
#17734=CARTESIAN_POINT('',(-15.6163498221819,-17.,25.5818246165669));
#17735=CARTESIAN_POINT('',(-11.8745471482928,-17.,29.3778563147002));
#17736=CARTESIAN_POINT('',(-18.4447037540953,-17.,25.5614767465559));
#17737=CARTESIAN_POINT('Origin',(-17.0407007231441,-17.,26.9858276475209));
#17738=CARTESIAN_POINT('',(-23.2391967524997,-17.,30.2874769878402));
#17739=CARTESIAN_POINT('',(-12.6458057048235,-17.,19.845420097988));
#17740=CARTESIAN_POINT('',(-22.5590225382665,-17.,33.5762505458464));
#17741=CARTESIAN_POINT('Origin',(-21.8351937215485,-17.,31.7118278888052));
#17742=CARTESIAN_POINT('',(-20.9,-17.,36.));
#17743=CARTESIAN_POINT('Origin',(-23.5,-17.,36.));
#17744=CARTESIAN_POINT('Origin',(-18.9,-17.,36.));
#17745=CARTESIAN_POINT('',(25.6,-17.,23.));
#17746=CARTESIAN_POINT('Origin',(23.5,-17.,23.));
#17747=CARTESIAN_POINT('',(-15.5756540821596,-17.,19.9251167527453));
#17748=CARTESIAN_POINT('',(-18.4040080140728,-17.,19.9047688827346));
#17749=CARTESIAN_POINT('Origin',(-16.9796571131108,-17.,18.5007658517803));
#17750=CARTESIAN_POINT('',(-14.5959969690488,-17.,18.9594547412503));
#17751=CARTESIAN_POINT('',(-12.6254578348123,-17.,17.0170661660743));
#17752=CARTESIAN_POINT('',(-14.,-17.,17.5351038402853));
#17753=CARTESIAN_POINT('Origin',(-16.,-17.,17.5351038402853));
#17754=CARTESIAN_POINT('',(-14.,-17.,13.6097722286465));
#17755=CARTESIAN_POINT('',(-14.,-17.,20.2267689637255));
#17756=CARTESIAN_POINT('',(-14.9090909090909,-17.,11.9334914182296));
#17757=CARTESIAN_POINT('Origin',(-16.,-17.,13.6097722286465));
#17758=CARTESIAN_POINT('',(-16.5,-17.,9.));
#17759=CARTESIAN_POINT('Origin',(-13.,-17.,9.));
#17760=CARTESIAN_POINT('',(-18.5,-17.,7.));
#17761=CARTESIAN_POINT('Origin',(-18.5,-17.,9.));
#17762=CARTESIAN_POINT('',(-26.3446977384774,-17.,7.));
#17763=CARTESIAN_POINT('',(-8.69374109684804,-17.,7.));
#17764=CARTESIAN_POINT('',(-27.7690486394394,-17.,10.4040030309543));
#17765=CARTESIAN_POINT('Origin',(-26.3446977384774,-17.,9.));
#17766=CARTESIAN_POINT('',(-18.7418273468304,-17.,19.5620536176197));
#17767=CARTESIAN_POINT('',(-1.00000000000001,-17.,32.6830266911072));
#17768=CARTESIAN_POINT('',(-4.42435090096199,-17.,34.0870297220614));
#17769=CARTESIAN_POINT('Origin',(-3.00000000000001,-17.,32.6830266911072));
#17770=CARTESIAN_POINT('',(-1.00000000000001,-17.,13.1457083632789));
#17771=CARTESIAN_POINT('',(-1.00000000000001,-17.,28.8110088970107));
#17772=CARTESIAN_POINT('',(-4.40400303095122,-17.,11.7213574623139));
#17773=CARTESIAN_POINT('Origin',(-3.00000000000001,-17.,13.1457083632789));
#17774=CARTESIAN_POINT('',(-11.4040030309803,-17.,18.6213574623426));
#17775=CARTESIAN_POINT('',(-5.13054231075419,-17.,12.4375176095483));
#17776=CARTESIAN_POINT('',(-12.0000000000291,-17.,20.0457083633076));
#17777=CARTESIAN_POINT('Origin',(-10.0000000000291,-17.,20.0457083633076));
#17778=CARTESIAN_POINT('',(-12.0000000000291,-17.,25.5815774157458));
#17779=CARTESIAN_POINT('',(-12.0000000000291,-17.,21.063637138071));
#17780=CARTESIAN_POINT('',(-11.4243509009911,-17.,26.9855804467001));
#17781=CARTESIAN_POINT('Origin',(-10.0000000000291,-17.,25.5815774157458));
#17782=CARTESIAN_POINT('',(-9.87454714830557,-17.,28.5578451233308));
#17783=CARTESIAN_POINT('',(19.9061534137424,-17.,22.7896034352827));
#17784=CARTESIAN_POINT('',(19.9177906114227,-17.,22.6425424551235));
#17785=CARTESIAN_POINT('Origin',(23.5,-17.,23.));
#17786=CARTESIAN_POINT('',(19.8385328500808,-17.,22.7229488796734));
#17787=CARTESIAN_POINT('',(15.0456179045219,-17.,27.5853263606751));
#17788=CARTESIAN_POINT('',(14.7518102512702,-17.,17.7088937465601));
#17789=CARTESIAN_POINT('',(-19.8385328500467,-17.,22.7229488796398));
#17790=CARTESIAN_POINT('',(-19.9177906114303,-17.,22.642542455048));
#17791=CARTESIAN_POINT('',(-15.0059890237972,-17.,27.6255295729169));
#17792=CARTESIAN_POINT('',(-19.9061534137424,-17.,22.7896034352827));
#17793=CARTESIAN_POINT('Origin',(-23.5,-17.,23.));
#17794=CARTESIAN_POINT('',(-14.785620533101,-17.,17.7422210243648));
#17795=CARTESIAN_POINT('',(4.42435090096507,-17.,34.0870297221894));
#17796=CARTESIAN_POINT('',(0.999999999999996,-17.,32.6830266912383));
#17797=CARTESIAN_POINT('Origin',(3.,-17.,32.6830266912383));
#17798=CARTESIAN_POINT('',(11.4243509009942,-17.,26.9855804467968));
#17799=CARTESIAN_POINT('',(5.37454714832923,-17.,33.1230625147184));
#17800=CARTESIAN_POINT('',(12.0000000000291,-17.,25.5815774158457));
#17801=CARTESIAN_POINT('Origin',(10.0000000000291,-17.,25.5815774158457));
#17802=CARTESIAN_POINT('',(12.0000000000291,-17.,20.0457083633076));
#17803=CARTESIAN_POINT('',(12.0000000000291,-17.,24.2457915057604));
#17804=CARTESIAN_POINT('',(11.4040030309803,-17.,18.6213574623426));
#17805=CARTESIAN_POINT('Origin',(10.0000000000291,-17.,20.0457083633076));
#17806=CARTESIAN_POINT('',(4.40400303095121,-17.,11.7213574623139));
#17807=CARTESIAN_POINT('',(9.63054231076875,-17.,16.8732318952769));
#17808=CARTESIAN_POINT('',(0.999999999999994,-17.,13.1457083632789));
#17809=CARTESIAN_POINT('Origin',(2.99999999999999,-17.,13.1457083632789));
#17810=CARTESIAN_POINT('',(0.999999999999995,-17.,16.6279228523423));
#17811=CARTESIAN_POINT('',(18.4040080141103,-17.,19.9047688827653));
#17812=CARTESIAN_POINT('',(15.575654082194,-17.,19.9251167527791));
#17813=CARTESIAN_POINT('Origin',(16.9796571131452,-17.,18.5007658518141));
#17814=CARTESIAN_POINT('',(27.7690486394689,-17.,10.4040030309511));
#17815=CARTESIAN_POINT('',(12.8694626724053,-17.,25.5195250265245));
#17816=CARTESIAN_POINT('',(26.3446977385038,-17.,7.));
#17817=CARTESIAN_POINT('Origin',(26.3446977385038,-17.,9.));
#17818=CARTESIAN_POINT('',(18.5,-17.,7.));
#17819=CARTESIAN_POINT('',(14.3672801985489,-17.,7.));
#17820=CARTESIAN_POINT('',(16.5,-17.,9.));
#17821=CARTESIAN_POINT('Origin',(18.5,-17.,9.));
#17822=CARTESIAN_POINT('',(14.9090909090909,-17.,11.9334914182295));
#17823=CARTESIAN_POINT('Origin',(13.,-17.,9.));
#17824=CARTESIAN_POINT('',(14.,-17.,13.6097722286464));
#17825=CARTESIAN_POINT('Origin',(16.,-17.,13.6097722286464));
#17826=CARTESIAN_POINT('',(14.,-17.,17.5351038402853));
#17827=CARTESIAN_POINT('',(14.,-17.,17.7655644370746));
#17828=CARTESIAN_POINT('',(14.5959969690488,-17.,18.9594547412503));
#17829=CARTESIAN_POINT('Origin',(16.,-17.,17.5351038402853));
#17830=CARTESIAN_POINT('',(11.6305423107542,-17.,16.0363637209313));
#17831=CARTESIAN_POINT('Origin',(-23.5,86.522944316707,23.));
#17832=CARTESIAN_POINT('',(-25.1,86.522944316707,23.));
#17833=CARTESIAN_POINT('Origin',(23.5,-16.75,23.));
#17834=CARTESIAN_POINT('',(25.1,-16.5,23.));
#17835=CARTESIAN_POINT('',(25.35,-16.75,23.));
#17836=CARTESIAN_POINT('',(21.9,-16.5,23.));
#17837=CARTESIAN_POINT('Origin',(23.5,-16.5,23.));
#17838=CARTESIAN_POINT('Origin',(23.5,-16.5,23.));
#17839=CARTESIAN_POINT('Origin',(23.5,86.5229443167069,23.));
#17840=CARTESIAN_POINT('',(21.9,86.5229443167069,23.));
#17841=CARTESIAN_POINT('Origin',(23.5,-16.75,36.));
#17842=CARTESIAN_POINT('',(25.1,-16.5,36.));
#17843=CARTESIAN_POINT('',(25.35,-16.75,36.));
#17844=CARTESIAN_POINT('',(21.9,-16.5,36.));
#17845=CARTESIAN_POINT('Origin',(23.5,-16.5,36.));
#17846=CARTESIAN_POINT('Origin',(23.5,-16.5,36.));
#17847=CARTESIAN_POINT('Origin',(23.5,86.5229443167069,36.));
#17848=CARTESIAN_POINT('',(21.9,86.5229443167069,36.));
#17849=CARTESIAN_POINT('Origin',(13.,-16.75,35.));
#17850=CARTESIAN_POINT('',(15.5,-16.5,35.));
#17851=CARTESIAN_POINT('',(15.75,-16.75,35.));
#17852=CARTESIAN_POINT('',(10.5,-16.5,35.));
#17853=CARTESIAN_POINT('Origin',(13.,-16.5,35.));
#17854=CARTESIAN_POINT('Origin',(13.,-16.5,35.));
#17855=CARTESIAN_POINT('Origin',(13.,86.5229443167069,35.));
#17856=CARTESIAN_POINT('',(10.5,86.5229443167069,35.));
#17857=CARTESIAN_POINT('Origin',(13.,-16.75,9.));
#17858=CARTESIAN_POINT('',(15.5,-16.5,9.));
#17859=CARTESIAN_POINT('',(15.75,-16.75,9.));
#17860=CARTESIAN_POINT('',(10.5,-16.5,9.));
#17861=CARTESIAN_POINT('Origin',(13.,-16.5,9.));
#17862=CARTESIAN_POINT('Origin',(13.,-16.5,9.));
#17863=CARTESIAN_POINT('Origin',(13.,86.5229443167069,9.));
#17864=CARTESIAN_POINT('',(10.5,86.5229443167069,9.));
#17865=CARTESIAN_POINT('Origin',(-13.,-16.75,9.));
#17866=CARTESIAN_POINT('',(-10.5,-16.5,9.));
#17867=CARTESIAN_POINT('',(-10.25,-16.75,9.));
#17868=CARTESIAN_POINT('',(-15.5,-16.5,9.));
#17869=CARTESIAN_POINT('Origin',(-13.,-16.5,9.));
#17870=CARTESIAN_POINT('Origin',(-13.,-16.5,9.));
#17871=CARTESIAN_POINT('Origin',(-13.,86.5229443167069,9.));
#17872=CARTESIAN_POINT('',(-15.5,86.5229443167069,9.));
#17873=CARTESIAN_POINT('Origin',(-13.,-16.75,35.));
#17874=CARTESIAN_POINT('',(-10.5,-16.5,35.));
#17875=CARTESIAN_POINT('',(-10.25,-16.75,35.));
#17876=CARTESIAN_POINT('',(-15.5,-16.5,35.));
#17877=CARTESIAN_POINT('Origin',(-13.,-16.5,35.));
#17878=CARTESIAN_POINT('Origin',(-13.,-16.5,35.));
#17879=CARTESIAN_POINT('Origin',(-13.,86.5229443167069,35.));
#17880=CARTESIAN_POINT('',(-15.5,86.5229443167069,35.));
#17881=CARTESIAN_POINT('Origin',(6.,-31.,3.));
#17882=CARTESIAN_POINT('',(12.,-31.,5.));
#17883=CARTESIAN_POINT('',(6.,-31.,5.));
#17884=CARTESIAN_POINT('',(12.,-33.,3.));
#17885=CARTESIAN_POINT('Origin',(12.,-31.,3.));
#17886=CARTESIAN_POINT('',(6.,-33.,3.));
#17887=CARTESIAN_POINT('Origin',(32.5,-10.5,3.));
#17888=CARTESIAN_POINT('',(34.5,-18.,3.));
#17889=CARTESIAN_POINT('',(32.5,-18.,5.));
#17890=CARTESIAN_POINT('Origin',(32.5,-18.,3.));
#17891=CARTESIAN_POINT('',(32.5,-10.5,5.));
#17892=CARTESIAN_POINT('',(34.5,-10.5,3.));
#17893=CARTESIAN_POINT('Origin',(32.5,-18.,6.));
#17894=CARTESIAN_POINT('',(34.5,-15.,6.));
#17895=CARTESIAN_POINT('Origin',(32.5,-15.,6.));
#17896=CARTESIAN_POINT('Origin',(32.5,-18.,6.));
#17897=CARTESIAN_POINT('Origin',(34.5,-18.,6.));
#17898=CARTESIAN_POINT('Origin',(32.5,-15.,11.25));
#17899=CARTESIAN_POINT('',(34.5,-15.,36.));
#17900=CARTESIAN_POINT('Origin',(32.5,-15.,36.));
#17901=CARTESIAN_POINT('',(32.5,-17.,28.3589118208683));
#17902=CARTESIAN_POINT('',(34.5,-15.,11.25));
#17903=CARTESIAN_POINT('Ctrl Pts',(-30.5,-15.,40.));
#17904=CARTESIAN_POINT('Ctrl Pts',(-34.5,-15.,40.));
#17905=CARTESIAN_POINT('Ctrl Pts',(-34.5,-15.,36.));
#17906=CARTESIAN_POINT('Ctrl Pts',(-30.5,-17.,40.));
#17907=CARTESIAN_POINT('Ctrl Pts',(-34.5,-17.,40.));
#17908=CARTESIAN_POINT('Ctrl Pts',(-34.5,-17.,36.));
#17909=CARTESIAN_POINT('Ctrl Pts',(-30.5,-17.,38.));
#17910=CARTESIAN_POINT('Ctrl Pts',(-32.5,-17.,38.));
#17911=CARTESIAN_POINT('Ctrl Pts',(-32.5,-17.,36.));
#17912=CARTESIAN_POINT('',(-34.5,-15.,36.));
#17913=CARTESIAN_POINT('Origin',(-32.5,-15.,36.));
#17914=CARTESIAN_POINT('Origin',(-30.5,-15.,36.));
#17915=CARTESIAN_POINT('Origin',(-32.5,-15.,11.25));
#17916=CARTESIAN_POINT('',(-34.5,-15.,6.));
#17917=CARTESIAN_POINT('Origin',(-32.5,-15.,6.));
#17918=CARTESIAN_POINT('',(-32.5,-17.,16.6962374797221));
#17919=CARTESIAN_POINT('',(-34.5,-15.,11.25));
#17920=CARTESIAN_POINT('Origin',(-32.5,-18.,6.));
#17921=CARTESIAN_POINT('',(-34.5,-18.,3.));
#17922=CARTESIAN_POINT('',(-32.5,-18.,5.));
#17923=CARTESIAN_POINT('Origin',(-32.5,-18.,3.));
#17924=CARTESIAN_POINT('Origin',(-32.5,-18.,6.));
#17925=CARTESIAN_POINT('Origin',(-34.5,-18.,6.));
#17926=CARTESIAN_POINT('Origin',(-32.5,10.5,3.));
#17927=CARTESIAN_POINT('',(-34.5,-21.,3.));
#17928=CARTESIAN_POINT('',(-32.5,-21.,5.));
#17929=CARTESIAN_POINT('Origin',(-32.5,-21.,3.));
#17930=CARTESIAN_POINT('',(-32.5,10.5,5.));
#17931=CARTESIAN_POINT('',(-34.5,10.5,3.));
#17932=CARTESIAN_POINT('Origin',(-22.5,-21.,3.));
#17933=CARTESIAN_POINT('Origin',(-22.5,-21.,5.));
#17934=CARTESIAN_POINT('Origin',(-22.5,-21.,3.));
#17935=CARTESIAN_POINT('Ctrl Pts',(34.5,-15.,36.));
#17936=CARTESIAN_POINT('Ctrl Pts',(34.5,-15.,40.));
#17937=CARTESIAN_POINT('Ctrl Pts',(30.5,-15.,40.));
#17938=CARTESIAN_POINT('Ctrl Pts',(34.5,-17.,36.));
#17939=CARTESIAN_POINT('Ctrl Pts',(34.5,-17.,40.));
#17940=CARTESIAN_POINT('Ctrl Pts',(30.5,-17.,40.));
#17941=CARTESIAN_POINT('Ctrl Pts',(32.5,-17.,36.));
#17942=CARTESIAN_POINT('Ctrl Pts',(32.5,-17.,38.));
#17943=CARTESIAN_POINT('Ctrl Pts',(30.5,-17.,38.));
#17944=CARTESIAN_POINT('Origin',(30.5,-15.,36.));
#17945=CARTESIAN_POINT('Origin',(-12.,-15.5,3.));
#17946=CARTESIAN_POINT('',(-10.,-31.,3.));
#17947=CARTESIAN_POINT('Origin',(-12.,-31.,3.));
#17948=CARTESIAN_POINT('',(-10.,-25.,3.));
#17949=CARTESIAN_POINT('',(-10.,-15.5,3.));
#17950=CARTESIAN_POINT('',(-12.,-25.,5.));
#17951=CARTESIAN_POINT('Origin',(-12.,-25.,3.));
#17952=CARTESIAN_POINT('',(-12.,-15.5,5.));
#17953=CARTESIAN_POINT('Origin',(-7.,-25.,3.));
#17954=CARTESIAN_POINT('',(-7.,-22.,3.));
#17955=CARTESIAN_POINT('',(-7.,-20.,5.));
#17956=CARTESIAN_POINT('Origin',(-7.,-20.,3.));
#17957=CARTESIAN_POINT('Origin',(-7.,-25.,5.));
#17958=CARTESIAN_POINT('Origin',(-7.,-25.,3.));
#17959=CARTESIAN_POINT('Origin',(-3.5,-20.,3.));
#17960=CARTESIAN_POINT('',(7.,-22.,3.));
#17961=CARTESIAN_POINT('',(7.,-20.,5.));
#17962=CARTESIAN_POINT('Origin',(7.,-20.,3.));
#17963=CARTESIAN_POINT('',(-3.5,-20.,5.));
#17964=CARTESIAN_POINT('',(-3.5,-22.,3.));
#17965=CARTESIAN_POINT('Origin',(7.,-25.,3.));
#17966=CARTESIAN_POINT('',(10.,-25.,3.));
#17967=CARTESIAN_POINT('',(12.,-25.,5.));
#17968=CARTESIAN_POINT('Origin',(12.,-25.,3.));
#17969=CARTESIAN_POINT('Origin',(7.,-25.,5.));
#17970=CARTESIAN_POINT('Origin',(7.,-25.,3.));
#17971=CARTESIAN_POINT('Origin',(12.,-12.5,3.));
#17972=CARTESIAN_POINT('',(10.,-31.,3.));
#17973=CARTESIAN_POINT('Origin',(12.,-31.,3.));
#17974=CARTESIAN_POINT('',(12.,-12.5,5.));
#17975=CARTESIAN_POINT('',(10.,-12.5,3.));
#17976=CARTESIAN_POINT('Origin',(-12.,-31.,3.));
#17977=CARTESIAN_POINT('Origin',(-12.,-31.,3.));
#17978=CARTESIAN_POINT('Origin',(12.,-31.,3.));
#17979=CARTESIAN_POINT('Origin',(12.,-31.,3.));
#17980=CARTESIAN_POINT('Origin',(34.5,-21.,0.));
#17981=CARTESIAN_POINT('',(34.5,-17.,36.));
#17982=CARTESIAN_POINT('',(34.5,-21.,0.));
#17983=CARTESIAN_POINT('',(34.5,21.,0.));
#17984=CARTESIAN_POINT('Origin',(22.5,-21.,0.));
#17985=CARTESIAN_POINT('',(22.5,-33.,0.));
#17986=CARTESIAN_POINT('Origin',(12.,-33.,0.));
#17987=CARTESIAN_POINT('',(12.,-33.,0.));
#17988=CARTESIAN_POINT('Origin',(12.,-31.,0.));
#17989=CARTESIAN_POINT('',(10.,-31.,0.));
#17990=CARTESIAN_POINT('Origin',(10.,-25.,0.));
#17991=CARTESIAN_POINT('',(10.,-25.,0.));
#17992=CARTESIAN_POINT('Origin',(7.,-25.,0.));
#17993=CARTESIAN_POINT('',(7.,-22.,0.));
#17994=CARTESIAN_POINT('Origin',(-7.,-22.,0.));
#17995=CARTESIAN_POINT('',(-7.,-22.,0.));
#17996=CARTESIAN_POINT('Origin',(-7.,-25.,0.));
#17997=CARTESIAN_POINT('',(-10.,-25.,0.));
#17998=CARTESIAN_POINT('Origin',(-10.,-31.,0.));
#17999=CARTESIAN_POINT('',(-10.,-31.,0.));
#18000=CARTESIAN_POINT('Origin',(-9.56906511700731E-15,-18.,6.));
#18001=CARTESIAN_POINT('',(-9.56906511700731E-15,-18.,5.));
#18002=CARTESIAN_POINT('Origin',(16.9796571131452,-16.5,18.5007658518141));
#18003=CARTESIAN_POINT('',(16.2776555976696,-16.,19.2129413022966));
#18004=CARTESIAN_POINT('',(15.575654082194,-17.,19.9251167527791));
#18005=CARTESIAN_POINT('',(17.6918325636277,-16.,19.2027673672897));
#18006=CARTESIAN_POINT('Origin',(16.9796571131452,-16.,18.5007658518141));
#18007=CARTESIAN_POINT('',(17.6918325636277,-16.,19.2027673672897));
#18008=CARTESIAN_POINT('Origin',(11.981543068492,-16.5,15.6802759956901));
#18009=CARTESIAN_POINT('',(15.2979984845244,-16.,18.2472792907678));
#18010=CARTESIAN_POINT('',(14.5959969690488,-17.,18.9594547412503));
#18011=CARTESIAN_POINT('',(12.3325438262298,-16.,15.3241882704488));
#18012=CARTESIAN_POINT('Origin',(16.,-16.5,17.5351038402853));
#18013=CARTESIAN_POINT('',(15.,-16.,17.5351038402853));
#18014=CARTESIAN_POINT('',(14.,-17.,17.5351038402853));
#18015=CARTESIAN_POINT('Origin',(16.,-16.,17.5351038402853));
#18016=CARTESIAN_POINT('Origin',(14.5,-16.5,17.7655644370746));
#18017=CARTESIAN_POINT('',(15.,-16.,13.6097722286464));
#18018=CARTESIAN_POINT('',(14.,-17.,13.6097722286464));
#18019=CARTESIAN_POINT('',(15.,-16.,17.7655644370746));
#18020=CARTESIAN_POINT('Origin',(16.,-16.5,13.6097722286464));
#18021=CARTESIAN_POINT('',(15.4545454545455,-16.,12.771631823438));
#18022=CARTESIAN_POINT('',(14.9090909090909,-17.,11.9334914182295));
#18023=CARTESIAN_POINT('Origin',(16.,-16.,13.6097722286464));
#18024=CARTESIAN_POINT('Origin',(13.,-16.5,9.));
#18025=CARTESIAN_POINT('',(17.5,-16.,9.));
#18026=CARTESIAN_POINT('',(16.5,-17.,9.));
#18027=CARTESIAN_POINT('Origin',(13.,-16.,9.));
#18028=CARTESIAN_POINT('Origin',(18.5,-16.5,9.));
#18029=CARTESIAN_POINT('',(18.5,-16.,8.));
#18030=CARTESIAN_POINT('',(18.5,-17.,7.));
#18031=CARTESIAN_POINT('Origin',(18.5,-16.,9.));
#18032=CARTESIAN_POINT('Origin',(14.3672801985489,-16.5,7.5));
#18033=CARTESIAN_POINT('',(26.3446977385038,-16.,8.));
#18034=CARTESIAN_POINT('',(26.3446977385038,-17.,7.));
#18035=CARTESIAN_POINT('',(14.3672801985489,-16.,8.));
#18036=CARTESIAN_POINT('Origin',(26.3446977385038,-16.5,9.));
#18037=CARTESIAN_POINT('',(27.0568731889864,-16.,9.70200151547557));
#18038=CARTESIAN_POINT('',(27.7690486394689,-17.,10.4040030309511));
#18039=CARTESIAN_POINT('Origin',(26.3446977385038,-16.,9.));
#18040=CARTESIAN_POINT('Origin',(12.513374947164,-16.5,25.1685242687867));
#18041=CARTESIAN_POINT('',(12.1572872219228,-16.,24.8175235110489));
#18042=CARTESIAN_POINT('Origin',(18.5,-17.,9.));
#18043=CARTESIAN_POINT('',(18.5,-13.,8.));
#18044=CARTESIAN_POINT('',(18.5,-17.,8.));
#18045=CARTESIAN_POINT('',(17.5,-13.,9.));
#18046=CARTESIAN_POINT('Origin',(18.5,-13.,9.));
#18047=CARTESIAN_POINT('',(17.5,-17.,9.));
#18048=CARTESIAN_POINT('Origin',(28.7345603970978,-17.,8.));
#18049=CARTESIAN_POINT('',(26.3446977385038,-13.,8.));
#18050=CARTESIAN_POINT('',(26.3446977385038,-17.,8.));
#18051=CARTESIAN_POINT('',(21.5922801985489,-13.,8.));
#18052=CARTESIAN_POINT('Origin',(26.3446977385038,-17.,9.));
#18053=CARTESIAN_POINT('',(27.0568731889864,-13.,9.70200151547557));
#18054=CARTESIAN_POINT('',(27.0568731889864,-17.,9.70200151547557));
#18055=CARTESIAN_POINT('Origin',(26.3446977385038,-13.,9.));
#18056=CARTESIAN_POINT('Origin',(16.9898310481521,-17.,19.9149428177723));
#18057=CARTESIAN_POINT('',(17.6918325636277,-13.,19.2027673672897));
#18058=CARTESIAN_POINT('',(17.6918325636277,-17.,19.2027673672897));
#18059=CARTESIAN_POINT('',(21.3422292569084,-13.,15.499466374106));
#18060=CARTESIAN_POINT('Origin',(16.9796571131452,-17.,18.5007658518141));
#18061=CARTESIAN_POINT('',(16.2776555976696,-13.,19.2129413022966));
#18062=CARTESIAN_POINT('',(16.2776555976696,-17.,19.2129413022966));
#18063=CARTESIAN_POINT('Origin',(16.9796571131452,-13.,18.5007658518141));
#18064=CARTESIAN_POINT('Origin',(-16.9796571131108,-16.5,18.5007658517803));
#18065=CARTESIAN_POINT('',(-17.6918325635918,-16.,19.2027673672574));
#18066=CARTESIAN_POINT('',(-18.4040080140728,-17.,19.9047688827346));
#18067=CARTESIAN_POINT('',(-16.2776555976352,-16.,19.2129413022628));
#18068=CARTESIAN_POINT('Origin',(-16.9796571131108,-16.,18.5007658517803));
#18069=CARTESIAN_POINT('',(-16.2776555976352,-16.,19.2129413022628));
#18070=CARTESIAN_POINT('Origin',(-18.3857396215899,-16.5,19.2110528598811));
#18071=CARTESIAN_POINT('',(-27.0568731889584,-16.,9.70200151547714));
#18072=CARTESIAN_POINT('',(-27.7690486394394,-17.,10.4040030309543));
#18073=CARTESIAN_POINT('',(-18.0296518963494,-16.,18.8600521021425));
#18074=CARTESIAN_POINT('Origin',(-26.3446977384774,-16.5,9.));
#18075=CARTESIAN_POINT('',(-26.3446977384774,-16.,8.));
#18076=CARTESIAN_POINT('',(-26.3446977384774,-17.,7.));
#18077=CARTESIAN_POINT('Origin',(-26.3446977384774,-16.,9.));
#18078=CARTESIAN_POINT('Origin',(-8.69374109684804,-16.5,7.5));
#18079=CARTESIAN_POINT('',(-18.5,-16.,8.));
#18080=CARTESIAN_POINT('',(-18.5,-17.,7.));
#18081=CARTESIAN_POINT('',(-8.69374109684804,-16.,8.));
#18082=CARTESIAN_POINT('Origin',(-18.5,-16.5,9.));
#18083=CARTESIAN_POINT('',(-17.5,-16.,9.));
#18084=CARTESIAN_POINT('',(-16.5,-17.,9.));
#18085=CARTESIAN_POINT('Origin',(-18.5,-16.,9.));
#18086=CARTESIAN_POINT('Origin',(-13.,-16.5,9.));
#18087=CARTESIAN_POINT('',(-15.4545454545455,-16.,12.771631823438));
#18088=CARTESIAN_POINT('',(-14.9090909090909,-17.,11.9334914182296));
#18089=CARTESIAN_POINT('Origin',(-13.,-16.,9.));
#18090=CARTESIAN_POINT('Origin',(-16.,-16.5,13.6097722286465));
#18091=CARTESIAN_POINT('',(-15.,-16.,13.6097722286465));
#18092=CARTESIAN_POINT('',(-14.,-17.,13.6097722286465));
#18093=CARTESIAN_POINT('Origin',(-16.,-16.,13.6097722286465));
#18094=CARTESIAN_POINT('Origin',(-14.5,-16.5,20.2267689637255));
#18095=CARTESIAN_POINT('',(-15.,-16.,17.5351038402853));
#18096=CARTESIAN_POINT('',(-14.,-17.,17.5351038402853));
#18097=CARTESIAN_POINT('',(-15.,-16.,20.2267689637255));
#18098=CARTESIAN_POINT('Origin',(-16.,-16.5,17.5351038402853));
#18099=CARTESIAN_POINT('',(-15.2979984845244,-16.,18.2472792907678));
#18100=CARTESIAN_POINT('',(-14.5959969690488,-17.,18.9594547412503));
#18101=CARTESIAN_POINT('Origin',(-16.,-16.,17.5351038402853));
#18102=CARTESIAN_POINT('Origin',(-12.9764585925501,-16.5,16.6609784408331));
#18103=CARTESIAN_POINT('',(-13.3274593502879,-16.,16.3048907155918));
#18104=CARTESIAN_POINT('Origin',(-16.,-17.,13.6097722286465));
#18105=CARTESIAN_POINT('',(-15.,-13.,13.6097722286465));
#18106=CARTESIAN_POINT('',(-15.,-17.,13.6097722286465));
#18107=CARTESIAN_POINT('',(-15.4545454545455,-13.,12.771631823438));
#18108=CARTESIAN_POINT('Origin',(-16.,-13.,13.6097722286465));
#18109=CARTESIAN_POINT('',(-15.4545454545455,-17.,12.771631823438));
#18110=CARTESIAN_POINT('Origin',(-15.,-17.,17.9535379274509));
#18111=CARTESIAN_POINT('',(-15.,-13.,17.5351038402853));
#18112=CARTESIAN_POINT('',(-15.,-17.,17.5351038402853));
#18113=CARTESIAN_POINT('',(-15.,-13.,8.97676896372545));
#18114=CARTESIAN_POINT('Origin',(-16.,-17.,17.5351038402853));
#18115=CARTESIAN_POINT('',(-15.2979984845244,-13.,18.2472792907678));
#18116=CARTESIAN_POINT('',(-15.2979984845244,-17.,18.2472792907678));
#18117=CARTESIAN_POINT('Origin',(-16.,-13.,17.5351038402853));
#18118=CARTESIAN_POINT('Origin',(-16.9898310481162,-17.,19.9149428177369));
#18119=CARTESIAN_POINT('',(-16.2776555976352,-13.,19.2129413022628));
#18120=CARTESIAN_POINT('',(-16.2776555976352,-17.,19.2129413022628));
#18121=CARTESIAN_POINT('',(-4.03856586100107,-13.,7.14869570472341));
#18122=CARTESIAN_POINT('Origin',(-16.9796571131108,-17.,18.5007658517803));
#18123=CARTESIAN_POINT('',(-17.6918325635918,-13.,19.2027673672574));
#18124=CARTESIAN_POINT('',(-17.6918325635918,-17.,19.2027673672574));
#18125=CARTESIAN_POINT('Origin',(-16.9796571131108,-13.,18.5007658517803));
#18126=CARTESIAN_POINT('Origin',(-23.5,-16.5,36.));
#18127=CARTESIAN_POINT('',(-19.9,-16.,36.));
#18128=CARTESIAN_POINT('',(-19.9,-16.,36.));
#18129=CARTESIAN_POINT('',(-22.1971081299075,-16.,32.6440392173258));
#18130=CARTESIAN_POINT('',(-22.5590225382665,-17.,33.5762505458464));
#18131=CARTESIAN_POINT('Origin',(-23.5,-16.,36.));
#18132=CARTESIAN_POINT('Origin',(-18.9,-16.5,36.));
#18133=CARTESIAN_POINT('',(-18.9,-16.,37.));
#18134=CARTESIAN_POINT('Origin',(-18.9,-16.,36.));
#18135=CARTESIAN_POINT('',(-18.9,-16.,37.));
#18136=CARTESIAN_POINT('Origin',(-10.020838353421,-16.5,37.5));
#18137=CARTESIAN_POINT('',(-18.408326913196,-16.,37.));
#18138=CARTESIAN_POINT('',(-18.408326913196,-16.,37.));
#18139=CARTESIAN_POINT('',(-10.020838353421,-16.,37.));
#18140=CARTESIAN_POINT('Origin',(-18.408326913196,-16.5,36.));
#18141=CARTESIAN_POINT('',(-17.4249947471604,-16.,35.8181818181818));
#18142=CARTESIAN_POINT('Origin',(-18.408326913196,-16.,36.));
#18143=CARTESIAN_POINT('',(-17.4249947471604,-16.,35.8181818181818));
#18144=CARTESIAN_POINT('Origin',(-13.,-16.5,35.));
#18145=CARTESIAN_POINT('',(-15.4545454545455,-16.,31.228368176562));
#18146=CARTESIAN_POINT('',(-15.4545454545455,-16.,31.228368176562));
#18147=CARTESIAN_POINT('Origin',(-13.,-16.,35.));
#18148=CARTESIAN_POINT('Origin',(-16.,-16.5,30.3902277713535));
#18149=CARTESIAN_POINT('',(-15.,-16.,30.3902277713535));
#18150=CARTESIAN_POINT('Origin',(-16.,-16.,30.3902277713535));
#18151=CARTESIAN_POINT('',(-15.,-16.,30.3902277713535));
#18152=CARTESIAN_POINT('Origin',(-14.5,-16.5,26.7344355629254));
#18153=CARTESIAN_POINT('',(-15.,-16.,28.0416109898368));
#18154=CARTESIAN_POINT('',(-15.,-16.,28.0416109898368));
#18155=CARTESIAN_POINT('',(-15.,-16.,26.7344355629254));
#18156=CARTESIAN_POINT('Origin',(-16.,-16.5,28.0416109898368));
#18157=CARTESIAN_POINT('',(-15.2878245495189,-16.,27.3396094743598));
#18158=CARTESIAN_POINT('Origin',(-16.,-16.,28.0416109898368));
#18159=CARTESIAN_POINT('',(-15.2878245495189,-16.,27.3396094743598));
#18160=CARTESIAN_POINT('Origin',(-12.2306348735333,-16.5,29.7288570724387));
#18161=CARTESIAN_POINT('',(-16.328525272663,-16.,26.2838261320439));
#18162=CARTESIAN_POINT('',(-16.328525272663,-16.,26.2838261320439));
#18163=CARTESIAN_POINT('',(-12.5867225987739,-16.,30.0798578301772));
#18164=CARTESIAN_POINT('Origin',(-17.0407007231441,-16.5,26.9858276475209));
#18165=CARTESIAN_POINT('',(-17.7427022386197,-16.,26.2736521970384));
#18166=CARTESIAN_POINT('Origin',(-17.0407007231441,-16.,26.9858276475209));
#18167=CARTESIAN_POINT('',(-17.7427022386197,-16.,26.2736521970384));
#18168=CARTESIAN_POINT('Origin',(-12.2948049470857,-16.5,20.2015078232292));
#18169=CARTESIAN_POINT('',(-22.5371952370241,-16.,30.9996524383227));
#18170=CARTESIAN_POINT('',(-22.5371952370241,-16.,30.9996524383227));
#18171=CARTESIAN_POINT('',(-11.9438041893479,-16.,20.5575955484705));
#18172=CARTESIAN_POINT('Origin',(-21.8351937215485,-16.5,31.7118278888052));
#18173=CARTESIAN_POINT('Origin',(-21.8351937215485,-16.,31.7118278888052));
#18174=CARTESIAN_POINT('Origin',(-16.,-17.,30.3902277713535));
#18175=CARTESIAN_POINT('',(-15.4545454545455,-13.,31.228368176562));
#18176=CARTESIAN_POINT('',(-15.4545454545455,-17.,31.228368176562));
#18177=CARTESIAN_POINT('',(-15.,-13.,30.3902277713535));
#18178=CARTESIAN_POINT('Origin',(-16.,-13.,30.3902277713535));
#18179=CARTESIAN_POINT('',(-15.,-17.,30.3902277713535));
#18180=CARTESIAN_POINT('Origin',(-13.,-17.,35.));
#18181=CARTESIAN_POINT('',(-17.4249947471604,-13.,35.8181818181818));
#18182=CARTESIAN_POINT('',(-17.4249947471604,-17.,35.8181818181818));
#18183=CARTESIAN_POINT('Origin',(-13.,-13.,35.));
#18184=CARTESIAN_POINT('Origin',(-18.408326913196,-17.,36.));
#18185=CARTESIAN_POINT('',(-18.408326913196,-13.,37.));
#18186=CARTESIAN_POINT('',(-18.408326913196,-17.,37.));
#18187=CARTESIAN_POINT('Origin',(-18.408326913196,-13.,36.));
#18188=CARTESIAN_POINT('Origin',(-20.0416767068419,-17.,37.));
#18189=CARTESIAN_POINT('',(-18.9,-13.,37.));
#18190=CARTESIAN_POINT('',(-18.9,-17.,37.));
#18191=CARTESIAN_POINT('',(-2.79583835342096,-13.,37.));
#18192=CARTESIAN_POINT('Origin',(-18.9,-17.,36.));
#18193=CARTESIAN_POINT('',(-19.9,-13.,36.));
#18194=CARTESIAN_POINT('',(-19.9,-17.,36.));
#18195=CARTESIAN_POINT('Origin',(-18.9,-13.,36.));
#18196=CARTESIAN_POINT('Origin',(-23.5,-17.,36.));
#18197=CARTESIAN_POINT('',(-22.1971081299075,-13.,32.6440392173258));
#18198=CARTESIAN_POINT('',(-22.1971081299075,-17.,32.6440392173258));
#18199=CARTESIAN_POINT('Origin',(-23.5,-13.,36.));
#18200=CARTESIAN_POINT('Origin',(-20.231543068492,-16.5,23.812418852833));
#18201=CARTESIAN_POINT('',(-24.9607824056182,-16.,27.7720234415603));
#18202=CARTESIAN_POINT('',(-24.9607824056182,-16.,27.7720234415603));
#18203=CARTESIAN_POINT('',(-29.7979984845244,-16.,32.540136433625));
#18204=CARTESIAN_POINT('',(-29.0959969690488,-17.,33.2523118841075));
#18205=CARTESIAN_POINT('',(-20.5825438262298,-16.,23.4563311275917));
#18206=CARTESIAN_POINT('Origin',(-25.6627839210938,-16.5,27.0598479910778));
#18207=CARTESIAN_POINT('',(-25.1926135034647,-16.,26.1772723408435));
#18208=CARTESIAN_POINT('Origin',(-25.6627839210938,-16.,27.0598479910778));
#18209=CARTESIAN_POINT('',(-25.1926135034647,-16.,26.1772723408435));
#18210=CARTESIAN_POINT('Origin',(-23.5,-16.5,23.));
#18211=CARTESIAN_POINT('',(-24.820791742096,-16.,19.6510435694069));
#18212=CARTESIAN_POINT('',(-24.820791742096,-16.,19.6510435694069));
#18213=CARTESIAN_POINT('Origin',(-23.5,-16.,23.));
#18214=CARTESIAN_POINT('Origin',(-25.1876783371226,-16.5,18.7207778942421));
#18215=CARTESIAN_POINT('',(-24.4755028866415,-16.,18.0187763787651));
#18216=CARTESIAN_POINT('Origin',(-25.1876783371226,-16.,18.7207778942421));
#18217=CARTESIAN_POINT('',(-24.4755028866415,-16.,18.0187763787651));
#18218=CARTESIAN_POINT('Origin',(-16.276154644307,-16.5,25.6247065803657));
#18219=CARTESIAN_POINT('',(-29.7878245495189,-16.,12.6294645468819));
#18220=CARTESIAN_POINT('',(-29.7878245495189,-16.,12.6294645468819));
#18221=CARTESIAN_POINT('',(-16.6322423695476,-16.,25.9757073381042));
#18222=CARTESIAN_POINT('Origin',(-30.5,-16.5,13.3314660623589));
#18223=CARTESIAN_POINT('',(-31.5,-16.,13.3314660623589));
#18224=CARTESIAN_POINT('Origin',(-30.5,-16.,13.3314660623589));
#18225=CARTESIAN_POINT('',(-31.5,-16.,13.3314660623589));
#18226=CARTESIAN_POINT('Origin',(-32.,-16.5,16.6962374797221));
#18227=CARTESIAN_POINT('',(-31.5,-16.,31.8279609831425));
#18228=CARTESIAN_POINT('',(-31.5,-16.,31.8279609831425));
#18229=CARTESIAN_POINT('',(-31.5,-16.,16.6962374797221));
#18230=CARTESIAN_POINT('Origin',(-30.5,-16.5,31.8279609831425));
#18231=CARTESIAN_POINT('Origin',(-30.5,-16.,31.8279609831425));
#18232=CARTESIAN_POINT('Origin',(-25.1876783371226,-17.,18.7207778942421));
#18233=CARTESIAN_POINT('',(-24.820791742096,-13.,19.6510435694069));
#18234=CARTESIAN_POINT('',(-24.820791742096,-17.,19.6510435694069));
#18235=CARTESIAN_POINT('',(-24.4755028866415,-13.,18.0187763787651));
#18236=CARTESIAN_POINT('Origin',(-25.1876783371226,-13.,18.7207778942421));
#18237=CARTESIAN_POINT('',(-24.4755028866415,-17.,18.0187763787651));
#18238=CARTESIAN_POINT('Origin',(-23.5,-17.,23.));
#18239=CARTESIAN_POINT('',(-25.1926135034647,-13.,26.1772723408435));
#18240=CARTESIAN_POINT('',(-25.1926135034647,-17.,26.1772723408435));
#18241=CARTESIAN_POINT('Origin',(-23.5,-13.,23.));
#18242=CARTESIAN_POINT('Origin',(-25.6627839210938,-17.,27.0598479910778));
#18243=CARTESIAN_POINT('',(-24.9607824056182,-13.,27.7720234415603));
#18244=CARTESIAN_POINT('',(-24.9607824056182,-17.,27.7720234415603));
#18245=CARTESIAN_POINT('Origin',(-25.6627839210938,-13.,27.0598479910778));
#18246=CARTESIAN_POINT('Origin',(-31.5,-17.,34.2178236417366));
#18247=CARTESIAN_POINT('',(-29.7979984845244,-13.,32.540136433625));
#18248=CARTESIAN_POINT('',(-29.7979984845244,-17.,32.540136433625));
#18249=CARTESIAN_POINT('',(-11.293650336943,-13.,14.3001361167233));
#18250=CARTESIAN_POINT('Origin',(30.5,-16.5,31.8279609831424));
#18251=CARTESIAN_POINT('',(29.7979984845244,-16.,32.5401364336249));
#18252=CARTESIAN_POINT('',(29.0959969690488,-17.,33.2523118841074));
#18253=CARTESIAN_POINT('',(31.5,-16.,31.8279609831424));
#18254=CARTESIAN_POINT('Origin',(30.5,-16.,31.8279609831424));
#18255=CARTESIAN_POINT('',(31.5,-16.,31.8279609831424));
#18256=CARTESIAN_POINT('Origin',(16.3625841351859,-16.5,19.9987307614312));
#18257=CARTESIAN_POINT('',(24.9607824056182,-16.,27.7720234415602));
#18258=CARTESIAN_POINT('',(24.2587808901426,-17.,28.4841988920427));
#18259=CARTESIAN_POINT('',(16.7135848929237,-16.,19.6426430361899));
#18260=CARTESIAN_POINT('Origin',(25.6627839210938,-16.5,27.0598479910777));
#18261=CARTESIAN_POINT('',(25.1926135034647,-16.,26.1772723408435));
#18262=CARTESIAN_POINT('',(24.7224430858356,-17.,25.2946966906092));
#18263=CARTESIAN_POINT('Origin',(25.6627839210938,-16.,27.0598479910777));
#18264=CARTESIAN_POINT('Origin',(23.5,-16.5,23.));
#18265=CARTESIAN_POINT('',(24.8207917421235,-16.,19.6510435694177));
#18266=CARTESIAN_POINT('',(24.4539051470892,-17.,20.5813092445795));
#18267=CARTESIAN_POINT('Origin',(23.5,-16.,23.));
#18268=CARTESIAN_POINT('Origin',(25.1876783371578,-16.5,18.720777894256));
#18269=CARTESIAN_POINT('',(24.4755028866754,-16.,18.0187763787804));
#18270=CARTESIAN_POINT('',(23.7633274361929,-17.,17.3167748633048));
#18271=CARTESIAN_POINT('Origin',(25.1876783371578,-16.,18.720777894256));
#18272=CARTESIAN_POINT('Origin',(20.4806348735692,-16.5,21.3592918551083));
#18273=CARTESIAN_POINT('',(29.7878245495175,-16.,12.6294645469116));
#18274=CARTESIAN_POINT('',(29.075649099035,-17.,11.927463031436));
#18275=CARTESIAN_POINT('',(20.8367225988105,-16.,21.7102926128461));
#18276=CARTESIAN_POINT('Origin',(30.5,-16.5,13.3314660623872));
#18277=CARTESIAN_POINT('',(31.5,-16.,13.3314660623872));
#18278=CARTESIAN_POINT('',(32.5,-17.,13.3314660623872));
#18279=CARTESIAN_POINT('Origin',(30.5,-16.,13.3314660623872));
#18280=CARTESIAN_POINT('Origin',(32.,-16.5,28.3589118208683));
#18281=CARTESIAN_POINT('',(31.5,-16.,28.3589118208683));
#18282=CARTESIAN_POINT('Origin',(31.5,-17.,10.8924749594657));
#18283=CARTESIAN_POINT('',(29.7878245495175,-13.,12.6294645469116));
#18284=CARTESIAN_POINT('',(29.7878245495175,-17.,12.6294645469116));
#18285=CARTESIAN_POINT('',(24.4755028866754,-13.,18.0187763787804));
#18286=CARTESIAN_POINT('',(30.0216646337966,-13.,12.3922354759039));
#18287=CARTESIAN_POINT('',(24.4755028866754,-17.,18.0187763787804));
#18288=CARTESIAN_POINT('Origin',(30.5,-17.,13.3314660623872));
#18289=CARTESIAN_POINT('',(31.5,-13.,13.3314660623872));
#18290=CARTESIAN_POINT('',(31.5,-17.,13.3314660623872));
#18291=CARTESIAN_POINT('Origin',(30.5,-13.,13.3314660623872));
#18292=CARTESIAN_POINT('Origin',(31.5,-17.,34.2178236417366));
#18293=CARTESIAN_POINT('',(31.5,-13.,31.8279609831424));
#18294=CARTESIAN_POINT('',(31.5,-17.,31.8279609831424));
#18295=CARTESIAN_POINT('',(31.5,-13.,17.1089118208683));
#18296=CARTESIAN_POINT('Origin',(30.5,-17.,31.8279609831424));
#18297=CARTESIAN_POINT('',(29.7979984845244,-13.,32.5401364336249));
#18298=CARTESIAN_POINT('',(29.7979984845244,-17.,32.5401364336249));
#18299=CARTESIAN_POINT('Origin',(30.5,-13.,31.8279609831424));
#18300=CARTESIAN_POINT('Origin',(18.9,-16.5,36.));
#18301=CARTESIAN_POINT('',(18.9,-16.,37.));
#18302=CARTESIAN_POINT('',(18.9,-17.,38.));
#18303=CARTESIAN_POINT('',(19.9,-16.,36.));
#18304=CARTESIAN_POINT('Origin',(18.9,-16.,36.));
#18305=CARTESIAN_POINT('',(19.9,-16.,36.));
#18306=CARTESIAN_POINT('Origin',(8.51556443707462,-16.5,37.5));
#18307=CARTESIAN_POINT('',(18.408326913196,-16.,37.));
#18308=CARTESIAN_POINT('',(18.408326913196,-17.,38.));
#18309=CARTESIAN_POINT('',(8.51556443707462,-16.,37.));
#18310=CARTESIAN_POINT('Origin',(18.408326913196,-16.5,36.));
#18311=CARTESIAN_POINT('',(17.4249947471603,-16.,35.8181818181818));
#18312=CARTESIAN_POINT('',(16.4416625811247,-17.,35.6363636363636));
#18313=CARTESIAN_POINT('Origin',(18.408326913196,-16.,36.));
#18314=CARTESIAN_POINT('Origin',(13.,-16.5,35.));
#18315=CARTESIAN_POINT('',(15.4545454545455,-16.,31.228368176562));
#18316=CARTESIAN_POINT('',(14.9090909090909,-17.,32.0665085817704));
#18317=CARTESIAN_POINT('Origin',(13.,-16.,35.));
#18318=CARTESIAN_POINT('Origin',(16.,-16.5,30.3902277713536));
#18319=CARTESIAN_POINT('',(15.,-16.,30.3902277713536));
#18320=CARTESIAN_POINT('',(14.,-17.,30.3902277713536));
#18321=CARTESIAN_POINT('Origin',(16.,-16.,30.3902277713536));
#18322=CARTESIAN_POINT('Origin',(14.5,-16.5,25.065802697124));
#18323=CARTESIAN_POINT('',(15.,-16.,28.0416109899232));
#18324=CARTESIAN_POINT('',(14.,-17.,28.0416109899232));
#18325=CARTESIAN_POINT('',(15.,-16.,25.065802697124));
#18326=CARTESIAN_POINT('Origin',(16.,-16.5,28.0416109899232));
#18327=CARTESIAN_POINT('',(15.2878245495175,-16.,27.3396094744476));
#18328=CARTESIAN_POINT('',(14.575649099035,-17.,26.637607958972));
#18329=CARTESIAN_POINT('Origin',(16.,-16.,28.0416109899232));
#18330=CARTESIAN_POINT('Origin',(13.2458982676584,-16.5,28.6988797161771));
#18331=CARTESIAN_POINT('',(16.3285252727027,-16.,26.2838261320858));
#18332=CARTESIAN_POINT('',(15.6163498222202,-17.,25.5818246166102));
#18333=CARTESIAN_POINT('',(13.6019859928996,-16.,29.049880473915));
#18334=CARTESIAN_POINT('Origin',(17.0407007231852,-16.5,26.9858276475614));
#18335=CARTESIAN_POINT('',(17.7427022386608,-16.,26.2736521970789));
#18336=CARTESIAN_POINT('',(18.4447037541364,-17.,25.5614767465964));
#18337=CARTESIAN_POINT('Origin',(17.0407007231852,-16.,26.9858276475614));
#18338=CARTESIAN_POINT('Origin',(15.775603007339,-16.5,23.6325801969075));
#18339=CARTESIAN_POINT('',(22.5371952370241,-16.,30.9996524383227));
#18340=CARTESIAN_POINT('',(23.2391967524997,-17.,30.2874769878402));
#18341=CARTESIAN_POINT('',(15.4246022496012,-16.,23.9886679221488));
#18342=CARTESIAN_POINT('Origin',(21.8351937215485,-16.5,31.7118278888052));
#18343=CARTESIAN_POINT('',(22.1971081299075,-16.,32.6440392173258));
#18344=CARTESIAN_POINT('',(22.5590225382665,-17.,33.5762505458464));
#18345=CARTESIAN_POINT('Origin',(21.8351937215485,-16.,31.7118278888052));
#18346=CARTESIAN_POINT('Origin',(23.5,-16.5,36.));
#18347=CARTESIAN_POINT('Origin',(23.5,-16.,36.));
#18348=CARTESIAN_POINT('Origin',(17.0305267881783,-17.,25.5716506816033));
#18349=CARTESIAN_POINT('',(16.3285252727027,-13.,26.2838261320858));
#18350=CARTESIAN_POINT('',(16.3285252727027,-17.,26.2838261320858));
#18351=CARTESIAN_POINT('',(15.2878245495175,-13.,27.3396094744476));
#18352=CARTESIAN_POINT('',(22.7869280278857,-13.,19.7318233369727));
#18353=CARTESIAN_POINT('',(15.2878245495175,-17.,27.3396094744476));
#18354=CARTESIAN_POINT('Origin',(17.0407007231852,-17.,26.9858276475614));
#18355=CARTESIAN_POINT('',(17.7427022386608,-13.,26.2736521970789));
#18356=CARTESIAN_POINT('',(17.7427022386608,-17.,26.2736521970789));
#18357=CARTESIAN_POINT('Origin',(17.0407007231852,-13.,26.9858276475614));
#18358=CARTESIAN_POINT('Origin',(23.9921229086453,-17.,32.4337954289207));
#18359=CARTESIAN_POINT('',(22.5371952370241,-13.,30.9996524383227));
#18360=CARTESIAN_POINT('',(22.5371952370241,-17.,30.9996524383227));
#18361=CARTESIAN_POINT('',(13.4646602146152,-13.,22.0567250590911));
#18362=CARTESIAN_POINT('Origin',(21.8351937215485,-17.,31.7118278888052));
#18363=CARTESIAN_POINT('',(22.1971081299075,-13.,32.6440392173258));
#18364=CARTESIAN_POINT('',(22.1971081299075,-17.,32.6440392173258));
#18365=CARTESIAN_POINT('Origin',(21.8351937215485,-13.,31.7118278888052));
#18366=CARTESIAN_POINT('Origin',(23.5,-17.,36.));
#18367=CARTESIAN_POINT('',(19.9,-13.,36.));
#18368=CARTESIAN_POINT('',(19.9,-17.,36.));
#18369=CARTESIAN_POINT('Origin',(23.5,-13.,36.));
#18370=CARTESIAN_POINT('Origin',(18.9,-17.,36.));
#18371=CARTESIAN_POINT('',(18.9,-13.,37.));
#18372=CARTESIAN_POINT('',(18.9,-17.,37.));
#18373=CARTESIAN_POINT('Origin',(18.9,-13.,36.));
#18374=CARTESIAN_POINT('Origin',(3.,-16.5,32.6830266912383));
#18375=CARTESIAN_POINT('',(2.,-16.,32.6830266912383));
#18376=CARTESIAN_POINT('',(0.999999999999996,-17.,32.6830266912383));
#18377=CARTESIAN_POINT('',(3.71217545048253,-16.,33.3850282067138));
#18378=CARTESIAN_POINT('Origin',(3.,-16.,32.6830266912383));
#18379=CARTESIAN_POINT('',(3.71217545048253,-16.,33.3850282067138));
#18380=CARTESIAN_POINT('Origin',(1.49999999999999,-16.5,16.6279228523423));
#18381=CARTESIAN_POINT('',(1.99999999999999,-16.,13.1457083632789));
#18382=CARTESIAN_POINT('',(0.999999999999994,-17.,13.1457083632789));
#18383=CARTESIAN_POINT('',(1.99999999999999,-16.,16.6279228523423));
#18384=CARTESIAN_POINT('Origin',(2.99999999999999,-16.5,13.1457083632789));
#18385=CARTESIAN_POINT('',(3.7020015154756,-16.,12.4335329127964));
#18386=CARTESIAN_POINT('',(4.40400303095121,-17.,11.7213574623139));
#18387=CARTESIAN_POINT('Origin',(2.99999999999999,-16.,13.1457083632789));
#18388=CARTESIAN_POINT('Origin',(9.27954155303095,-16.5,17.2293196205181));
#18389=CARTESIAN_POINT('',(10.7020015155047,-16.,19.333532912825));
#18390=CARTESIAN_POINT('',(11.4040030309803,-17.,18.6213574623426));
#18391=CARTESIAN_POINT('',(8.92854079529314,-16.,17.5854073457594));
#18392=CARTESIAN_POINT('Origin',(10.0000000000291,-16.5,20.0457083633076));
#18393=CARTESIAN_POINT('',(11.0000000000291,-16.,20.0457083633076));
#18394=CARTESIAN_POINT('',(12.0000000000291,-17.,20.0457083633076));
#18395=CARTESIAN_POINT('Origin',(10.0000000000291,-16.,20.0457083633076));
#18396=CARTESIAN_POINT('Origin',(11.5000000000291,-16.5,24.2457915057604));
#18397=CARTESIAN_POINT('',(11.0000000000291,-16.,25.5815774158457));
#18398=CARTESIAN_POINT('',(12.0000000000291,-17.,25.5815774158457));
#18399=CARTESIAN_POINT('',(11.0000000000291,-16.,24.2457915057604));
#18400=CARTESIAN_POINT('Origin',(10.0000000000291,-16.5,25.5815774158457));
#18401=CARTESIAN_POINT('',(10.7121754505116,-16.,26.2835789313212));
#18402=CARTESIAN_POINT('',(11.4243509009942,-17.,26.9855804467968));
#18403=CARTESIAN_POINT('Origin',(10.0000000000291,-16.,25.5815774158457));
#18404=CARTESIAN_POINT('Origin',(5.01845942308797,-16.5,32.7720617569806));
#18405=CARTESIAN_POINT('',(4.6623716978467,-16.,32.4210609992428));
#18406=CARTESIAN_POINT('Origin',(11.0000000000291,-17.,25.9915830115209));
#18407=CARTESIAN_POINT('',(11.0000000000291,-13.,25.5815774158457));
#18408=CARTESIAN_POINT('',(11.0000000000291,-17.,25.5815774158457));
#18409=CARTESIAN_POINT('',(11.0000000000291,-13.,20.0457083633076));
#18410=CARTESIAN_POINT('',(11.0000000000291,-13.,12.9957915057604));
#18411=CARTESIAN_POINT('',(11.0000000000291,-17.,20.0457083633076));
#18412=CARTESIAN_POINT('Origin',(10.0000000000291,-17.,25.5815774158457));
#18413=CARTESIAN_POINT('',(10.7121754505116,-13.,26.2835789313212));
#18414=CARTESIAN_POINT('',(10.7121754505116,-17.,26.2835789313212));
#18415=CARTESIAN_POINT('Origin',(10.0000000000291,-13.,25.5815774158457));
#18416=CARTESIAN_POINT('Origin',(1.99999999999999,-17.,35.1220177941601));
#18417=CARTESIAN_POINT('',(3.71217545048254,-13.,33.3850282067138));
#18418=CARTESIAN_POINT('',(3.71217545048253,-17.,33.3850282067138));
#18419=CARTESIAN_POINT('',(13.8473137328323,-13.,23.1030038622999));
#18420=CARTESIAN_POINT('Origin',(3.,-17.,32.6830266912383));
#18421=CARTESIAN_POINT('',(2.,-13.,32.6830266912383));
#18422=CARTESIAN_POINT('',(2.,-17.,32.6830266912383));
#18423=CARTESIAN_POINT('Origin',(3.,-13.,32.6830266912383));
#18424=CARTESIAN_POINT('Origin',(-3.00000000000001,-16.5,32.6830266911072));
#18425=CARTESIAN_POINT('',(-3.712175450481,-16.,33.3850282065843));
#18426=CARTESIAN_POINT('',(-4.42435090096199,-17.,34.0870297220614));
#18427=CARTESIAN_POINT('',(-2.00000000000001,-16.,32.6830266911072));
#18428=CARTESIAN_POINT('Origin',(-3.00000000000001,-16.,32.6830266911072));
#18429=CARTESIAN_POINT('',(-2.00000000000001,-16.,32.6830266911072));
#18430=CARTESIAN_POINT('Origin',(-9.51845942306507,-16.5,28.2068443655923));
#18431=CARTESIAN_POINT('',(-10.7121754505101,-16.,26.283578931223));
#18432=CARTESIAN_POINT('',(-11.4243509009911,-17.,26.9855804467001));
#18433=CARTESIAN_POINT('',(-9.16237169782458,-16.,27.8558436078537));
#18434=CARTESIAN_POINT('Origin',(-10.0000000000291,-16.5,25.5815774157458));
#18435=CARTESIAN_POINT('',(-11.0000000000291,-16.,25.5815774157458));
#18436=CARTESIAN_POINT('',(-12.0000000000291,-17.,25.5815774157458));
#18437=CARTESIAN_POINT('Origin',(-10.0000000000291,-16.,25.5815774157458));
#18438=CARTESIAN_POINT('Origin',(-11.5000000000291,-16.5,21.063637138071));
#18439=CARTESIAN_POINT('',(-11.0000000000291,-16.,20.0457083633076));
#18440=CARTESIAN_POINT('',(-12.0000000000291,-17.,20.0457083633076));
#18441=CARTESIAN_POINT('',(-11.0000000000291,-16.,21.063637138071));
#18442=CARTESIAN_POINT('Origin',(-10.0000000000291,-16.5,20.0457083633076));
#18443=CARTESIAN_POINT('',(-10.7020015155047,-16.,19.3335329128251));
#18444=CARTESIAN_POINT('',(-11.4040030309803,-17.,18.6213574623426));
#18445=CARTESIAN_POINT('Origin',(-10.0000000000291,-16.,20.0457083633076));
#18446=CARTESIAN_POINT('Origin',(-4.77954155301639,-16.5,12.7936053347895));
#18447=CARTESIAN_POINT('',(-3.70200151547561,-16.,12.4335329127964));
#18448=CARTESIAN_POINT('',(-4.40400303095122,-17.,11.7213574623139));
#18449=CARTESIAN_POINT('',(-4.42854079527858,-16.,13.1496930600308));
#18450=CARTESIAN_POINT('Origin',(-3.00000000000001,-16.5,13.1457083632789));
#18451=CARTESIAN_POINT('',(-2.00000000000001,-16.,13.1457083632789));
#18452=CARTESIAN_POINT('',(-1.00000000000001,-17.,13.1457083632789));
#18453=CARTESIAN_POINT('Origin',(-3.00000000000001,-16.,13.1457083632789));
#18454=CARTESIAN_POINT('Origin',(-1.50000000000001,-16.5,28.8110088970107));
#18455=CARTESIAN_POINT('',(-2.00000000000001,-16.,28.8110088970107));
#18456=CARTESIAN_POINT('Origin',(-2.00000000000002,-17.,10.7558457046848));
#18457=CARTESIAN_POINT('',(-3.70200151547561,-13.,12.4335329127964));
#18458=CARTESIAN_POINT('',(-3.70200151547562,-17.,12.4335329127964));
#18459=CARTESIAN_POINT('',(-10.7020015155047,-13.,19.3335329128251));
#18460=CARTESIAN_POINT('',(4.86035269400825,-13.,3.99349804916236));
#18461=CARTESIAN_POINT('',(-10.7020015155047,-17.,19.3335329128251));
#18462=CARTESIAN_POINT('Origin',(-3.00000000000001,-17.,13.1457083632789));
#18463=CARTESIAN_POINT('',(-2.00000000000001,-13.,13.1457083632789));
#18464=CARTESIAN_POINT('',(-2.00000000000001,-17.,13.1457083632789));
#18465=CARTESIAN_POINT('Origin',(-3.00000000000001,-13.,13.1457083632789));
#18466=CARTESIAN_POINT('Origin',(-2.00000000000001,-17.,35.1220177940213));
#18467=CARTESIAN_POINT('',(-2.00000000000001,-13.,32.6830266911072));
#18468=CARTESIAN_POINT('',(-2.00000000000001,-17.,32.6830266911072));
#18469=CARTESIAN_POINT('',(-2.00000000000001,-13.,17.5610088970107));
#18470=CARTESIAN_POINT('Origin',(-3.00000000000001,-17.,32.6830266911072));
#18471=CARTESIAN_POINT('',(-3.712175450481,-13.,33.3850282065843));
#18472=CARTESIAN_POINT('',(-3.712175450481,-17.,33.3850282065843));
#18473=CARTESIAN_POINT('Origin',(-3.00000000000001,-13.,32.6830266911072));
#18474=CARTESIAN_POINT('Origin',(-14.2945283628061,-12.5,27.6350520833296));
#18475=CARTESIAN_POINT('',(-15.2878245495189,-13.,27.3396094743598));
#18476=CARTESIAN_POINT('',(-15.2878245495189,-13.,27.3396094743598));
#18477=CARTESIAN_POINT('',(-16.328525272663,-13.,26.2838261320439));
#18478=CARTESIAN_POINT('',(-15.6163498221819,-12.,25.5818246165669));
#18479=CARTESIAN_POINT('',(-14.6506160880467,-13.,27.9860528410681));
#18480=CARTESIAN_POINT('Origin',(-16.,-12.5,28.0416109898368));
#18481=CARTESIAN_POINT('',(-15.,-13.,28.0416109898368));
#18482=CARTESIAN_POINT('Origin',(-16.,-13.,28.0416109898368));
#18483=CARTESIAN_POINT('',(-15.,-13.,28.0416109898368));
#18484=CARTESIAN_POINT('Origin',(-14.5,-12.5,15.4844355629254));
#18485=CARTESIAN_POINT('',(-15.,-13.,30.3902277713535));
#18486=CARTESIAN_POINT('',(-15.,-13.,15.4844355629254));
#18487=CARTESIAN_POINT('Origin',(-16.,-12.5,30.3902277713535));
#18488=CARTESIAN_POINT('',(-15.4545454545455,-13.,31.228368176562));
#18489=CARTESIAN_POINT('Origin',(-13.,-12.5,35.));
#18490=CARTESIAN_POINT('',(-17.4249947471604,-13.,35.8181818181818));
#18491=CARTESIAN_POINT('Origin',(-18.408326913196,-12.5,36.));
#18492=CARTESIAN_POINT('',(-18.408326913196,-13.,37.));
#18493=CARTESIAN_POINT('Origin',(-2.79583835342096,-12.5,37.5));
#18494=CARTESIAN_POINT('',(-18.9,-13.,37.));
#18495=CARTESIAN_POINT('Origin',(-18.9,-12.5,36.));
#18496=CARTESIAN_POINT('',(-19.9,-13.,36.));
#18497=CARTESIAN_POINT('Origin',(-23.5,-12.5,36.));
#18498=CARTESIAN_POINT('',(-22.1971081299075,-13.,32.6440392173258));
#18499=CARTESIAN_POINT('Origin',(-21.8351937215485,-12.5,31.7118278888052));
#18500=CARTESIAN_POINT('',(-22.5371952370241,-13.,30.9996524383227));
#18501=CARTESIAN_POINT('Origin',(-21.8351937215485,-13.,31.7118278888052));
#18502=CARTESIAN_POINT('',(-22.5371952370241,-13.,30.9996524383227));
#18503=CARTESIAN_POINT('Origin',(-3.00591145779884,-12.5,11.0453128123608));
#18504=CARTESIAN_POINT('',(-17.7427022386197,-13.,26.2736521970384));
#18505=CARTESIAN_POINT('',(-17.7427022386197,-13.,26.2736521970384));
#18506=CARTESIAN_POINT('',(-2.65491070006103,-13.,11.4014005376021));
#18507=CARTESIAN_POINT('Origin',(-17.0407007231441,-12.5,26.9858276475209));
#18508=CARTESIAN_POINT('Origin',(-17.0407007231441,-13.,26.9858276475209));
#18509=CARTESIAN_POINT('Origin',(-15.,-17.,30.9688711258507));
#18510=CARTESIAN_POINT('',(-15.,-17.,28.0416109898368));
#18511=CARTESIAN_POINT('Origin',(-16.,-17.,28.0416109898368));
#18512=CARTESIAN_POINT('',(-15.2878245495189,-17.,27.3396094743598));
#18513=CARTESIAN_POINT('Origin',(-15.,-17.,27.6316053941604));
#18514=CARTESIAN_POINT('',(-16.328525272663,-17.,26.2838261320439));
#18515=CARTESIAN_POINT('Origin',(17.0407007231852,-12.5,26.9858276475614));
#18516=CARTESIAN_POINT('',(15.6163498222202,-12.,25.5818246166102));
#18517=CARTESIAN_POINT('',(17.7427022386608,-13.,26.2736521970789));
#18518=CARTESIAN_POINT('Origin',(22.4308403026445,-12.5,19.3808225792349));
#18519=CARTESIAN_POINT('',(14.575649099035,-12.,26.637607958972));
#18520=CARTESIAN_POINT('Origin',(16.,-12.5,28.0416109899232));
#18521=CARTESIAN_POINT('',(15.,-13.,28.0416109899232));
#18522=CARTESIAN_POINT('',(14.,-12.,28.0416109899232));
#18523=CARTESIAN_POINT('Origin',(16.,-13.,28.0416109899232));
#18524=CARTESIAN_POINT('Origin',(14.5,-12.5,13.815802697124));
#18525=CARTESIAN_POINT('',(15.,-13.,30.3902277713536));
#18526=CARTESIAN_POINT('',(14.,-12.,30.3902277713536));
#18527=CARTESIAN_POINT('',(15.,-13.,13.815802697124));
#18528=CARTESIAN_POINT('Origin',(16.,-12.5,30.3902277713536));
#18529=CARTESIAN_POINT('',(15.4545454545455,-13.,31.228368176562));
#18530=CARTESIAN_POINT('',(14.9090909090909,-12.,32.0665085817704));
#18531=CARTESIAN_POINT('Origin',(16.,-13.,30.3902277713536));
#18532=CARTESIAN_POINT('Origin',(13.,-12.5,35.));
#18533=CARTESIAN_POINT('',(17.4249947471603,-13.,35.8181818181818));
#18534=CARTESIAN_POINT('',(16.4416625811247,-12.,35.6363636363636));
#18535=CARTESIAN_POINT('Origin',(13.,-13.,35.));
#18536=CARTESIAN_POINT('Origin',(18.408326913196,-12.5,36.));
#18537=CARTESIAN_POINT('',(18.408326913196,-13.,37.));
#18538=CARTESIAN_POINT('',(18.408326913196,-12.,38.));
#18539=CARTESIAN_POINT('Origin',(18.408326913196,-13.,36.));
#18540=CARTESIAN_POINT('Origin',(15.7405644370746,-12.5,37.5));
#18541=CARTESIAN_POINT('',(18.9,-12.,38.));
#18542=CARTESIAN_POINT('',(15.7405644370746,-13.,37.));
#18543=CARTESIAN_POINT('Origin',(18.9,-12.5,36.));
#18544=CARTESIAN_POINT('',(20.9,-12.,36.));
#18545=CARTESIAN_POINT('Origin',(23.5,-12.5,36.));
#18546=CARTESIAN_POINT('',(22.5590225382665,-12.,33.5762505458464));
#18547=CARTESIAN_POINT('Origin',(21.8351937215485,-12.5,31.7118278888052));
#18548=CARTESIAN_POINT('',(23.2391967524997,-12.,30.2874769878402));
#18549=CARTESIAN_POINT('Origin',(13.815660972353,-12.5,21.7006373338499));
#18550=CARTESIAN_POINT('Origin',(17.0311288741493,-17.,37.));
#18551=CARTESIAN_POINT('',(18.408326913196,-17.,37.));
#18552=CARTESIAN_POINT('Origin',(29.6655769085553,-12.5,12.0412347181661));
#18553=CARTESIAN_POINT('',(29.7878245495175,-13.,12.6294645469116));
#18554=CARTESIAN_POINT('',(23.7633274361929,-12.,17.3167748633048));
#18555=CARTESIAN_POINT('Origin',(30.5,-12.5,13.3314660623872));
#18556=CARTESIAN_POINT('',(31.5,-13.,13.3314660623872));
#18557=CARTESIAN_POINT('Origin',(32.,-12.5,17.1089118208683));
#18558=CARTESIAN_POINT('',(31.5,-13.,31.8279609831424));
#18559=CARTESIAN_POINT('Origin',(30.5,-12.5,31.8279609831424));
#18560=CARTESIAN_POINT('',(29.7979984845244,-13.,32.5401364336249));
#18561=CARTESIAN_POINT('Origin',(14.4026421001998,-12.5,18.0667878983735));
#18562=CARTESIAN_POINT('',(24.9607824056182,-13.,27.7720234415602));
#18563=CARTESIAN_POINT('',(24.9607824056182,-13.,27.7720234415602));
#18564=CARTESIAN_POINT('',(14.7536428579376,-13.,17.7107001731323));
#18565=CARTESIAN_POINT('Origin',(25.6627839210938,-12.5,27.0598479910777));
#18566=CARTESIAN_POINT('',(25.1926135034647,-13.,26.1772723408435));
#18567=CARTESIAN_POINT('Origin',(25.6627839210938,-13.,27.0598479910777));
#18568=CARTESIAN_POINT('',(25.1926135034647,-13.,26.1772723408435));
#18569=CARTESIAN_POINT('Origin',(23.5,-12.5,23.));
#18570=CARTESIAN_POINT('',(24.8207917421235,-13.,19.6510435694177));
#18571=CARTESIAN_POINT('',(24.8207917421235,-13.,19.6510435694177));
#18572=CARTESIAN_POINT('Origin',(23.5,-13.,23.));
#18573=CARTESIAN_POINT('Origin',(25.1876783371578,-12.5,18.720777894256));
#18574=CARTESIAN_POINT('Origin',(25.1876783371578,-13.,18.720777894256));
#18575=CARTESIAN_POINT('Origin',(21.5922801985489,-12.5,7.5));
#18576=CARTESIAN_POINT('',(26.3446977385038,-13.,8.));
#18577=CARTESIAN_POINT('',(18.5,-12.,7.));
#18578=CARTESIAN_POINT('Origin',(26.3446977385038,-12.5,9.));
#18579=CARTESIAN_POINT('',(27.0568731889864,-13.,9.70200151547557));
#18580=CARTESIAN_POINT('Origin',(21.6983169821497,-12.5,15.8504671318438));
#18581=CARTESIAN_POINT('',(17.6918325636277,-13.,19.2027673672897));
#18582=CARTESIAN_POINT('Origin',(16.9796571131452,-12.5,18.5007658518141));
#18583=CARTESIAN_POINT('',(16.2776555976696,-13.,19.2129413022966));
#18584=CARTESIAN_POINT('Origin',(10.021601033506,-12.5,13.7483331326324));
#18585=CARTESIAN_POINT('',(15.2979984845244,-13.,18.2472792907678));
#18586=CARTESIAN_POINT('',(15.2979984845244,-13.,18.2472792907678));
#18587=CARTESIAN_POINT('',(10.3726017912438,-13.,13.3922454073912));
#18588=CARTESIAN_POINT('Origin',(16.,-12.5,17.5351038402853));
#18589=CARTESIAN_POINT('',(15.,-13.,17.5351038402853));
#18590=CARTESIAN_POINT('Origin',(16.,-13.,17.5351038402853));
#18591=CARTESIAN_POINT('',(15.,-13.,17.5351038402853));
#18592=CARTESIAN_POINT('Origin',(14.5,-12.5,6.51556443707463));
#18593=CARTESIAN_POINT('',(15.,-13.,13.6097722286464));
#18594=CARTESIAN_POINT('',(15.,-13.,13.6097722286464));
#18595=CARTESIAN_POINT('',(15.,-13.,6.51556443707463));
#18596=CARTESIAN_POINT('Origin',(16.,-12.5,13.6097722286464));
#18597=CARTESIAN_POINT('',(15.4545454545455,-13.,12.771631823438));
#18598=CARTESIAN_POINT('Origin',(16.,-13.,13.6097722286464));
#18599=CARTESIAN_POINT('',(15.4545454545455,-13.,12.771631823438));
#18600=CARTESIAN_POINT('Origin',(13.,-12.5,9.));
#18601=CARTESIAN_POINT('',(17.5,-13.,9.));
#18602=CARTESIAN_POINT('Origin',(13.,-13.,9.));
#18603=CARTESIAN_POINT('Origin',(18.5,-12.5,9.));
#18604=CARTESIAN_POINT('Origin',(15.,-17.,17.9535379274509));
#18605=CARTESIAN_POINT('',(15.2979984845244,-17.,18.2472792907678));
#18606=CARTESIAN_POINT('Origin',(3.,-12.5,13.1457083632789));
#18607=CARTESIAN_POINT('',(2.,-13.,13.1457083632789));
#18608=CARTESIAN_POINT('',(0.999999999999994,-12.,13.1457083632789));
#18609=CARTESIAN_POINT('',(3.7020015154756,-13.,12.4335329127964));
#18610=CARTESIAN_POINT('Origin',(3.,-13.,13.1457083632789));
#18611=CARTESIAN_POINT('',(3.7020015154756,-13.,12.4335329127964));
#18612=CARTESIAN_POINT('Origin',(1.49999999999999,-12.5,5.37792285234234));
#18613=CARTESIAN_POINT('',(0.999999999999997,-12.,32.6830266912383));
#18614=CARTESIAN_POINT('',(1.99999999999999,-13.,5.37792285234234));
#18615=CARTESIAN_POINT('Origin',(3.,-12.5,32.6830266912383));
#18616=CARTESIAN_POINT('',(4.42435090096507,-12.,34.0870297221894));
#18617=CARTESIAN_POINT('Origin',(14.2034014580736,-12.5,23.4540046200377));
#18618=CARTESIAN_POINT('',(11.4243509009942,-12.,26.9855804467968));
#18619=CARTESIAN_POINT('Origin',(10.0000000000291,-12.5,25.5815774158457));
#18620=CARTESIAN_POINT('',(12.0000000000291,-12.,25.5815774158457));
#18621=CARTESIAN_POINT('Origin',(11.5000000000291,-12.5,12.9957915057604));
#18622=CARTESIAN_POINT('',(12.0000000000291,-12.,20.0457083633076));
#18623=CARTESIAN_POINT('Origin',(10.0000000000291,-12.5,20.0457083633076));
#18624=CARTESIAN_POINT('',(10.7020015155047,-13.,19.333532912825));
#18625=CARTESIAN_POINT('',(11.4040030309803,-12.,18.6213574623425));
#18626=CARTESIAN_POINT('Origin',(10.0000000000291,-13.,20.0457083633076));
#18627=CARTESIAN_POINT('Origin',(7.31959951804492,-12.5,15.2973767574605));
#18628=CARTESIAN_POINT('',(6.96859876030712,-13.,15.6534644827017));
#18629=CARTESIAN_POINT('Origin',(10.0000000000291,-17.,20.0457083633076));
#18630=CARTESIAN_POINT('',(10.7020015155047,-17.,19.333532912825));
#18631=CARTESIAN_POINT('Origin',(11.0000000000291,-17.,19.627274276142));
#18632=CARTESIAN_POINT('',(3.7020015154756,-17.,12.4335329127964));
#18633=CARTESIAN_POINT('Origin',(2.99999999999999,-17.,13.1457083632789));
#18634=CARTESIAN_POINT('',(1.99999999999999,-17.,13.1457083632789));
#18635=CARTESIAN_POINT('Origin',(4.50935193627045,-12.5,3.63741032392111));
#18636=CARTESIAN_POINT('',(-3.70200151547561,-13.,12.4335329127964));
#18637=CARTESIAN_POINT('',(-11.4040030309803,-12.,18.6213574623426));
#18638=CARTESIAN_POINT('Origin',(-3.00000000000001,-12.5,13.1457083632789));
#18639=CARTESIAN_POINT('',(-2.00000000000001,-13.,13.1457083632789));
#18640=CARTESIAN_POINT('Origin',(-1.50000000000001,-12.5,17.5610088970107));
#18641=CARTESIAN_POINT('',(-2.00000000000001,-13.,32.6830266911072));
#18642=CARTESIAN_POINT('Origin',(-3.00000000000001,-12.5,32.6830266911072));
#18643=CARTESIAN_POINT('',(-3.712175450481,-13.,33.3850282065843));
#18644=CARTESIAN_POINT('Origin',(-11.5823529123367,-12.5,26.1130393764851));
#18645=CARTESIAN_POINT('',(-10.7121754505101,-13.,26.283578931223));
#18646=CARTESIAN_POINT('',(-10.7121754505101,-13.,26.283578931223));
#18647=CARTESIAN_POINT('',(-11.2262651870962,-13.,25.7620386187465));
#18648=CARTESIAN_POINT('Origin',(-10.0000000000291,-12.5,25.5815774157458));
#18649=CARTESIAN_POINT('',(-11.0000000000291,-13.,25.5815774157458));
#18650=CARTESIAN_POINT('Origin',(-10.0000000000291,-13.,25.5815774157458));
#18651=CARTESIAN_POINT('',(-11.0000000000291,-13.,25.5815774157458));
#18652=CARTESIAN_POINT('Origin',(-11.5000000000291,-12.5,9.813637138071));
#18653=CARTESIAN_POINT('',(-11.0000000000291,-13.,20.0457083633076));
#18654=CARTESIAN_POINT('',(-11.0000000000291,-13.,20.0457083633076));
#18655=CARTESIAN_POINT('',(-11.0000000000291,-13.,9.813637138071));
#18656=CARTESIAN_POINT('Origin',(-10.0000000000291,-12.5,20.0457083633076));
#18657=CARTESIAN_POINT('Origin',(-10.0000000000291,-13.,20.0457083633076));
#18658=CARTESIAN_POINT('Origin',(-1.46874109684804,-12.5,7.5));
#18659=CARTESIAN_POINT('',(-18.5,-13.,8.));
#18660=CARTESIAN_POINT('',(-18.5,-13.,8.));
#18661=CARTESIAN_POINT('',(-26.3446977384774,-13.,8.));
#18662=CARTESIAN_POINT('',(-26.3446977384774,-12.,7.));
#18663=CARTESIAN_POINT('',(-1.46874109684804,-13.,8.));
#18664=CARTESIAN_POINT('Origin',(-18.5,-12.5,9.));
#18665=CARTESIAN_POINT('',(-17.5,-13.,9.));
#18666=CARTESIAN_POINT('Origin',(-18.5,-13.,9.));
#18667=CARTESIAN_POINT('',(-17.5,-13.,9.));
#18668=CARTESIAN_POINT('Origin',(-13.,-12.5,9.));
#18669=CARTESIAN_POINT('',(-15.4545454545455,-13.,12.771631823438));
#18670=CARTESIAN_POINT('Origin',(-13.,-13.,9.));
#18671=CARTESIAN_POINT('Origin',(-16.,-12.5,13.6097722286465));
#18672=CARTESIAN_POINT('',(-15.,-13.,13.6097722286465));
#18673=CARTESIAN_POINT('Origin',(-14.5,-12.5,8.97676896372545));
#18674=CARTESIAN_POINT('',(-15.,-13.,17.5351038402853));
#18675=CARTESIAN_POINT('Origin',(-16.,-12.5,17.5351038402853));
#18676=CARTESIAN_POINT('',(-15.2979984845244,-13.,18.2472792907678));
#18677=CARTESIAN_POINT('Origin',(-3.68756510326326,-12.5,7.50478342996466));
#18678=CARTESIAN_POINT('',(-16.2776555976352,-13.,19.2129413022628));
#18679=CARTESIAN_POINT('Origin',(-16.9796571131108,-12.5,18.5007658517803));
#18680=CARTESIAN_POINT('',(-17.6918325635918,-13.,19.2027673672574));
#18681=CARTESIAN_POINT('Origin',(-20.4496331108616,-12.5,17.1172478707739));
#18682=CARTESIAN_POINT('',(-27.0568731889584,-13.,9.70200151547714));
#18683=CARTESIAN_POINT('',(-27.0568731889584,-13.,9.70200151547714));
#18684=CARTESIAN_POINT('',(-20.0935453856211,-13.,16.7662471130354));
#18685=CARTESIAN_POINT('Origin',(-26.3446977384774,-12.5,9.));
#18686=CARTESIAN_POINT('Origin',(-26.3446977384774,-13.,9.));
#18687=CARTESIAN_POINT('Origin',(-13.,-17.,9.));
#18688=CARTESIAN_POINT('',(-17.5,-17.,9.));
#18689=CARTESIAN_POINT('Origin',(-18.5,-17.,9.));
#18690=CARTESIAN_POINT('',(-18.5,-17.,8.));
#18691=CARTESIAN_POINT('Origin',(-17.3874821936961,-17.,8.));
#18692=CARTESIAN_POINT('',(-26.3446977384774,-17.,8.));
#18693=CARTESIAN_POINT('Origin',(-18.3400481335798,-12.5,23.5309015912567));
#18694=CARTESIAN_POINT('',(-24.4755028866415,-13.,18.0187763787651));
#18695=CARTESIAN_POINT('',(-29.7878245495189,-13.,12.6294645468819));
#18696=CARTESIAN_POINT('',(-29.0756490990378,-12.,11.9274630314049));
#18697=CARTESIAN_POINT('',(-18.6961358588204,-13.,23.8819023489952));
#18698=CARTESIAN_POINT('Origin',(-25.1876783371226,-12.5,18.7207778942421));
#18699=CARTESIAN_POINT('',(-24.820791742096,-13.,19.6510435694069));
#18700=CARTESIAN_POINT('Origin',(-23.5,-12.5,23.));
#18701=CARTESIAN_POINT('',(-25.1926135034647,-13.,26.1772723408435));
#18702=CARTESIAN_POINT('Origin',(-25.6627839210938,-12.5,27.0598479910778));
#18703=CARTESIAN_POINT('',(-24.9607824056182,-13.,27.7720234415603));
#18704=CARTESIAN_POINT('Origin',(-10.9426495792052,-12.5,14.6562238419645));
#18705=CARTESIAN_POINT('',(-29.7979984845244,-13.,32.540136433625));
#18706=CARTESIAN_POINT('Origin',(-30.5,-12.5,31.8279609831425));
#18707=CARTESIAN_POINT('',(-31.5,-13.,31.8279609831425));
#18708=CARTESIAN_POINT('Origin',(-30.5,-13.,31.8279609831425));
#18709=CARTESIAN_POINT('',(-31.5,-13.,31.8279609831425));
#18710=CARTESIAN_POINT('Origin',(-32.,-12.5,5.44623747972207));
#18711=CARTESIAN_POINT('',(-31.5,-13.,13.3314660623589));
#18712=CARTESIAN_POINT('',(-31.5,-13.,13.3314660623589));
#18713=CARTESIAN_POINT('',(-31.5,-13.,5.44623747972207));
#18714=CARTESIAN_POINT('Origin',(-30.5,-12.5,13.3314660623589));
#18715=CARTESIAN_POINT('Origin',(-30.5,-13.,13.3314660623589));
#18716=CARTESIAN_POINT('Origin',(-23.0910395415474,-17.,19.4233044100144));
#18717=CARTESIAN_POINT('',(-29.7878245495189,-17.,12.6294645468819));
#18718=CARTESIAN_POINT('Origin',(18.408326913196,-17.,36.));
#18719=CARTESIAN_POINT('',(17.4249947471603,-17.,35.8181818181818));
#18720=CARTESIAN_POINT('Origin',(13.,-17.,35.));
#18721=CARTESIAN_POINT('',(15.4545454545455,-17.,31.228368176562));
#18722=CARTESIAN_POINT('Origin',(16.,-17.,30.3902277713536));
#18723=CARTESIAN_POINT('',(15.,-17.,30.3902277713536));
#18724=CARTESIAN_POINT('Origin',(15.,-17.,27.6316053942479));
#18725=CARTESIAN_POINT('',(15.,-17.,28.0416109899232));
#18726=CARTESIAN_POINT('Origin',(16.,-17.,28.0416109899232));
#18727=CARTESIAN_POINT('Origin',(23.7620821333877,-17.,26.5904474589331));
#18728=CARTESIAN_POINT('',(24.9607824056182,-17.,27.7720234415602));
#18729=CARTESIAN_POINT('Origin',(25.1876783371578,-17.,18.720777894256));
#18730=CARTESIAN_POINT('',(24.8207917421235,-17.,19.6510435694177));
#18731=CARTESIAN_POINT('Origin',(25.6627839210938,-17.,27.0598479910777));
#18732=CARTESIAN_POINT('',(25.1926135034647,-17.,26.1772723408435));
#18733=CARTESIAN_POINT('Origin',(23.5,-17.,23.));
#18734=CARTESIAN_POINT('Origin',(16.,-17.,13.6097722286464));
#18735=CARTESIAN_POINT('',(15.4545454545455,-17.,12.771631823438));
#18736=CARTESIAN_POINT('',(15.,-17.,13.6097722286464));
#18737=CARTESIAN_POINT('Origin',(13.,-17.,9.));
#18738=CARTESIAN_POINT('Origin',(16.,-17.,17.5351038402853));
#18739=CARTESIAN_POINT('',(15.,-17.,17.5351038402853));
#18740=CARTESIAN_POINT('Origin',(15.,-17.,13.0311288741493));
#18741=CARTESIAN_POINT('Origin',(1.99999999999999,-17.,10.7558457046847));
#18742=CARTESIAN_POINT('Origin',(-11.0000000000291,-17.,25.9915830114223));
#18743=CARTESIAN_POINT('',(-10.7121754505101,-17.,26.283578931223));
#18744=CARTESIAN_POINT('Origin',(-21.8351937215485,-17.,31.7118278888052));
#18745=CARTESIAN_POINT('',(-22.5371952370241,-17.,30.9996524383227));
#18746=CARTESIAN_POINT('Origin',(-17.0305267881386,-17.,25.5716506815642));
#18747=CARTESIAN_POINT('',(-17.7427022386197,-17.,26.2736521970384));
#18748=CARTESIAN_POINT('Origin',(-10.0000000000291,-17.,25.5815774157458));
#18749=CARTESIAN_POINT('',(-11.0000000000291,-17.,25.5815774157458));
#18750=CARTESIAN_POINT('Origin',(-11.0000000000291,-17.,19.627274276142));
#18751=CARTESIAN_POINT('',(-11.0000000000291,-17.,20.0457083633076));
#18752=CARTESIAN_POINT('Origin',(-10.0000000000291,-17.,20.0457083633076));
#18753=CARTESIAN_POINT('Origin',(-17.0407007231441,-17.,26.9858276475209));
#18754=CARTESIAN_POINT('Origin',(-26.3446977384774,-17.,9.));
#18755=CARTESIAN_POINT('',(-27.0568731889584,-17.,9.70200151547714));
#18756=CARTESIAN_POINT('Origin',(-28.7345603970788,-17.,7.99999999999999));
#18757=CARTESIAN_POINT('Origin',(-30.5,-17.,31.8279609831425));
#18758=CARTESIAN_POINT('',(-31.5,-17.,31.8279609831425));
#18759=CARTESIAN_POINT('Origin',(-31.5,-17.,10.8924749594442));
#18760=CARTESIAN_POINT('',(-31.5,-17.,13.3314660623589));
#18761=CARTESIAN_POINT('Origin',(-30.5,-17.,13.3314660623589));
#18762=CARTESIAN_POINT('Origin',(19.9177906114227,-17.,22.6425424551235));
#18763=CARTESIAN_POINT('',(19.8385328500808,-17.,22.7229488796734));
#18764=CARTESIAN_POINT('',(19.9177906114227,-17.,22.6425424551235));
#18765=CARTESIAN_POINT('Origin',(23.5,-17.,23.));
#18766=CARTESIAN_POINT('',(19.9061534137424,-17.,22.7896034352827));
#18767=CARTESIAN_POINT('Origin',(19.8385328500808,-17.,22.7229488796734));
#18768=CARTESIAN_POINT('Origin',(-23.5,-17.,23.));
#18769=CARTESIAN_POINT('',(-19.9061534137424,-17.,22.7896034352827));
#18770=CARTESIAN_POINT('',(-19.9177906114303,-17.,22.642542455048));
#18771=CARTESIAN_POINT('Origin',(-19.8385328500467,-17.,22.7229488796398));
#18772=CARTESIAN_POINT('',(-19.8385328500467,-17.,22.7229488796398));
#18773=CARTESIAN_POINT('Origin',(-19.9061534137425,-17.,22.7896034352827));
#18774=CARTESIAN_POINT('Origin',(30.5,-17.,36.));
#18775=CARTESIAN_POINT('',(30.5,-17.,40.));
#18776=CARTESIAN_POINT('Origin',(-30.5,-17.,40.));
#18777=CARTESIAN_POINT('',(-30.5,-17.,40.));
#18778=CARTESIAN_POINT('Origin',(-30.5,-17.,36.));
#18779=CARTESIAN_POINT('',(-34.5,-17.,36.));
#18780=CARTESIAN_POINT('Origin',(2.22044604925031E-15,6.66133814775094E-15,
5.));
#18781=CARTESIAN_POINT('',(18.,-27.9,5.));
#18782=CARTESIAN_POINT('',(14.,-27.9,5.));
#18783=CARTESIAN_POINT('Origin',(16.,-27.9,5.));
#18784=CARTESIAN_POINT('',(14.,-23.9,5.));
#18785=CARTESIAN_POINT('',(14.,-27.9,5.));
#18786=CARTESIAN_POINT('',(18.,-23.9,5.));
#18787=CARTESIAN_POINT('Origin',(16.,-23.9,5.));
#18788=CARTESIAN_POINT('',(18.,-23.9,5.));
#18789=CARTESIAN_POINT('',(-14.,-27.9,5.));
#18790=CARTESIAN_POINT('',(-18.,-27.9,5.));
#18791=CARTESIAN_POINT('Origin',(-16.,-27.9,5.));
#18792=CARTESIAN_POINT('',(-18.,-23.9,5.));
#18793=CARTESIAN_POINT('',(-18.,-27.9,5.));
#18794=CARTESIAN_POINT('',(-14.,-23.9,5.));
#18795=CARTESIAN_POINT('Origin',(-16.,-23.9,5.));
#18796=CARTESIAN_POINT('',(-14.,-23.9,5.));
#18797=CARTESIAN_POINT('Origin',(18.45,11.9,0.));
#18798=CARTESIAN_POINT('Origin',(-14.,-23.9,0.));
#18799=CARTESIAN_POINT('',(-14.,-27.9,0.));
#18800=CARTESIAN_POINT('',(-14.,-23.9,0.));
#18801=CARTESIAN_POINT('Origin',(-16.,-23.9,0.));
#18802=CARTESIAN_POINT('',(-18.,-23.9,0.));
#18803=CARTESIAN_POINT('Origin',(-18.,-27.9,0.));
#18804=CARTESIAN_POINT('',(-18.,-27.9,0.));
#18805=CARTESIAN_POINT('Origin',(-16.,-27.9,0.));
#18806=CARTESIAN_POINT('Origin',(18.,-23.9,0.));
#18807=CARTESIAN_POINT('',(18.,-27.9,0.));
#18808=CARTESIAN_POINT('',(18.,-23.9,0.));
#18809=CARTESIAN_POINT('Origin',(16.,-23.9,0.));
#18810=CARTESIAN_POINT('',(14.,-23.9,0.));
#18811=CARTESIAN_POINT('Origin',(14.,-27.9,0.));
#18812=CARTESIAN_POINT('',(14.,-27.9,0.));
#18813=CARTESIAN_POINT('Origin',(16.,-27.9,0.));
#18814=CARTESIAN_POINT('Origin',(-11.5,28.5,0.));
#18815=CARTESIAN_POINT('',(-11.5,28.5,0.));
#18816=CARTESIAN_POINT('',(-11.5,31.,0.));
#18817=CARTESIAN_POINT('Origin',(-9.5,28.5,0.));
#18818=CARTESIAN_POINT('',(-9.5,26.5,0.));
#18819=CARTESIAN_POINT('Origin',(9.5,26.5,0.));
#18820=CARTESIAN_POINT('',(9.5,26.5,0.));
#18821=CARTESIAN_POINT('Origin',(9.5,28.5,0.));
#18822=CARTESIAN_POINT('',(11.5,28.5,0.));
#18823=CARTESIAN_POINT('Origin',(11.5,31.,0.));
#18824=CARTESIAN_POINT('',(11.5,31.,0.));
#18825=CARTESIAN_POINT('Origin',(13.5,31.,0.));
#18826=CARTESIAN_POINT('',(13.5,33.,0.));
#18827=CARTESIAN_POINT('Origin',(22.5,33.,0.));
#18828=CARTESIAN_POINT('',(22.5,33.,0.));
#18829=CARTESIAN_POINT('Origin',(22.5,21.,0.));
#18830=CARTESIAN_POINT('Origin',(-12.,-31.,0.));
#18831=CARTESIAN_POINT('',(-12.,-33.,0.));
#18832=CARTESIAN_POINT('Origin',(-22.5,-33.,0.));
#18833=CARTESIAN_POINT('',(-22.5,-33.,0.));
#18834=CARTESIAN_POINT('Origin',(-22.5,-21.,0.));
#18835=CARTESIAN_POINT('',(-34.5,-21.,0.));
#18836=CARTESIAN_POINT('Origin',(-34.5,21.,0.));
#18837=CARTESIAN_POINT('',(-34.5,21.,0.));
#18838=CARTESIAN_POINT('Origin',(-22.5,21.,0.));
#18839=CARTESIAN_POINT('',(-22.5,33.,0.));
#18840=CARTESIAN_POINT('Origin',(-13.5,33.,0.));
#18841=CARTESIAN_POINT('',(-13.5,33.,0.));
#18842=CARTESIAN_POINT('Origin',(-13.5,31.,0.));
#18843=UNCERTAINTY_MEASURE_WITH_UNIT(LENGTH_MEASURE(0.01),#18847,
'DISTANCE_ACCURACY_VALUE',
'Maximum model space distance between geometric entities at asserted c
onnectivities');
#18844=UNCERTAINTY_MEASURE_WITH_UNIT(LENGTH_MEASURE(0.01),#18847,
'DISTANCE_ACCURACY_VALUE',
'Maximum model space distance between geometric entities at asserted c
onnectivities');
#18845=(
GEOMETRIC_REPRESENTATION_CONTEXT(3)
GLOBAL_UNCERTAINTY_ASSIGNED_CONTEXT((#18843))
GLOBAL_UNIT_ASSIGNED_CONTEXT((#18847,#18849,#18850))
REPRESENTATION_CONTEXT('','3D')
);
#18846=(
GEOMETRIC_REPRESENTATION_CONTEXT(3)
GLOBAL_UNCERTAINTY_ASSIGNED_CONTEXT((#18844))
GLOBAL_UNIT_ASSIGNED_CONTEXT((#18847,#18849,#18850))
REPRESENTATION_CONTEXT('','3D')
);
#18847=(
LENGTH_UNIT()
NAMED_UNIT(*)
SI_UNIT(.MILLI.,.METRE.)
);
#18848=(
LENGTH_UNIT()
NAMED_UNIT(*)
SI_UNIT(.CENTI.,.METRE.)
);
#18849=(
NAMED_UNIT(*)
PLANE_ANGLE_UNIT()
SI_UNIT($,.RADIAN.)
);
#18850=(
NAMED_UNIT(*)
SI_UNIT($,.STERADIAN.)
SOLID_ANGLE_UNIT()
);
#18851=SHAPE_DEFINITION_REPRESENTATION(#18852,#18853);
#18852=PRODUCT_DEFINITION_SHAPE('',$,#18855);
#18853=SHAPE_REPRESENTATION('',(#10643),#18845);
#18854=PRODUCT_DEFINITION_CONTEXT('part definition',#18859,'design');
#18855=PRODUCT_DEFINITION('giga print head carriage',
'giga print head carriage',#18856,#18854);
#18856=PRODUCT_DEFINITION_FORMATION('',$,#18861);
#18857=PRODUCT_RELATED_PRODUCT_CATEGORY('giga print head carriage',
'giga print head carriage',(#18861));
#18858=APPLICATION_PROTOCOL_DEFINITION('international standard',
'automotive_design',2009,#18859);
#18859=APPLICATION_CONTEXT(
'Core Data for Automotive Mechanical Design Process');
#18860=PRODUCT_CONTEXT('part definition',#18859,'mechanical');
#18861=PRODUCT('giga print head carriage','giga print head carriage',$,
(#18860));
#18862=PRESENTATION_STYLE_ASSIGNMENT((#18863));
#18863=SURFACE_STYLE_USAGE(.BOTH.,#18864);
#18864=SURFACE_SIDE_STYLE('',(#18865));
#18865=SURFACE_STYLE_FILL_AREA(#18866);
#18866=FILL_AREA_STYLE('',(#18867));
#18867=FILL_AREA_STYLE_COLOUR('',#18868);
#18868=COLOUR_RGB('',0.149019607843137,0.152941176470588,0.133333333333333);
ENDSEC;
END-ISO-10303-21;
