ISO-10303-21;
HEADER;
/* Generated by software containing ST-Developer
 * from STEP Tools, Inc. (www.steptools.com) 
 */

FILE_DESCRIPTION(
/* description */ (''),
/* implementation_level */ '2;1');

FILE_NAME(
/* name */ 'Level Sensor v3.stp',
/* time_stamp */ '2025-10-21T12:48:07+10:00',
/* author */ ('Jcw Drafting Lab 1'),
/* organization */ (''),
/* preprocessor_version */ 'ST-DEVELOPER v20',
/* originating_system */ 'Autodesk Inventor 2025',
/* authorisation */ '');

FILE_SCHEMA (('AUTOMOTIVE_DESIGN { 1 0 10303 214 3 1 1 }'));
ENDSEC;

DATA;
#10=MECHANICAL_DESIGN_GEOMETRIC_PRESENTATION_REPRESENTATION('',(#13),#5546);
#11=SHAPE_REPRESENTATION_RELATIONSHIP('SRR','None',#5553,#12);
#12=ADVANCED_BREP_SHAPE_REPRESENTATION('',(#14),#5545);
#13=STYLED_ITEM('',(#5563),#14);
#14=MANIFOLD_SOLID_BREP('Solid1',#2694);
#15=CONICAL_SURFACE('',#2799,1.05,0.785398163397448);
#16=ELLIPSE('',#2732,0.707106781186548,0.5);
#17=ELLIPSE('',#2733,0.707106781186548,0.5);
#18=ELLIPSE('',#2756,7.18221489342292,6.25);
#19=ELLIPSE('',#2764,0.707106781186548,0.5);
#20=ELLIPSE('',#2765,0.707106781186548,0.5);
#21=ELLIPSE('',#2769,0.707106781186548,0.5);
#22=ELLIPSE('',#2772,0.707106781186548,0.5);
#23=ELLIPSE('',#2782,0.707106781186548,0.5);
#24=ELLIPSE('',#2784,0.707106781186548,0.5);
#25=FACE_BOUND('',#343,.T.);
#26=FACE_BOUND('',#344,.T.);
#27=FACE_BOUND('',#347,.T.);
#28=FACE_BOUND('',#348,.T.);
#29=FACE_BOUND('',#349,.T.);
#30=FACE_BOUND('',#350,.T.);
#31=FACE_BOUND('',#351,.T.);
#32=FACE_BOUND('',#352,.T.);
#33=FACE_BOUND('',#353,.T.);
#34=FACE_BOUND('',#354,.T.);
#35=FACE_BOUND('',#356,.T.);
#36=FACE_BOUND('',#360,.T.);
#37=FACE_BOUND('',#361,.T.);
#38=FACE_BOUND('',#363,.T.);
#39=FACE_BOUND('',#365,.T.);
#40=FACE_BOUND('',#394,.T.);
#41=FACE_BOUND('',#470,.T.);
#42=B_SPLINE_CURVE_WITH_KNOTS('',3,(#3591,#3592,#3593,#3594,#3595,#3596,
#3597,#3598,#3599,#3600,#3601,#3602,#3603,#3604,#3605,#3606,#3607,#3608,
#3609),.UNSPECIFIED.,.F.,.F.,(4,1,1,1,1,1,1,1,1,1,1,1,1,1,1,1,4),(0.,0.07726685963819,
0.1501650599119,0.2182992909146,0.2831303789493,0.3440109891563,0.4016299934486,
0.4563853838694,0.5094033255012,0.5613764761948,0.6138460466685,0.6688707563133,
0.7256997807361,0.7867736353225,0.8528874653277,0.9233679465921,1.),
 .UNSPECIFIED.);
#43=B_SPLINE_CURVE_WITH_KNOTS('',3,(#3613,#3614,#3615,#3616,#3617,#3618,
#3619,#3620,#3621,#3622,#3623,#3624,#3625,#3626,#3627,#3628,#3629,#3630,
#3631),.UNSPECIFIED.,.F.,.F.,(4,1,1,1,1,1,1,1,1,1,1,1,1,1,1,1,4),(0.,0.07663205340791,
0.1471125346723,0.2132263646775,0.2743002192639,0.3311292436867,0.3861539533315,
0.4386235238052,0.4905966744988,0.5436146161306,0.5983700065514,0.6559890108437,
0.7168696210507,0.7817007090854,0.8498349400881,0.9227331403618,1.),
 .UNSPECIFIED.);
#44=B_SPLINE_CURVE_WITH_KNOTS('',3,(#3635,#3636,#3637,#3638,#3639,#3640,
#3641,#3642,#3643,#3644,#3645,#3646,#3647,#3648,#3649),.UNSPECIFIED.,.F.,
 .F.,(4,1,1,1,1,1,1,1,1,1,1,1,4),(0.,0.07606026062051,0.1469599680038,0.2132503657823,
0.2759509940282,0.3361440514332,0.3944715295872,0.452867641785,0.5131006135445,
0.63372826977,0.7532349839008,0.8747734832235,1.),.UNSPECIFIED.);
#45=B_SPLINE_CURVE_WITH_KNOTS('',3,(#3662,#3663,#3664,#3665,#3666,#3667,
#3668,#3669,#3670,#3671,#3672,#3673,#3674,#3675,#3676),.UNSPECIFIED.,.F.,
 .F.,(4,1,1,1,1,1,1,1,1,1,1,1,4),(0.,0.07327818992856,0.1435166770171,0.2105379218926,
0.2756040428067,0.3386968527783,0.4014960624819,0.4634336063111,0.5261553243641,
0.6496293043715,0.7681964943692,0.8842157393976,1.),.UNSPECIFIED.);
#46=B_SPLINE_CURVE_WITH_KNOTS('',3,(#3678,#3679,#3680,#3681,#3682,#3683,
#3684,#3685,#3686,#3687,#3688,#3689,#3690,#3691,#3692),.UNSPECIFIED.,.F.,
 .F.,(4,1,1,1,1,1,1,1,1,1,1,1,4),(0.,0.09763266392707,0.1998401394451,0.3085673542636,
0.4246942811543,0.4860069766956,0.5482647309509,0.6132966651361,0.6812924626476,
0.7538271232152,0.8303318227929,0.912699530012,1.),.UNSPECIFIED.);
#47=B_SPLINE_CURVE_WITH_KNOTS('',3,(#3694,#3695,#3696,#3697,#3698,#3699,
#3700,#3701,#3702,#3703,#3704,#3705,#3706,#3707,#3708,#3709,#3710,#3711,
#3712),.UNSPECIFIED.,.F.,.F.,(4,1,1,1,1,1,1,1,1,1,1,1,1,1,1,1,4),(0.,0.0587515261004,
0.1165131742372,0.1728632403849,0.2280836174017,0.2841371192846,0.3403098679267,
0.3978287879498,0.4569004094453,0.5169585493804,0.5777415690617,0.6395487592417,
0.7039433599832,0.771838154639,0.8436228144075,0.9195583432579,1.),
 .UNSPECIFIED.);
#48=B_SPLINE_CURVE_WITH_KNOTS('',3,(#3719,#3720,#3721,#3722,#3723,#3724,
#3725,#3726,#3727,#3728,#3729,#3730,#3731,#3732,#3733,#3734,#3735,#3736,
#3737),.UNSPECIFIED.,.F.,.F.,(4,1,1,1,1,1,1,1,1,1,1,1,1,1,1,1,4),(0.,0.06952985468276,
0.1359206037891,0.1998389615606,0.2611492064104,0.320699458241,0.3783438362031,
0.4344772914337,0.4901075536999,0.5449040016245,0.6000683016989,0.6566095590147,
0.7163323516507,0.7793337486606,0.8474067116968,0.9207595822482,1.),
 .UNSPECIFIED.);
#49=B_SPLINE_CURVE_WITH_KNOTS('',3,(#3742,#3743,#3744,#3745,#3746,#3747,
#3748,#3749,#3750,#3751,#3752,#3753,#3754,#3755,#3756),.UNSPECIFIED.,.F.,
 .F.,(4,1,1,1,1,1,1,1,1,1,1,1,4),(0.,0.1252265167765,0.2467650160992,0.36627173023,
0.4868993864555,0.547132358215,0.6055284704128,0.6638559485668,0.7240490059718,
0.7867496342177,0.8530400319962,0.9239397393795,1.),.UNSPECIFIED.);
#50=B_SPLINE_CURVE_WITH_KNOTS('',3,(#3765,#3766,#3767,#3768,#3769,#3770,
#3771,#3772,#3773,#3774,#3775,#3776,#3777,#3778,#3779),.UNSPECIFIED.,.F.,
 .F.,(4,1,1,1,1,1,1,1,1,1,1,1,4),(0.,0.1296106471012,0.2502406488136,0.3673005763651,
0.4834068429975,0.5416743313987,0.6001379128631,0.6590819391497,0.7197685285165,
0.7835294466995,0.8510999138679,0.9230985400106,1.),.UNSPECIFIED.);
#51=B_SPLINE_CURVE_WITH_KNOTS('',3,(#3780,#3781,#3782,#3783,#3784,#3785,
#3786,#3787,#3788,#3789,#3790,#3791,#3792,#3793,#3794),.UNSPECIFIED.,.F.,
 .F.,(4,1,1,1,1,1,1,1,1,1,1,1,4),(0.,0.08214072853103,0.1580047753302,0.2298048637942,
0.2965753169926,0.3596094315571,0.4200979492135,0.4784544812862,0.5371288715446,
0.6516871970622,0.7642273555604,0.879843788928,1.),.UNSPECIFIED.);
#52=B_SPLINE_CURVE_WITH_KNOTS('',3,(#3827,#3828,#3829,#3830,#3831,#3832,
#3833,#3834,#3835,#3836,#3837,#3838,#3839,#3840,#3841),.UNSPECIFIED.,.F.,
 .F.,(4,1,1,1,1,1,1,1,1,1,1,1,4),(0.,0.1157842606024,0.2318035056308,0.3503706956285,
0.4738446756359,0.5365663936889,0.5985039375181,0.6613031472217,0.7243959571933,
0.7894620781074,0.8564833229829,0.9267218100714,1.),.UNSPECIFIED.);
#53=B_SPLINE_CURVE_WITH_KNOTS('',3,(#3958,#3959,#3960,#3961,#3962,#3963,
#3964,#3965,#3966,#3967,#3968,#3969,#3970,#3971,#3972,#3973,#3974,#3975,
#3976),.UNSPECIFIED.,.F.,.F.,(4,1,1,1,1,1,1,1,1,1,1,1,1,1,1,1,4),(0.,0.07924041775178,
0.1525932883032,0.2206662513394,0.2836676483493,0.3433904409853,0.3999316983011,
0.4550959983755,0.5098924463001,0.5655227085663,0.6216561637969,0.679300541759,
0.7388507935896,0.8001610384394,0.8640793962109,0.9304701453172,1.),
 .UNSPECIFIED.);
#54=B_SPLINE_CURVE_WITH_KNOTS('',3,(#3984,#3985,#3986,#3987,#3988,#3989,
#3990,#3991,#3992,#3993,#3994,#3995,#3996,#3997,#3998,#3999,#4000,#4001,
#4002),.UNSPECIFIED.,.F.,.F.,(4,1,1,1,1,1,1,1,1,1,1,1,1,1,1,1,4),(0.,0.08044165674215,
0.1563771855925,0.228161845361,0.2960566400168,0.3604512407583,0.4222584309383,
0.4830414506196,0.5430995905547,0.6021712120502,0.6596901320733,0.7158628807154,
0.7719163825983,0.8271367596151,0.8834868257628,0.9412484738996,1.),
 .UNSPECIFIED.);
#55=B_SPLINE_CURVE_WITH_KNOTS('',3,(#4003,#4004,#4005,#4006,#4007,#4008,
#4009,#4010,#4011,#4012,#4013,#4014,#4015,#4016,#4017),.UNSPECIFIED.,.F.,
 .F.,(4,1,1,1,1,1,1,1,1,1,1,1,4),(0.,0.08730046998801,0.1696681772071,0.2461728767848,
0.3187075373524,0.3867033348639,0.4517352690491,0.5139930233044,0.5753057188457,
0.6914326457364,0.8001598605549,0.9023673360729,1.),.UNSPECIFIED.);
#56=B_SPLINE_CURVE_WITH_KNOTS('',3,(#4050,#4051,#4052,#4053,#4054,#4055,
#4056,#4057,#4058,#4059,#4060,#4061,#4062,#4063,#4064,#4065,#4066,#4067,
#4068,#4069,#4070,#4071,#4072,#4073,#4074,#4075,#4076,#4077,#4078,#4079,
#4080,#4081,#4082,#4083,#4084,#4085,#4086,#4087,#4088,#4089,#4090,#4091,
#4092,#4093,#4094,#4095,#4096),.UNSPECIFIED.,.F.,.F.,(4,1,1,1,1,1,1,1,1,
1,1,1,1,1,1,1,1,1,1,1,1,1,1,1,1,1,1,1,1,1,1,1,1,1,1,1,1,1,1,1,1,1,1,1,4),
(0.,0.0353832724545,0.06927053970124,0.1025623186388,0.1359799506609,0.1530164672206,
0.170470785574,0.1883900434977,0.2069954527299,0.2264245047627,0.2469679900316,
0.2685728383755,0.2915206853211,0.314508086967,0.3368773323567,0.3587738350475,
0.3802258941985,0.401932726123,0.423494757339,0.4455345740111,0.4681122146219,
0.4907681141871,0.5127759267199,0.534543287705,0.5560062964403,0.5773522200403,
0.5989780830163,0.620869577767,0.6433505792779,0.6656967054426,0.6875237100355,
0.7089099539531,0.7299007039503,0.7509361786075,0.771915732542,0.7928347241923,
0.8143218023722,0.8358714806618,0.8575523198298,0.8795708055778,0.9019428516743,
0.9249779012975,0.9490080301443,0.9739289854267,1.),.UNSPECIFIED.);
#57=B_SPLINE_CURVE_WITH_KNOTS('',3,(#4100,#4101,#4102,#4103,#4104,#4105,
#4106,#4107,#4108,#4109,#4110,#4111,#4112,#4113,#4114,#4115,#4116,#4117,
#4118,#4119,#4120,#4121,#4122,#4123,#4124,#4125,#4126,#4127,#4128,#4129,
#4130,#4131,#4132,#4133,#4134,#4135,#4136,#4137,#4138,#4139,#4140,#4141,
#4142,#4143,#4144,#4145,#4146),.UNSPECIFIED.,.F.,.F.,(4,1,1,1,1,1,1,1,1,
1,1,1,1,1,1,1,1,1,1,1,1,1,1,1,1,1,1,1,1,1,1,1,1,1,1,1,1,1,1,1,1,1,1,1,4),
(0.,0.04215453973331,0.08279719914694,0.1221767782459,0.1614950979158,0.1808753399525,
0.1998130589735,0.2186760148686,0.2374727563534,0.2566835598147,0.276306748065,
0.2964042643594,0.3173562811458,0.3383914438013,0.3585206433721,0.3781819171331,
0.3974704449987,0.4166870166041,0.436037212845,0.4558514949351,0.4764070088101,
0.4970418956901,0.5173928585208,0.537303391342,0.5571791045556,0.5770478465252,
0.5972553514165,0.6177690377559,0.6389668999516,0.6600494273065,0.6800418939655,
0.6995475388768,0.7182170840174,0.7369917021376,0.7553544937457,0.7738495881668,
0.792871974819,0.8127936370613,0.8339914992571,0.8570584009717,0.8818012808722,
0.9081598934654,0.9368208788384,0.9673368835119,1.),.UNSPECIFIED.);
#58=B_SPLINE_CURVE_WITH_KNOTS('',3,(#4150,#4151,#4152,#4153,#4154,#4155,
#4156,#4157,#4158,#4159,#4160,#4161,#4162,#4163,#4164,#4165,#4166,#4167,
#4168,#4169,#4170,#4171,#4172,#4173,#4174,#4175,#4176,#4177,#4178,#4179,
#4180,#4181,#4182,#4183,#4184,#4185,#4186,#4187,#4188,#4189,#4190,#4191,
#4192),.UNSPECIFIED.,.F.,.F.,(4,1,1,1,1,1,1,1,1,1,1,1,1,1,1,1,1,1,1,1,1,
1,1,1,1,1,1,1,1,1,1,1,1,1,1,1,1,1,1,1,4),(0.,0.03462794266938,0.06703023873858,
0.09747700461571,0.1256631561275,0.1522367875592,0.1773884281908,0.2009231669131,
0.2235527233768,0.2453942811518,0.2667337341504,0.2876601216008,0.3086916598908,
0.3301415853429,0.3521025714791,0.3749979436677,0.3988532052764,0.4228625305628,
0.4453313686738,0.4670165409688,0.4882390077776,0.5090778683086,0.5302095609065,
0.5518131987615,0.5742469457405,0.5970430002662,0.6191997069799,0.6408208423847,
0.6623074657686,0.6841504663258,0.7063852623443,0.7292324090393,0.753210212222,
0.777810784375,0.8032960025082,0.8301304378689,0.8587779245741,0.8900427677847,
0.923767056627,0.9602733888581,1.),.UNSPECIFIED.);
#59=B_SPLINE_CURVE_WITH_KNOTS('',3,(#4195,#4196,#4197,#4198,#4199,#4200,
#4201,#4202,#4203,#4204,#4205,#4206,#4207,#4208,#4209,#4210,#4211,#4212,
#4213,#4214,#4215,#4216,#4217,#4218,#4219,#4220,#4221,#4222,#4223,#4224,
#4225,#4226,#4227,#4228,#4229,#4230,#4231,#4232,#4233,#4234,#4235,#4236,
#4237,#4238,#4239,#4240,#4241),.UNSPECIFIED.,.F.,.F.,(4,1,1,1,1,1,1,1,1,
1,1,1,1,1,1,1,1,1,1,1,1,1,1,1,1,1,1,1,1,1,1,1,1,1,1,1,1,1,1,1,1,1,1,1,4),
(0.,0.04746444291627,0.09248874361208,0.1354750167605,0.1769673517961,0.197290263585,
0.2174162085855,0.2373713887385,0.2578142269576,0.2783542653013,0.299538315149,
0.3214186525616,0.3441337832881,0.3670489113381,0.3889408313402,0.4102756349974,
0.4311236686081,0.4512424148441,0.4709050884384,0.4904652770408,0.5097307215496,
0.528715926479,0.5470332071116,0.5650434501912,0.58281382262,0.6005035153745,
0.6182453344491,0.6364913028068,0.6548865107775,0.6734863065729,0.6919963231866,
0.710770532219,0.7294983898777,0.7487196097614,0.7681758429384,0.788360182724,
0.8091873613442,0.8303140655243,0.8517808592322,0.8738761306941,0.8965984344941,
0.9204467252362,0.9454984463708,0.9719199793008,1.),.UNSPECIFIED.);
#60=B_SPLINE_CURVE_WITH_KNOTS('',3,(#4926,#4927,#4928,#4929,#4930,#4931,
#4932,#4933,#4934,#4935,#4936,#4937,#4938,#4939,#4940,#4941,#4942,#4943,
#4944,#4945,#4946,#4947,#4948,#4949,#4950,#4951,#4952,#4953,#4954,#4955,
#4956,#4957,#4958,#4959,#4960,#4961,#4962,#4963,#4964,#4965,#4966,#4967,
#4968,#4969,#4970,#4971,#4972),.UNSPECIFIED.,.F.,.F.,(4,1,1,1,1,1,1,1,1,
1,1,1,1,1,1,1,1,1,1,1,1,1,1,1,1,1,1,1,1,1,1,1,1,1,1,1,1,1,1,1,1,1,1,1,4),
(0.,0.02607101457328,0.0509919698557,0.07502209870246,0.09805714832569,
0.1204291944222,0.1424476801702,0.1641285193382,0.1856781976278,0.2071652758077,
0.228084267458,0.2490638213925,0.2700992960497,0.2910900460469,0.3124762899645,
0.3343032945574,0.3566494207221,0.379130422233,0.4010219169837,0.4226477799597,
0.4439937035597,0.465456712295,0.4872240732801,0.5092318858129,0.5318877853781,
0.5544654259889,0.576505242661,0.598067273877,0.6197741058015,0.6412261649525,
0.6631226676433,0.685491913033,0.7084793146789,0.7314271616245,0.7530320099684,
0.7735754952373,0.7930045472701,0.8116099565023,0.829529214426,0.8469835327794,
0.8640200493391,0.8974376813612,0.9307294602988,0.9646167275455,1.),
 .UNSPECIFIED.);
#61=B_SPLINE_CURVE_WITH_KNOTS('',3,(#5073,#5074,#5075,#5076,#5077,#5078,
#5079,#5080,#5081,#5082,#5083,#5084,#5085,#5086,#5087,#5088,#5089,#5090,
#5091,#5092,#5093,#5094,#5095,#5096,#5097,#5098,#5099,#5100,#5101,#5102,
#5103,#5104,#5105,#5106,#5107,#5108,#5109,#5110,#5111,#5112,#5113,#5114,
#5115,#5116,#5117,#5118,#5119),.UNSPECIFIED.,.F.,.F.,(4,1,1,1,1,1,1,1,1,
1,1,1,1,1,1,1,1,1,1,1,1,1,1,1,1,1,1,1,1,1,1,1,1,1,1,1,1,1,1,1,1,1,1,1,4),
(0.,0.03266311648813,0.06317912116162,0.09184010653457,0.1181987191278,
0.1429415990283,0.1660085007429,0.1872063629387,0.207128025181,0.2261504118332,
0.2446455062543,0.2630082978624,0.2817829159826,0.3004524611232,0.3199581060345,
0.3399505726935,0.3610331000484,0.3822309622441,0.4027446485835,0.4229521534748,
0.4428208954444,0.462696608658,0.4826071414792,0.5029581043099,0.5235929911899,
0.5441485050649,0.563962787155,0.5833129833959,0.6025295550013,0.6218180828669,
0.6414793566279,0.6616085561987,0.6826437188542,0.7035957356406,0.723693251935,
0.7433164401853,0.7625272436466,0.7813239851314,0.8001869410265,0.8191246600475,
0.8385049020842,0.8778232217541,0.9172028008531,0.9578454602667,1.),
 .UNSPECIFIED.);
#62=B_SPLINE_CURVE_WITH_KNOTS('',3,(#5212,#5213,#5214,#5215,#5216,#5217,
#5218,#5219,#5220,#5221,#5222,#5223,#5224,#5225,#5226,#5227,#5228,#5229,
#5230,#5231,#5232,#5233,#5234,#5235,#5236,#5237,#5238,#5239,#5240,#5241,
#5242,#5243,#5244,#5245,#5246,#5247,#5248,#5249,#5250,#5251,#5252,#5253,
#5254),.UNSPECIFIED.,.F.,.F.,(4,1,1,1,1,1,1,1,1,1,1,1,1,1,1,1,1,1,1,1,1,
1,1,1,1,1,1,1,1,1,1,1,1,1,1,1,1,1,1,1,4),(0.,0.0397266111419,0.07623294337304,
0.1099572322153,0.1412220754259,0.1698695621311,0.1967039974918,0.222189215625,
0.246789787778,0.2707675909607,0.2936147376557,0.3158495336742,0.3376925342314,
0.3591791576153,0.3808002930201,0.4029569997338,0.4257530542595,0.4481868012385,
0.4697904390935,0.4909221316914,0.5117609922224,0.5329834590312,0.5546686313262,
0.5771374694372,0.6011467947236,0.6250020563323,0.6478974285209,0.6698584146571,
0.6913083401092,0.7123398783992,0.7332662658496,0.7546057188482,0.7764472766232,
0.7990768330869,0.8226115718092,0.8477632124408,0.8743368438725,0.9025229953843,
0.9329697612614,0.9653720573306,1.),.UNSPECIFIED.);
#63=B_SPLINE_CURVE_WITH_KNOTS('',3,(#5354,#5355,#5356,#5357,#5358,#5359,
#5360,#5361,#5362,#5363,#5364,#5365,#5366,#5367,#5368,#5369,#5370,#5371,
#5372,#5373,#5374,#5375,#5376,#5377,#5378,#5379,#5380,#5381,#5382,#5383,
#5384,#5385,#5386,#5387,#5388,#5389,#5390,#5391,#5392,#5393,#5394,#5395,
#5396,#5397,#5398,#5399,#5400),.UNSPECIFIED.,.F.,.F.,(4,1,1,1,1,1,1,1,1,
1,1,1,1,1,1,1,1,1,1,1,1,1,1,1,1,1,1,1,1,1,1,1,1,1,1,1,1,1,1,1,1,1,1,1,4),
(0.,0.02808002069925,0.05450155362917,0.07955327476376,0.1034015655059,
0.1261238693059,0.1482191407678,0.1696859344757,0.1908126386558,0.211639817276,
0.2318241570616,0.2512803902386,0.2705016101223,0.289229467781,0.3080036768134,
0.3265136934271,0.3451134892225,0.3635086971932,0.3817546655509,0.3994964846255,
0.41718617738,0.4349565498088,0.4529667928884,0.471284073521,0.4902692784504,
0.5095347229592,0.5290949115616,0.5487575851559,0.5688763313919,0.5897243650026,
0.6110591686598,0.6329510886619,0.6558662167119,0.6785813474384,0.700461684851,
0.7216457346987,0.7421857730424,0.7626286112615,0.7825837914145,0.802709736415,
0.8230326482039,0.8645249832395,0.9075112563879,0.9525355570837,1.),
 .UNSPECIFIED.);
#64=B_SPLINE_CURVE_WITH_KNOTS('',3,(#5444,#5445,#5446,#5447,#5448,#5449,
#5450,#5451,#5452,#5453,#5454,#5455,#5456,#5457,#5458),.UNSPECIFIED.,.F.,
 .F.,(4,1,1,1,1,1,1,1,1,1,1,1,4),(0.,0.120156211072,0.2357726444396,0.3483128029378,
0.4628711284554,0.5215455187138,0.5799020507865,0.6403905684429,0.7034246830074,
0.7701951362058,0.8419952246698,0.917859271469,1.),.UNSPECIFIED.);
#65=B_SPLINE_CURVE_WITH_KNOTS('',3,(#5460,#5461,#5462,#5463,#5464,#5465,
#5466,#5467,#5468,#5469,#5470,#5471,#5472,#5473,#5474),.UNSPECIFIED.,.F.,
 .F.,(4,1,1,1,1,1,1,1,1,1,1,1,4),(0.,0.07690145998935,0.1489000861321,0.2164705533005,
0.2802314714835,0.3409180608503,0.3998620871369,0.4583256686013,0.5165931570025,
0.6326994236349,0.7497593511864,0.8703893528988,1.),.UNSPECIFIED.);
#66=B_SPLINE_SURFACE_WITH_KNOTS('',3,1,((#3551,#3552),(#3553,#3554),(#3555,
#3556),(#3557,#3558),(#3559,#3560),(#3561,#3562),(#3563,#3564),(#3565,#3566),
(#3567,#3568),(#3569,#3570),(#3571,#3572),(#3573,#3574),(#3575,#3576),(#3577,
#3578),(#3579,#3580),(#3581,#3582),(#3583,#3584),(#3585,#3586),(#3587,#3588)),
 .UNSPECIFIED.,.F.,.F.,.F.,(4,1,1,1,1,1,1,1,1,1,1,1,1,1,1,1,4),(2,2),(0.,
0.1606230300223,0.2191478979112,0.2738481079736,0.3258964555058,0.3747732406114,
0.4210315103826,0.4649907848029,0.5075551830746,0.5492807917548,0.5914049411663,
0.6355804331605,0.6812044833307,0.7302364108365,0.7833145822064,0.8398984325519,
1.),(0.,0.00122400000000362),.UNSPECIFIED.);
#67=B_SPLINE_SURFACE_WITH_KNOTS('',3,1,((#3795,#3796),(#3797,#3798),(#3799,
#3800),(#3801,#3802),(#3803,#3804),(#3805,#3806),(#3807,#3808),(#3809,#3810),
(#3811,#3812),(#3813,#3814),(#3815,#3816),(#3817,#3818),(#3819,#3820),(#3821,
#3822),(#3823,#3824)),.UNSPECIFIED.,.F.,.F.,.F.,(4,1,1,1,1,1,1,1,1,1,1,
1,4),(2,2),(0.,0.1953160974172,0.2872949927764,0.3812938733859,0.4791828079667,
0.528907957791,0.5780114221454,0.6277980065742,0.6778173543546,0.7294011232847,
0.782534894908,0.8382192639325,1.),(0.,0.00122400000000242),
 .UNSPECIFIED.);
#68=B_SPLINE_SURFACE_WITH_KNOTS('',3,1,((#4634,#4635),(#4636,#4637),(#4638,
#4639),(#4640,#4641),(#4642,#4643),(#4644,#4645),(#4646,#4647),(#4648,#4649),
(#4650,#4651),(#4652,#4653),(#4654,#4655),(#4656,#4657),(#4658,#4659),(#4660,
#4661),(#4662,#4663)),.UNSPECIFIED.,.F.,.F.,.F.,(4,1,1,1,1,1,1,1,1,1,1,
1,4),(2,2),(0.,0.1775495654423,0.2419118982112,0.3016928621212,0.3583716276027,
0.4115037141216,0.4623198304122,0.5109681955556,0.5588780894524,0.6496199610465,
0.7345796790895,0.8144448565098,1.),(0.,0.00122400000000122),
 .UNSPECIFIED.);
#69=B_SPLINE_SURFACE_WITH_KNOTS('',3,1,((#4665,#4666),(#4667,#4668),(#4669,
#4670),(#4671,#4672),(#4673,#4674),(#4675,#4676),(#4677,#4678),(#4679,#4680),
(#4681,#4682),(#4683,#4684),(#4685,#4686),(#4687,#4688),(#4689,#4690),(#4691,
#4692),(#4693,#4694),(#4695,#4696),(#4697,#4698),(#4699,#4700),(#4701,#4702)),
 .UNSPECIFIED.,.F.,.F.,.F.,(4,1,1,1,1,1,1,1,1,1,1,1,1,1,1,1,4),(2,2),(0.,
0.1459364557881,0.2100176123605,0.2705958962254,0.327891565758,0.3822334601915,
0.4343918673455,0.485685988294,0.5363683912074,0.5862182820734,0.6347578652657,
0.6821614292539,0.7294643622153,0.7760642302767,0.8236174305553,0.8723618493297,
1.),(0.,0.00122400000000242),.UNSPECIFIED.);
#70=B_SPLINE_SURFACE_WITH_KNOTS('',3,1,((#4710,#4711),(#4712,#4713),(#4714,
#4715),(#4716,#4717),(#4718,#4719),(#4720,#4721),(#4722,#4723),(#4724,#4725),
(#4726,#4727),(#4728,#4729),(#4730,#4731),(#4732,#4733),(#4734,#4735),(#4736,
#4737),(#4738,#4739),(#4740,#4741),(#4742,#4743),(#4744,#4745),(#4746,#4747)),
 .UNSPECIFIED.,.F.,.F.,.F.,(4,1,1,1,1,1,1,1,1,1,1,1,1,1,1,1,4),(2,2),(0.,
0.1366556297168,0.1999990535707,0.2587830455016,0.313187517531,0.3647607707554,
0.4135866285639,0.4612234233472,0.5085425616507,0.556581735242,0.6050554380477,
0.6548338889605,0.706258145625,0.7592022335239,0.8143985414248,0.8717298677793,
1.),(0.,0.00122400000000362),.UNSPECIFIED.);
#71=B_SPLINE_SURFACE_WITH_KNOTS('',3,1,((#4829,#4830),(#4831,#4832),(#4833,
#4834),(#4835,#4836),(#4837,#4838),(#4839,#4840),(#4841,#4842),(#4843,#4844),
(#4845,#4846),(#4847,#4848),(#4849,#4850),(#4851,#4852),(#4853,#4854),(#4855,
#4856),(#4857,#4858),(#4859,#4860),(#4861,#4862),(#4863,#4864),(#4865,#4866),
(#4867,#4868),(#4869,#4870),(#4871,#4872),(#4873,#4874),(#4875,#4876),(#4877,
#4878),(#4879,#4880),(#4881,#4882),(#4883,#4884),(#4885,#4886),(#4887,#4888),
(#4889,#4890),(#4891,#4892),(#4893,#4894),(#4895,#4896),(#4897,#4898),(#4899,
#4900),(#4901,#4902),(#4903,#4904),(#4905,#4906),(#4907,#4908),(#4909,#4910),
(#4911,#4912),(#4913,#4914),(#4915,#4916),(#4917,#4918),(#4919,#4920),(#4921,
#4922)),.UNSPECIFIED.,.F.,.F.,.F.,(4,1,1,1,1,1,1,1,1,1,1,1,1,1,1,1,1,1,
1,1,1,1,1,1,1,1,1,1,1,1,1,1,1,1,1,1,1,1,1,1,1,1,1,1,4),(2,2),(0.,0.06427578420595,
0.09605463515997,0.127275048218,0.1586134839654,0.1745900133381,0.1909583494868,
0.2077626973446,0.2252105051782,0.2434307099599,0.2626960095689,0.2829566357918,
0.3044767012043,0.3260338602814,0.347011323882,0.3675454581443,0.3876628014949,
0.408019066029,0.4282395391432,0.4489080706001,0.4700809633755,0.4913272459473,
0.5119657645157,0.5323787920806,0.5525064037484,0.5725242151471,0.5928045485024,
0.6133339864113,0.6344162528304,0.6553720356504,0.675840995885,0.6958966189299,
0.7155813551087,0.7353080332446,0.7549822699634,0.7745997124949,0.7947498960415,
0.8149587848105,0.8352906738195,0.8559392015312,0.8769192915827,0.8985211340495,
0.9210561433634,0.9444265531927,1.),(0.,0.00122400000000242),
 .UNSPECIFIED.);
#72=B_SPLINE_SURFACE_WITH_KNOTS('',3,1,((#4978,#4979),(#4980,#4981),(#4982,
#4983),(#4984,#4985),(#4986,#4987),(#4988,#4989),(#4990,#4991),(#4992,#4993),
(#4994,#4995),(#4996,#4997),(#4998,#4999),(#5000,#5001),(#5002,#5003),(#5004,
#5005),(#5006,#5007),(#5008,#5009),(#5010,#5011),(#5012,#5013),(#5014,#5015),
(#5016,#5017),(#5018,#5019),(#5020,#5021),(#5022,#5023),(#5024,#5025),(#5026,
#5027),(#5028,#5029),(#5030,#5031),(#5032,#5033),(#5034,#5035),(#5036,#5037),
(#5038,#5039),(#5040,#5041),(#5042,#5043),(#5044,#5045),(#5046,#5047),(#5048,
#5049),(#5050,#5051),(#5052,#5053),(#5054,#5055),(#5056,#5057),(#5058,#5059),
(#5060,#5061),(#5062,#5063),(#5064,#5065),(#5066,#5067),(#5068,#5069),(#5070,
#5071)),.UNSPECIFIED.,.F.,.F.,.F.,(4,1,1,1,1,1,1,1,1,1,1,1,1,1,1,1,1,1,
1,1,1,1,1,1,1,1,1,1,1,1,1,1,1,1,1,1,1,1,1,1,1,1,1,1,4),(2,2),(0.,0.07927907841018,
0.1166245980765,0.152809504943,0.1889381220577,0.2067461400507,0.2241475347512,
0.2414802314918,0.2587520854725,0.2764044106111,0.2944356657823,0.3129027690881,
0.3321550514494,0.3514837344629,0.3699799507364,0.3880462017273,0.4057699458703,
0.4234275712118,0.4412079808771,0.4594148273814,0.478302773169,0.4972636528188,
0.5159636417858,0.5342589306711,0.5525222246929,0.5707791130136,0.5893472820806,
0.6081967935956,0.6276749771332,0.6470471823802,0.6654177582127,0.6833410057597,
0.7004959822123,0.7177475075885,0.7346206159192,0.751615293984,0.7690944876457,
0.7874000030768,0.8068781866144,0.8280737836559,0.8508093949879,0.8750296625387,
0.9013655226508,0.92940591344,1.),(0.,0.0012240000000288),.UNSPECIFIED.);
#73=B_SPLINE_SURFACE_WITH_KNOTS('',3,1,((#5125,#5126),(#5127,#5128),(#5129,
#5130),(#5131,#5132),(#5133,#5134),(#5135,#5136),(#5137,#5138),(#5139,#5140),
(#5141,#5142),(#5143,#5144),(#5145,#5146),(#5147,#5148),(#5149,#5150),(#5151,
#5152),(#5153,#5154),(#5155,#5156),(#5157,#5158),(#5159,#5160),(#5161,#5162),
(#5163,#5164),(#5165,#5166),(#5167,#5168),(#5169,#5170),(#5171,#5172),(#5173,
#5174),(#5175,#5176),(#5177,#5178),(#5179,#5180),(#5181,#5182),(#5183,#5184),
(#5185,#5186),(#5187,#5188),(#5189,#5190),(#5191,#5192),(#5193,#5194),(#5195,
#5196),(#5197,#5198),(#5199,#5200),(#5201,#5202),(#5203,#5204),(#5205,#5206),
(#5207,#5208),(#5209,#5210)),.UNSPECIFIED.,.F.,.F.,.F.,(4,1,1,1,1,1,1,1,
1,1,1,1,1,1,1,1,1,1,1,1,1,1,1,1,1,1,1,1,1,1,1,1,1,1,1,1,1,1,1,1,4),(2,2),
(0.,0.07468499956052,0.1042982570602,0.1321243072891,0.1578843262972,0.1821706234351,
0.2051573281111,0.2266663062552,0.2473480160091,0.2673095543275,0.2868122067074,
0.3059373482957,0.3251585898295,0.3447622057093,0.3648328925523,0.3857575378529,
0.4075594497678,0.4295021642774,0.4500369895651,0.4698556033364,0.4892513391523,
0.5082964877303,0.5276092627561,0.5473533601919,0.5678561148286,0.5886899912677,
0.6089395519734,0.6286996408514,0.6483367958761,0.6682996527886,0.688620581236,
0.7095011520686,0.7314150577502,0.7538981273528,0.7771896967343,0.801714349015,
0.827895993634,0.8564697049138,0.8872911642125,0.9206552015765,1.),(0.,
0.00122400000002281),.UNSPECIFIED.);
#74=B_SPLINE_SURFACE_WITH_KNOTS('',3,1,((#5260,#5261),(#5262,#5263),(#5264,
#5265),(#5266,#5267),(#5268,#5269),(#5270,#5271),(#5272,#5273),(#5274,#5275),
(#5276,#5277),(#5278,#5279),(#5280,#5281),(#5282,#5283),(#5284,#5285),(#5286,
#5287),(#5288,#5289),(#5290,#5291),(#5292,#5293),(#5294,#5295),(#5296,#5297),
(#5298,#5299),(#5300,#5301),(#5302,#5303),(#5304,#5305),(#5306,#5307),(#5308,
#5309),(#5310,#5311),(#5312,#5313),(#5314,#5315),(#5316,#5317),(#5318,#5319),
(#5320,#5321),(#5322,#5323),(#5324,#5325),(#5326,#5327),(#5328,#5329),(#5330,
#5331),(#5332,#5333),(#5334,#5335),(#5336,#5337),(#5338,#5339),(#5340,#5341),
(#5342,#5343),(#5344,#5345),(#5346,#5347),(#5348,#5349),(#5350,#5351),(#5352,
#5353)),.UNSPECIFIED.,.F.,.F.,.F.,(4,1,1,1,1,1,1,1,1,1,1,1,1,1,1,1,1,1,
1,1,1,1,1,1,1,1,1,1,1,1,1,1,1,1,1,1,1,1,1,1,1,1,1,1,4),(2,2),(0.,0.07761521666612,
0.1196397591765,0.1597620583654,0.1984899535378,0.2174588449411,0.2362438925301,
0.2548695525334,0.2739503802307,0.2931219320639,0.3128945879321,0.3333171409873,
0.3545188689896,0.3759072694308,0.396340633382,0.4162539990398,0.4357130258584,
0.4544913543029,0.4728439960888,0.4911009809776,0.5090828591907,0.5268031688745,
0.5439000549277,0.5607103599013,0.5772967756816,0.5938078870963,0.6103676518986,
0.6273979768796,0.6445675983374,0.6619281768919,0.6792049578308,0.6967283292855,
0.7142084375413,0.7321490376089,0.7503089931352,0.7691485449384,0.7885881062369,
0.8083072371107,0.8283437989405,0.8489669659965,0.870175389164,0.8924347800397,
0.9158174223797,0.9404786123736,1.),(0.,0.00122400000000362),
 .UNSPECIFIED.);
#75=B_SPLINE_SURFACE_WITH_KNOTS('',3,1,((#5402,#5403),(#5404,#5405),(#5406,
#5407),(#5408,#5409),(#5410,#5411),(#5412,#5413),(#5414,#5415),(#5416,#5417),
(#5418,#5419),(#5420,#5421),(#5422,#5423),(#5424,#5425),(#5426,#5427),(#5428,
#5429),(#5430,#5431)),.UNSPECIFIED.,.F.,.F.,.F.,(4,1,1,1,1,1,1,1,1,1,1,
1,4),(2,2),(0.,0.1672242790242,0.2228800199648,0.2749174872799,0.3241370123141,
0.3713881129603,0.4171747478233,0.4630152598984,0.5102976930149,0.604989502515,
0.6988013808401,0.794208195371,1.),(0.,0.00122400000000122),
 .UNSPECIFIED.);
#76=B_SPLINE_SURFACE_WITH_KNOTS('',3,1,((#5478,#5479),(#5480,#5481),(#5482,
#5483),(#5484,#5485),(#5486,#5487),(#5488,#5489),(#5490,#5491),(#5492,#5493),
(#5494,#5495),(#5496,#5497),(#5498,#5499),(#5500,#5501),(#5502,#5503),(#5504,
#5505),(#5506,#5507)),.UNSPECIFIED.,.F.,.F.,.F.,(4,1,1,1,1,1,1,1,1,1,1,
1,4),(2,2),(0.,0.2108427963297,0.2988311063683,0.3844782593664,0.4716613108543,
0.5163146554612,0.5607260984302,0.6067600599555,0.6547313132951,0.7055460562024,
0.7601885344432,0.8179238327578,1.),(0.,0.00122400000000602),
 .UNSPECIFIED.);
#77=B_SPLINE_SURFACE_WITH_KNOTS('',3,1,((#5509,#5510),(#5511,#5512),(#5513,
#5514),(#5515,#5516),(#5517,#5518),(#5519,#5520),(#5521,#5522),(#5523,#5524),
(#5525,#5526),(#5527,#5528),(#5529,#5530),(#5531,#5532),(#5533,#5534),(#5535,
#5536),(#5537,#5538)),.UNSPECIFIED.,.F.,.F.,.F.,(4,1,1,1,1,1,1,1,1,1,1,
1,4),(2,2),(0.,0.1840534425307,0.2378292542923,0.2882976717854,0.3359207351362,
0.3812475806759,0.425272904934,0.4689393847014,0.5124594024567,0.5991792341157,
0.6866113556171,0.7767099673884,1.),(0.,0.00122400000000122),
 .UNSPECIFIED.);
#78=PLANE('',#2720);
#79=PLANE('',#2721);
#80=PLANE('',#2722);
#81=PLANE('',#2723);
#82=PLANE('',#2724);
#83=PLANE('',#2725);
#84=PLANE('',#2734);
#85=PLANE('',#2736);
#86=PLANE('',#2743);
#87=PLANE('',#2745);
#88=PLANE('',#2751);
#89=PLANE('',#2752);
#90=PLANE('',#2755);
#91=PLANE('',#2761);
#92=PLANE('',#2766);
#93=PLANE('',#2767);
#94=PLANE('',#2768);
#95=PLANE('',#2773);
#96=PLANE('',#2774);
#97=PLANE('',#2776);
#98=PLANE('',#2777);
#99=PLANE('',#2779);
#100=PLANE('',#2780);
#101=PLANE('',#2781);
#102=PLANE('',#2785);
#103=PLANE('',#2786);
#104=PLANE('',#2787);
#105=PLANE('',#2788);
#106=PLANE('',#2791);
#107=PLANE('',#2796);
#108=PLANE('',#2801);
#109=PLANE('',#2802);
#110=PLANE('',#2803);
#111=PLANE('',#2804);
#112=PLANE('',#2805);
#113=PLANE('',#2806);
#114=PLANE('',#2807);
#115=PLANE('',#2808);
#116=PLANE('',#2809);
#117=PLANE('',#2810);
#118=PLANE('',#2811);
#119=PLANE('',#2812);
#120=PLANE('',#2813);
#121=PLANE('',#2814);
#122=PLANE('',#2815);
#123=PLANE('',#2816);
#124=PLANE('',#2817);
#125=PLANE('',#2818);
#126=PLANE('',#2819);
#127=PLANE('',#2820);
#128=PLANE('',#2821);
#129=PLANE('',#2822);
#130=PLANE('',#2823);
#131=PLANE('',#2824);
#132=PLANE('',#2825);
#133=PLANE('',#2826);
#134=PLANE('',#2827);
#135=PLANE('',#2828);
#136=PLANE('',#2829);
#137=PLANE('',#2830);
#138=PLANE('',#2831);
#139=PLANE('',#2832);
#140=PLANE('',#2833);
#141=PLANE('',#2834);
#142=PLANE('',#2835);
#143=PLANE('',#2836);
#144=PLANE('',#2837);
#145=PLANE('',#2838);
#146=PLANE('',#2839);
#147=PLANE('',#2840);
#148=PLANE('',#2841);
#149=PLANE('',#2842);
#150=PLANE('',#2843);
#151=PLANE('',#2844);
#152=PLANE('',#2845);
#153=PLANE('',#2846);
#154=PLANE('',#2847);
#155=PLANE('',#2848);
#156=PLANE('',#2849);
#157=PLANE('',#2850);
#158=PLANE('',#2851);
#159=PLANE('',#2852);
#160=PLANE('',#2853);
#161=PLANE('',#2854);
#162=PLANE('',#2855);
#163=PLANE('',#2856);
#164=PLANE('',#2857);
#165=PLANE('',#2858);
#166=PLANE('',#2859);
#167=PLANE('',#2860);
#168=PLANE('',#2861);
#169=PLANE('',#2862);
#170=PLANE('',#2863);
#171=PLANE('',#2864);
#172=PLANE('',#2865);
#173=PLANE('',#2866);
#174=PLANE('',#2867);
#175=PLANE('',#2868);
#176=PLANE('',#2869);
#177=PLANE('',#2870);
#178=PLANE('',#2871);
#179=PLANE('',#2872);
#180=PLANE('',#2873);
#181=PLANE('',#2874);
#182=PLANE('',#2875);
#183=PLANE('',#2876);
#184=PLANE('',#2877);
#185=PLANE('',#2878);
#186=PLANE('',#2879);
#187=PLANE('',#2880);
#188=PLANE('',#2881);
#189=PLANE('',#2882);
#190=PLANE('',#2883);
#191=PLANE('',#2884);
#192=PLANE('',#2885);
#193=PLANE('',#2886);
#194=FACE_OUTER_BOUND('',#337,.T.);
#195=FACE_OUTER_BOUND('',#338,.T.);
#196=FACE_OUTER_BOUND('',#339,.T.);
#197=FACE_OUTER_BOUND('',#340,.T.);
#198=FACE_OUTER_BOUND('',#341,.T.);
#199=FACE_OUTER_BOUND('',#342,.T.);
#200=FACE_OUTER_BOUND('',#345,.T.);
#201=FACE_OUTER_BOUND('',#346,.T.);
#202=FACE_OUTER_BOUND('',#355,.T.);
#203=FACE_OUTER_BOUND('',#357,.T.);
#204=FACE_OUTER_BOUND('',#358,.T.);
#205=FACE_OUTER_BOUND('',#359,.T.);
#206=FACE_OUTER_BOUND('',#362,.T.);
#207=FACE_OUTER_BOUND('',#364,.T.);
#208=FACE_OUTER_BOUND('',#366,.T.);
#209=FACE_OUTER_BOUND('',#367,.T.);
#210=FACE_OUTER_BOUND('',#368,.T.);
#211=FACE_OUTER_BOUND('',#369,.T.);
#212=FACE_OUTER_BOUND('',#370,.T.);
#213=FACE_OUTER_BOUND('',#371,.T.);
#214=FACE_OUTER_BOUND('',#372,.T.);
#215=FACE_OUTER_BOUND('',#373,.T.);
#216=FACE_OUTER_BOUND('',#374,.T.);
#217=FACE_OUTER_BOUND('',#375,.T.);
#218=FACE_OUTER_BOUND('',#376,.T.);
#219=FACE_OUTER_BOUND('',#377,.T.);
#220=FACE_OUTER_BOUND('',#378,.T.);
#221=FACE_OUTER_BOUND('',#379,.T.);
#222=FACE_OUTER_BOUND('',#380,.T.);
#223=FACE_OUTER_BOUND('',#381,.T.);
#224=FACE_OUTER_BOUND('',#382,.T.);
#225=FACE_OUTER_BOUND('',#383,.T.);
#226=FACE_OUTER_BOUND('',#384,.T.);
#227=FACE_OUTER_BOUND('',#385,.T.);
#228=FACE_OUTER_BOUND('',#386,.T.);
#229=FACE_OUTER_BOUND('',#387,.T.);
#230=FACE_OUTER_BOUND('',#388,.T.);
#231=FACE_OUTER_BOUND('',#389,.T.);
#232=FACE_OUTER_BOUND('',#390,.T.);
#233=FACE_OUTER_BOUND('',#391,.T.);
#234=FACE_OUTER_BOUND('',#392,.T.);
#235=FACE_OUTER_BOUND('',#393,.T.);
#236=FACE_OUTER_BOUND('',#395,.T.);
#237=FACE_OUTER_BOUND('',#396,.T.);
#238=FACE_OUTER_BOUND('',#397,.T.);
#239=FACE_OUTER_BOUND('',#398,.T.);
#240=FACE_OUTER_BOUND('',#399,.T.);
#241=FACE_OUTER_BOUND('',#400,.T.);
#242=FACE_OUTER_BOUND('',#401,.T.);
#243=FACE_OUTER_BOUND('',#402,.T.);
#244=FACE_OUTER_BOUND('',#403,.T.);
#245=FACE_OUTER_BOUND('',#404,.T.);
#246=FACE_OUTER_BOUND('',#405,.T.);
#247=FACE_OUTER_BOUND('',#406,.T.);
#248=FACE_OUTER_BOUND('',#407,.T.);
#249=FACE_OUTER_BOUND('',#408,.T.);
#250=FACE_OUTER_BOUND('',#409,.T.);
#251=FACE_OUTER_BOUND('',#410,.T.);
#252=FACE_OUTER_BOUND('',#411,.T.);
#253=FACE_OUTER_BOUND('',#412,.T.);
#254=FACE_OUTER_BOUND('',#413,.T.);
#255=FACE_OUTER_BOUND('',#414,.T.);
#256=FACE_OUTER_BOUND('',#415,.T.);
#257=FACE_OUTER_BOUND('',#416,.T.);
#258=FACE_OUTER_BOUND('',#417,.T.);
#259=FACE_OUTER_BOUND('',#418,.T.);
#260=FACE_OUTER_BOUND('',#419,.T.);
#261=FACE_OUTER_BOUND('',#420,.T.);
#262=FACE_OUTER_BOUND('',#421,.T.);
#263=FACE_OUTER_BOUND('',#422,.T.);
#264=FACE_OUTER_BOUND('',#423,.T.);
#265=FACE_OUTER_BOUND('',#424,.T.);
#266=FACE_OUTER_BOUND('',#425,.T.);
#267=FACE_OUTER_BOUND('',#426,.T.);
#268=FACE_OUTER_BOUND('',#427,.T.);
#269=FACE_OUTER_BOUND('',#428,.T.);
#270=FACE_OUTER_BOUND('',#429,.T.);
#271=FACE_OUTER_BOUND('',#430,.T.);
#272=FACE_OUTER_BOUND('',#431,.T.);
#273=FACE_OUTER_BOUND('',#432,.T.);
#274=FACE_OUTER_BOUND('',#433,.T.);
#275=FACE_OUTER_BOUND('',#434,.T.);
#276=FACE_OUTER_BOUND('',#435,.T.);
#277=FACE_OUTER_BOUND('',#436,.T.);
#278=FACE_OUTER_BOUND('',#437,.T.);
#279=FACE_OUTER_BOUND('',#438,.T.);
#280=FACE_OUTER_BOUND('',#439,.T.);
#281=FACE_OUTER_BOUND('',#440,.T.);
#282=FACE_OUTER_BOUND('',#441,.T.);
#283=FACE_OUTER_BOUND('',#442,.T.);
#284=FACE_OUTER_BOUND('',#443,.T.);
#285=FACE_OUTER_BOUND('',#444,.T.);
#286=FACE_OUTER_BOUND('',#445,.T.);
#287=FACE_OUTER_BOUND('',#446,.T.);
#288=FACE_OUTER_BOUND('',#447,.T.);
#289=FACE_OUTER_BOUND('',#448,.T.);
#290=FACE_OUTER_BOUND('',#449,.T.);
#291=FACE_OUTER_BOUND('',#450,.T.);
#292=FACE_OUTER_BOUND('',#451,.T.);
#293=FACE_OUTER_BOUND('',#452,.T.);
#294=FACE_OUTER_BOUND('',#453,.T.);
#295=FACE_OUTER_BOUND('',#454,.T.);
#296=FACE_OUTER_BOUND('',#455,.T.);
#297=FACE_OUTER_BOUND('',#456,.T.);
#298=FACE_OUTER_BOUND('',#457,.T.);
#299=FACE_OUTER_BOUND('',#458,.T.);
#300=FACE_OUTER_BOUND('',#459,.T.);
#301=FACE_OUTER_BOUND('',#460,.T.);
#302=FACE_OUTER_BOUND('',#461,.T.);
#303=FACE_OUTER_BOUND('',#462,.T.);
#304=FACE_OUTER_BOUND('',#463,.T.);
#305=FACE_OUTER_BOUND('',#464,.T.);
#306=FACE_OUTER_BOUND('',#465,.T.);
#307=FACE_OUTER_BOUND('',#466,.T.);
#308=FACE_OUTER_BOUND('',#467,.T.);
#309=FACE_OUTER_BOUND('',#468,.T.);
#310=FACE_OUTER_BOUND('',#469,.T.);
#311=FACE_OUTER_BOUND('',#471,.T.);
#312=FACE_OUTER_BOUND('',#472,.T.);
#313=FACE_OUTER_BOUND('',#473,.T.);
#314=FACE_OUTER_BOUND('',#474,.T.);
#315=FACE_OUTER_BOUND('',#475,.T.);
#316=FACE_OUTER_BOUND('',#476,.T.);
#317=FACE_OUTER_BOUND('',#477,.T.);
#318=FACE_OUTER_BOUND('',#478,.T.);
#319=FACE_OUTER_BOUND('',#479,.T.);
#320=FACE_OUTER_BOUND('',#480,.T.);
#321=FACE_OUTER_BOUND('',#481,.T.);
#322=FACE_OUTER_BOUND('',#482,.T.);
#323=FACE_OUTER_BOUND('',#483,.T.);
#324=FACE_OUTER_BOUND('',#484,.T.);
#325=FACE_OUTER_BOUND('',#485,.T.);
#326=FACE_OUTER_BOUND('',#486,.T.);
#327=FACE_OUTER_BOUND('',#487,.T.);
#328=FACE_OUTER_BOUND('',#488,.T.);
#329=FACE_OUTER_BOUND('',#489,.T.);
#330=FACE_OUTER_BOUND('',#490,.T.);
#331=FACE_OUTER_BOUND('',#491,.T.);
#332=FACE_OUTER_BOUND('',#492,.T.);
#333=FACE_OUTER_BOUND('',#493,.T.);
#334=FACE_OUTER_BOUND('',#494,.T.);
#335=FACE_OUTER_BOUND('',#495,.T.);
#336=FACE_OUTER_BOUND('',#496,.T.);
#337=EDGE_LOOP('',(#1783,#1784,#1785,#1786));
#338=EDGE_LOOP('',(#1787));
#339=EDGE_LOOP('',(#1788,#1789,#1790,#1791));
#340=EDGE_LOOP('',(#1792,#1793,#1794,#1795,#1796));
#341=EDGE_LOOP('',(#1797,#1798,#1799,#1800));
#342=EDGE_LOOP('',(#1801,#1802,#1803,#1804,#1805,#1806,#1807));
#343=EDGE_LOOP('',(#1808,#1809,#1810,#1811,#1812));
#344=EDGE_LOOP('',(#1813,#1814,#1815,#1816,#1817));
#345=EDGE_LOOP('',(#1818,#1819,#1820,#1821));
#346=EDGE_LOOP('',(#1822,#1823,#1824,#1825,#1826,#1827,#1828,#1829,#1830,
#1831));
#347=EDGE_LOOP('',(#1832,#1833,#1834,#1835,#1836,#1837,#1838,#1839,#1840,
#1841));
#348=EDGE_LOOP('',(#1842,#1843,#1844,#1845,#1846,#1847,#1848,#1849,#1850,
#1851,#1852,#1853));
#349=EDGE_LOOP('',(#1854,#1855,#1856,#1857,#1858,#1859,#1860,#1861,#1862,
#1863,#1864,#1865));
#350=EDGE_LOOP('',(#1866,#1867,#1868,#1869,#1870,#1871,#1872,#1873,#1874,
#1875,#1876,#1877));
#351=EDGE_LOOP('',(#1878,#1879,#1880,#1881,#1882,#1883,#1884));
#352=EDGE_LOOP('',(#1885,#1886,#1887,#1888,#1889,#1890,#1891,#1892,#1893,
#1894,#1895));
#353=EDGE_LOOP('',(#1896,#1897,#1898,#1899));
#354=EDGE_LOOP('',(#1900,#1901,#1902,#1903,#1904,#1905,#1906));
#355=EDGE_LOOP('',(#1907,#1908,#1909,#1910,#1911,#1912,#1913,#1914,#1915,
#1916,#1917,#1918,#1919,#1920,#1921,#1922));
#356=EDGE_LOOP('',(#1923));
#357=EDGE_LOOP('',(#1924,#1925,#1926,#1927));
#358=EDGE_LOOP('',(#1928,#1929,#1930,#1931,#1932,#1933,#1934,#1935,#1936,
#1937));
#359=EDGE_LOOP('',(#1938,#1939,#1940,#1941,#1942,#1943,#1944,#1945,#1946,
#1947,#1948,#1949));
#360=EDGE_LOOP('',(#1950));
#361=EDGE_LOOP('',(#1951));
#362=EDGE_LOOP('',(#1952,#1953,#1954,#1955));
#363=EDGE_LOOP('',(#1956));
#364=EDGE_LOOP('',(#1957,#1958,#1959,#1960,#1961,#1962,#1963,#1964,#1965,
#1966,#1967,#1968));
#365=EDGE_LOOP('',(#1969));
#366=EDGE_LOOP('',(#1970,#1971,#1972,#1973));
#367=EDGE_LOOP('',(#1974,#1975,#1976,#1977));
#368=EDGE_LOOP('',(#1978,#1979,#1980,#1981));
#369=EDGE_LOOP('',(#1982,#1983,#1984,#1985));
#370=EDGE_LOOP('',(#1986,#1987,#1988,#1989));
#371=EDGE_LOOP('',(#1990,#1991,#1992,#1993,#1994,#1995,#1996,#1997));
#372=EDGE_LOOP('',(#1998,#1999,#2000,#2001,#2002,#2003));
#373=EDGE_LOOP('',(#2004,#2005,#2006,#2007));
#374=EDGE_LOOP('',(#2008,#2009,#2010,#2011));
#375=EDGE_LOOP('',(#2012,#2013,#2014,#2015,#2016,#2017,#2018,#2019));
#376=EDGE_LOOP('',(#2020,#2021,#2022,#2023));
#377=EDGE_LOOP('',(#2024,#2025,#2026,#2027));
#378=EDGE_LOOP('',(#2028,#2029,#2030,#2031,#2032,#2033));
#379=EDGE_LOOP('',(#2034,#2035,#2036,#2037,#2038,#2039,#2040,#2041,#2042,
#2043));
#380=EDGE_LOOP('',(#2044,#2045,#2046,#2047));
#381=EDGE_LOOP('',(#2048,#2049,#2050,#2051));
#382=EDGE_LOOP('',(#2052,#2053,#2054,#2055));
#383=EDGE_LOOP('',(#2056,#2057,#2058,#2059));
#384=EDGE_LOOP('',(#2060,#2061));
#385=EDGE_LOOP('',(#2062,#2063,#2064,#2065));
#386=EDGE_LOOP('',(#2066,#2067,#2068,#2069));
#387=EDGE_LOOP('',(#2070,#2071,#2072,#2073));
#388=EDGE_LOOP('',(#2074,#2075,#2076,#2077));
#389=EDGE_LOOP('',(#2078,#2079,#2080,#2081));
#390=EDGE_LOOP('',(#2082,#2083,#2084,#2085));
#391=EDGE_LOOP('',(#2086,#2087,#2088,#2089));
#392=EDGE_LOOP('',(#2090,#2091,#2092,#2093));
#393=EDGE_LOOP('',(#2094));
#394=EDGE_LOOP('',(#2095));
#395=EDGE_LOOP('',(#2096,#2097,#2098,#2099));
#396=EDGE_LOOP('',(#2100,#2101,#2102,#2103));
#397=EDGE_LOOP('',(#2104));
#398=EDGE_LOOP('',(#2105,#2106,#2107,#2108));
#399=EDGE_LOOP('',(#2109,#2110,#2111,#2112));
#400=EDGE_LOOP('',(#2113));
#401=EDGE_LOOP('',(#2114,#2115,#2116,#2117));
#402=EDGE_LOOP('',(#2118,#2119,#2120,#2121));
#403=EDGE_LOOP('',(#2122,#2123,#2124,#2125));
#404=EDGE_LOOP('',(#2126,#2127,#2128,#2129));
#405=EDGE_LOOP('',(#2130,#2131,#2132,#2133));
#406=EDGE_LOOP('',(#2134,#2135,#2136,#2137));
#407=EDGE_LOOP('',(#2138,#2139,#2140,#2141));
#408=EDGE_LOOP('',(#2142,#2143,#2144,#2145));
#409=EDGE_LOOP('',(#2146,#2147,#2148,#2149));
#410=EDGE_LOOP('',(#2150,#2151,#2152,#2153));
#411=EDGE_LOOP('',(#2154,#2155,#2156,#2157));
#412=EDGE_LOOP('',(#2158,#2159,#2160,#2161,#2162,#2163,#2164,#2165,#2166,
#2167));
#413=EDGE_LOOP('',(#2168,#2169,#2170,#2171));
#414=EDGE_LOOP('',(#2172,#2173,#2174,#2175));
#415=EDGE_LOOP('',(#2176,#2177,#2178,#2179));
#416=EDGE_LOOP('',(#2180,#2181,#2182,#2183));
#417=EDGE_LOOP('',(#2184,#2185,#2186,#2187));
#418=EDGE_LOOP('',(#2188,#2189,#2190,#2191));
#419=EDGE_LOOP('',(#2192,#2193,#2194,#2195));
#420=EDGE_LOOP('',(#2196,#2197,#2198,#2199));
#421=EDGE_LOOP('',(#2200,#2201,#2202,#2203));
#422=EDGE_LOOP('',(#2204,#2205,#2206,#2207));
#423=EDGE_LOOP('',(#2208,#2209,#2210,#2211));
#424=EDGE_LOOP('',(#2212,#2213,#2214,#2215));
#425=EDGE_LOOP('',(#2216,#2217,#2218,#2219,#2220,#2221,#2222,#2223,#2224,
#2225,#2226,#2227));
#426=EDGE_LOOP('',(#2228,#2229,#2230,#2231));
#427=EDGE_LOOP('',(#2232,#2233,#2234,#2235));
#428=EDGE_LOOP('',(#2236,#2237,#2238,#2239));
#429=EDGE_LOOP('',(#2240,#2241,#2242,#2243));
#430=EDGE_LOOP('',(#2244,#2245,#2246,#2247));
#431=EDGE_LOOP('',(#2248,#2249,#2250,#2251));
#432=EDGE_LOOP('',(#2252,#2253,#2254,#2255));
#433=EDGE_LOOP('',(#2256,#2257,#2258,#2259));
#434=EDGE_LOOP('',(#2260,#2261,#2262,#2263));
#435=EDGE_LOOP('',(#2264,#2265,#2266,#2267));
#436=EDGE_LOOP('',(#2268,#2269,#2270,#2271));
#437=EDGE_LOOP('',(#2272,#2273,#2274,#2275));
#438=EDGE_LOOP('',(#2276,#2277,#2278,#2279,#2280,#2281,#2282,#2283,#2284,
#2285,#2286,#2287));
#439=EDGE_LOOP('',(#2288,#2289,#2290,#2291));
#440=EDGE_LOOP('',(#2292,#2293,#2294,#2295));
#441=EDGE_LOOP('',(#2296,#2297,#2298,#2299));
#442=EDGE_LOOP('',(#2300,#2301,#2302,#2303));
#443=EDGE_LOOP('',(#2304,#2305,#2306,#2307));
#444=EDGE_LOOP('',(#2308,#2309,#2310,#2311));
#445=EDGE_LOOP('',(#2312,#2313,#2314,#2315));
#446=EDGE_LOOP('',(#2316,#2317,#2318,#2319));
#447=EDGE_LOOP('',(#2320,#2321,#2322,#2323));
#448=EDGE_LOOP('',(#2324,#2325,#2326,#2327));
#449=EDGE_LOOP('',(#2328,#2329,#2330,#2331));
#450=EDGE_LOOP('',(#2332,#2333,#2334,#2335));
#451=EDGE_LOOP('',(#2336,#2337,#2338,#2339,#2340,#2341,#2342,#2343,#2344,
#2345,#2346,#2347));
#452=EDGE_LOOP('',(#2348,#2349,#2350,#2351));
#453=EDGE_LOOP('',(#2352,#2353,#2354,#2355));
#454=EDGE_LOOP('',(#2356,#2357,#2358,#2359));
#455=EDGE_LOOP('',(#2360,#2361,#2362,#2363));
#456=EDGE_LOOP('',(#2364,#2365,#2366,#2367));
#457=EDGE_LOOP('',(#2368,#2369,#2370,#2371));
#458=EDGE_LOOP('',(#2372,#2373,#2374,#2375));
#459=EDGE_LOOP('',(#2376,#2377,#2378,#2379));
#460=EDGE_LOOP('',(#2380,#2381,#2382,#2383));
#461=EDGE_LOOP('',(#2384,#2385,#2386,#2387));
#462=EDGE_LOOP('',(#2388,#2389,#2390,#2391));
#463=EDGE_LOOP('',(#2392,#2393,#2394,#2395));
#464=EDGE_LOOP('',(#2396,#2397,#2398,#2399));
#465=EDGE_LOOP('',(#2400,#2401,#2402,#2403));
#466=EDGE_LOOP('',(#2404,#2405,#2406,#2407));
#467=EDGE_LOOP('',(#2408,#2409,#2410,#2411));
#468=EDGE_LOOP('',(#2412,#2413,#2414,#2415));
#469=EDGE_LOOP('',(#2416,#2417,#2418,#2419,#2420,#2421,#2422,#2423,#2424,
#2425,#2426));
#470=EDGE_LOOP('',(#2427,#2428,#2429));
#471=EDGE_LOOP('',(#2430,#2431,#2432,#2433));
#472=EDGE_LOOP('',(#2434,#2435,#2436));
#473=EDGE_LOOP('',(#2437,#2438,#2439,#2440));
#474=EDGE_LOOP('',(#2441,#2442,#2443,#2444));
#475=EDGE_LOOP('',(#2445,#2446,#2447,#2448));
#476=EDGE_LOOP('',(#2449,#2450,#2451,#2452));
#477=EDGE_LOOP('',(#2453,#2454,#2455,#2456));
#478=EDGE_LOOP('',(#2457,#2458,#2459,#2460));
#479=EDGE_LOOP('',(#2461,#2462,#2463,#2464));
#480=EDGE_LOOP('',(#2465,#2466,#2467,#2468));
#481=EDGE_LOOP('',(#2469,#2470,#2471,#2472));
#482=EDGE_LOOP('',(#2473,#2474,#2475,#2476));
#483=EDGE_LOOP('',(#2477,#2478,#2479,#2480));
#484=EDGE_LOOP('',(#2481,#2482,#2483,#2484));
#485=EDGE_LOOP('',(#2485,#2486,#2487,#2488));
#486=EDGE_LOOP('',(#2489,#2490,#2491,#2492));
#487=EDGE_LOOP('',(#2493,#2494,#2495,#2496,#2497,#2498,#2499));
#488=EDGE_LOOP('',(#2500,#2501,#2502,#2503));
#489=EDGE_LOOP('',(#2504,#2505,#2506,#2507));
#490=EDGE_LOOP('',(#2508,#2509,#2510,#2511));
#491=EDGE_LOOP('',(#2512,#2513,#2514,#2515));
#492=EDGE_LOOP('',(#2516,#2517,#2518,#2519,#2520));
#493=EDGE_LOOP('',(#2521,#2522,#2523,#2524));
#494=EDGE_LOOP('',(#2525,#2526,#2527,#2528));
#495=EDGE_LOOP('',(#2529,#2530,#2531,#2532));
#496=EDGE_LOOP('',(#2533,#2534,#2535,#2536));
#497=LINE('',#3548,#811);
#498=LINE('',#3611,#812);
#499=LINE('',#3632,#813);
#500=LINE('',#3651,#814);
#501=LINE('',#3653,#815);
#502=LINE('',#3654,#816);
#503=LINE('',#3657,#817);
#504=LINE('',#3658,#818);
#505=LINE('',#3714,#819);
#506=LINE('',#3716,#820);
#507=LINE('',#3718,#821);
#508=LINE('',#3739,#822);
#509=LINE('',#3741,#823);
#510=LINE('',#3759,#824);
#511=LINE('',#3761,#825);
#512=LINE('',#3763,#826);
#513=LINE('',#3842,#827);
#514=LINE('',#3843,#828);
#515=LINE('',#3847,#829);
#516=LINE('',#3849,#830);
#517=LINE('',#3851,#831);
#518=LINE('',#3853,#832);
#519=LINE('',#3855,#833);
#520=LINE('',#3857,#834);
#521=LINE('',#3859,#835);
#522=LINE('',#3861,#836);
#523=LINE('',#3863,#837);
#524=LINE('',#3864,#838);
#525=LINE('',#3867,#839);
#526=LINE('',#3869,#840);
#527=LINE('',#3871,#841);
#528=LINE('',#3873,#842);
#529=LINE('',#3875,#843);
#530=LINE('',#3877,#844);
#531=LINE('',#3879,#845);
#532=LINE('',#3881,#846);
#533=LINE('',#3883,#847);
#534=LINE('',#3884,#848);
#535=LINE('',#3887,#849);
#536=LINE('',#3889,#850);
#537=LINE('',#3891,#851);
#538=LINE('',#3893,#852);
#539=LINE('',#3895,#853);
#540=LINE('',#3897,#854);
#541=LINE('',#3899,#855);
#542=LINE('',#3901,#856);
#543=LINE('',#3903,#857);
#544=LINE('',#3905,#858);
#545=LINE('',#3907,#859);
#546=LINE('',#3908,#860);
#547=LINE('',#3911,#861);
#548=LINE('',#3913,#862);
#549=LINE('',#3915,#863);
#550=LINE('',#3917,#864);
#551=LINE('',#3919,#865);
#552=LINE('',#3921,#866);
#553=LINE('',#3923,#867);
#554=LINE('',#3925,#868);
#555=LINE('',#3927,#869);
#556=LINE('',#3929,#870);
#557=LINE('',#3931,#871);
#558=LINE('',#3932,#872);
#559=LINE('',#3935,#873);
#560=LINE('',#3937,#874);
#561=LINE('',#3939,#875);
#562=LINE('',#3941,#876);
#563=LINE('',#3943,#877);
#564=LINE('',#3945,#878);
#565=LINE('',#3947,#879);
#566=LINE('',#3949,#880);
#567=LINE('',#3951,#881);
#568=LINE('',#3953,#882);
#569=LINE('',#3955,#883);
#570=LINE('',#3956,#884);
#571=LINE('',#3978,#885);
#572=LINE('',#3980,#886);
#573=LINE('',#3982,#887);
#574=LINE('',#4020,#888);
#575=LINE('',#4022,#889);
#576=LINE('',#4024,#890);
#577=LINE('',#4026,#891);
#578=LINE('',#4028,#892);
#579=LINE('',#4030,#893);
#580=LINE('',#4032,#894);
#581=LINE('',#4034,#895);
#582=LINE('',#4036,#896);
#583=LINE('',#4038,#897);
#584=LINE('',#4039,#898);
#585=LINE('',#4042,#899);
#586=LINE('',#4044,#900);
#587=LINE('',#4046,#901);
#588=LINE('',#4047,#902);
#589=LINE('',#4098,#903);
#590=LINE('',#4148,#904);
#591=LINE('',#4194,#905);
#592=LINE('',#4246,#906);
#593=LINE('',#4248,#907);
#594=LINE('',#4252,#908);
#595=LINE('',#4254,#909);
#596=LINE('',#4256,#910);
#597=LINE('',#4260,#911);
#598=LINE('',#4262,#912);
#599=LINE('',#4264,#913);
#600=LINE('',#4268,#914);
#601=LINE('',#4270,#915);
#602=LINE('',#4271,#916);
#603=LINE('',#4279,#917);
#604=LINE('',#4281,#918);
#605=LINE('',#4283,#919);
#606=LINE('',#4285,#920);
#607=LINE('',#4289,#921);
#608=LINE('',#4291,#922);
#609=LINE('',#4292,#923);
#610=LINE('',#4296,#924);
#611=LINE('',#4300,#925);
#612=LINE('',#4302,#926);
#613=LINE('',#4305,#927);
#614=LINE('',#4309,#928);
#615=LINE('',#4311,#929);
#616=LINE('',#4320,#930);
#617=LINE('',#4321,#931);
#618=LINE('',#4322,#932);
#619=LINE('',#4328,#933);
#620=LINE('',#4333,#934);
#621=LINE('',#4335,#935);
#622=LINE('',#4339,#936);
#623=LINE('',#4340,#937);
#624=LINE('',#4343,#938);
#625=LINE('',#4347,#939);
#626=LINE('',#4348,#940);
#627=LINE('',#4350,#941);
#628=LINE('',#4355,#942);
#629=LINE('',#4359,#943);
#630=LINE('',#4363,#944);
#631=LINE('',#4367,#945);
#632=LINE('',#4373,#946);
#633=LINE('',#4375,#947);
#634=LINE('',#4376,#948);
#635=LINE('',#4381,#949);
#636=LINE('',#4383,#950);
#637=LINE('',#4385,#951);
#638=LINE('',#4386,#952);
#639=LINE('',#4389,#953);
#640=LINE('',#4397,#954);
#641=LINE('',#4398,#955);
#642=LINE('',#4400,#956);
#643=LINE('',#4401,#957);
#644=LINE('',#4402,#958);
#645=LINE('',#4404,#959);
#646=LINE('',#4406,#960);
#647=LINE('',#4408,#961);
#648=LINE('',#4417,#962);
#649=LINE('',#4419,#963);
#650=LINE('',#4425,#964);
#651=LINE('',#4430,#965);
#652=LINE('',#4433,#966);
#653=LINE('',#4438,#967);
#654=LINE('',#4442,#968);
#655=LINE('',#4448,#969);
#656=LINE('',#4450,#970);
#657=LINE('',#4451,#971);
#658=LINE('',#4454,#972);
#659=LINE('',#4455,#973);
#660=LINE('',#4458,#974);
#661=LINE('',#4459,#975);
#662=LINE('',#4462,#976);
#663=LINE('',#4463,#977);
#664=LINE('',#4466,#978);
#665=LINE('',#4467,#979);
#666=LINE('',#4470,#980);
#667=LINE('',#4471,#981);
#668=LINE('',#4474,#982);
#669=LINE('',#4475,#983);
#670=LINE('',#4478,#984);
#671=LINE('',#4479,#985);
#672=LINE('',#4482,#986);
#673=LINE('',#4483,#987);
#674=LINE('',#4485,#988);
#675=LINE('',#4489,#989);
#676=LINE('',#4491,#990);
#677=LINE('',#4492,#991);
#678=LINE('',#4495,#992);
#679=LINE('',#4496,#993);
#680=LINE('',#4499,#994);
#681=LINE('',#4500,#995);
#682=LINE('',#4503,#996);
#683=LINE('',#4504,#997);
#684=LINE('',#4507,#998);
#685=LINE('',#4508,#999);
#686=LINE('',#4511,#1000);
#687=LINE('',#4512,#1001);
#688=LINE('',#4515,#1002);
#689=LINE('',#4516,#1003);
#690=LINE('',#4519,#1004);
#691=LINE('',#4520,#1005);
#692=LINE('',#4523,#1006);
#693=LINE('',#4524,#1007);
#694=LINE('',#4527,#1008);
#695=LINE('',#4528,#1009);
#696=LINE('',#4531,#1010);
#697=LINE('',#4532,#1011);
#698=LINE('',#4534,#1012);
#699=LINE('',#4538,#1013);
#700=LINE('',#4540,#1014);
#701=LINE('',#4541,#1015);
#702=LINE('',#4544,#1016);
#703=LINE('',#4545,#1017);
#704=LINE('',#4548,#1018);
#705=LINE('',#4549,#1019);
#706=LINE('',#4552,#1020);
#707=LINE('',#4553,#1021);
#708=LINE('',#4556,#1022);
#709=LINE('',#4557,#1023);
#710=LINE('',#4560,#1024);
#711=LINE('',#4561,#1025);
#712=LINE('',#4564,#1026);
#713=LINE('',#4565,#1027);
#714=LINE('',#4568,#1028);
#715=LINE('',#4569,#1029);
#716=LINE('',#4572,#1030);
#717=LINE('',#4573,#1031);
#718=LINE('',#4576,#1032);
#719=LINE('',#4577,#1033);
#720=LINE('',#4580,#1034);
#721=LINE('',#4581,#1035);
#722=LINE('',#4583,#1036);
#723=LINE('',#4587,#1037);
#724=LINE('',#4589,#1038);
#725=LINE('',#4590,#1039);
#726=LINE('',#4593,#1040);
#727=LINE('',#4594,#1041);
#728=LINE('',#4597,#1042);
#729=LINE('',#4598,#1043);
#730=LINE('',#4601,#1044);
#731=LINE('',#4602,#1045);
#732=LINE('',#4605,#1046);
#733=LINE('',#4606,#1047);
#734=LINE('',#4609,#1048);
#735=LINE('',#4610,#1049);
#736=LINE('',#4613,#1050);
#737=LINE('',#4614,#1051);
#738=LINE('',#4617,#1052);
#739=LINE('',#4618,#1053);
#740=LINE('',#4621,#1054);
#741=LINE('',#4622,#1055);
#742=LINE('',#4625,#1056);
#743=LINE('',#4626,#1057);
#744=LINE('',#4629,#1058);
#745=LINE('',#4630,#1059);
#746=LINE('',#4632,#1060);
#747=LINE('',#4664,#1061);
#748=LINE('',#4703,#1062);
#749=LINE('',#4705,#1063);
#750=LINE('',#4707,#1064);
#751=LINE('',#4709,#1065);
#752=LINE('',#4750,#1066);
#753=LINE('',#4752,#1067);
#754=LINE('',#4753,#1068);
#755=LINE('',#4756,#1069);
#756=LINE('',#4757,#1070);
#757=LINE('',#4760,#1071);
#758=LINE('',#4761,#1072);
#759=LINE('',#4764,#1073);
#760=LINE('',#4765,#1074);
#761=LINE('',#4768,#1075);
#762=LINE('',#4769,#1076);
#763=LINE('',#4772,#1077);
#764=LINE('',#4773,#1078);
#765=LINE('',#4776,#1079);
#766=LINE('',#4777,#1080);
#767=LINE('',#4780,#1081);
#768=LINE('',#4781,#1082);
#769=LINE('',#4784,#1083);
#770=LINE('',#4785,#1084);
#771=LINE('',#4788,#1085);
#772=LINE('',#4789,#1086);
#773=LINE('',#4791,#1087);
#774=LINE('',#4795,#1088);
#775=LINE('',#4797,#1089);
#776=LINE('',#4798,#1090);
#777=LINE('',#4802,#1091);
#778=LINE('',#4803,#1092);
#779=LINE('',#4804,#1093);
#780=LINE('',#4807,#1094);
#781=LINE('',#4808,#1095);
#782=LINE('',#4810,#1096);
#783=LINE('',#4814,#1097);
#784=LINE('',#4816,#1098);
#785=LINE('',#4817,#1099);
#786=LINE('',#4820,#1100);
#787=LINE('',#4821,#1101);
#788=LINE('',#4824,#1102);
#789=LINE('',#4825,#1103);
#790=LINE('',#4827,#1104);
#791=LINE('',#4924,#1105);
#792=LINE('',#4973,#1106);
#793=LINE('',#4976,#1107);
#794=LINE('',#4977,#1108);
#795=LINE('',#5120,#1109);
#796=LINE('',#5123,#1110);
#797=LINE('',#5124,#1111);
#798=LINE('',#5255,#1112);
#799=LINE('',#5258,#1113);
#800=LINE('',#5259,#1114);
#801=LINE('',#5432,#1115);
#802=LINE('',#5434,#1116);
#803=LINE('',#5439,#1117);
#804=LINE('',#5440,#1118);
#805=LINE('',#5441,#1119);
#806=LINE('',#5476,#1120);
#807=LINE('',#5477,#1121);
#808=LINE('',#5508,#1122);
#809=LINE('',#5539,#1123);
#810=LINE('',#5541,#1124);
#811=VECTOR('',#2893,0.25);
#812=VECTOR('',#2898,0.009999999999777);
#813=VECTOR('',#2899,0.009999999999912);
#814=VECTOR('',#2902,0.1976608187134);
#815=VECTOR('',#2903,0.4637426900585);
#816=VECTOR('',#2904,0.1748538011696);
#817=VECTOR('',#2907,0.009999999999751);
#818=VECTOR('',#2908,0.1748538011696);
#819=VECTOR('',#2911,0.3953216374269);
#820=VECTOR('',#2912,1.3);
#821=VECTOR('',#2913,0.3801169590643);
#822=VECTOR('',#2914,0.4637426900585);
#823=VECTOR('',#2915,0.1976608187134);
#824=VECTOR('',#2916,0.2204678362573);
#825=VECTOR('',#2917,0.4029239766082);
#826=VECTOR('',#2918,0.2280701754386);
#827=VECTOR('',#2919,0.01000000000001);
#828=VECTOR('',#2920,0.009999999999938);
#829=VECTOR('',#2923,0.05);
#830=VECTOR('',#2924,0.282842712474601);
#831=VECTOR('',#2925,6.525);
#832=VECTOR('',#2926,26.9);
#833=VECTOR('',#2927,6.2);
#834=VECTOR('',#2928,18.25);
#835=VECTOR('',#2929,10.);
#836=VECTOR('',#2930,7.34779833494729);
#837=VECTOR('',#2931,1.525);
#838=VECTOR('',#2932,0.282842712474601);
#839=VECTOR('',#2933,0.1444444444444);
#840=VECTOR('',#2934,0.6233918128655);
#841=VECTOR('',#2935,0.425730994152);
#842=VECTOR('',#2936,0.4713450292398);
#843=VECTOR('',#2937,0.1444444444444);
#844=VECTOR('',#2938,0.4713450292398);
#845=VECTOR('',#2939,0.5853801169591);
#846=VECTOR('',#2940,0.1748538011696);
#847=VECTOR('',#2941,1.3);
#848=VECTOR('',#2942,0.7982456140351);
#849=VECTOR('',#2943,1.3);
#850=VECTOR('',#2944,0.1748538011696);
#851=VECTOR('',#2945,0.6081871345029);
#852=VECTOR('',#2946,0.4333333333333);
#853=VECTOR('',#2947,0.6081871345029);
#854=VECTOR('',#2948,0.1748538011696);
#855=VECTOR('',#2949,1.3);
#856=VECTOR('',#2950,0.1748538011696);
#857=VECTOR('',#2951,0.5473684210526);
#858=VECTOR('',#2952,0.4333333333333);
#859=VECTOR('',#2953,0.5473684210526);
#860=VECTOR('',#2954,0.1748538011696);
#861=VECTOR('',#2955,1.3);
#862=VECTOR('',#2956,0.1900584795322);
#863=VECTOR('',#2957,1.03125948163601);
#864=VECTOR('',#2958,0.007602339181286);
#865=VECTOR('',#2959,0.9426900584795);
#866=VECTOR('',#2960,0.1748538011696);
#867=VECTOR('',#2961,1.3);
#868=VECTOR('',#2962,0.1900584795322);
#869=VECTOR('',#2963,1.03125948163601);
#870=VECTOR('',#2964,0.007602339181286);
#871=VECTOR('',#2965,0.9426900584795);
#872=VECTOR('',#2966,0.1748538011696);
#873=VECTOR('',#2967,1.3);
#874=VECTOR('',#2968,0.1900584795322);
#875=VECTOR('',#2969,1.03125948163601);
#876=VECTOR('',#2970,0.007602339181288);
#877=VECTOR('',#2971,0.9426900584795);
#878=VECTOR('',#2972,0.1748538011696);
#879=VECTOR('',#2973,1.3);
#880=VECTOR('',#2974,0.1900584795322);
#881=VECTOR('',#2975,1.03125948163601);
#882=VECTOR('',#2976,0.007602339181288);
#883=VECTOR('',#2977,0.9426900584795);
#884=VECTOR('',#2978,0.1748538011696);
#885=VECTOR('',#2979,0.3801169590643);
#886=VECTOR('',#2980,1.3);
#887=VECTOR('',#2981,0.3953216374269);
#888=VECTOR('',#2982,0.2888888888889);
#889=VECTOR('',#2983,0.5853801169591);
#890=VECTOR('',#2984,0.1292397660819);
#891=VECTOR('',#2985,1.08183183111001);
#892=VECTOR('',#2986,0.1140350877193);
#893=VECTOR('',#2987,0.8894736842105);
#894=VECTOR('',#2988,0.1824561403509);
#895=VECTOR('',#2989,0.1292397660819);
#896=VECTOR('',#2990,0.1824561403509);
#897=VECTOR('',#2991,0.2888888888889);
#898=VECTOR('',#2992,0.1444444444444);
#899=VECTOR('',#2993,0.1216374269006);
#900=VECTOR('',#2994,0.8666666666667);
#901=VECTOR('',#2995,0.1216374269006);
#902=VECTOR('',#2996,0.8666666666667);
#903=VECTOR('',#2997,0.138729671743595);
#904=VECTOR('',#2998,0.09883040935672);
#905=VECTOR('',#2999,0.138729671743595);
#906=VECTOR('',#3004,5.500625391114);
#907=VECTOR('',#3005,5.500625391114);
#908=VECTOR('',#3008,5.250625391114);
#909=VECTOR('',#3009,0.04999999999999);
#910=VECTOR('',#3010,5.250625391114);
#911=VECTOR('',#3013,5.500625391114);
#912=VECTOR('',#3014,0.04999999999999);
#913=VECTOR('',#3015,5.500625391114);
#914=VECTOR('',#3018,5.744884015089);
#915=VECTOR('',#3019,0.05);
#916=VECTOR('',#3020,5.744884015089);
#917=VECTOR('',#3031,5.553485722513);
#918=VECTOR('',#3032,5.797744346488);
#919=VECTOR('',#3033,0.45);
#920=VECTOR('',#3034,5.797744346488);
#921=VECTOR('',#3037,5.553485722513);
#922=VECTOR('',#3038,6.525);
#923=VECTOR('',#3039,12.);
#924=VECTOR('',#3042,5.907200462478);
#925=VECTOR('',#3045,3.98191819633593);
#926=VECTOR('',#3046,1.6);
#927=VECTOR('',#3049,26.9);
#928=VECTOR('',#3052,1.6);
#929=VECTOR('',#3053,3.98191819633593);
#930=VECTOR('',#3062,5.907200462478);
#931=VECTOR('',#3063,6.2);
#932=VECTOR('',#3064,6.2);
#933=VECTOR('',#3069,3.98191819633593);
#934=VECTOR('',#3074,3.98191819633593);
#935=VECTOR('',#3075,1.6);
#936=VECTOR('',#3078,18.25);
#937=VECTOR('',#3079,12.);
#938=VECTOR('',#3082,1.6);
#939=VECTOR('',#3087,6.2);
#940=VECTOR('',#3088,6.2);
#941=VECTOR('',#3091,6.2);
#942=VECTOR('',#3098,2.64305508077997);
#943=VECTOR('',#3103,7.347794117647);
#944=VECTOR('',#3106,3.);
#945=VECTOR('',#3109,3.);
#946=VECTOR('',#3116,5.553485722513);
#947=VECTOR('',#3117,2.224489742783);
#948=VECTOR('',#3118,5.303485722513);
#949=VECTOR('',#3127,0.282842712474601);
#950=VECTOR('',#3130,4.898979485566);
#951=VECTOR('',#3131,2.224489742783);
#952=VECTOR('',#3132,0.282842712474601);
#953=VECTOR('',#3135,5.303485722513);
#954=VECTOR('',#3146,1.525);
#955=VECTOR('',#3147,5.553485722513);
#956=VECTOR('',#3150,0.282842712474601);
#957=VECTOR('',#3151,0.282842712474601);
#958=VECTOR('',#3152,6.2);
#959=VECTOR('',#3155,6.2);
#960=VECTOR('',#3158,6.2);
#961=VECTOR('',#3161,6.2);
#962=VECTOR('',#3178,0.282842712474601);
#963=VECTOR('',#3181,0.282842712474581);
#964=VECTOR('',#3190,3.);
#965=VECTOR('',#3197,1.55);
#966=VECTOR('',#3200,1.5);
#967=VECTOR('',#3207,1.15);
#968=VECTOR('',#3212,1.05);
#969=VECTOR('',#3221,0.01);
#970=VECTOR('',#3222,0.1444444444444);
#971=VECTOR('',#3223,0.01);
#972=VECTOR('',#3226,0.6233918128655);
#973=VECTOR('',#3227,0.01);
#974=VECTOR('',#3230,0.425730994152);
#975=VECTOR('',#3231,0.01);
#976=VECTOR('',#3234,0.4713450292398);
#977=VECTOR('',#3235,0.01);
#978=VECTOR('',#3238,0.1444444444444);
#979=VECTOR('',#3239,0.01);
#980=VECTOR('',#3242,0.4713450292398);
#981=VECTOR('',#3243,0.01);
#982=VECTOR('',#3246,0.5853801169591);
#983=VECTOR('',#3247,0.01);
#984=VECTOR('',#3250,0.1748538011696);
#985=VECTOR('',#3251,0.01);
#986=VECTOR('',#3254,1.3);
#987=VECTOR('',#3255,0.01);
#988=VECTOR('',#3258,0.7982456140351);
#989=VECTOR('',#3263,0.01);
#990=VECTOR('',#3264,1.3);
#991=VECTOR('',#3265,0.01);
#992=VECTOR('',#3268,0.1748538011696);
#993=VECTOR('',#3269,0.01);
#994=VECTOR('',#3272,0.6081871345029);
#995=VECTOR('',#3273,0.01);
#996=VECTOR('',#3276,0.4333333333333);
#997=VECTOR('',#3277,0.01);
#998=VECTOR('',#3280,0.6081871345029);
#999=VECTOR('',#3281,0.01);
#1000=VECTOR('',#3284,0.1748538011696);
#1001=VECTOR('',#3285,0.01);
#1002=VECTOR('',#3288,1.3);
#1003=VECTOR('',#3289,0.01);
#1004=VECTOR('',#3292,0.1748538011696);
#1005=VECTOR('',#3293,0.01);
#1006=VECTOR('',#3296,0.5473684210526);
#1007=VECTOR('',#3297,0.01);
#1008=VECTOR('',#3300,0.4333333333333);
#1009=VECTOR('',#3301,0.01);
#1010=VECTOR('',#3304,0.5473684210526);
#1011=VECTOR('',#3305,0.01);
#1012=VECTOR('',#3308,0.1748538011696);
#1013=VECTOR('',#3313,0.01);
#1014=VECTOR('',#3314,1.3);
#1015=VECTOR('',#3315,0.01);
#1016=VECTOR('',#3318,0.1900584795322);
#1017=VECTOR('',#3319,0.01);
#1018=VECTOR('',#3322,1.03125948163601);
#1019=VECTOR('',#3323,0.01);
#1020=VECTOR('',#3326,0.007602339181286);
#1021=VECTOR('',#3327,0.01);
#1022=VECTOR('',#3330,0.9426900584795);
#1023=VECTOR('',#3331,0.01);
#1024=VECTOR('',#3334,0.1748538011696);
#1025=VECTOR('',#3335,0.01);
#1026=VECTOR('',#3338,1.3);
#1027=VECTOR('',#3339,0.01);
#1028=VECTOR('',#3342,0.1900584795322);
#1029=VECTOR('',#3343,0.01);
#1030=VECTOR('',#3346,1.03125948163601);
#1031=VECTOR('',#3347,0.01);
#1032=VECTOR('',#3350,0.007602339181286);
#1033=VECTOR('',#3351,0.01);
#1034=VECTOR('',#3354,0.9426900584795);
#1035=VECTOR('',#3355,0.01);
#1036=VECTOR('',#3358,0.1748538011696);
#1037=VECTOR('',#3363,0.01);
#1038=VECTOR('',#3364,1.3);
#1039=VECTOR('',#3365,0.01);
#1040=VECTOR('',#3368,0.1900584795322);
#1041=VECTOR('',#3369,0.01);
#1042=VECTOR('',#3372,1.03125948163601);
#1043=VECTOR('',#3373,0.01);
#1044=VECTOR('',#3376,0.007602339181288);
#1045=VECTOR('',#3377,0.01);
#1046=VECTOR('',#3380,0.9426900584795);
#1047=VECTOR('',#3381,0.01);
#1048=VECTOR('',#3384,0.1748538011696);
#1049=VECTOR('',#3385,0.01);
#1050=VECTOR('',#3388,1.3);
#1051=VECTOR('',#3389,0.01);
#1052=VECTOR('',#3392,0.1900584795322);
#1053=VECTOR('',#3393,0.01);
#1054=VECTOR('',#3396,1.03125948163601);
#1055=VECTOR('',#3397,0.01);
#1056=VECTOR('',#3400,0.007602339181288);
#1057=VECTOR('',#3401,0.01);
#1058=VECTOR('',#3404,0.9426900584795);
#1059=VECTOR('',#3405,0.01);
#1060=VECTOR('',#3408,0.1748538011696);
#1061=VECTOR('',#3411,0.01000000000015);
#1062=VECTOR('',#3412,0.01000000000023);
#1063=VECTOR('',#3415,0.01000000000017);
#1064=VECTOR('',#3418,0.009999999999669);
#1065=VECTOR('',#3421,0.009999999999726);
#1066=VECTOR('',#3424,0.01);
#1067=VECTOR('',#3425,0.2888888888889);
#1068=VECTOR('',#3426,0.01);
#1069=VECTOR('',#3429,0.5853801169591);
#1070=VECTOR('',#3430,0.01);
#1071=VECTOR('',#3433,0.1292397660819);
#1072=VECTOR('',#3434,0.01);
#1073=VECTOR('',#3437,1.08183183111001);
#1074=VECTOR('',#3438,0.01);
#1075=VECTOR('',#3441,0.1140350877193);
#1076=VECTOR('',#3442,0.01);
#1077=VECTOR('',#3445,0.8894736842105);
#1078=VECTOR('',#3446,0.01);
#1079=VECTOR('',#3449,0.1824561403509);
#1080=VECTOR('',#3450,0.01);
#1081=VECTOR('',#3453,0.1292397660819);
#1082=VECTOR('',#3454,0.01);
#1083=VECTOR('',#3457,0.1824561403509);
#1084=VECTOR('',#3458,0.01);
#1085=VECTOR('',#3461,0.2888888888889);
#1086=VECTOR('',#3462,0.01);
#1087=VECTOR('',#3465,0.1444444444444);
#1088=VECTOR('',#3468,0.736171838467921);
#1089=VECTOR('',#3469,0.6005847953216);
#1090=VECTOR('',#3470,0.425730994152);
#1091=VECTOR('',#3473,0.736171838467921);
#1092=VECTOR('',#3474,0.01);
#1093=VECTOR('',#3475,0.01);
#1094=VECTOR('',#3478,0.425730994152);
#1095=VECTOR('',#3479,0.6005847953216);
#1096=VECTOR('',#3482,0.01);
#1097=VECTOR('',#3487,0.01);
#1098=VECTOR('',#3488,0.1216374269006);
#1099=VECTOR('',#3489,0.01);
#1100=VECTOR('',#3492,0.8666666666667);
#1101=VECTOR('',#3493,0.01);
#1102=VECTOR('',#3496,0.1216374269006);
#1103=VECTOR('',#3497,0.01);
#1104=VECTOR('',#3500,0.8666666666667);
#1105=VECTOR('',#3503,0.009999999999983);
#1106=VECTOR('',#3504,0.01);
#1107=VECTOR('',#3507,0.138729671743595);
#1108=VECTOR('',#3508,0.009999999999997);
#1109=VECTOR('',#3509,0.009999999999987);
#1110=VECTOR('',#3512,0.09883040935672);
#1111=VECTOR('',#3513,0.009999999999986);
#1112=VECTOR('',#3514,0.009999999999982);
#1113=VECTOR('',#3517,0.138729671743595);
#1114=VECTOR('',#3518,0.009999999999983);
#1115=VECTOR('',#3521,0.009999999999957);
#1116=VECTOR('',#3524,0.009999999999929);
#1117=VECTOR('',#3529,0.2204678362573);
#1118=VECTOR('',#3530,0.009999999999983);
#1119=VECTOR('',#3531,0.01000000000002);
#1120=VECTOR('',#3534,0.2280701754386);
#1121=VECTOR('',#3535,0.4029239766082);
#1122=VECTOR('',#3536,0.01000000000013);
#1123=VECTOR('',#3537,0.01000000000017);
#1124=VECTOR('',#3540,0.01000000000014);
#1125=CIRCLE('',#2718,0.25);
#1126=CIRCLE('',#2719,0.25);
#1127=CIRCLE('',#2726,0.5);
#1128=CIRCLE('',#2727,0.5);
#1129=CIRCLE('',#2728,0.5);
#1130=CIRCLE('',#2729,0.5);
#1131=CIRCLE('',#2731,0.5);
#1132=CIRCLE('',#2735,0.5);
#1133=CIRCLE('',#2737,0.5);
#1134=CIRCLE('',#2738,0.5);
#1135=CIRCLE('',#2739,0.5);
#1136=CIRCLE('',#2740,0.5);
#1137=CIRCLE('',#2741,1.15);
#1138=CIRCLE('',#2742,1.55);
#1139=CIRCLE('',#2744,1.5);
#1140=CIRCLE('',#2746,0.5);
#1141=CIRCLE('',#2747,0.5);
#1142=CIRCLE('',#2748,0.5);
#1143=CIRCLE('',#2749,0.5);
#1144=CIRCLE('',#2750,3.);
#1145=CIRCLE('',#2758,6.25);
#1146=CIRCLE('',#2759,6.25);
#1147=CIRCLE('',#2760,6.25);
#1148=CIRCLE('',#2762,0.5);
#1149=CIRCLE('',#2771,0.5);
#1150=CIRCLE('',#2790,3.);
#1151=CIRCLE('',#2792,1.55);
#1152=CIRCLE('',#2795,1.5);
#1153=CIRCLE('',#2798,1.15);
#1154=CIRCLE('',#2800,0.95);
#1155=VERTEX_POINT('',#3545);
#1156=VERTEX_POINT('',#3547);
#1157=VERTEX_POINT('',#3589);
#1158=VERTEX_POINT('',#3590);
#1159=VERTEX_POINT('',#3610);
#1160=VERTEX_POINT('',#3612);
#1161=VERTEX_POINT('',#3634);
#1162=VERTEX_POINT('',#3650);
#1163=VERTEX_POINT('',#3652);
#1164=VERTEX_POINT('',#3656);
#1165=VERTEX_POINT('',#3660);
#1166=VERTEX_POINT('',#3661);
#1167=VERTEX_POINT('',#3677);
#1168=VERTEX_POINT('',#3693);
#1169=VERTEX_POINT('',#3713);
#1170=VERTEX_POINT('',#3715);
#1171=VERTEX_POINT('',#3717);
#1172=VERTEX_POINT('',#3738);
#1173=VERTEX_POINT('',#3740);
#1174=VERTEX_POINT('',#3757);
#1175=VERTEX_POINT('',#3758);
#1176=VERTEX_POINT('',#3760);
#1177=VERTEX_POINT('',#3762);
#1178=VERTEX_POINT('',#3764);
#1179=VERTEX_POINT('',#3825);
#1180=VERTEX_POINT('',#3826);
#1181=VERTEX_POINT('',#3845);
#1182=VERTEX_POINT('',#3846);
#1183=VERTEX_POINT('',#3848);
#1184=VERTEX_POINT('',#3850);
#1185=VERTEX_POINT('',#3852);
#1186=VERTEX_POINT('',#3854);
#1187=VERTEX_POINT('',#3856);
#1188=VERTEX_POINT('',#3858);
#1189=VERTEX_POINT('',#3860);
#1190=VERTEX_POINT('',#3862);
#1191=VERTEX_POINT('',#3865);
#1192=VERTEX_POINT('',#3866);
#1193=VERTEX_POINT('',#3868);
#1194=VERTEX_POINT('',#3870);
#1195=VERTEX_POINT('',#3872);
#1196=VERTEX_POINT('',#3874);
#1197=VERTEX_POINT('',#3876);
#1198=VERTEX_POINT('',#3878);
#1199=VERTEX_POINT('',#3880);
#1200=VERTEX_POINT('',#3882);
#1201=VERTEX_POINT('',#3885);
#1202=VERTEX_POINT('',#3886);
#1203=VERTEX_POINT('',#3888);
#1204=VERTEX_POINT('',#3890);
#1205=VERTEX_POINT('',#3892);
#1206=VERTEX_POINT('',#3894);
#1207=VERTEX_POINT('',#3896);
#1208=VERTEX_POINT('',#3898);
#1209=VERTEX_POINT('',#3900);
#1210=VERTEX_POINT('',#3902);
#1211=VERTEX_POINT('',#3904);
#1212=VERTEX_POINT('',#3906);
#1213=VERTEX_POINT('',#3909);
#1214=VERTEX_POINT('',#3910);
#1215=VERTEX_POINT('',#3912);
#1216=VERTEX_POINT('',#3914);
#1217=VERTEX_POINT('',#3916);
#1218=VERTEX_POINT('',#3918);
#1219=VERTEX_POINT('',#3920);
#1220=VERTEX_POINT('',#3922);
#1221=VERTEX_POINT('',#3924);
#1222=VERTEX_POINT('',#3926);
#1223=VERTEX_POINT('',#3928);
#1224=VERTEX_POINT('',#3930);
#1225=VERTEX_POINT('',#3933);
#1226=VERTEX_POINT('',#3934);
#1227=VERTEX_POINT('',#3936);
#1228=VERTEX_POINT('',#3938);
#1229=VERTEX_POINT('',#3940);
#1230=VERTEX_POINT('',#3942);
#1231=VERTEX_POINT('',#3944);
#1232=VERTEX_POINT('',#3946);
#1233=VERTEX_POINT('',#3948);
#1234=VERTEX_POINT('',#3950);
#1235=VERTEX_POINT('',#3952);
#1236=VERTEX_POINT('',#3954);
#1237=VERTEX_POINT('',#3957);
#1238=VERTEX_POINT('',#3977);
#1239=VERTEX_POINT('',#3979);
#1240=VERTEX_POINT('',#3981);
#1241=VERTEX_POINT('',#3983);
#1242=VERTEX_POINT('',#4018);
#1243=VERTEX_POINT('',#4019);
#1244=VERTEX_POINT('',#4021);
#1245=VERTEX_POINT('',#4023);
#1246=VERTEX_POINT('',#4025);
#1247=VERTEX_POINT('',#4027);
#1248=VERTEX_POINT('',#4029);
#1249=VERTEX_POINT('',#4031);
#1250=VERTEX_POINT('',#4033);
#1251=VERTEX_POINT('',#4035);
#1252=VERTEX_POINT('',#4037);
#1253=VERTEX_POINT('',#4040);
#1254=VERTEX_POINT('',#4041);
#1255=VERTEX_POINT('',#4043);
#1256=VERTEX_POINT('',#4045);
#1257=VERTEX_POINT('',#4048);
#1258=VERTEX_POINT('',#4049);
#1259=VERTEX_POINT('',#4097);
#1260=VERTEX_POINT('',#4099);
#1261=VERTEX_POINT('',#4147);
#1262=VERTEX_POINT('',#4149);
#1263=VERTEX_POINT('',#4193);
#1264=VERTEX_POINT('',#4243);
#1265=VERTEX_POINT('',#4244);
#1266=VERTEX_POINT('',#4247);
#1267=VERTEX_POINT('',#4249);
#1268=VERTEX_POINT('',#4251);
#1269=VERTEX_POINT('',#4253);
#1270=VERTEX_POINT('',#4255);
#1271=VERTEX_POINT('',#4257);
#1272=VERTEX_POINT('',#4259);
#1273=VERTEX_POINT('',#4261);
#1274=VERTEX_POINT('',#4263);
#1275=VERTEX_POINT('',#4265);
#1276=VERTEX_POINT('',#4267);
#1277=VERTEX_POINT('',#4269);
#1278=VERTEX_POINT('',#4273);
#1279=VERTEX_POINT('',#4274);
#1280=VERTEX_POINT('',#4280);
#1281=VERTEX_POINT('',#4282);
#1282=VERTEX_POINT('',#4284);
#1283=VERTEX_POINT('',#4286);
#1284=VERTEX_POINT('',#4288);
#1285=VERTEX_POINT('',#4290);
#1286=VERTEX_POINT('',#4294);
#1287=VERTEX_POINT('',#4295);
#1288=VERTEX_POINT('',#4297);
#1289=VERTEX_POINT('',#4299);
#1290=VERTEX_POINT('',#4301);
#1291=VERTEX_POINT('',#4304);
#1292=VERTEX_POINT('',#4306);
#1293=VERTEX_POINT('',#4308);
#1294=VERTEX_POINT('',#4310);
#1295=VERTEX_POINT('',#4313);
#1296=VERTEX_POINT('',#4315);
#1297=VERTEX_POINT('',#4318);
#1298=VERTEX_POINT('',#4319);
#1299=VERTEX_POINT('',#4323);
#1300=VERTEX_POINT('',#4326);
#1301=VERTEX_POINT('',#4327);
#1302=VERTEX_POINT('',#4330);
#1303=VERTEX_POINT('',#4332);
#1304=VERTEX_POINT('',#4334);
#1305=VERTEX_POINT('',#4336);
#1306=VERTEX_POINT('',#4338);
#1307=VERTEX_POINT('',#4341);
#1308=VERTEX_POINT('',#4344);
#1309=VERTEX_POINT('',#4354);
#1310=VERTEX_POINT('',#4358);
#1311=VERTEX_POINT('',#4360);
#1312=VERTEX_POINT('',#4362);
#1313=VERTEX_POINT('',#4364);
#1314=VERTEX_POINT('',#4366);
#1315=VERTEX_POINT('',#4370);
#1316=VERTEX_POINT('',#4371);
#1317=VERTEX_POINT('',#4374);
#1318=VERTEX_POINT('',#4384);
#1319=VERTEX_POINT('',#4388);
#1320=VERTEX_POINT('',#4392);
#1321=VERTEX_POINT('',#4396);
#1322=VERTEX_POINT('',#4423);
#1323=VERTEX_POINT('',#4427);
#1324=VERTEX_POINT('',#4432);
#1325=VERTEX_POINT('',#4437);
#1326=VERTEX_POINT('',#4441);
#1327=VERTEX_POINT('',#4447);
#1328=VERTEX_POINT('',#4449);
#1329=VERTEX_POINT('',#4453);
#1330=VERTEX_POINT('',#4457);
#1331=VERTEX_POINT('',#4461);
#1332=VERTEX_POINT('',#4465);
#1333=VERTEX_POINT('',#4469);
#1334=VERTEX_POINT('',#4473);
#1335=VERTEX_POINT('',#4477);
#1336=VERTEX_POINT('',#4481);
#1337=VERTEX_POINT('',#4488);
#1338=VERTEX_POINT('',#4490);
#1339=VERTEX_POINT('',#4494);
#1340=VERTEX_POINT('',#4498);
#1341=VERTEX_POINT('',#4502);
#1342=VERTEX_POINT('',#4506);
#1343=VERTEX_POINT('',#4510);
#1344=VERTEX_POINT('',#4514);
#1345=VERTEX_POINT('',#4518);
#1346=VERTEX_POINT('',#4522);
#1347=VERTEX_POINT('',#4526);
#1348=VERTEX_POINT('',#4530);
#1349=VERTEX_POINT('',#4537);
#1350=VERTEX_POINT('',#4539);
#1351=VERTEX_POINT('',#4543);
#1352=VERTEX_POINT('',#4547);
#1353=VERTEX_POINT('',#4551);
#1354=VERTEX_POINT('',#4555);
#1355=VERTEX_POINT('',#4559);
#1356=VERTEX_POINT('',#4563);
#1357=VERTEX_POINT('',#4567);
#1358=VERTEX_POINT('',#4571);
#1359=VERTEX_POINT('',#4575);
#1360=VERTEX_POINT('',#4579);
#1361=VERTEX_POINT('',#4586);
#1362=VERTEX_POINT('',#4588);
#1363=VERTEX_POINT('',#4592);
#1364=VERTEX_POINT('',#4596);
#1365=VERTEX_POINT('',#4600);
#1366=VERTEX_POINT('',#4604);
#1367=VERTEX_POINT('',#4608);
#1368=VERTEX_POINT('',#4612);
#1369=VERTEX_POINT('',#4616);
#1370=VERTEX_POINT('',#4620);
#1371=VERTEX_POINT('',#4624);
#1372=VERTEX_POINT('',#4628);
#1373=VERTEX_POINT('',#4749);
#1374=VERTEX_POINT('',#4751);
#1375=VERTEX_POINT('',#4755);
#1376=VERTEX_POINT('',#4759);
#1377=VERTEX_POINT('',#4763);
#1378=VERTEX_POINT('',#4767);
#1379=VERTEX_POINT('',#4771);
#1380=VERTEX_POINT('',#4775);
#1381=VERTEX_POINT('',#4779);
#1382=VERTEX_POINT('',#4783);
#1383=VERTEX_POINT('',#4787);
#1384=VERTEX_POINT('',#4793);
#1385=VERTEX_POINT('',#4794);
#1386=VERTEX_POINT('',#4796);
#1387=VERTEX_POINT('',#4800);
#1388=VERTEX_POINT('',#4801);
#1389=VERTEX_POINT('',#4806);
#1390=VERTEX_POINT('',#4813);
#1391=VERTEX_POINT('',#4815);
#1392=VERTEX_POINT('',#4819);
#1393=VERTEX_POINT('',#4823);
#1394=VERTEX_POINT('',#4923);
#1395=VERTEX_POINT('',#4925);
#1396=VERTEX_POINT('',#4975);
#1397=VERTEX_POINT('',#5072);
#1398=VERTEX_POINT('',#5122);
#1399=VERTEX_POINT('',#5211);
#1400=VERTEX_POINT('',#5257);
#1401=VERTEX_POINT('',#5437);
#1402=VERTEX_POINT('',#5438);
#1403=VERTEX_POINT('',#5443);
#1404=VERTEX_POINT('',#5459);
#1405=VERTEX_POINT('',#5475);
#1406=EDGE_CURVE('',#1155,#1155,#1125,.T.);
#1407=EDGE_CURVE('',#1155,#1156,#497,.T.);
#1408=EDGE_CURVE('',#1156,#1156,#1126,.T.);
#1409=EDGE_CURVE('',#1157,#1158,#42,.T.);
#1410=EDGE_CURVE('',#1157,#1159,#498,.T.);
#1411=EDGE_CURVE('',#1160,#1159,#43,.T.);
#1412=EDGE_CURVE('',#1158,#1160,#499,.T.);
#1413=EDGE_CURVE('',#1158,#1161,#44,.T.);
#1414=EDGE_CURVE('',#1162,#1161,#500,.T.);
#1415=EDGE_CURVE('',#1163,#1162,#501,.T.);
#1416=EDGE_CURVE('',#1157,#1163,#502,.T.);
#1417=EDGE_CURVE('',#1163,#1164,#503,.T.);
#1418=EDGE_CURVE('',#1159,#1164,#504,.T.);
#1419=EDGE_CURVE('',#1165,#1166,#45,.T.);
#1420=EDGE_CURVE('',#1166,#1167,#46,.T.);
#1421=EDGE_CURVE('',#1167,#1168,#47,.T.);
#1422=EDGE_CURVE('',#1168,#1169,#505,.T.);
#1423=EDGE_CURVE('',#1169,#1170,#506,.T.);
#1424=EDGE_CURVE('',#1170,#1171,#507,.T.);
#1425=EDGE_CURVE('',#1171,#1165,#48,.T.);
#1426=EDGE_CURVE('',#1164,#1172,#508,.T.);
#1427=EDGE_CURVE('',#1172,#1173,#509,.T.);
#1428=EDGE_CURVE('',#1173,#1160,#49,.T.);
#1429=EDGE_CURVE('',#1174,#1175,#510,.T.);
#1430=EDGE_CURVE('',#1175,#1176,#511,.T.);
#1431=EDGE_CURVE('',#1176,#1177,#512,.T.);
#1432=EDGE_CURVE('',#1177,#1178,#50,.T.);
#1433=EDGE_CURVE('',#1178,#1174,#51,.T.);
#1434=EDGE_CURVE('',#1179,#1180,#52,.T.);
#1435=EDGE_CURVE('',#1179,#1166,#513,.T.);
#1436=EDGE_CURVE('',#1180,#1165,#514,.T.);
#1437=EDGE_CURVE('',#1181,#1182,#515,.T.);
#1438=EDGE_CURVE('',#1181,#1183,#516,.T.);
#1439=EDGE_CURVE('',#1184,#1183,#517,.T.);
#1440=EDGE_CURVE('',#1185,#1184,#518,.T.);
#1441=EDGE_CURVE('',#1186,#1185,#519,.T.);
#1442=EDGE_CURVE('',#1186,#1187,#520,.T.);
#1443=EDGE_CURVE('',#1187,#1188,#521,.T.);
#1444=EDGE_CURVE('',#1189,#1188,#522,.T.);
#1445=EDGE_CURVE('',#1190,#1189,#523,.T.);
#1446=EDGE_CURVE('',#1190,#1182,#524,.T.);
#1447=EDGE_CURVE('',#1191,#1192,#525,.T.);
#1448=EDGE_CURVE('',#1193,#1191,#526,.T.);
#1449=EDGE_CURVE('',#1194,#1193,#527,.T.);
#1450=EDGE_CURVE('',#1195,#1194,#528,.T.);
#1451=EDGE_CURVE('',#1196,#1195,#529,.T.);
#1452=EDGE_CURVE('',#1197,#1196,#530,.T.);
#1453=EDGE_CURVE('',#1198,#1197,#531,.T.);
#1454=EDGE_CURVE('',#1199,#1198,#532,.T.);
#1455=EDGE_CURVE('',#1200,#1199,#533,.T.);
#1456=EDGE_CURVE('',#1192,#1200,#534,.T.);
#1457=EDGE_CURVE('',#1201,#1202,#535,.T.);
#1458=EDGE_CURVE('',#1203,#1201,#536,.T.);
#1459=EDGE_CURVE('',#1204,#1203,#537,.T.);
#1460=EDGE_CURVE('',#1205,#1204,#538,.T.);
#1461=EDGE_CURVE('',#1206,#1205,#539,.T.);
#1462=EDGE_CURVE('',#1207,#1206,#540,.T.);
#1463=EDGE_CURVE('',#1208,#1207,#541,.T.);
#1464=EDGE_CURVE('',#1209,#1208,#542,.T.);
#1465=EDGE_CURVE('',#1210,#1209,#543,.T.);
#1466=EDGE_CURVE('',#1211,#1210,#544,.T.);
#1467=EDGE_CURVE('',#1212,#1211,#545,.T.);
#1468=EDGE_CURVE('',#1202,#1212,#546,.T.);
#1469=EDGE_CURVE('',#1213,#1214,#547,.T.);
#1470=EDGE_CURVE('',#1215,#1213,#548,.T.);
#1471=EDGE_CURVE('',#1215,#1216,#549,.T.);
#1472=EDGE_CURVE('',#1217,#1216,#550,.T.);
#1473=EDGE_CURVE('',#1218,#1217,#551,.T.);
#1474=EDGE_CURVE('',#1219,#1218,#552,.T.);
#1475=EDGE_CURVE('',#1220,#1219,#553,.T.);
#1476=EDGE_CURVE('',#1221,#1220,#554,.T.);
#1477=EDGE_CURVE('',#1221,#1222,#555,.T.);
#1478=EDGE_CURVE('',#1223,#1222,#556,.T.);
#1479=EDGE_CURVE('',#1224,#1223,#557,.T.);
#1480=EDGE_CURVE('',#1214,#1224,#558,.T.);
#1481=EDGE_CURVE('',#1225,#1226,#559,.T.);
#1482=EDGE_CURVE('',#1227,#1225,#560,.T.);
#1483=EDGE_CURVE('',#1227,#1228,#561,.T.);
#1484=EDGE_CURVE('',#1229,#1228,#562,.T.);
#1485=EDGE_CURVE('',#1230,#1229,#563,.T.);
#1486=EDGE_CURVE('',#1231,#1230,#564,.T.);
#1487=EDGE_CURVE('',#1232,#1231,#565,.T.);
#1488=EDGE_CURVE('',#1233,#1232,#566,.T.);
#1489=EDGE_CURVE('',#1233,#1234,#567,.T.);
#1490=EDGE_CURVE('',#1235,#1234,#568,.T.);
#1491=EDGE_CURVE('',#1236,#1235,#569,.T.);
#1492=EDGE_CURVE('',#1226,#1236,#570,.T.);
#1493=EDGE_CURVE('',#1180,#1237,#53,.T.);
#1494=EDGE_CURVE('',#1238,#1237,#571,.T.);
#1495=EDGE_CURVE('',#1239,#1238,#572,.T.);
#1496=EDGE_CURVE('',#1240,#1239,#573,.T.);
#1497=EDGE_CURVE('',#1240,#1241,#54,.T.);
#1498=EDGE_CURVE('',#1241,#1179,#55,.T.);
#1499=EDGE_CURVE('',#1242,#1243,#574,.T.);
#1500=EDGE_CURVE('',#1244,#1242,#575,.T.);
#1501=EDGE_CURVE('',#1245,#1244,#576,.T.);
#1502=EDGE_CURVE('',#1245,#1246,#577,.T.);
#1503=EDGE_CURVE('',#1247,#1246,#578,.T.);
#1504=EDGE_CURVE('',#1248,#1247,#579,.T.);
#1505=EDGE_CURVE('',#1249,#1248,#580,.T.);
#1506=EDGE_CURVE('',#1250,#1249,#581,.T.);
#1507=EDGE_CURVE('',#1251,#1250,#582,.T.);
#1508=EDGE_CURVE('',#1252,#1251,#583,.T.);
#1509=EDGE_CURVE('',#1243,#1252,#584,.T.);
#1510=EDGE_CURVE('',#1253,#1254,#585,.T.);
#1511=EDGE_CURVE('',#1255,#1253,#586,.T.);
#1512=EDGE_CURVE('',#1256,#1255,#587,.T.);
#1513=EDGE_CURVE('',#1254,#1256,#588,.T.);
#1514=EDGE_CURVE('',#1257,#1258,#56,.T.);
#1515=EDGE_CURVE('',#1258,#1259,#589,.T.);
#1516=EDGE_CURVE('',#1259,#1260,#57,.T.);
#1517=EDGE_CURVE('',#1261,#1260,#590,.T.);
#1518=EDGE_CURVE('',#1261,#1262,#58,.T.);
#1519=EDGE_CURVE('',#1262,#1263,#591,.T.);
#1520=EDGE_CURVE('',#1263,#1257,#59,.T.);
#1521=EDGE_CURVE('',#1264,#1265,#1127,.T.);
#1522=EDGE_CURVE('',#1265,#1181,#592,.T.);
#1523=EDGE_CURVE('',#1182,#1266,#593,.T.);
#1524=EDGE_CURVE('',#1266,#1267,#1128,.T.);
#1525=EDGE_CURVE('',#1268,#1267,#594,.T.);
#1526=EDGE_CURVE('',#1269,#1268,#595,.T.);
#1527=EDGE_CURVE('',#1270,#1269,#596,.T.);
#1528=EDGE_CURVE('',#1270,#1271,#1129,.T.);
#1529=EDGE_CURVE('',#1271,#1272,#597,.T.);
#1530=EDGE_CURVE('',#1272,#1273,#598,.T.);
#1531=EDGE_CURVE('',#1273,#1274,#599,.T.);
#1532=EDGE_CURVE('',#1274,#1275,#1130,.T.);
#1533=EDGE_CURVE('',#1276,#1275,#600,.T.);
#1534=EDGE_CURVE('',#1277,#1276,#601,.T.);
#1535=EDGE_CURVE('',#1264,#1277,#602,.T.);
#1536=EDGE_CURVE('',#1278,#1279,#1131,.T.);
#1537=EDGE_CURVE('',#1265,#1278,#16,.T.);
#1538=EDGE_CURVE('',#1279,#1264,#17,.T.);
#1539=EDGE_CURVE('',#1278,#1183,#603,.T.);
#1540=EDGE_CURVE('',#1280,#1279,#604,.T.);
#1541=EDGE_CURVE('',#1280,#1281,#605,.T.);
#1542=EDGE_CURVE('',#1282,#1281,#606,.T.);
#1543=EDGE_CURVE('',#1282,#1283,#1132,.T.);
#1544=EDGE_CURVE('',#1284,#1283,#607,.T.);
#1545=EDGE_CURVE('',#1285,#1284,#608,.T.);
#1546=EDGE_CURVE('',#1184,#1285,#609,.T.);
#1547=EDGE_CURVE('',#1286,#1287,#610,.T.);
#1548=EDGE_CURVE('',#1287,#1288,#1133,.T.);
#1549=EDGE_CURVE('',#1288,#1289,#611,.T.);
#1550=EDGE_CURVE('',#1289,#1290,#612,.T.);
#1551=EDGE_CURVE('',#1290,#1185,#1134,.T.);
#1552=EDGE_CURVE('',#1285,#1291,#613,.T.);
#1553=EDGE_CURVE('',#1291,#1292,#1135,.T.);
#1554=EDGE_CURVE('',#1292,#1293,#614,.T.);
#1555=EDGE_CURVE('',#1293,#1294,#615,.T.);
#1556=EDGE_CURVE('',#1294,#1286,#1136,.T.);
#1557=EDGE_CURVE('',#1295,#1295,#1137,.T.);
#1558=EDGE_CURVE('',#1296,#1296,#1138,.T.);
#1559=EDGE_CURVE('',#1297,#1298,#616,.T.);
#1560=EDGE_CURVE('',#1287,#1297,#617,.T.);
#1561=EDGE_CURVE('',#1298,#1286,#618,.T.);
#1562=EDGE_CURVE('',#1299,#1299,#1139,.T.);
#1563=EDGE_CURVE('',#1300,#1301,#619,.T.);
#1564=EDGE_CURVE('',#1301,#1297,#1140,.T.);
#1565=EDGE_CURVE('',#1298,#1302,#1141,.T.);
#1566=EDGE_CURVE('',#1302,#1303,#620,.T.);
#1567=EDGE_CURVE('',#1304,#1303,#621,.T.);
#1568=EDGE_CURVE('',#1304,#1305,#1142,.T.);
#1569=EDGE_CURVE('',#1306,#1305,#622,.T.);
#1570=EDGE_CURVE('',#1187,#1306,#623,.T.);
#1571=EDGE_CURVE('',#1186,#1307,#1143,.T.);
#1572=EDGE_CURVE('',#1300,#1307,#624,.T.);
#1573=EDGE_CURVE('',#1308,#1308,#1144,.T.);
#1574=EDGE_CURVE('',#1301,#1288,#625,.T.);
#1575=EDGE_CURVE('',#1289,#1300,#626,.T.);
#1576=EDGE_CURVE('',#1290,#1307,#627,.T.);
#1577=EDGE_CURVE('',#1309,#1306,#628,.T.);
#1578=EDGE_CURVE('',#1188,#1309,#18,.T.);
#1579=EDGE_CURVE('',#1309,#1310,#629,.T.);
#1580=EDGE_CURVE('',#1311,#1310,#1145,.T.);
#1581=EDGE_CURVE('',#1311,#1312,#630,.T.);
#1582=EDGE_CURVE('',#1313,#1312,#1146,.T.);
#1583=EDGE_CURVE('',#1313,#1314,#631,.T.);
#1584=EDGE_CURVE('',#1189,#1314,#1147,.T.);
#1585=EDGE_CURVE('',#1315,#1316,#1148,.T.);
#1586=EDGE_CURVE('',#1190,#1316,#632,.T.);
#1587=EDGE_CURVE('',#1314,#1317,#633,.T.);
#1588=EDGE_CURVE('',#1315,#1317,#634,.T.);
#1589=EDGE_CURVE('',#1316,#1266,#19,.T.);
#1590=EDGE_CURVE('',#1267,#1315,#20,.T.);
#1591=EDGE_CURVE('',#1268,#1317,#635,.T.);
#1592=EDGE_CURVE('',#1313,#1312,#636,.T.);
#1593=EDGE_CURVE('',#1318,#1311,#637,.T.);
#1594=EDGE_CURVE('',#1318,#1269,#638,.T.);
#1595=EDGE_CURVE('',#1318,#1319,#639,.T.);
#1596=EDGE_CURVE('',#1319,#1270,#21,.T.);
#1597=EDGE_CURVE('',#1320,#1319,#1149,.T.);
#1598=EDGE_CURVE('',#1271,#1320,#22,.T.);
#1599=EDGE_CURVE('',#1321,#1310,#640,.T.);
#1600=EDGE_CURVE('',#1320,#1321,#641,.T.);
#1601=EDGE_CURVE('',#1284,#1273,#642,.T.);
#1602=EDGE_CURVE('',#1272,#1321,#643,.T.);
#1603=EDGE_CURVE('',#1291,#1305,#644,.T.);
#1604=EDGE_CURVE('',#1304,#1292,#645,.T.);
#1605=EDGE_CURVE('',#1303,#1293,#646,.T.);
#1606=EDGE_CURVE('',#1294,#1302,#647,.T.);
#1607=EDGE_CURVE('',#1283,#1274,#23,.T.);
#1608=EDGE_CURVE('',#1275,#1282,#24,.T.);
#1609=EDGE_CURVE('',#1276,#1281,#648,.T.);
#1610=EDGE_CURVE('',#1280,#1277,#649,.T.);
#1611=EDGE_CURVE('',#1322,#1322,#1150,.T.);
#1612=EDGE_CURVE('',#1322,#1308,#650,.T.);
#1613=EDGE_CURVE('',#1323,#1323,#1151,.T.);
#1614=EDGE_CURVE('',#1296,#1323,#651,.T.);
#1615=EDGE_CURVE('',#1299,#1324,#652,.T.);
#1616=EDGE_CURVE('',#1324,#1324,#1152,.T.);
#1617=EDGE_CURVE('',#1295,#1325,#653,.T.);
#1618=EDGE_CURVE('',#1325,#1325,#1153,.T.);
#1619=EDGE_CURVE('',#1325,#1326,#654,.T.);
#1620=EDGE_CURVE('',#1326,#1326,#1154,.T.);
#1621=EDGE_CURVE('',#1192,#1327,#655,.T.);
#1622=EDGE_CURVE('',#1328,#1327,#656,.T.);
#1623=EDGE_CURVE('',#1191,#1328,#657,.T.);
#1624=EDGE_CURVE('',#1329,#1328,#658,.T.);
#1625=EDGE_CURVE('',#1193,#1329,#659,.T.);
#1626=EDGE_CURVE('',#1330,#1329,#660,.T.);
#1627=EDGE_CURVE('',#1194,#1330,#661,.T.);
#1628=EDGE_CURVE('',#1331,#1330,#662,.T.);
#1629=EDGE_CURVE('',#1195,#1331,#663,.T.);
#1630=EDGE_CURVE('',#1332,#1331,#664,.T.);
#1631=EDGE_CURVE('',#1196,#1332,#665,.T.);
#1632=EDGE_CURVE('',#1333,#1332,#666,.T.);
#1633=EDGE_CURVE('',#1197,#1333,#667,.T.);
#1634=EDGE_CURVE('',#1334,#1333,#668,.T.);
#1635=EDGE_CURVE('',#1198,#1334,#669,.T.);
#1636=EDGE_CURVE('',#1335,#1334,#670,.T.);
#1637=EDGE_CURVE('',#1199,#1335,#671,.T.);
#1638=EDGE_CURVE('',#1336,#1335,#672,.T.);
#1639=EDGE_CURVE('',#1200,#1336,#673,.T.);
#1640=EDGE_CURVE('',#1327,#1336,#674,.T.);
#1641=EDGE_CURVE('',#1202,#1337,#675,.T.);
#1642=EDGE_CURVE('',#1338,#1337,#676,.T.);
#1643=EDGE_CURVE('',#1201,#1338,#677,.T.);
#1644=EDGE_CURVE('',#1339,#1338,#678,.T.);
#1645=EDGE_CURVE('',#1203,#1339,#679,.T.);
#1646=EDGE_CURVE('',#1340,#1339,#680,.T.);
#1647=EDGE_CURVE('',#1204,#1340,#681,.T.);
#1648=EDGE_CURVE('',#1341,#1340,#682,.T.);
#1649=EDGE_CURVE('',#1205,#1341,#683,.T.);
#1650=EDGE_CURVE('',#1342,#1341,#684,.T.);
#1651=EDGE_CURVE('',#1206,#1342,#685,.T.);
#1652=EDGE_CURVE('',#1343,#1342,#686,.T.);
#1653=EDGE_CURVE('',#1207,#1343,#687,.T.);
#1654=EDGE_CURVE('',#1344,#1343,#688,.T.);
#1655=EDGE_CURVE('',#1208,#1344,#689,.T.);
#1656=EDGE_CURVE('',#1345,#1344,#690,.T.);
#1657=EDGE_CURVE('',#1209,#1345,#691,.T.);
#1658=EDGE_CURVE('',#1346,#1345,#692,.T.);
#1659=EDGE_CURVE('',#1210,#1346,#693,.T.);
#1660=EDGE_CURVE('',#1347,#1346,#694,.T.);
#1661=EDGE_CURVE('',#1211,#1347,#695,.T.);
#1662=EDGE_CURVE('',#1348,#1347,#696,.T.);
#1663=EDGE_CURVE('',#1212,#1348,#697,.T.);
#1664=EDGE_CURVE('',#1337,#1348,#698,.T.);
#1665=EDGE_CURVE('',#1214,#1349,#699,.T.);
#1666=EDGE_CURVE('',#1350,#1349,#700,.T.);
#1667=EDGE_CURVE('',#1213,#1350,#701,.T.);
#1668=EDGE_CURVE('',#1351,#1350,#702,.T.);
#1669=EDGE_CURVE('',#1215,#1351,#703,.T.);
#1670=EDGE_CURVE('',#1352,#1351,#704,.T.);
#1671=EDGE_CURVE('',#1216,#1352,#705,.T.);
#1672=EDGE_CURVE('',#1353,#1352,#706,.T.);
#1673=EDGE_CURVE('',#1217,#1353,#707,.T.);
#1674=EDGE_CURVE('',#1354,#1353,#708,.T.);
#1675=EDGE_CURVE('',#1218,#1354,#709,.T.);
#1676=EDGE_CURVE('',#1355,#1354,#710,.T.);
#1677=EDGE_CURVE('',#1219,#1355,#711,.T.);
#1678=EDGE_CURVE('',#1356,#1355,#712,.T.);
#1679=EDGE_CURVE('',#1220,#1356,#713,.T.);
#1680=EDGE_CURVE('',#1357,#1356,#714,.T.);
#1681=EDGE_CURVE('',#1221,#1357,#715,.T.);
#1682=EDGE_CURVE('',#1358,#1357,#716,.T.);
#1683=EDGE_CURVE('',#1222,#1358,#717,.T.);
#1684=EDGE_CURVE('',#1359,#1358,#718,.T.);
#1685=EDGE_CURVE('',#1223,#1359,#719,.T.);
#1686=EDGE_CURVE('',#1360,#1359,#720,.T.);
#1687=EDGE_CURVE('',#1224,#1360,#721,.T.);
#1688=EDGE_CURVE('',#1349,#1360,#722,.T.);
#1689=EDGE_CURVE('',#1226,#1361,#723,.T.);
#1690=EDGE_CURVE('',#1362,#1361,#724,.T.);
#1691=EDGE_CURVE('',#1225,#1362,#725,.T.);
#1692=EDGE_CURVE('',#1363,#1362,#726,.T.);
#1693=EDGE_CURVE('',#1227,#1363,#727,.T.);
#1694=EDGE_CURVE('',#1364,#1363,#728,.T.);
#1695=EDGE_CURVE('',#1228,#1364,#729,.T.);
#1696=EDGE_CURVE('',#1365,#1364,#730,.T.);
#1697=EDGE_CURVE('',#1229,#1365,#731,.T.);
#1698=EDGE_CURVE('',#1366,#1365,#732,.T.);
#1699=EDGE_CURVE('',#1230,#1366,#733,.T.);
#1700=EDGE_CURVE('',#1367,#1366,#734,.T.);
#1701=EDGE_CURVE('',#1231,#1367,#735,.T.);
#1702=EDGE_CURVE('',#1368,#1367,#736,.T.);
#1703=EDGE_CURVE('',#1232,#1368,#737,.T.);
#1704=EDGE_CURVE('',#1369,#1368,#738,.T.);
#1705=EDGE_CURVE('',#1233,#1369,#739,.T.);
#1706=EDGE_CURVE('',#1370,#1369,#740,.T.);
#1707=EDGE_CURVE('',#1234,#1370,#741,.T.);
#1708=EDGE_CURVE('',#1371,#1370,#742,.T.);
#1709=EDGE_CURVE('',#1235,#1371,#743,.T.);
#1710=EDGE_CURVE('',#1372,#1371,#744,.T.);
#1711=EDGE_CURVE('',#1236,#1372,#745,.T.);
#1712=EDGE_CURVE('',#1361,#1372,#746,.T.);
#1713=EDGE_CURVE('',#1241,#1167,#747,.T.);
#1714=EDGE_CURVE('',#1240,#1168,#748,.T.);
#1715=EDGE_CURVE('',#1239,#1169,#749,.T.);
#1716=EDGE_CURVE('',#1238,#1170,#750,.T.);
#1717=EDGE_CURVE('',#1171,#1237,#751,.T.);
#1718=EDGE_CURVE('',#1243,#1373,#752,.T.);
#1719=EDGE_CURVE('',#1374,#1373,#753,.T.);
#1720=EDGE_CURVE('',#1242,#1374,#754,.T.);
#1721=EDGE_CURVE('',#1375,#1374,#755,.T.);
#1722=EDGE_CURVE('',#1244,#1375,#756,.T.);
#1723=EDGE_CURVE('',#1376,#1375,#757,.T.);
#1724=EDGE_CURVE('',#1245,#1376,#758,.T.);
#1725=EDGE_CURVE('',#1377,#1376,#759,.T.);
#1726=EDGE_CURVE('',#1246,#1377,#760,.T.);
#1727=EDGE_CURVE('',#1378,#1377,#761,.T.);
#1728=EDGE_CURVE('',#1247,#1378,#762,.T.);
#1729=EDGE_CURVE('',#1379,#1378,#763,.T.);
#1730=EDGE_CURVE('',#1248,#1379,#764,.T.);
#1731=EDGE_CURVE('',#1380,#1379,#765,.T.);
#1732=EDGE_CURVE('',#1249,#1380,#766,.T.);
#1733=EDGE_CURVE('',#1381,#1380,#767,.T.);
#1734=EDGE_CURVE('',#1250,#1381,#768,.T.);
#1735=EDGE_CURVE('',#1382,#1381,#769,.T.);
#1736=EDGE_CURVE('',#1251,#1382,#770,.T.);
#1737=EDGE_CURVE('',#1383,#1382,#771,.T.);
#1738=EDGE_CURVE('',#1252,#1383,#772,.T.);
#1739=EDGE_CURVE('',#1373,#1383,#773,.T.);
#1740=EDGE_CURVE('',#1384,#1385,#774,.T.);
#1741=EDGE_CURVE('',#1385,#1386,#775,.T.);
#1742=EDGE_CURVE('',#1386,#1384,#776,.T.);
#1743=EDGE_CURVE('',#1387,#1388,#777,.T.);
#1744=EDGE_CURVE('',#1387,#1385,#778,.T.);
#1745=EDGE_CURVE('',#1388,#1384,#779,.T.);
#1746=EDGE_CURVE('',#1389,#1388,#780,.T.);
#1747=EDGE_CURVE('',#1387,#1389,#781,.T.);
#1748=EDGE_CURVE('',#1389,#1386,#782,.T.);
#1749=EDGE_CURVE('',#1254,#1390,#783,.T.);
#1750=EDGE_CURVE('',#1391,#1390,#784,.T.);
#1751=EDGE_CURVE('',#1253,#1391,#785,.T.);
#1752=EDGE_CURVE('',#1392,#1391,#786,.T.);
#1753=EDGE_CURVE('',#1255,#1392,#787,.T.);
#1754=EDGE_CURVE('',#1393,#1392,#788,.T.);
#1755=EDGE_CURVE('',#1256,#1393,#789,.T.);
#1756=EDGE_CURVE('',#1390,#1393,#790,.T.);
#1757=EDGE_CURVE('',#1257,#1394,#791,.T.);
#1758=EDGE_CURVE('',#1395,#1394,#60,.T.);
#1759=EDGE_CURVE('',#1395,#1258,#792,.T.);
#1760=EDGE_CURVE('',#1396,#1395,#793,.T.);
#1761=EDGE_CURVE('',#1259,#1396,#794,.T.);
#1762=EDGE_CURVE('',#1397,#1396,#61,.T.);
#1763=EDGE_CURVE('',#1397,#1260,#795,.T.);
#1764=EDGE_CURVE('',#1398,#1397,#796,.T.);
#1765=EDGE_CURVE('',#1261,#1398,#797,.T.);
#1766=EDGE_CURVE('',#1399,#1398,#62,.T.);
#1767=EDGE_CURVE('',#1399,#1262,#798,.T.);
#1768=EDGE_CURVE('',#1400,#1399,#799,.T.);
#1769=EDGE_CURVE('',#1263,#1400,#800,.T.);
#1770=EDGE_CURVE('',#1394,#1400,#63,.T.);
#1771=EDGE_CURVE('',#1173,#1161,#801,.T.);
#1772=EDGE_CURVE('',#1162,#1172,#802,.T.);
#1773=EDGE_CURVE('',#1401,#1402,#803,.T.);
#1774=EDGE_CURVE('',#1402,#1175,#804,.T.);
#1775=EDGE_CURVE('',#1401,#1174,#805,.T.);
#1776=EDGE_CURVE('',#1401,#1403,#64,.T.);
#1777=EDGE_CURVE('',#1403,#1404,#65,.T.);
#1778=EDGE_CURVE('',#1405,#1404,#806,.T.);
#1779=EDGE_CURVE('',#1402,#1405,#807,.T.);
#1780=EDGE_CURVE('',#1403,#1178,#808,.T.);
#1781=EDGE_CURVE('',#1177,#1404,#809,.T.);
#1782=EDGE_CURVE('',#1405,#1176,#810,.T.);
#1783=ORIENTED_EDGE('',*,*,#1406,.F.);
#1784=ORIENTED_EDGE('',*,*,#1407,.T.);
#1785=ORIENTED_EDGE('',*,*,#1408,.T.);
#1786=ORIENTED_EDGE('',*,*,#1407,.F.);
#1787=ORIENTED_EDGE('',*,*,#1408,.F.);
#1788=ORIENTED_EDGE('',*,*,#1409,.F.);
#1789=ORIENTED_EDGE('',*,*,#1410,.T.);
#1790=ORIENTED_EDGE('',*,*,#1411,.F.);
#1791=ORIENTED_EDGE('',*,*,#1412,.F.);
#1792=ORIENTED_EDGE('',*,*,#1409,.T.);
#1793=ORIENTED_EDGE('',*,*,#1413,.T.);
#1794=ORIENTED_EDGE('',*,*,#1414,.F.);
#1795=ORIENTED_EDGE('',*,*,#1415,.F.);
#1796=ORIENTED_EDGE('',*,*,#1416,.F.);
#1797=ORIENTED_EDGE('',*,*,#1416,.T.);
#1798=ORIENTED_EDGE('',*,*,#1417,.T.);
#1799=ORIENTED_EDGE('',*,*,#1418,.F.);
#1800=ORIENTED_EDGE('',*,*,#1410,.F.);
#1801=ORIENTED_EDGE('',*,*,#1419,.T.);
#1802=ORIENTED_EDGE('',*,*,#1420,.T.);
#1803=ORIENTED_EDGE('',*,*,#1421,.T.);
#1804=ORIENTED_EDGE('',*,*,#1422,.T.);
#1805=ORIENTED_EDGE('',*,*,#1423,.T.);
#1806=ORIENTED_EDGE('',*,*,#1424,.T.);
#1807=ORIENTED_EDGE('',*,*,#1425,.T.);
#1808=ORIENTED_EDGE('',*,*,#1418,.T.);
#1809=ORIENTED_EDGE('',*,*,#1426,.T.);
#1810=ORIENTED_EDGE('',*,*,#1427,.T.);
#1811=ORIENTED_EDGE('',*,*,#1428,.T.);
#1812=ORIENTED_EDGE('',*,*,#1411,.T.);
#1813=ORIENTED_EDGE('',*,*,#1429,.T.);
#1814=ORIENTED_EDGE('',*,*,#1430,.T.);
#1815=ORIENTED_EDGE('',*,*,#1431,.T.);
#1816=ORIENTED_EDGE('',*,*,#1432,.T.);
#1817=ORIENTED_EDGE('',*,*,#1433,.T.);
#1818=ORIENTED_EDGE('',*,*,#1434,.F.);
#1819=ORIENTED_EDGE('',*,*,#1435,.T.);
#1820=ORIENTED_EDGE('',*,*,#1419,.F.);
#1821=ORIENTED_EDGE('',*,*,#1436,.F.);
#1822=ORIENTED_EDGE('',*,*,#1437,.F.);
#1823=ORIENTED_EDGE('',*,*,#1438,.T.);
#1824=ORIENTED_EDGE('',*,*,#1439,.F.);
#1825=ORIENTED_EDGE('',*,*,#1440,.F.);
#1826=ORIENTED_EDGE('',*,*,#1441,.F.);
#1827=ORIENTED_EDGE('',*,*,#1442,.T.);
#1828=ORIENTED_EDGE('',*,*,#1443,.T.);
#1829=ORIENTED_EDGE('',*,*,#1444,.F.);
#1830=ORIENTED_EDGE('',*,*,#1445,.F.);
#1831=ORIENTED_EDGE('',*,*,#1446,.T.);
#1832=ORIENTED_EDGE('',*,*,#1447,.F.);
#1833=ORIENTED_EDGE('',*,*,#1448,.F.);
#1834=ORIENTED_EDGE('',*,*,#1449,.F.);
#1835=ORIENTED_EDGE('',*,*,#1450,.F.);
#1836=ORIENTED_EDGE('',*,*,#1451,.F.);
#1837=ORIENTED_EDGE('',*,*,#1452,.F.);
#1838=ORIENTED_EDGE('',*,*,#1453,.F.);
#1839=ORIENTED_EDGE('',*,*,#1454,.F.);
#1840=ORIENTED_EDGE('',*,*,#1455,.F.);
#1841=ORIENTED_EDGE('',*,*,#1456,.F.);
#1842=ORIENTED_EDGE('',*,*,#1457,.F.);
#1843=ORIENTED_EDGE('',*,*,#1458,.F.);
#1844=ORIENTED_EDGE('',*,*,#1459,.F.);
#1845=ORIENTED_EDGE('',*,*,#1460,.F.);
#1846=ORIENTED_EDGE('',*,*,#1461,.F.);
#1847=ORIENTED_EDGE('',*,*,#1462,.F.);
#1848=ORIENTED_EDGE('',*,*,#1463,.F.);
#1849=ORIENTED_EDGE('',*,*,#1464,.F.);
#1850=ORIENTED_EDGE('',*,*,#1465,.F.);
#1851=ORIENTED_EDGE('',*,*,#1466,.F.);
#1852=ORIENTED_EDGE('',*,*,#1467,.F.);
#1853=ORIENTED_EDGE('',*,*,#1468,.F.);
#1854=ORIENTED_EDGE('',*,*,#1469,.F.);
#1855=ORIENTED_EDGE('',*,*,#1470,.F.);
#1856=ORIENTED_EDGE('',*,*,#1471,.T.);
#1857=ORIENTED_EDGE('',*,*,#1472,.F.);
#1858=ORIENTED_EDGE('',*,*,#1473,.F.);
#1859=ORIENTED_EDGE('',*,*,#1474,.F.);
#1860=ORIENTED_EDGE('',*,*,#1475,.F.);
#1861=ORIENTED_EDGE('',*,*,#1476,.F.);
#1862=ORIENTED_EDGE('',*,*,#1477,.T.);
#1863=ORIENTED_EDGE('',*,*,#1478,.F.);
#1864=ORIENTED_EDGE('',*,*,#1479,.F.);
#1865=ORIENTED_EDGE('',*,*,#1480,.F.);
#1866=ORIENTED_EDGE('',*,*,#1481,.F.);
#1867=ORIENTED_EDGE('',*,*,#1482,.F.);
#1868=ORIENTED_EDGE('',*,*,#1483,.T.);
#1869=ORIENTED_EDGE('',*,*,#1484,.F.);
#1870=ORIENTED_EDGE('',*,*,#1485,.F.);
#1871=ORIENTED_EDGE('',*,*,#1486,.F.);
#1872=ORIENTED_EDGE('',*,*,#1487,.F.);
#1873=ORIENTED_EDGE('',*,*,#1488,.F.);
#1874=ORIENTED_EDGE('',*,*,#1489,.T.);
#1875=ORIENTED_EDGE('',*,*,#1490,.F.);
#1876=ORIENTED_EDGE('',*,*,#1491,.F.);
#1877=ORIENTED_EDGE('',*,*,#1492,.F.);
#1878=ORIENTED_EDGE('',*,*,#1434,.T.);
#1879=ORIENTED_EDGE('',*,*,#1493,.T.);
#1880=ORIENTED_EDGE('',*,*,#1494,.F.);
#1881=ORIENTED_EDGE('',*,*,#1495,.F.);
#1882=ORIENTED_EDGE('',*,*,#1496,.F.);
#1883=ORIENTED_EDGE('',*,*,#1497,.T.);
#1884=ORIENTED_EDGE('',*,*,#1498,.T.);
#1885=ORIENTED_EDGE('',*,*,#1499,.F.);
#1886=ORIENTED_EDGE('',*,*,#1500,.F.);
#1887=ORIENTED_EDGE('',*,*,#1501,.F.);
#1888=ORIENTED_EDGE('',*,*,#1502,.T.);
#1889=ORIENTED_EDGE('',*,*,#1503,.F.);
#1890=ORIENTED_EDGE('',*,*,#1504,.F.);
#1891=ORIENTED_EDGE('',*,*,#1505,.F.);
#1892=ORIENTED_EDGE('',*,*,#1506,.F.);
#1893=ORIENTED_EDGE('',*,*,#1507,.F.);
#1894=ORIENTED_EDGE('',*,*,#1508,.F.);
#1895=ORIENTED_EDGE('',*,*,#1509,.F.);
#1896=ORIENTED_EDGE('',*,*,#1510,.F.);
#1897=ORIENTED_EDGE('',*,*,#1511,.F.);
#1898=ORIENTED_EDGE('',*,*,#1512,.F.);
#1899=ORIENTED_EDGE('',*,*,#1513,.F.);
#1900=ORIENTED_EDGE('',*,*,#1514,.T.);
#1901=ORIENTED_EDGE('',*,*,#1515,.T.);
#1902=ORIENTED_EDGE('',*,*,#1516,.T.);
#1903=ORIENTED_EDGE('',*,*,#1517,.F.);
#1904=ORIENTED_EDGE('',*,*,#1518,.T.);
#1905=ORIENTED_EDGE('',*,*,#1519,.T.);
#1906=ORIENTED_EDGE('',*,*,#1520,.T.);
#1907=ORIENTED_EDGE('',*,*,#1521,.T.);
#1908=ORIENTED_EDGE('',*,*,#1522,.T.);
#1909=ORIENTED_EDGE('',*,*,#1437,.T.);
#1910=ORIENTED_EDGE('',*,*,#1523,.T.);
#1911=ORIENTED_EDGE('',*,*,#1524,.T.);
#1912=ORIENTED_EDGE('',*,*,#1525,.F.);
#1913=ORIENTED_EDGE('',*,*,#1526,.F.);
#1914=ORIENTED_EDGE('',*,*,#1527,.F.);
#1915=ORIENTED_EDGE('',*,*,#1528,.T.);
#1916=ORIENTED_EDGE('',*,*,#1529,.T.);
#1917=ORIENTED_EDGE('',*,*,#1530,.T.);
#1918=ORIENTED_EDGE('',*,*,#1531,.T.);
#1919=ORIENTED_EDGE('',*,*,#1532,.T.);
#1920=ORIENTED_EDGE('',*,*,#1533,.F.);
#1921=ORIENTED_EDGE('',*,*,#1534,.F.);
#1922=ORIENTED_EDGE('',*,*,#1535,.F.);
#1923=ORIENTED_EDGE('',*,*,#1406,.T.);
#1924=ORIENTED_EDGE('',*,*,#1536,.F.);
#1925=ORIENTED_EDGE('',*,*,#1537,.F.);
#1926=ORIENTED_EDGE('',*,*,#1521,.F.);
#1927=ORIENTED_EDGE('',*,*,#1538,.F.);
#1928=ORIENTED_EDGE('',*,*,#1439,.T.);
#1929=ORIENTED_EDGE('',*,*,#1539,.F.);
#1930=ORIENTED_EDGE('',*,*,#1536,.T.);
#1931=ORIENTED_EDGE('',*,*,#1540,.F.);
#1932=ORIENTED_EDGE('',*,*,#1541,.T.);
#1933=ORIENTED_EDGE('',*,*,#1542,.F.);
#1934=ORIENTED_EDGE('',*,*,#1543,.T.);
#1935=ORIENTED_EDGE('',*,*,#1544,.F.);
#1936=ORIENTED_EDGE('',*,*,#1545,.F.);
#1937=ORIENTED_EDGE('',*,*,#1546,.F.);
#1938=ORIENTED_EDGE('',*,*,#1547,.T.);
#1939=ORIENTED_EDGE('',*,*,#1548,.T.);
#1940=ORIENTED_EDGE('',*,*,#1549,.T.);
#1941=ORIENTED_EDGE('',*,*,#1550,.T.);
#1942=ORIENTED_EDGE('',*,*,#1551,.T.);
#1943=ORIENTED_EDGE('',*,*,#1440,.T.);
#1944=ORIENTED_EDGE('',*,*,#1546,.T.);
#1945=ORIENTED_EDGE('',*,*,#1552,.T.);
#1946=ORIENTED_EDGE('',*,*,#1553,.T.);
#1947=ORIENTED_EDGE('',*,*,#1554,.T.);
#1948=ORIENTED_EDGE('',*,*,#1555,.T.);
#1949=ORIENTED_EDGE('',*,*,#1556,.T.);
#1950=ORIENTED_EDGE('',*,*,#1557,.T.);
#1951=ORIENTED_EDGE('',*,*,#1558,.T.);
#1952=ORIENTED_EDGE('',*,*,#1559,.F.);
#1953=ORIENTED_EDGE('',*,*,#1560,.F.);
#1954=ORIENTED_EDGE('',*,*,#1547,.F.);
#1955=ORIENTED_EDGE('',*,*,#1561,.F.);
#1956=ORIENTED_EDGE('',*,*,#1562,.T.);
#1957=ORIENTED_EDGE('',*,*,#1563,.T.);
#1958=ORIENTED_EDGE('',*,*,#1564,.T.);
#1959=ORIENTED_EDGE('',*,*,#1559,.T.);
#1960=ORIENTED_EDGE('',*,*,#1565,.T.);
#1961=ORIENTED_EDGE('',*,*,#1566,.T.);
#1962=ORIENTED_EDGE('',*,*,#1567,.F.);
#1963=ORIENTED_EDGE('',*,*,#1568,.T.);
#1964=ORIENTED_EDGE('',*,*,#1569,.F.);
#1965=ORIENTED_EDGE('',*,*,#1570,.F.);
#1966=ORIENTED_EDGE('',*,*,#1442,.F.);
#1967=ORIENTED_EDGE('',*,*,#1571,.T.);
#1968=ORIENTED_EDGE('',*,*,#1572,.F.);
#1969=ORIENTED_EDGE('',*,*,#1573,.T.);
#1970=ORIENTED_EDGE('',*,*,#1549,.F.);
#1971=ORIENTED_EDGE('',*,*,#1574,.F.);
#1972=ORIENTED_EDGE('',*,*,#1563,.F.);
#1973=ORIENTED_EDGE('',*,*,#1575,.F.);
#1974=ORIENTED_EDGE('',*,*,#1572,.T.);
#1975=ORIENTED_EDGE('',*,*,#1576,.F.);
#1976=ORIENTED_EDGE('',*,*,#1550,.F.);
#1977=ORIENTED_EDGE('',*,*,#1575,.T.);
#1978=ORIENTED_EDGE('',*,*,#1571,.F.);
#1979=ORIENTED_EDGE('',*,*,#1441,.T.);
#1980=ORIENTED_EDGE('',*,*,#1551,.F.);
#1981=ORIENTED_EDGE('',*,*,#1576,.T.);
#1982=ORIENTED_EDGE('',*,*,#1564,.F.);
#1983=ORIENTED_EDGE('',*,*,#1574,.T.);
#1984=ORIENTED_EDGE('',*,*,#1548,.F.);
#1985=ORIENTED_EDGE('',*,*,#1560,.T.);
#1986=ORIENTED_EDGE('',*,*,#1570,.T.);
#1987=ORIENTED_EDGE('',*,*,#1577,.F.);
#1988=ORIENTED_EDGE('',*,*,#1578,.F.);
#1989=ORIENTED_EDGE('',*,*,#1443,.F.);
#1990=ORIENTED_EDGE('',*,*,#1578,.T.);
#1991=ORIENTED_EDGE('',*,*,#1579,.T.);
#1992=ORIENTED_EDGE('',*,*,#1580,.F.);
#1993=ORIENTED_EDGE('',*,*,#1581,.T.);
#1994=ORIENTED_EDGE('',*,*,#1582,.F.);
#1995=ORIENTED_EDGE('',*,*,#1583,.T.);
#1996=ORIENTED_EDGE('',*,*,#1584,.F.);
#1997=ORIENTED_EDGE('',*,*,#1444,.T.);
#1998=ORIENTED_EDGE('',*,*,#1585,.T.);
#1999=ORIENTED_EDGE('',*,*,#1586,.F.);
#2000=ORIENTED_EDGE('',*,*,#1445,.T.);
#2001=ORIENTED_EDGE('',*,*,#1584,.T.);
#2002=ORIENTED_EDGE('',*,*,#1587,.T.);
#2003=ORIENTED_EDGE('',*,*,#1588,.F.);
#2004=ORIENTED_EDGE('',*,*,#1524,.F.);
#2005=ORIENTED_EDGE('',*,*,#1589,.F.);
#2006=ORIENTED_EDGE('',*,*,#1585,.F.);
#2007=ORIENTED_EDGE('',*,*,#1590,.F.);
#2008=ORIENTED_EDGE('',*,*,#1590,.T.);
#2009=ORIENTED_EDGE('',*,*,#1588,.T.);
#2010=ORIENTED_EDGE('',*,*,#1591,.F.);
#2011=ORIENTED_EDGE('',*,*,#1525,.T.);
#2012=ORIENTED_EDGE('',*,*,#1526,.T.);
#2013=ORIENTED_EDGE('',*,*,#1591,.T.);
#2014=ORIENTED_EDGE('',*,*,#1587,.F.);
#2015=ORIENTED_EDGE('',*,*,#1583,.F.);
#2016=ORIENTED_EDGE('',*,*,#1592,.T.);
#2017=ORIENTED_EDGE('',*,*,#1581,.F.);
#2018=ORIENTED_EDGE('',*,*,#1593,.F.);
#2019=ORIENTED_EDGE('',*,*,#1594,.T.);
#2020=ORIENTED_EDGE('',*,*,#1594,.F.);
#2021=ORIENTED_EDGE('',*,*,#1595,.T.);
#2022=ORIENTED_EDGE('',*,*,#1596,.T.);
#2023=ORIENTED_EDGE('',*,*,#1527,.T.);
#2024=ORIENTED_EDGE('',*,*,#1597,.F.);
#2025=ORIENTED_EDGE('',*,*,#1598,.F.);
#2026=ORIENTED_EDGE('',*,*,#1528,.F.);
#2027=ORIENTED_EDGE('',*,*,#1596,.F.);
#2028=ORIENTED_EDGE('',*,*,#1599,.F.);
#2029=ORIENTED_EDGE('',*,*,#1600,.F.);
#2030=ORIENTED_EDGE('',*,*,#1597,.T.);
#2031=ORIENTED_EDGE('',*,*,#1595,.F.);
#2032=ORIENTED_EDGE('',*,*,#1593,.T.);
#2033=ORIENTED_EDGE('',*,*,#1580,.T.);
#2034=ORIENTED_EDGE('',*,*,#1545,.T.);
#2035=ORIENTED_EDGE('',*,*,#1601,.T.);
#2036=ORIENTED_EDGE('',*,*,#1530,.F.);
#2037=ORIENTED_EDGE('',*,*,#1602,.T.);
#2038=ORIENTED_EDGE('',*,*,#1599,.T.);
#2039=ORIENTED_EDGE('',*,*,#1579,.F.);
#2040=ORIENTED_EDGE('',*,*,#1577,.T.);
#2041=ORIENTED_EDGE('',*,*,#1569,.T.);
#2042=ORIENTED_EDGE('',*,*,#1603,.F.);
#2043=ORIENTED_EDGE('',*,*,#1552,.F.);
#2044=ORIENTED_EDGE('',*,*,#1568,.F.);
#2045=ORIENTED_EDGE('',*,*,#1604,.T.);
#2046=ORIENTED_EDGE('',*,*,#1553,.F.);
#2047=ORIENTED_EDGE('',*,*,#1603,.T.);
#2048=ORIENTED_EDGE('',*,*,#1554,.F.);
#2049=ORIENTED_EDGE('',*,*,#1604,.F.);
#2050=ORIENTED_EDGE('',*,*,#1567,.T.);
#2051=ORIENTED_EDGE('',*,*,#1605,.T.);
#2052=ORIENTED_EDGE('',*,*,#1566,.F.);
#2053=ORIENTED_EDGE('',*,*,#1606,.F.);
#2054=ORIENTED_EDGE('',*,*,#1555,.F.);
#2055=ORIENTED_EDGE('',*,*,#1605,.F.);
#2056=ORIENTED_EDGE('',*,*,#1565,.F.);
#2057=ORIENTED_EDGE('',*,*,#1561,.T.);
#2058=ORIENTED_EDGE('',*,*,#1556,.F.);
#2059=ORIENTED_EDGE('',*,*,#1606,.T.);
#2060=ORIENTED_EDGE('',*,*,#1592,.F.);
#2061=ORIENTED_EDGE('',*,*,#1582,.T.);
#2062=ORIENTED_EDGE('',*,*,#1598,.T.);
#2063=ORIENTED_EDGE('',*,*,#1600,.T.);
#2064=ORIENTED_EDGE('',*,*,#1602,.F.);
#2065=ORIENTED_EDGE('',*,*,#1529,.F.);
#2066=ORIENTED_EDGE('',*,*,#1601,.F.);
#2067=ORIENTED_EDGE('',*,*,#1544,.T.);
#2068=ORIENTED_EDGE('',*,*,#1607,.T.);
#2069=ORIENTED_EDGE('',*,*,#1531,.F.);
#2070=ORIENTED_EDGE('',*,*,#1532,.F.);
#2071=ORIENTED_EDGE('',*,*,#1607,.F.);
#2072=ORIENTED_EDGE('',*,*,#1543,.F.);
#2073=ORIENTED_EDGE('',*,*,#1608,.F.);
#2074=ORIENTED_EDGE('',*,*,#1608,.T.);
#2075=ORIENTED_EDGE('',*,*,#1542,.T.);
#2076=ORIENTED_EDGE('',*,*,#1609,.F.);
#2077=ORIENTED_EDGE('',*,*,#1533,.T.);
#2078=ORIENTED_EDGE('',*,*,#1541,.F.);
#2079=ORIENTED_EDGE('',*,*,#1610,.T.);
#2080=ORIENTED_EDGE('',*,*,#1534,.T.);
#2081=ORIENTED_EDGE('',*,*,#1609,.T.);
#2082=ORIENTED_EDGE('',*,*,#1610,.F.);
#2083=ORIENTED_EDGE('',*,*,#1540,.T.);
#2084=ORIENTED_EDGE('',*,*,#1538,.T.);
#2085=ORIENTED_EDGE('',*,*,#1535,.T.);
#2086=ORIENTED_EDGE('',*,*,#1446,.F.);
#2087=ORIENTED_EDGE('',*,*,#1586,.T.);
#2088=ORIENTED_EDGE('',*,*,#1589,.T.);
#2089=ORIENTED_EDGE('',*,*,#1523,.F.);
#2090=ORIENTED_EDGE('',*,*,#1611,.F.);
#2091=ORIENTED_EDGE('',*,*,#1612,.T.);
#2092=ORIENTED_EDGE('',*,*,#1573,.F.);
#2093=ORIENTED_EDGE('',*,*,#1612,.F.);
#2094=ORIENTED_EDGE('',*,*,#1611,.T.);
#2095=ORIENTED_EDGE('',*,*,#1613,.T.);
#2096=ORIENTED_EDGE('',*,*,#1558,.F.);
#2097=ORIENTED_EDGE('',*,*,#1614,.T.);
#2098=ORIENTED_EDGE('',*,*,#1613,.F.);
#2099=ORIENTED_EDGE('',*,*,#1614,.F.);
#2100=ORIENTED_EDGE('',*,*,#1562,.F.);
#2101=ORIENTED_EDGE('',*,*,#1615,.T.);
#2102=ORIENTED_EDGE('',*,*,#1616,.F.);
#2103=ORIENTED_EDGE('',*,*,#1615,.F.);
#2104=ORIENTED_EDGE('',*,*,#1616,.T.);
#2105=ORIENTED_EDGE('',*,*,#1557,.F.);
#2106=ORIENTED_EDGE('',*,*,#1617,.T.);
#2107=ORIENTED_EDGE('',*,*,#1618,.F.);
#2108=ORIENTED_EDGE('',*,*,#1617,.F.);
#2109=ORIENTED_EDGE('',*,*,#1618,.T.);
#2110=ORIENTED_EDGE('',*,*,#1619,.T.);
#2111=ORIENTED_EDGE('',*,*,#1620,.F.);
#2112=ORIENTED_EDGE('',*,*,#1619,.F.);
#2113=ORIENTED_EDGE('',*,*,#1620,.T.);
#2114=ORIENTED_EDGE('',*,*,#1537,.T.);
#2115=ORIENTED_EDGE('',*,*,#1539,.T.);
#2116=ORIENTED_EDGE('',*,*,#1438,.F.);
#2117=ORIENTED_EDGE('',*,*,#1522,.F.);
#2118=ORIENTED_EDGE('',*,*,#1447,.T.);
#2119=ORIENTED_EDGE('',*,*,#1621,.T.);
#2120=ORIENTED_EDGE('',*,*,#1622,.F.);
#2121=ORIENTED_EDGE('',*,*,#1623,.F.);
#2122=ORIENTED_EDGE('',*,*,#1448,.T.);
#2123=ORIENTED_EDGE('',*,*,#1623,.T.);
#2124=ORIENTED_EDGE('',*,*,#1624,.F.);
#2125=ORIENTED_EDGE('',*,*,#1625,.F.);
#2126=ORIENTED_EDGE('',*,*,#1449,.T.);
#2127=ORIENTED_EDGE('',*,*,#1625,.T.);
#2128=ORIENTED_EDGE('',*,*,#1626,.F.);
#2129=ORIENTED_EDGE('',*,*,#1627,.F.);
#2130=ORIENTED_EDGE('',*,*,#1450,.T.);
#2131=ORIENTED_EDGE('',*,*,#1627,.T.);
#2132=ORIENTED_EDGE('',*,*,#1628,.F.);
#2133=ORIENTED_EDGE('',*,*,#1629,.F.);
#2134=ORIENTED_EDGE('',*,*,#1451,.T.);
#2135=ORIENTED_EDGE('',*,*,#1629,.T.);
#2136=ORIENTED_EDGE('',*,*,#1630,.F.);
#2137=ORIENTED_EDGE('',*,*,#1631,.F.);
#2138=ORIENTED_EDGE('',*,*,#1452,.T.);
#2139=ORIENTED_EDGE('',*,*,#1631,.T.);
#2140=ORIENTED_EDGE('',*,*,#1632,.F.);
#2141=ORIENTED_EDGE('',*,*,#1633,.F.);
#2142=ORIENTED_EDGE('',*,*,#1453,.T.);
#2143=ORIENTED_EDGE('',*,*,#1633,.T.);
#2144=ORIENTED_EDGE('',*,*,#1634,.F.);
#2145=ORIENTED_EDGE('',*,*,#1635,.F.);
#2146=ORIENTED_EDGE('',*,*,#1454,.T.);
#2147=ORIENTED_EDGE('',*,*,#1635,.T.);
#2148=ORIENTED_EDGE('',*,*,#1636,.F.);
#2149=ORIENTED_EDGE('',*,*,#1637,.F.);
#2150=ORIENTED_EDGE('',*,*,#1455,.T.);
#2151=ORIENTED_EDGE('',*,*,#1637,.T.);
#2152=ORIENTED_EDGE('',*,*,#1638,.F.);
#2153=ORIENTED_EDGE('',*,*,#1639,.F.);
#2154=ORIENTED_EDGE('',*,*,#1456,.T.);
#2155=ORIENTED_EDGE('',*,*,#1639,.T.);
#2156=ORIENTED_EDGE('',*,*,#1640,.F.);
#2157=ORIENTED_EDGE('',*,*,#1621,.F.);
#2158=ORIENTED_EDGE('',*,*,#1622,.T.);
#2159=ORIENTED_EDGE('',*,*,#1640,.T.);
#2160=ORIENTED_EDGE('',*,*,#1638,.T.);
#2161=ORIENTED_EDGE('',*,*,#1636,.T.);
#2162=ORIENTED_EDGE('',*,*,#1634,.T.);
#2163=ORIENTED_EDGE('',*,*,#1632,.T.);
#2164=ORIENTED_EDGE('',*,*,#1630,.T.);
#2165=ORIENTED_EDGE('',*,*,#1628,.T.);
#2166=ORIENTED_EDGE('',*,*,#1626,.T.);
#2167=ORIENTED_EDGE('',*,*,#1624,.T.);
#2168=ORIENTED_EDGE('',*,*,#1457,.T.);
#2169=ORIENTED_EDGE('',*,*,#1641,.T.);
#2170=ORIENTED_EDGE('',*,*,#1642,.F.);
#2171=ORIENTED_EDGE('',*,*,#1643,.F.);
#2172=ORIENTED_EDGE('',*,*,#1458,.T.);
#2173=ORIENTED_EDGE('',*,*,#1643,.T.);
#2174=ORIENTED_EDGE('',*,*,#1644,.F.);
#2175=ORIENTED_EDGE('',*,*,#1645,.F.);
#2176=ORIENTED_EDGE('',*,*,#1459,.T.);
#2177=ORIENTED_EDGE('',*,*,#1645,.T.);
#2178=ORIENTED_EDGE('',*,*,#1646,.F.);
#2179=ORIENTED_EDGE('',*,*,#1647,.F.);
#2180=ORIENTED_EDGE('',*,*,#1460,.T.);
#2181=ORIENTED_EDGE('',*,*,#1647,.T.);
#2182=ORIENTED_EDGE('',*,*,#1648,.F.);
#2183=ORIENTED_EDGE('',*,*,#1649,.F.);
#2184=ORIENTED_EDGE('',*,*,#1461,.T.);
#2185=ORIENTED_EDGE('',*,*,#1649,.T.);
#2186=ORIENTED_EDGE('',*,*,#1650,.F.);
#2187=ORIENTED_EDGE('',*,*,#1651,.F.);
#2188=ORIENTED_EDGE('',*,*,#1462,.T.);
#2189=ORIENTED_EDGE('',*,*,#1651,.T.);
#2190=ORIENTED_EDGE('',*,*,#1652,.F.);
#2191=ORIENTED_EDGE('',*,*,#1653,.F.);
#2192=ORIENTED_EDGE('',*,*,#1463,.T.);
#2193=ORIENTED_EDGE('',*,*,#1653,.T.);
#2194=ORIENTED_EDGE('',*,*,#1654,.F.);
#2195=ORIENTED_EDGE('',*,*,#1655,.F.);
#2196=ORIENTED_EDGE('',*,*,#1464,.T.);
#2197=ORIENTED_EDGE('',*,*,#1655,.T.);
#2198=ORIENTED_EDGE('',*,*,#1656,.F.);
#2199=ORIENTED_EDGE('',*,*,#1657,.F.);
#2200=ORIENTED_EDGE('',*,*,#1465,.T.);
#2201=ORIENTED_EDGE('',*,*,#1657,.T.);
#2202=ORIENTED_EDGE('',*,*,#1658,.F.);
#2203=ORIENTED_EDGE('',*,*,#1659,.F.);
#2204=ORIENTED_EDGE('',*,*,#1466,.T.);
#2205=ORIENTED_EDGE('',*,*,#1659,.T.);
#2206=ORIENTED_EDGE('',*,*,#1660,.F.);
#2207=ORIENTED_EDGE('',*,*,#1661,.F.);
#2208=ORIENTED_EDGE('',*,*,#1467,.T.);
#2209=ORIENTED_EDGE('',*,*,#1661,.T.);
#2210=ORIENTED_EDGE('',*,*,#1662,.F.);
#2211=ORIENTED_EDGE('',*,*,#1663,.F.);
#2212=ORIENTED_EDGE('',*,*,#1468,.T.);
#2213=ORIENTED_EDGE('',*,*,#1663,.T.);
#2214=ORIENTED_EDGE('',*,*,#1664,.F.);
#2215=ORIENTED_EDGE('',*,*,#1641,.F.);
#2216=ORIENTED_EDGE('',*,*,#1642,.T.);
#2217=ORIENTED_EDGE('',*,*,#1664,.T.);
#2218=ORIENTED_EDGE('',*,*,#1662,.T.);
#2219=ORIENTED_EDGE('',*,*,#1660,.T.);
#2220=ORIENTED_EDGE('',*,*,#1658,.T.);
#2221=ORIENTED_EDGE('',*,*,#1656,.T.);
#2222=ORIENTED_EDGE('',*,*,#1654,.T.);
#2223=ORIENTED_EDGE('',*,*,#1652,.T.);
#2224=ORIENTED_EDGE('',*,*,#1650,.T.);
#2225=ORIENTED_EDGE('',*,*,#1648,.T.);
#2226=ORIENTED_EDGE('',*,*,#1646,.T.);
#2227=ORIENTED_EDGE('',*,*,#1644,.T.);
#2228=ORIENTED_EDGE('',*,*,#1469,.T.);
#2229=ORIENTED_EDGE('',*,*,#1665,.T.);
#2230=ORIENTED_EDGE('',*,*,#1666,.F.);
#2231=ORIENTED_EDGE('',*,*,#1667,.F.);
#2232=ORIENTED_EDGE('',*,*,#1470,.T.);
#2233=ORIENTED_EDGE('',*,*,#1667,.T.);
#2234=ORIENTED_EDGE('',*,*,#1668,.F.);
#2235=ORIENTED_EDGE('',*,*,#1669,.F.);
#2236=ORIENTED_EDGE('',*,*,#1471,.F.);
#2237=ORIENTED_EDGE('',*,*,#1669,.T.);
#2238=ORIENTED_EDGE('',*,*,#1670,.F.);
#2239=ORIENTED_EDGE('',*,*,#1671,.F.);
#2240=ORIENTED_EDGE('',*,*,#1472,.T.);
#2241=ORIENTED_EDGE('',*,*,#1671,.T.);
#2242=ORIENTED_EDGE('',*,*,#1672,.F.);
#2243=ORIENTED_EDGE('',*,*,#1673,.F.);
#2244=ORIENTED_EDGE('',*,*,#1473,.T.);
#2245=ORIENTED_EDGE('',*,*,#1673,.T.);
#2246=ORIENTED_EDGE('',*,*,#1674,.F.);
#2247=ORIENTED_EDGE('',*,*,#1675,.F.);
#2248=ORIENTED_EDGE('',*,*,#1474,.T.);
#2249=ORIENTED_EDGE('',*,*,#1675,.T.);
#2250=ORIENTED_EDGE('',*,*,#1676,.F.);
#2251=ORIENTED_EDGE('',*,*,#1677,.F.);
#2252=ORIENTED_EDGE('',*,*,#1475,.T.);
#2253=ORIENTED_EDGE('',*,*,#1677,.T.);
#2254=ORIENTED_EDGE('',*,*,#1678,.F.);
#2255=ORIENTED_EDGE('',*,*,#1679,.F.);
#2256=ORIENTED_EDGE('',*,*,#1476,.T.);
#2257=ORIENTED_EDGE('',*,*,#1679,.T.);
#2258=ORIENTED_EDGE('',*,*,#1680,.F.);
#2259=ORIENTED_EDGE('',*,*,#1681,.F.);
#2260=ORIENTED_EDGE('',*,*,#1477,.F.);
#2261=ORIENTED_EDGE('',*,*,#1681,.T.);
#2262=ORIENTED_EDGE('',*,*,#1682,.F.);
#2263=ORIENTED_EDGE('',*,*,#1683,.F.);
#2264=ORIENTED_EDGE('',*,*,#1478,.T.);
#2265=ORIENTED_EDGE('',*,*,#1683,.T.);
#2266=ORIENTED_EDGE('',*,*,#1684,.F.);
#2267=ORIENTED_EDGE('',*,*,#1685,.F.);
#2268=ORIENTED_EDGE('',*,*,#1479,.T.);
#2269=ORIENTED_EDGE('',*,*,#1685,.T.);
#2270=ORIENTED_EDGE('',*,*,#1686,.F.);
#2271=ORIENTED_EDGE('',*,*,#1687,.F.);
#2272=ORIENTED_EDGE('',*,*,#1480,.T.);
#2273=ORIENTED_EDGE('',*,*,#1687,.T.);
#2274=ORIENTED_EDGE('',*,*,#1688,.F.);
#2275=ORIENTED_EDGE('',*,*,#1665,.F.);
#2276=ORIENTED_EDGE('',*,*,#1666,.T.);
#2277=ORIENTED_EDGE('',*,*,#1688,.T.);
#2278=ORIENTED_EDGE('',*,*,#1686,.T.);
#2279=ORIENTED_EDGE('',*,*,#1684,.T.);
#2280=ORIENTED_EDGE('',*,*,#1682,.T.);
#2281=ORIENTED_EDGE('',*,*,#1680,.T.);
#2282=ORIENTED_EDGE('',*,*,#1678,.T.);
#2283=ORIENTED_EDGE('',*,*,#1676,.T.);
#2284=ORIENTED_EDGE('',*,*,#1674,.T.);
#2285=ORIENTED_EDGE('',*,*,#1672,.T.);
#2286=ORIENTED_EDGE('',*,*,#1670,.T.);
#2287=ORIENTED_EDGE('',*,*,#1668,.T.);
#2288=ORIENTED_EDGE('',*,*,#1481,.T.);
#2289=ORIENTED_EDGE('',*,*,#1689,.T.);
#2290=ORIENTED_EDGE('',*,*,#1690,.F.);
#2291=ORIENTED_EDGE('',*,*,#1691,.F.);
#2292=ORIENTED_EDGE('',*,*,#1482,.T.);
#2293=ORIENTED_EDGE('',*,*,#1691,.T.);
#2294=ORIENTED_EDGE('',*,*,#1692,.F.);
#2295=ORIENTED_EDGE('',*,*,#1693,.F.);
#2296=ORIENTED_EDGE('',*,*,#1483,.F.);
#2297=ORIENTED_EDGE('',*,*,#1693,.T.);
#2298=ORIENTED_EDGE('',*,*,#1694,.F.);
#2299=ORIENTED_EDGE('',*,*,#1695,.F.);
#2300=ORIENTED_EDGE('',*,*,#1484,.T.);
#2301=ORIENTED_EDGE('',*,*,#1695,.T.);
#2302=ORIENTED_EDGE('',*,*,#1696,.F.);
#2303=ORIENTED_EDGE('',*,*,#1697,.F.);
#2304=ORIENTED_EDGE('',*,*,#1485,.T.);
#2305=ORIENTED_EDGE('',*,*,#1697,.T.);
#2306=ORIENTED_EDGE('',*,*,#1698,.F.);
#2307=ORIENTED_EDGE('',*,*,#1699,.F.);
#2308=ORIENTED_EDGE('',*,*,#1486,.T.);
#2309=ORIENTED_EDGE('',*,*,#1699,.T.);
#2310=ORIENTED_EDGE('',*,*,#1700,.F.);
#2311=ORIENTED_EDGE('',*,*,#1701,.F.);
#2312=ORIENTED_EDGE('',*,*,#1487,.T.);
#2313=ORIENTED_EDGE('',*,*,#1701,.T.);
#2314=ORIENTED_EDGE('',*,*,#1702,.F.);
#2315=ORIENTED_EDGE('',*,*,#1703,.F.);
#2316=ORIENTED_EDGE('',*,*,#1488,.T.);
#2317=ORIENTED_EDGE('',*,*,#1703,.T.);
#2318=ORIENTED_EDGE('',*,*,#1704,.F.);
#2319=ORIENTED_EDGE('',*,*,#1705,.F.);
#2320=ORIENTED_EDGE('',*,*,#1489,.F.);
#2321=ORIENTED_EDGE('',*,*,#1705,.T.);
#2322=ORIENTED_EDGE('',*,*,#1706,.F.);
#2323=ORIENTED_EDGE('',*,*,#1707,.F.);
#2324=ORIENTED_EDGE('',*,*,#1490,.T.);
#2325=ORIENTED_EDGE('',*,*,#1707,.T.);
#2326=ORIENTED_EDGE('',*,*,#1708,.F.);
#2327=ORIENTED_EDGE('',*,*,#1709,.F.);
#2328=ORIENTED_EDGE('',*,*,#1491,.T.);
#2329=ORIENTED_EDGE('',*,*,#1709,.T.);
#2330=ORIENTED_EDGE('',*,*,#1710,.F.);
#2331=ORIENTED_EDGE('',*,*,#1711,.F.);
#2332=ORIENTED_EDGE('',*,*,#1492,.T.);
#2333=ORIENTED_EDGE('',*,*,#1711,.T.);
#2334=ORIENTED_EDGE('',*,*,#1712,.F.);
#2335=ORIENTED_EDGE('',*,*,#1689,.F.);
#2336=ORIENTED_EDGE('',*,*,#1690,.T.);
#2337=ORIENTED_EDGE('',*,*,#1712,.T.);
#2338=ORIENTED_EDGE('',*,*,#1710,.T.);
#2339=ORIENTED_EDGE('',*,*,#1708,.T.);
#2340=ORIENTED_EDGE('',*,*,#1706,.T.);
#2341=ORIENTED_EDGE('',*,*,#1704,.T.);
#2342=ORIENTED_EDGE('',*,*,#1702,.T.);
#2343=ORIENTED_EDGE('',*,*,#1700,.T.);
#2344=ORIENTED_EDGE('',*,*,#1698,.T.);
#2345=ORIENTED_EDGE('',*,*,#1696,.T.);
#2346=ORIENTED_EDGE('',*,*,#1694,.T.);
#2347=ORIENTED_EDGE('',*,*,#1692,.T.);
#2348=ORIENTED_EDGE('',*,*,#1498,.F.);
#2349=ORIENTED_EDGE('',*,*,#1713,.T.);
#2350=ORIENTED_EDGE('',*,*,#1420,.F.);
#2351=ORIENTED_EDGE('',*,*,#1435,.F.);
#2352=ORIENTED_EDGE('',*,*,#1497,.F.);
#2353=ORIENTED_EDGE('',*,*,#1714,.T.);
#2354=ORIENTED_EDGE('',*,*,#1421,.F.);
#2355=ORIENTED_EDGE('',*,*,#1713,.F.);
#2356=ORIENTED_EDGE('',*,*,#1496,.T.);
#2357=ORIENTED_EDGE('',*,*,#1715,.T.);
#2358=ORIENTED_EDGE('',*,*,#1422,.F.);
#2359=ORIENTED_EDGE('',*,*,#1714,.F.);
#2360=ORIENTED_EDGE('',*,*,#1495,.T.);
#2361=ORIENTED_EDGE('',*,*,#1716,.T.);
#2362=ORIENTED_EDGE('',*,*,#1423,.F.);
#2363=ORIENTED_EDGE('',*,*,#1715,.F.);
#2364=ORIENTED_EDGE('',*,*,#1494,.T.);
#2365=ORIENTED_EDGE('',*,*,#1717,.F.);
#2366=ORIENTED_EDGE('',*,*,#1424,.F.);
#2367=ORIENTED_EDGE('',*,*,#1716,.F.);
#2368=ORIENTED_EDGE('',*,*,#1493,.F.);
#2369=ORIENTED_EDGE('',*,*,#1436,.T.);
#2370=ORIENTED_EDGE('',*,*,#1425,.F.);
#2371=ORIENTED_EDGE('',*,*,#1717,.T.);
#2372=ORIENTED_EDGE('',*,*,#1499,.T.);
#2373=ORIENTED_EDGE('',*,*,#1718,.T.);
#2374=ORIENTED_EDGE('',*,*,#1719,.F.);
#2375=ORIENTED_EDGE('',*,*,#1720,.F.);
#2376=ORIENTED_EDGE('',*,*,#1500,.T.);
#2377=ORIENTED_EDGE('',*,*,#1720,.T.);
#2378=ORIENTED_EDGE('',*,*,#1721,.F.);
#2379=ORIENTED_EDGE('',*,*,#1722,.F.);
#2380=ORIENTED_EDGE('',*,*,#1501,.T.);
#2381=ORIENTED_EDGE('',*,*,#1722,.T.);
#2382=ORIENTED_EDGE('',*,*,#1723,.F.);
#2383=ORIENTED_EDGE('',*,*,#1724,.F.);
#2384=ORIENTED_EDGE('',*,*,#1502,.F.);
#2385=ORIENTED_EDGE('',*,*,#1724,.T.);
#2386=ORIENTED_EDGE('',*,*,#1725,.F.);
#2387=ORIENTED_EDGE('',*,*,#1726,.F.);
#2388=ORIENTED_EDGE('',*,*,#1503,.T.);
#2389=ORIENTED_EDGE('',*,*,#1726,.T.);
#2390=ORIENTED_EDGE('',*,*,#1727,.F.);
#2391=ORIENTED_EDGE('',*,*,#1728,.F.);
#2392=ORIENTED_EDGE('',*,*,#1504,.T.);
#2393=ORIENTED_EDGE('',*,*,#1728,.T.);
#2394=ORIENTED_EDGE('',*,*,#1729,.F.);
#2395=ORIENTED_EDGE('',*,*,#1730,.F.);
#2396=ORIENTED_EDGE('',*,*,#1505,.T.);
#2397=ORIENTED_EDGE('',*,*,#1730,.T.);
#2398=ORIENTED_EDGE('',*,*,#1731,.F.);
#2399=ORIENTED_EDGE('',*,*,#1732,.F.);
#2400=ORIENTED_EDGE('',*,*,#1506,.T.);
#2401=ORIENTED_EDGE('',*,*,#1732,.T.);
#2402=ORIENTED_EDGE('',*,*,#1733,.F.);
#2403=ORIENTED_EDGE('',*,*,#1734,.F.);
#2404=ORIENTED_EDGE('',*,*,#1507,.T.);
#2405=ORIENTED_EDGE('',*,*,#1734,.T.);
#2406=ORIENTED_EDGE('',*,*,#1735,.F.);
#2407=ORIENTED_EDGE('',*,*,#1736,.F.);
#2408=ORIENTED_EDGE('',*,*,#1508,.T.);
#2409=ORIENTED_EDGE('',*,*,#1736,.T.);
#2410=ORIENTED_EDGE('',*,*,#1737,.F.);
#2411=ORIENTED_EDGE('',*,*,#1738,.F.);
#2412=ORIENTED_EDGE('',*,*,#1509,.T.);
#2413=ORIENTED_EDGE('',*,*,#1738,.T.);
#2414=ORIENTED_EDGE('',*,*,#1739,.F.);
#2415=ORIENTED_EDGE('',*,*,#1718,.F.);
#2416=ORIENTED_EDGE('',*,*,#1719,.T.);
#2417=ORIENTED_EDGE('',*,*,#1739,.T.);
#2418=ORIENTED_EDGE('',*,*,#1737,.T.);
#2419=ORIENTED_EDGE('',*,*,#1735,.T.);
#2420=ORIENTED_EDGE('',*,*,#1733,.T.);
#2421=ORIENTED_EDGE('',*,*,#1731,.T.);
#2422=ORIENTED_EDGE('',*,*,#1729,.T.);
#2423=ORIENTED_EDGE('',*,*,#1727,.T.);
#2424=ORIENTED_EDGE('',*,*,#1725,.T.);
#2425=ORIENTED_EDGE('',*,*,#1723,.T.);
#2426=ORIENTED_EDGE('',*,*,#1721,.T.);
#2427=ORIENTED_EDGE('',*,*,#1740,.T.);
#2428=ORIENTED_EDGE('',*,*,#1741,.T.);
#2429=ORIENTED_EDGE('',*,*,#1742,.T.);
#2430=ORIENTED_EDGE('',*,*,#1743,.F.);
#2431=ORIENTED_EDGE('',*,*,#1744,.T.);
#2432=ORIENTED_EDGE('',*,*,#1740,.F.);
#2433=ORIENTED_EDGE('',*,*,#1745,.F.);
#2434=ORIENTED_EDGE('',*,*,#1746,.F.);
#2435=ORIENTED_EDGE('',*,*,#1747,.F.);
#2436=ORIENTED_EDGE('',*,*,#1743,.T.);
#2437=ORIENTED_EDGE('',*,*,#1746,.T.);
#2438=ORIENTED_EDGE('',*,*,#1745,.T.);
#2439=ORIENTED_EDGE('',*,*,#1742,.F.);
#2440=ORIENTED_EDGE('',*,*,#1748,.F.);
#2441=ORIENTED_EDGE('',*,*,#1747,.T.);
#2442=ORIENTED_EDGE('',*,*,#1748,.T.);
#2443=ORIENTED_EDGE('',*,*,#1741,.F.);
#2444=ORIENTED_EDGE('',*,*,#1744,.F.);
#2445=ORIENTED_EDGE('',*,*,#1510,.T.);
#2446=ORIENTED_EDGE('',*,*,#1749,.T.);
#2447=ORIENTED_EDGE('',*,*,#1750,.F.);
#2448=ORIENTED_EDGE('',*,*,#1751,.F.);
#2449=ORIENTED_EDGE('',*,*,#1511,.T.);
#2450=ORIENTED_EDGE('',*,*,#1751,.T.);
#2451=ORIENTED_EDGE('',*,*,#1752,.F.);
#2452=ORIENTED_EDGE('',*,*,#1753,.F.);
#2453=ORIENTED_EDGE('',*,*,#1512,.T.);
#2454=ORIENTED_EDGE('',*,*,#1753,.T.);
#2455=ORIENTED_EDGE('',*,*,#1754,.F.);
#2456=ORIENTED_EDGE('',*,*,#1755,.F.);
#2457=ORIENTED_EDGE('',*,*,#1513,.T.);
#2458=ORIENTED_EDGE('',*,*,#1755,.T.);
#2459=ORIENTED_EDGE('',*,*,#1756,.F.);
#2460=ORIENTED_EDGE('',*,*,#1749,.F.);
#2461=ORIENTED_EDGE('',*,*,#1750,.T.);
#2462=ORIENTED_EDGE('',*,*,#1756,.T.);
#2463=ORIENTED_EDGE('',*,*,#1754,.T.);
#2464=ORIENTED_EDGE('',*,*,#1752,.T.);
#2465=ORIENTED_EDGE('',*,*,#1514,.F.);
#2466=ORIENTED_EDGE('',*,*,#1757,.T.);
#2467=ORIENTED_EDGE('',*,*,#1758,.F.);
#2468=ORIENTED_EDGE('',*,*,#1759,.T.);
#2469=ORIENTED_EDGE('',*,*,#1515,.F.);
#2470=ORIENTED_EDGE('',*,*,#1759,.F.);
#2471=ORIENTED_EDGE('',*,*,#1760,.F.);
#2472=ORIENTED_EDGE('',*,*,#1761,.F.);
#2473=ORIENTED_EDGE('',*,*,#1516,.F.);
#2474=ORIENTED_EDGE('',*,*,#1761,.T.);
#2475=ORIENTED_EDGE('',*,*,#1762,.F.);
#2476=ORIENTED_EDGE('',*,*,#1763,.T.);
#2477=ORIENTED_EDGE('',*,*,#1517,.T.);
#2478=ORIENTED_EDGE('',*,*,#1763,.F.);
#2479=ORIENTED_EDGE('',*,*,#1764,.F.);
#2480=ORIENTED_EDGE('',*,*,#1765,.F.);
#2481=ORIENTED_EDGE('',*,*,#1518,.F.);
#2482=ORIENTED_EDGE('',*,*,#1765,.T.);
#2483=ORIENTED_EDGE('',*,*,#1766,.F.);
#2484=ORIENTED_EDGE('',*,*,#1767,.T.);
#2485=ORIENTED_EDGE('',*,*,#1519,.F.);
#2486=ORIENTED_EDGE('',*,*,#1767,.F.);
#2487=ORIENTED_EDGE('',*,*,#1768,.F.);
#2488=ORIENTED_EDGE('',*,*,#1769,.F.);
#2489=ORIENTED_EDGE('',*,*,#1520,.F.);
#2490=ORIENTED_EDGE('',*,*,#1769,.T.);
#2491=ORIENTED_EDGE('',*,*,#1770,.F.);
#2492=ORIENTED_EDGE('',*,*,#1757,.F.);
#2493=ORIENTED_EDGE('',*,*,#1758,.T.);
#2494=ORIENTED_EDGE('',*,*,#1770,.T.);
#2495=ORIENTED_EDGE('',*,*,#1768,.T.);
#2496=ORIENTED_EDGE('',*,*,#1766,.T.);
#2497=ORIENTED_EDGE('',*,*,#1764,.T.);
#2498=ORIENTED_EDGE('',*,*,#1762,.T.);
#2499=ORIENTED_EDGE('',*,*,#1760,.T.);
#2500=ORIENTED_EDGE('',*,*,#1413,.F.);
#2501=ORIENTED_EDGE('',*,*,#1412,.T.);
#2502=ORIENTED_EDGE('',*,*,#1428,.F.);
#2503=ORIENTED_EDGE('',*,*,#1771,.T.);
#2504=ORIENTED_EDGE('',*,*,#1414,.T.);
#2505=ORIENTED_EDGE('',*,*,#1771,.F.);
#2506=ORIENTED_EDGE('',*,*,#1427,.F.);
#2507=ORIENTED_EDGE('',*,*,#1772,.F.);
#2508=ORIENTED_EDGE('',*,*,#1415,.T.);
#2509=ORIENTED_EDGE('',*,*,#1772,.T.);
#2510=ORIENTED_EDGE('',*,*,#1426,.F.);
#2511=ORIENTED_EDGE('',*,*,#1417,.F.);
#2512=ORIENTED_EDGE('',*,*,#1773,.T.);
#2513=ORIENTED_EDGE('',*,*,#1774,.T.);
#2514=ORIENTED_EDGE('',*,*,#1429,.F.);
#2515=ORIENTED_EDGE('',*,*,#1775,.F.);
#2516=ORIENTED_EDGE('',*,*,#1776,.T.);
#2517=ORIENTED_EDGE('',*,*,#1777,.T.);
#2518=ORIENTED_EDGE('',*,*,#1778,.F.);
#2519=ORIENTED_EDGE('',*,*,#1779,.F.);
#2520=ORIENTED_EDGE('',*,*,#1773,.F.);
#2521=ORIENTED_EDGE('',*,*,#1776,.F.);
#2522=ORIENTED_EDGE('',*,*,#1775,.T.);
#2523=ORIENTED_EDGE('',*,*,#1433,.F.);
#2524=ORIENTED_EDGE('',*,*,#1780,.F.);
#2525=ORIENTED_EDGE('',*,*,#1777,.F.);
#2526=ORIENTED_EDGE('',*,*,#1780,.T.);
#2527=ORIENTED_EDGE('',*,*,#1432,.F.);
#2528=ORIENTED_EDGE('',*,*,#1781,.T.);
#2529=ORIENTED_EDGE('',*,*,#1778,.T.);
#2530=ORIENTED_EDGE('',*,*,#1781,.F.);
#2531=ORIENTED_EDGE('',*,*,#1431,.F.);
#2532=ORIENTED_EDGE('',*,*,#1782,.F.);
#2533=ORIENTED_EDGE('',*,*,#1779,.T.);
#2534=ORIENTED_EDGE('',*,*,#1782,.T.);
#2535=ORIENTED_EDGE('',*,*,#1430,.F.);
#2536=ORIENTED_EDGE('',*,*,#1774,.F.);
#2537=CYLINDRICAL_SURFACE('',#2717,0.25);
#2538=CYLINDRICAL_SURFACE('',#2730,0.5);
#2539=CYLINDRICAL_SURFACE('',#2753,0.5);
#2540=CYLINDRICAL_SURFACE('',#2754,0.5);
#2541=CYLINDRICAL_SURFACE('',#2757,6.25);
#2542=CYLINDRICAL_SURFACE('',#2763,0.5);
#2543=CYLINDRICAL_SURFACE('',#2770,0.5);
#2544=CYLINDRICAL_SURFACE('',#2775,0.5);
#2545=CYLINDRICAL_SURFACE('',#2778,0.5);
#2546=CYLINDRICAL_SURFACE('',#2783,0.5);
#2547=CYLINDRICAL_SURFACE('',#2789,3.);
#2548=CYLINDRICAL_SURFACE('',#2793,1.55);
#2549=CYLINDRICAL_SURFACE('',#2794,1.5);
#2550=CYLINDRICAL_SURFACE('',#2797,1.15);
#2551=ADVANCED_FACE('',(#194),#2537,.F.);
#2552=ADVANCED_FACE('',(#195),#78,.T.);
#2553=ADVANCED_FACE('',(#196),#66,.T.);
#2554=ADVANCED_FACE('',(#197),#79,.F.);
#2555=ADVANCED_FACE('',(#198),#80,.T.);
#2556=ADVANCED_FACE('',(#199,#25,#26),#81,.T.);
#2557=ADVANCED_FACE('',(#200),#67,.T.);
#2558=ADVANCED_FACE('',(#201,#27,#28,#29,#30,#31,#32,#33,#34),#82,.F.);
#2559=ADVANCED_FACE('',(#202,#35),#83,.T.);
#2560=ADVANCED_FACE('',(#203),#2538,.F.);
#2561=ADVANCED_FACE('',(#204),#84,.F.);
#2562=ADVANCED_FACE('',(#205,#36,#37),#85,.T.);
#2563=ADVANCED_FACE('',(#206,#38),#86,.F.);
#2564=ADVANCED_FACE('',(#207,#39),#87,.F.);
#2565=ADVANCED_FACE('',(#208),#88,.F.);
#2566=ADVANCED_FACE('',(#209),#89,.F.);
#2567=ADVANCED_FACE('',(#210),#2539,.T.);
#2568=ADVANCED_FACE('',(#211),#2540,.T.);
#2569=ADVANCED_FACE('',(#212),#90,.F.);
#2570=ADVANCED_FACE('',(#213),#2541,.T.);
#2571=ADVANCED_FACE('',(#214),#91,.F.);
#2572=ADVANCED_FACE('',(#215),#2542,.F.);
#2573=ADVANCED_FACE('',(#216),#92,.F.);
#2574=ADVANCED_FACE('',(#217),#93,.F.);
#2575=ADVANCED_FACE('',(#218),#94,.F.);
#2576=ADVANCED_FACE('',(#219),#2543,.F.);
#2577=ADVANCED_FACE('',(#220),#95,.F.);
#2578=ADVANCED_FACE('',(#221),#96,.F.);
#2579=ADVANCED_FACE('',(#222),#2544,.T.);
#2580=ADVANCED_FACE('',(#223),#97,.F.);
#2581=ADVANCED_FACE('',(#224),#98,.F.);
#2582=ADVANCED_FACE('',(#225),#2545,.T.);
#2583=ADVANCED_FACE('',(#226),#99,.T.);
#2584=ADVANCED_FACE('',(#227),#100,.F.);
#2585=ADVANCED_FACE('',(#228),#101,.F.);
#2586=ADVANCED_FACE('',(#229),#2546,.F.);
#2587=ADVANCED_FACE('',(#230),#102,.F.);
#2588=ADVANCED_FACE('',(#231),#103,.F.);
#2589=ADVANCED_FACE('',(#232),#104,.F.);
#2590=ADVANCED_FACE('',(#233),#105,.F.);
#2591=ADVANCED_FACE('',(#234),#2547,.F.);
#2592=ADVANCED_FACE('',(#235,#40),#106,.T.);
#2593=ADVANCED_FACE('',(#236),#2548,.F.);
#2594=ADVANCED_FACE('',(#237),#2549,.T.);
#2595=ADVANCED_FACE('',(#238),#107,.T.);
#2596=ADVANCED_FACE('',(#239),#2550,.T.);
#2597=ADVANCED_FACE('',(#240),#15,.T.);
#2598=ADVANCED_FACE('',(#241),#108,.T.);
#2599=ADVANCED_FACE('',(#242),#109,.F.);
#2600=ADVANCED_FACE('',(#243),#110,.T.);
#2601=ADVANCED_FACE('',(#244),#111,.T.);
#2602=ADVANCED_FACE('',(#245),#112,.T.);
#2603=ADVANCED_FACE('',(#246),#113,.T.);
#2604=ADVANCED_FACE('',(#247),#114,.T.);
#2605=ADVANCED_FACE('',(#248),#115,.T.);
#2606=ADVANCED_FACE('',(#249),#116,.T.);
#2607=ADVANCED_FACE('',(#250),#117,.T.);
#2608=ADVANCED_FACE('',(#251),#118,.T.);
#2609=ADVANCED_FACE('',(#252),#119,.T.);
#2610=ADVANCED_FACE('',(#253),#120,.F.);
#2611=ADVANCED_FACE('',(#254),#121,.T.);
#2612=ADVANCED_FACE('',(#255),#122,.T.);
#2613=ADVANCED_FACE('',(#256),#123,.T.);
#2614=ADVANCED_FACE('',(#257),#124,.T.);
#2615=ADVANCED_FACE('',(#258),#125,.T.);
#2616=ADVANCED_FACE('',(#259),#126,.T.);
#2617=ADVANCED_FACE('',(#260),#127,.T.);
#2618=ADVANCED_FACE('',(#261),#128,.T.);
#2619=ADVANCED_FACE('',(#262),#129,.T.);
#2620=ADVANCED_FACE('',(#263),#130,.T.);
#2621=ADVANCED_FACE('',(#264),#131,.T.);
#2622=ADVANCED_FACE('',(#265),#132,.T.);
#2623=ADVANCED_FACE('',(#266),#133,.F.);
#2624=ADVANCED_FACE('',(#267),#134,.T.);
#2625=ADVANCED_FACE('',(#268),#135,.T.);
#2626=ADVANCED_FACE('',(#269),#136,.T.);
#2627=ADVANCED_FACE('',(#270),#137,.T.);
#2628=ADVANCED_FACE('',(#271),#138,.T.);
#2629=ADVANCED_FACE('',(#272),#139,.T.);
#2630=ADVANCED_FACE('',(#273),#140,.T.);
#2631=ADVANCED_FACE('',(#274),#141,.T.);
#2632=ADVANCED_FACE('',(#275),#142,.T.);
#2633=ADVANCED_FACE('',(#276),#143,.T.);
#2634=ADVANCED_FACE('',(#277),#144,.T.);
#2635=ADVANCED_FACE('',(#278),#145,.T.);
#2636=ADVANCED_FACE('',(#279),#146,.F.);
#2637=ADVANCED_FACE('',(#280),#147,.T.);
#2638=ADVANCED_FACE('',(#281),#148,.T.);
#2639=ADVANCED_FACE('',(#282),#149,.T.);
#2640=ADVANCED_FACE('',(#283),#150,.T.);
#2641=ADVANCED_FACE('',(#284),#151,.T.);
#2642=ADVANCED_FACE('',(#285),#152,.T.);
#2643=ADVANCED_FACE('',(#286),#153,.T.);
#2644=ADVANCED_FACE('',(#287),#154,.T.);
#2645=ADVANCED_FACE('',(#288),#155,.T.);
#2646=ADVANCED_FACE('',(#289),#156,.T.);
#2647=ADVANCED_FACE('',(#290),#157,.T.);
#2648=ADVANCED_FACE('',(#291),#158,.T.);
#2649=ADVANCED_FACE('',(#292),#159,.F.);
#2650=ADVANCED_FACE('',(#293),#68,.T.);
#2651=ADVANCED_FACE('',(#294),#69,.T.);
#2652=ADVANCED_FACE('',(#295),#160,.T.);
#2653=ADVANCED_FACE('',(#296),#161,.T.);
#2654=ADVANCED_FACE('',(#297),#162,.T.);
#2655=ADVANCED_FACE('',(#298),#70,.T.);
#2656=ADVANCED_FACE('',(#299),#163,.T.);
#2657=ADVANCED_FACE('',(#300),#164,.T.);
#2658=ADVANCED_FACE('',(#301),#165,.T.);
#2659=ADVANCED_FACE('',(#302),#166,.T.);
#2660=ADVANCED_FACE('',(#303),#167,.T.);
#2661=ADVANCED_FACE('',(#304),#168,.T.);
#2662=ADVANCED_FACE('',(#305),#169,.T.);
#2663=ADVANCED_FACE('',(#306),#170,.T.);
#2664=ADVANCED_FACE('',(#307),#171,.T.);
#2665=ADVANCED_FACE('',(#308),#172,.T.);
#2666=ADVANCED_FACE('',(#309),#173,.T.);
#2667=ADVANCED_FACE('',(#310,#41),#174,.T.);
#2668=ADVANCED_FACE('',(#311),#175,.T.);
#2669=ADVANCED_FACE('',(#312),#176,.F.);
#2670=ADVANCED_FACE('',(#313),#177,.T.);
#2671=ADVANCED_FACE('',(#314),#178,.T.);
#2672=ADVANCED_FACE('',(#315),#179,.T.);
#2673=ADVANCED_FACE('',(#316),#180,.T.);
#2674=ADVANCED_FACE('',(#317),#181,.T.);
#2675=ADVANCED_FACE('',(#318),#182,.T.);
#2676=ADVANCED_FACE('',(#319),#183,.F.);
#2677=ADVANCED_FACE('',(#320),#71,.T.);
#2678=ADVANCED_FACE('',(#321),#184,.T.);
#2679=ADVANCED_FACE('',(#322),#72,.T.);
#2680=ADVANCED_FACE('',(#323),#185,.T.);
#2681=ADVANCED_FACE('',(#324),#73,.T.);
#2682=ADVANCED_FACE('',(#325),#186,.T.);
#2683=ADVANCED_FACE('',(#326),#74,.T.);
#2684=ADVANCED_FACE('',(#327),#187,.T.);
#2685=ADVANCED_FACE('',(#328),#75,.T.);
#2686=ADVANCED_FACE('',(#329),#188,.T.);
#2687=ADVANCED_FACE('',(#330),#189,.T.);
#2688=ADVANCED_FACE('',(#331),#190,.T.);
#2689=ADVANCED_FACE('',(#332),#191,.F.);
#2690=ADVANCED_FACE('',(#333),#76,.T.);
#2691=ADVANCED_FACE('',(#334),#77,.T.);
#2692=ADVANCED_FACE('',(#335),#192,.T.);
#2693=ADVANCED_FACE('',(#336),#193,.T.);
#2694=CLOSED_SHELL('',(#2551,#2552,#2553,#2554,#2555,#2556,#2557,#2558,
#2559,#2560,#2561,#2562,#2563,#2564,#2565,#2566,#2567,#2568,#2569,#2570,
#2571,#2572,#2573,#2574,#2575,#2576,#2577,#2578,#2579,#2580,#2581,#2582,
#2583,#2584,#2585,#2586,#2587,#2588,#2589,#2590,#2591,#2592,#2593,#2594,
#2595,#2596,#2597,#2598,#2599,#2600,#2601,#2602,#2603,#2604,#2605,#2606,
#2607,#2608,#2609,#2610,#2611,#2612,#2613,#2614,#2615,#2616,#2617,#2618,
#2619,#2620,#2621,#2622,#2623,#2624,#2625,#2626,#2627,#2628,#2629,#2630,
#2631,#2632,#2633,#2634,#2635,#2636,#2637,#2638,#2639,#2640,#2641,#2642,
#2643,#2644,#2645,#2646,#2647,#2648,#2649,#2650,#2651,#2652,#2653,#2654,
#2655,#2656,#2657,#2658,#2659,#2660,#2661,#2662,#2663,#2664,#2665,#2666,
#2667,#2668,#2669,#2670,#2671,#2672,#2673,#2674,#2675,#2676,#2677,#2678,
#2679,#2680,#2681,#2682,#2683,#2684,#2685,#2686,#2687,#2688,#2689,#2690,
#2691,#2692,#2693));
#2695=DERIVED_UNIT_ELEMENT(#2698,1.);
#2696=DERIVED_UNIT_ELEMENT(#5548,-3.);
#2697=DIMENSIONAL_EXPONENTS(0.,1.,0.,0.,0.,0.,0.);
#2698=(
CONVERSION_BASED_UNIT('gram',#2700)
MASS_UNIT()
NAMED_UNIT(#2697)
);
#2699=(
MASS_UNIT()
NAMED_UNIT(*)
SI_UNIT(.KILO.,.GRAM.)
);
#2700=MASS_MEASURE_WITH_UNIT(MASS_MEASURE(0.001),#2699);
#2701=DERIVED_UNIT((#2695,#2696));
#2702=MEASURE_REPRESENTATION_ITEM('density measure',
POSITIVE_RATIO_MEASURE(7.85),#2701);
#2703=PROPERTY_DEFINITION_REPRESENTATION(#2708,#2705);
#2704=PROPERTY_DEFINITION_REPRESENTATION(#2709,#2706);
#2705=REPRESENTATION('material name',(#2707),#5545);
#2706=REPRESENTATION('density',(#2702),#5545);
#2707=DESCRIPTIVE_REPRESENTATION_ITEM('Stahl','Stahl');
#2708=PROPERTY_DEFINITION('material property','material name',#5555);
#2709=PROPERTY_DEFINITION('material property','density of part',#5555);
#2710=DATE_TIME_ROLE('creation_date');
#2711=APPLIED_DATE_AND_TIME_ASSIGNMENT(#2712,#2710,(#5555));
#2712=DATE_AND_TIME(#2713,#2714);
#2713=CALENDAR_DATE(2025,3,10);
#2714=LOCAL_TIME(0,0,0.,#2715);
#2715=COORDINATED_UNIVERSAL_TIME_OFFSET(0,0,.BEHIND.);
#2716=AXIS2_PLACEMENT_3D('',#3543,#2887,#2888);
#2717=AXIS2_PLACEMENT_3D('',#3544,#2889,#2890);
#2718=AXIS2_PLACEMENT_3D('',#3546,#2891,#2892);
#2719=AXIS2_PLACEMENT_3D('',#3549,#2894,#2895);
#2720=AXIS2_PLACEMENT_3D('',#3550,#2896,#2897);
#2721=AXIS2_PLACEMENT_3D('',#3633,#2900,#2901);
#2722=AXIS2_PLACEMENT_3D('',#3655,#2905,#2906);
#2723=AXIS2_PLACEMENT_3D('',#3659,#2909,#2910);
#2724=AXIS2_PLACEMENT_3D('',#3844,#2921,#2922);
#2725=AXIS2_PLACEMENT_3D('',#4242,#3000,#3001);
#2726=AXIS2_PLACEMENT_3D('',#4245,#3002,#3003);
#2727=AXIS2_PLACEMENT_3D('',#4250,#3006,#3007);
#2728=AXIS2_PLACEMENT_3D('',#4258,#3011,#3012);
#2729=AXIS2_PLACEMENT_3D('',#4266,#3016,#3017);
#2730=AXIS2_PLACEMENT_3D('',#4272,#3021,#3022);
#2731=AXIS2_PLACEMENT_3D('',#4275,#3023,#3024);
#2732=AXIS2_PLACEMENT_3D('',#4276,#3025,#3026);
#2733=AXIS2_PLACEMENT_3D('',#4277,#3027,#3028);
#2734=AXIS2_PLACEMENT_3D('',#4278,#3029,#3030);
#2735=AXIS2_PLACEMENT_3D('',#4287,#3035,#3036);
#2736=AXIS2_PLACEMENT_3D('',#4293,#3040,#3041);
#2737=AXIS2_PLACEMENT_3D('',#4298,#3043,#3044);
#2738=AXIS2_PLACEMENT_3D('',#4303,#3047,#3048);
#2739=AXIS2_PLACEMENT_3D('',#4307,#3050,#3051);
#2740=AXIS2_PLACEMENT_3D('',#4312,#3054,#3055);
#2741=AXIS2_PLACEMENT_3D('',#4314,#3056,#3057);
#2742=AXIS2_PLACEMENT_3D('',#4316,#3058,#3059);
#2743=AXIS2_PLACEMENT_3D('',#4317,#3060,#3061);
#2744=AXIS2_PLACEMENT_3D('',#4324,#3065,#3066);
#2745=AXIS2_PLACEMENT_3D('',#4325,#3067,#3068);
#2746=AXIS2_PLACEMENT_3D('',#4329,#3070,#3071);
#2747=AXIS2_PLACEMENT_3D('',#4331,#3072,#3073);
#2748=AXIS2_PLACEMENT_3D('',#4337,#3076,#3077);
#2749=AXIS2_PLACEMENT_3D('',#4342,#3080,#3081);
#2750=AXIS2_PLACEMENT_3D('',#4345,#3083,#3084);
#2751=AXIS2_PLACEMENT_3D('',#4346,#3085,#3086);
#2752=AXIS2_PLACEMENT_3D('',#4349,#3089,#3090);
#2753=AXIS2_PLACEMENT_3D('',#4351,#3092,#3093);
#2754=AXIS2_PLACEMENT_3D('',#4352,#3094,#3095);
#2755=AXIS2_PLACEMENT_3D('',#4353,#3096,#3097);
#2756=AXIS2_PLACEMENT_3D('',#4356,#3099,#3100);
#2757=AXIS2_PLACEMENT_3D('',#4357,#3101,#3102);
#2758=AXIS2_PLACEMENT_3D('',#4361,#3104,#3105);
#2759=AXIS2_PLACEMENT_3D('',#4365,#3107,#3108);
#2760=AXIS2_PLACEMENT_3D('',#4368,#3110,#3111);
#2761=AXIS2_PLACEMENT_3D('',#4369,#3112,#3113);
#2762=AXIS2_PLACEMENT_3D('',#4372,#3114,#3115);
#2763=AXIS2_PLACEMENT_3D('',#4377,#3119,#3120);
#2764=AXIS2_PLACEMENT_3D('',#4378,#3121,#3122);
#2765=AXIS2_PLACEMENT_3D('',#4379,#3123,#3124);
#2766=AXIS2_PLACEMENT_3D('',#4380,#3125,#3126);
#2767=AXIS2_PLACEMENT_3D('',#4382,#3128,#3129);
#2768=AXIS2_PLACEMENT_3D('',#4387,#3133,#3134);
#2769=AXIS2_PLACEMENT_3D('',#4390,#3136,#3137);
#2770=AXIS2_PLACEMENT_3D('',#4391,#3138,#3139);
#2771=AXIS2_PLACEMENT_3D('',#4393,#3140,#3141);
#2772=AXIS2_PLACEMENT_3D('',#4394,#3142,#3143);
#2773=AXIS2_PLACEMENT_3D('',#4395,#3144,#3145);
#2774=AXIS2_PLACEMENT_3D('',#4399,#3148,#3149);
#2775=AXIS2_PLACEMENT_3D('',#4403,#3153,#3154);
#2776=AXIS2_PLACEMENT_3D('',#4405,#3156,#3157);
#2777=AXIS2_PLACEMENT_3D('',#4407,#3159,#3160);
#2778=AXIS2_PLACEMENT_3D('',#4409,#3162,#3163);
#2779=AXIS2_PLACEMENT_3D('',#4410,#3164,#3165);
#2780=AXIS2_PLACEMENT_3D('',#4411,#3166,#3167);
#2781=AXIS2_PLACEMENT_3D('',#4412,#3168,#3169);
#2782=AXIS2_PLACEMENT_3D('',#4413,#3170,#3171);
#2783=AXIS2_PLACEMENT_3D('',#4414,#3172,#3173);
#2784=AXIS2_PLACEMENT_3D('',#4415,#3174,#3175);
#2785=AXIS2_PLACEMENT_3D('',#4416,#3176,#3177);
#2786=AXIS2_PLACEMENT_3D('',#4418,#3179,#3180);
#2787=AXIS2_PLACEMENT_3D('',#4420,#3182,#3183);
#2788=AXIS2_PLACEMENT_3D('',#4421,#3184,#3185);
#2789=AXIS2_PLACEMENT_3D('',#4422,#3186,#3187);
#2790=AXIS2_PLACEMENT_3D('',#4424,#3188,#3189);
#2791=AXIS2_PLACEMENT_3D('',#4426,#3191,#3192);
#2792=AXIS2_PLACEMENT_3D('',#4428,#3193,#3194);
#2793=AXIS2_PLACEMENT_3D('',#4429,#3195,#3196);
#2794=AXIS2_PLACEMENT_3D('',#4431,#3198,#3199);
#2795=AXIS2_PLACEMENT_3D('',#4434,#3201,#3202);
#2796=AXIS2_PLACEMENT_3D('',#4435,#3203,#3204);
#2797=AXIS2_PLACEMENT_3D('',#4436,#3205,#3206);
#2798=AXIS2_PLACEMENT_3D('',#4439,#3208,#3209);
#2799=AXIS2_PLACEMENT_3D('',#4440,#3210,#3211);
#2800=AXIS2_PLACEMENT_3D('',#4443,#3213,#3214);
#2801=AXIS2_PLACEMENT_3D('',#4444,#3215,#3216);
#2802=AXIS2_PLACEMENT_3D('',#4445,#3217,#3218);
#2803=AXIS2_PLACEMENT_3D('',#4446,#3219,#3220);
#2804=AXIS2_PLACEMENT_3D('',#4452,#3224,#3225);
#2805=AXIS2_PLACEMENT_3D('',#4456,#3228,#3229);
#2806=AXIS2_PLACEMENT_3D('',#4460,#3232,#3233);
#2807=AXIS2_PLACEMENT_3D('',#4464,#3236,#3237);
#2808=AXIS2_PLACEMENT_3D('',#4468,#3240,#3241);
#2809=AXIS2_PLACEMENT_3D('',#4472,#3244,#3245);
#2810=AXIS2_PLACEMENT_3D('',#4476,#3248,#3249);
#2811=AXIS2_PLACEMENT_3D('',#4480,#3252,#3253);
#2812=AXIS2_PLACEMENT_3D('',#4484,#3256,#3257);
#2813=AXIS2_PLACEMENT_3D('',#4486,#3259,#3260);
#2814=AXIS2_PLACEMENT_3D('',#4487,#3261,#3262);
#2815=AXIS2_PLACEMENT_3D('',#4493,#3266,#3267);
#2816=AXIS2_PLACEMENT_3D('',#4497,#3270,#3271);
#2817=AXIS2_PLACEMENT_3D('',#4501,#3274,#3275);
#2818=AXIS2_PLACEMENT_3D('',#4505,#3278,#3279);
#2819=AXIS2_PLACEMENT_3D('',#4509,#3282,#3283);
#2820=AXIS2_PLACEMENT_3D('',#4513,#3286,#3287);
#2821=AXIS2_PLACEMENT_3D('',#4517,#3290,#3291);
#2822=AXIS2_PLACEMENT_3D('',#4521,#3294,#3295);
#2823=AXIS2_PLACEMENT_3D('',#4525,#3298,#3299);
#2824=AXIS2_PLACEMENT_3D('',#4529,#3302,#3303);
#2825=AXIS2_PLACEMENT_3D('',#4533,#3306,#3307);
#2826=AXIS2_PLACEMENT_3D('',#4535,#3309,#3310);
#2827=AXIS2_PLACEMENT_3D('',#4536,#3311,#3312);
#2828=AXIS2_PLACEMENT_3D('',#4542,#3316,#3317);
#2829=AXIS2_PLACEMENT_3D('',#4546,#3320,#3321);
#2830=AXIS2_PLACEMENT_3D('',#4550,#3324,#3325);
#2831=AXIS2_PLACEMENT_3D('',#4554,#3328,#3329);
#2832=AXIS2_PLACEMENT_3D('',#4558,#3332,#3333);
#2833=AXIS2_PLACEMENT_3D('',#4562,#3336,#3337);
#2834=AXIS2_PLACEMENT_3D('',#4566,#3340,#3341);
#2835=AXIS2_PLACEMENT_3D('',#4570,#3344,#3345);
#2836=AXIS2_PLACEMENT_3D('',#4574,#3348,#3349);
#2837=AXIS2_PLACEMENT_3D('',#4578,#3352,#3353);
#2838=AXIS2_PLACEMENT_3D('',#4582,#3356,#3357);
#2839=AXIS2_PLACEMENT_3D('',#4584,#3359,#3360);
#2840=AXIS2_PLACEMENT_3D('',#4585,#3361,#3362);
#2841=AXIS2_PLACEMENT_3D('',#4591,#3366,#3367);
#2842=AXIS2_PLACEMENT_3D('',#4595,#3370,#3371);
#2843=AXIS2_PLACEMENT_3D('',#4599,#3374,#3375);
#2844=AXIS2_PLACEMENT_3D('',#4603,#3378,#3379);
#2845=AXIS2_PLACEMENT_3D('',#4607,#3382,#3383);
#2846=AXIS2_PLACEMENT_3D('',#4611,#3386,#3387);
#2847=AXIS2_PLACEMENT_3D('',#4615,#3390,#3391);
#2848=AXIS2_PLACEMENT_3D('',#4619,#3394,#3395);
#2849=AXIS2_PLACEMENT_3D('',#4623,#3398,#3399);
#2850=AXIS2_PLACEMENT_3D('',#4627,#3402,#3403);
#2851=AXIS2_PLACEMENT_3D('',#4631,#3406,#3407);
#2852=AXIS2_PLACEMENT_3D('',#4633,#3409,#3410);
#2853=AXIS2_PLACEMENT_3D('',#4704,#3413,#3414);
#2854=AXIS2_PLACEMENT_3D('',#4706,#3416,#3417);
#2855=AXIS2_PLACEMENT_3D('',#4708,#3419,#3420);
#2856=AXIS2_PLACEMENT_3D('',#4748,#3422,#3423);
#2857=AXIS2_PLACEMENT_3D('',#4754,#3427,#3428);
#2858=AXIS2_PLACEMENT_3D('',#4758,#3431,#3432);
#2859=AXIS2_PLACEMENT_3D('',#4762,#3435,#3436);
#2860=AXIS2_PLACEMENT_3D('',#4766,#3439,#3440);
#2861=AXIS2_PLACEMENT_3D('',#4770,#3443,#3444);
#2862=AXIS2_PLACEMENT_3D('',#4774,#3447,#3448);
#2863=AXIS2_PLACEMENT_3D('',#4778,#3451,#3452);
#2864=AXIS2_PLACEMENT_3D('',#4782,#3455,#3456);
#2865=AXIS2_PLACEMENT_3D('',#4786,#3459,#3460);
#2866=AXIS2_PLACEMENT_3D('',#4790,#3463,#3464);
#2867=AXIS2_PLACEMENT_3D('',#4792,#3466,#3467);
#2868=AXIS2_PLACEMENT_3D('',#4799,#3471,#3472);
#2869=AXIS2_PLACEMENT_3D('',#4805,#3476,#3477);
#2870=AXIS2_PLACEMENT_3D('',#4809,#3480,#3481);
#2871=AXIS2_PLACEMENT_3D('',#4811,#3483,#3484);
#2872=AXIS2_PLACEMENT_3D('',#4812,#3485,#3486);
#2873=AXIS2_PLACEMENT_3D('',#4818,#3490,#3491);
#2874=AXIS2_PLACEMENT_3D('',#4822,#3494,#3495);
#2875=AXIS2_PLACEMENT_3D('',#4826,#3498,#3499);
#2876=AXIS2_PLACEMENT_3D('',#4828,#3501,#3502);
#2877=AXIS2_PLACEMENT_3D('',#4974,#3505,#3506);
#2878=AXIS2_PLACEMENT_3D('',#5121,#3510,#3511);
#2879=AXIS2_PLACEMENT_3D('',#5256,#3515,#3516);
#2880=AXIS2_PLACEMENT_3D('',#5401,#3519,#3520);
#2881=AXIS2_PLACEMENT_3D('',#5433,#3522,#3523);
#2882=AXIS2_PLACEMENT_3D('',#5435,#3525,#3526);
#2883=AXIS2_PLACEMENT_3D('',#5436,#3527,#3528);
#2884=AXIS2_PLACEMENT_3D('',#5442,#3532,#3533);
#2885=AXIS2_PLACEMENT_3D('',#5540,#3538,#3539);
#2886=AXIS2_PLACEMENT_3D('',#5542,#3541,#3542);
#2887=DIRECTION('axis',(0.,0.,1.));
#2888=DIRECTION('refdir',(1.,0.,0.));
#2889=DIRECTION('center_axis',(1.,0.,0.));
#2890=DIRECTION('ref_axis',(0.,-1.,0.));
#2891=DIRECTION('center_axis',(1.,0.,0.));
#2892=DIRECTION('ref_axis',(0.,-1.,0.));
#2893=DIRECTION('',(1.,0.,0.));
#2894=DIRECTION('center_axis',(1.,0.,0.));
#2895=DIRECTION('ref_axis',(0.,-1.,0.));
#2896=DIRECTION('center_axis',(-1.,0.,0.));
#2897=DIRECTION('ref_axis',(0.,-1.,0.));
#2898=DIRECTION('',(0.,1.,-4.4408920986E-14));
#2899=DIRECTION('',(-6.66133814781E-14,1.,-4.44089209854E-14));
#2900=DIRECTION('center_axis',(0.,1.,0.));
#2901=DIRECTION('ref_axis',(0.,0.,1.));
#2902=DIRECTION('',(1.,0.,0.));
#2903=DIRECTION('',(0.,0.,1.));
#2904=DIRECTION('',(-1.,0.,0.));
#2905=DIRECTION('center_axis',(0.,0.,-1.));
#2906=DIRECTION('ref_axis',(-1.,0.,0.));
#2907=DIRECTION('',(0.,1.,-4.440892098611E-14));
#2908=DIRECTION('',(-1.,-1.523864646509E-13,0.));
#2909=DIRECTION('center_axis',(4.45711411226E-13,-1.,1.148594384473E-12));
#2910=DIRECTION('ref_axis',(0.,-1.148594384473E-12,-1.));
#2911=DIRECTION('',(-1.,-1.460370286238E-13,0.));
#2912=DIRECTION('',(0.,-3.825999346401E-13,-1.));
#2913=DIRECTION('',(1.,1.542151022267E-13,0.));
#2914=DIRECTION('',(0.,3.830479439312E-13,1.));
#2915=DIRECTION('',(1.,1.527771991756E-13,0.));
#2916=DIRECTION('',(-1.,-1.450298767022E-13,0.));
#2917=DIRECTION('',(0.,3.857581888175E-13,1.));
#2918=DIRECTION('',(1.,1.518785097687E-13,0.));
#2919=DIRECTION('',(-2.220446049247E-14,1.,4.440892098494E-14));
#2920=DIRECTION('',(6.661338147792E-14,1.,-4.440892098528E-14));
#2921=DIRECTION('center_axis',(0.,1.,0.));
#2922=DIRECTION('ref_axis',(0.,0.,1.));
#2923=DIRECTION('',(0.,0.,1.));
#2924=DIRECTION('',(-0.707106781186598,0.,-0.707106781186498));
#2925=DIRECTION('',(0.,0.,1.));
#2926=DIRECTION('',(-1.,0.,0.));
#2927=DIRECTION('',(0.,0.,-1.));
#2928=DIRECTION('',(-1.,0.,0.));
#2929=DIRECTION('',(-0.492689649876306,0.,0.870205095885311));
#2930=DIRECTION('',(0.999999999999961,0.,-2.78448981907289E-7));
#2931=DIRECTION('',(0.,0.,1.));
#2932=DIRECTION('',(0.707106781186598,0.,-0.707106781186498));
#2933=DIRECTION('',(0.,0.,1.));
#2934=DIRECTION('',(1.,0.,0.));
#2935=DIRECTION('',(0.,0.,1.));
#2936=DIRECTION('',(-1.,0.,0.));
#2937=DIRECTION('',(0.,0.,1.));
#2938=DIRECTION('',(1.,0.,0.));
#2939=DIRECTION('',(0.,0.,1.));
#2940=DIRECTION('',(1.,0.,0.));
#2941=DIRECTION('',(0.,0.,-1.));
#2942=DIRECTION('',(-1.,0.,0.));
#2943=DIRECTION('',(0.,0.,1.));
#2944=DIRECTION('',(1.,0.,0.));
#2945=DIRECTION('',(0.,0.,-1.));
#2946=DIRECTION('',(1.,0.,0.));
#2947=DIRECTION('',(0.,0.,1.));
#2948=DIRECTION('',(1.,0.,0.));
#2949=DIRECTION('',(0.,0.,-1.));
#2950=DIRECTION('',(-1.,0.,0.));
#2951=DIRECTION('',(0.,0.,1.));
#2952=DIRECTION('',(-1.,0.,0.));
#2953=DIRECTION('',(0.,0.,-1.));
#2954=DIRECTION('',(-1.,0.,0.));
#2955=DIRECTION('',(0.,0.,1.));
#2956=DIRECTION('',(1.,0.,0.));
#2957=DIRECTION('',(-0.405454361794097,0.,0.914115288408493));
#2958=DIRECTION('',(1.,0.,0.));
#2959=DIRECTION('',(0.,0.,1.));
#2960=DIRECTION('',(1.,0.,0.));
#2961=DIRECTION('',(0.,0.,-1.));
#2962=DIRECTION('',(-1.,0.,0.));
#2963=DIRECTION('',(0.405454361794097,0.,-0.914115288408493));
#2964=DIRECTION('',(-1.,0.,0.));
#2965=DIRECTION('',(0.,0.,-1.));
#2966=DIRECTION('',(-1.,0.,0.));
#2967=DIRECTION('',(0.,0.,1.));
#2968=DIRECTION('',(1.,0.,0.));
#2969=DIRECTION('',(-0.405454361794097,0.,0.914115288408493));
#2970=DIRECTION('',(1.,0.,0.));
#2971=DIRECTION('',(0.,0.,1.));
#2972=DIRECTION('',(1.,0.,0.));
#2973=DIRECTION('',(0.,0.,-1.));
#2974=DIRECTION('',(-1.,0.,0.));
#2975=DIRECTION('',(0.405454361794097,0.,-0.914115288408493));
#2976=DIRECTION('',(-1.,0.,0.));
#2977=DIRECTION('',(0.,0.,-1.));
#2978=DIRECTION('',(-1.,0.,0.));
#2979=DIRECTION('',(1.,0.,0.));
#2980=DIRECTION('',(0.,0.,-1.));
#2981=DIRECTION('',(-1.,0.,0.));
#2982=DIRECTION('',(0.,0.,-1.));
#2983=DIRECTION('',(1.,0.,0.));
#2984=DIRECTION('',(0.,0.,-1.));
#2985=DIRECTION('',(0.569209978830293,0.,0.822192191643789));
#2986=DIRECTION('',(-1.,0.,0.));
#2987=DIRECTION('',(0.,0.,1.));
#2988=DIRECTION('',(-1.,0.,0.));
#2989=DIRECTION('',(0.,0.,1.));
#2990=DIRECTION('',(1.,0.,0.));
#2991=DIRECTION('',(0.,0.,1.));
#2992=DIRECTION('',(1.,0.,0.));
#2993=DIRECTION('',(0.,0.,1.));
#2994=DIRECTION('',(1.,0.,0.));
#2995=DIRECTION('',(0.,0.,-1.));
#2996=DIRECTION('',(-1.,0.,0.));
#2997=DIRECTION('',(0.986393923832136,0.,0.164398987305406));
#2998=DIRECTION('',(0.,0.,-1.));
#2999=DIRECTION('',(-0.986393923832136,0.,0.164398987305406));
#3000=DIRECTION('center_axis',(-1.,0.,0.));
#3001=DIRECTION('ref_axis',(0.,0.,1.));
#3002=DIRECTION('center_axis',(-1.,0.,0.));
#3003=DIRECTION('ref_axis',(0.,-0.0500000000000005,-0.998749217771909));
#3004=DIRECTION('',(0.,-1.,0.));
#3005=DIRECTION('',(0.,1.,0.));
#3006=DIRECTION('center_axis',(-1.,0.,0.));
#3007=DIRECTION('ref_axis',(0.,-0.998749217771909,0.0500000000000005));
#3008=DIRECTION('',(0.,0.,-1.));
#3009=DIRECTION('',(0.,-1.,0.));
#3010=DIRECTION('',(0.,0.,1.));
#3011=DIRECTION('center_axis',(-1.,0.,0.));
#3012=DIRECTION('ref_axis',(0.,0.0500000000000005,0.998749217771909));
#3013=DIRECTION('',(0.,1.,0.));
#3014=DIRECTION('',(0.,0.,-1.));
#3015=DIRECTION('',(0.,-1.,0.));
#3016=DIRECTION('center_axis',(-1.,0.,0.));
#3017=DIRECTION('ref_axis',(0.,0.998749217771909,-0.0500000000000005));
#3018=DIRECTION('',(0.,0.,1.));
#3019=DIRECTION('',(0.,1.,0.));
#3020=DIRECTION('',(0.,0.,-1.));
#3021=DIRECTION('center_axis',(-1.,0.,0.));
#3022=DIRECTION('ref_axis',(0.,0.,1.));
#3023=DIRECTION('center_axis',(1.,0.,0.));
#3024=DIRECTION('ref_axis',(0.,-0.89302855497459,-0.449999999999995));
#3025=DIRECTION('center_axis',(0.707106781186548,0.,-0.707106781186548));
#3026=DIRECTION('ref_axis',(0.707106781186547,0.,0.707106781186547));
#3027=DIRECTION('center_axis',(0.707106781186548,-0.707106781186548,0.));
#3028=DIRECTION('ref_axis',(0.707106781186547,0.707106781186547,0.));
#3029=DIRECTION('center_axis',(1.,0.,0.));
#3030=DIRECTION('ref_axis',(0.,0.,-1.));
#3031=DIRECTION('',(0.,-1.,0.));
#3032=DIRECTION('',(0.,0.,1.));
#3033=DIRECTION('',(0.,1.,0.));
#3034=DIRECTION('',(0.,0.,-1.));
#3035=DIRECTION('center_axis',(1.,0.,0.));
#3036=DIRECTION('ref_axis',(0.,0.449999999999995,-0.89302855497459));
#3037=DIRECTION('',(0.,-1.,0.));
#3038=DIRECTION('',(0.,0.,1.));
#3039=DIRECTION('',(0.,1.,0.));
#3040=DIRECTION('center_axis',(0.,0.,-1.));
#3041=DIRECTION('ref_axis',(-1.,0.,0.));
#3042=DIRECTION('',(0.,-1.,0.));
#3043=DIRECTION('center_axis',(0.,0.,-1.));
#3044=DIRECTION('ref_axis',(1.,0.,0.));
#3045=DIRECTION('',(-0.993605254789717,-0.112909688044302,0.));
#3046=DIRECTION('',(0.,-1.,0.));
#3047=DIRECTION('center_axis',(0.,0.,-1.));
#3048=DIRECTION('ref_axis',(1.,2.30926389122E-14,0.));
#3049=DIRECTION('',(1.,0.,0.));
#3050=DIRECTION('center_axis',(0.,0.,-1.));
#3051=DIRECTION('ref_axis',(0.,1.,0.));
#3052=DIRECTION('',(0.,-1.,0.));
#3053=DIRECTION('',(0.993605254789717,-0.112909688044302,0.));
#3054=DIRECTION('center_axis',(0.,0.,-1.));
#3055=DIRECTION('ref_axis',(0.112909688044302,0.993605254789717,0.));
#3056=DIRECTION('center_axis',(0.,0.,1.));
#3057=DIRECTION('ref_axis',(-1.,0.,0.));
#3058=DIRECTION('center_axis',(0.,0.,1.));
#3059=DIRECTION('ref_axis',(1.,0.,0.));
#3060=DIRECTION('center_axis',(-1.,0.,0.));
#3061=DIRECTION('ref_axis',(0.,0.,1.));
#3062=DIRECTION('',(0.,1.,0.));
#3063=DIRECTION('',(0.,0.,1.));
#3064=DIRECTION('',(0.,0.,-1.));
#3065=DIRECTION('center_axis',(-1.,0.,0.));
#3066=DIRECTION('ref_axis',(0.,0.,-1.));
#3067=DIRECTION('center_axis',(0.,0.,-1.));
#3068=DIRECTION('ref_axis',(-1.,0.,0.));
#3069=DIRECTION('',(0.993605254789717,0.112909688044302,0.));
#3070=DIRECTION('center_axis',(0.,0.,1.));
#3071=DIRECTION('ref_axis',(0.112909688044302,-0.993605254789717,0.));
#3072=DIRECTION('center_axis',(0.,0.,1.));
#3073=DIRECTION('ref_axis',(1.,0.,0.));
#3074=DIRECTION('',(-0.993605254789717,0.112909688044302,0.));
#3075=DIRECTION('',(0.,-1.,0.));
#3076=DIRECTION('center_axis',(0.,0.,1.));
#3077=DIRECTION('ref_axis',(1.,-2.13162820728E-14,0.));
#3078=DIRECTION('',(1.,0.,0.));
#3079=DIRECTION('',(0.,1.,0.));
#3080=DIRECTION('center_axis',(0.,0.,1.));
#3081=DIRECTION('ref_axis',(0.,-1.,0.));
#3082=DIRECTION('',(0.,-1.,0.));
#3083=DIRECTION('center_axis',(0.,0.,-1.));
#3084=DIRECTION('ref_axis',(-1.,0.,0.));
#3085=DIRECTION('center_axis',(-0.112909688044302,0.993605254789717,0.));
#3086=DIRECTION('ref_axis',(-0.993605254789717,-0.112909688044302,0.));
#3087=DIRECTION('',(0.,0.,-1.));
#3088=DIRECTION('',(0.,0.,1.));
#3089=DIRECTION('center_axis',(-1.,0.,0.));
#3090=DIRECTION('ref_axis',(0.,0.,1.));
#3091=DIRECTION('',(0.,0.,1.));
#3092=DIRECTION('center_axis',(0.,0.,-1.));
#3093=DIRECTION('ref_axis',(-1.,0.,0.));
#3094=DIRECTION('center_axis',(0.,0.,-1.));
#3095=DIRECTION('ref_axis',(-1.,0.,0.));
#3096=DIRECTION('center_axis',(-0.870205095885311,0.,-0.492689649876306));
#3097=DIRECTION('ref_axis',(-0.492689649876306,0.,0.870205095885311));
#3098=DIRECTION('',(0.492689649876306,0.,-0.870205095885311));
#3099=DIRECTION('center_axis',(-0.870205095885311,0.,-0.492689649876306));
#3100=DIRECTION('ref_axis',(-0.492689649876306,0.,0.870205095885311));
#3101=DIRECTION('center_axis',(-1.,0.,0.));
#3102=DIRECTION('ref_axis',(0.,0.,1.));
#3103=DIRECTION('',(-1.,0.,0.));
#3104=DIRECTION('center_axis',(-1.,0.,0.));
#3105=DIRECTION('ref_axis',(0.,0.391918358845301,0.920000000000003));
#3106=DIRECTION('',(1.,0.,0.));
#3107=DIRECTION('center_axis',(-1.,0.,0.));
#3108=DIRECTION('ref_axis',(0.,-0.391918358845301,0.920000000000003));
#3109=DIRECTION('',(-1.,0.,0.));
#3110=DIRECTION('center_axis',(-1.,0.,0.));
#3111=DIRECTION('ref_axis',(0.,-0.96,0.28));
#3112=DIRECTION('center_axis',(1.,0.,0.));
#3113=DIRECTION('ref_axis',(0.,0.,-1.));
#3114=DIRECTION('center_axis',(1.,0.,0.));
#3115=DIRECTION('ref_axis',(0.,-0.449999999999995,0.89302855497459));
#3116=DIRECTION('',(0.,1.,0.));
#3117=DIRECTION('',(0.,1.,0.));
#3118=DIRECTION('',(0.,0.,1.));
#3119=DIRECTION('center_axis',(-1.,0.,0.));
#3120=DIRECTION('ref_axis',(0.,0.,1.));
#3121=DIRECTION('center_axis',(0.707106781186548,0.,0.707106781186548));
#3122=DIRECTION('ref_axis',(-0.707106781186547,0.,0.707106781186547));
#3123=DIRECTION('center_axis',(0.707106781186548,-0.707106781186548,0.));
#3124=DIRECTION('ref_axis',(0.707106781186547,0.707106781186547,0.));
#3125=DIRECTION('center_axis',(0.707106781186548,-0.707106781186548,0.));
#3126=DIRECTION('ref_axis',(0.,0.,1.));
#3127=DIRECTION('',(-0.707106781186598,-0.707106781186498,0.));
#3128=DIRECTION('center_axis',(0.,0.,-1.));
#3129=DIRECTION('ref_axis',(-1.,0.,0.));
#3130=DIRECTION('',(0.,1.,0.));
#3131=DIRECTION('',(0.,1.,0.));
#3132=DIRECTION('',(0.707106781186598,-0.707106781186498,0.));
#3133=DIRECTION('center_axis',(0.707106781186548,0.707106781186548,0.));
#3134=DIRECTION('ref_axis',(0.,0.,-1.));
#3135=DIRECTION('',(0.,0.,-1.));
#3136=DIRECTION('center_axis',(0.707106781186548,0.707106781186548,0.));
#3137=DIRECTION('ref_axis',(-0.707106781186547,0.707106781186547,0.));
#3138=DIRECTION('center_axis',(-1.,0.,0.));
#3139=DIRECTION('ref_axis',(0.,0.,1.));
#3140=DIRECTION('center_axis',(1.,0.,0.));
#3141=DIRECTION('ref_axis',(0.,0.89302855497459,0.449999999999995));
#3142=DIRECTION('center_axis',(0.707106781186548,0.,0.707106781186548));
#3143=DIRECTION('ref_axis',(-0.707106781186547,0.,0.707106781186547));
#3144=DIRECTION('center_axis',(1.,0.,0.));
#3145=DIRECTION('ref_axis',(0.,0.,-1.));
#3146=DIRECTION('',(0.,0.,1.));
#3147=DIRECTION('',(0.,1.,0.));
#3148=DIRECTION('center_axis',(0.,-1.,0.));
#3149=DIRECTION('ref_axis',(0.,0.,-1.));
#3150=DIRECTION('',(0.707106781186598,0.,0.707106781186498));
#3151=DIRECTION('',(-0.707106781186598,0.,0.707106781186498));
#3152=DIRECTION('',(0.,0.,1.));
#3153=DIRECTION('center_axis',(0.,0.,-1.));
#3154=DIRECTION('ref_axis',(-1.,0.,0.));
#3155=DIRECTION('',(0.,0.,-1.));
#3156=DIRECTION('center_axis',(-1.,0.,0.));
#3157=DIRECTION('ref_axis',(0.,0.,1.));
#3158=DIRECTION('',(0.,0.,-1.));
#3159=DIRECTION('center_axis',(-0.112909688044302,-0.993605254789717,0.));
#3160=DIRECTION('ref_axis',(0.993605254789717,-0.112909688044302,0.));
#3161=DIRECTION('',(0.,0.,1.));
#3162=DIRECTION('center_axis',(0.,0.,-1.));
#3163=DIRECTION('ref_axis',(-1.,0.,0.));
#3164=DIRECTION('center_axis',(-1.,0.,0.));
#3165=DIRECTION('ref_axis',(0.,0.,1.));
#3166=DIRECTION('center_axis',(0.707106781186548,0.,0.707106781186548));
#3167=DIRECTION('ref_axis',(0.,1.,0.));
#3168=DIRECTION('center_axis',(0.707106781186548,0.,-0.707106781186548));
#3169=DIRECTION('ref_axis',(0.,-1.,0.));
#3170=DIRECTION('center_axis',(0.707106781186548,0.,-0.707106781186548));
#3171=DIRECTION('ref_axis',(0.707106781186547,0.,0.707106781186547));
#3172=DIRECTION('center_axis',(-1.,0.,0.));
#3173=DIRECTION('ref_axis',(0.,0.,1.));
#3174=DIRECTION('center_axis',(0.707106781186548,0.707106781186548,0.));
#3175=DIRECTION('ref_axis',(-0.707106781186547,0.707106781186547,0.));
#3176=DIRECTION('center_axis',(0.707106781186548,0.707106781186548,0.));
#3177=DIRECTION('ref_axis',(0.,0.,-1.));
#3178=DIRECTION('',(-0.707106781186598,0.707106781186498,0.));
#3179=DIRECTION('center_axis',(0.,0.,-1.));
#3180=DIRECTION('ref_axis',(-1.,0.,0.));
#3181=DIRECTION('',(0.707106781186547,0.707106781186547,0.));
#3182=DIRECTION('center_axis',(0.707106781186548,-0.707106781186548,0.));
#3183=DIRECTION('ref_axis',(0.,0.,1.));
#3184=DIRECTION('center_axis',(0.707106781186548,0.,0.707106781186548));
#3185=DIRECTION('ref_axis',(0.,1.,0.));
#3186=DIRECTION('center_axis',(0.,0.,1.));
#3187=DIRECTION('ref_axis',(1.,0.,0.));
#3188=DIRECTION('center_axis',(0.,0.,1.));
#3189=DIRECTION('ref_axis',(1.,0.,0.));
#3190=DIRECTION('',(0.,0.,1.));
#3191=DIRECTION('center_axis',(0.,0.,1.));
#3192=DIRECTION('ref_axis',(1.,0.,0.));
#3193=DIRECTION('center_axis',(0.,0.,-1.));
#3194=DIRECTION('ref_axis',(1.,0.,0.));
#3195=DIRECTION('center_axis',(0.,0.,1.));
#3196=DIRECTION('ref_axis',(1.,0.,0.));
#3197=DIRECTION('',(0.,0.,1.));
#3198=DIRECTION('center_axis',(-1.,0.,0.));
#3199=DIRECTION('ref_axis',(0.,0.,1.));
#3200=DIRECTION('',(1.,0.,0.));
#3201=DIRECTION('center_axis',(1.,0.,0.));
#3202=DIRECTION('ref_axis',(0.,0.,1.));
#3203=DIRECTION('center_axis',(1.,0.,0.));
#3204=DIRECTION('ref_axis',(0.,0.,-1.));
#3205=DIRECTION('center_axis',(0.,0.,1.));
#3206=DIRECTION('ref_axis',(1.,0.,0.));
#3207=DIRECTION('',(0.,0.,-1.));
#3208=DIRECTION('center_axis',(0.,0.,-1.));
#3209=DIRECTION('ref_axis',(1.,0.,0.));
#3210=DIRECTION('center_axis',(0.,0.,1.));
#3211=DIRECTION('ref_axis',(1.,0.,0.));
#3212=DIRECTION('',(0.707106781186547,8.65956056235493E-17,-0.707106781186548));
#3213=DIRECTION('center_axis',(0.,0.,-1.));
#3214=DIRECTION('ref_axis',(-1.,0.,0.));
#3215=DIRECTION('center_axis',(0.,0.,-1.));
#3216=DIRECTION('ref_axis',(-1.,0.,0.));
#3217=DIRECTION('center_axis',(0.707106781186548,0.,-0.707106781186548));
#3218=DIRECTION('ref_axis',(0.,-1.,0.));
#3219=DIRECTION('center_axis',(-1.,0.,0.));
#3220=DIRECTION('ref_axis',(0.,0.,1.));
#3221=DIRECTION('',(0.,1.,0.));
#3222=DIRECTION('',(0.,0.,1.));
#3223=DIRECTION('',(0.,1.,0.));
#3224=DIRECTION('center_axis',(0.,0.,1.));
#3225=DIRECTION('ref_axis',(1.,0.,0.));
#3226=DIRECTION('',(1.,0.,0.));
#3227=DIRECTION('',(0.,1.,0.));
#3228=DIRECTION('center_axis',(-1.,0.,0.));
#3229=DIRECTION('ref_axis',(0.,0.,1.));
#3230=DIRECTION('',(0.,0.,1.));
#3231=DIRECTION('',(0.,1.,-4.440892098501E-14));
#3232=DIRECTION('center_axis',(0.,0.,-1.));
#3233=DIRECTION('ref_axis',(-1.,0.,0.));
#3234=DIRECTION('',(-1.,0.,0.));
#3235=DIRECTION('',(0.,1.,-4.440892098501E-14));
#3236=DIRECTION('center_axis',(-1.,0.,0.));
#3237=DIRECTION('ref_axis',(0.,0.,1.));
#3238=DIRECTION('',(0.,0.,1.));
#3239=DIRECTION('',(0.,1.,0.));
#3240=DIRECTION('center_axis',(0.,0.,1.));
#3241=DIRECTION('ref_axis',(1.,0.,0.));
#3242=DIRECTION('',(1.,0.,0.));
#3243=DIRECTION('',(0.,1.,0.));
#3244=DIRECTION('center_axis',(-1.,0.,0.));
#3245=DIRECTION('ref_axis',(0.,0.,1.));
#3246=DIRECTION('',(0.,0.,1.));
#3247=DIRECTION('',(0.,1.,0.));
#3248=DIRECTION('center_axis',(0.,0.,1.));
#3249=DIRECTION('ref_axis',(1.,0.,0.));
#3250=DIRECTION('',(1.,0.,0.));
#3251=DIRECTION('',(0.,1.,0.));
#3252=DIRECTION('center_axis',(1.,0.,0.));
#3253=DIRECTION('ref_axis',(0.,0.,-1.));
#3254=DIRECTION('',(0.,0.,-1.));
#3255=DIRECTION('',(0.,1.,0.));
#3256=DIRECTION('center_axis',(0.,0.,-1.));
#3257=DIRECTION('ref_axis',(-1.,0.,0.));
#3258=DIRECTION('',(-1.,0.,0.));
#3259=DIRECTION('center_axis',(0.,1.,0.));
#3260=DIRECTION('ref_axis',(0.,0.,1.));
#3261=DIRECTION('center_axis',(-1.,0.,0.));
#3262=DIRECTION('ref_axis',(0.,0.,1.));
#3263=DIRECTION('',(8.881784197001E-14,1.,0.));
#3264=DIRECTION('',(0.,0.,1.));
#3265=DIRECTION('',(8.881784197001E-14,1.,0.));
#3266=DIRECTION('center_axis',(0.,0.,1.));
#3267=DIRECTION('ref_axis',(1.,0.,0.));
#3268=DIRECTION('',(1.,0.,0.));
#3269=DIRECTION('',(0.,1.,0.));
#3270=DIRECTION('center_axis',(1.,0.,0.));
#3271=DIRECTION('ref_axis',(0.,0.,-1.));
#3272=DIRECTION('',(0.,0.,-1.));
#3273=DIRECTION('',(0.,1.,0.));
#3274=DIRECTION('center_axis',(0.,0.,1.));
#3275=DIRECTION('ref_axis',(1.,0.,0.));
#3276=DIRECTION('',(1.,0.,0.));
#3277=DIRECTION('',(0.,1.,0.));
#3278=DIRECTION('center_axis',(-1.,0.,0.));
#3279=DIRECTION('ref_axis',(0.,0.,1.));
#3280=DIRECTION('',(0.,0.,1.));
#3281=DIRECTION('',(0.,1.,0.));
#3282=DIRECTION('center_axis',(0.,0.,1.));
#3283=DIRECTION('ref_axis',(1.,0.,0.));
#3284=DIRECTION('',(1.,0.,0.));
#3285=DIRECTION('',(0.,1.,0.));
#3286=DIRECTION('center_axis',(1.,0.,0.));
#3287=DIRECTION('ref_axis',(0.,0.,-1.));
#3288=DIRECTION('',(0.,0.,-1.));
#3289=DIRECTION('',(0.,1.,0.));
#3290=DIRECTION('center_axis',(0.,0.,-1.));
#3291=DIRECTION('ref_axis',(-1.,0.,0.));
#3292=DIRECTION('',(-1.,0.,0.));
#3293=DIRECTION('',(0.,1.,0.));
#3294=DIRECTION('center_axis',(-1.,0.,0.));
#3295=DIRECTION('ref_axis',(0.,0.,1.));
#3296=DIRECTION('',(0.,0.,1.));
#3297=DIRECTION('',(0.,1.,-4.440892098501E-14));
#3298=DIRECTION('center_axis',(0.,0.,-1.));
#3299=DIRECTION('ref_axis',(-1.,0.,0.));
#3300=DIRECTION('',(-1.,0.,0.));
#3301=DIRECTION('',(0.,1.,-4.440892098501E-14));
#3302=DIRECTION('center_axis',(1.,0.,0.));
#3303=DIRECTION('ref_axis',(0.,0.,-1.));
#3304=DIRECTION('',(0.,0.,-1.));
#3305=DIRECTION('',(0.,1.,0.));
#3306=DIRECTION('center_axis',(0.,0.,-1.));
#3307=DIRECTION('ref_axis',(-1.,0.,0.));
#3308=DIRECTION('',(-1.,0.,0.));
#3309=DIRECTION('center_axis',(0.,1.,0.));
#3310=DIRECTION('ref_axis',(0.,0.,1.));
#3311=DIRECTION('center_axis',(-1.,0.,0.));
#3312=DIRECTION('ref_axis',(0.,0.,1.));
#3313=DIRECTION('',(0.,1.,0.));
#3314=DIRECTION('',(0.,0.,1.));
#3315=DIRECTION('',(0.,1.,0.));
#3316=DIRECTION('center_axis',(0.,0.,1.));
#3317=DIRECTION('ref_axis',(1.,0.,0.));
#3318=DIRECTION('',(1.,0.,0.));
#3319=DIRECTION('',(4.440892098501E-14,1.,0.));
#3320=DIRECTION('center_axis',(0.914115288408493,0.,0.405454361794097));
#3321=DIRECTION('ref_axis',(0.405454361794097,0.,-0.914115288408493));
#3322=DIRECTION('',(0.405454361794097,0.,-0.914115288408493));
#3323=DIRECTION('',(8.881784197001E-14,1.,0.));
#3324=DIRECTION('center_axis',(0.,0.,1.));
#3325=DIRECTION('ref_axis',(1.,0.,0.));
#3326=DIRECTION('',(1.,0.,0.));
#3327=DIRECTION('',(0.,1.,0.));
#3328=DIRECTION('center_axis',(-1.,0.,0.));
#3329=DIRECTION('ref_axis',(0.,0.,1.));
#3330=DIRECTION('',(0.,0.,1.));
#3331=DIRECTION('',(0.,1.,0.));
#3332=DIRECTION('center_axis',(0.,0.,1.));
#3333=DIRECTION('ref_axis',(1.,0.,0.));
#3334=DIRECTION('',(1.,0.,0.));
#3335=DIRECTION('',(0.,1.,0.));
#3336=DIRECTION('center_axis',(1.,0.,0.));
#3337=DIRECTION('ref_axis',(0.,0.,-1.));
#3338=DIRECTION('',(0.,0.,-1.));
#3339=DIRECTION('',(0.,1.,0.));
#3340=DIRECTION('center_axis',(0.,0.,-1.));
#3341=DIRECTION('ref_axis',(-1.,0.,0.));
#3342=DIRECTION('',(-1.,0.,0.));
#3343=DIRECTION('',(0.,1.,0.));
#3344=DIRECTION('center_axis',(-0.914115288408493,0.,-0.405454361794097));
#3345=DIRECTION('ref_axis',(-0.405454361794097,0.,0.914115288408493));
#3346=DIRECTION('',(-0.405454361794097,0.,0.914115288408493));
#3347=DIRECTION('',(0.,1.,2.22044604925E-14));
#3348=DIRECTION('center_axis',(0.,0.,-1.));
#3349=DIRECTION('ref_axis',(-1.,0.,0.));
#3350=DIRECTION('',(-1.,0.,2.920740572476E-14));
#3351=DIRECTION('',(0.,1.,0.));
#3352=DIRECTION('center_axis',(1.,0.,0.));
#3353=DIRECTION('ref_axis',(0.,0.,-1.));
#3354=DIRECTION('',(0.,0.,-1.));
#3355=DIRECTION('',(0.,1.,0.));
#3356=DIRECTION('center_axis',(0.,0.,-1.));
#3357=DIRECTION('ref_axis',(-1.,0.,0.));
#3358=DIRECTION('',(-1.,0.,0.));
#3359=DIRECTION('center_axis',(0.,1.,0.));
#3360=DIRECTION('ref_axis',(0.,0.,1.));
#3361=DIRECTION('center_axis',(-1.,0.,0.));
#3362=DIRECTION('ref_axis',(0.,0.,1.));
#3363=DIRECTION('',(0.,1.,0.));
#3364=DIRECTION('',(0.,0.,1.));
#3365=DIRECTION('',(0.,1.,0.));
#3366=DIRECTION('center_axis',(0.,0.,1.));
#3367=DIRECTION('ref_axis',(1.,0.,0.));
#3368=DIRECTION('',(1.,0.,0.));
#3369=DIRECTION('',(0.,1.,0.));
#3370=DIRECTION('center_axis',(0.914115288408493,0.,0.405454361794097));
#3371=DIRECTION('ref_axis',(0.405454361794097,0.,-0.914115288408493));
#3372=DIRECTION('',(0.405454361794097,0.,-0.914115288408493));
#3373=DIRECTION('',(0.,1.,0.));
#3374=DIRECTION('center_axis',(0.,0.,1.));
#3375=DIRECTION('ref_axis',(1.,0.,0.));
#3376=DIRECTION('',(1.,0.,0.));
#3377=DIRECTION('',(0.,1.,0.));
#3378=DIRECTION('center_axis',(-1.,0.,0.));
#3379=DIRECTION('ref_axis',(0.,0.,1.));
#3380=DIRECTION('',(0.,0.,1.));
#3381=DIRECTION('',(0.,1.,0.));
#3382=DIRECTION('center_axis',(0.,0.,1.));
#3383=DIRECTION('ref_axis',(1.,0.,0.));
#3384=DIRECTION('',(1.,0.,0.));
#3385=DIRECTION('',(0.,1.,0.));
#3386=DIRECTION('center_axis',(1.,0.,0.));
#3387=DIRECTION('ref_axis',(0.,0.,-1.));
#3388=DIRECTION('',(0.,0.,-1.));
#3389=DIRECTION('',(0.,1.,0.));
#3390=DIRECTION('center_axis',(0.,0.,-1.));
#3391=DIRECTION('ref_axis',(-1.,0.,0.));
#3392=DIRECTION('',(-1.,0.,0.));
#3393=DIRECTION('',(0.,1.,0.));
#3394=DIRECTION('center_axis',(-0.914115288408493,0.,-0.405454361794097));
#3395=DIRECTION('ref_axis',(-0.405454361794097,0.,0.914115288408493));
#3396=DIRECTION('',(-0.405454361794097,0.,0.914115288408493));
#3397=DIRECTION('',(0.,1.,2.22044604925E-14));
#3398=DIRECTION('center_axis',(0.,0.,-1.));
#3399=DIRECTION('ref_axis',(-1.,0.,0.));
#3400=DIRECTION('',(-1.,0.,2.920740572475E-14));
#3401=DIRECTION('',(0.,1.,0.));
#3402=DIRECTION('center_axis',(1.,0.,0.));
#3403=DIRECTION('ref_axis',(0.,0.,-1.));
#3404=DIRECTION('',(0.,0.,-1.));
#3405=DIRECTION('',(0.,1.,0.));
#3406=DIRECTION('center_axis',(0.,0.,-1.));
#3407=DIRECTION('ref_axis',(-1.,0.,0.));
#3408=DIRECTION('',(-1.,0.,0.));
#3409=DIRECTION('center_axis',(0.,1.,0.));
#3410=DIRECTION('ref_axis',(0.,0.,1.));
#3411=DIRECTION('',(-2.220446049216E-14,1.,0.));
#3412=DIRECTION('',(0.,1.,0.));
#3413=DIRECTION('center_axis',(0.,0.,-1.));
#3414=DIRECTION('ref_axis',(-1.,0.,0.));
#3415=DIRECTION('',(4.440892098427E-14,1.,0.));
#3416=DIRECTION('center_axis',(1.,0.,0.));
#3417=DIRECTION('ref_axis',(0.,0.,-1.));
#3418=DIRECTION('',(4.440892098647E-14,1.,0.));
#3419=DIRECTION('center_axis',(0.,0.,1.));
#3420=DIRECTION('ref_axis',(1.,0.,0.));
#3421=DIRECTION('',(-4.440892098622E-14,-1.,0.));
#3422=DIRECTION('center_axis',(1.,0.,0.));
#3423=DIRECTION('ref_axis',(0.,0.,-1.));
#3424=DIRECTION('',(4.440892098501E-14,1.,-4.440892098501E-14));
#3425=DIRECTION('',(0.,0.,-1.));
#3426=DIRECTION('',(4.440892098501E-14,1.,0.));
#3427=DIRECTION('center_axis',(0.,0.,1.));
#3428=DIRECTION('ref_axis',(1.,0.,0.));
#3429=DIRECTION('',(1.,0.,0.));
#3430=DIRECTION('',(0.,1.,0.));
#3431=DIRECTION('center_axis',(1.,0.,0.));
#3432=DIRECTION('ref_axis',(0.,0.,-1.));
#3433=DIRECTION('',(0.,0.,-1.));
#3434=DIRECTION('',(0.,1.,2.22044604925E-14));
#3435=DIRECTION('center_axis',(0.822192191643789,0.,-0.569209978830293));
#3436=DIRECTION('ref_axis',(-0.569209978830293,0.,-0.822192191643789));
#3437=DIRECTION('',(-0.569209978830293,0.,-0.822192191643789));
#3438=DIRECTION('',(-4.440892098501E-14,1.,0.));
#3439=DIRECTION('center_axis',(0.,0.,-1.));
#3440=DIRECTION('ref_axis',(-1.,0.,0.));
#3441=DIRECTION('',(-1.,0.,0.));
#3442=DIRECTION('',(0.,1.,0.));
#3443=DIRECTION('center_axis',(-1.,0.,0.));
#3444=DIRECTION('ref_axis',(0.,0.,1.));
#3445=DIRECTION('',(0.,0.,1.));
#3446=DIRECTION('',(0.,1.,0.));
#3447=DIRECTION('center_axis',(0.,0.,-1.));
#3448=DIRECTION('ref_axis',(-1.,0.,0.));
#3449=DIRECTION('',(-1.,0.,0.));
#3450=DIRECTION('',(0.,1.,0.));
#3451=DIRECTION('center_axis',(-1.,0.,0.));
#3452=DIRECTION('ref_axis',(0.,0.,1.));
#3453=DIRECTION('',(0.,0.,1.));
#3454=DIRECTION('',(0.,1.,0.));
#3455=DIRECTION('center_axis',(0.,0.,1.));
#3456=DIRECTION('ref_axis',(1.,0.,0.));
#3457=DIRECTION('',(1.,0.,0.));
#3458=DIRECTION('',(0.,1.,0.));
#3459=DIRECTION('center_axis',(-1.,0.,0.));
#3460=DIRECTION('ref_axis',(0.,0.,1.));
#3461=DIRECTION('',(0.,0.,1.));
#3462=DIRECTION('',(0.,1.,-4.440892098501E-14));
#3463=DIRECTION('center_axis',(0.,0.,1.));
#3464=DIRECTION('ref_axis',(1.,0.,0.));
#3465=DIRECTION('',(1.,0.,0.));
#3466=DIRECTION('center_axis',(0.,-1.,0.));
#3467=DIRECTION('ref_axis',(0.,0.,-1.));
#3468=DIRECTION('',(0.578303830581284,0.,0.815821475284277));
#3469=DIRECTION('',(0.,0.,-1.));
#3470=DIRECTION('',(-1.,0.,0.));
#3471=DIRECTION('center_axis',(-0.815821475284277,0.,0.578303830581284));
#3472=DIRECTION('ref_axis',(0.578303830581284,0.,0.815821475284277));
#3473=DIRECTION('',(-0.578303830581284,0.,-0.815821475284277));
#3474=DIRECTION('',(4.440892098501E-14,1.,0.));
#3475=DIRECTION('',(0.,1.,0.));
#3476=DIRECTION('center_axis',(0.,1.,0.));
#3477=DIRECTION('ref_axis',(0.,0.,1.));
#3478=DIRECTION('',(-1.,0.,0.));
#3479=DIRECTION('',(0.,0.,-1.));
#3480=DIRECTION('center_axis',(0.,0.,-1.));
#3481=DIRECTION('ref_axis',(-1.,0.,0.));
#3482=DIRECTION('',(4.440892098501E-14,1.,0.));
#3483=DIRECTION('center_axis',(1.,0.,0.));
#3484=DIRECTION('ref_axis',(0.,0.,-1.));
#3485=DIRECTION('center_axis',(-1.,0.,0.));
#3486=DIRECTION('ref_axis',(0.,0.,1.));
#3487=DIRECTION('',(0.,1.,-4.440892098501E-14));
#3488=DIRECTION('',(0.,0.,1.));
#3489=DIRECTION('',(0.,1.,0.));
#3490=DIRECTION('center_axis',(0.,0.,1.));
#3491=DIRECTION('ref_axis',(1.,0.,0.));
#3492=DIRECTION('',(1.,0.,0.));
#3493=DIRECTION('',(0.,1.,0.));
#3494=DIRECTION('center_axis',(1.,0.,0.));
#3495=DIRECTION('ref_axis',(0.,0.,-1.));
#3496=DIRECTION('',(0.,0.,-1.));
#3497=DIRECTION('',(0.,1.,-4.440892098501E-14));
#3498=DIRECTION('center_axis',(0.,0.,-1.));
#3499=DIRECTION('ref_axis',(-1.,0.,0.));
#3500=DIRECTION('',(-1.,0.,0.));
#3501=DIRECTION('center_axis',(0.,1.,0.));
#3502=DIRECTION('ref_axis',(0.,0.,1.));
#3503=DIRECTION('',(0.,1.,0.));
#3504=DIRECTION('',(0.,-1.,4.440892098501E-14));
#3505=DIRECTION('center_axis',(0.164398987305406,0.,-0.986393923832136));
#3506=DIRECTION('ref_axis',(-0.986393923832136,0.,-0.164398987305406));
#3507=DIRECTION('',(-0.986393923832136,1.92066716918707E-14,-0.164398987305406));
#3508=DIRECTION('',(0.,1.,0.));
#3509=DIRECTION('',(0.,-1.,0.));
#3510=DIRECTION('center_axis',(1.,0.,0.));
#3511=DIRECTION('ref_axis',(0.,0.,-1.));
#3512=DIRECTION('',(0.,3.594757627662E-14,-1.));
#3513=DIRECTION('',(0.,1.,0.));
#3514=DIRECTION('',(0.,-1.,0.));
#3515=DIRECTION('center_axis',(0.164398987305406,0.,0.986393923832136));
#3516=DIRECTION('ref_axis',(0.986393923832136,0.,-0.164398987305406));
#3517=DIRECTION('',(0.986393923832136,0.,-0.164398987305406));
#3518=DIRECTION('',(0.,1.,0.));
#3519=DIRECTION('center_axis',(-3.802849701607E-14,-1.,-8.03507487199E-14));
#3520=DIRECTION('ref_axis',(0.,8.03507487199E-14,-1.));
#3521=DIRECTION('',(0.,-1.,4.44089209852E-14));
#3522=DIRECTION('center_axis',(0.,0.,1.));
#3523=DIRECTION('ref_axis',(1.,0.,0.));
#3524=DIRECTION('',(0.,1.,0.));
#3525=DIRECTION('center_axis',(-1.,0.,0.));
#3526=DIRECTION('ref_axis',(0.,0.,1.));
#3527=DIRECTION('center_axis',(0.,0.,-1.));
#3528=DIRECTION('ref_axis',(-1.,0.,0.));
#3529=DIRECTION('',(-1.,0.,0.));
#3530=DIRECTION('',(0.,1.,-4.440892098508E-14));
#3531=DIRECTION('',(0.,1.,-4.440892098494E-14));
#3532=DIRECTION('center_axis',(0.,1.,0.));
#3533=DIRECTION('ref_axis',(0.,0.,1.));
#3534=DIRECTION('',(1.,0.,0.));
#3535=DIRECTION('',(0.,0.,1.));
#3536=DIRECTION('',(2.220446049222E-14,1.,0.));
#3537=DIRECTION('',(0.,-1.,0.));
#3538=DIRECTION('center_axis',(0.,0.,1.));
#3539=DIRECTION('ref_axis',(1.,0.,0.));
#3540=DIRECTION('',(0.,1.,0.));
#3541=DIRECTION('center_axis',(-1.,0.,0.));
#3542=DIRECTION('ref_axis',(0.,0.,1.));
#3543=CARTESIAN_POINT('',(0.,0.,0.));
#3544=CARTESIAN_POINT('Origin',(-13.5,0.,6.75));
#3545=CARTESIAN_POINT('',(-13.5,0.25,6.75));
#3546=CARTESIAN_POINT('Origin',(-13.5,0.,6.75));
#3547=CARTESIAN_POINT('',(-10.5,0.25,6.75));
#3548=CARTESIAN_POINT('',(-13.5,0.25,6.75));
#3549=CARTESIAN_POINT('Origin',(-10.5,0.,6.75));
#3550=CARTESIAN_POINT('Origin',(-10.5,0.,6.5028706880123));
#3551=CARTESIAN_POINT('Ctrl Pts',(-2.16092522132,-5.98989999999997,1.482171927249));
#3552=CARTESIAN_POINT('Ctrl Pts',(-2.16092522132,-6.00214000000001,1.482171927249));
#3553=CARTESIAN_POINT('Ctrl Pts',(-2.13231834538201,-5.98989999999997,1.48501942624044));
#3554=CARTESIAN_POINT('Ctrl Pts',(-2.13231834538201,-6.00214000000001,1.48501942624044));
#3555=CARTESIAN_POINT('Ctrl Pts',(-2.09310841232252,-5.98989999999997,1.48347978464942));
#3556=CARTESIAN_POINT('Ctrl Pts',(-2.09310841232252,-6.00214000000001,1.48347978464942));
#3557=CARTESIAN_POINT('Ctrl Pts',(-2.044304403111,-5.98989999999997,1.487374926444));
#3558=CARTESIAN_POINT('Ctrl Pts',(-2.044304403111,-6.00214000000001,1.487374926444));
#3559=CARTESIAN_POINT('Ctrl Pts',(-2.015107335093,-5.98989999999997,1.491741199312));
#3560=CARTESIAN_POINT('Ctrl Pts',(-2.015107335093,-6.00214000000001,1.491741199312));
#3561=CARTESIAN_POINT('Ctrl Pts',(-1.987778465436,-5.98989999999997,1.497021285881));
#3562=CARTESIAN_POINT('Ctrl Pts',(-1.987778465436,-6.00214000000001,1.497021285881));
#3563=CARTESIAN_POINT('Ctrl Pts',(-1.962670837021,-5.98989999999997,1.504889436052));
#3564=CARTESIAN_POINT('Ctrl Pts',(-1.962670837021,-6.00214000000001,1.504889436052));
#3565=CARTESIAN_POINT('Ctrl Pts',(-1.93934488852,-5.98989999999997,1.51357721022));
#3566=CARTESIAN_POINT('Ctrl Pts',(-1.93934488852,-6.00214000000001,1.51357721022));
#3567=CARTESIAN_POINT('Ctrl Pts',(-1.9184700886,-5.98989999999997,1.524920791583));
#3568=CARTESIAN_POINT('Ctrl Pts',(-1.9184700886,-6.00214000000001,1.524920791583));
#3569=CARTESIAN_POINT('Ctrl Pts',(-1.899004200665,-5.98989999999997,1.537064852803));
#3570=CARTESIAN_POINT('Ctrl Pts',(-1.899004200665,-6.00214000000001,1.537064852803));
#3571=CARTESIAN_POINT('Ctrl Pts',(-1.881866749084,-5.98989999999997,1.551925884439));
#3572=CARTESIAN_POINT('Ctrl Pts',(-1.881866749084,-6.00214000000001,1.551925884439));
#3573=CARTESIAN_POINT('Ctrl Pts',(-1.867042357624,-5.98989999999997,1.569432140657));
#3574=CARTESIAN_POINT('Ctrl Pts',(-1.867042357624,-6.00214000000001,1.569432140657));
#3575=CARTESIAN_POINT('Ctrl Pts',(-1.854396575863,-5.98989999999997,1.589404924171));
#3576=CARTESIAN_POINT('Ctrl Pts',(-1.854396575863,-6.00214000000001,1.589404924171));
#3577=CARTESIAN_POINT('Ctrl Pts',(-1.844179420784,-5.98989999999997,1.612076243055));
#3578=CARTESIAN_POINT('Ctrl Pts',(-1.844179420784,-6.00214000000001,1.612076243055));
#3579=CARTESIAN_POINT('Ctrl Pts',(-1.836347401564,-5.98989999999997,1.637333150251));
#3580=CARTESIAN_POINT('Ctrl Pts',(-1.836347401564,-6.00214000000001,1.637333150251));
#3581=CARTESIAN_POINT('Ctrl Pts',(-1.830879571095,-5.98989999999997,1.665180697549));
#3582=CARTESIAN_POINT('Ctrl Pts',(-1.830879571095,-6.00214000000001,1.665180697549));
#3583=CARTESIAN_POINT('Ctrl Pts',(-1.82544007533985,-5.98989999999997,1.71312231639432));
#3584=CARTESIAN_POINT('Ctrl Pts',(-1.82544007533985,-6.00214000000001,1.71312231639432));
#3585=CARTESIAN_POINT('Ctrl Pts',(-1.82783561124276,-5.98989999999997,1.7520028482548));
#3586=CARTESIAN_POINT('Ctrl Pts',(-1.82783561124276,-6.00214000000001,1.7520028482548));
#3587=CARTESIAN_POINT('Ctrl Pts',(-1.823688134531,-5.98989999999997,1.78040512174));
#3588=CARTESIAN_POINT('Ctrl Pts',(-1.823688134531,-6.00214000000001,1.78040512174));
#3589=CARTESIAN_POINT('',(-2.108148971888,-6.,1.484419412065));
#3590=CARTESIAN_POINT('',(-1.82686242218,-6.,1.727694265866));
#3591=CARTESIAN_POINT('Ctrl Pts',(-2.108148971888,-6.,1.484419412065));
#3592=CARTESIAN_POINT('Ctrl Pts',(-2.09706983676,-6.,1.484576608896));
#3593=CARTESIAN_POINT('Ctrl Pts',(-2.075537979531,-6.,1.484882114667));
#3594=CARTESIAN_POINT('Ctrl Pts',(-2.044304403111,-6.,1.487374926444));
#3595=CARTESIAN_POINT('Ctrl Pts',(-2.015107335093,-6.,1.491741199312));
#3596=CARTESIAN_POINT('Ctrl Pts',(-1.987778465436,-6.,1.497021285881));
#3597=CARTESIAN_POINT('Ctrl Pts',(-1.962670837021,-6.,1.504889436052));
#3598=CARTESIAN_POINT('Ctrl Pts',(-1.93934488852,-6.,1.51357721022));
#3599=CARTESIAN_POINT('Ctrl Pts',(-1.9184700886,-6.,1.524920791583));
#3600=CARTESIAN_POINT('Ctrl Pts',(-1.899004200665,-6.,1.537064852803));
#3601=CARTESIAN_POINT('Ctrl Pts',(-1.881866749084,-6.,1.551925884439));
#3602=CARTESIAN_POINT('Ctrl Pts',(-1.867042357624,-6.,1.569432140657));
#3603=CARTESIAN_POINT('Ctrl Pts',(-1.854396575863,-6.,1.589404924171));
#3604=CARTESIAN_POINT('Ctrl Pts',(-1.844179420784,-6.,1.612076243055));
#3605=CARTESIAN_POINT('Ctrl Pts',(-1.836347401564,-6.,1.637333150251));
#3606=CARTESIAN_POINT('Ctrl Pts',(-1.830879571095,-6.,1.665180697549));
#3607=CARTESIAN_POINT('Ctrl Pts',(-1.827427816997,-6.,1.695603127635));
#3608=CARTESIAN_POINT('Ctrl Pts',(-1.827056068722,-6.,1.716703118147));
#3609=CARTESIAN_POINT('Ctrl Pts',(-1.82686242218,-6.,1.727694265866));
#3610=CARTESIAN_POINT('',(-2.108148971888,-5.99,1.484419412065));
#3611=CARTESIAN_POINT('',(-2.108148971888,-6.,1.484419412065));
#3612=CARTESIAN_POINT('',(-1.82686242218,-5.99,1.727694265866));
#3613=CARTESIAN_POINT('Ctrl Pts',(-1.82686242218,-5.99,1.727694265866));
#3614=CARTESIAN_POINT('Ctrl Pts',(-1.827056068722,-5.99,1.716703118147));
#3615=CARTESIAN_POINT('Ctrl Pts',(-1.827427816997,-5.99,1.695603127635));
#3616=CARTESIAN_POINT('Ctrl Pts',(-1.830879571095,-5.99,1.665180697549));
#3617=CARTESIAN_POINT('Ctrl Pts',(-1.836347401564,-5.99,1.637333150251));
#3618=CARTESIAN_POINT('Ctrl Pts',(-1.844179420784,-5.99,1.612076243055));
#3619=CARTESIAN_POINT('Ctrl Pts',(-1.854396575863,-5.99,1.589404924171));
#3620=CARTESIAN_POINT('Ctrl Pts',(-1.867042357624,-5.99,1.569432140657));
#3621=CARTESIAN_POINT('Ctrl Pts',(-1.881866749084,-5.99,1.551925884439));
#3622=CARTESIAN_POINT('Ctrl Pts',(-1.899004200665,-5.99,1.537064852803));
#3623=CARTESIAN_POINT('Ctrl Pts',(-1.9184700886,-5.99,1.524920791583));
#3624=CARTESIAN_POINT('Ctrl Pts',(-1.93934488852,-5.99,1.51357721022));
#3625=CARTESIAN_POINT('Ctrl Pts',(-1.962670837021,-5.99,1.504889436052));
#3626=CARTESIAN_POINT('Ctrl Pts',(-1.987778465437,-5.99,1.497021285881));
#3627=CARTESIAN_POINT('Ctrl Pts',(-2.015107335093,-5.99,1.491741199312));
#3628=CARTESIAN_POINT('Ctrl Pts',(-2.044304403111,-5.99,1.487374926444));
#3629=CARTESIAN_POINT('Ctrl Pts',(-2.075537979531,-5.99,1.484882114667));
#3630=CARTESIAN_POINT('Ctrl Pts',(-2.09706983676,-5.99,1.484576608896));
#3631=CARTESIAN_POINT('Ctrl Pts',(-2.108148971888,-5.99,1.484419412065));
#3632=CARTESIAN_POINT('',(-1.82686242218,-6.,1.727694265866));
#3633=CARTESIAN_POINT('Origin',(-13.7,-6.,6.2));
#3634=CARTESIAN_POINT('',(-2.085341954344,-6.,1.948162102123));
#3635=CARTESIAN_POINT('Ctrl Pts',(-1.82686242218,-6.,1.727694265866));
#3636=CARTESIAN_POINT('Ctrl Pts',(-1.827005562699,-6.,1.737472644651));
#3637=CARTESIAN_POINT('Ctrl Pts',(-1.827282131909,-6.,1.756365956634));
#3638=CARTESIAN_POINT('Ctrl Pts',(-1.831458421768,-6.,1.783499649057));
#3639=CARTESIAN_POINT('Ctrl Pts',(-1.837456810035,-6.,1.80850663807));
#3640=CARTESIAN_POINT('Ctrl Pts',(-1.846247106988,-6.,1.831231000686));
#3641=CARTESIAN_POINT('Ctrl Pts',(-1.857444017802,-6.,1.851747655282));
#3642=CARTESIAN_POINT('Ctrl Pts',(-1.87159959971,-6.,1.869608940321));
#3643=CARTESIAN_POINT('Ctrl Pts',(-1.88769640025,-6.,1.885780482614));
#3644=CARTESIAN_POINT('Ctrl Pts',(-1.913067509778,-6.,1.903302657685));
#3645=CARTESIAN_POINT('Ctrl Pts',(-1.947383419149,-6.,1.921205215255));
#3646=CARTESIAN_POINT('Ctrl Pts',(-1.991241320068,-6.,1.936881593307));
#3647=CARTESIAN_POINT('Ctrl Pts',(-2.037531633022,-6.,1.946449222746));
#3648=CARTESIAN_POINT('Ctrl Pts',(-2.069247179393,-6.,1.947585481692));
#3649=CARTESIAN_POINT('Ctrl Pts',(-2.085341954344,-6.,1.948162102123));
#3650=CARTESIAN_POINT('',(-2.283002773057,-6.,1.948162102123));
#3651=CARTESIAN_POINT('',(-2.283002773057,-6.,1.948162102123));
#3652=CARTESIAN_POINT('',(-2.283002773057,-6.,1.484419412065));
#3653=CARTESIAN_POINT('',(-2.283002773057,-6.,1.484419412065));
#3654=CARTESIAN_POINT('',(-2.108148971888,-6.,1.484419412065));
#3655=CARTESIAN_POINT('Origin',(-2.283002773057,-5.99,1.484419412065));
#3656=CARTESIAN_POINT('',(-2.283002773057,-5.99,1.484419412065));
#3657=CARTESIAN_POINT('',(-2.283002773057,-6.,1.484419412065));
#3658=CARTESIAN_POINT('',(-2.108148971888,-5.99,1.484419412065));
#3659=CARTESIAN_POINT('Origin',(-1.709512083423,-5.99,1.913731431187));
#3660=CARTESIAN_POINT('',(-1.644406281829,-5.99,1.727694265866));
#3661=CARTESIAN_POINT('',(-1.880078796449,-5.99,2.016583154755));
#3662=CARTESIAN_POINT('Ctrl Pts',(-1.644406281829,-5.99,1.727694265866));
#3663=CARTESIAN_POINT('Ctrl Pts',(-1.644614314253,-5.99,1.73755895515));
#3664=CARTESIAN_POINT('Ctrl Pts',(-1.645021749564,-5.99,1.756879129777));
#3665=CARTESIAN_POINT('Ctrl Pts',(-1.648445235185,-5.99,1.785056162199));
#3666=CARTESIAN_POINT('Ctrl Pts',(-1.654064661066,-5.99,1.811734433853));
#3667=CARTESIAN_POINT('Ctrl Pts',(-1.661917844786,-5.99,1.836844318212));
#3668=CARTESIAN_POINT('Ctrl Pts',(-1.672083362812,-5.99,1.860512212276));
#3669=CARTESIAN_POINT('Ctrl Pts',(-1.684839195791,-5.99,1.882391919898));
#3670=CARTESIAN_POINT('Ctrl Pts',(-1.699561694956,-5.99,1.902941006159));
#3671=CARTESIAN_POINT('Ctrl Pts',(-1.722073841765,-5.99,1.927666029931));
#3672=CARTESIAN_POINT('Ctrl Pts',(-1.752713339702,-5.99,1.955159210842));
#3673=CARTESIAN_POINT('Ctrl Pts',(-1.792858755612,-5.99,1.981982315883));
#3674=CARTESIAN_POINT('Ctrl Pts',(-1.835024107956,-5.99,2.003633676734));
#3675=CARTESIAN_POINT('Ctrl Pts',(-1.865070719927,-5.99,2.012269580218));
#3676=CARTESIAN_POINT('Ctrl Pts',(-1.880078796449,-5.99,2.016583154755));
#3677=CARTESIAN_POINT('',(-1.682417977736,-5.99,2.305472043644));
#3678=CARTESIAN_POINT('Ctrl Pts',(-1.880078796449,-5.99,2.016583154755));
#3679=CARTESIAN_POINT('Ctrl Pts',(-1.868587938339,-5.99,2.020980440263));
#3680=CARTESIAN_POINT('Ctrl Pts',(-1.845067790526,-5.99,2.029981056591));
#3681=CARTESIAN_POINT('Ctrl Pts',(-1.811356965815,-5.99,2.049613804274));
#3682=CARTESIAN_POINT('Ctrl Pts',(-1.778486567138,-5.99,2.074446529194));
#3683=CARTESIAN_POINT('Ctrl Pts',(-1.751515449982,-5.99,2.098459930606));
#3684=CARTESIAN_POINT('Ctrl Pts',(-1.731539956574,-5.99,2.121127480618));
#3685=CARTESIAN_POINT('Ctrl Pts',(-1.718024938924,-5.99,2.14075097649));
#3686=CARTESIAN_POINT('Ctrl Pts',(-1.707343650553,-5.99,2.162944817921));
#3687=CARTESIAN_POINT('Ctrl Pts',(-1.697738388786,-5.99,2.187011578913));
#3688=CARTESIAN_POINT('Ctrl Pts',(-1.691006855658,-5.99,2.213543789391));
#3689=CARTESIAN_POINT('Ctrl Pts',(-1.685784116103,-5.99,2.24222129166));
#3690=CARTESIAN_POINT('Ctrl Pts',(-1.683191561972,-5.99,2.273138765374));
#3691=CARTESIAN_POINT('Ctrl Pts',(-1.682680789048,-5.99,2.29448739466));
#3692=CARTESIAN_POINT('Ctrl Pts',(-1.682417977736,-5.99,2.305472043644));
#3693=CARTESIAN_POINT('',(-2.0625349368,-5.99,2.63997496762));
#3694=CARTESIAN_POINT('Ctrl Pts',(-1.682417977736,-5.99,2.305472043644));
#3695=CARTESIAN_POINT('Ctrl Pts',(-1.682668933935,-5.99,2.316654699365));
#3696=CARTESIAN_POINT('Ctrl Pts',(-1.683166618085,-5.99,2.338831599286));
#3697=CARTESIAN_POINT('Ctrl Pts',(-1.68772674918,-5.99,2.371492724079));
#3698=CARTESIAN_POINT('Ctrl Pts',(-1.69547704911,-5.99,2.402798174967));
#3699=CARTESIAN_POINT('Ctrl Pts',(-1.705531525059,-5.99,2.433125734796));
#3700=CARTESIAN_POINT('Ctrl Pts',(-1.719169191058,-5.99,2.4619903502));
#3701=CARTESIAN_POINT('Ctrl Pts',(-1.735573801981,-5.99,2.489872193708));
#3702=CARTESIAN_POINT('Ctrl Pts',(-1.755209562225,-5.99,2.516288640297));
#3703=CARTESIAN_POINT('Ctrl Pts',(-1.777223165241,-5.99,2.541756607502));
#3704=CARTESIAN_POINT('Ctrl Pts',(-1.802639544651,-5.99,2.564809438037));
#3705=CARTESIAN_POINT('Ctrl Pts',(-1.830841011987,-5.99,2.585254739316));
#3706=CARTESIAN_POINT('Ctrl Pts',(-1.862212818586,-5.99,2.602251592889));
#3707=CARTESIAN_POINT('Ctrl Pts',(-1.896571478762,-5.99,2.615943319613));
#3708=CARTESIAN_POINT('Ctrl Pts',(-1.933844127839,-5.99,2.62708726458));
#3709=CARTESIAN_POINT('Ctrl Pts',(-1.974279776973,-5.99,2.634309489858));
#3710=CARTESIAN_POINT('Ctrl Pts',(-2.017448256051,-5.99,2.639401245618));
#3711=CARTESIAN_POINT('Ctrl Pts',(-2.047220077303,-5.99,2.639780088075));
#3712=CARTESIAN_POINT('Ctrl Pts',(-2.0625349368,-5.99,2.63997496762));
#3713=CARTESIAN_POINT('',(-2.457856574227,-5.99,2.63997496762));
#3714=CARTESIAN_POINT('',(-2.0625349368,-5.99,2.63997496762));
#3715=CARTESIAN_POINT('',(-2.457856574227,-5.99,1.33997496762));
#3716=CARTESIAN_POINT('',(-2.457856574227,-5.99,2.63997496762));
#3717=CARTESIAN_POINT('',(-2.077739615162,-5.99,1.33997496762));
#3718=CARTESIAN_POINT('',(-2.457856574227,-5.99,1.33997496762));
#3719=CARTESIAN_POINT('Ctrl Pts',(-2.077739615162,-5.99,1.33997496762));
#3720=CARTESIAN_POINT('Ctrl Pts',(-2.062244575083,-5.99,1.340252104815));
#3721=CARTESIAN_POINT('Ctrl Pts',(-2.031954058686,-5.99,1.340793867128));
#3722=CARTESIAN_POINT('Ctrl Pts',(-1.987567270815,-5.99,1.344829084406));
#3723=CARTESIAN_POINT('Ctrl Pts',(-1.945326575804,-5.99,1.351223519981));
#3724=CARTESIAN_POINT('Ctrl Pts',(-1.905091206128,-5.99,1.360166480314));
#3725=CARTESIAN_POINT('Ctrl Pts',(-1.867076134895,-5.99,1.372016124615));
#3726=CARTESIAN_POINT('Ctrl Pts',(-1.831165042703,-5.99,1.386353096615));
#3727=CARTESIAN_POINT('Ctrl Pts',(-1.797423140023,-5.99,1.403375032396));
#3728=CARTESIAN_POINT('Ctrl Pts',(-1.765763370716,-5.99,1.422859950204));
#3729=CARTESIAN_POINT('Ctrl Pts',(-1.736880710921,-5.99,1.446031970435));
#3730=CARTESIAN_POINT('Ctrl Pts',(-1.711866292425,-5.99,1.473653319185));
#3731=CARTESIAN_POINT('Ctrl Pts',(-1.690857607141,-5.99,1.505719677253));
#3732=CARTESIAN_POINT('Ctrl Pts',(-1.673737561941,-5.99,1.541941025528));
#3733=CARTESIAN_POINT('Ctrl Pts',(-1.660538081284,-5.99,1.582456399918));
#3734=CARTESIAN_POINT('Ctrl Pts',(-1.651073984667,-5.99,1.627087646961));
#3735=CARTESIAN_POINT('Ctrl Pts',(-1.645506346905,-5.99,1.676026990249));
#3736=CARTESIAN_POINT('Ctrl Pts',(-1.644782282444,-5.99,1.710034467497));
#3737=CARTESIAN_POINT('Ctrl Pts',(-1.644406281829,-5.99,1.727694265866));
#3738=CARTESIAN_POINT('',(-2.283002773057,-5.99,1.948162102123));
#3739=CARTESIAN_POINT('',(-2.283002773057,-5.99,1.484419412065));
#3740=CARTESIAN_POINT('',(-2.085341954344,-5.99,1.948162102123));
#3741=CARTESIAN_POINT('',(-2.283002773057,-5.99,1.948162102123));
#3742=CARTESIAN_POINT('Ctrl Pts',(-2.085341954344,-5.99,1.948162102123));
#3743=CARTESIAN_POINT('Ctrl Pts',(-2.069247179393,-5.99,1.947585481692));
#3744=CARTESIAN_POINT('Ctrl Pts',(-2.037531633022,-5.99,1.946449222746));
#3745=CARTESIAN_POINT('Ctrl Pts',(-1.991241320068,-5.99,1.936881593307));
#3746=CARTESIAN_POINT('Ctrl Pts',(-1.947383419149,-5.99,1.921205215255));
#3747=CARTESIAN_POINT('Ctrl Pts',(-1.913067509778,-5.99,1.903302657685));
#3748=CARTESIAN_POINT('Ctrl Pts',(-1.88769640025,-5.99,1.885780482614));
#3749=CARTESIAN_POINT('Ctrl Pts',(-1.87159959971,-5.99,1.869608940321));
#3750=CARTESIAN_POINT('Ctrl Pts',(-1.857444017802,-5.99,1.851747655282));
#3751=CARTESIAN_POINT('Ctrl Pts',(-1.846247106988,-5.99,1.831231000686));
#3752=CARTESIAN_POINT('Ctrl Pts',(-1.837456810035,-5.99,1.80850663807));
#3753=CARTESIAN_POINT('Ctrl Pts',(-1.831458421768,-5.99,1.783499649057));
#3754=CARTESIAN_POINT('Ctrl Pts',(-1.827282131909,-5.99,1.756365956634));
#3755=CARTESIAN_POINT('Ctrl Pts',(-1.827005562699,-5.99,1.737472644651));
#3756=CARTESIAN_POINT('Ctrl Pts',(-1.82686242218,-5.99,1.727694265866));
#3757=CARTESIAN_POINT('',(-2.0625349368,-5.99,2.092606546568));
#3758=CARTESIAN_POINT('',(-2.283002773057,-5.99,2.092606546568));
#3759=CARTESIAN_POINT('',(-2.0625349368,-5.99,2.092606546568));
#3760=CARTESIAN_POINT('',(-2.283002773057,-5.99,2.495530523176));
#3761=CARTESIAN_POINT('',(-2.283002773057,-5.99,2.092606546568));
#3762=CARTESIAN_POINT('',(-2.054932597619,-5.99,2.495530523176));
#3763=CARTESIAN_POINT('',(-2.283002773057,-5.99,2.495530523176));
#3764=CARTESIAN_POINT('',(-1.857271778905,-5.99,2.305472043644));
#3765=CARTESIAN_POINT('Ctrl Pts',(-2.054932597619,-5.99,2.495530523176));
#3766=CARTESIAN_POINT('Ctrl Pts',(-2.041463093791,-5.99,2.495034335736));
#3767=CARTESIAN_POINT('Ctrl Pts',(-2.015457380122,-5.99,2.494076341392));
#3768=CARTESIAN_POINT('Ctrl Pts',(-1.978075830476,-5.99,2.485409015269));
#3769=CARTESIAN_POINT('Ctrl Pts',(-1.944102944772,-5.99,2.470952104982));
#3770=CARTESIAN_POINT('Ctrl Pts',(-1.91882853391,-5.99,2.454058187054));
#3771=CARTESIAN_POINT('Ctrl Pts',(-1.900495946317,-5.99,2.438185063428));
#3772=CARTESIAN_POINT('Ctrl Pts',(-1.889100948205,-5.99,2.423856988634));
#3773=CARTESIAN_POINT('Ctrl Pts',(-1.879007652466,-5.99,2.408319036583));
#3774=CARTESIAN_POINT('Ctrl Pts',(-1.871198362415,-5.99,2.390887653365));
#3775=CARTESIAN_POINT('Ctrl Pts',(-1.864984354022,-5.99,2.371915345219));
#3776=CARTESIAN_POINT('Ctrl Pts',(-1.860569334176,-5.99,2.351246940614));
#3777=CARTESIAN_POINT('Ctrl Pts',(-1.857633655379,-5.99,2.328926199129));
#3778=CARTESIAN_POINT('Ctrl Pts',(-1.85739502354,-5.99,2.313459849001));
#3779=CARTESIAN_POINT('Ctrl Pts',(-1.857271778905,-5.99,2.305472043644));
#3780=CARTESIAN_POINT('Ctrl Pts',(-1.857271778905,-5.99,2.305472043644));
#3781=CARTESIAN_POINT('Ctrl Pts',(-1.857394763098,-5.99,2.296265558823));
#3782=CARTESIAN_POINT('Ctrl Pts',(-1.857631333801,-5.99,2.278556091282));
#3783=CARTESIAN_POINT('Ctrl Pts',(-1.86053571743,-5.99,2.252937869096));
#3784=CARTESIAN_POINT('Ctrl Pts',(-1.865144401155,-5.99,2.229321446926));
#3785=CARTESIAN_POINT('Ctrl Pts',(-1.872004359072,-5.99,2.207757473815));
#3786=CARTESIAN_POINT('Ctrl Pts',(-1.880390665622,-5.99,2.188115406809));
#3787=CARTESIAN_POINT('Ctrl Pts',(-1.890784641558,-5.99,2.170503716718));
#3788=CARTESIAN_POINT('Ctrl Pts',(-1.903437956258,-5.99,2.155065015649));
#3789=CARTESIAN_POINT('Ctrl Pts',(-1.922454002146,-5.99,2.137339983195));
#3790=CARTESIAN_POINT('Ctrl Pts',(-1.949157190962,-5.99,2.119261650711));
#3791=CARTESIAN_POINT('Ctrl Pts',(-1.984513627882,-5.99,2.103904489308));
#3792=CARTESIAN_POINT('Ctrl Pts',(-2.022607966808,-5.99,2.094277487732));
#3793=CARTESIAN_POINT('Ctrl Pts',(-2.049056194182,-5.99,2.093170631092));
#3794=CARTESIAN_POINT('Ctrl Pts',(-2.0625349368,-5.99,2.092606546568));
#3795=CARTESIAN_POINT('Ctrl Pts',(-1.930087474078,-5.98989999999999,2.033213557222));
#3796=CARTESIAN_POINT('Ctrl Pts',(-1.930087474078,-6.00214000000001,2.033213557222));
#3797=CARTESIAN_POINT('Ctrl Pts',(-1.89960521880156,-5.98989999999999,2.02019407585998));
#3798=CARTESIAN_POINT('Ctrl Pts',(-1.89960521880156,-6.00214000000001,2.02019407585998));
#3799=CARTESIAN_POINT('Ctrl Pts',(-1.85073890335179,-5.98989999999999,2.01170302009014));
#3800=CARTESIAN_POINT('Ctrl Pts',(-1.85073890335179,-6.00214000000001,2.01170302009014));
#3801=CARTESIAN_POINT('Ctrl Pts',(-1.792858755612,-5.98989999999999,1.981982315883));
#3802=CARTESIAN_POINT('Ctrl Pts',(-1.792858755612,-6.00214000000001,1.981982315883));
#3803=CARTESIAN_POINT('Ctrl Pts',(-1.752713339702,-5.98989999999999,1.955159210842));
#3804=CARTESIAN_POINT('Ctrl Pts',(-1.752713339702,-6.00214000000001,1.955159210842));
#3805=CARTESIAN_POINT('Ctrl Pts',(-1.722073841765,-5.98989999999999,1.927666029931));
#3806=CARTESIAN_POINT('Ctrl Pts',(-1.722073841765,-6.00214000000001,1.927666029931));
#3807=CARTESIAN_POINT('Ctrl Pts',(-1.699561694956,-5.98989999999999,1.902941006159));
#3808=CARTESIAN_POINT('Ctrl Pts',(-1.699561694956,-6.00214000000001,1.902941006159));
#3809=CARTESIAN_POINT('Ctrl Pts',(-1.684839195791,-5.98989999999999,1.882391919898));
#3810=CARTESIAN_POINT('Ctrl Pts',(-1.684839195791,-6.00214000000001,1.882391919898));
#3811=CARTESIAN_POINT('Ctrl Pts',(-1.672083362812,-5.98989999999999,1.860512212276));
#3812=CARTESIAN_POINT('Ctrl Pts',(-1.672083362812,-6.00214000000001,1.860512212276));
#3813=CARTESIAN_POINT('Ctrl Pts',(-1.661917844786,-5.98989999999999,1.836844318212));
#3814=CARTESIAN_POINT('Ctrl Pts',(-1.661917844786,-6.00214000000001,1.836844318212));
#3815=CARTESIAN_POINT('Ctrl Pts',(-1.654064661066,-5.98989999999999,1.811734433853));
#3816=CARTESIAN_POINT('Ctrl Pts',(-1.654064661066,-6.00214000000001,1.811734433853));
#3817=CARTESIAN_POINT('Ctrl Pts',(-1.648445235185,-5.98989999999999,1.785056162199));
#3818=CARTESIAN_POINT('Ctrl Pts',(-1.648445235185,-6.00214000000001,1.785056162199));
#3819=CARTESIAN_POINT('Ctrl Pts',(-1.64289506869218,-5.98989999999999,1.73937546172917));
#3820=CARTESIAN_POINT('Ctrl Pts',(-1.64289506869218,-6.00214000000001,1.73937546172917));
#3821=CARTESIAN_POINT('Ctrl Pts',(-1.64547140555769,-5.98989999999999,1.7022522685027));
#3822=CARTESIAN_POINT('Ctrl Pts',(-1.64547140555769,-6.00214000000001,1.7022522685027));
#3823=CARTESIAN_POINT('Ctrl Pts',(-1.640437279022,-5.98989999999999,1.675042032346));
#3824=CARTESIAN_POINT('Ctrl Pts',(-1.640437279022,-6.00214000000001,1.675042032346));
#3825=CARTESIAN_POINT('',(-1.880078796449,-6.,2.016583154755));
#3826=CARTESIAN_POINT('',(-1.644406281829,-6.,1.727694265866));
#3827=CARTESIAN_POINT('Ctrl Pts',(-1.880078796449,-6.,2.016583154755));
#3828=CARTESIAN_POINT('Ctrl Pts',(-1.865070719927,-6.,2.012269580218));
#3829=CARTESIAN_POINT('Ctrl Pts',(-1.835024107956,-6.,2.003633676734));
#3830=CARTESIAN_POINT('Ctrl Pts',(-1.792858755612,-6.,1.981982315883));
#3831=CARTESIAN_POINT('Ctrl Pts',(-1.752713339702,-6.,1.955159210842));
#3832=CARTESIAN_POINT('Ctrl Pts',(-1.722073841765,-6.,1.927666029931));
#3833=CARTESIAN_POINT('Ctrl Pts',(-1.699561694956,-6.,1.902941006159));
#3834=CARTESIAN_POINT('Ctrl Pts',(-1.684839195791,-6.,1.882391919898));
#3835=CARTESIAN_POINT('Ctrl Pts',(-1.672083362812,-6.,1.860512212276));
#3836=CARTESIAN_POINT('Ctrl Pts',(-1.661917844786,-6.,1.836844318212));
#3837=CARTESIAN_POINT('Ctrl Pts',(-1.654064661066,-6.,1.811734433853));
#3838=CARTESIAN_POINT('Ctrl Pts',(-1.648445235185,-6.,1.785056162199));
#3839=CARTESIAN_POINT('Ctrl Pts',(-1.645021749564,-6.,1.756879129777));
#3840=CARTESIAN_POINT('Ctrl Pts',(-1.644614314253,-6.,1.73755895515));
#3841=CARTESIAN_POINT('Ctrl Pts',(-1.644406281829,-6.,1.727694265866));
#3842=CARTESIAN_POINT('',(-1.880078796449,-6.,2.016583154755));
#3843=CARTESIAN_POINT('',(-1.644406281829,-6.,1.727694265866));
#3844=CARTESIAN_POINT('Origin',(-13.7,-6.,6.2));
#3845=CARTESIAN_POINT('',(-13.5,-6.,6.725));
#3846=CARTESIAN_POINT('',(-13.5,-6.,6.775));
#3847=CARTESIAN_POINT('',(-13.5,-6.,6.725));
#3848=CARTESIAN_POINT('',(-13.7,-6.,6.525));
#3849=CARTESIAN_POINT('',(-13.5,-6.,6.725));
#3850=CARTESIAN_POINT('',(-13.7,-6.,0.));
#3851=CARTESIAN_POINT('',(-13.7,-6.,0.));
#3852=CARTESIAN_POINT('',(13.2,-6.,0.));
#3853=CARTESIAN_POINT('',(13.2,-6.,0.));
#3854=CARTESIAN_POINT('',(13.2,-6.,6.2));
#3855=CARTESIAN_POINT('',(13.2,-6.,6.2));
#3856=CARTESIAN_POINT('',(-5.05,-6.,6.2));
#3857=CARTESIAN_POINT('',(13.2,-6.,6.2));
#3858=CARTESIAN_POINT('',(-6.35220495922954,-6.00000015726677,8.49999821585841));
#3859=CARTESIAN_POINT('',(-6.0998638689869,-6.,8.05430501535325));
#3860=CARTESIAN_POINT('',(-13.7,-6.,8.5));
#3861=CARTESIAN_POINT('',(-13.7,-6.,8.5));
#3862=CARTESIAN_POINT('',(-13.7,-6.,6.975));
#3863=CARTESIAN_POINT('',(-13.7,-6.,6.975));
#3864=CARTESIAN_POINT('',(-13.7,-6.,6.975));
#3865=CARTESIAN_POINT('',(-6.517505697034,-6.,2.495530523176));
#3866=CARTESIAN_POINT('',(-6.517505697034,-6.,2.63997496762));
#3867=CARTESIAN_POINT('',(-6.517505697034,-6.,2.495530523176));
#3868=CARTESIAN_POINT('',(-7.140897509899,-6.,2.495530523176));
#3869=CARTESIAN_POINT('',(-7.140897509899,-6.,2.495530523176));
#3870=CARTESIAN_POINT('',(-7.140897509899,-6.,2.069799529024));
#3871=CARTESIAN_POINT('',(-7.140897509899,-6.,2.069799529024));
#3872=CARTESIAN_POINT('',(-6.669552480659,-6.,2.069799529024));
#3873=CARTESIAN_POINT('',(-6.669552480659,-6.,2.069799529024));
#3874=CARTESIAN_POINT('',(-6.669552480659,-6.,1.92535508458));
#3875=CARTESIAN_POINT('',(-6.669552480659,-6.,1.92535508458));
#3876=CARTESIAN_POINT('',(-7.140897509899,-6.,1.92535508458));
#3877=CARTESIAN_POINT('',(-7.140897509899,-6.,1.92535508458));
#3878=CARTESIAN_POINT('',(-7.140897509899,-6.,1.33997496762));
#3879=CARTESIAN_POINT('',(-7.140897509899,-6.,1.33997496762));
#3880=CARTESIAN_POINT('',(-7.315751311069,-6.,1.33997496762));
#3881=CARTESIAN_POINT('',(-7.315751311069,-6.,1.33997496762));
#3882=CARTESIAN_POINT('',(-7.315751311069,-6.,2.63997496762));
#3883=CARTESIAN_POINT('',(-7.315751311069,-6.,2.63997496762));
#3884=CARTESIAN_POINT('',(-6.517505697034,-6.,2.63997496762));
#3885=CARTESIAN_POINT('',(-4.594113884168,-6.,1.33997496762));
#3886=CARTESIAN_POINT('',(-4.594113884168,-6.,2.63997496762));
#3887=CARTESIAN_POINT('',(-4.594113884168,-6.,1.33997496762));
#3888=CARTESIAN_POINT('',(-4.768967685338,-6.,1.33997496762));
#3889=CARTESIAN_POINT('',(-4.768967685338,-6.,1.33997496762));
#3890=CARTESIAN_POINT('',(-4.768967685338,-6.,1.948162102123));
#3891=CARTESIAN_POINT('',(-4.768967685338,-6.,1.948162102123));
#3892=CARTESIAN_POINT('',(-5.202301018671,-6.,1.948162102123));
#3893=CARTESIAN_POINT('',(-5.202301018671,-6.,1.948162102123));
#3894=CARTESIAN_POINT('',(-5.202301018671,-6.,1.33997496762));
#3895=CARTESIAN_POINT('',(-5.202301018671,-6.,1.33997496762));
#3896=CARTESIAN_POINT('',(-5.377154819841,-6.,1.33997496762));
#3897=CARTESIAN_POINT('',(-5.377154819841,-6.,1.33997496762));
#3898=CARTESIAN_POINT('',(-5.377154819841,-6.,2.63997496762));
#3899=CARTESIAN_POINT('',(-5.377154819841,-6.,2.63997496762));
#3900=CARTESIAN_POINT('',(-5.202301018671,-6.,2.63997496762));
#3901=CARTESIAN_POINT('',(-5.202301018671,-6.,2.63997496762));
#3902=CARTESIAN_POINT('',(-5.202301018671,-6.,2.092606546568));
#3903=CARTESIAN_POINT('',(-5.202301018671,-6.,2.092606546568));
#3904=CARTESIAN_POINT('',(-4.768967685338,-6.,2.092606546568));
#3905=CARTESIAN_POINT('',(-4.768967685338,-6.,2.092606546568));
#3906=CARTESIAN_POINT('',(-4.768967685338,-6.,2.63997496762));
#3907=CARTESIAN_POINT('',(-4.768967685338,-6.,2.63997496762));
#3908=CARTESIAN_POINT('',(-4.594113884168,-6.,2.63997496762));
#3909=CARTESIAN_POINT('',(-2.647915053759,-6.,1.33997496762));
#3910=CARTESIAN_POINT('',(-2.647915053759,-6.,2.63997496762));
#3911=CARTESIAN_POINT('',(-2.647915053759,-6.,1.33997496762));
#3912=CARTESIAN_POINT('',(-2.837973533291,-6.,1.33997496762));
#3913=CARTESIAN_POINT('',(-2.837973533291,-6.,1.33997496762));
#3914=CARTESIAN_POINT('',(-3.256102188262,-6.,2.2826650261));
#3915=CARTESIAN_POINT('',(-2.837973533291,-6.,1.33997496762));
#3916=CARTESIAN_POINT('',(-3.263704527443,-6.,2.2826650261));
#3917=CARTESIAN_POINT('',(-3.263704527443,-6.,2.2826650261));
#3918=CARTESIAN_POINT('',(-3.263704527443,-6.,1.33997496762));
#3919=CARTESIAN_POINT('',(-3.263704527443,-6.,1.33997496762));
#3920=CARTESIAN_POINT('',(-3.438558328613,-6.,1.33997496762));
#3921=CARTESIAN_POINT('',(-3.438558328613,-6.,1.33997496762));
#3922=CARTESIAN_POINT('',(-3.438558328613,-6.,2.63997496762));
#3923=CARTESIAN_POINT('',(-3.438558328613,-6.,2.63997496762));
#3924=CARTESIAN_POINT('',(-3.248499849081,-6.,2.63997496762));
#3925=CARTESIAN_POINT('',(-3.248499849081,-6.,2.63997496762));
#3926=CARTESIAN_POINT('',(-2.83037119411,-6.,1.697284909141));
#3927=CARTESIAN_POINT('',(-3.248499849081,-6.,2.63997496762));
#3928=CARTESIAN_POINT('',(-2.822768854929,-6.,1.697284909141));
#3929=CARTESIAN_POINT('',(-2.822768854929,-6.,1.697284909141));
#3930=CARTESIAN_POINT('',(-2.822768854929,-6.,2.63997496762));
#3931=CARTESIAN_POINT('',(-2.822768854929,-6.,2.63997496762));
#3932=CARTESIAN_POINT('',(-2.647915053759,-6.,2.63997496762));
#3933=CARTESIAN_POINT('',(-8.486511544987,-6.,1.33997496762));
#3934=CARTESIAN_POINT('',(-8.486511544987,-6.,2.63997496762));
#3935=CARTESIAN_POINT('',(-8.486511544987,-6.,1.33997496762));
#3936=CARTESIAN_POINT('',(-8.676570024519,-6.,1.33997496762));
#3937=CARTESIAN_POINT('',(-8.676570024519,-6.,1.33997496762));
#3938=CARTESIAN_POINT('',(-9.09469867949,-6.,2.2826650261));
#3939=CARTESIAN_POINT('',(-8.676570024519,-6.,1.33997496762));
#3940=CARTESIAN_POINT('',(-9.102301018671,-6.,2.2826650261));
#3941=CARTESIAN_POINT('',(-9.102301018671,-6.,2.2826650261));
#3942=CARTESIAN_POINT('',(-9.102301018671,-6.,1.33997496762));
#3943=CARTESIAN_POINT('',(-9.102301018671,-6.,1.33997496762));
#3944=CARTESIAN_POINT('',(-9.277154819841,-6.,1.33997496762));
#3945=CARTESIAN_POINT('',(-9.277154819841,-6.,1.33997496762));
#3946=CARTESIAN_POINT('',(-9.277154819841,-6.,2.63997496762));
#3947=CARTESIAN_POINT('',(-9.277154819841,-6.,2.63997496762));
#3948=CARTESIAN_POINT('',(-9.087096340309,-6.,2.63997496762));
#3949=CARTESIAN_POINT('',(-9.087096340309,-6.,2.63997496762));
#3950=CARTESIAN_POINT('',(-8.668967685338,-6.,1.697284909141));
#3951=CARTESIAN_POINT('',(-9.087096340309,-6.,2.63997496762));
#3952=CARTESIAN_POINT('',(-8.661365346157,-6.,1.697284909141));
#3953=CARTESIAN_POINT('',(-8.661365346157,-6.,1.697284909141));
#3954=CARTESIAN_POINT('',(-8.661365346157,-6.,2.63997496762));
#3955=CARTESIAN_POINT('',(-8.661365346157,-6.,2.63997496762));
#3956=CARTESIAN_POINT('',(-8.486511544987,-6.,2.63997496762));
#3957=CARTESIAN_POINT('',(-2.077739615162,-6.,1.33997496762));
#3958=CARTESIAN_POINT('Ctrl Pts',(-1.644406281829,-6.,1.727694265866));
#3959=CARTESIAN_POINT('Ctrl Pts',(-1.644782282444,-6.,1.710034467497));
#3960=CARTESIAN_POINT('Ctrl Pts',(-1.645506346905,-6.,1.676026990249));
#3961=CARTESIAN_POINT('Ctrl Pts',(-1.651073984667,-6.,1.627087646961));
#3962=CARTESIAN_POINT('Ctrl Pts',(-1.660538081284,-6.,1.582456399918));
#3963=CARTESIAN_POINT('Ctrl Pts',(-1.673737561941,-6.,1.541941025528));
#3964=CARTESIAN_POINT('Ctrl Pts',(-1.690857607141,-6.,1.505719677253));
#3965=CARTESIAN_POINT('Ctrl Pts',(-1.711866292425,-6.,1.473653319185));
#3966=CARTESIAN_POINT('Ctrl Pts',(-1.736880710921,-6.,1.446031970435));
#3967=CARTESIAN_POINT('Ctrl Pts',(-1.765763370716,-6.,1.422859950204));
#3968=CARTESIAN_POINT('Ctrl Pts',(-1.797423140023,-6.,1.403375032396));
#3969=CARTESIAN_POINT('Ctrl Pts',(-1.831165042703,-6.,1.386353096615));
#3970=CARTESIAN_POINT('Ctrl Pts',(-1.867076134895,-6.,1.372016124615));
#3971=CARTESIAN_POINT('Ctrl Pts',(-1.905091206128,-6.,1.360166480314));
#3972=CARTESIAN_POINT('Ctrl Pts',(-1.945326575804,-6.,1.351223519981));
#3973=CARTESIAN_POINT('Ctrl Pts',(-1.987567270815,-6.,1.344829084406));
#3974=CARTESIAN_POINT('Ctrl Pts',(-2.031954058686,-6.,1.340793867128));
#3975=CARTESIAN_POINT('Ctrl Pts',(-2.062244575083,-6.,1.340252104815));
#3976=CARTESIAN_POINT('Ctrl Pts',(-2.077739615162,-6.,1.33997496762));
#3977=CARTESIAN_POINT('',(-2.457856574227,-6.,1.33997496762));
#3978=CARTESIAN_POINT('',(-2.457856574227,-6.,1.33997496762));
#3979=CARTESIAN_POINT('',(-2.457856574227,-6.,2.63997496762));
#3980=CARTESIAN_POINT('',(-2.457856574227,-6.,2.63997496762));
#3981=CARTESIAN_POINT('',(-2.0625349368,-6.,2.63997496762));
#3982=CARTESIAN_POINT('',(-2.0625349368,-6.,2.63997496762));
#3983=CARTESIAN_POINT('',(-1.682417977736,-6.,2.305472043644));
#3984=CARTESIAN_POINT('Ctrl Pts',(-2.0625349368,-6.,2.63997496762));
#3985=CARTESIAN_POINT('Ctrl Pts',(-2.047220077303,-6.,2.639780088075));
#3986=CARTESIAN_POINT('Ctrl Pts',(-2.017448256051,-6.,2.639401245618));
#3987=CARTESIAN_POINT('Ctrl Pts',(-1.974279776973,-6.,2.634309489858));
#3988=CARTESIAN_POINT('Ctrl Pts',(-1.933844127839,-6.,2.62708726458));
#3989=CARTESIAN_POINT('Ctrl Pts',(-1.896571478762,-6.,2.615943319613));
#3990=CARTESIAN_POINT('Ctrl Pts',(-1.862212818586,-6.,2.602251592889));
#3991=CARTESIAN_POINT('Ctrl Pts',(-1.830841011987,-6.,2.585254739316));
#3992=CARTESIAN_POINT('Ctrl Pts',(-1.802639544651,-6.,2.564809438037));
#3993=CARTESIAN_POINT('Ctrl Pts',(-1.777223165241,-6.,2.541756607502));
#3994=CARTESIAN_POINT('Ctrl Pts',(-1.755209562225,-6.,2.516288640297));
#3995=CARTESIAN_POINT('Ctrl Pts',(-1.735573801981,-6.,2.489872193708));
#3996=CARTESIAN_POINT('Ctrl Pts',(-1.719169191058,-6.,2.4619903502));
#3997=CARTESIAN_POINT('Ctrl Pts',(-1.705531525059,-6.,2.433125734796));
#3998=CARTESIAN_POINT('Ctrl Pts',(-1.69547704911,-6.,2.402798174967));
#3999=CARTESIAN_POINT('Ctrl Pts',(-1.68772674918,-6.,2.371492724079));
#4000=CARTESIAN_POINT('Ctrl Pts',(-1.683166618085,-6.,2.338831599286));
#4001=CARTESIAN_POINT('Ctrl Pts',(-1.682668933935,-6.,2.316654699365));
#4002=CARTESIAN_POINT('Ctrl Pts',(-1.682417977736,-6.,2.305472043644));
#4003=CARTESIAN_POINT('Ctrl Pts',(-1.682417977736,-6.,2.305472043644));
#4004=CARTESIAN_POINT('Ctrl Pts',(-1.682680789048,-6.,2.29448739466));
#4005=CARTESIAN_POINT('Ctrl Pts',(-1.683191561972,-6.,2.273138765374));
#4006=CARTESIAN_POINT('Ctrl Pts',(-1.685784116103,-6.,2.24222129166));
#4007=CARTESIAN_POINT('Ctrl Pts',(-1.691006855658,-6.,2.213543789391));
#4008=CARTESIAN_POINT('Ctrl Pts',(-1.697738388786,-6.,2.187011578913));
#4009=CARTESIAN_POINT('Ctrl Pts',(-1.707343650553,-6.,2.162944817921));
#4010=CARTESIAN_POINT('Ctrl Pts',(-1.718024938924,-6.,2.14075097649));
#4011=CARTESIAN_POINT('Ctrl Pts',(-1.731539956574,-6.,2.121127480618));
#4012=CARTESIAN_POINT('Ctrl Pts',(-1.751515449982,-6.,2.098459930606));
#4013=CARTESIAN_POINT('Ctrl Pts',(-1.778486567138,-6.,2.074446529194));
#4014=CARTESIAN_POINT('Ctrl Pts',(-1.811356965815,-6.,2.049613804274));
#4015=CARTESIAN_POINT('Ctrl Pts',(-1.845067790526,-6.,2.029981056591));
#4016=CARTESIAN_POINT('Ctrl Pts',(-1.868587938339,-6.,2.020980440263));
#4017=CARTESIAN_POINT('Ctrl Pts',(-1.880078796449,-6.,2.016583154755));
#4018=CARTESIAN_POINT('',(-3.879494001127,-6.,1.636466195691));
#4019=CARTESIAN_POINT('',(-3.879494001127,-6.,1.347577306802));
#4020=CARTESIAN_POINT('',(-3.879494001127,-6.,1.636466195691));
#4021=CARTESIAN_POINT('',(-4.464874118086,-6.,1.636466195691));
#4022=CARTESIAN_POINT('',(-4.464874118086,-6.,1.636466195691));
#4023=CARTESIAN_POINT('',(-4.464874118086,-6.,1.765705961772));
#4024=CARTESIAN_POINT('',(-4.464874118086,-6.,1.765705961772));
#4025=CARTESIAN_POINT('',(-3.849084644402,-6.,2.655179645983));
#4026=CARTESIAN_POINT('',(-4.464874118086,-6.,1.765705961772));
#4027=CARTESIAN_POINT('',(-3.735049556683,-6.,2.655179645983));
#4028=CARTESIAN_POINT('',(-3.735049556683,-6.,2.655179645983));
#4029=CARTESIAN_POINT('',(-3.735049556683,-6.,1.765705961772));
#4030=CARTESIAN_POINT('',(-3.735049556683,-6.,1.765705961772));
#4031=CARTESIAN_POINT('',(-3.552593416332,-6.,1.765705961772));
#4032=CARTESIAN_POINT('',(-3.552593416332,-6.,1.765705961772));
#4033=CARTESIAN_POINT('',(-3.552593416332,-6.,1.636466195691));
#4034=CARTESIAN_POINT('',(-3.552593416332,-6.,1.636466195691));
#4035=CARTESIAN_POINT('',(-3.735049556683,-6.,1.636466195691));
#4036=CARTESIAN_POINT('',(-3.735049556683,-6.,1.636466195691));
#4037=CARTESIAN_POINT('',(-3.735049556683,-6.,1.347577306802));
#4038=CARTESIAN_POINT('',(-3.735049556683,-6.,1.347577306802));
#4039=CARTESIAN_POINT('',(-3.879494001127,-6.,1.347577306802));
#4040=CARTESIAN_POINT('',(-5.529201603467,-6.,1.948162102123));
#4041=CARTESIAN_POINT('',(-5.529201603467,-6.,2.069799529024));
#4042=CARTESIAN_POINT('',(-5.529201603467,-6.,1.948162102123));
#4043=CARTESIAN_POINT('',(-6.395868270133,-6.,1.948162102123));
#4044=CARTESIAN_POINT('',(-6.395868270133,-6.,1.948162102123));
#4045=CARTESIAN_POINT('',(-6.395868270133,-6.,2.069799529024));
#4046=CARTESIAN_POINT('',(-6.395868270133,-6.,2.069799529024));
#4047=CARTESIAN_POINT('',(-5.529201603467,-6.,2.069799529024));
#4048=CARTESIAN_POINT('',(-7.726277626858,-6.,2.031787833118));
#4049=CARTESIAN_POINT('',(-8.304055404636,-6.,1.674477891597));
#4050=CARTESIAN_POINT('Ctrl Pts',(-7.726277626858,-6.,2.031787833118));
#4051=CARTESIAN_POINT('Ctrl Pts',(-7.709291182376,-6.,2.023748468661));
#4052=CARTESIAN_POINT('Ctrl Pts',(-7.676036480498,-6.,2.008009644179));
#4053=CARTESIAN_POINT('Ctrl Pts',(-7.631567300851,-6.,1.976168524534));
#4054=CARTESIAN_POINT('Ctrl Pts',(-7.593392619282,-6.,1.938625558558));
#4055=CARTESIAN_POINT('Ctrl Pts',(-7.566972455787,-6.,1.902691476674));
#4056=CARTESIAN_POINT('Ctrl Pts',(-7.549118663321,-6.,1.871353588992));
#4057=CARTESIAN_POINT('Ctrl Pts',(-7.538490408971,-6.,1.845595877094));
#4058=CARTESIAN_POINT('Ctrl Pts',(-7.530365238589,-6.,1.81810772782));
#4059=CARTESIAN_POINT('Ctrl Pts',(-7.524493979885,-6.,1.788990599652));
#4060=CARTESIAN_POINT('Ctrl Pts',(-7.520767501495,-6.,1.75811190683));
#4061=CARTESIAN_POINT('Ctrl Pts',(-7.519834246,-6.,1.725439469582));
#4062=CARTESIAN_POINT('Ctrl Pts',(-7.520924328715,-6.,1.690914534963));
#4063=CARTESIAN_POINT('Ctrl Pts',(-7.524596587043,-6.,1.6552657326));
#4064=CARTESIAN_POINT('Ctrl Pts',(-7.530467175138,-6.,1.619479496104));
#4065=CARTESIAN_POINT('Ctrl Pts',(-7.539887723425,-6.,1.585022868639));
#4066=CARTESIAN_POINT('Ctrl Pts',(-7.551934483419,-6.,1.552274716622));
#4067=CARTESIAN_POINT('Ctrl Pts',(-7.567001529218,-6.,1.521174670495));
#4068=CARTESIAN_POINT('Ctrl Pts',(-7.585212284055,-6.,1.491994394942));
#4069=CARTESIAN_POINT('Ctrl Pts',(-7.606719645757,-6.,1.464793357413));
#4070=CARTESIAN_POINT('Ctrl Pts',(-7.630564684395,-6.,1.438970096253));
#4071=CARTESIAN_POINT('Ctrl Pts',(-7.657616209821,-6.,1.415625007729));
#4072=CARTESIAN_POINT('Ctrl Pts',(-7.68627683554,-6.,1.394356690569));
#4073=CARTESIAN_POINT('Ctrl Pts',(-7.716355236656,-6.,1.375931313725));
#4074=CARTESIAN_POINT('Ctrl Pts',(-7.747309825408,-6.,1.360387710475));
#4075=CARTESIAN_POINT('Ctrl Pts',(-7.779261688613,-6.,1.347923054057));
#4076=CARTESIAN_POINT('Ctrl Pts',(-7.812187705559,-6.,1.338608735378));
#4077=CARTESIAN_POINT('Ctrl Pts',(-7.84601318863,-6.,1.332175224827));
#4078=CARTESIAN_POINT('Ctrl Pts',(-7.880856872891,-6.,1.328408761859));
#4079=CARTESIAN_POINT('Ctrl Pts',(-7.916274242811,-6.,1.328007487503));
#4080=CARTESIAN_POINT('Ctrl Pts',(-7.951599827247,-6.,1.330113293083));
#4081=CARTESIAN_POINT('Ctrl Pts',(-7.985989910411,-6.,1.335394670922));
#4082=CARTESIAN_POINT('Ctrl Pts',(-8.019342204247,-6.,1.342437793171));
#4083=CARTESIAN_POINT('Ctrl Pts',(-8.051357268744,-6.,1.352866659046));
#4084=CARTESIAN_POINT('Ctrl Pts',(-8.0824010627,-6.,1.365328184193));
#4085=CARTESIAN_POINT('Ctrl Pts',(-8.111922232749,-6.,1.381002310884));
#4086=CARTESIAN_POINT('Ctrl Pts',(-8.140410684529,-6.,1.398889227946));
#4087=CARTESIAN_POINT('Ctrl Pts',(-8.167580135592,-6.,1.419263336666));
#4088=CARTESIAN_POINT('Ctrl Pts',(-8.193020671554,-6.,1.442385802884));
#4089=CARTESIAN_POINT('Ctrl Pts',(-8.216151278857,-6.,1.468178733327));
#4090=CARTESIAN_POINT('Ctrl Pts',(-8.23718668343,-6.,1.496291588738));
#4091=CARTESIAN_POINT('Ctrl Pts',(-8.254979540436,-6.,1.527361752483));
#4092=CARTESIAN_POINT('Ctrl Pts',(-8.271380864883,-6.,1.560376449882));
#4093=CARTESIAN_POINT('Ctrl Pts',(-8.284572164567,-6.,1.596249828049));
#4094=CARTESIAN_POINT('Ctrl Pts',(-8.296126614452,-6.,1.634364272233));
#4095=CARTESIAN_POINT('Ctrl Pts',(-8.301373032471,-6.,1.660907138235));
#4096=CARTESIAN_POINT('Ctrl Pts',(-8.304055404636,-6.,1.674477891597));
#4097=CARTESIAN_POINT('',(-8.167213299373,-6.,1.697284909141));
#4098=CARTESIAN_POINT('',(-8.304055404636,-6.,1.674477891597));
#4099=CARTESIAN_POINT('',(-7.992359498203,-6.,1.978571458849));
#4100=CARTESIAN_POINT('Ctrl Pts',(-8.167213299373,-6.,1.697284909141));
#4101=CARTESIAN_POINT('Ctrl Pts',(-8.16181925912,-6.,1.681343730691));
#4102=CARTESIAN_POINT('Ctrl Pts',(-8.15122463686,-6.,1.650033107087));
#4103=CARTESIAN_POINT('Ctrl Pts',(-8.128332323348,-6.,1.606791392197));
#4104=CARTESIAN_POINT('Ctrl Pts',(-8.100970315435,-6.,1.567774842349));
#4105=CARTESIAN_POINT('Ctrl Pts',(-8.074719540944,-6.,1.538556208321));
#4106=CARTESIAN_POINT('Ctrl Pts',(-8.050991669006,-6.,1.518603473599));
#4107=CARTESIAN_POINT('Ctrl Pts',(-8.032276941027,-6.,1.505546932983));
#4108=CARTESIAN_POINT('Ctrl Pts',(-8.012608608129,-6.,1.494346005878));
#4109=CARTESIAN_POINT('Ctrl Pts',(-7.991432269984,-6.,1.48612794448));
#4110=CARTESIAN_POINT('Ctrl Pts',(-7.969528614329,-6.,1.479056115633));
#4111=CARTESIAN_POINT('Ctrl Pts',(-7.946306644961,-6.,1.47508666347));
#4112=CARTESIAN_POINT('Ctrl Pts',(-7.922212928947,-6.,1.472818774677));
#4113=CARTESIAN_POINT('Ctrl Pts',(-7.897421872803,-6.,1.472428697607));
#4114=CARTESIAN_POINT('Ctrl Pts',(-7.872713037752,-6.,1.474687579594));
#4115=CARTESIAN_POINT('Ctrl Pts',(-7.848850476496,-6.,1.479203398486));
#4116=CARTESIAN_POINT('Ctrl Pts',(-7.826211855247,-6.,1.485879007146));
#4117=CARTESIAN_POINT('Ctrl Pts',(-7.804891652401,-6.,1.495201734308));
#4118=CARTESIAN_POINT('Ctrl Pts',(-7.785190922906,-6.,1.507282073565));
#4119=CARTESIAN_POINT('Ctrl Pts',(-7.766350788374,-6.,1.521019825851));
#4120=CARTESIAN_POINT('Ctrl Pts',(-7.749095470482,-6.,1.537535134321));
#4121=CARTESIAN_POINT('Ctrl Pts',(-7.733590055551,-6.,1.55632292217));
#4122=CARTESIAN_POINT('Ctrl Pts',(-7.719566485478,-6.,1.576490104643));
#4123=CARTESIAN_POINT('Ctrl Pts',(-7.70744705916,-6.,1.597563205743));
#4124=CARTESIAN_POINT('Ctrl Pts',(-7.697435544145,-6.,1.619401027304));
#4125=CARTESIAN_POINT('Ctrl Pts',(-7.689956008343,-6.,1.642012311969));
#4126=CARTESIAN_POINT('Ctrl Pts',(-7.684138790848,-6.,1.665234394177));
#4127=CARTESIAN_POINT('Ctrl Pts',(-7.68092849668,-6.,1.689213926929));
#4128=CARTESIAN_POINT('Ctrl Pts',(-7.67938911329,-6.,1.71388424632));
#4129=CARTESIAN_POINT('Ctrl Pts',(-7.680397129504,-6.,1.738929396665));
#4130=CARTESIAN_POINT('Ctrl Pts',(-7.682947241155,-6.,1.76365880726));
#4131=CARTESIAN_POINT('Ctrl Pts',(-7.688156690344,-6.,1.787295592101));
#4132=CARTESIAN_POINT('Ctrl Pts',(-7.695164422486,-6.,1.809422823328));
#4133=CARTESIAN_POINT('Ctrl Pts',(-7.703862828392,-6.,1.830456557499));
#4134=CARTESIAN_POINT('Ctrl Pts',(-7.715195640076,-6.,1.849673169376));
#4135=CARTESIAN_POINT('Ctrl Pts',(-7.728244210979,-6.,1.867647374923));
#4136=CARTESIAN_POINT('Ctrl Pts',(-7.743287140959,-6.,1.884158845995));
#4137=CARTESIAN_POINT('Ctrl Pts',(-7.76069061709,-6.,1.899114742386));
#4138=CARTESIAN_POINT('Ctrl Pts',(-7.780277403412,-6.,1.912997759498));
#4139=CARTESIAN_POINT('Ctrl Pts',(-7.802480603413,-6.,1.925817899196));
#4140=CARTESIAN_POINT('Ctrl Pts',(-7.827611733373,-6.,1.937078490637));
#4141=CARTESIAN_POINT('Ctrl Pts',(-7.855139689957,-6.,1.947933662866));
#4142=CARTESIAN_POINT('Ctrl Pts',(-7.885627313793,-6.,1.95707901205));
#4143=CARTESIAN_POINT('Ctrl Pts',(-7.918681953157,-6.,1.965491726804));
#4144=CARTESIAN_POINT('Ctrl Pts',(-7.954572678232,-6.,1.972850036929));
#4145=CARTESIAN_POINT('Ctrl Pts',(-7.979481717668,-6.,1.976621593369));
#4146=CARTESIAN_POINT('Ctrl Pts',(-7.992359498203,-6.,1.978571458849));
#4147=CARTESIAN_POINT('',(-7.992359498203,-6.,2.077401868205));
#4148=CARTESIAN_POINT('',(-7.992359498203,-6.,2.077401868205));
#4149=CARTESIAN_POINT('',(-8.15200862101,-6.,2.297869704463));
#4150=CARTESIAN_POINT('Ctrl Pts',(-7.992359498203,-6.,2.077401868205));
#4151=CARTESIAN_POINT('Ctrl Pts',(-7.979474995602,-6.,2.078717465002));
#4152=CARTESIAN_POINT('Ctrl Pts',(-7.954534117837,-6.,2.081264101057));
#4153=CARTESIAN_POINT('Ctrl Pts',(-7.918693192753,-6.,2.088009674438));
#4154=CARTESIAN_POINT('Ctrl Pts',(-7.885500619195,-6.,2.095606578752));
#4155=CARTESIAN_POINT('Ctrl Pts',(-7.855102094492,-6.,2.105259236804));
#4156=CARTESIAN_POINT('Ctrl Pts',(-7.827396196599,-6.,2.116506096621));
#4157=CARTESIAN_POINT('Ctrl Pts',(-7.802272286932,-6.,2.129285438695));
#4158=CARTESIAN_POINT('Ctrl Pts',(-7.780039869321,-6.,2.144112545578));
#4159=CARTESIAN_POINT('Ctrl Pts',(-7.760536678168,-6.,2.160495492841));
#4160=CARTESIAN_POINT('Ctrl Pts',(-7.743481869112,-6.,2.178305702307));
#4161=CARTESIAN_POINT('Ctrl Pts',(-7.729091477962,-6.,2.197539744594));
#4162=CARTESIAN_POINT('Ctrl Pts',(-7.717092625439,-6.,2.217995672153));
#4163=CARTESIAN_POINT('Ctrl Pts',(-7.707724443698,-6.,2.239849609313));
#4164=CARTESIAN_POINT('Ctrl Pts',(-7.701118540669,-6.,2.263058203782));
#4165=CARTESIAN_POINT('Ctrl Pts',(-7.696377974196,-6.,2.287445476679));
#4166=CARTESIAN_POINT('Ctrl Pts',(-7.694978835162,-6.,2.313153938122));
#4167=CARTESIAN_POINT('Ctrl Pts',(-7.69547382253,-6.,2.339616286481));
#4168=CARTESIAN_POINT('Ctrl Pts',(-7.698305643802,-6.,2.365819236335));
#4169=CARTESIAN_POINT('Ctrl Pts',(-7.704335830088,-6.,2.390650970132));
#4170=CARTESIAN_POINT('Ctrl Pts',(-7.712825667391,-6.,2.413613934833));
#4171=CARTESIAN_POINT('Ctrl Pts',(-7.723661595651,-6.,2.434944285087));
#4172=CARTESIAN_POINT('Ctrl Pts',(-7.737825392871,-6.,2.453959978633));
#4173=CARTESIAN_POINT('Ctrl Pts',(-7.754186623293,-6.,2.471277858046));
#4174=CARTESIAN_POINT('Ctrl Pts',(-7.773261383921,-6.,2.48655563018));
#4175=CARTESIAN_POINT('Ctrl Pts',(-7.79459587343,-6.,2.499677061555));
#4176=CARTESIAN_POINT('Ctrl Pts',(-7.817429940145,-6.,2.510393663566));
#4177=CARTESIAN_POINT('Ctrl Pts',(-7.840798819789,-6.,2.519119320237));
#4178=CARTESIAN_POINT('Ctrl Pts',(-7.864700959275,-6.,2.524353600512));
#4179=CARTESIAN_POINT('Ctrl Pts',(-7.88884109466,-6.,2.527194004157));
#4180=CARTESIAN_POINT('Ctrl Pts',(-7.913417234026,-6.,2.527637811036));
#4181=CARTESIAN_POINT('Ctrl Pts',(-7.93830849209,-6.,2.524572788791));
#4182=CARTESIAN_POINT('Ctrl Pts',(-7.963591400255,-6.,2.519203627452));
#4183=CARTESIAN_POINT('Ctrl Pts',(-7.989092973519,-6.,2.511146256051));
#4184=CARTESIAN_POINT('Ctrl Pts',(-8.014463148809,-6.,2.49977931016));
#4185=CARTESIAN_POINT('Ctrl Pts',(-8.038256284278,-6.,2.483363877347));
#4186=CARTESIAN_POINT('Ctrl Pts',(-8.06050615018,-6.,2.462756590444));
#4187=CARTESIAN_POINT('Ctrl Pts',(-8.081980603214,-6.,2.438342897833));
#4188=CARTESIAN_POINT('Ctrl Pts',(-8.101327282579,-6.,2.409079785986));
#4189=CARTESIAN_POINT('Ctrl Pts',(-8.120020465937,-6.,2.376036962362));
#4190=CARTESIAN_POINT('Ctrl Pts',(-8.137264692131,-6.,2.338651126588));
#4191=CARTESIAN_POINT('Ctrl Pts',(-8.146957494937,-6.,2.311841021491));
#4192=CARTESIAN_POINT('Ctrl Pts',(-8.15200862101,-6.,2.297869704463));
#4193=CARTESIAN_POINT('',(-8.288850726274,-6.,2.320676722006));
#4194=CARTESIAN_POINT('',(-8.15200862101,-6.,2.297869704463));
#4195=CARTESIAN_POINT('Ctrl Pts',(-8.288850726274,-6.,2.320676722006));
#4196=CARTESIAN_POINT('Ctrl Pts',(-8.280873808356,-6.,2.342695903207));
#4197=CARTESIAN_POINT('Ctrl Pts',(-8.265330065067,-6.,2.385602261723));
#4198=CARTESIAN_POINT('Ctrl Pts',(-8.236283859322,-6.,2.445935470688));
#4199=CARTESIAN_POINT('Ctrl Pts',(-8.202573807559,-6.,2.500308717688));
#4200=CARTESIAN_POINT('Ctrl Pts',(-8.170972379031,-6.,2.541346024675));
#4201=CARTESIAN_POINT('Ctrl Pts',(-8.143215752814,-6.,2.57081786754));
#4202=CARTESIAN_POINT('Ctrl Pts',(-8.120198095694,-6.,2.589815922833));
#4203=CARTESIAN_POINT('Ctrl Pts',(-8.095798183705,-6.,2.607082804481));
#4204=CARTESIAN_POINT('Ctrl Pts',(-8.069378038036,-6.,2.621529344773));
#4205=CARTESIAN_POINT('Ctrl Pts',(-8.041251012358,-6.,2.633850578871));
#4206=CARTESIAN_POINT('Ctrl Pts',(-8.011278186675,-6.,2.643276306209));
#4207=CARTESIAN_POINT('Ctrl Pts',(-7.979648043649,-6.,2.650610067101));
#4208=CARTESIAN_POINT('Ctrl Pts',(-7.94668900054,-6.,2.655586316162));
#4209=CARTESIAN_POINT('Ctrl Pts',(-7.913478421244,-6.,2.65822309779));
#4210=CARTESIAN_POINT('Ctrl Pts',(-7.880845892686,-6.,2.659294953673));
#4211=CARTESIAN_POINT('Ctrl Pts',(-7.849267471318,-6.,2.657652025126));
#4212=CARTESIAN_POINT('Ctrl Pts',(-7.818642343793,-6.,2.654857358781));
#4213=CARTESIAN_POINT('Ctrl Pts',(-7.789219467464,-6.,2.649339243465));
#4214=CARTESIAN_POINT('Ctrl Pts',(-7.760825030039,-6.,2.642115246323));
#4215=CARTESIAN_POINT('Ctrl Pts',(-7.733637048208,-6.,2.632393842962));
#4216=CARTESIAN_POINT('Ctrl Pts',(-7.707341016339,-6.,2.62129615714));
#4217=CARTESIAN_POINT('Ctrl Pts',(-7.68277056205,-6.,2.608023397201));
#4218=CARTESIAN_POINT('Ctrl Pts',(-7.659627566248,-6.,2.593487845381));
#4219=CARTESIAN_POINT('Ctrl Pts',(-7.638916676121,-6.,2.576611948344));
#4220=CARTESIAN_POINT('Ctrl Pts',(-7.619429088995,-6.,2.558772546946));
#4221=CARTESIAN_POINT('Ctrl Pts',(-7.602698967472,-6.,2.53848121573));
#4222=CARTESIAN_POINT('Ctrl Pts',(-7.587250178595,-6.,2.516961786315));
#4223=CARTESIAN_POINT('Ctrl Pts',(-7.573779692673,-6.,2.493703349773));
#4224=CARTESIAN_POINT('Ctrl Pts',(-7.562614891171,-6.,2.468815604161));
#4225=CARTESIAN_POINT('Ctrl Pts',(-7.553289286629,-6.,2.443042926044));
#4226=CARTESIAN_POINT('Ctrl Pts',(-7.546310840976,-6.,2.416351213663));
#4227=CARTESIAN_POINT('Ctrl Pts',(-7.541104367188,-6.,2.389186800848));
#4228=CARTESIAN_POINT('Ctrl Pts',(-7.538661597565,-6.,2.361275846921));
#4229=CARTESIAN_POINT('Ctrl Pts',(-7.538375710627,-6.,2.332939181368));
#4230=CARTESIAN_POINT('Ctrl Pts',(-7.540401861272,-6.,2.303948444628));
#4231=CARTESIAN_POINT('Ctrl Pts',(-7.544683302836,-6.,2.274411902462));
#4232=CARTESIAN_POINT('Ctrl Pts',(-7.551021938132,-6.,2.244404736495));
#4233=CARTESIAN_POINT('Ctrl Pts',(-7.560143982581,-6.,2.214415886611));
#4234=CARTESIAN_POINT('Ctrl Pts',(-7.573278923522,-6.,2.185249771148));
#4235=CARTESIAN_POINT('Ctrl Pts',(-7.589973539329,-6.,2.157071475234));
#4236=CARTESIAN_POINT('Ctrl Pts',(-7.610196716205,-6.,2.129839612039));
#4237=CARTESIAN_POINT('Ctrl Pts',(-7.63391652901,-6.,2.103580619405));
#4238=CARTESIAN_POINT('Ctrl Pts',(-7.661486253179,-6.,2.078624283651));
#4239=CARTESIAN_POINT('Ctrl Pts',(-7.692239531388,-6.,2.05418869785));
#4240=CARTESIAN_POINT('Ctrl Pts',(-7.714703732401,-6.,2.039404747066));
#4241=CARTESIAN_POINT('Ctrl Pts',(-7.726277626858,-6.,2.031787833118));
#4242=CARTESIAN_POINT('Origin',(-13.5,0.,6.75));
#4243=CARTESIAN_POINT('',(-13.5,-0.025,6.250625391114));
#4244=CARTESIAN_POINT('',(-13.5,-0.499374608886,6.725));
#4245=CARTESIAN_POINT('Origin',(-13.5,0.,6.75));
#4246=CARTESIAN_POINT('',(-13.5,-0.499374608886,6.725));
#4247=CARTESIAN_POINT('',(-13.5,-0.499374608886,6.775));
#4248=CARTESIAN_POINT('',(-13.5,-6.,6.775));
#4249=CARTESIAN_POINT('',(-13.5,-0.025,7.249374608886));
#4250=CARTESIAN_POINT('Origin',(-13.5,0.,6.75));
#4251=CARTESIAN_POINT('',(-13.5,-0.025,12.5));
#4252=CARTESIAN_POINT('',(-13.5,-0.025,12.5));
#4253=CARTESIAN_POINT('',(-13.5,0.025,12.5));
#4254=CARTESIAN_POINT('',(-13.5,0.025,12.5));
#4255=CARTESIAN_POINT('',(-13.5,0.025,7.249374608886));
#4256=CARTESIAN_POINT('',(-13.5,0.025,7.249374608886));
#4257=CARTESIAN_POINT('',(-13.5,0.499374608886,6.775));
#4258=CARTESIAN_POINT('Origin',(-13.5,0.,6.75));
#4259=CARTESIAN_POINT('',(-13.5,6.,6.775));
#4260=CARTESIAN_POINT('',(-13.5,0.499374608886,6.775));
#4261=CARTESIAN_POINT('',(-13.5,6.,6.725));
#4262=CARTESIAN_POINT('',(-13.5,6.,6.775));
#4263=CARTESIAN_POINT('',(-13.5,0.499374608886,6.725));
#4264=CARTESIAN_POINT('',(-13.5,6.,6.725));
#4265=CARTESIAN_POINT('',(-13.5,0.025,6.250625391114));
#4266=CARTESIAN_POINT('Origin',(-13.5,0.,6.75));
#4267=CARTESIAN_POINT('',(-13.5,0.025,0.5057413760246));
#4268=CARTESIAN_POINT('',(-13.5,0.025,0.5057413760246));
#4269=CARTESIAN_POINT('',(-13.5,-0.025,0.5057413760246));
#4270=CARTESIAN_POINT('',(-13.5,-0.025,0.5057413760246));
#4271=CARTESIAN_POINT('',(-13.5,-0.025,6.250625391114));
#4272=CARTESIAN_POINT('Origin',(-13.5,0.,6.75));
#4273=CARTESIAN_POINT('',(-13.7,-0.4465142774873,6.525));
#4274=CARTESIAN_POINT('',(-13.7,-0.225,6.303485722513));
#4275=CARTESIAN_POINT('Origin',(-13.7,0.,6.75));
#4276=CARTESIAN_POINT('Origin',(-13.475,0.,6.75));
#4277=CARTESIAN_POINT('Origin',(-13.475,0.,6.75));
#4278=CARTESIAN_POINT('Origin',(-13.7,-6.,6.2));
#4279=CARTESIAN_POINT('',(-13.7,-0.4465142774873,6.525));
#4280=CARTESIAN_POINT('',(-13.7,-0.225,0.5057413760246));
#4281=CARTESIAN_POINT('',(-13.7,-0.225,0.5057413760246));
#4282=CARTESIAN_POINT('',(-13.7,0.225,0.5057413760246));
#4283=CARTESIAN_POINT('',(-13.7,-0.225,0.5057413760246));
#4284=CARTESIAN_POINT('',(-13.7,0.225,6.303485722513));
#4285=CARTESIAN_POINT('',(-13.7,0.225,6.303485722513));
#4286=CARTESIAN_POINT('',(-13.7,0.4465142774873,6.525));
#4287=CARTESIAN_POINT('Origin',(-13.7,0.,6.75));
#4288=CARTESIAN_POINT('',(-13.7,6.,6.525));
#4289=CARTESIAN_POINT('',(-13.7,6.,6.525));
#4290=CARTESIAN_POINT('',(-13.7,6.,0.));
#4291=CARTESIAN_POINT('',(-13.7,6.,0.));
#4292=CARTESIAN_POINT('',(-13.7,-6.,0.));
#4293=CARTESIAN_POINT('Origin',(0.,0.,0.));
#4294=CARTESIAN_POINT('',(18.1,2.953600231239,0.));
#4295=CARTESIAN_POINT('',(18.1,-2.953600231239,0.));
#4296=CARTESIAN_POINT('',(18.1,2.953600231239,0.));
#4297=CARTESIAN_POINT('',(17.65645484402,-3.450402858634,0.));
#4298=CARTESIAN_POINT('Origin',(17.6,-2.953600231239,0.));
#4299=CARTESIAN_POINT('',(13.7,-3.9,0.));
#4300=CARTESIAN_POINT('',(17.65645484402,-3.450402858634,0.));
#4301=CARTESIAN_POINT('',(13.7,-5.5,0.));
#4302=CARTESIAN_POINT('',(13.7,-3.9,0.));
#4303=CARTESIAN_POINT('Origin',(13.2,-5.5,0.));
#4304=CARTESIAN_POINT('',(13.2,6.,0.));
#4305=CARTESIAN_POINT('',(-13.7,6.,0.));
#4306=CARTESIAN_POINT('',(13.7,5.5,0.));
#4307=CARTESIAN_POINT('Origin',(13.2,5.5,0.));
#4308=CARTESIAN_POINT('',(13.7,3.9,0.));
#4309=CARTESIAN_POINT('',(13.7,5.5,0.));
#4310=CARTESIAN_POINT('',(17.65645484402,3.450402858634,0.));
#4311=CARTESIAN_POINT('',(13.7,3.9,0.));
#4312=CARTESIAN_POINT('Origin',(17.6,2.953600231239,0.));
#4313=CARTESIAN_POINT('',(-8.65,-1.40834381901946E-16,0.));
#4314=CARTESIAN_POINT('Origin',(-7.5,0.,0.));
#4315=CARTESIAN_POINT('',(6.95,-1.8982025386784E-16,0.));
#4316=CARTESIAN_POINT('Origin',(8.5,0.,0.));
#4317=CARTESIAN_POINT('Origin',(18.1,0.,0.));
#4318=CARTESIAN_POINT('',(18.1,-2.953600231239,6.2));
#4319=CARTESIAN_POINT('',(18.1,2.953600231239,6.2));
#4320=CARTESIAN_POINT('',(18.1,-2.953600231239,6.2));
#4321=CARTESIAN_POINT('',(18.1,-2.953600231239,0.));
#4322=CARTESIAN_POINT('',(18.1,2.953600231239,6.2));
#4323=CARTESIAN_POINT('',(18.1,-1.83697019872103E-16,1.6));
#4324=CARTESIAN_POINT('Origin',(18.1,0.,3.1));
#4325=CARTESIAN_POINT('Origin',(0.,0.,6.2));
#4326=CARTESIAN_POINT('',(13.7,-3.9,6.2));
#4327=CARTESIAN_POINT('',(17.65645484402,-3.450402858634,6.2));
#4328=CARTESIAN_POINT('',(13.7,-3.9,6.2));
#4329=CARTESIAN_POINT('Origin',(17.6,-2.953600231239,6.2));
#4330=CARTESIAN_POINT('',(17.65645484402,3.450402858634,6.2));
#4331=CARTESIAN_POINT('Origin',(17.6,2.953600231239,6.2));
#4332=CARTESIAN_POINT('',(13.7,3.9,6.2));
#4333=CARTESIAN_POINT('',(17.65645484402,3.450402858634,6.2));
#4334=CARTESIAN_POINT('',(13.7,5.5,6.2));
#4335=CARTESIAN_POINT('',(13.7,5.5,6.2));
#4336=CARTESIAN_POINT('',(13.2,6.,6.2));
#4337=CARTESIAN_POINT('Origin',(13.2,5.5,6.2));
#4338=CARTESIAN_POINT('',(-5.05,6.,6.2));
#4339=CARTESIAN_POINT('',(-5.05,6.,6.2));
#4340=CARTESIAN_POINT('',(-5.05,-6.,6.2));
#4341=CARTESIAN_POINT('',(13.7,-5.5,6.2));
#4342=CARTESIAN_POINT('Origin',(13.2,-5.5,6.2));
#4343=CARTESIAN_POINT('',(13.7,-3.9,6.2));
#4344=CARTESIAN_POINT('',(5.5,-3.67394039744206E-16,6.2));
#4345=CARTESIAN_POINT('Origin',(8.5,0.,6.2));
#4346=CARTESIAN_POINT('Origin',(13.7,-3.9,6.2));
#4347=CARTESIAN_POINT('',(17.65645484402,-3.450402858634,6.2));
#4348=CARTESIAN_POINT('',(13.7,-3.9,0.));
#4349=CARTESIAN_POINT('Origin',(13.7,-6.,6.2));
#4350=CARTESIAN_POINT('',(13.7,-5.5,0.));
#4351=CARTESIAN_POINT('Origin',(13.2,-5.5,6.2));
#4352=CARTESIAN_POINT('Origin',(17.6,-2.953600231239,0.));
#4353=CARTESIAN_POINT('Origin',(-5.05,6.,6.2));
#4354=CARTESIAN_POINT('',(-6.352205882353,6.,8.5));
#4355=CARTESIAN_POINT('',(-6.352205882353,6.,8.5));
#4356=CARTESIAN_POINT('Origin',(-5.36139705882357,0.,6.75));
#4357=CARTESIAN_POINT('Origin',(-5.05,0.,6.75));
#4358=CARTESIAN_POINT('',(-13.7,6.,8.5));
#4359=CARTESIAN_POINT('',(-6.352205882353,6.,8.5));
#4360=CARTESIAN_POINT('',(-13.7,2.449489742783,12.5));
#4361=CARTESIAN_POINT('Origin',(-13.7,0.,6.75));
#4362=CARTESIAN_POINT('',(-10.7,2.449489742783,12.5));
#4363=CARTESIAN_POINT('',(-13.7,2.449489742783,12.5));
#4364=CARTESIAN_POINT('',(-10.7,-2.449489742783,12.5));
#4365=CARTESIAN_POINT('Origin',(-10.7,0.,6.75));
#4366=CARTESIAN_POINT('',(-13.7,-2.449489742783,12.5));
#4367=CARTESIAN_POINT('',(-10.7,-2.449489742783,12.5));
#4368=CARTESIAN_POINT('Origin',(-13.7,0.,6.75));
#4369=CARTESIAN_POINT('Origin',(-13.7,-6.,6.2));
#4370=CARTESIAN_POINT('',(-13.7,-0.225,7.196514277487));
#4371=CARTESIAN_POINT('',(-13.7,-0.4465142774873,6.975));
#4372=CARTESIAN_POINT('Origin',(-13.7,0.,6.75));
#4373=CARTESIAN_POINT('',(-13.7,-6.,6.975));
#4374=CARTESIAN_POINT('',(-13.7,-0.225,12.5));
#4375=CARTESIAN_POINT('',(-13.7,-2.449489742783,12.5));
#4376=CARTESIAN_POINT('',(-13.7,-0.225,7.196514277487));
#4377=CARTESIAN_POINT('Origin',(-13.5,0.,6.75));
#4378=CARTESIAN_POINT('Origin',(-13.475,0.,6.75));
#4379=CARTESIAN_POINT('Origin',(-13.475,0.,6.75));
#4380=CARTESIAN_POINT('Origin',(-13.5,-0.025,0.5057413760246));
#4381=CARTESIAN_POINT('',(-13.5,-0.025,12.5));
#4382=CARTESIAN_POINT('Origin',(-10.7,-6.,12.5));
#4383=CARTESIAN_POINT('',(-10.7,-2.449489742783,12.5));
#4384=CARTESIAN_POINT('',(-13.7,0.225,12.5));
#4385=CARTESIAN_POINT('',(-13.7,0.225,12.5));
#4386=CARTESIAN_POINT('',(-13.7,0.225,12.5));
#4387=CARTESIAN_POINT('Origin',(-13.5,0.025,0.5057413760246));
#4388=CARTESIAN_POINT('',(-13.7,0.225,7.196514277487));
#4389=CARTESIAN_POINT('',(-13.7,0.225,12.5));
#4390=CARTESIAN_POINT('Origin',(-13.475,0.,6.75));
#4391=CARTESIAN_POINT('Origin',(-13.5,0.,6.75));
#4392=CARTESIAN_POINT('',(-13.7,0.4465142774873,6.975));
#4393=CARTESIAN_POINT('Origin',(-13.7,0.,6.75));
#4394=CARTESIAN_POINT('Origin',(-13.475,0.,6.75));
#4395=CARTESIAN_POINT('Origin',(-13.7,-6.,6.2));
#4396=CARTESIAN_POINT('',(-13.7,6.,6.975));
#4397=CARTESIAN_POINT('',(-13.7,6.,6.975));
#4398=CARTESIAN_POINT('',(-13.7,0.4465142774873,6.975));
#4399=CARTESIAN_POINT('Origin',(-13.7,6.,6.2));
#4400=CARTESIAN_POINT('',(-13.7,6.,6.525));
#4401=CARTESIAN_POINT('',(-13.5,6.,6.775));
#4402=CARTESIAN_POINT('',(13.2,6.,0.));
#4403=CARTESIAN_POINT('Origin',(13.2,5.5,6.2));
#4404=CARTESIAN_POINT('',(13.7,5.5,6.2));
#4405=CARTESIAN_POINT('Origin',(13.7,-6.,6.2));
#4406=CARTESIAN_POINT('',(13.7,3.9,6.2));
#4407=CARTESIAN_POINT('Origin',(13.7,3.9,6.2));
#4408=CARTESIAN_POINT('',(17.65645484402,3.450402858634,0.));
#4409=CARTESIAN_POINT('Origin',(17.6,2.953600231239,6.2));
#4410=CARTESIAN_POINT('Origin',(-10.7,0.,0.));
#4411=CARTESIAN_POINT('Origin',(-13.5,-6.,6.775));
#4412=CARTESIAN_POINT('Origin',(-13.5,-6.,6.725));
#4413=CARTESIAN_POINT('Origin',(-13.475,0.,6.75));
#4414=CARTESIAN_POINT('Origin',(-13.5,0.,6.75));
#4415=CARTESIAN_POINT('Origin',(-13.475,0.,6.75));
#4416=CARTESIAN_POINT('Origin',(-13.5,0.025,0.5057413760246));
#4417=CARTESIAN_POINT('',(-13.5,0.025,0.5057413760246));
#4418=CARTESIAN_POINT('Origin',(-13.5,0.025,0.5057413760246));
#4419=CARTESIAN_POINT('',(-13.7,-0.225,0.5057413760246));
#4420=CARTESIAN_POINT('Origin',(-13.5,-0.025,0.5057413760246));
#4421=CARTESIAN_POINT('Origin',(-13.5,-6.,6.775));
#4422=CARTESIAN_POINT('Origin',(8.5,0.,4.8));
#4423=CARTESIAN_POINT('',(5.5,-3.67394039744206E-16,4.8));
#4424=CARTESIAN_POINT('Origin',(8.5,0.,4.8));
#4425=CARTESIAN_POINT('',(5.5,-3.67394039744206E-16,4.8));
#4426=CARTESIAN_POINT('Origin',(8.5,0.,4.8));
#4427=CARTESIAN_POINT('',(6.95,-1.8982025386784E-16,4.8));
#4428=CARTESIAN_POINT('Origin',(8.5,0.,4.8));
#4429=CARTESIAN_POINT('Origin',(8.5,0.,0.));
#4430=CARTESIAN_POINT('',(6.95,-1.8982025386784E-16,0.));
#4431=CARTESIAN_POINT('Origin',(26.1,0.,3.1));
#4432=CARTESIAN_POINT('',(26.1,-1.83697019872103E-16,1.6));
#4433=CARTESIAN_POINT('',(26.1,-1.83697019872103E-16,1.6));
#4434=CARTESIAN_POINT('Origin',(26.1,0.,3.1));
#4435=CARTESIAN_POINT('Origin',(26.1,0.,3.1));
#4436=CARTESIAN_POINT('Origin',(-7.5,0.,-1.5));
#4437=CARTESIAN_POINT('',(-8.65,-1.40834381901946E-16,-1.3));
#4438=CARTESIAN_POINT('',(-8.65,-1.40834381901946E-16,-1.5));
#4439=CARTESIAN_POINT('Origin',(-7.5,0.,-1.3));
#4440=CARTESIAN_POINT('Origin',(-7.5,0.,-1.4));
#4441=CARTESIAN_POINT('',(-8.45,-1.16341445918999E-16,-1.5));
#4442=CARTESIAN_POINT('',(-8.55,-1.28587913910472E-16,-1.4));
#4443=CARTESIAN_POINT('Origin',(-7.5,0.,-1.5));
#4444=CARTESIAN_POINT('Origin',(-7.5,0.,-1.5));
#4445=CARTESIAN_POINT('Origin',(-13.5,-6.,6.725));
#4446=CARTESIAN_POINT('Origin',(-6.517505697034,-5.99,2.63997496762));
#4447=CARTESIAN_POINT('',(-6.517505697034,-5.99,2.63997496762));
#4448=CARTESIAN_POINT('',(-6.517505697034,-6.,2.63997496762));
#4449=CARTESIAN_POINT('',(-6.517505697034,-5.99,2.495530523176));
#4450=CARTESIAN_POINT('',(-6.517505697034,-5.99,2.495530523176));
#4451=CARTESIAN_POINT('',(-6.517505697034,-6.,2.495530523176));
#4452=CARTESIAN_POINT('Origin',(-6.517505697034,-5.99,2.495530523176));
#4453=CARTESIAN_POINT('',(-7.140897509899,-5.99,2.495530523176));
#4454=CARTESIAN_POINT('',(-7.140897509899,-5.99,2.495530523176));
#4455=CARTESIAN_POINT('',(-7.140897509899,-6.,2.495530523176));
#4456=CARTESIAN_POINT('Origin',(-7.140897509899,-5.99,2.495530523176));
#4457=CARTESIAN_POINT('',(-7.140897509899,-5.99,2.069799529024));
#4458=CARTESIAN_POINT('',(-7.140897509899,-5.99,2.069799529024));
#4459=CARTESIAN_POINT('',(-7.140897509899,-6.,2.069799529024));
#4460=CARTESIAN_POINT('Origin',(-7.140897509899,-5.99,2.069799529024));
#4461=CARTESIAN_POINT('',(-6.669552480659,-5.99,2.069799529024));
#4462=CARTESIAN_POINT('',(-6.669552480659,-5.99,2.069799529024));
#4463=CARTESIAN_POINT('',(-6.669552480659,-6.,2.069799529024));
#4464=CARTESIAN_POINT('Origin',(-6.669552480659,-5.99,2.069799529024));
#4465=CARTESIAN_POINT('',(-6.669552480659,-5.99,1.92535508458));
#4466=CARTESIAN_POINT('',(-6.669552480659,-5.99,1.92535508458));
#4467=CARTESIAN_POINT('',(-6.669552480659,-6.,1.92535508458));
#4468=CARTESIAN_POINT('Origin',(-6.669552480659,-5.99,1.92535508458));
#4469=CARTESIAN_POINT('',(-7.140897509899,-5.99,1.92535508458));
#4470=CARTESIAN_POINT('',(-7.140897509899,-5.99,1.92535508458));
#4471=CARTESIAN_POINT('',(-7.140897509899,-6.,1.92535508458));
#4472=CARTESIAN_POINT('Origin',(-7.140897509899,-5.99,1.92535508458));
#4473=CARTESIAN_POINT('',(-7.140897509899,-5.99,1.33997496762));
#4474=CARTESIAN_POINT('',(-7.140897509899,-5.99,1.33997496762));
#4475=CARTESIAN_POINT('',(-7.140897509899,-6.,1.33997496762));
#4476=CARTESIAN_POINT('Origin',(-7.140897509899,-5.99,1.33997496762));
#4477=CARTESIAN_POINT('',(-7.315751311069,-5.99,1.33997496762));
#4478=CARTESIAN_POINT('',(-7.315751311069,-5.99,1.33997496762));
#4479=CARTESIAN_POINT('',(-7.315751311069,-6.,1.33997496762));
#4480=CARTESIAN_POINT('Origin',(-7.315751311069,-5.99,1.33997496762));
#4481=CARTESIAN_POINT('',(-7.315751311069,-5.99,2.63997496762));
#4482=CARTESIAN_POINT('',(-7.315751311069,-5.99,2.63997496762));
#4483=CARTESIAN_POINT('',(-7.315751311069,-6.,2.63997496762));
#4484=CARTESIAN_POINT('Origin',(-7.315751311069,-5.99,2.63997496762));
#4485=CARTESIAN_POINT('',(-6.517505697034,-5.99,2.63997496762));
#4486=CARTESIAN_POINT('Origin',(0.,-5.99,0.));
#4487=CARTESIAN_POINT('Origin',(-4.594113884168,-5.99,2.63997496762));
#4488=CARTESIAN_POINT('',(-4.594113884168,-5.99,2.63997496762));
#4489=CARTESIAN_POINT('',(-4.594113884168,-6.,2.63997496762));
#4490=CARTESIAN_POINT('',(-4.594113884168,-5.99,1.33997496762));
#4491=CARTESIAN_POINT('',(-4.594113884168,-5.99,1.33997496762));
#4492=CARTESIAN_POINT('',(-4.594113884168,-6.,1.33997496762));
#4493=CARTESIAN_POINT('Origin',(-4.594113884168,-5.99,1.33997496762));
#4494=CARTESIAN_POINT('',(-4.768967685338,-5.99,1.33997496762));
#4495=CARTESIAN_POINT('',(-4.768967685338,-5.99,1.33997496762));
#4496=CARTESIAN_POINT('',(-4.768967685338,-6.,1.33997496762));
#4497=CARTESIAN_POINT('Origin',(-4.768967685338,-5.99,1.33997496762));
#4498=CARTESIAN_POINT('',(-4.768967685338,-5.99,1.948162102123));
#4499=CARTESIAN_POINT('',(-4.768967685338,-5.99,1.948162102123));
#4500=CARTESIAN_POINT('',(-4.768967685338,-6.,1.948162102123));
#4501=CARTESIAN_POINT('Origin',(-4.768967685338,-5.99,1.948162102123));
#4502=CARTESIAN_POINT('',(-5.202301018671,-5.99,1.948162102123));
#4503=CARTESIAN_POINT('',(-5.202301018671,-5.99,1.948162102123));
#4504=CARTESIAN_POINT('',(-5.202301018671,-6.,1.948162102123));
#4505=CARTESIAN_POINT('Origin',(-5.202301018671,-5.99,1.948162102123));
#4506=CARTESIAN_POINT('',(-5.202301018671,-5.99,1.33997496762));
#4507=CARTESIAN_POINT('',(-5.202301018671,-5.99,1.33997496762));
#4508=CARTESIAN_POINT('',(-5.202301018671,-6.,1.33997496762));
#4509=CARTESIAN_POINT('Origin',(-5.202301018671,-5.99,1.33997496762));
#4510=CARTESIAN_POINT('',(-5.377154819841,-5.99,1.33997496762));
#4511=CARTESIAN_POINT('',(-5.377154819841,-5.99,1.33997496762));
#4512=CARTESIAN_POINT('',(-5.377154819841,-6.,1.33997496762));
#4513=CARTESIAN_POINT('Origin',(-5.377154819841,-5.99,1.33997496762));
#4514=CARTESIAN_POINT('',(-5.377154819841,-5.99,2.63997496762));
#4515=CARTESIAN_POINT('',(-5.377154819841,-5.99,2.63997496762));
#4516=CARTESIAN_POINT('',(-5.377154819841,-6.,2.63997496762));
#4517=CARTESIAN_POINT('Origin',(-5.377154819841,-5.99,2.63997496762));
#4518=CARTESIAN_POINT('',(-5.202301018671,-5.99,2.63997496762));
#4519=CARTESIAN_POINT('',(-5.202301018671,-5.99,2.63997496762));
#4520=CARTESIAN_POINT('',(-5.202301018671,-6.,2.63997496762));
#4521=CARTESIAN_POINT('Origin',(-5.202301018671,-5.99,2.63997496762));
#4522=CARTESIAN_POINT('',(-5.202301018671,-5.99,2.092606546568));
#4523=CARTESIAN_POINT('',(-5.202301018671,-5.99,2.092606546568));
#4524=CARTESIAN_POINT('',(-5.202301018671,-6.,2.092606546568));
#4525=CARTESIAN_POINT('Origin',(-5.202301018671,-5.99,2.092606546568));
#4526=CARTESIAN_POINT('',(-4.768967685338,-5.99,2.092606546568));
#4527=CARTESIAN_POINT('',(-4.768967685338,-5.99,2.092606546568));
#4528=CARTESIAN_POINT('',(-4.768967685338,-6.,2.092606546568));
#4529=CARTESIAN_POINT('Origin',(-4.768967685338,-5.99,2.092606546568));
#4530=CARTESIAN_POINT('',(-4.768967685338,-5.99,2.63997496762));
#4531=CARTESIAN_POINT('',(-4.768967685338,-5.99,2.63997496762));
#4532=CARTESIAN_POINT('',(-4.768967685338,-6.,2.63997496762));
#4533=CARTESIAN_POINT('Origin',(-4.768967685338,-5.99,2.63997496762));
#4534=CARTESIAN_POINT('',(-4.594113884168,-5.99,2.63997496762));
#4535=CARTESIAN_POINT('Origin',(0.,-5.99,0.));
#4536=CARTESIAN_POINT('Origin',(-2.647915053759,-5.99,2.63997496762));
#4537=CARTESIAN_POINT('',(-2.647915053759,-5.99,2.63997496762));
#4538=CARTESIAN_POINT('',(-2.647915053759,-6.,2.63997496762));
#4539=CARTESIAN_POINT('',(-2.647915053759,-5.99,1.33997496762));
#4540=CARTESIAN_POINT('',(-2.647915053759,-5.99,1.33997496762));
#4541=CARTESIAN_POINT('',(-2.647915053759,-6.,1.33997496762));
#4542=CARTESIAN_POINT('Origin',(-2.647915053759,-5.99,1.33997496762));
#4543=CARTESIAN_POINT('',(-2.837973533291,-5.99,1.33997496762));
#4544=CARTESIAN_POINT('',(-2.837973533291,-5.99,1.33997496762));
#4545=CARTESIAN_POINT('',(-2.837973533291,-6.,1.33997496762));
#4546=CARTESIAN_POINT('Origin',(-2.837973533291,-5.99,1.33997496762));
#4547=CARTESIAN_POINT('',(-3.256102188262,-5.99,2.2826650261));
#4548=CARTESIAN_POINT('',(-3.256102188262,-5.99,2.2826650261));
#4549=CARTESIAN_POINT('',(-3.256102188262,-6.,2.2826650261));
#4550=CARTESIAN_POINT('Origin',(-3.256102188262,-5.99,2.2826650261));
#4551=CARTESIAN_POINT('',(-3.263704527443,-5.99,2.2826650261));
#4552=CARTESIAN_POINT('',(-3.263704527443,-5.99,2.2826650261));
#4553=CARTESIAN_POINT('',(-3.263704527443,-6.,2.2826650261));
#4554=CARTESIAN_POINT('Origin',(-3.263704527443,-5.99,2.2826650261));
#4555=CARTESIAN_POINT('',(-3.263704527443,-5.99,1.33997496762));
#4556=CARTESIAN_POINT('',(-3.263704527443,-5.99,1.33997496762));
#4557=CARTESIAN_POINT('',(-3.263704527443,-6.,1.33997496762));
#4558=CARTESIAN_POINT('Origin',(-3.263704527443,-5.99,1.33997496762));
#4559=CARTESIAN_POINT('',(-3.438558328613,-5.99,1.33997496762));
#4560=CARTESIAN_POINT('',(-3.438558328613,-5.99,1.33997496762));
#4561=CARTESIAN_POINT('',(-3.438558328613,-6.,1.33997496762));
#4562=CARTESIAN_POINT('Origin',(-3.438558328613,-5.99,1.33997496762));
#4563=CARTESIAN_POINT('',(-3.438558328613,-5.99,2.63997496762));
#4564=CARTESIAN_POINT('',(-3.438558328613,-5.99,2.63997496762));
#4565=CARTESIAN_POINT('',(-3.438558328613,-6.,2.63997496762));
#4566=CARTESIAN_POINT('Origin',(-3.438558328613,-5.99,2.63997496762));
#4567=CARTESIAN_POINT('',(-3.248499849081,-5.99,2.63997496762));
#4568=CARTESIAN_POINT('',(-3.248499849081,-5.99,2.63997496762));
#4569=CARTESIAN_POINT('',(-3.248499849081,-6.,2.63997496762));
#4570=CARTESIAN_POINT('Origin',(-3.248499849081,-5.99,2.63997496762));
#4571=CARTESIAN_POINT('',(-2.83037119411,-5.99,1.697284909141));
#4572=CARTESIAN_POINT('',(-2.83037119411,-5.99,1.697284909141));
#4573=CARTESIAN_POINT('',(-2.83037119411,-6.,1.697284909141));
#4574=CARTESIAN_POINT('Origin',(-2.83037119411,-5.99,1.697284909141));
#4575=CARTESIAN_POINT('',(-2.822768854929,-5.99,1.697284909141));
#4576=CARTESIAN_POINT('',(-2.822768854929,-5.99,1.697284909141));
#4577=CARTESIAN_POINT('',(-2.822768854929,-6.,1.697284909141));
#4578=CARTESIAN_POINT('Origin',(-2.822768854929,-5.99,1.697284909141));
#4579=CARTESIAN_POINT('',(-2.822768854929,-5.99,2.63997496762));
#4580=CARTESIAN_POINT('',(-2.822768854929,-5.99,2.63997496762));
#4581=CARTESIAN_POINT('',(-2.822768854929,-6.,2.63997496762));
#4582=CARTESIAN_POINT('Origin',(-2.822768854929,-5.99,2.63997496762));
#4583=CARTESIAN_POINT('',(-2.647915053759,-5.99,2.63997496762));
#4584=CARTESIAN_POINT('Origin',(0.,-5.99,0.));
#4585=CARTESIAN_POINT('Origin',(-8.486511544987,-5.99,2.63997496762));
#4586=CARTESIAN_POINT('',(-8.486511544987,-5.99,2.63997496762));
#4587=CARTESIAN_POINT('',(-8.486511544987,-6.,2.63997496762));
#4588=CARTESIAN_POINT('',(-8.486511544987,-5.99,1.33997496762));
#4589=CARTESIAN_POINT('',(-8.486511544987,-5.99,1.33997496762));
#4590=CARTESIAN_POINT('',(-8.486511544987,-6.,1.33997496762));
#4591=CARTESIAN_POINT('Origin',(-8.486511544987,-5.99,1.33997496762));
#4592=CARTESIAN_POINT('',(-8.676570024519,-5.99,1.33997496762));
#4593=CARTESIAN_POINT('',(-8.676570024519,-5.99,1.33997496762));
#4594=CARTESIAN_POINT('',(-8.676570024519,-6.,1.33997496762));
#4595=CARTESIAN_POINT('Origin',(-8.676570024519,-5.99,1.33997496762));
#4596=CARTESIAN_POINT('',(-9.09469867949,-5.99,2.2826650261));
#4597=CARTESIAN_POINT('',(-9.09469867949,-5.99,2.2826650261));
#4598=CARTESIAN_POINT('',(-9.09469867949,-6.,2.2826650261));
#4599=CARTESIAN_POINT('Origin',(-9.09469867949,-5.99,2.2826650261));
#4600=CARTESIAN_POINT('',(-9.102301018671,-5.99,2.2826650261));
#4601=CARTESIAN_POINT('',(-9.102301018671,-5.99,2.2826650261));
#4602=CARTESIAN_POINT('',(-9.102301018671,-6.,2.2826650261));
#4603=CARTESIAN_POINT('Origin',(-9.102301018671,-5.99,2.2826650261));
#4604=CARTESIAN_POINT('',(-9.102301018671,-5.99,1.33997496762));
#4605=CARTESIAN_POINT('',(-9.102301018671,-5.99,1.33997496762));
#4606=CARTESIAN_POINT('',(-9.102301018671,-6.,1.33997496762));
#4607=CARTESIAN_POINT('Origin',(-9.102301018671,-5.99,1.33997496762));
#4608=CARTESIAN_POINT('',(-9.277154819841,-5.99,1.33997496762));
#4609=CARTESIAN_POINT('',(-9.277154819841,-5.99,1.33997496762));
#4610=CARTESIAN_POINT('',(-9.277154819841,-6.,1.33997496762));
#4611=CARTESIAN_POINT('Origin',(-9.277154819841,-5.99,1.33997496762));
#4612=CARTESIAN_POINT('',(-9.277154819841,-5.99,2.63997496762));
#4613=CARTESIAN_POINT('',(-9.277154819841,-5.99,2.63997496762));
#4614=CARTESIAN_POINT('',(-9.277154819841,-6.,2.63997496762));
#4615=CARTESIAN_POINT('Origin',(-9.277154819841,-5.99,2.63997496762));
#4616=CARTESIAN_POINT('',(-9.087096340309,-5.99,2.63997496762));
#4617=CARTESIAN_POINT('',(-9.087096340309,-5.99,2.63997496762));
#4618=CARTESIAN_POINT('',(-9.087096340309,-6.,2.63997496762));
#4619=CARTESIAN_POINT('Origin',(-9.087096340309,-5.99,2.63997496762));
#4620=CARTESIAN_POINT('',(-8.668967685338,-5.99,1.697284909141));
#4621=CARTESIAN_POINT('',(-8.668967685338,-5.99,1.697284909141));
#4622=CARTESIAN_POINT('',(-8.668967685338,-6.,1.697284909141));
#4623=CARTESIAN_POINT('Origin',(-8.668967685338,-5.99,1.697284909141));
#4624=CARTESIAN_POINT('',(-8.661365346157,-5.99,1.697284909141));
#4625=CARTESIAN_POINT('',(-8.661365346157,-5.99,1.697284909141));
#4626=CARTESIAN_POINT('',(-8.661365346157,-6.,1.697284909141));
#4627=CARTESIAN_POINT('Origin',(-8.661365346157,-5.99,1.697284909141));
#4628=CARTESIAN_POINT('',(-8.661365346157,-5.99,2.63997496762));
#4629=CARTESIAN_POINT('',(-8.661365346157,-5.99,2.63997496762));
#4630=CARTESIAN_POINT('',(-8.661365346157,-6.,2.63997496762));
#4631=CARTESIAN_POINT('Origin',(-8.661365346157,-5.99,2.63997496762));
#4632=CARTESIAN_POINT('',(-8.486511544987,-5.99,2.63997496762));
#4633=CARTESIAN_POINT('Origin',(0.,-5.99,0.));
#4634=CARTESIAN_POINT('Ctrl Pts',(-1.679763467021,-5.9899,2.358245014123));
#4635=CARTESIAN_POINT('Ctrl Pts',(-1.679763467021,-6.00214000000001,2.358245014123));
#4636=CARTESIAN_POINT('Ctrl Pts',(-1.68270617546289,-5.9899,2.32972504400485));
#4637=CARTESIAN_POINT('Ctrl Pts',(-1.68270617546289,-6.00214000000001,2.32972504400485));
#4638=CARTESIAN_POINT('Ctrl Pts',(-1.6817180178567,-5.9899,2.29071149834245));
#4639=CARTESIAN_POINT('Ctrl Pts',(-1.6817180178567,-6.00214000000001,2.29071149834245));
#4640=CARTESIAN_POINT('Ctrl Pts',(-1.685784116103,-5.9899,2.24222129166));
#4641=CARTESIAN_POINT('Ctrl Pts',(-1.685784116103,-6.00214000000001,2.24222129166));
#4642=CARTESIAN_POINT('Ctrl Pts',(-1.691006855658,-5.9899,2.213543789391));
#4643=CARTESIAN_POINT('Ctrl Pts',(-1.691006855658,-6.00214000000001,2.213543789391));
#4644=CARTESIAN_POINT('Ctrl Pts',(-1.697738388786,-5.9899,2.187011578913));
#4645=CARTESIAN_POINT('Ctrl Pts',(-1.697738388786,-6.00214000000001,2.187011578913));
#4646=CARTESIAN_POINT('Ctrl Pts',(-1.707343650553,-5.9899,2.162944817921));
#4647=CARTESIAN_POINT('Ctrl Pts',(-1.707343650553,-6.00214000000001,2.162944817921));
#4648=CARTESIAN_POINT('Ctrl Pts',(-1.718024938924,-5.9899,2.14075097649));
#4649=CARTESIAN_POINT('Ctrl Pts',(-1.718024938924,-6.00214000000001,2.14075097649));
#4650=CARTESIAN_POINT('Ctrl Pts',(-1.731539956574,-5.9899,2.121127480618));
#4651=CARTESIAN_POINT('Ctrl Pts',(-1.731539956574,-6.00214000000001,2.121127480618));
#4652=CARTESIAN_POINT('Ctrl Pts',(-1.751515449982,-5.9899,2.098459930606));
#4653=CARTESIAN_POINT('Ctrl Pts',(-1.751515449982,-6.00214000000001,2.098459930606));
#4654=CARTESIAN_POINT('Ctrl Pts',(-1.778486567138,-5.9899,2.074446529194));
#4655=CARTESIAN_POINT('Ctrl Pts',(-1.778486567138,-6.00214000000001,2.074446529194));
#4656=CARTESIAN_POINT('Ctrl Pts',(-1.811356965815,-5.9899,2.049613804274));
#4657=CARTESIAN_POINT('Ctrl Pts',(-1.811356965815,-6.00214000000001,2.049613804274));
#4658=CARTESIAN_POINT('Ctrl Pts',(-1.86034431708139,-5.9899,2.02108420538947));
#4659=CARTESIAN_POINT('Ctrl Pts',(-1.86034431708139,-6.00214000000001,2.02108420538947));
#4660=CARTESIAN_POINT('Ctrl Pts',(-1.9023291503859,-5.9899,2.01020321068723));
#4661=CARTESIAN_POINT('Ctrl Pts',(-1.9023291503859,-6.00214000000001,2.01020321068723));
#4662=CARTESIAN_POINT('Ctrl Pts',(-1.928267684228,-5.9899,1.995084946198));
#4663=CARTESIAN_POINT('Ctrl Pts',(-1.928267684228,-6.00214000000001,1.995084946198));
#4664=CARTESIAN_POINT('',(-1.682417977736,-6.,2.305472043644));
#4665=CARTESIAN_POINT('Ctrl Pts',(-2.115287433111,-5.98989999999999,2.641898508055));
#4666=CARTESIAN_POINT('Ctrl Pts',(-2.115287433111,-6.00214000000001,2.641898508055));
#4667=CARTESIAN_POINT('Ctrl Pts',(-2.08250278571002,-5.98989999999999,2.63913993152561));
#4668=CARTESIAN_POINT('Ctrl Pts',(-2.08250278571002,-6.00214000000001,2.63913993152561));
#4669=CARTESIAN_POINT('Ctrl Pts',(-2.03494776792685,-5.98989999999999,2.64146532668506));
#4670=CARTESIAN_POINT('Ctrl Pts',(-2.03494776792685,-6.00214000000001,2.64146532668506));
#4671=CARTESIAN_POINT('Ctrl Pts',(-1.974279776973,-5.98989999999999,2.634309489858));
#4672=CARTESIAN_POINT('Ctrl Pts',(-1.974279776973,-6.00214000000001,2.634309489858));
#4673=CARTESIAN_POINT('Ctrl Pts',(-1.933844127839,-5.98989999999999,2.62708726458));
#4674=CARTESIAN_POINT('Ctrl Pts',(-1.933844127839,-6.00214000000001,2.62708726458));
#4675=CARTESIAN_POINT('Ctrl Pts',(-1.896571478762,-5.98989999999999,2.615943319613));
#4676=CARTESIAN_POINT('Ctrl Pts',(-1.896571478762,-6.00214000000001,2.615943319613));
#4677=CARTESIAN_POINT('Ctrl Pts',(-1.862212818586,-5.98989999999999,2.602251592889));
#4678=CARTESIAN_POINT('Ctrl Pts',(-1.862212818586,-6.00214000000001,2.602251592889));
#4679=CARTESIAN_POINT('Ctrl Pts',(-1.830841011987,-5.98989999999999,2.585254739316));
#4680=CARTESIAN_POINT('Ctrl Pts',(-1.830841011987,-6.00214000000001,2.585254739316));
#4681=CARTESIAN_POINT('Ctrl Pts',(-1.802639544651,-5.98989999999999,2.564809438037));
#4682=CARTESIAN_POINT('Ctrl Pts',(-1.802639544651,-6.00214000000001,2.564809438037));
#4683=CARTESIAN_POINT('Ctrl Pts',(-1.777223165241,-5.98989999999999,2.541756607502));
#4684=CARTESIAN_POINT('Ctrl Pts',(-1.777223165241,-6.00214000000001,2.541756607502));
#4685=CARTESIAN_POINT('Ctrl Pts',(-1.755209562225,-5.98989999999999,2.516288640297));
#4686=CARTESIAN_POINT('Ctrl Pts',(-1.755209562225,-6.00214000000001,2.516288640297));
#4687=CARTESIAN_POINT('Ctrl Pts',(-1.735573801981,-5.98989999999999,2.489872193708));
#4688=CARTESIAN_POINT('Ctrl Pts',(-1.735573801981,-6.00214000000001,2.489872193708));
#4689=CARTESIAN_POINT('Ctrl Pts',(-1.719169191058,-5.98989999999999,2.4619903502));
#4690=CARTESIAN_POINT('Ctrl Pts',(-1.719169191058,-6.00214000000001,2.4619903502));
#4691=CARTESIAN_POINT('Ctrl Pts',(-1.705531525059,-5.98989999999999,2.433125734796));
#4692=CARTESIAN_POINT('Ctrl Pts',(-1.705531525059,-6.00214000000001,2.433125734796));
#4693=CARTESIAN_POINT('Ctrl Pts',(-1.69547704911,-5.98989999999999,2.402798174967));
#4694=CARTESIAN_POINT('Ctrl Pts',(-1.69547704911,-6.00214000000001,2.402798174967));
#4695=CARTESIAN_POINT('Ctrl Pts',(-1.68772674918,-5.98989999999999,2.371492724079));
#4696=CARTESIAN_POINT('Ctrl Pts',(-1.68772674918,-6.00214000000001,2.371492724079));
#4697=CARTESIAN_POINT('Ctrl Pts',(-1.68072651081394,-5.98989999999999,2.32135476661868));
#4698=CARTESIAN_POINT('Ctrl Pts',(-1.68072651081394,-6.00214000000001,2.32135476661868));
#4699=CARTESIAN_POINT('Ctrl Pts',(-1.68350222533461,-5.98989999999999,2.2813402290788));
#4700=CARTESIAN_POINT('Ctrl Pts',(-1.68350222533461,-6.00214000000001,2.2813402290788));
#4701=CARTESIAN_POINT('Ctrl Pts',(-1.67867661934,-5.98989999999999,2.252815535949));
#4702=CARTESIAN_POINT('Ctrl Pts',(-1.67867661934,-6.00214000000001,2.252815535949));
#4703=CARTESIAN_POINT('',(-2.0625349368,-6.,2.63997496762));
#4704=CARTESIAN_POINT('Origin',(-2.457856574227,-5.99,2.63997496762));
#4705=CARTESIAN_POINT('',(-2.457856574227,-6.,2.63997496762));
#4706=CARTESIAN_POINT('Origin',(-2.457856574227,-5.99,1.33997496762));
#4707=CARTESIAN_POINT('',(-2.457856574227,-6.,1.33997496762));
#4708=CARTESIAN_POINT('Origin',(-2.077739615162,-5.99,1.33997496762));
#4709=CARTESIAN_POINT('',(-2.077739615162,-5.99,1.33997496762));
#4710=CARTESIAN_POINT('Ctrl Pts',(-1.642445946806,-5.98989999999997,1.780474977584));
#4711=CARTESIAN_POINT('Ctrl Pts',(-1.642445946806,-6.00214000000001,1.780474977584));
#4712=CARTESIAN_POINT('Ctrl Pts',(-1.64487054004579,-5.98989999999997,1.74529540463447));
#4713=CARTESIAN_POINT('Ctrl Pts',(-1.64487054004579,-6.00214000000001,1.74529540463447));
#4714=CARTESIAN_POINT('Ctrl Pts',(-1.64351285904114,-5.98989999999997,1.6935496795815));
#4715=CARTESIAN_POINT('Ctrl Pts',(-1.64351285904114,-6.00214000000001,1.6935496795815));
#4716=CARTESIAN_POINT('Ctrl Pts',(-1.651073984667,-5.98989999999997,1.627087646961));
#4717=CARTESIAN_POINT('Ctrl Pts',(-1.651073984667,-6.00214000000001,1.627087646961));
#4718=CARTESIAN_POINT('Ctrl Pts',(-1.660538081284,-5.98989999999997,1.582456399918));
#4719=CARTESIAN_POINT('Ctrl Pts',(-1.660538081284,-6.00214000000001,1.582456399918));
#4720=CARTESIAN_POINT('Ctrl Pts',(-1.673737561941,-5.98989999999997,1.541941025528));
#4721=CARTESIAN_POINT('Ctrl Pts',(-1.673737561941,-6.00214000000001,1.541941025528));
#4722=CARTESIAN_POINT('Ctrl Pts',(-1.690857607141,-5.98989999999997,1.505719677253));
#4723=CARTESIAN_POINT('Ctrl Pts',(-1.690857607141,-6.00214000000001,1.505719677253));
#4724=CARTESIAN_POINT('Ctrl Pts',(-1.711866292425,-5.98989999999997,1.473653319185));
#4725=CARTESIAN_POINT('Ctrl Pts',(-1.711866292425,-6.00214000000001,1.473653319185));
#4726=CARTESIAN_POINT('Ctrl Pts',(-1.736880710921,-5.98989999999997,1.446031970435));
#4727=CARTESIAN_POINT('Ctrl Pts',(-1.736880710921,-6.00214000000001,1.446031970435));
#4728=CARTESIAN_POINT('Ctrl Pts',(-1.765763370716,-5.98989999999997,1.422859950204));
#4729=CARTESIAN_POINT('Ctrl Pts',(-1.765763370716,-6.00214000000001,1.422859950204));
#4730=CARTESIAN_POINT('Ctrl Pts',(-1.797423140023,-5.98989999999997,1.403375032396));
#4731=CARTESIAN_POINT('Ctrl Pts',(-1.797423140023,-6.00214000000001,1.403375032396));
#4732=CARTESIAN_POINT('Ctrl Pts',(-1.831165042703,-5.98989999999997,1.386353096615));
#4733=CARTESIAN_POINT('Ctrl Pts',(-1.831165042703,-6.00214000000001,1.386353096615));
#4734=CARTESIAN_POINT('Ctrl Pts',(-1.867076134895,-5.98989999999997,1.372016124615));
#4735=CARTESIAN_POINT('Ctrl Pts',(-1.867076134895,-6.00214000000001,1.372016124615));
#4736=CARTESIAN_POINT('Ctrl Pts',(-1.905091206128,-5.98989999999997,1.360166480314));
#4737=CARTESIAN_POINT('Ctrl Pts',(-1.905091206128,-6.00214000000001,1.360166480314));
#4738=CARTESIAN_POINT('Ctrl Pts',(-1.945326575804,-5.98989999999997,1.351223519981));
#4739=CARTESIAN_POINT('Ctrl Pts',(-1.945326575804,-6.00214000000001,1.351223519981));
#4740=CARTESIAN_POINT('Ctrl Pts',(-1.987567270815,-5.98989999999997,1.344829084406));
#4741=CARTESIAN_POINT('Ctrl Pts',(-1.987567270815,-6.00214000000001,1.344829084406));
#4742=CARTESIAN_POINT('Ctrl Pts',(-2.0495030473997,-5.98989999999997,1.33919848287369));
#4743=CARTESIAN_POINT('Ctrl Pts',(-2.0495030473997,-6.00214000000001,1.33919848287369));
#4744=CARTESIAN_POINT('Ctrl Pts',(-2.09749382014018,-5.98989999999997,1.34036658320072));
#4745=CARTESIAN_POINT('Ctrl Pts',(-2.09749382014018,-6.00214000000001,1.34036658320072));
#4746=CARTESIAN_POINT('Ctrl Pts',(-2.13052367717,-5.98989999999997,1.338184404102));
#4747=CARTESIAN_POINT('Ctrl Pts',(-2.13052367717,-6.00214000000001,1.338184404102));
#4748=CARTESIAN_POINT('Origin',(-3.879494001127,-5.99,1.347577306802));
#4749=CARTESIAN_POINT('',(-3.879494001127,-5.99,1.347577306802));
#4750=CARTESIAN_POINT('',(-3.879494001127,-6.,1.347577306802));
#4751=CARTESIAN_POINT('',(-3.879494001127,-5.99,1.636466195691));
#4752=CARTESIAN_POINT('',(-3.879494001127,-5.99,1.636466195691));
#4753=CARTESIAN_POINT('',(-3.879494001127,-6.,1.636466195691));
#4754=CARTESIAN_POINT('Origin',(-3.879494001127,-5.99,1.636466195691));
#4755=CARTESIAN_POINT('',(-4.464874118086,-5.99,1.636466195691));
#4756=CARTESIAN_POINT('',(-4.464874118086,-5.99,1.636466195691));
#4757=CARTESIAN_POINT('',(-4.464874118086,-6.,1.636466195691));
#4758=CARTESIAN_POINT('Origin',(-4.464874118086,-5.99,1.636466195691));
#4759=CARTESIAN_POINT('',(-4.464874118086,-5.99,1.765705961772));
#4760=CARTESIAN_POINT('',(-4.464874118086,-5.99,1.765705961772));
#4761=CARTESIAN_POINT('',(-4.464874118086,-6.,1.765705961772));
#4762=CARTESIAN_POINT('Origin',(-4.464874118086,-5.99,1.765705961772));
#4763=CARTESIAN_POINT('',(-3.849084644402,-5.99,2.655179645983));
#4764=CARTESIAN_POINT('',(-3.849084644402,-5.99,2.655179645983));
#4765=CARTESIAN_POINT('',(-3.849084644402,-6.,2.655179645983));
#4766=CARTESIAN_POINT('Origin',(-3.849084644402,-5.99,2.655179645983));
#4767=CARTESIAN_POINT('',(-3.735049556683,-5.99,2.655179645983));
#4768=CARTESIAN_POINT('',(-3.735049556683,-5.99,2.655179645983));
#4769=CARTESIAN_POINT('',(-3.735049556683,-6.,2.655179645983));
#4770=CARTESIAN_POINT('Origin',(-3.735049556683,-5.99,2.655179645983));
#4771=CARTESIAN_POINT('',(-3.735049556683,-5.99,1.765705961772));
#4772=CARTESIAN_POINT('',(-3.735049556683,-5.99,1.765705961772));
#4773=CARTESIAN_POINT('',(-3.735049556683,-6.,1.765705961772));
#4774=CARTESIAN_POINT('Origin',(-3.735049556683,-5.99,1.765705961772));
#4775=CARTESIAN_POINT('',(-3.552593416332,-5.99,1.765705961772));
#4776=CARTESIAN_POINT('',(-3.552593416332,-5.99,1.765705961772));
#4777=CARTESIAN_POINT('',(-3.552593416332,-6.,1.765705961772));
#4778=CARTESIAN_POINT('Origin',(-3.552593416332,-5.99,1.765705961772));
#4779=CARTESIAN_POINT('',(-3.552593416332,-5.99,1.636466195691));
#4780=CARTESIAN_POINT('',(-3.552593416332,-5.99,1.636466195691));
#4781=CARTESIAN_POINT('',(-3.552593416332,-6.,1.636466195691));
#4782=CARTESIAN_POINT('Origin',(-3.552593416332,-5.99,1.636466195691));
#4783=CARTESIAN_POINT('',(-3.735049556683,-5.99,1.636466195691));
#4784=CARTESIAN_POINT('',(-3.735049556683,-5.99,1.636466195691));
#4785=CARTESIAN_POINT('',(-3.735049556683,-6.,1.636466195691));
#4786=CARTESIAN_POINT('Origin',(-3.735049556683,-5.99,1.636466195691));
#4787=CARTESIAN_POINT('',(-3.735049556683,-5.99,1.347577306802));
#4788=CARTESIAN_POINT('',(-3.735049556683,-5.99,1.347577306802));
#4789=CARTESIAN_POINT('',(-3.735049556683,-6.,1.347577306802));
#4790=CARTESIAN_POINT('Origin',(-3.735049556683,-5.99,1.347577306802));
#4791=CARTESIAN_POINT('',(-3.879494001127,-5.99,1.347577306802));
#4792=CARTESIAN_POINT('Origin',(0.,-5.99,0.));
#4793=CARTESIAN_POINT('',(-4.305224995279,-5.99,1.765705961772));
#4794=CARTESIAN_POINT('',(-3.879494001127,-5.99,2.366290757094));
#4795=CARTESIAN_POINT('',(-4.305224995279,-5.99,1.765705961772));
#4796=CARTESIAN_POINT('',(-3.879494001127,-5.99,1.765705961772));
#4797=CARTESIAN_POINT('',(-3.879494001127,-5.99,2.366290757094));
#4798=CARTESIAN_POINT('',(-3.879494001127,-5.99,1.765705961772));
#4799=CARTESIAN_POINT('Origin',(-3.879494001127,-5.99,2.366290757094));
#4800=CARTESIAN_POINT('',(-3.879494001127,-6.,2.366290757094));
#4801=CARTESIAN_POINT('',(-4.305224995279,-6.,1.765705961772));
#4802=CARTESIAN_POINT('',(-3.879494001127,-6.,2.366290757094));
#4803=CARTESIAN_POINT('',(-3.879494001127,-6.,2.366290757094));
#4804=CARTESIAN_POINT('',(-4.305224995279,-6.,1.765705961772));
#4805=CARTESIAN_POINT('Origin',(-13.7,-6.,6.2));
#4806=CARTESIAN_POINT('',(-3.879494001127,-6.,1.765705961772));
#4807=CARTESIAN_POINT('',(-3.879494001127,-6.,1.765705961772));
#4808=CARTESIAN_POINT('',(-3.879494001127,-6.,2.366290757094));
#4809=CARTESIAN_POINT('Origin',(-4.305224995279,-5.99,1.765705961772));
#4810=CARTESIAN_POINT('',(-3.879494001127,-6.,1.765705961772));
#4811=CARTESIAN_POINT('Origin',(-3.879494001127,-5.99,1.765705961772));
#4812=CARTESIAN_POINT('Origin',(-5.529201603467,-5.99,2.069799529024));
#4813=CARTESIAN_POINT('',(-5.529201603467,-5.99,2.069799529024));
#4814=CARTESIAN_POINT('',(-5.529201603467,-6.,2.069799529024));
#4815=CARTESIAN_POINT('',(-5.529201603467,-5.99,1.948162102123));
#4816=CARTESIAN_POINT('',(-5.529201603467,-5.99,1.948162102123));
#4817=CARTESIAN_POINT('',(-5.529201603467,-6.,1.948162102123));
#4818=CARTESIAN_POINT('Origin',(-5.529201603467,-5.99,1.948162102123));
#4819=CARTESIAN_POINT('',(-6.395868270133,-5.99,1.948162102123));
#4820=CARTESIAN_POINT('',(-6.395868270133,-5.99,1.948162102123));
#4821=CARTESIAN_POINT('',(-6.395868270133,-6.,1.948162102123));
#4822=CARTESIAN_POINT('Origin',(-6.395868270133,-5.99,1.948162102123));
#4823=CARTESIAN_POINT('',(-6.395868270133,-5.99,2.069799529024));
#4824=CARTESIAN_POINT('',(-6.395868270133,-5.99,2.069799529024));
#4825=CARTESIAN_POINT('',(-6.395868270133,-6.,2.069799529024));
#4826=CARTESIAN_POINT('Origin',(-6.395868270133,-5.99,2.069799529024));
#4827=CARTESIAN_POINT('',(-5.529201603467,-5.99,2.069799529024));
#4828=CARTESIAN_POINT('Origin',(0.,-5.99,0.));
#4829=CARTESIAN_POINT('Ctrl Pts',(-7.773339259491,-5.98989999999999,2.055626530705));
#4830=CARTESIAN_POINT('Ctrl Pts',(-7.773339259491,-6.00214000000001,2.055626530705));
#4831=CARTESIAN_POINT('Ctrl Pts',(-7.7418643299193,-5.98989999999999,2.03749431262473));
#4832=CARTESIAN_POINT('Ctrl Pts',(-7.7418643299193,-6.00214000000001,2.03749431262473));
#4833=CARTESIAN_POINT('Ctrl Pts',(-7.69041275448482,-5.98989999999999,2.0183034401026));
#4834=CARTESIAN_POINT('Ctrl Pts',(-7.69041275448482,-6.00214000000001,2.0183034401026));
#4835=CARTESIAN_POINT('Ctrl Pts',(-7.631567300851,-5.98989999999999,1.976168524534));
#4836=CARTESIAN_POINT('Ctrl Pts',(-7.631567300851,-6.00214000000001,1.976168524534));
#4837=CARTESIAN_POINT('Ctrl Pts',(-7.593392619282,-5.98989999999999,1.938625558558));
#4838=CARTESIAN_POINT('Ctrl Pts',(-7.593392619282,-6.00214000000001,1.938625558558));
#4839=CARTESIAN_POINT('Ctrl Pts',(-7.566972455787,-5.98989999999999,1.902691476674));
#4840=CARTESIAN_POINT('Ctrl Pts',(-7.566972455787,-6.00214000000001,1.902691476674));
#4841=CARTESIAN_POINT('Ctrl Pts',(-7.549118663321,-5.98989999999999,1.871353588992));
#4842=CARTESIAN_POINT('Ctrl Pts',(-7.549118663321,-6.00214000000001,1.871353588992));
#4843=CARTESIAN_POINT('Ctrl Pts',(-7.538490408971,-5.98989999999999,1.845595877094));
#4844=CARTESIAN_POINT('Ctrl Pts',(-7.538490408971,-6.00214000000001,1.845595877094));
#4845=CARTESIAN_POINT('Ctrl Pts',(-7.530365238589,-5.98989999999999,1.81810772782));
#4846=CARTESIAN_POINT('Ctrl Pts',(-7.530365238589,-6.00214000000001,1.81810772782));
#4847=CARTESIAN_POINT('Ctrl Pts',(-7.524493979885,-5.98989999999999,1.788990599652));
#4848=CARTESIAN_POINT('Ctrl Pts',(-7.524493979885,-6.00214000000001,1.788990599652));
#4849=CARTESIAN_POINT('Ctrl Pts',(-7.520767501495,-5.98989999999999,1.75811190683));
#4850=CARTESIAN_POINT('Ctrl Pts',(-7.520767501495,-6.00214000000001,1.75811190683));
#4851=CARTESIAN_POINT('Ctrl Pts',(-7.519834246,-5.98989999999999,1.725439469582));
#4852=CARTESIAN_POINT('Ctrl Pts',(-7.519834246,-6.00214000000001,1.725439469582));
#4853=CARTESIAN_POINT('Ctrl Pts',(-7.520924328715,-5.98989999999999,1.690914534963));
#4854=CARTESIAN_POINT('Ctrl Pts',(-7.520924328715,-6.00214000000001,1.690914534963));
#4855=CARTESIAN_POINT('Ctrl Pts',(-7.524596587043,-5.98989999999999,1.6552657326));
#4856=CARTESIAN_POINT('Ctrl Pts',(-7.524596587043,-6.00214000000001,1.6552657326));
#4857=CARTESIAN_POINT('Ctrl Pts',(-7.530467175138,-5.98989999999999,1.619479496104));
#4858=CARTESIAN_POINT('Ctrl Pts',(-7.530467175138,-6.00214000000001,1.619479496104));
#4859=CARTESIAN_POINT('Ctrl Pts',(-7.539887723425,-5.98989999999999,1.585022868639));
#4860=CARTESIAN_POINT('Ctrl Pts',(-7.539887723425,-6.00214000000001,1.585022868639));
#4861=CARTESIAN_POINT('Ctrl Pts',(-7.551934483419,-5.98989999999999,1.552274716622));
#4862=CARTESIAN_POINT('Ctrl Pts',(-7.551934483419,-6.00214000000001,1.552274716622));
#4863=CARTESIAN_POINT('Ctrl Pts',(-7.567001529218,-5.98989999999999,1.521174670495));
#4864=CARTESIAN_POINT('Ctrl Pts',(-7.567001529218,-6.00214000000001,1.521174670495));
#4865=CARTESIAN_POINT('Ctrl Pts',(-7.585212284055,-5.98989999999999,1.491994394942));
#4866=CARTESIAN_POINT('Ctrl Pts',(-7.585212284055,-6.00214000000001,1.491994394942));
#4867=CARTESIAN_POINT('Ctrl Pts',(-7.606719645757,-5.98989999999999,1.464793357413));
#4868=CARTESIAN_POINT('Ctrl Pts',(-7.606719645757,-6.00214000000001,1.464793357413));
#4869=CARTESIAN_POINT('Ctrl Pts',(-7.630564684395,-5.98989999999999,1.438970096253));
#4870=CARTESIAN_POINT('Ctrl Pts',(-7.630564684395,-6.00214000000001,1.438970096253));
#4871=CARTESIAN_POINT('Ctrl Pts',(-7.657616209821,-5.98989999999999,1.415625007729));
#4872=CARTESIAN_POINT('Ctrl Pts',(-7.657616209821,-6.00214000000001,1.415625007729));
#4873=CARTESIAN_POINT('Ctrl Pts',(-7.68627683554,-5.98989999999999,1.394356690569));
#4874=CARTESIAN_POINT('Ctrl Pts',(-7.68627683554,-6.00214000000001,1.394356690569));
#4875=CARTESIAN_POINT('Ctrl Pts',(-7.716355236656,-5.98989999999999,1.375931313725));
#4876=CARTESIAN_POINT('Ctrl Pts',(-7.716355236656,-6.00214000000001,1.375931313725));
#4877=CARTESIAN_POINT('Ctrl Pts',(-7.747309825408,-5.98989999999999,1.360387710475));
#4878=CARTESIAN_POINT('Ctrl Pts',(-7.747309825408,-6.00214000000001,1.360387710475));
#4879=CARTESIAN_POINT('Ctrl Pts',(-7.779261688613,-5.98989999999999,1.347923054057));
#4880=CARTESIAN_POINT('Ctrl Pts',(-7.779261688613,-6.00214000000001,1.347923054057));
#4881=CARTESIAN_POINT('Ctrl Pts',(-7.812187705559,-5.98989999999999,1.338608735378));
#4882=CARTESIAN_POINT('Ctrl Pts',(-7.812187705559,-6.00214000000001,1.338608735378));
#4883=CARTESIAN_POINT('Ctrl Pts',(-7.84601318863,-5.98989999999999,1.332175224827));
#4884=CARTESIAN_POINT('Ctrl Pts',(-7.84601318863,-6.00214000000001,1.332175224827));
#4885=CARTESIAN_POINT('Ctrl Pts',(-7.880856872891,-5.98989999999999,1.328408761859));
#4886=CARTESIAN_POINT('Ctrl Pts',(-7.880856872891,-6.00214000000001,1.328408761859));
#4887=CARTESIAN_POINT('Ctrl Pts',(-7.916274242811,-5.98989999999999,1.328007487503));
#4888=CARTESIAN_POINT('Ctrl Pts',(-7.916274242811,-6.00214000000001,1.328007487503));
#4889=CARTESIAN_POINT('Ctrl Pts',(-7.951599827247,-5.98989999999999,1.330113293083));
#4890=CARTESIAN_POINT('Ctrl Pts',(-7.951599827247,-6.00214000000001,1.330113293083));
#4891=CARTESIAN_POINT('Ctrl Pts',(-7.985989910411,-5.98989999999999,1.335394670922));
#4892=CARTESIAN_POINT('Ctrl Pts',(-7.985989910411,-6.00214000000001,1.335394670922));
#4893=CARTESIAN_POINT('Ctrl Pts',(-8.019342204247,-5.98989999999999,1.342437793171));
#4894=CARTESIAN_POINT('Ctrl Pts',(-8.019342204247,-6.00214000000001,1.342437793171));
#4895=CARTESIAN_POINT('Ctrl Pts',(-8.051357268744,-5.98989999999999,1.352866659046));
#4896=CARTESIAN_POINT('Ctrl Pts',(-8.051357268744,-6.00214000000001,1.352866659046));
#4897=CARTESIAN_POINT('Ctrl Pts',(-8.0824010627,-5.98989999999999,1.365328184193));
#4898=CARTESIAN_POINT('Ctrl Pts',(-8.0824010627,-6.00214000000001,1.365328184193));
#4899=CARTESIAN_POINT('Ctrl Pts',(-8.111922232749,-5.98989999999999,1.381002310884));
#4900=CARTESIAN_POINT('Ctrl Pts',(-8.111922232749,-6.00214000000001,1.381002310884));
#4901=CARTESIAN_POINT('Ctrl Pts',(-8.140410684529,-5.98989999999999,1.398889227946));
#4902=CARTESIAN_POINT('Ctrl Pts',(-8.140410684529,-6.00214000000001,1.398889227946));
#4903=CARTESIAN_POINT('Ctrl Pts',(-8.167580135592,-5.98989999999999,1.419263336666));
#4904=CARTESIAN_POINT('Ctrl Pts',(-8.167580135592,-6.00214000000001,1.419263336666));
#4905=CARTESIAN_POINT('Ctrl Pts',(-8.193020671554,-5.98989999999999,1.442385802884));
#4906=CARTESIAN_POINT('Ctrl Pts',(-8.193020671554,-6.00214000000001,1.442385802884));
#4907=CARTESIAN_POINT('Ctrl Pts',(-8.216151278857,-5.98989999999999,1.468178733327));
#4908=CARTESIAN_POINT('Ctrl Pts',(-8.216151278857,-6.00214000000001,1.468178733327));
#4909=CARTESIAN_POINT('Ctrl Pts',(-8.23718668343,-5.98989999999999,1.496291588738));
#4910=CARTESIAN_POINT('Ctrl Pts',(-8.23718668343,-6.00214000000001,1.496291588738));
#4911=CARTESIAN_POINT('Ctrl Pts',(-8.254979540436,-5.98989999999999,1.527361752483));
#4912=CARTESIAN_POINT('Ctrl Pts',(-8.254979540436,-6.00214000000001,1.527361752483));
#4913=CARTESIAN_POINT('Ctrl Pts',(-8.271380864883,-5.98989999999999,1.560376449882));
#4914=CARTESIAN_POINT('Ctrl Pts',(-8.271380864883,-6.00214000000001,1.560376449882));
#4915=CARTESIAN_POINT('Ctrl Pts',(-8.284572164567,-5.98989999999999,1.596249828049));
#4916=CARTESIAN_POINT('Ctrl Pts',(-8.284572164567,-6.00214000000001,1.596249828049));
#4917=CARTESIAN_POINT('Ctrl Pts',(-8.30123826623821,-5.98989999999999,1.651225980807));
#4918=CARTESIAN_POINT('Ctrl Pts',(-8.30123826623821,-6.00214000000001,1.651225980807));
#4919=CARTESIAN_POINT('Ctrl Pts',(-8.30709812745364,-5.98989999999999,1.69572921594999));
#4920=CARTESIAN_POINT('Ctrl Pts',(-8.30709812745364,-6.00214000000001,1.69572921594999));
#4921=CARTESIAN_POINT('Ctrl Pts',(-8.315705757944,-5.98989999999999,1.725962959351));
#4922=CARTESIAN_POINT('Ctrl Pts',(-8.315705757944,-6.00214000000001,1.725962959351));
#4923=CARTESIAN_POINT('',(-7.726277626858,-5.99,2.031787833118));
#4924=CARTESIAN_POINT('',(-7.726277626858,-6.,2.031787833118));
#4925=CARTESIAN_POINT('',(-8.304055404636,-5.99,1.674477891597));
#4926=CARTESIAN_POINT('Ctrl Pts',(-8.304055404636,-5.99,1.674477891597));
#4927=CARTESIAN_POINT('Ctrl Pts',(-8.301373032471,-5.99,1.660907138235));
#4928=CARTESIAN_POINT('Ctrl Pts',(-8.296126614452,-5.99,1.634364272233));
#4929=CARTESIAN_POINT('Ctrl Pts',(-8.284572164567,-5.99,1.596249828049));
#4930=CARTESIAN_POINT('Ctrl Pts',(-8.271380864883,-5.99,1.560376449882));
#4931=CARTESIAN_POINT('Ctrl Pts',(-8.254979540436,-5.99,1.527361752483));
#4932=CARTESIAN_POINT('Ctrl Pts',(-8.23718668343,-5.99,1.496291588738));
#4933=CARTESIAN_POINT('Ctrl Pts',(-8.216151278857,-5.99,1.468178733327));
#4934=CARTESIAN_POINT('Ctrl Pts',(-8.193020671554,-5.99,1.442385802884));
#4935=CARTESIAN_POINT('Ctrl Pts',(-8.167580135592,-5.99,1.419263336666));
#4936=CARTESIAN_POINT('Ctrl Pts',(-8.140410684529,-5.99,1.398889227946));
#4937=CARTESIAN_POINT('Ctrl Pts',(-8.111922232749,-5.99,1.381002310884));
#4938=CARTESIAN_POINT('Ctrl Pts',(-8.0824010627,-5.99,1.365328184193));
#4939=CARTESIAN_POINT('Ctrl Pts',(-8.051357268744,-5.99,1.352866659046));
#4940=CARTESIAN_POINT('Ctrl Pts',(-8.019342204247,-5.99,1.342437793171));
#4941=CARTESIAN_POINT('Ctrl Pts',(-7.985989910411,-5.99,1.335394670922));
#4942=CARTESIAN_POINT('Ctrl Pts',(-7.951599827247,-5.99,1.330113293083));
#4943=CARTESIAN_POINT('Ctrl Pts',(-7.916274242811,-5.99,1.328007487503));
#4944=CARTESIAN_POINT('Ctrl Pts',(-7.880856872891,-5.99,1.328408761859));
#4945=CARTESIAN_POINT('Ctrl Pts',(-7.84601318863,-5.99,1.332175224827));
#4946=CARTESIAN_POINT('Ctrl Pts',(-7.812187705559,-5.99,1.338608735378));
#4947=CARTESIAN_POINT('Ctrl Pts',(-7.779261688613,-5.99,1.347923054057));
#4948=CARTESIAN_POINT('Ctrl Pts',(-7.747309825408,-5.99,1.360387710475));
#4949=CARTESIAN_POINT('Ctrl Pts',(-7.716355236656,-5.99,1.375931313725));
#4950=CARTESIAN_POINT('Ctrl Pts',(-7.68627683554,-5.99,1.394356690569));
#4951=CARTESIAN_POINT('Ctrl Pts',(-7.657616209821,-5.99,1.415625007729));
#4952=CARTESIAN_POINT('Ctrl Pts',(-7.630564684395,-5.99,1.438970096253));
#4953=CARTESIAN_POINT('Ctrl Pts',(-7.606719645757,-5.99,1.464793357413));
#4954=CARTESIAN_POINT('Ctrl Pts',(-7.585212284055,-5.99,1.491994394942));
#4955=CARTESIAN_POINT('Ctrl Pts',(-7.567001529218,-5.99,1.521174670495));
#4956=CARTESIAN_POINT('Ctrl Pts',(-7.551934483419,-5.99,1.552274716622));
#4957=CARTESIAN_POINT('Ctrl Pts',(-7.539887723425,-5.99,1.585022868639));
#4958=CARTESIAN_POINT('Ctrl Pts',(-7.530467175138,-5.99,1.619479496104));
#4959=CARTESIAN_POINT('Ctrl Pts',(-7.524596587043,-5.99,1.6552657326));
#4960=CARTESIAN_POINT('Ctrl Pts',(-7.520924328715,-5.99,1.690914534963));
#4961=CARTESIAN_POINT('Ctrl Pts',(-7.519834246,-5.99,1.725439469582));
#4962=CARTESIAN_POINT('Ctrl Pts',(-7.520767501495,-5.99,1.75811190683));
#4963=CARTESIAN_POINT('Ctrl Pts',(-7.524493979885,-5.99,1.788990599652));
#4964=CARTESIAN_POINT('Ctrl Pts',(-7.530365238589,-5.99,1.81810772782));
#4965=CARTESIAN_POINT('Ctrl Pts',(-7.538490408971,-5.99,1.845595877094));
#4966=CARTESIAN_POINT('Ctrl Pts',(-7.549118663321,-5.99,1.871353588992));
#4967=CARTESIAN_POINT('Ctrl Pts',(-7.566972455787,-5.99,1.902691476674));
#4968=CARTESIAN_POINT('Ctrl Pts',(-7.593392619282,-5.99,1.938625558558));
#4969=CARTESIAN_POINT('Ctrl Pts',(-7.631567300851,-5.99,1.976168524534));
#4970=CARTESIAN_POINT('Ctrl Pts',(-7.676036480498,-5.99,2.008009644179));
#4971=CARTESIAN_POINT('Ctrl Pts',(-7.709291182376,-5.99,2.023748468661));
#4972=CARTESIAN_POINT('Ctrl Pts',(-7.726277626858,-5.99,2.031787833118));
#4973=CARTESIAN_POINT('',(-8.304055404636,-5.99,1.674477891597));
#4974=CARTESIAN_POINT('Origin',(-8.304055404636,-5.99,1.674477891597));
#4975=CARTESIAN_POINT('',(-8.167213299373,-5.99,1.697284909141));
#4976=CARTESIAN_POINT('',(-8.167213299373,-5.99,1.697284909141));
#4977=CARTESIAN_POINT('',(-8.167213299373,-6.,1.697284909141));
#4978=CARTESIAN_POINT('Ctrl Pts',(-8.185613693665,-5.98989999999997,1.74674618738));
#4979=CARTESIAN_POINT('Ctrl Pts',(-8.185613693665,-6.00214000000026,1.74674618738));
#4980=CARTESIAN_POINT('Ctrl Pts',(-8.17171430513178,-5.98989999999997,1.71528536510859));
#4981=CARTESIAN_POINT('Ctrl Pts',(-8.17171430513178,-6.00214000000026,1.71528536510859));
#4982=CARTESIAN_POINT('Ctrl Pts',(-8.15949214733146,-5.98989999999997,1.66564976070402));
#4983=CARTESIAN_POINT('Ctrl Pts',(-8.15949214733146,-6.00214000000026,1.66564976070402));
#4984=CARTESIAN_POINT('Ctrl Pts',(-8.128332323348,-5.98989999999997,1.606791392197));
#4985=CARTESIAN_POINT('Ctrl Pts',(-8.128332323348,-6.00214000000026,1.606791392197));
#4986=CARTESIAN_POINT('Ctrl Pts',(-8.100970315435,-5.98989999999997,1.567774842349));
#4987=CARTESIAN_POINT('Ctrl Pts',(-8.100970315435,-6.00214000000026,1.567774842349));
#4988=CARTESIAN_POINT('Ctrl Pts',(-8.074719540944,-5.98989999999997,1.538556208321));
#4989=CARTESIAN_POINT('Ctrl Pts',(-8.074719540944,-6.00214000000026,1.538556208321));
#4990=CARTESIAN_POINT('Ctrl Pts',(-8.050991669006,-5.98989999999997,1.518603473599));
#4991=CARTESIAN_POINT('Ctrl Pts',(-8.050991669006,-6.00214000000026,1.518603473599));
#4992=CARTESIAN_POINT('Ctrl Pts',(-8.032276941027,-5.98989999999997,1.505546932983));
#4993=CARTESIAN_POINT('Ctrl Pts',(-8.032276941027,-6.00214000000026,1.505546932983));
#4994=CARTESIAN_POINT('Ctrl Pts',(-8.012608608129,-5.98989999999997,1.494346005878));
#4995=CARTESIAN_POINT('Ctrl Pts',(-8.012608608129,-6.00214000000026,1.494346005878));
#4996=CARTESIAN_POINT('Ctrl Pts',(-7.991432269984,-5.98989999999997,1.48612794448));
#4997=CARTESIAN_POINT('Ctrl Pts',(-7.991432269984,-6.00214000000026,1.48612794448));
#4998=CARTESIAN_POINT('Ctrl Pts',(-7.969528614329,-5.98989999999997,1.479056115633));
#4999=CARTESIAN_POINT('Ctrl Pts',(-7.969528614329,-6.00214000000026,1.479056115633));
#5000=CARTESIAN_POINT('Ctrl Pts',(-7.946306644961,-5.98989999999997,1.47508666347));
#5001=CARTESIAN_POINT('Ctrl Pts',(-7.946306644961,-6.00214000000026,1.47508666347));
#5002=CARTESIAN_POINT('Ctrl Pts',(-7.922212928947,-5.98989999999997,1.472818774677));
#5003=CARTESIAN_POINT('Ctrl Pts',(-7.922212928947,-6.00214000000026,1.472818774677));
#5004=CARTESIAN_POINT('Ctrl Pts',(-7.897421872803,-5.98989999999997,1.472428697607));
#5005=CARTESIAN_POINT('Ctrl Pts',(-7.897421872803,-6.00214000000026,1.472428697607));
#5006=CARTESIAN_POINT('Ctrl Pts',(-7.872713037752,-5.98989999999997,1.474687579594));
#5007=CARTESIAN_POINT('Ctrl Pts',(-7.872713037752,-6.00214000000026,1.474687579594));
#5008=CARTESIAN_POINT('Ctrl Pts',(-7.848850476496,-5.98989999999997,1.479203398486));
#5009=CARTESIAN_POINT('Ctrl Pts',(-7.848850476496,-6.00214000000026,1.479203398486));
#5010=CARTESIAN_POINT('Ctrl Pts',(-7.826211855247,-5.98989999999997,1.485879007146));
#5011=CARTESIAN_POINT('Ctrl Pts',(-7.826211855247,-6.00214000000026,1.485879007146));
#5012=CARTESIAN_POINT('Ctrl Pts',(-7.804891652401,-5.98989999999997,1.495201734308));
#5013=CARTESIAN_POINT('Ctrl Pts',(-7.804891652401,-6.00214000000026,1.495201734308));
#5014=CARTESIAN_POINT('Ctrl Pts',(-7.785190922906,-5.98989999999997,1.507282073565));
#5015=CARTESIAN_POINT('Ctrl Pts',(-7.785190922906,-6.00214000000026,1.507282073565));
#5016=CARTESIAN_POINT('Ctrl Pts',(-7.766350788374,-5.98989999999997,1.521019825851));
#5017=CARTESIAN_POINT('Ctrl Pts',(-7.766350788374,-6.00214000000026,1.521019825851));
#5018=CARTESIAN_POINT('Ctrl Pts',(-7.749095470482,-5.98989999999997,1.537535134321));
#5019=CARTESIAN_POINT('Ctrl Pts',(-7.749095470482,-6.00214000000026,1.537535134321));
#5020=CARTESIAN_POINT('Ctrl Pts',(-7.733590055551,-5.98989999999997,1.55632292217));
#5021=CARTESIAN_POINT('Ctrl Pts',(-7.733590055551,-6.00214000000026,1.55632292217));
#5022=CARTESIAN_POINT('Ctrl Pts',(-7.719566485478,-5.98989999999997,1.576490104643));
#5023=CARTESIAN_POINT('Ctrl Pts',(-7.719566485478,-6.00214000000026,1.576490104643));
#5024=CARTESIAN_POINT('Ctrl Pts',(-7.70744705916,-5.98989999999997,1.597563205743));
#5025=CARTESIAN_POINT('Ctrl Pts',(-7.70744705916,-6.00214000000026,1.597563205743));
#5026=CARTESIAN_POINT('Ctrl Pts',(-7.697435544145,-5.98989999999997,1.619401027304));
#5027=CARTESIAN_POINT('Ctrl Pts',(-7.697435544145,-6.00214000000026,1.619401027304));
#5028=CARTESIAN_POINT('Ctrl Pts',(-7.689956008343,-5.98989999999997,1.642012311969));
#5029=CARTESIAN_POINT('Ctrl Pts',(-7.689956008343,-6.00214000000026,1.642012311969));
#5030=CARTESIAN_POINT('Ctrl Pts',(-7.684138790848,-5.98989999999997,1.665234394177));
#5031=CARTESIAN_POINT('Ctrl Pts',(-7.684138790848,-6.00214000000026,1.665234394177));
#5032=CARTESIAN_POINT('Ctrl Pts',(-7.68092849668,-5.98989999999997,1.689213926929));
#5033=CARTESIAN_POINT('Ctrl Pts',(-7.68092849668,-6.00214000000026,1.689213926929));
#5034=CARTESIAN_POINT('Ctrl Pts',(-7.67938911329,-5.98989999999997,1.71388424632));
#5035=CARTESIAN_POINT('Ctrl Pts',(-7.67938911329,-6.00214000000026,1.71388424632));
#5036=CARTESIAN_POINT('Ctrl Pts',(-7.680397129504,-5.98989999999997,1.738929396665));
#5037=CARTESIAN_POINT('Ctrl Pts',(-7.680397129504,-6.00214000000026,1.738929396665));
#5038=CARTESIAN_POINT('Ctrl Pts',(-7.682947241155,-5.98989999999997,1.76365880726));
#5039=CARTESIAN_POINT('Ctrl Pts',(-7.682947241155,-6.00214000000026,1.76365880726));
#5040=CARTESIAN_POINT('Ctrl Pts',(-7.688156690344,-5.98989999999997,1.787295592101));
#5041=CARTESIAN_POINT('Ctrl Pts',(-7.688156690344,-6.00214000000026,1.787295592101));
#5042=CARTESIAN_POINT('Ctrl Pts',(-7.695164422486,-5.98989999999997,1.809422823328));
#5043=CARTESIAN_POINT('Ctrl Pts',(-7.695164422486,-6.00214000000026,1.809422823328));
#5044=CARTESIAN_POINT('Ctrl Pts',(-7.703862828392,-5.98989999999997,1.830456557499));
#5045=CARTESIAN_POINT('Ctrl Pts',(-7.703862828392,-6.00214000000026,1.830456557499));
#5046=CARTESIAN_POINT('Ctrl Pts',(-7.715195640076,-5.98989999999997,1.849673169376));
#5047=CARTESIAN_POINT('Ctrl Pts',(-7.715195640076,-6.00214000000026,1.849673169376));
#5048=CARTESIAN_POINT('Ctrl Pts',(-7.728244210979,-5.98989999999997,1.867647374923));
#5049=CARTESIAN_POINT('Ctrl Pts',(-7.728244210979,-6.00214000000026,1.867647374923));
#5050=CARTESIAN_POINT('Ctrl Pts',(-7.743287140959,-5.98989999999997,1.884158845995));
#5051=CARTESIAN_POINT('Ctrl Pts',(-7.743287140959,-6.00214000000026,1.884158845995));
#5052=CARTESIAN_POINT('Ctrl Pts',(-7.76069061709,-5.98989999999997,1.899114742386));
#5053=CARTESIAN_POINT('Ctrl Pts',(-7.76069061709,-6.00214000000026,1.899114742386));
#5054=CARTESIAN_POINT('Ctrl Pts',(-7.780277403412,-5.98989999999997,1.912997759498));
#5055=CARTESIAN_POINT('Ctrl Pts',(-7.780277403412,-6.00214000000026,1.912997759498));
#5056=CARTESIAN_POINT('Ctrl Pts',(-7.802480603413,-5.98989999999997,1.925817899196));
#5057=CARTESIAN_POINT('Ctrl Pts',(-7.802480603413,-6.00214000000026,1.925817899196));
#5058=CARTESIAN_POINT('Ctrl Pts',(-7.827611733373,-5.98989999999997,1.937078490637));
#5059=CARTESIAN_POINT('Ctrl Pts',(-7.827611733373,-6.00214000000026,1.937078490637));
#5060=CARTESIAN_POINT('Ctrl Pts',(-7.855139689957,-5.98989999999997,1.947933662866));
#5061=CARTESIAN_POINT('Ctrl Pts',(-7.855139689957,-6.00214000000026,1.947933662866));
#5062=CARTESIAN_POINT('Ctrl Pts',(-7.885627313793,-5.98989999999997,1.95707901205));
#5063=CARTESIAN_POINT('Ctrl Pts',(-7.885627313793,-6.00214000000026,1.95707901205));
#5064=CARTESIAN_POINT('Ctrl Pts',(-7.918681953157,-5.98989999999997,1.965491726804));
#5065=CARTESIAN_POINT('Ctrl Pts',(-7.918681953157,-6.00214000000026,1.965491726804));
#5066=CARTESIAN_POINT('Ctrl Pts',(-7.97183160287784,-5.98989999999997,1.97638845861602));
#5067=CARTESIAN_POINT('Ctrl Pts',(-7.97183160287784,-6.00214000000026,1.97638845861602));
#5068=CARTESIAN_POINT('Ctrl Pts',(-8.01441257130087,-5.98989999999997,1.98126385471933));
#5069=CARTESIAN_POINT('Ctrl Pts',(-8.01441257130087,-6.00214000000026,1.98126385471933));
#5070=CARTESIAN_POINT('Ctrl Pts',(-8.044450706778,-5.98989999999997,1.987333191538));
#5071=CARTESIAN_POINT('Ctrl Pts',(-8.044450706778,-6.00214000000026,1.987333191538));
#5072=CARTESIAN_POINT('',(-7.992359498203,-5.99,1.978571458849));
#5073=CARTESIAN_POINT('Ctrl Pts',(-7.992359498203,-5.99,1.978571458849));
#5074=CARTESIAN_POINT('Ctrl Pts',(-7.979481717668,-5.99,1.976621593369));
#5075=CARTESIAN_POINT('Ctrl Pts',(-7.954572678232,-5.99,1.972850036929));
#5076=CARTESIAN_POINT('Ctrl Pts',(-7.918681953157,-5.99,1.965491726804));
#5077=CARTESIAN_POINT('Ctrl Pts',(-7.885627313793,-5.99,1.95707901205));
#5078=CARTESIAN_POINT('Ctrl Pts',(-7.855139689957,-5.99,1.947933662866));
#5079=CARTESIAN_POINT('Ctrl Pts',(-7.827611733373,-5.99,1.937078490637));
#5080=CARTESIAN_POINT('Ctrl Pts',(-7.802480603413,-5.99,1.925817899196));
#5081=CARTESIAN_POINT('Ctrl Pts',(-7.780277403412,-5.99,1.912997759498));
#5082=CARTESIAN_POINT('Ctrl Pts',(-7.76069061709,-5.99,1.899114742386));
#5083=CARTESIAN_POINT('Ctrl Pts',(-7.743287140959,-5.99,1.884158845995));
#5084=CARTESIAN_POINT('Ctrl Pts',(-7.728244210979,-5.99,1.867647374923));
#5085=CARTESIAN_POINT('Ctrl Pts',(-7.715195640076,-5.99,1.849673169376));
#5086=CARTESIAN_POINT('Ctrl Pts',(-7.703862828392,-5.99,1.830456557499));
#5087=CARTESIAN_POINT('Ctrl Pts',(-7.695164422486,-5.99,1.809422823328));
#5088=CARTESIAN_POINT('Ctrl Pts',(-7.688156690344,-5.99,1.787295592101));
#5089=CARTESIAN_POINT('Ctrl Pts',(-7.682947241155,-5.99,1.76365880726));
#5090=CARTESIAN_POINT('Ctrl Pts',(-7.680397129504,-5.99,1.738929396665));
#5091=CARTESIAN_POINT('Ctrl Pts',(-7.67938911329,-5.99,1.71388424632));
#5092=CARTESIAN_POINT('Ctrl Pts',(-7.68092849668,-5.99,1.689213926929));
#5093=CARTESIAN_POINT('Ctrl Pts',(-7.684138790848,-5.99,1.665234394177));
#5094=CARTESIAN_POINT('Ctrl Pts',(-7.689956008343,-5.99,1.642012311969));
#5095=CARTESIAN_POINT('Ctrl Pts',(-7.697435544145,-5.99,1.619401027304));
#5096=CARTESIAN_POINT('Ctrl Pts',(-7.70744705916,-5.99,1.597563205743));
#5097=CARTESIAN_POINT('Ctrl Pts',(-7.719566485478,-5.99,1.576490104643));
#5098=CARTESIAN_POINT('Ctrl Pts',(-7.733590055551,-5.99,1.55632292217));
#5099=CARTESIAN_POINT('Ctrl Pts',(-7.749095470482,-5.99,1.537535134321));
#5100=CARTESIAN_POINT('Ctrl Pts',(-7.766350788374,-5.99,1.521019825851));
#5101=CARTESIAN_POINT('Ctrl Pts',(-7.785190922906,-5.99,1.507282073565));
#5102=CARTESIAN_POINT('Ctrl Pts',(-7.804891652401,-5.99,1.495201734308));
#5103=CARTESIAN_POINT('Ctrl Pts',(-7.826211855247,-5.99,1.485879007146));
#5104=CARTESIAN_POINT('Ctrl Pts',(-7.848850476496,-5.99,1.479203398486));
#5105=CARTESIAN_POINT('Ctrl Pts',(-7.872713037752,-5.99,1.474687579594));
#5106=CARTESIAN_POINT('Ctrl Pts',(-7.897421872803,-5.99,1.472428697607));
#5107=CARTESIAN_POINT('Ctrl Pts',(-7.922212928947,-5.99,1.472818774677));
#5108=CARTESIAN_POINT('Ctrl Pts',(-7.946306644961,-5.99,1.47508666347));
#5109=CARTESIAN_POINT('Ctrl Pts',(-7.969528614329,-5.99,1.479056115633));
#5110=CARTESIAN_POINT('Ctrl Pts',(-7.991432269984,-5.99,1.48612794448));
#5111=CARTESIAN_POINT('Ctrl Pts',(-8.012608608129,-5.99,1.494346005878));
#5112=CARTESIAN_POINT('Ctrl Pts',(-8.032276941027,-5.99,1.505546932983));
#5113=CARTESIAN_POINT('Ctrl Pts',(-8.050991669006,-5.99,1.518603473599));
#5114=CARTESIAN_POINT('Ctrl Pts',(-8.074719540944,-5.99,1.538556208321));
#5115=CARTESIAN_POINT('Ctrl Pts',(-8.100970315435,-5.99,1.567774842349));
#5116=CARTESIAN_POINT('Ctrl Pts',(-8.128332323348,-5.99,1.606791392197));
#5117=CARTESIAN_POINT('Ctrl Pts',(-8.15122463686,-5.99,1.650033107087));
#5118=CARTESIAN_POINT('Ctrl Pts',(-8.16181925912,-5.99,1.681343730691));
#5119=CARTESIAN_POINT('Ctrl Pts',(-8.167213299373,-5.99,1.697284909141));
#5120=CARTESIAN_POINT('',(-7.992359498203,-5.99,1.978571458849));
#5121=CARTESIAN_POINT('Origin',(-7.992359498203,-5.99,1.978571458849));
#5122=CARTESIAN_POINT('',(-7.992359498203,-5.99,2.077401868205));
#5123=CARTESIAN_POINT('',(-7.992359498203,-5.99,2.077401868205));
#5124=CARTESIAN_POINT('',(-7.992359498203,-6.,2.077401868205));
#5125=CARTESIAN_POINT('Ctrl Pts',(-8.044727101749,-5.98989999999987,2.070630456721));
#5126=CARTESIAN_POINT('Ctrl Pts',(-8.044727101749,-6.0021400000001,2.070630456721));
#5127=CARTESIAN_POINT('Ctrl Pts',(-8.01466414347388,-5.98989999999987,2.07617176743179));
#5128=CARTESIAN_POINT('Ctrl Pts',(-8.01466414347388,-6.0021400000001,2.07617176743179));
#5129=CARTESIAN_POINT('Ctrl Pts',(-7.97184883400969,-5.98989999999987,2.07800532109653));
#5130=CARTESIAN_POINT('Ctrl Pts',(-7.97184883400969,-6.0021400000001,2.07800532109653));
#5131=CARTESIAN_POINT('Ctrl Pts',(-7.918693192753,-5.98989999999987,2.088009674438));
#5132=CARTESIAN_POINT('Ctrl Pts',(-7.918693192753,-6.0021400000001,2.088009674438));
#5133=CARTESIAN_POINT('Ctrl Pts',(-7.885500619195,-5.98989999999987,2.095606578752));
#5134=CARTESIAN_POINT('Ctrl Pts',(-7.885500619195,-6.0021400000001,2.095606578752));
#5135=CARTESIAN_POINT('Ctrl Pts',(-7.855102094492,-5.98989999999987,2.105259236804));
#5136=CARTESIAN_POINT('Ctrl Pts',(-7.855102094492,-6.0021400000001,2.105259236804));
#5137=CARTESIAN_POINT('Ctrl Pts',(-7.827396196599,-5.98989999999987,2.116506096621));
#5138=CARTESIAN_POINT('Ctrl Pts',(-7.827396196599,-6.0021400000001,2.116506096621));
#5139=CARTESIAN_POINT('Ctrl Pts',(-7.802272286932,-5.98989999999987,2.129285438695));
#5140=CARTESIAN_POINT('Ctrl Pts',(-7.802272286932,-6.0021400000001,2.129285438695));
#5141=CARTESIAN_POINT('Ctrl Pts',(-7.780039869321,-5.98989999999987,2.144112545578));
#5142=CARTESIAN_POINT('Ctrl Pts',(-7.780039869321,-6.0021400000001,2.144112545578));
#5143=CARTESIAN_POINT('Ctrl Pts',(-7.760536678168,-5.98989999999987,2.160495492841));
#5144=CARTESIAN_POINT('Ctrl Pts',(-7.760536678168,-6.0021400000001,2.160495492841));
#5145=CARTESIAN_POINT('Ctrl Pts',(-7.743481869112,-5.98989999999987,2.178305702307));
#5146=CARTESIAN_POINT('Ctrl Pts',(-7.743481869112,-6.0021400000001,2.178305702307));
#5147=CARTESIAN_POINT('Ctrl Pts',(-7.729091477962,-5.98989999999987,2.197539744594));
#5148=CARTESIAN_POINT('Ctrl Pts',(-7.729091477962,-6.0021400000001,2.197539744594));
#5149=CARTESIAN_POINT('Ctrl Pts',(-7.717092625439,-5.98989999999987,2.217995672153));
#5150=CARTESIAN_POINT('Ctrl Pts',(-7.717092625439,-6.0021400000001,2.217995672153));
#5151=CARTESIAN_POINT('Ctrl Pts',(-7.707724443698,-5.98989999999987,2.239849609313));
#5152=CARTESIAN_POINT('Ctrl Pts',(-7.707724443698,-6.0021400000001,2.239849609313));
#5153=CARTESIAN_POINT('Ctrl Pts',(-7.701118540669,-5.98989999999987,2.263058203782));
#5154=CARTESIAN_POINT('Ctrl Pts',(-7.701118540669,-6.0021400000001,2.263058203782));
#5155=CARTESIAN_POINT('Ctrl Pts',(-7.696377974196,-5.98989999999987,2.287445476679));
#5156=CARTESIAN_POINT('Ctrl Pts',(-7.696377974196,-6.0021400000001,2.287445476679));
#5157=CARTESIAN_POINT('Ctrl Pts',(-7.694978835162,-5.98989999999987,2.313153938122));
#5158=CARTESIAN_POINT('Ctrl Pts',(-7.694978835162,-6.0021400000001,2.313153938122));
#5159=CARTESIAN_POINT('Ctrl Pts',(-7.69547382253,-5.98989999999987,2.339616286481));
#5160=CARTESIAN_POINT('Ctrl Pts',(-7.69547382253,-6.0021400000001,2.339616286481));
#5161=CARTESIAN_POINT('Ctrl Pts',(-7.698305643802,-5.98989999999987,2.365819236335));
#5162=CARTESIAN_POINT('Ctrl Pts',(-7.698305643802,-6.0021400000001,2.365819236335));
#5163=CARTESIAN_POINT('Ctrl Pts',(-7.704335830088,-5.98989999999987,2.390650970132));
#5164=CARTESIAN_POINT('Ctrl Pts',(-7.704335830088,-6.0021400000001,2.390650970132));
#5165=CARTESIAN_POINT('Ctrl Pts',(-7.712825667391,-5.98989999999987,2.413613934833));
#5166=CARTESIAN_POINT('Ctrl Pts',(-7.712825667391,-6.0021400000001,2.413613934833));
#5167=CARTESIAN_POINT('Ctrl Pts',(-7.723661595651,-5.98989999999987,2.434944285087));
#5168=CARTESIAN_POINT('Ctrl Pts',(-7.723661595651,-6.0021400000001,2.434944285087));
#5169=CARTESIAN_POINT('Ctrl Pts',(-7.737825392871,-5.98989999999987,2.453959978633));
#5170=CARTESIAN_POINT('Ctrl Pts',(-7.737825392871,-6.0021400000001,2.453959978633));
#5171=CARTESIAN_POINT('Ctrl Pts',(-7.754186623293,-5.98989999999987,2.471277858046));
#5172=CARTESIAN_POINT('Ctrl Pts',(-7.754186623293,-6.0021400000001,2.471277858046));
#5173=CARTESIAN_POINT('Ctrl Pts',(-7.773261383921,-5.98989999999987,2.48655563018));
#5174=CARTESIAN_POINT('Ctrl Pts',(-7.773261383921,-6.0021400000001,2.48655563018));
#5175=CARTESIAN_POINT('Ctrl Pts',(-7.79459587343,-5.98989999999987,2.499677061555));
#5176=CARTESIAN_POINT('Ctrl Pts',(-7.79459587343,-6.0021400000001,2.499677061555));
#5177=CARTESIAN_POINT('Ctrl Pts',(-7.817429940145,-5.98989999999987,2.510393663566));
#5178=CARTESIAN_POINT('Ctrl Pts',(-7.817429940145,-6.0021400000001,2.510393663566));
#5179=CARTESIAN_POINT('Ctrl Pts',(-7.840798819789,-5.98989999999987,2.519119320237));
#5180=CARTESIAN_POINT('Ctrl Pts',(-7.840798819789,-6.0021400000001,2.519119320237));
#5181=CARTESIAN_POINT('Ctrl Pts',(-7.864700959275,-5.98989999999987,2.524353600512));
#5182=CARTESIAN_POINT('Ctrl Pts',(-7.864700959275,-6.0021400000001,2.524353600512));
#5183=CARTESIAN_POINT('Ctrl Pts',(-7.88884109466,-5.98989999999987,2.527194004157));
#5184=CARTESIAN_POINT('Ctrl Pts',(-7.88884109466,-6.0021400000001,2.527194004157));
#5185=CARTESIAN_POINT('Ctrl Pts',(-7.913417234026,-5.98989999999987,2.527637811036));
#5186=CARTESIAN_POINT('Ctrl Pts',(-7.913417234026,-6.0021400000001,2.527637811036));
#5187=CARTESIAN_POINT('Ctrl Pts',(-7.93830849209,-5.98989999999987,2.524572788791));
#5188=CARTESIAN_POINT('Ctrl Pts',(-7.93830849209,-6.0021400000001,2.524572788791));
#5189=CARTESIAN_POINT('Ctrl Pts',(-7.963591400255,-5.98989999999987,2.519203627452));
#5190=CARTESIAN_POINT('Ctrl Pts',(-7.963591400255,-6.0021400000001,2.519203627452));
#5191=CARTESIAN_POINT('Ctrl Pts',(-7.989092973519,-5.98989999999987,2.511146256051));
#5192=CARTESIAN_POINT('Ctrl Pts',(-7.989092973519,-6.0021400000001,2.511146256051));
#5193=CARTESIAN_POINT('Ctrl Pts',(-8.014463148809,-5.98989999999987,2.49977931016));
#5194=CARTESIAN_POINT('Ctrl Pts',(-8.014463148809,-6.0021400000001,2.49977931016));
#5195=CARTESIAN_POINT('Ctrl Pts',(-8.038256284278,-5.98989999999987,2.483363877347));
#5196=CARTESIAN_POINT('Ctrl Pts',(-8.038256284278,-6.0021400000001,2.483363877347));
#5197=CARTESIAN_POINT('Ctrl Pts',(-8.06050615018,-5.98989999999987,2.462756590444));
#5198=CARTESIAN_POINT('Ctrl Pts',(-8.06050615018,-6.0021400000001,2.462756590444));
#5199=CARTESIAN_POINT('Ctrl Pts',(-8.081980603214,-5.98989999999987,2.438342897833));
#5200=CARTESIAN_POINT('Ctrl Pts',(-8.081980603214,-6.0021400000001,2.438342897833));
#5201=CARTESIAN_POINT('Ctrl Pts',(-8.101327282579,-5.98989999999987,2.409079785986));
#5202=CARTESIAN_POINT('Ctrl Pts',(-8.101327282579,-6.0021400000001,2.409079785986));
#5203=CARTESIAN_POINT('Ctrl Pts',(-8.120020465937,-5.98989999999987,2.376036962362));
#5204=CARTESIAN_POINT('Ctrl Pts',(-8.120020465937,-6.0021400000001,2.376036962362));
#5205=CARTESIAN_POINT('Ctrl Pts',(-8.14464982397269,-5.98989999999987,2.32264000941194));
#5206=CARTESIAN_POINT('Ctrl Pts',(-8.14464982397269,-6.0021400000001,2.32264000941194));
#5207=CARTESIAN_POINT('Ctrl Pts',(-8.15806912396598,-5.98989999999987,2.27837858485774));
#5208=CARTESIAN_POINT('Ctrl Pts',(-8.15806912396598,-6.0021400000001,2.27837858485774));
#5209=CARTESIAN_POINT('Ctrl Pts',(-8.17099450515,-5.98989999999987,2.248588691454));
#5210=CARTESIAN_POINT('Ctrl Pts',(-8.17099450515,-6.0021400000001,2.248588691454));
#5211=CARTESIAN_POINT('',(-8.15200862101,-5.99,2.297869704463));
#5212=CARTESIAN_POINT('Ctrl Pts',(-8.15200862101,-5.99,2.297869704463));
#5213=CARTESIAN_POINT('Ctrl Pts',(-8.146957494937,-5.99,2.311841021491));
#5214=CARTESIAN_POINT('Ctrl Pts',(-8.137264692131,-5.99,2.338651126588));
#5215=CARTESIAN_POINT('Ctrl Pts',(-8.120020465937,-5.99,2.376036962362));
#5216=CARTESIAN_POINT('Ctrl Pts',(-8.101327282579,-5.99,2.409079785986));
#5217=CARTESIAN_POINT('Ctrl Pts',(-8.081980603214,-5.99,2.438342897833));
#5218=CARTESIAN_POINT('Ctrl Pts',(-8.06050615018,-5.99,2.462756590444));
#5219=CARTESIAN_POINT('Ctrl Pts',(-8.038256284278,-5.99,2.483363877347));
#5220=CARTESIAN_POINT('Ctrl Pts',(-8.014463148809,-5.99,2.49977931016));
#5221=CARTESIAN_POINT('Ctrl Pts',(-7.989092973519,-5.99,2.511146256051));
#5222=CARTESIAN_POINT('Ctrl Pts',(-7.963591400255,-5.99,2.519203627452));
#5223=CARTESIAN_POINT('Ctrl Pts',(-7.93830849209,-5.99,2.524572788791));
#5224=CARTESIAN_POINT('Ctrl Pts',(-7.913417234026,-5.99,2.527637811036));
#5225=CARTESIAN_POINT('Ctrl Pts',(-7.88884109466,-5.99,2.527194004157));
#5226=CARTESIAN_POINT('Ctrl Pts',(-7.864700959275,-5.99,2.524353600512));
#5227=CARTESIAN_POINT('Ctrl Pts',(-7.840798819789,-5.99,2.519119320237));
#5228=CARTESIAN_POINT('Ctrl Pts',(-7.817429940145,-5.99,2.510393663566));
#5229=CARTESIAN_POINT('Ctrl Pts',(-7.79459587343,-5.99,2.499677061555));
#5230=CARTESIAN_POINT('Ctrl Pts',(-7.773261383921,-5.99,2.48655563018));
#5231=CARTESIAN_POINT('Ctrl Pts',(-7.754186623293,-5.99,2.471277858046));
#5232=CARTESIAN_POINT('Ctrl Pts',(-7.737825392871,-5.99,2.453959978633));
#5233=CARTESIAN_POINT('Ctrl Pts',(-7.723661595651,-5.99,2.434944285087));
#5234=CARTESIAN_POINT('Ctrl Pts',(-7.712825667391,-5.99,2.413613934833));
#5235=CARTESIAN_POINT('Ctrl Pts',(-7.704335830088,-5.99,2.390650970132));
#5236=CARTESIAN_POINT('Ctrl Pts',(-7.698305643802,-5.99,2.365819236335));
#5237=CARTESIAN_POINT('Ctrl Pts',(-7.69547382253,-5.99,2.339616286481));
#5238=CARTESIAN_POINT('Ctrl Pts',(-7.694978835162,-5.99,2.313153938122));
#5239=CARTESIAN_POINT('Ctrl Pts',(-7.696377974196,-5.99,2.287445476679));
#5240=CARTESIAN_POINT('Ctrl Pts',(-7.701118540669,-5.99,2.263058203782));
#5241=CARTESIAN_POINT('Ctrl Pts',(-7.707724443698,-5.99,2.239849609313));
#5242=CARTESIAN_POINT('Ctrl Pts',(-7.717092625439,-5.99,2.217995672153));
#5243=CARTESIAN_POINT('Ctrl Pts',(-7.729091477962,-5.99,2.197539744594));
#5244=CARTESIAN_POINT('Ctrl Pts',(-7.743481869112,-5.99,2.178305702307));
#5245=CARTESIAN_POINT('Ctrl Pts',(-7.760536678168,-5.99,2.160495492841));
#5246=CARTESIAN_POINT('Ctrl Pts',(-7.780039869321,-5.99,2.144112545578));
#5247=CARTESIAN_POINT('Ctrl Pts',(-7.802272286932,-5.99,2.129285438695));
#5248=CARTESIAN_POINT('Ctrl Pts',(-7.827396196599,-5.99,2.116506096621));
#5249=CARTESIAN_POINT('Ctrl Pts',(-7.855102094492,-5.99,2.105259236804));
#5250=CARTESIAN_POINT('Ctrl Pts',(-7.885500619195,-5.99,2.095606578752));
#5251=CARTESIAN_POINT('Ctrl Pts',(-7.918693192753,-5.99,2.088009674438));
#5252=CARTESIAN_POINT('Ctrl Pts',(-7.954534117837,-5.99,2.081264101057));
#5253=CARTESIAN_POINT('Ctrl Pts',(-7.979474995602,-5.99,2.078717465002));
#5254=CARTESIAN_POINT('Ctrl Pts',(-7.992359498203,-5.99,2.077401868205));
#5255=CARTESIAN_POINT('',(-8.15200862101,-5.99,2.297869704463));
#5256=CARTESIAN_POINT('Origin',(-8.15200862101,-5.99,2.297869704463));
#5257=CARTESIAN_POINT('',(-8.288850726274,-5.99,2.320676722006));
#5258=CARTESIAN_POINT('',(-8.288850726274,-5.99,2.320676722006));
#5259=CARTESIAN_POINT('',(-8.288850726274,-6.,2.320676722006));
#5260=CARTESIAN_POINT('Ctrl Pts',(-8.307325476206,-5.98989999999997,2.271196803668));
#5261=CARTESIAN_POINT('Ctrl Pts',(-8.307325476206,-6.00214000000001,2.271196803668));
#5262=CARTESIAN_POINT('Ctrl Pts',(-8.29223207798735,-5.98989999999997,2.30932544821808));
#5263=CARTESIAN_POINT('Ctrl Pts',(-8.29223207798735,-6.00214000000001,2.30932544821808));
#5264=CARTESIAN_POINT('Ctrl Pts',(-8.27298231806353,-5.98989999999997,2.36970741532548));
#5265=CARTESIAN_POINT('Ctrl Pts',(-8.27298231806353,-6.00214000000001,2.36970741532548));
#5266=CARTESIAN_POINT('Ctrl Pts',(-8.236283859322,-5.98989999999997,2.445935470688));
#5267=CARTESIAN_POINT('Ctrl Pts',(-8.236283859322,-6.00214000000001,2.445935470688));
#5268=CARTESIAN_POINT('Ctrl Pts',(-8.202573807559,-5.98989999999997,2.500308717688));
#5269=CARTESIAN_POINT('Ctrl Pts',(-8.202573807559,-6.00214000000001,2.500308717688));
#5270=CARTESIAN_POINT('Ctrl Pts',(-8.170972379031,-5.98989999999997,2.541346024675));
#5271=CARTESIAN_POINT('Ctrl Pts',(-8.170972379031,-6.00214000000001,2.541346024675));
#5272=CARTESIAN_POINT('Ctrl Pts',(-8.143215752814,-5.98989999999997,2.57081786754));
#5273=CARTESIAN_POINT('Ctrl Pts',(-8.143215752814,-6.00214000000001,2.57081786754));
#5274=CARTESIAN_POINT('Ctrl Pts',(-8.120198095694,-5.98989999999997,2.589815922833));
#5275=CARTESIAN_POINT('Ctrl Pts',(-8.120198095694,-6.00214000000001,2.589815922833));
#5276=CARTESIAN_POINT('Ctrl Pts',(-8.095798183705,-5.98989999999997,2.607082804481));
#5277=CARTESIAN_POINT('Ctrl Pts',(-8.095798183705,-6.00214000000001,2.607082804481));
#5278=CARTESIAN_POINT('Ctrl Pts',(-8.069378038036,-5.98989999999997,2.621529344773));
#5279=CARTESIAN_POINT('Ctrl Pts',(-8.069378038036,-6.00214000000001,2.621529344773));
#5280=CARTESIAN_POINT('Ctrl Pts',(-8.041251012358,-5.98989999999997,2.633850578871));
#5281=CARTESIAN_POINT('Ctrl Pts',(-8.041251012358,-6.00214000000001,2.633850578871));
#5282=CARTESIAN_POINT('Ctrl Pts',(-8.011278186675,-5.98989999999997,2.643276306209));
#5283=CARTESIAN_POINT('Ctrl Pts',(-8.011278186675,-6.00214000000001,2.643276306209));
#5284=CARTESIAN_POINT('Ctrl Pts',(-7.979648043649,-5.98989999999997,2.650610067101));
#5285=CARTESIAN_POINT('Ctrl Pts',(-7.979648043649,-6.00214000000001,2.650610067101));
#5286=CARTESIAN_POINT('Ctrl Pts',(-7.94668900054,-5.98989999999997,2.655586316162));
#5287=CARTESIAN_POINT('Ctrl Pts',(-7.94668900054,-6.00214000000001,2.655586316162));
#5288=CARTESIAN_POINT('Ctrl Pts',(-7.913478421244,-5.98989999999997,2.65822309779));
#5289=CARTESIAN_POINT('Ctrl Pts',(-7.913478421244,-6.00214000000001,2.65822309779));
#5290=CARTESIAN_POINT('Ctrl Pts',(-7.880845892686,-5.98989999999997,2.659294953673));
#5291=CARTESIAN_POINT('Ctrl Pts',(-7.880845892686,-6.00214000000001,2.659294953673));
#5292=CARTESIAN_POINT('Ctrl Pts',(-7.849267471318,-5.98989999999997,2.657652025126));
#5293=CARTESIAN_POINT('Ctrl Pts',(-7.849267471318,-6.00214000000001,2.657652025126));
#5294=CARTESIAN_POINT('Ctrl Pts',(-7.818642343793,-5.98989999999997,2.654857358781));
#5295=CARTESIAN_POINT('Ctrl Pts',(-7.818642343793,-6.00214000000001,2.654857358781));
#5296=CARTESIAN_POINT('Ctrl Pts',(-7.789219467464,-5.98989999999997,2.649339243465));
#5297=CARTESIAN_POINT('Ctrl Pts',(-7.789219467464,-6.00214000000001,2.649339243465));
#5298=CARTESIAN_POINT('Ctrl Pts',(-7.760825030039,-5.98989999999997,2.642115246323));
#5299=CARTESIAN_POINT('Ctrl Pts',(-7.760825030039,-6.00214000000001,2.642115246323));
#5300=CARTESIAN_POINT('Ctrl Pts',(-7.733637048208,-5.98989999999997,2.632393842962));
#5301=CARTESIAN_POINT('Ctrl Pts',(-7.733637048208,-6.00214000000001,2.632393842962));
#5302=CARTESIAN_POINT('Ctrl Pts',(-7.707341016339,-5.98989999999997,2.62129615714));
#5303=CARTESIAN_POINT('Ctrl Pts',(-7.707341016339,-6.00214000000001,2.62129615714));
#5304=CARTESIAN_POINT('Ctrl Pts',(-7.68277056205,-5.98989999999997,2.608023397201));
#5305=CARTESIAN_POINT('Ctrl Pts',(-7.68277056205,-6.00214000000001,2.608023397201));
#5306=CARTESIAN_POINT('Ctrl Pts',(-7.659627566248,-5.98989999999997,2.593487845381));
#5307=CARTESIAN_POINT('Ctrl Pts',(-7.659627566248,-6.00214000000001,2.593487845381));
#5308=CARTESIAN_POINT('Ctrl Pts',(-7.638916676121,-5.98989999999997,2.576611948344));
#5309=CARTESIAN_POINT('Ctrl Pts',(-7.638916676121,-6.00214000000001,2.576611948344));
#5310=CARTESIAN_POINT('Ctrl Pts',(-7.619429088995,-5.98989999999997,2.558772546946));
#5311=CARTESIAN_POINT('Ctrl Pts',(-7.619429088995,-6.00214000000001,2.558772546946));
#5312=CARTESIAN_POINT('Ctrl Pts',(-7.602698967472,-5.98989999999997,2.53848121573));
#5313=CARTESIAN_POINT('Ctrl Pts',(-7.602698967472,-6.00214000000001,2.53848121573));
#5314=CARTESIAN_POINT('Ctrl Pts',(-7.587250178595,-5.98989999999997,2.516961786315));
#5315=CARTESIAN_POINT('Ctrl Pts',(-7.587250178595,-6.00214000000001,2.516961786315));
#5316=CARTESIAN_POINT('Ctrl Pts',(-7.573779692673,-5.98989999999997,2.493703349773));
#5317=CARTESIAN_POINT('Ctrl Pts',(-7.573779692673,-6.00214000000001,2.493703349773));
#5318=CARTESIAN_POINT('Ctrl Pts',(-7.562614891171,-5.98989999999997,2.468815604161));
#5319=CARTESIAN_POINT('Ctrl Pts',(-7.562614891171,-6.00214000000001,2.468815604161));
#5320=CARTESIAN_POINT('Ctrl Pts',(-7.553289286629,-5.98989999999997,2.443042926044));
#5321=CARTESIAN_POINT('Ctrl Pts',(-7.553289286629,-6.00214000000001,2.443042926044));
#5322=CARTESIAN_POINT('Ctrl Pts',(-7.546310840976,-5.98989999999997,2.416351213663));
#5323=CARTESIAN_POINT('Ctrl Pts',(-7.546310840976,-6.00214000000001,2.416351213663));
#5324=CARTESIAN_POINT('Ctrl Pts',(-7.541104367188,-5.98989999999997,2.389186800848));
#5325=CARTESIAN_POINT('Ctrl Pts',(-7.541104367188,-6.00214000000001,2.389186800848));
#5326=CARTESIAN_POINT('Ctrl Pts',(-7.538661597565,-5.98989999999997,2.361275846921));
#5327=CARTESIAN_POINT('Ctrl Pts',(-7.538661597565,-6.00214000000001,2.361275846921));
#5328=CARTESIAN_POINT('Ctrl Pts',(-7.538375710627,-5.98989999999997,2.332939181368));
#5329=CARTESIAN_POINT('Ctrl Pts',(-7.538375710627,-6.00214000000001,2.332939181368));
#5330=CARTESIAN_POINT('Ctrl Pts',(-7.540401861272,-5.98989999999997,2.303948444628));
#5331=CARTESIAN_POINT('Ctrl Pts',(-7.540401861272,-6.00214000000001,2.303948444628));
#5332=CARTESIAN_POINT('Ctrl Pts',(-7.544683302836,-5.98989999999997,2.274411902462));
#5333=CARTESIAN_POINT('Ctrl Pts',(-7.544683302836,-6.00214000000001,2.274411902462));
#5334=CARTESIAN_POINT('Ctrl Pts',(-7.551021938132,-5.98989999999997,2.244404736495));
#5335=CARTESIAN_POINT('Ctrl Pts',(-7.551021938132,-6.00214000000001,2.244404736495));
#5336=CARTESIAN_POINT('Ctrl Pts',(-7.560143982581,-5.98989999999997,2.214415886611));
#5337=CARTESIAN_POINT('Ctrl Pts',(-7.560143982581,-6.00214000000001,2.214415886611));
#5338=CARTESIAN_POINT('Ctrl Pts',(-7.573278923522,-5.98989999999997,2.185249771148));
#5339=CARTESIAN_POINT('Ctrl Pts',(-7.573278923522,-6.00214000000001,2.185249771148));
#5340=CARTESIAN_POINT('Ctrl Pts',(-7.589973539329,-5.98989999999997,2.157071475234));
#5341=CARTESIAN_POINT('Ctrl Pts',(-7.589973539329,-6.00214000000001,2.157071475234));
#5342=CARTESIAN_POINT('Ctrl Pts',(-7.610196716205,-5.98989999999997,2.129839612039));
#5343=CARTESIAN_POINT('Ctrl Pts',(-7.610196716205,-6.00214000000001,2.129839612039));
#5344=CARTESIAN_POINT('Ctrl Pts',(-7.63391652901,-5.98989999999997,2.103580619405));
#5345=CARTESIAN_POINT('Ctrl Pts',(-7.63391652901,-6.00214000000001,2.103580619405));
#5346=CARTESIAN_POINT('Ctrl Pts',(-7.661486253179,-5.98989999999997,2.078624283651));
#5347=CARTESIAN_POINT('Ctrl Pts',(-7.661486253179,-6.00214000000001,2.078624283651));
#5348=CARTESIAN_POINT('Ctrl Pts',(-7.70603640689062,-5.98989999999997,2.04322613532776));
#5349=CARTESIAN_POINT('Ctrl Pts',(-7.70603640689062,-6.00214000000001,2.04322613532776));
#5350=CARTESIAN_POINT('Ctrl Pts',(-7.7447231991618,-5.98989999999997,2.02088145132991));
#5351=CARTESIAN_POINT('Ctrl Pts',(-7.7447231991618,-6.00214000000001,2.02088145132991));
#5352=CARTESIAN_POINT('Ctrl Pts',(-7.769648852678,-5.98989999999997,2.001677742545));
#5353=CARTESIAN_POINT('Ctrl Pts',(-7.769648852678,-6.00214000000001,2.001677742545));
#5354=CARTESIAN_POINT('Ctrl Pts',(-7.726277626858,-5.99,2.031787833118));
#5355=CARTESIAN_POINT('Ctrl Pts',(-7.714703732401,-5.99,2.039404747066));
#5356=CARTESIAN_POINT('Ctrl Pts',(-7.692239531388,-5.99,2.05418869785));
#5357=CARTESIAN_POINT('Ctrl Pts',(-7.661486253179,-5.99,2.078624283651));
#5358=CARTESIAN_POINT('Ctrl Pts',(-7.63391652901,-5.99,2.103580619405));
#5359=CARTESIAN_POINT('Ctrl Pts',(-7.610196716205,-5.99,2.129839612039));
#5360=CARTESIAN_POINT('Ctrl Pts',(-7.589973539329,-5.99,2.157071475234));
#5361=CARTESIAN_POINT('Ctrl Pts',(-7.573278923522,-5.99,2.185249771148));
#5362=CARTESIAN_POINT('Ctrl Pts',(-7.560143982581,-5.99,2.214415886611));
#5363=CARTESIAN_POINT('Ctrl Pts',(-7.551021938132,-5.99,2.244404736495));
#5364=CARTESIAN_POINT('Ctrl Pts',(-7.544683302836,-5.99,2.274411902462));
#5365=CARTESIAN_POINT('Ctrl Pts',(-7.540401861272,-5.99,2.303948444628));
#5366=CARTESIAN_POINT('Ctrl Pts',(-7.538375710627,-5.99,2.332939181368));
#5367=CARTESIAN_POINT('Ctrl Pts',(-7.538661597565,-5.99,2.361275846921));
#5368=CARTESIAN_POINT('Ctrl Pts',(-7.541104367188,-5.99,2.389186800848));
#5369=CARTESIAN_POINT('Ctrl Pts',(-7.546310840976,-5.99,2.416351213663));
#5370=CARTESIAN_POINT('Ctrl Pts',(-7.553289286629,-5.99,2.443042926044));
#5371=CARTESIAN_POINT('Ctrl Pts',(-7.562614891171,-5.99,2.468815604161));
#5372=CARTESIAN_POINT('Ctrl Pts',(-7.573779692673,-5.99,2.493703349773));
#5373=CARTESIAN_POINT('Ctrl Pts',(-7.587250178595,-5.99,2.516961786315));
#5374=CARTESIAN_POINT('Ctrl Pts',(-7.602698967472,-5.99,2.53848121573));
#5375=CARTESIAN_POINT('Ctrl Pts',(-7.619429088995,-5.99,2.558772546946));
#5376=CARTESIAN_POINT('Ctrl Pts',(-7.638916676121,-5.99,2.576611948344));
#5377=CARTESIAN_POINT('Ctrl Pts',(-7.659627566248,-5.99,2.593487845381));
#5378=CARTESIAN_POINT('Ctrl Pts',(-7.68277056205,-5.99,2.608023397201));
#5379=CARTESIAN_POINT('Ctrl Pts',(-7.707341016339,-5.99,2.62129615714));
#5380=CARTESIAN_POINT('Ctrl Pts',(-7.733637048208,-5.99,2.632393842962));
#5381=CARTESIAN_POINT('Ctrl Pts',(-7.760825030039,-5.99,2.642115246323));
#5382=CARTESIAN_POINT('Ctrl Pts',(-7.789219467464,-5.99,2.649339243465));
#5383=CARTESIAN_POINT('Ctrl Pts',(-7.818642343793,-5.99,2.654857358781));
#5384=CARTESIAN_POINT('Ctrl Pts',(-7.849267471318,-5.99,2.657652025126));
#5385=CARTESIAN_POINT('Ctrl Pts',(-7.880845892686,-5.99,2.659294953673));
#5386=CARTESIAN_POINT('Ctrl Pts',(-7.913478421244,-5.99,2.65822309779));
#5387=CARTESIAN_POINT('Ctrl Pts',(-7.94668900054,-5.99,2.655586316162));
#5388=CARTESIAN_POINT('Ctrl Pts',(-7.979648043649,-5.99,2.650610067101));
#5389=CARTESIAN_POINT('Ctrl Pts',(-8.011278186675,-5.99,2.643276306209));
#5390=CARTESIAN_POINT('Ctrl Pts',(-8.041251012358,-5.99,2.633850578871));
#5391=CARTESIAN_POINT('Ctrl Pts',(-8.069378038036,-5.99,2.621529344773));
#5392=CARTESIAN_POINT('Ctrl Pts',(-8.095798183705,-5.99,2.607082804481));
#5393=CARTESIAN_POINT('Ctrl Pts',(-8.120198095694,-5.99,2.589815922833));
#5394=CARTESIAN_POINT('Ctrl Pts',(-8.143215752814,-5.99,2.57081786754));
#5395=CARTESIAN_POINT('Ctrl Pts',(-8.170972379031,-5.99,2.541346024675));
#5396=CARTESIAN_POINT('Ctrl Pts',(-8.202573807559,-5.99,2.500308717688));
#5397=CARTESIAN_POINT('Ctrl Pts',(-8.236283859322,-5.99,2.445935470688));
#5398=CARTESIAN_POINT('Ctrl Pts',(-8.265330065066,-5.99,2.385602261723));
#5399=CARTESIAN_POINT('Ctrl Pts',(-8.280873808356,-5.99,2.342695903207));
#5400=CARTESIAN_POINT('Ctrl Pts',(-8.288850726274,-5.99,2.320676722006));
#5401=CARTESIAN_POINT('Origin',(-7.699184242611,-5.99,1.386609786971));
#5402=CARTESIAN_POINT('Ctrl Pts',(-1.822019947813,-5.9899,1.675172659363));
#5403=CARTESIAN_POINT('Ctrl Pts',(-1.822019947813,-6.00214000000001,1.675172659363));
#5404=CARTESIAN_POINT('Ctrl Pts',(-1.82874974465891,-5.9899,1.70208681369247));
#5405=CARTESIAN_POINT('Ctrl Pts',(-1.82874974465891,-6.00214000000001,1.70208681369247));
#5406=CARTESIAN_POINT('Ctrl Pts',(-1.82459978681127,-5.9899,1.73893854395299));
#5407=CARTESIAN_POINT('Ctrl Pts',(-1.82459978681127,-6.00214000000001,1.73893854395299));
#5408=CARTESIAN_POINT('Ctrl Pts',(-1.831458421768,-5.9899,1.783499649057));
#5409=CARTESIAN_POINT('Ctrl Pts',(-1.831458421768,-6.00214000000001,1.783499649057));
#5410=CARTESIAN_POINT('Ctrl Pts',(-1.837456810035,-5.9899,1.80850663807));
#5411=CARTESIAN_POINT('Ctrl Pts',(-1.837456810035,-6.00214000000001,1.80850663807));
#5412=CARTESIAN_POINT('Ctrl Pts',(-1.846247106988,-5.9899,1.831231000686));
#5413=CARTESIAN_POINT('Ctrl Pts',(-1.846247106988,-6.00214000000001,1.831231000686));
#5414=CARTESIAN_POINT('Ctrl Pts',(-1.857444017802,-5.9899,1.851747655282));
#5415=CARTESIAN_POINT('Ctrl Pts',(-1.857444017802,-6.00214000000001,1.851747655282));
#5416=CARTESIAN_POINT('Ctrl Pts',(-1.87159959971,-5.9899,1.869608940321));
#5417=CARTESIAN_POINT('Ctrl Pts',(-1.87159959971,-6.00214000000001,1.869608940321));
#5418=CARTESIAN_POINT('Ctrl Pts',(-1.88769640025,-5.9899,1.885780482614));
#5419=CARTESIAN_POINT('Ctrl Pts',(-1.88769640025,-6.00214000000001,1.885780482614));
#5420=CARTESIAN_POINT('Ctrl Pts',(-1.913067509778,-5.9899,1.903302657685));
#5421=CARTESIAN_POINT('Ctrl Pts',(-1.913067509778,-6.00214000000001,1.903302657685));
#5422=CARTESIAN_POINT('Ctrl Pts',(-1.947383419149,-5.9899,1.921205215255));
#5423=CARTESIAN_POINT('Ctrl Pts',(-1.947383419149,-6.00214000000001,1.921205215255));
#5424=CARTESIAN_POINT('Ctrl Pts',(-1.991241320068,-5.9899,1.936881593307));
#5425=CARTESIAN_POINT('Ctrl Pts',(-1.991241320068,-6.00214000000001,1.936881593307));
#5426=CARTESIAN_POINT('Ctrl Pts',(-2.05483732407833,-5.9899,1.95002609290839));
#5427=CARTESIAN_POINT('Ctrl Pts',(-2.05483732407833,-6.00214000000001,1.95002609290839));
#5428=CARTESIAN_POINT('Ctrl Pts',(-2.10460823263967,-5.9899,1.94721156644918));
#5429=CARTESIAN_POINT('Ctrl Pts',(-2.10460823263967,-6.00214000000001,1.94721156644918));
#5430=CARTESIAN_POINT('Ctrl Pts',(-2.137961259085,-5.9899,1.951841410823));
#5431=CARTESIAN_POINT('Ctrl Pts',(-2.137961259085,-6.00214000000001,1.951841410823));
#5432=CARTESIAN_POINT('',(-2.085341954344,-5.99,1.948162102123));
#5433=CARTESIAN_POINT('Origin',(-2.085341954344,-5.99,1.948162102123));
#5434=CARTESIAN_POINT('',(-2.283002773057,-6.,1.948162102123));
#5435=CARTESIAN_POINT('Origin',(-2.283002773057,-5.99,1.948162102123));
#5436=CARTESIAN_POINT('Origin',(-2.283002773057,-5.99,2.092606546568));
#5437=CARTESIAN_POINT('',(-2.0625349368,-6.,2.092606546568));
#5438=CARTESIAN_POINT('',(-2.283002773057,-6.,2.092606546568));
#5439=CARTESIAN_POINT('',(-2.0625349368,-6.,2.092606546568));
#5440=CARTESIAN_POINT('',(-2.283002773057,-6.,2.092606546568));
#5441=CARTESIAN_POINT('',(-2.0625349368,-6.,2.092606546568));
#5442=CARTESIAN_POINT('Origin',(-13.7,-6.,6.2));
#5443=CARTESIAN_POINT('',(-1.857271778905,-6.,2.305472043644));
#5444=CARTESIAN_POINT('Ctrl Pts',(-2.0625349368,-6.,2.092606546568));
#5445=CARTESIAN_POINT('Ctrl Pts',(-2.049056194182,-6.,2.093170631092));
#5446=CARTESIAN_POINT('Ctrl Pts',(-2.022607966808,-6.,2.094277487732));
#5447=CARTESIAN_POINT('Ctrl Pts',(-1.984513627882,-6.,2.103904489308));
#5448=CARTESIAN_POINT('Ctrl Pts',(-1.949157190962,-6.,2.119261650711));
#5449=CARTESIAN_POINT('Ctrl Pts',(-1.922454002146,-6.,2.137339983195));
#5450=CARTESIAN_POINT('Ctrl Pts',(-1.903437956258,-6.,2.155065015649));
#5451=CARTESIAN_POINT('Ctrl Pts',(-1.890784641558,-6.,2.170503716718));
#5452=CARTESIAN_POINT('Ctrl Pts',(-1.880390665622,-6.,2.188115406809));
#5453=CARTESIAN_POINT('Ctrl Pts',(-1.872004359072,-6.,2.207757473815));
#5454=CARTESIAN_POINT('Ctrl Pts',(-1.865144401155,-6.,2.229321446926));
#5455=CARTESIAN_POINT('Ctrl Pts',(-1.86053571743,-6.,2.252937869096));
#5456=CARTESIAN_POINT('Ctrl Pts',(-1.857631333801,-6.,2.278556091282));
#5457=CARTESIAN_POINT('Ctrl Pts',(-1.857394763098,-6.,2.296265558823));
#5458=CARTESIAN_POINT('Ctrl Pts',(-1.857271778905,-6.,2.305472043644));
#5459=CARTESIAN_POINT('',(-2.054932597619,-6.,2.495530523176));
#5460=CARTESIAN_POINT('Ctrl Pts',(-1.857271778905,-6.,2.305472043644));
#5461=CARTESIAN_POINT('Ctrl Pts',(-1.85739502354,-6.,2.313459849001));
#5462=CARTESIAN_POINT('Ctrl Pts',(-1.857633655379,-6.,2.328926199129));
#5463=CARTESIAN_POINT('Ctrl Pts',(-1.860569334176,-6.,2.351246940614));
#5464=CARTESIAN_POINT('Ctrl Pts',(-1.864984354022,-6.,2.371915345219));
#5465=CARTESIAN_POINT('Ctrl Pts',(-1.871198362415,-6.,2.390887653365));
#5466=CARTESIAN_POINT('Ctrl Pts',(-1.879007652466,-6.,2.408319036583));
#5467=CARTESIAN_POINT('Ctrl Pts',(-1.889100948205,-6.,2.423856988634));
#5468=CARTESIAN_POINT('Ctrl Pts',(-1.900495946317,-6.,2.438185063428));
#5469=CARTESIAN_POINT('Ctrl Pts',(-1.91882853391,-6.,2.454058187054));
#5470=CARTESIAN_POINT('Ctrl Pts',(-1.944102944772,-6.,2.470952104982));
#5471=CARTESIAN_POINT('Ctrl Pts',(-1.978075830476,-6.,2.485409015269));
#5472=CARTESIAN_POINT('Ctrl Pts',(-2.015457380122,-6.,2.494076341392));
#5473=CARTESIAN_POINT('Ctrl Pts',(-2.041463093791,-6.,2.495034335736));
#5474=CARTESIAN_POINT('Ctrl Pts',(-2.054932597619,-6.,2.495530523176));
#5475=CARTESIAN_POINT('',(-2.283002773057,-6.,2.495530523176));
#5476=CARTESIAN_POINT('',(-2.283002773057,-6.,2.495530523176));
#5477=CARTESIAN_POINT('',(-2.283002773057,-6.,2.092606546568));
#5478=CARTESIAN_POINT('Ctrl Pts',(-2.114950582188,-5.98989999999998,2.087269209922));
#5479=CARTESIAN_POINT('Ctrl Pts',(-2.114950582188,-6.00214000000004,2.087269209922));
#5480=CARTESIAN_POINT('Ctrl Pts',(-2.08454842576173,-5.98989999999998,2.09409294968718));
#5481=CARTESIAN_POINT('Ctrl Pts',(-2.08454842576173,-6.00214000000004,2.09409294968718));
#5482=CARTESIAN_POINT('Ctrl Pts',(-2.03976682108429,-5.98989999999998,2.08994119205642));
#5483=CARTESIAN_POINT('Ctrl Pts',(-2.03976682108429,-6.00214000000004,2.08994119205642));
#5484=CARTESIAN_POINT('Ctrl Pts',(-1.984513627882,-5.98989999999998,2.103904489308));
#5485=CARTESIAN_POINT('Ctrl Pts',(-1.984513627882,-6.00214000000004,2.103904489308));
#5486=CARTESIAN_POINT('Ctrl Pts',(-1.949157190962,-5.98989999999998,2.119261650711));
#5487=CARTESIAN_POINT('Ctrl Pts',(-1.949157190962,-6.00214000000004,2.119261650711));
#5488=CARTESIAN_POINT('Ctrl Pts',(-1.922454002146,-5.98989999999998,2.137339983195));
#5489=CARTESIAN_POINT('Ctrl Pts',(-1.922454002146,-6.00214000000004,2.137339983195));
#5490=CARTESIAN_POINT('Ctrl Pts',(-1.903437956258,-5.98989999999998,2.155065015649));
#5491=CARTESIAN_POINT('Ctrl Pts',(-1.903437956258,-6.00214000000004,2.155065015649));
#5492=CARTESIAN_POINT('Ctrl Pts',(-1.890784641558,-5.98989999999998,2.170503716718));
#5493=CARTESIAN_POINT('Ctrl Pts',(-1.890784641558,-6.00214000000004,2.170503716718));
#5494=CARTESIAN_POINT('Ctrl Pts',(-1.880390665622,-5.98989999999998,2.188115406809));
#5495=CARTESIAN_POINT('Ctrl Pts',(-1.880390665622,-6.00214000000004,2.188115406809));
#5496=CARTESIAN_POINT('Ctrl Pts',(-1.872004359072,-5.98989999999998,2.207757473815));
#5497=CARTESIAN_POINT('Ctrl Pts',(-1.872004359072,-6.00214000000004,2.207757473815));
#5498=CARTESIAN_POINT('Ctrl Pts',(-1.865144401155,-5.98989999999998,2.229321446926));
#5499=CARTESIAN_POINT('Ctrl Pts',(-1.865144401155,-6.00214000000004,2.229321446926));
#5500=CARTESIAN_POINT('Ctrl Pts',(-1.86053571743,-5.98989999999998,2.252937869096));
#5501=CARTESIAN_POINT('Ctrl Pts',(-1.86053571743,-6.00214000000004,2.252937869096));
#5502=CARTESIAN_POINT('Ctrl Pts',(-1.85564574139553,-5.98989999999998,2.29607008182593));
#5503=CARTESIAN_POINT('Ctrl Pts',(-1.85564574139553,-6.00214000000004,2.29607008182593));
#5504=CARTESIAN_POINT('Ctrl Pts',(-1.85866472998518,-5.98989999999998,2.3315775350891));
#5505=CARTESIAN_POINT('Ctrl Pts',(-1.85866472998518,-6.00214000000004,2.3315775350891));
#5506=CARTESIAN_POINT('Ctrl Pts',(-1.853237276064,-5.98989999999998,2.35811817495));
#5507=CARTESIAN_POINT('Ctrl Pts',(-1.853237276064,-6.00214000000004,2.35811817495));
#5508=CARTESIAN_POINT('',(-1.857271778905,-6.,2.305472043644));
#5509=CARTESIAN_POINT('Ctrl Pts',(-1.851368853438,-5.9899,2.252969822376));
#5510=CARTESIAN_POINT('Ctrl Pts',(-1.851368853438,-6.00214000000001,2.252969822376));
#5511=CARTESIAN_POINT('Ctrl Pts',(-1.85915972243027,-5.9899,2.27809683411147));
#5512=CARTESIAN_POINT('Ctrl Pts',(-1.85915972243027,-6.00214000000001,2.27809683411147));
#5513=CARTESIAN_POINT('Ctrl Pts',(-1.85533467899947,-5.9899,2.31144647433731));
#5514=CARTESIAN_POINT('Ctrl Pts',(-1.85533467899947,-6.00214000000001,2.31144647433731));
#5515=CARTESIAN_POINT('Ctrl Pts',(-1.860569334176,-5.9899,2.351246940614));
#5516=CARTESIAN_POINT('Ctrl Pts',(-1.860569334176,-6.00214000000001,2.351246940614));
#5517=CARTESIAN_POINT('Ctrl Pts',(-1.864984354022,-5.9899,2.371915345219));
#5518=CARTESIAN_POINT('Ctrl Pts',(-1.864984354022,-6.00214000000001,2.371915345219));
#5519=CARTESIAN_POINT('Ctrl Pts',(-1.871198362415,-5.9899,2.390887653365));
#5520=CARTESIAN_POINT('Ctrl Pts',(-1.871198362415,-6.00214000000001,2.390887653365));
#5521=CARTESIAN_POINT('Ctrl Pts',(-1.879007652466,-5.9899,2.408319036583));
#5522=CARTESIAN_POINT('Ctrl Pts',(-1.879007652466,-6.00214000000001,2.408319036583));
#5523=CARTESIAN_POINT('Ctrl Pts',(-1.889100948205,-5.9899,2.423856988634));
#5524=CARTESIAN_POINT('Ctrl Pts',(-1.889100948205,-6.00214000000001,2.423856988634));
#5525=CARTESIAN_POINT('Ctrl Pts',(-1.900495946317,-5.9899,2.438185063428));
#5526=CARTESIAN_POINT('Ctrl Pts',(-1.900495946317,-6.00214000000001,2.438185063428));
#5527=CARTESIAN_POINT('Ctrl Pts',(-1.91882853391,-5.9899,2.454058187054));
#5528=CARTESIAN_POINT('Ctrl Pts',(-1.91882853391,-6.00214000000001,2.454058187054));
#5529=CARTESIAN_POINT('Ctrl Pts',(-1.944102944772,-5.9899,2.470952104982));
#5530=CARTESIAN_POINT('Ctrl Pts',(-1.944102944772,-6.00214000000001,2.470952104982));
#5531=CARTESIAN_POINT('Ctrl Pts',(-1.978075830476,-5.9899,2.485409015269));
#5532=CARTESIAN_POINT('Ctrl Pts',(-1.978075830476,-6.00214000000001,2.485409015269));
#5533=CARTESIAN_POINT('Ctrl Pts',(-2.03269223911584,-5.9899,2.49807243425059));
#5534=CARTESIAN_POINT('Ctrl Pts',(-2.03269223911584,-6.00214000000001,2.49807243425059));
#5535=CARTESIAN_POINT('Ctrl Pts',(-2.07690697276473,-5.9899,2.4940653947946));
#5536=CARTESIAN_POINT('Ctrl Pts',(-2.07690697276473,-6.00214000000001,2.4940653947946));
#5537=CARTESIAN_POINT('Ctrl Pts',(-2.107407196658,-5.9899,2.500435511319));
#5538=CARTESIAN_POINT('Ctrl Pts',(-2.107407196658,-6.00214000000001,2.500435511319));
#5539=CARTESIAN_POINT('',(-2.054932597619,-5.99,2.495530523176));
#5540=CARTESIAN_POINT('Origin',(-2.054932597619,-5.99,2.495530523176));
#5541=CARTESIAN_POINT('',(-2.283002773057,-6.,2.495530523176));
#5542=CARTESIAN_POINT('Origin',(-2.283002773057,-5.99,2.495530523176));
#5543=UNCERTAINTY_MEASURE_WITH_UNIT(LENGTH_MEASURE(0.01),#5547,
'DISTANCE_ACCURACY_VALUE',
'Maximum model space distance between geometric entities at asserted c
onnectivities');
#5544=UNCERTAINTY_MEASURE_WITH_UNIT(LENGTH_MEASURE(0.01),#5547,
'DISTANCE_ACCURACY_VALUE',
'Maximum model space distance between geometric entities at asserted c
onnectivities');
#5545=(
GEOMETRIC_REPRESENTATION_CONTEXT(3)
GLOBAL_UNCERTAINTY_ASSIGNED_CONTEXT((#5543))
GLOBAL_UNIT_ASSIGNED_CONTEXT((#5547,#5549,#5550))
REPRESENTATION_CONTEXT('','3D')
);
#5546=(
GEOMETRIC_REPRESENTATION_CONTEXT(3)
GLOBAL_UNCERTAINTY_ASSIGNED_CONTEXT((#5544))
GLOBAL_UNIT_ASSIGNED_CONTEXT((#5547,#5549,#5550))
REPRESENTATION_CONTEXT('','3D')
);
#5547=(
LENGTH_UNIT()
NAMED_UNIT(*)
SI_UNIT(.MILLI.,.METRE.)
);
#5548=(
LENGTH_UNIT()
NAMED_UNIT(*)
SI_UNIT(.CENTI.,.METRE.)
);
#5549=(
NAMED_UNIT(*)
PLANE_ANGLE_UNIT()
SI_UNIT($,.RADIAN.)
);
#5550=(
NAMED_UNIT(*)
SI_UNIT($,.STERADIAN.)
SOLID_ANGLE_UNIT()
);
#5551=SHAPE_DEFINITION_REPRESENTATION(#5552,#5553);
#5552=PRODUCT_DEFINITION_SHAPE('',$,#5555);
#5553=SHAPE_REPRESENTATION('',(#2716),#5545);
#5554=PRODUCT_DEFINITION_CONTEXT('part definition',#5559,'design');
#5555=PRODUCT_DEFINITION('Level Sensor','Level Sensor v3',#5556,#5554);
#5556=PRODUCT_DEFINITION_FORMATION('',$,#5561);
#5557=PRODUCT_RELATED_PRODUCT_CATEGORY('Level Sensor v3',
'Level Sensor v3',(#5561));
#5558=APPLICATION_PROTOCOL_DEFINITION('international standard',
'automotive_design',2009,#5559);
#5559=APPLICATION_CONTEXT(
'Core Data for Automotive Mechanical Design Process');
#5560=PRODUCT_CONTEXT('part definition',#5559,'mechanical');
#5561=PRODUCT('Level Sensor','Level Sensor v3',$,(#5560));
#5562=PRESENTATION_STYLE_ASSIGNMENT((#5564));
#5563=PRESENTATION_STYLE_ASSIGNMENT((#5565));
#5564=SURFACE_STYLE_USAGE(.BOTH.,#5570);
#5565=SURFACE_STYLE_USAGE(.BOTH.,#5571);
#5566=SURFACE_STYLE_RENDERING_WITH_PROPERTIES($,#5578,(#5568));
#5567=SURFACE_STYLE_RENDERING_WITH_PROPERTIES($,#5579,(#5569));
#5568=SURFACE_STYLE_TRANSPARENT(0.);
#5569=SURFACE_STYLE_TRANSPARENT(0.);
#5570=SURFACE_SIDE_STYLE('',(#5572,#5566));
#5571=SURFACE_SIDE_STYLE('',(#5573,#5567));
#5572=SURFACE_STYLE_FILL_AREA(#5574);
#5573=SURFACE_STYLE_FILL_AREA(#5575);
#5574=FILL_AREA_STYLE('',(#5576));
#5575=FILL_AREA_STYLE('',(#5577));
#5576=FILL_AREA_STYLE_COLOUR('',#5578);
#5577=FILL_AREA_STYLE_COLOUR('',#5579);
#5578=COLOUR_RGB('',0.749019607843137,0.749019607843137,0.749019607843137);
#5579=COLOUR_RGB('',0.0980392156862745,0.0980392156862745,0.0980392156862745);
ENDSEC;
END-ISO-10303-21;
