ISO-10303-21;
HEADER;
/* Generated by software containing ST-Developer
 * from STEP Tools, Inc. (www.steptools.com) 
 */

FILE_DESCRIPTION(
/* description */ (''),
/* implementation_level */ '2;1');

FILE_NAME(
/* name */ '4010 Axial Fan.stp',
/* time_stamp */ '2025-10-21T12:56:45+10:00',
/* author */ ('Jcw Drafting Lab 1'),
/* organization */ (''),
/* preprocessor_version */ 'ST-DEVELOPER v20',
/* originating_system */ 'Autodesk Inventor 2025',
/* authorisation */ '');

FILE_SCHEMA (('AUTOMOTIVE_DESIGN { 1 0 10303 214 3 1 1 }'));
ENDSEC;

DATA;
#10=MECHANICAL_DESIGN_GEOMETRIC_PRESENTATION_REPRESENTATION('',(#14,#15),
#7570);
#11=SHAPE_REPRESENTATION_RELATIONSHIP('SRR','None',#7577,#12);
#12=ADVANCED_BREP_SHAPE_REPRESENTATION('',(#13),#7569);
#13=MANIFOLD_SOLID_BREP('Solid1',#1340);
#14=STYLED_ITEM('',(#7586),#1329);
#15=STYLED_ITEM('',(#7587),#13);
#16=B_SPLINE_SURFACE_WITH_KNOTS('',3,3,((#2720,#2721,#2722,#2723,#2724),
(#2725,#2726,#2727,#2728,#2729),(#2730,#2731,#2732,#2733,#2734),(#2735,
#2736,#2737,#2738,#2739),(#2740,#2741,#2742,#2743,#2744),(#2745,#2746,#2747,
#2748,#2749),(#2750,#2751,#2752,#2753,#2754),(#2755,#2756,#2757,#2758,#2759),
(#2760,#2761,#2762,#2763,#2764),(#2765,#2766,#2767,#2768,#2769),(#2770,
#2771,#2772,#2773,#2774),(#2775,#2776,#2777,#2778,#2779),(#2780,#2781,#2782,
#2783,#2784),(#2785,#2786,#2787,#2788,#2789),(#2790,#2791,#2792,#2793,#2794),
(#2795,#2796,#2797,#2798,#2799),(#2800,#2801,#2802,#2803,#2804),(#2805,
#2806,#2807,#2808,#2809),(#2810,#2811,#2812,#2813,#2814),(#2815,#2816,#2817,
#2818,#2819),(#2820,#2821,#2822,#2823,#2824),(#2825,#2826,#2827,#2828,#2829),
(#2830,#2831,#2832,#2833,#2834),(#2835,#2836,#2837,#2838,#2839),(#2840,
#2841,#2842,#2843,#2844),(#2845,#2846,#2847,#2848,#2849),(#2850,#2851,#2852,
#2853,#2854),(#2855,#2856,#2857,#2858,#2859),(#2860,#2861,#2862,#2863,#2864),
(#2865,#2866,#2867,#2868,#2869),(#2870,#2871,#2872,#2873,#2874),(#2875,
#2876,#2877,#2878,#2879),(#2880,#2881,#2882,#2883,#2884),(#2885,#2886,#2887,
#2888,#2889),(#2890,#2891,#2892,#2893,#2894),(#2895,#2896,#2897,#2898,#2899),
(#2900,#2901,#2902,#2903,#2904),(#2905,#2906,#2907,#2908,#2909),(#2910,
#2911,#2912,#2913,#2914),(#2915,#2916,#2917,#2918,#2919),(#2920,#2921,#2922,
#2923,#2924),(#2925,#2926,#2927,#2928,#2929),(#2930,#2931,#2932,#2933,#2934),
(#2935,#2936,#2937,#2938,#2939),(#2940,#2941,#2942,#2943,#2944),(#2945,
#2946,#2947,#2948,#2949),(#2950,#2951,#2952,#2953,#2954),(#2955,#2956,#2957,
#2958,#2959),(#2960,#2961,#2962,#2963,#2964),(#2965,#2966,#2967,#2968,#2969),
(#2970,#2971,#2972,#2973,#2974),(#2975,#2976,#2977,#2978,#2979),(#2980,
#2981,#2982,#2983,#2984),(#2985,#2986,#2987,#2988,#2989),(#2990,#2991,#2992,
#2993,#2994),(#2995,#2996,#2997,#2998,#2999),(#3000,#3001,#3002,#3003,#3004),
(#3005,#3006,#3007,#3008,#3009)),.UNSPECIFIED.,.T.,.F.,.F.,(4,1,1,1,1,1,
1,2,1,1,1,1,1,1,1,1,1,1,1,1,1,2,1,1,1,1,1,1,1,2,1,1,1,2,1,1,1,1,1,1,1,1,
1,1,2,1,1,1,1,1,4),(4,1,4),(0.,0.00577497739479568,0.00866246609219352,
0.0115499547895914,0.0144374434869892,0.017324932184387,0.0202124208817849,
0.0230999095791827,0.0495845970253588,0.0760692844715349,0.102553971917711,
0.129038659363887,0.155523346810063,0.182008034256239,0.208492721702415,
0.234977409148591,0.287946784040943,0.340916158933296,0.367400846379472,
0.393885533825648,0.420370221271824,0.446854908718,0.453199798100475,0.459544687482951,
0.465889576865427,0.472234466247902,0.478579355630378,0.484924245012853,
0.491269134395329,0.497614023777805,0.50123114390143,0.504848264025055,
0.50846538414868,0.512082504272306,0.540325850533668,0.56856919679503,0.596812543056392,
0.625055889317754,0.681542581840479,0.738029274363203,0.794515966885927,
0.851002659408651,0.907489351931376,0.935732698192738,0.9639760444541,0.968479038897338,
0.972982033340575,0.977485027783813,0.98198802222705,0.990994011113525,
1.),(0.,0.492144389409912,1.),.UNSPECIFIED.);
#17=B_SPLINE_SURFACE_WITH_KNOTS('',3,3,((#3065,#3066,#3067,#3068,#3069),
(#3070,#3071,#3072,#3073,#3074),(#3075,#3076,#3077,#3078,#3079),(#3080,
#3081,#3082,#3083,#3084),(#3085,#3086,#3087,#3088,#3089),(#3090,#3091,#3092,
#3093,#3094),(#3095,#3096,#3097,#3098,#3099),(#3100,#3101,#3102,#3103,#3104),
(#3105,#3106,#3107,#3108,#3109),(#3110,#3111,#3112,#3113,#3114),(#3115,
#3116,#3117,#3118,#3119),(#3120,#3121,#3122,#3123,#3124),(#3125,#3126,#3127,
#3128,#3129),(#3130,#3131,#3132,#3133,#3134),(#3135,#3136,#3137,#3138,#3139),
(#3140,#3141,#3142,#3143,#3144),(#3145,#3146,#3147,#3148,#3149),(#3150,
#3151,#3152,#3153,#3154),(#3155,#3156,#3157,#3158,#3159),(#3160,#3161,#3162,
#3163,#3164),(#3165,#3166,#3167,#3168,#3169),(#3170,#3171,#3172,#3173,#3174),
(#3175,#3176,#3177,#3178,#3179),(#3180,#3181,#3182,#3183,#3184),(#3185,
#3186,#3187,#3188,#3189),(#3190,#3191,#3192,#3193,#3194),(#3195,#3196,#3197,
#3198,#3199),(#3200,#3201,#3202,#3203,#3204),(#3205,#3206,#3207,#3208,#3209),
(#3210,#3211,#3212,#3213,#3214),(#3215,#3216,#3217,#3218,#3219),(#3220,
#3221,#3222,#3223,#3224),(#3225,#3226,#3227,#3228,#3229),(#3230,#3231,#3232,
#3233,#3234),(#3235,#3236,#3237,#3238,#3239),(#3240,#3241,#3242,#3243,#3244),
(#3245,#3246,#3247,#3248,#3249),(#3250,#3251,#3252,#3253,#3254),(#3255,
#3256,#3257,#3258,#3259),(#3260,#3261,#3262,#3263,#3264),(#3265,#3266,#3267,
#3268,#3269),(#3270,#3271,#3272,#3273,#3274),(#3275,#3276,#3277,#3278,#3279),
(#3280,#3281,#3282,#3283,#3284),(#3285,#3286,#3287,#3288,#3289),(#3290,
#3291,#3292,#3293,#3294),(#3295,#3296,#3297,#3298,#3299),(#3300,#3301,#3302,
#3303,#3304),(#3305,#3306,#3307,#3308,#3309),(#3310,#3311,#3312,#3313,#3314),
(#3315,#3316,#3317,#3318,#3319),(#3320,#3321,#3322,#3323,#3324),(#3325,
#3326,#3327,#3328,#3329),(#3330,#3331,#3332,#3333,#3334),(#3335,#3336,#3337,
#3338,#3339),(#3340,#3341,#3342,#3343,#3344),(#3345,#3346,#3347,#3348,#3349),
(#3350,#3351,#3352,#3353,#3354)),.UNSPECIFIED.,.T.,.F.,.F.,(4,1,1,1,1,1,
1,2,1,1,1,1,1,1,1,1,1,1,1,1,1,2,1,1,1,1,1,1,1,2,1,1,1,2,1,1,1,1,1,1,1,1,
1,1,2,1,1,1,1,1,4),(4,1,4),(0.,0.00577497739479568,0.00866246609219352,
0.0115499547895914,0.0144374434869892,0.017324932184387,0.0202124208817849,
0.0230999095791827,0.0495845970253588,0.0760692844715349,0.102553971917711,
0.129038659363887,0.155523346810063,0.182008034256239,0.208492721702415,
0.234977409148591,0.287946784040943,0.340916158933296,0.367400846379472,
0.393885533825648,0.420370221271824,0.446854908718,0.453199798100475,0.459544687482951,
0.465889576865427,0.472234466247902,0.478579355630378,0.484924245012853,
0.491269134395329,0.497614023777805,0.50123114390143,0.504848264025055,
0.50846538414868,0.512082504272306,0.540325850533668,0.56856919679503,0.596812543056392,
0.625055889317754,0.681542581840479,0.738029274363203,0.794515966885927,
0.851002659408651,0.907489351931376,0.935732698192738,0.9639760444541,0.968479038897338,
0.972982033340575,0.977485027783813,0.98198802222705,0.990994011113525,
1.),(0.,0.492144389409912,1.),.UNSPECIFIED.);
#18=B_SPLINE_SURFACE_WITH_KNOTS('',3,3,((#3410,#3411,#3412,#3413,#3414),
(#3415,#3416,#3417,#3418,#3419),(#3420,#3421,#3422,#3423,#3424),(#3425,
#3426,#3427,#3428,#3429),(#3430,#3431,#3432,#3433,#3434),(#3435,#3436,#3437,
#3438,#3439),(#3440,#3441,#3442,#3443,#3444),(#3445,#3446,#3447,#3448,#3449),
(#3450,#3451,#3452,#3453,#3454),(#3455,#3456,#3457,#3458,#3459),(#3460,
#3461,#3462,#3463,#3464),(#3465,#3466,#3467,#3468,#3469),(#3470,#3471,#3472,
#3473,#3474),(#3475,#3476,#3477,#3478,#3479),(#3480,#3481,#3482,#3483,#3484),
(#3485,#3486,#3487,#3488,#3489),(#3490,#3491,#3492,#3493,#3494),(#3495,
#3496,#3497,#3498,#3499),(#3500,#3501,#3502,#3503,#3504),(#3505,#3506,#3507,
#3508,#3509),(#3510,#3511,#3512,#3513,#3514),(#3515,#3516,#3517,#3518,#3519),
(#3520,#3521,#3522,#3523,#3524),(#3525,#3526,#3527,#3528,#3529),(#3530,
#3531,#3532,#3533,#3534),(#3535,#3536,#3537,#3538,#3539),(#3540,#3541,#3542,
#3543,#3544),(#3545,#3546,#3547,#3548,#3549),(#3550,#3551,#3552,#3553,#3554),
(#3555,#3556,#3557,#3558,#3559),(#3560,#3561,#3562,#3563,#3564),(#3565,
#3566,#3567,#3568,#3569),(#3570,#3571,#3572,#3573,#3574),(#3575,#3576,#3577,
#3578,#3579),(#3580,#3581,#3582,#3583,#3584),(#3585,#3586,#3587,#3588,#3589),
(#3590,#3591,#3592,#3593,#3594),(#3595,#3596,#3597,#3598,#3599),(#3600,
#3601,#3602,#3603,#3604),(#3605,#3606,#3607,#3608,#3609),(#3610,#3611,#3612,
#3613,#3614),(#3615,#3616,#3617,#3618,#3619),(#3620,#3621,#3622,#3623,#3624),
(#3625,#3626,#3627,#3628,#3629),(#3630,#3631,#3632,#3633,#3634),(#3635,
#3636,#3637,#3638,#3639),(#3640,#3641,#3642,#3643,#3644),(#3645,#3646,#3647,
#3648,#3649),(#3650,#3651,#3652,#3653,#3654),(#3655,#3656,#3657,#3658,#3659),
(#3660,#3661,#3662,#3663,#3664),(#3665,#3666,#3667,#3668,#3669),(#3670,
#3671,#3672,#3673,#3674),(#3675,#3676,#3677,#3678,#3679),(#3680,#3681,#3682,
#3683,#3684),(#3685,#3686,#3687,#3688,#3689),(#3690,#3691,#3692,#3693,#3694),
(#3695,#3696,#3697,#3698,#3699)),.UNSPECIFIED.,.T.,.F.,.F.,(4,1,1,1,1,1,
1,2,1,1,1,1,1,1,1,1,1,1,1,1,1,2,1,1,1,1,1,1,1,2,1,1,1,2,1,1,1,1,1,1,1,1,
1,1,2,1,1,1,1,1,4),(4,1,4),(0.,0.00577497739479568,0.00866246609219352,
0.0115499547895914,0.0144374434869892,0.017324932184387,0.0202124208817849,
0.0230999095791827,0.0495845970253588,0.0760692844715349,0.102553971917711,
0.129038659363887,0.155523346810063,0.182008034256239,0.208492721702415,
0.234977409148591,0.287946784040943,0.340916158933296,0.367400846379472,
0.393885533825648,0.420370221271824,0.446854908718,0.453199798100475,0.459544687482951,
0.465889576865427,0.472234466247902,0.478579355630378,0.484924245012853,
0.491269134395329,0.497614023777805,0.50123114390143,0.504848264025055,
0.50846538414868,0.512082504272306,0.540325850533668,0.56856919679503,0.596812543056392,
0.625055889317754,0.681542581840479,0.738029274363203,0.794515966885927,
0.851002659408651,0.907489351931376,0.935732698192738,0.9639760444541,0.968479038897338,
0.972982033340575,0.977485027783813,0.98198802222705,0.990994011113525,
1.),(0.,0.492144389409912,1.),.UNSPECIFIED.);
#19=B_SPLINE_SURFACE_WITH_KNOTS('',3,3,((#3808,#3809,#3810,#3811,#3812),
(#3813,#3814,#3815,#3816,#3817),(#3818,#3819,#3820,#3821,#3822),(#3823,
#3824,#3825,#3826,#3827),(#3828,#3829,#3830,#3831,#3832),(#3833,#3834,#3835,
#3836,#3837),(#3838,#3839,#3840,#3841,#3842),(#3843,#3844,#3845,#3846,#3847),
(#3848,#3849,#3850,#3851,#3852),(#3853,#3854,#3855,#3856,#3857),(#3858,
#3859,#3860,#3861,#3862),(#3863,#3864,#3865,#3866,#3867),(#3868,#3869,#3870,
#3871,#3872),(#3873,#3874,#3875,#3876,#3877),(#3878,#3879,#3880,#3881,#3882),
(#3883,#3884,#3885,#3886,#3887),(#3888,#3889,#3890,#3891,#3892),(#3893,
#3894,#3895,#3896,#3897),(#3898,#3899,#3900,#3901,#3902),(#3903,#3904,#3905,
#3906,#3907),(#3908,#3909,#3910,#3911,#3912),(#3913,#3914,#3915,#3916,#3917),
(#3918,#3919,#3920,#3921,#3922),(#3923,#3924,#3925,#3926,#3927),(#3928,
#3929,#3930,#3931,#3932),(#3933,#3934,#3935,#3936,#3937),(#3938,#3939,#3940,
#3941,#3942),(#3943,#3944,#3945,#3946,#3947),(#3948,#3949,#3950,#3951,#3952),
(#3953,#3954,#3955,#3956,#3957),(#3958,#3959,#3960,#3961,#3962),(#3963,
#3964,#3965,#3966,#3967),(#3968,#3969,#3970,#3971,#3972),(#3973,#3974,#3975,
#3976,#3977),(#3978,#3979,#3980,#3981,#3982),(#3983,#3984,#3985,#3986,#3987),
(#3988,#3989,#3990,#3991,#3992),(#3993,#3994,#3995,#3996,#3997),(#3998,
#3999,#4000,#4001,#4002),(#4003,#4004,#4005,#4006,#4007),(#4008,#4009,#4010,
#4011,#4012),(#4013,#4014,#4015,#4016,#4017),(#4018,#4019,#4020,#4021,#4022),
(#4023,#4024,#4025,#4026,#4027),(#4028,#4029,#4030,#4031,#4032),(#4033,
#4034,#4035,#4036,#4037),(#4038,#4039,#4040,#4041,#4042),(#4043,#4044,#4045,
#4046,#4047),(#4048,#4049,#4050,#4051,#4052),(#4053,#4054,#4055,#4056,#4057),
(#4058,#4059,#4060,#4061,#4062),(#4063,#4064,#4065,#4066,#4067),(#4068,
#4069,#4070,#4071,#4072),(#4073,#4074,#4075,#4076,#4077),(#4078,#4079,#4080,
#4081,#4082),(#4083,#4084,#4085,#4086,#4087),(#4088,#4089,#4090,#4091,#4092),
(#4093,#4094,#4095,#4096,#4097)),.UNSPECIFIED.,.T.,.F.,.F.,(4,1,1,1,1,1,
1,2,1,1,1,1,1,1,1,1,1,1,1,1,1,2,1,1,1,1,1,1,1,2,1,1,1,2,1,1,1,1,1,1,1,1,
1,1,2,1,1,1,1,1,4),(4,1,4),(0.,0.00577497739479568,0.00866246609219352,
0.0115499547895914,0.0144374434869892,0.017324932184387,0.0202124208817849,
0.0230999095791827,0.0495845970253588,0.0760692844715349,0.102553971917711,
0.129038659363887,0.155523346810063,0.182008034256239,0.208492721702415,
0.234977409148591,0.287946784040943,0.340916158933296,0.367400846379472,
0.393885533825648,0.420370221271824,0.446854908718,0.453199798100475,0.459544687482951,
0.465889576865427,0.472234466247902,0.478579355630378,0.484924245012853,
0.491269134395329,0.497614023777805,0.50123114390143,0.504848264025055,
0.50846538414868,0.512082504272306,0.540325850533668,0.56856919679503,0.596812543056392,
0.625055889317754,0.681542581840479,0.738029274363203,0.794515966885927,
0.851002659408651,0.907489351931376,0.935732698192738,0.9639760444541,0.968479038897338,
0.972982033340575,0.977485027783813,0.98198802222705,0.990994011113525,
1.),(0.,0.492144389409912,1.),.UNSPECIFIED.);
#20=B_SPLINE_SURFACE_WITH_KNOTS('',3,3,((#4147,#4148,#4149,#4150,#4151),
(#4152,#4153,#4154,#4155,#4156),(#4157,#4158,#4159,#4160,#4161),(#4162,
#4163,#4164,#4165,#4166),(#4167,#4168,#4169,#4170,#4171),(#4172,#4173,#4174,
#4175,#4176),(#4177,#4178,#4179,#4180,#4181),(#4182,#4183,#4184,#4185,#4186),
(#4187,#4188,#4189,#4190,#4191),(#4192,#4193,#4194,#4195,#4196),(#4197,
#4198,#4199,#4200,#4201),(#4202,#4203,#4204,#4205,#4206),(#4207,#4208,#4209,
#4210,#4211),(#4212,#4213,#4214,#4215,#4216),(#4217,#4218,#4219,#4220,#4221),
(#4222,#4223,#4224,#4225,#4226),(#4227,#4228,#4229,#4230,#4231),(#4232,
#4233,#4234,#4235,#4236),(#4237,#4238,#4239,#4240,#4241),(#4242,#4243,#4244,
#4245,#4246),(#4247,#4248,#4249,#4250,#4251),(#4252,#4253,#4254,#4255,#4256),
(#4257,#4258,#4259,#4260,#4261),(#4262,#4263,#4264,#4265,#4266),(#4267,
#4268,#4269,#4270,#4271),(#4272,#4273,#4274,#4275,#4276),(#4277,#4278,#4279,
#4280,#4281),(#4282,#4283,#4284,#4285,#4286),(#4287,#4288,#4289,#4290,#4291),
(#4292,#4293,#4294,#4295,#4296),(#4297,#4298,#4299,#4300,#4301),(#4302,
#4303,#4304,#4305,#4306),(#4307,#4308,#4309,#4310,#4311),(#4312,#4313,#4314,
#4315,#4316),(#4317,#4318,#4319,#4320,#4321),(#4322,#4323,#4324,#4325,#4326),
(#4327,#4328,#4329,#4330,#4331),(#4332,#4333,#4334,#4335,#4336),(#4337,
#4338,#4339,#4340,#4341),(#4342,#4343,#4344,#4345,#4346),(#4347,#4348,#4349,
#4350,#4351),(#4352,#4353,#4354,#4355,#4356),(#4357,#4358,#4359,#4360,#4361),
(#4362,#4363,#4364,#4365,#4366),(#4367,#4368,#4369,#4370,#4371),(#4372,
#4373,#4374,#4375,#4376),(#4377,#4378,#4379,#4380,#4381),(#4382,#4383,#4384,
#4385,#4386),(#4387,#4388,#4389,#4390,#4391),(#4392,#4393,#4394,#4395,#4396),
(#4397,#4398,#4399,#4400,#4401),(#4402,#4403,#4404,#4405,#4406),(#4407,
#4408,#4409,#4410,#4411),(#4412,#4413,#4414,#4415,#4416),(#4417,#4418,#4419,
#4420,#4421),(#4422,#4423,#4424,#4425,#4426),(#4427,#4428,#4429,#4430,#4431),
(#4432,#4433,#4434,#4435,#4436)),.UNSPECIFIED.,.T.,.F.,.F.,(4,1,1,1,1,1,
1,2,1,1,1,1,1,1,1,1,1,1,1,1,1,2,1,1,1,1,1,1,1,2,1,1,1,2,1,1,1,1,1,1,1,1,
1,1,2,1,1,1,1,1,4),(4,1,4),(0.,0.00577497739479568,0.00866246609219352,
0.0115499547895914,0.0144374434869892,0.017324932184387,0.0202124208817849,
0.0230999095791827,0.0495845970253588,0.0760692844715349,0.102553971917711,
0.129038659363887,0.155523346810063,0.182008034256239,0.208492721702415,
0.234977409148591,0.287946784040943,0.340916158933296,0.367400846379472,
0.393885533825648,0.420370221271824,0.446854908718,0.453199798100475,0.459544687482951,
0.465889576865427,0.472234466247902,0.478579355630378,0.484924245012853,
0.491269134395329,0.497614023777805,0.50123114390143,0.504848264025055,
0.50846538414868,0.512082504272306,0.540325850533668,0.56856919679503,0.596812543056392,
0.625055889317754,0.681542581840479,0.738029274363203,0.794515966885927,
0.851002659408651,0.907489351931376,0.935732698192738,0.9639760444541,0.968479038897338,
0.972982033340575,0.977485027783813,0.98198802222705,0.990994011113525,
1.),(0.,0.492144389409912,1.),.UNSPECIFIED.);
#21=B_SPLINE_SURFACE_WITH_KNOTS('',3,3,((#4488,#4489,#4490,#4491,#4492),
(#4493,#4494,#4495,#4496,#4497),(#4498,#4499,#4500,#4501,#4502),(#4503,
#4504,#4505,#4506,#4507),(#4508,#4509,#4510,#4511,#4512),(#4513,#4514,#4515,
#4516,#4517),(#4518,#4519,#4520,#4521,#4522),(#4523,#4524,#4525,#4526,#4527),
(#4528,#4529,#4530,#4531,#4532),(#4533,#4534,#4535,#4536,#4537),(#4538,
#4539,#4540,#4541,#4542),(#4543,#4544,#4545,#4546,#4547),(#4548,#4549,#4550,
#4551,#4552),(#4553,#4554,#4555,#4556,#4557),(#4558,#4559,#4560,#4561,#4562),
(#4563,#4564,#4565,#4566,#4567),(#4568,#4569,#4570,#4571,#4572),(#4573,
#4574,#4575,#4576,#4577),(#4578,#4579,#4580,#4581,#4582),(#4583,#4584,#4585,
#4586,#4587),(#4588,#4589,#4590,#4591,#4592),(#4593,#4594,#4595,#4596,#4597),
(#4598,#4599,#4600,#4601,#4602),(#4603,#4604,#4605,#4606,#4607),(#4608,
#4609,#4610,#4611,#4612),(#4613,#4614,#4615,#4616,#4617),(#4618,#4619,#4620,
#4621,#4622),(#4623,#4624,#4625,#4626,#4627),(#4628,#4629,#4630,#4631,#4632),
(#4633,#4634,#4635,#4636,#4637),(#4638,#4639,#4640,#4641,#4642),(#4643,
#4644,#4645,#4646,#4647),(#4648,#4649,#4650,#4651,#4652),(#4653,#4654,#4655,
#4656,#4657),(#4658,#4659,#4660,#4661,#4662),(#4663,#4664,#4665,#4666,#4667),
(#4668,#4669,#4670,#4671,#4672),(#4673,#4674,#4675,#4676,#4677),(#4678,
#4679,#4680,#4681,#4682),(#4683,#4684,#4685,#4686,#4687),(#4688,#4689,#4690,
#4691,#4692),(#4693,#4694,#4695,#4696,#4697),(#4698,#4699,#4700,#4701,#4702),
(#4703,#4704,#4705,#4706,#4707),(#4708,#4709,#4710,#4711,#4712),(#4713,
#4714,#4715,#4716,#4717),(#4718,#4719,#4720,#4721,#4722),(#4723,#4724,#4725,
#4726,#4727),(#4728,#4729,#4730,#4731,#4732),(#4733,#4734,#4735,#4736,#4737),
(#4738,#4739,#4740,#4741,#4742),(#4743,#4744,#4745,#4746,#4747),(#4748,
#4749,#4750,#4751,#4752),(#4753,#4754,#4755,#4756,#4757),(#4758,#4759,#4760,
#4761,#4762),(#4763,#4764,#4765,#4766,#4767),(#4768,#4769,#4770,#4771,#4772),
(#4773,#4774,#4775,#4776,#4777)),.UNSPECIFIED.,.T.,.F.,.F.,(4,1,1,1,1,1,
1,2,1,1,1,1,1,1,1,1,1,1,1,1,1,2,1,1,1,1,1,1,1,2,1,1,1,2,1,1,1,1,1,1,1,1,
1,1,2,1,1,1,1,1,4),(4,1,4),(0.,0.00577497739479568,0.00866246609219352,
0.0115499547895914,0.0144374434869892,0.017324932184387,0.0202124208817849,
0.0230999095791827,0.0495845970253588,0.0760692844715349,0.102553971917711,
0.129038659363887,0.155523346810063,0.182008034256239,0.208492721702415,
0.234977409148591,0.287946784040943,0.340916158933296,0.367400846379472,
0.393885533825648,0.420370221271824,0.446854908718,0.453199798100475,0.459544687482951,
0.465889576865427,0.472234466247902,0.478579355630378,0.484924245012853,
0.491269134395329,0.497614023777805,0.50123114390143,0.504848264025055,
0.50846538414868,0.512082504272306,0.540325850533668,0.56856919679503,0.596812543056392,
0.625055889317754,0.681542581840479,0.738029274363203,0.794515966885927,
0.851002659408651,0.907489351931376,0.935732698192738,0.9639760444541,0.968479038897338,
0.972982033340575,0.977485027783813,0.98198802222705,0.990994011113525,
1.),(0.,0.492144389409912,1.),.UNSPECIFIED.);
#22=B_SPLINE_SURFACE_WITH_KNOTS('',3,3,((#4831,#4832,#4833,#4834,#4835),
(#4836,#4837,#4838,#4839,#4840),(#4841,#4842,#4843,#4844,#4845),(#4846,
#4847,#4848,#4849,#4850),(#4851,#4852,#4853,#4854,#4855),(#4856,#4857,#4858,
#4859,#4860),(#4861,#4862,#4863,#4864,#4865),(#4866,#4867,#4868,#4869,#4870),
(#4871,#4872,#4873,#4874,#4875),(#4876,#4877,#4878,#4879,#4880),(#4881,
#4882,#4883,#4884,#4885),(#4886,#4887,#4888,#4889,#4890),(#4891,#4892,#4893,
#4894,#4895),(#4896,#4897,#4898,#4899,#4900),(#4901,#4902,#4903,#4904,#4905),
(#4906,#4907,#4908,#4909,#4910),(#4911,#4912,#4913,#4914,#4915),(#4916,
#4917,#4918,#4919,#4920),(#4921,#4922,#4923,#4924,#4925),(#4926,#4927,#4928,
#4929,#4930),(#4931,#4932,#4933,#4934,#4935),(#4936,#4937,#4938,#4939,#4940),
(#4941,#4942,#4943,#4944,#4945),(#4946,#4947,#4948,#4949,#4950),(#4951,
#4952,#4953,#4954,#4955),(#4956,#4957,#4958,#4959,#4960),(#4961,#4962,#4963,
#4964,#4965),(#4966,#4967,#4968,#4969,#4970),(#4971,#4972,#4973,#4974,#4975),
(#4976,#4977,#4978,#4979,#4980),(#4981,#4982,#4983,#4984,#4985),(#4986,
#4987,#4988,#4989,#4990),(#4991,#4992,#4993,#4994,#4995),(#4996,#4997,#4998,
#4999,#5000),(#5001,#5002,#5003,#5004,#5005),(#5006,#5007,#5008,#5009,#5010),
(#5011,#5012,#5013,#5014,#5015),(#5016,#5017,#5018,#5019,#5020),(#5021,
#5022,#5023,#5024,#5025),(#5026,#5027,#5028,#5029,#5030),(#5031,#5032,#5033,
#5034,#5035),(#5036,#5037,#5038,#5039,#5040),(#5041,#5042,#5043,#5044,#5045),
(#5046,#5047,#5048,#5049,#5050),(#5051,#5052,#5053,#5054,#5055),(#5056,
#5057,#5058,#5059,#5060),(#5061,#5062,#5063,#5064,#5065),(#5066,#5067,#5068,
#5069,#5070),(#5071,#5072,#5073,#5074,#5075),(#5076,#5077,#5078,#5079,#5080),
(#5081,#5082,#5083,#5084,#5085),(#5086,#5087,#5088,#5089,#5090),(#5091,
#5092,#5093,#5094,#5095),(#5096,#5097,#5098,#5099,#5100),(#5101,#5102,#5103,
#5104,#5105),(#5106,#5107,#5108,#5109,#5110),(#5111,#5112,#5113,#5114,#5115),
(#5116,#5117,#5118,#5119,#5120)),.UNSPECIFIED.,.T.,.F.,.F.,(4,1,1,1,1,1,
1,2,1,1,1,1,1,1,1,1,1,1,1,1,1,2,1,1,1,1,1,1,1,2,1,1,1,2,1,1,1,1,1,1,1,1,
1,1,2,1,1,1,1,1,4),(4,1,4),(0.,0.00577497739479568,0.00866246609219352,
0.0115499547895914,0.0144374434869892,0.017324932184387,0.0202124208817849,
0.0230999095791827,0.0495845970253588,0.0760692844715349,0.102553971917711,
0.129038659363887,0.155523346810063,0.182008034256239,0.208492721702415,
0.234977409148591,0.287946784040943,0.340916158933296,0.367400846379472,
0.393885533825648,0.420370221271824,0.446854908718,0.453199798100475,0.459544687482951,
0.465889576865427,0.472234466247902,0.478579355630378,0.484924245012853,
0.491269134395329,0.497614023777805,0.50123114390143,0.504848264025055,
0.50846538414868,0.512082504272306,0.540325850533668,0.56856919679503,0.596812543056392,
0.625055889317754,0.681542581840479,0.738029274363203,0.794515966885927,
0.851002659408651,0.907489351931376,0.935732698192738,0.9639760444541,0.968479038897338,
0.972982033340575,0.977485027783813,0.98198802222705,0.990994011113525,
1.),(0.,0.492144389409912,1.),.UNSPECIFIED.);
#23=B_SPLINE_SURFACE_WITH_KNOTS('',3,3,((#5221,#5222,#5223,#5224,#5225),
(#5226,#5227,#5228,#5229,#5230),(#5231,#5232,#5233,#5234,#5235),(#5236,
#5237,#5238,#5239,#5240),(#5241,#5242,#5243,#5244,#5245),(#5246,#5247,#5248,
#5249,#5250),(#5251,#5252,#5253,#5254,#5255),(#5256,#5257,#5258,#5259,#5260),
(#5261,#5262,#5263,#5264,#5265),(#5266,#5267,#5268,#5269,#5270),(#5271,
#5272,#5273,#5274,#5275),(#5276,#5277,#5278,#5279,#5280),(#5281,#5282,#5283,
#5284,#5285),(#5286,#5287,#5288,#5289,#5290),(#5291,#5292,#5293,#5294,#5295),
(#5296,#5297,#5298,#5299,#5300),(#5301,#5302,#5303,#5304,#5305),(#5306,
#5307,#5308,#5309,#5310),(#5311,#5312,#5313,#5314,#5315),(#5316,#5317,#5318,
#5319,#5320),(#5321,#5322,#5323,#5324,#5325),(#5326,#5327,#5328,#5329,#5330),
(#5331,#5332,#5333,#5334,#5335),(#5336,#5337,#5338,#5339,#5340),(#5341,
#5342,#5343,#5344,#5345),(#5346,#5347,#5348,#5349,#5350),(#5351,#5352,#5353,
#5354,#5355),(#5356,#5357,#5358,#5359,#5360),(#5361,#5362,#5363,#5364,#5365),
(#5366,#5367,#5368,#5369,#5370),(#5371,#5372,#5373,#5374,#5375),(#5376,
#5377,#5378,#5379,#5380),(#5381,#5382,#5383,#5384,#5385),(#5386,#5387,#5388,
#5389,#5390),(#5391,#5392,#5393,#5394,#5395),(#5396,#5397,#5398,#5399,#5400),
(#5401,#5402,#5403,#5404,#5405),(#5406,#5407,#5408,#5409,#5410),(#5411,
#5412,#5413,#5414,#5415),(#5416,#5417,#5418,#5419,#5420),(#5421,#5422,#5423,
#5424,#5425),(#5426,#5427,#5428,#5429,#5430),(#5431,#5432,#5433,#5434,#5435),
(#5436,#5437,#5438,#5439,#5440),(#5441,#5442,#5443,#5444,#5445),(#5446,
#5447,#5448,#5449,#5450),(#5451,#5452,#5453,#5454,#5455),(#5456,#5457,#5458,
#5459,#5460),(#5461,#5462,#5463,#5464,#5465),(#5466,#5467,#5468,#5469,#5470),
(#5471,#5472,#5473,#5474,#5475),(#5476,#5477,#5478,#5479,#5480),(#5481,
#5482,#5483,#5484,#5485),(#5486,#5487,#5488,#5489,#5490),(#5491,#5492,#5493,
#5494,#5495),(#5496,#5497,#5498,#5499,#5500),(#5501,#5502,#5503,#5504,#5505),
(#5506,#5507,#5508,#5509,#5510)),.UNSPECIFIED.,.T.,.F.,.F.,(4,1,1,1,1,1,
1,2,1,1,1,1,1,1,1,1,1,1,1,1,1,2,1,1,1,1,1,1,1,2,1,1,1,2,1,1,1,1,1,1,1,1,
1,1,2,1,1,1,1,1,4),(4,1,4),(0.,0.00577497739479568,0.00866246609219352,
0.0115499547895914,0.0144374434869892,0.017324932184387,0.0202124208817849,
0.0230999095791827,0.0495845970253588,0.0760692844715349,0.102553971917711,
0.129038659363887,0.155523346810063,0.182008034256239,0.208492721702415,
0.234977409148591,0.287946784040943,0.340916158933296,0.367400846379472,
0.393885533825648,0.420370221271824,0.446854908718,0.453199798100475,0.459544687482951,
0.465889576865427,0.472234466247902,0.478579355630378,0.484924245012853,
0.491269134395329,0.497614023777805,0.50123114390143,0.504848264025055,
0.50846538414868,0.512082504272306,0.540325850533668,0.56856919679503,0.596812543056392,
0.625055889317754,0.681542581840479,0.738029274363203,0.794515966885927,
0.851002659408651,0.907489351931376,0.935732698192738,0.9639760444541,0.968479038897338,
0.972982033340575,0.977485027783813,0.98198802222705,0.990994011113525,
1.),(0.,0.492144389409912,1.),.UNSPECIFIED.);
#24=B_SPLINE_SURFACE_WITH_KNOTS('',3,3,((#5545,#5546,#5547,#5548,#5549),
(#5550,#5551,#5552,#5553,#5554),(#5555,#5556,#5557,#5558,#5559),(#5560,
#5561,#5562,#5563,#5564),(#5565,#5566,#5567,#5568,#5569),(#5570,#5571,#5572,
#5573,#5574),(#5575,#5576,#5577,#5578,#5579),(#5580,#5581,#5582,#5583,#5584),
(#5585,#5586,#5587,#5588,#5589),(#5590,#5591,#5592,#5593,#5594),(#5595,
#5596,#5597,#5598,#5599),(#5600,#5601,#5602,#5603,#5604),(#5605,#5606,#5607,
#5608,#5609),(#5610,#5611,#5612,#5613,#5614),(#5615,#5616,#5617,#5618,#5619),
(#5620,#5621,#5622,#5623,#5624),(#5625,#5626,#5627,#5628,#5629),(#5630,
#5631,#5632,#5633,#5634),(#5635,#5636,#5637,#5638,#5639),(#5640,#5641,#5642,
#5643,#5644),(#5645,#5646,#5647,#5648,#5649),(#5650,#5651,#5652,#5653,#5654),
(#5655,#5656,#5657,#5658,#5659),(#5660,#5661,#5662,#5663,#5664),(#5665,
#5666,#5667,#5668,#5669),(#5670,#5671,#5672,#5673,#5674),(#5675,#5676,#5677,
#5678,#5679),(#5680,#5681,#5682,#5683,#5684),(#5685,#5686,#5687,#5688,#5689),
(#5690,#5691,#5692,#5693,#5694),(#5695,#5696,#5697,#5698,#5699),(#5700,
#5701,#5702,#5703,#5704),(#5705,#5706,#5707,#5708,#5709),(#5710,#5711,#5712,
#5713,#5714),(#5715,#5716,#5717,#5718,#5719),(#5720,#5721,#5722,#5723,#5724),
(#5725,#5726,#5727,#5728,#5729),(#5730,#5731,#5732,#5733,#5734),(#5735,
#5736,#5737,#5738,#5739),(#5740,#5741,#5742,#5743,#5744),(#5745,#5746,#5747,
#5748,#5749),(#5750,#5751,#5752,#5753,#5754),(#5755,#5756,#5757,#5758,#5759),
(#5760,#5761,#5762,#5763,#5764),(#5765,#5766,#5767,#5768,#5769),(#5770,
#5771,#5772,#5773,#5774),(#5775,#5776,#5777,#5778,#5779),(#5780,#5781,#5782,
#5783,#5784),(#5785,#5786,#5787,#5788,#5789),(#5790,#5791,#5792,#5793,#5794),
(#5795,#5796,#5797,#5798,#5799),(#5800,#5801,#5802,#5803,#5804),(#5805,
#5806,#5807,#5808,#5809),(#5810,#5811,#5812,#5813,#5814),(#5815,#5816,#5817,
#5818,#5819),(#5820,#5821,#5822,#5823,#5824),(#5825,#5826,#5827,#5828,#5829),
(#5830,#5831,#5832,#5833,#5834)),.UNSPECIFIED.,.T.,.F.,.F.,(4,1,1,1,1,1,
1,2,1,1,1,1,1,1,1,1,1,1,1,1,1,2,1,1,1,1,1,1,1,2,1,1,1,2,1,1,1,1,1,1,1,1,
1,1,2,1,1,1,1,1,4),(4,1,4),(0.,0.00577497739479568,0.00866246609219352,
0.0115499547895914,0.0144374434869892,0.017324932184387,0.0202124208817849,
0.0230999095791827,0.0495845970253588,0.0760692844715349,0.102553971917711,
0.129038659363887,0.155523346810063,0.182008034256239,0.208492721702415,
0.234977409148591,0.287946784040943,0.340916158933296,0.367400846379472,
0.393885533825648,0.420370221271824,0.446854908718,0.453199798100475,0.459544687482951,
0.465889576865427,0.472234466247902,0.478579355630378,0.484924245012853,
0.491269134395329,0.497614023777805,0.50123114390143,0.504848264025055,
0.50846538414868,0.512082504272306,0.540325850533668,0.56856919679503,0.596812543056392,
0.625055889317754,0.681542581840479,0.738029274363203,0.794515966885927,
0.851002659408651,0.907489351931376,0.935732698192738,0.9639760444541,0.968479038897338,
0.972982033340575,0.977485027783813,0.98198802222705,0.990994011113525,
1.),(0.,0.492144389409912,1.),.UNSPECIFIED.);
#25=B_SPLINE_SURFACE_WITH_KNOTS('',3,3,((#5869,#5870,#5871,#5872,#5873),
(#5874,#5875,#5876,#5877,#5878),(#5879,#5880,#5881,#5882,#5883),(#5884,
#5885,#5886,#5887,#5888),(#5889,#5890,#5891,#5892,#5893),(#5894,#5895,#5896,
#5897,#5898),(#5899,#5900,#5901,#5902,#5903),(#5904,#5905,#5906,#5907,#5908),
(#5909,#5910,#5911,#5912,#5913),(#5914,#5915,#5916,#5917,#5918),(#5919,
#5920,#5921,#5922,#5923),(#5924,#5925,#5926,#5927,#5928),(#5929,#5930,#5931,
#5932,#5933),(#5934,#5935,#5936,#5937,#5938),(#5939,#5940,#5941,#5942,#5943),
(#5944,#5945,#5946,#5947,#5948),(#5949,#5950,#5951,#5952,#5953),(#5954,
#5955,#5956,#5957,#5958),(#5959,#5960,#5961,#5962,#5963),(#5964,#5965,#5966,
#5967,#5968),(#5969,#5970,#5971,#5972,#5973),(#5974,#5975,#5976,#5977,#5978),
(#5979,#5980,#5981,#5982,#5983),(#5984,#5985,#5986,#5987,#5988),(#5989,
#5990,#5991,#5992,#5993),(#5994,#5995,#5996,#5997,#5998),(#5999,#6000,#6001,
#6002,#6003),(#6004,#6005,#6006,#6007,#6008),(#6009,#6010,#6011,#6012,#6013),
(#6014,#6015,#6016,#6017,#6018),(#6019,#6020,#6021,#6022,#6023),(#6024,
#6025,#6026,#6027,#6028),(#6029,#6030,#6031,#6032,#6033),(#6034,#6035,#6036,
#6037,#6038),(#6039,#6040,#6041,#6042,#6043),(#6044,#6045,#6046,#6047,#6048),
(#6049,#6050,#6051,#6052,#6053),(#6054,#6055,#6056,#6057,#6058),(#6059,
#6060,#6061,#6062,#6063),(#6064,#6065,#6066,#6067,#6068),(#6069,#6070,#6071,
#6072,#6073),(#6074,#6075,#6076,#6077,#6078),(#6079,#6080,#6081,#6082,#6083),
(#6084,#6085,#6086,#6087,#6088),(#6089,#6090,#6091,#6092,#6093),(#6094,
#6095,#6096,#6097,#6098),(#6099,#6100,#6101,#6102,#6103),(#6104,#6105,#6106,
#6107,#6108),(#6109,#6110,#6111,#6112,#6113),(#6114,#6115,#6116,#6117,#6118),
(#6119,#6120,#6121,#6122,#6123),(#6124,#6125,#6126,#6127,#6128),(#6129,
#6130,#6131,#6132,#6133),(#6134,#6135,#6136,#6137,#6138),(#6139,#6140,#6141,
#6142,#6143),(#6144,#6145,#6146,#6147,#6148),(#6149,#6150,#6151,#6152,#6153),
(#6154,#6155,#6156,#6157,#6158)),.UNSPECIFIED.,.T.,.F.,.F.,(4,1,1,1,1,1,
1,2,1,1,1,1,1,1,1,1,1,1,1,1,1,2,1,1,1,1,1,1,1,2,1,1,1,2,1,1,1,1,1,1,1,1,
1,1,2,1,1,1,1,1,4),(4,1,4),(0.,0.00577497739479568,0.00866246609219352,
0.0115499547895914,0.0144374434869892,0.017324932184387,0.0202124208817849,
0.0230999095791827,0.0495845970253588,0.0760692844715349,0.102553971917711,
0.129038659363887,0.155523346810063,0.182008034256239,0.208492721702415,
0.234977409148591,0.287946784040943,0.340916158933296,0.367400846379472,
0.393885533825648,0.420370221271824,0.446854908718,0.453199798100475,0.459544687482951,
0.465889576865427,0.472234466247902,0.478579355630378,0.484924245012853,
0.491269134395329,0.497614023777805,0.50123114390143,0.504848264025055,
0.50846538414868,0.512082504272306,0.540325850533668,0.56856919679503,0.596812543056392,
0.625055889317754,0.681542581840479,0.738029274363203,0.794515966885927,
0.851002659408651,0.907489351931376,0.935732698192738,0.9639760444541,0.968479038897338,
0.972982033340575,0.977485027783813,0.98198802222705,0.990994011113525,
1.),(0.,0.492144389409912,1.),.UNSPECIFIED.);
#26=B_SPLINE_SURFACE_WITH_KNOTS('',3,3,((#6183,#6184,#6185,#6186,#6187),
(#6188,#6189,#6190,#6191,#6192),(#6193,#6194,#6195,#6196,#6197),(#6198,
#6199,#6200,#6201,#6202),(#6203,#6204,#6205,#6206,#6207),(#6208,#6209,#6210,
#6211,#6212),(#6213,#6214,#6215,#6216,#6217),(#6218,#6219,#6220,#6221,#6222),
(#6223,#6224,#6225,#6226,#6227),(#6228,#6229,#6230,#6231,#6232),(#6233,
#6234,#6235,#6236,#6237),(#6238,#6239,#6240,#6241,#6242),(#6243,#6244,#6245,
#6246,#6247),(#6248,#6249,#6250,#6251,#6252),(#6253,#6254,#6255,#6256,#6257),
(#6258,#6259,#6260,#6261,#6262),(#6263,#6264,#6265,#6266,#6267),(#6268,
#6269,#6270,#6271,#6272),(#6273,#6274,#6275,#6276,#6277),(#6278,#6279,#6280,
#6281,#6282),(#6283,#6284,#6285,#6286,#6287),(#6288,#6289,#6290,#6291,#6292),
(#6293,#6294,#6295,#6296,#6297),(#6298,#6299,#6300,#6301,#6302),(#6303,
#6304,#6305,#6306,#6307),(#6308,#6309,#6310,#6311,#6312),(#6313,#6314,#6315,
#6316,#6317),(#6318,#6319,#6320,#6321,#6322),(#6323,#6324,#6325,#6326,#6327),
(#6328,#6329,#6330,#6331,#6332),(#6333,#6334,#6335,#6336,#6337),(#6338,
#6339,#6340,#6341,#6342),(#6343,#6344,#6345,#6346,#6347),(#6348,#6349,#6350,
#6351,#6352),(#6353,#6354,#6355,#6356,#6357),(#6358,#6359,#6360,#6361,#6362),
(#6363,#6364,#6365,#6366,#6367),(#6368,#6369,#6370,#6371,#6372),(#6373,
#6374,#6375,#6376,#6377),(#6378,#6379,#6380,#6381,#6382),(#6383,#6384,#6385,
#6386,#6387),(#6388,#6389,#6390,#6391,#6392),(#6393,#6394,#6395,#6396,#6397),
(#6398,#6399,#6400,#6401,#6402),(#6403,#6404,#6405,#6406,#6407),(#6408,
#6409,#6410,#6411,#6412),(#6413,#6414,#6415,#6416,#6417),(#6418,#6419,#6420,
#6421,#6422),(#6423,#6424,#6425,#6426,#6427),(#6428,#6429,#6430,#6431,#6432),
(#6433,#6434,#6435,#6436,#6437),(#6438,#6439,#6440,#6441,#6442),(#6443,
#6444,#6445,#6446,#6447),(#6448,#6449,#6450,#6451,#6452),(#6453,#6454,#6455,
#6456,#6457),(#6458,#6459,#6460,#6461,#6462),(#6463,#6464,#6465,#6466,#6467),
(#6468,#6469,#6470,#6471,#6472)),.UNSPECIFIED.,.T.,.F.,.F.,(4,1,1,1,1,1,
1,2,1,1,1,1,1,1,1,1,1,1,1,1,1,2,1,1,1,1,1,1,1,2,1,1,1,2,1,1,1,1,1,1,1,1,
1,1,2,1,1,1,1,1,4),(4,1,4),(0.,0.00577497739479568,0.00866246609219352,
0.0115499547895914,0.0144374434869892,0.017324932184387,0.0202124208817849,
0.0230999095791827,0.0495845970253588,0.0760692844715349,0.102553971917711,
0.129038659363887,0.155523346810063,0.182008034256239,0.208492721702415,
0.234977409148591,0.287946784040943,0.340916158933296,0.367400846379472,
0.393885533825648,0.420370221271824,0.446854908718,0.453199798100475,0.459544687482951,
0.465889576865427,0.472234466247902,0.478579355630378,0.484924245012853,
0.491269134395329,0.497614023777805,0.50123114390143,0.504848264025055,
0.50846538414868,0.512082504272306,0.540325850533668,0.56856919679503,0.596812543056392,
0.625055889317754,0.681542581840479,0.738029274363203,0.794515966885927,
0.851002659408651,0.907489351931376,0.935732698192738,0.9639760444541,0.968479038897338,
0.972982033340575,0.977485027783813,0.98198802222705,0.990994011113525,
1.),(0.,0.492144389409912,1.),.UNSPECIFIED.);
#27=B_SPLINE_SURFACE_WITH_KNOTS('',3,3,((#6499,#6500,#6501,#6502,#6503),
(#6504,#6505,#6506,#6507,#6508),(#6509,#6510,#6511,#6512,#6513),(#6514,
#6515,#6516,#6517,#6518),(#6519,#6520,#6521,#6522,#6523),(#6524,#6525,#6526,
#6527,#6528),(#6529,#6530,#6531,#6532,#6533),(#6534,#6535,#6536,#6537,#6538),
(#6539,#6540,#6541,#6542,#6543),(#6544,#6545,#6546,#6547,#6548),(#6549,
#6550,#6551,#6552,#6553),(#6554,#6555,#6556,#6557,#6558),(#6559,#6560,#6561,
#6562,#6563),(#6564,#6565,#6566,#6567,#6568),(#6569,#6570,#6571,#6572,#6573),
(#6574,#6575,#6576,#6577,#6578),(#6579,#6580,#6581,#6582,#6583),(#6584,
#6585,#6586,#6587,#6588),(#6589,#6590,#6591,#6592,#6593),(#6594,#6595,#6596,
#6597,#6598),(#6599,#6600,#6601,#6602,#6603),(#6604,#6605,#6606,#6607,#6608),
(#6609,#6610,#6611,#6612,#6613),(#6614,#6615,#6616,#6617,#6618),(#6619,
#6620,#6621,#6622,#6623),(#6624,#6625,#6626,#6627,#6628),(#6629,#6630,#6631,
#6632,#6633),(#6634,#6635,#6636,#6637,#6638),(#6639,#6640,#6641,#6642,#6643),
(#6644,#6645,#6646,#6647,#6648),(#6649,#6650,#6651,#6652,#6653),(#6654,
#6655,#6656,#6657,#6658),(#6659,#6660,#6661,#6662,#6663),(#6664,#6665,#6666,
#6667,#6668),(#6669,#6670,#6671,#6672,#6673),(#6674,#6675,#6676,#6677,#6678),
(#6679,#6680,#6681,#6682,#6683),(#6684,#6685,#6686,#6687,#6688),(#6689,
#6690,#6691,#6692,#6693),(#6694,#6695,#6696,#6697,#6698),(#6699,#6700,#6701,
#6702,#6703),(#6704,#6705,#6706,#6707,#6708),(#6709,#6710,#6711,#6712,#6713),
(#6714,#6715,#6716,#6717,#6718),(#6719,#6720,#6721,#6722,#6723),(#6724,
#6725,#6726,#6727,#6728),(#6729,#6730,#6731,#6732,#6733),(#6734,#6735,#6736,
#6737,#6738),(#6739,#6740,#6741,#6742,#6743),(#6744,#6745,#6746,#6747,#6748),
(#6749,#6750,#6751,#6752,#6753),(#6754,#6755,#6756,#6757,#6758),(#6759,
#6760,#6761,#6762,#6763),(#6764,#6765,#6766,#6767,#6768),(#6769,#6770,#6771,
#6772,#6773),(#6774,#6775,#6776,#6777,#6778),(#6779,#6780,#6781,#6782,#6783),
(#6784,#6785,#6786,#6787,#6788)),.UNSPECIFIED.,.T.,.F.,.F.,(4,1,1,1,1,1,
1,2,1,1,1,1,1,1,1,1,1,1,1,1,1,2,1,1,1,1,1,1,1,2,1,1,1,2,1,1,1,1,1,1,1,1,
1,1,2,1,1,1,1,1,4),(4,1,4),(0.,0.00577497739479568,0.00866246609219352,
0.0115499547895914,0.0144374434869892,0.017324932184387,0.0202124208817849,
0.0230999095791827,0.0495845970253588,0.0760692844715349,0.102553971917711,
0.129038659363887,0.155523346810063,0.182008034256239,0.208492721702415,
0.234977409148591,0.287946784040943,0.340916158933296,0.367400846379472,
0.393885533825648,0.420370221271824,0.446854908718,0.453199798100475,0.459544687482951,
0.465889576865427,0.472234466247902,0.478579355630378,0.484924245012853,
0.491269134395329,0.497614023777805,0.50123114390143,0.504848264025055,
0.50846538414868,0.512082504272306,0.540325850533668,0.56856919679503,0.596812543056392,
0.625055889317754,0.681542581840479,0.738029274363203,0.794515966885927,
0.851002659408651,0.907489351931376,0.935732698192738,0.9639760444541,0.968479038897338,
0.972982033340575,0.977485027783813,0.98198802222705,0.990994011113525,
1.),(0.,0.492144389409912,1.),.UNSPECIFIED.);
#28=B_SPLINE_SURFACE_WITH_KNOTS('',3,3,((#6815,#6816,#6817,#6818,#6819),
(#6820,#6821,#6822,#6823,#6824),(#6825,#6826,#6827,#6828,#6829),(#6830,
#6831,#6832,#6833,#6834),(#6835,#6836,#6837,#6838,#6839),(#6840,#6841,#6842,
#6843,#6844),(#6845,#6846,#6847,#6848,#6849),(#6850,#6851,#6852,#6853,#6854),
(#6855,#6856,#6857,#6858,#6859),(#6860,#6861,#6862,#6863,#6864),(#6865,
#6866,#6867,#6868,#6869),(#6870,#6871,#6872,#6873,#6874),(#6875,#6876,#6877,
#6878,#6879),(#6880,#6881,#6882,#6883,#6884),(#6885,#6886,#6887,#6888,#6889),
(#6890,#6891,#6892,#6893,#6894),(#6895,#6896,#6897,#6898,#6899),(#6900,
#6901,#6902,#6903,#6904),(#6905,#6906,#6907,#6908,#6909),(#6910,#6911,#6912,
#6913,#6914),(#6915,#6916,#6917,#6918,#6919),(#6920,#6921,#6922,#6923,#6924),
(#6925,#6926,#6927,#6928,#6929),(#6930,#6931,#6932,#6933,#6934),(#6935,
#6936,#6937,#6938,#6939),(#6940,#6941,#6942,#6943,#6944),(#6945,#6946,#6947,
#6948,#6949),(#6950,#6951,#6952,#6953,#6954),(#6955,#6956,#6957,#6958,#6959),
(#6960,#6961,#6962,#6963,#6964),(#6965,#6966,#6967,#6968,#6969),(#6970,
#6971,#6972,#6973,#6974),(#6975,#6976,#6977,#6978,#6979),(#6980,#6981,#6982,
#6983,#6984),(#6985,#6986,#6987,#6988,#6989),(#6990,#6991,#6992,#6993,#6994),
(#6995,#6996,#6997,#6998,#6999),(#7000,#7001,#7002,#7003,#7004),(#7005,
#7006,#7007,#7008,#7009),(#7010,#7011,#7012,#7013,#7014),(#7015,#7016,#7017,
#7018,#7019),(#7020,#7021,#7022,#7023,#7024),(#7025,#7026,#7027,#7028,#7029),
(#7030,#7031,#7032,#7033,#7034),(#7035,#7036,#7037,#7038,#7039),(#7040,
#7041,#7042,#7043,#7044),(#7045,#7046,#7047,#7048,#7049),(#7050,#7051,#7052,
#7053,#7054),(#7055,#7056,#7057,#7058,#7059),(#7060,#7061,#7062,#7063,#7064),
(#7065,#7066,#7067,#7068,#7069),(#7070,#7071,#7072,#7073,#7074),(#7075,
#7076,#7077,#7078,#7079),(#7080,#7081,#7082,#7083,#7084),(#7085,#7086,#7087,
#7088,#7089),(#7090,#7091,#7092,#7093,#7094),(#7095,#7096,#7097,#7098,#7099),
(#7100,#7101,#7102,#7103,#7104)),.UNSPECIFIED.,.T.,.F.,.F.,(4,1,1,1,1,1,
1,2,1,1,1,1,1,1,1,1,1,1,1,1,1,2,1,1,1,1,1,1,1,2,1,1,1,2,1,1,1,1,1,1,1,1,
1,1,2,1,1,1,1,1,4),(4,1,4),(0.,0.00577497739479568,0.00866246609219352,
0.0115499547895914,0.0144374434869892,0.017324932184387,0.0202124208817849,
0.0230999095791827,0.0495845970253588,0.0760692844715349,0.102553971917711,
0.129038659363887,0.155523346810063,0.182008034256239,0.208492721702415,
0.234977409148591,0.287946784040943,0.340916158933296,0.367400846379472,
0.393885533825648,0.420370221271824,0.446854908718,0.453199798100475,0.459544687482951,
0.465889576865427,0.472234466247902,0.478579355630378,0.484924245012853,
0.491269134395329,0.497614023777805,0.50123114390143,0.504848264025055,
0.50846538414868,0.512082504272306,0.540325850533668,0.56856919679503,0.596812543056392,
0.625055889317754,0.681542581840479,0.738029274363203,0.794515966885927,
0.851002659408651,0.907489351931376,0.935732698192738,0.9639760444541,0.968479038897338,
0.972982033340575,0.977485027783813,0.98198802222705,0.990994011113525,
1.),(0.,0.492144389409912,1.),.UNSPECIFIED.);
#29=B_SPLINE_SURFACE_WITH_KNOTS('',3,3,((#7137,#7138,#7139,#7140,#7141),
(#7142,#7143,#7144,#7145,#7146),(#7147,#7148,#7149,#7150,#7151),(#7152,
#7153,#7154,#7155,#7156),(#7157,#7158,#7159,#7160,#7161),(#7162,#7163,#7164,
#7165,#7166),(#7167,#7168,#7169,#7170,#7171),(#7172,#7173,#7174,#7175,#7176),
(#7177,#7178,#7179,#7180,#7181),(#7182,#7183,#7184,#7185,#7186),(#7187,
#7188,#7189,#7190,#7191),(#7192,#7193,#7194,#7195,#7196),(#7197,#7198,#7199,
#7200,#7201),(#7202,#7203,#7204,#7205,#7206),(#7207,#7208,#7209,#7210,#7211),
(#7212,#7213,#7214,#7215,#7216),(#7217,#7218,#7219,#7220,#7221),(#7222,
#7223,#7224,#7225,#7226),(#7227,#7228,#7229,#7230,#7231),(#7232,#7233,#7234,
#7235,#7236),(#7237,#7238,#7239,#7240,#7241),(#7242,#7243,#7244,#7245,#7246),
(#7247,#7248,#7249,#7250,#7251),(#7252,#7253,#7254,#7255,#7256),(#7257,
#7258,#7259,#7260,#7261),(#7262,#7263,#7264,#7265,#7266),(#7267,#7268,#7269,
#7270,#7271),(#7272,#7273,#7274,#7275,#7276),(#7277,#7278,#7279,#7280,#7281),
(#7282,#7283,#7284,#7285,#7286),(#7287,#7288,#7289,#7290,#7291),(#7292,
#7293,#7294,#7295,#7296),(#7297,#7298,#7299,#7300,#7301),(#7302,#7303,#7304,
#7305,#7306),(#7307,#7308,#7309,#7310,#7311),(#7312,#7313,#7314,#7315,#7316),
(#7317,#7318,#7319,#7320,#7321),(#7322,#7323,#7324,#7325,#7326),(#7327,
#7328,#7329,#7330,#7331),(#7332,#7333,#7334,#7335,#7336),(#7337,#7338,#7339,
#7340,#7341),(#7342,#7343,#7344,#7345,#7346),(#7347,#7348,#7349,#7350,#7351),
(#7352,#7353,#7354,#7355,#7356),(#7357,#7358,#7359,#7360,#7361),(#7362,
#7363,#7364,#7365,#7366),(#7367,#7368,#7369,#7370,#7371),(#7372,#7373,#7374,
#7375,#7376),(#7377,#7378,#7379,#7380,#7381),(#7382,#7383,#7384,#7385,#7386),
(#7387,#7388,#7389,#7390,#7391),(#7392,#7393,#7394,#7395,#7396),(#7397,
#7398,#7399,#7400,#7401),(#7402,#7403,#7404,#7405,#7406),(#7407,#7408,#7409,
#7410,#7411),(#7412,#7413,#7414,#7415,#7416),(#7417,#7418,#7419,#7420,#7421),
(#7422,#7423,#7424,#7425,#7426)),.UNSPECIFIED.,.T.,.F.,.F.,(4,1,1,1,1,1,
1,2,1,1,1,1,1,1,1,1,1,1,1,1,1,2,1,1,1,1,1,1,1,2,1,1,1,2,1,1,1,1,1,1,1,1,
1,1,2,1,1,1,1,1,4),(4,1,4),(0.,0.00577497739479568,0.00866246609219352,
0.0115499547895914,0.0144374434869892,0.017324932184387,0.0202124208817849,
0.0230999095791827,0.0495845970253588,0.0760692844715349,0.102553971917711,
0.129038659363887,0.155523346810063,0.182008034256239,0.208492721702415,
0.234977409148591,0.287946784040943,0.340916158933296,0.367400846379472,
0.393885533825648,0.420370221271824,0.446854908718,0.453199798100475,0.459544687482951,
0.465889576865427,0.472234466247902,0.478579355630378,0.484924245012853,
0.491269134395329,0.497614023777805,0.50123114390143,0.504848264025055,
0.50846538414868,0.512082504272306,0.540325850533668,0.56856919679503,0.596812543056392,
0.625055889317754,0.681542581840479,0.738029274363203,0.794515966885927,
0.851002659408651,0.907489351931376,0.935732698192738,0.9639760444541,0.968479038897338,
0.972982033340575,0.977485027783813,0.98198802222705,0.990994011113525,
1.),(0.,0.492144389409912,1.),.UNSPECIFIED.);
#30=FACE_BOUND('',#278,.T.);
#31=FACE_BOUND('',#279,.T.);
#32=FACE_BOUND('',#280,.T.);
#33=FACE_BOUND('',#281,.T.);
#34=FACE_BOUND('',#282,.T.);
#35=FACE_BOUND('',#283,.T.);
#36=FACE_BOUND('',#305,.T.);
#37=FACE_BOUND('',#306,.T.);
#38=FACE_BOUND('',#307,.T.);
#39=FACE_BOUND('',#308,.T.);
#40=FACE_BOUND('',#309,.T.);
#41=FACE_BOUND('',#310,.T.);
#42=FACE_BOUND('',#311,.T.);
#43=FACE_BOUND('',#324,.T.);
#44=FACE_BOUND('',#325,.T.);
#45=FACE_BOUND('',#326,.T.);
#46=FACE_BOUND('',#327,.T.);
#47=FACE_BOUND('',#328,.T.);
#48=FACE_BOUND('',#342,.T.);
#49=CONICAL_SURFACE('',#1407,19.05,0.785398163397469);
#50=CONICAL_SURFACE('',#1419,19.0499999999976,0.785398163397614);
#51=CONICAL_SURFACE('',#1426,19.0500000000009,0.785398163397419);
#52=CONICAL_SURFACE('',#1463,19.0500000000014,0.785398163397429);
#53=TOROIDAL_SURFACE('',#1382,9.5,0.499999999999998);
#54=B_SPLINE_CURVE_WITH_KNOTS('',3,(#1892,#1893,#1894,#1895,#1896,#1897,
#1898,#1899,#1900,#1901,#1902,#1903),.UNSPECIFIED.,.F.,.F.,(4,2,2,2,2,4),
(-0.209466167471264,-0.193687768916202,-0.162883732391118,-0.137564817555886,
-0.12490536013827,-0.112245902720654),.UNSPECIFIED.);
#55=B_SPLINE_CURVE_WITH_KNOTS('',3,(#1969,#1970,#1971,#1972,#1973,#1974,
#1975,#1976,#1977,#1978,#1979,#1980),.UNSPECIFIED.,.F.,.F.,(4,2,2,2,2,4),
(0.000927741029966825,0.0255846645465658,0.0511693290931315,0.0721988916272269,
0.0827136728942745,0.0932284541613222),.UNSPECIFIED.);
#56=B_SPLINE_CURVE_WITH_KNOTS('',3,(#1985,#1986,#1987,#1988,#1989,#1990,
#1991,#1992,#1993,#1994,#1995,#1996,#1997,#1998,#1999,#2000,#2001,#2002,
#2003),.UNSPECIFIED.,.F.,.F.,(4,3,3,3,3,3,4),(0.0703614440771276,0.0874658234276691,
0.0998130229742669,0.10920937119298,0.117322038902674,0.125311994474929,
0.131719917814227),.UNSPECIFIED.);
#57=B_SPLINE_CURVE_WITH_KNOTS('',3,(#2026,#2027,#2028,#2029,#2030,#2031,
#2032,#2033,#2034,#2035,#2036,#2037,#2038,#2039,#2040,#2041,#2042,#2043,
#2044,#2045,#2046,#2047,#2048,#2049,#2050,#2051,#2052,#2053,#2054,#2055,
#2056,#2057,#2058,#2059,#2060,#2061,#2062,#2063,#2064,#2065,#2066,#2067,
#2068,#2069,#2070,#2071,#2072,#2073,#2074,#2075,#2076,#2077,#2078,#2079,
#2080,#2081,#2082,#2083,#2084,#2085,#2086,#2087,#2088,#2089,#2090,#2091,
#2092),.UNSPECIFIED.,.F.,.F.,(4,3,3,3,3,3,3,3,3,3,3,3,3,3,3,3,3,3,3,3,3,
3,4),(0.131719917814227,0.13402639388563,0.169964950630101,0.206507880894316,
0.246329035876326,0.290347162373144,0.391099559702533,0.500917900012037,
0.556142591607462,0.611533823825556,0.666944699757446,0.723209449457576,
0.781983016886936,0.845938200939806,0.920941593594348,1.03367832645626,
1.05520460173017,1.08280893675042,1.11010760822099,1.13870576302742,1.17263934475962,
1.21945075074696,1.31474257705437),.UNSPECIFIED.);
#58=B_SPLINE_CURVE_WITH_KNOTS('',3,(#2094,#2095,#2096,#2097,#2098,#2099,
#2100,#2101,#2102,#2103,#2104,#2105,#2106,#2107,#2108,#2109,#2110,#2111,
#2112,#2113,#2114,#2115,#2116,#2117,#2118,#2119,#2120,#2121,#2122,#2123,
#2124,#2125,#2126,#2127,#2128,#2129,#2130,#2131,#2132,#2133,#2134,#2135,
#2136,#2137,#2138,#2139,#2140,#2141,#2142,#2143,#2144,#2145,#2146,#2147,
#2148,#2149,#2150,#2151,#2152,#2153,#2154,#2155,#2156,#2157,#2158,#2159,
#2160,#2161,#2162,#2163,#2164,#2165,#2166,#2167,#2168,#2169,#2170,#2171,
#2172),.UNSPECIFIED.,.F.,.F.,(4,3,3,3,3,3,3,3,3,3,3,3,3,3,3,3,3,3,3,3,3,
3,3,3,3,3,4),(1.00004046087393E-6,0.00195465463857432,0.0300006152279506,
0.0356694041337342,0.0849501513569064,0.113132694520706,0.141586547167199,
0.167691906150152,0.191909537303796,0.215772941454448,0.266216471661546,
0.340849601270641,0.449910626460078,0.533472511251875,0.606045122119226,
0.67477811104201,0.743664204086665,0.779936768270336,0.82750006015846,0.836789947659551,
0.907654477621172,0.93856421337256,0.973878139276084,0.979430229764691,
0.984968492119338,0.990674452496644,0.992747192293022),.UNSPECIFIED.);
#59=B_SPLINE_CURVE_WITH_KNOTS('',3,(#2173,#2174,#2175,#2176,#2177,#2178,
#2179,#2180,#2181,#2182,#2183,#2184,#2185),.UNSPECIFIED.,.F.,.F.,(4,3,3,
3,4),(9.99999999973016E-7,0.00620039309559583,0.0359707630234583,0.067625731654724,
0.0703614440771276),.UNSPECIFIED.);
#60=B_SPLINE_CURVE_WITH_KNOTS('',3,(#2188,#2189,#2190,#2191,#2192,#2193,
#2194,#2195,#2196,#2197,#2198,#2199,#2200,#2201,#2202,#2203,#2204,#2205,
#2206,#2207,#2208,#2209,#2210,#2211,#2212,#2213,#2214,#2215,#2216,#2217,
#2218,#2219,#2220,#2221,#2222,#2223,#2224,#2225),.UNSPECIFIED.,.F.,.F.,
(4,2,2,2,2,2,2,2,2,2,2,2,2,2,2,2,2,2,4),(-1.59610806880723,-1.44015690500847,
-1.30390962818554,-1.12923340753043,-1.04321205384128,-0.864681620270459,
-0.782473876993358,-0.590624060226418,-0.315368034869271,-0.148648741888573,
-0.135028964798092,-0.126544825661977,-0.115553905882784,-0.105186376404574,
-0.09350761173237,-0.0768489270957941,-0.0482462389788979,-0.0183150143768943,
-1.00001215441736E-6),.UNSPECIFIED.);
#61=B_SPLINE_CURVE_WITH_KNOTS('',3,(#2226,#2227,#2228,#2229,#2230,#2231,
#2232,#2233,#2234,#2235,#2236,#2237,#2238,#2239,#2240,#2241,#2242,#2243,
#2244,#2245,#2246,#2247,#2248,#2249,#2250,#2251,#2252,#2253,#2254,#2255,
#2256,#2257,#2258,#2259),.UNSPECIFIED.,.F.,.F.,(4,2,2,2,2,2,2,2,2,2,2,2,
2,2,2,2,4),(1.00002865358129E-6,0.00274889759804097,0.00555388310256063,
0.0112452540478611,0.0229494440795114,0.0311246474826694,0.0534315565525136,
0.0686673897235723,0.0795574328159077,0.0834831517275502,0.0970437812439605,
0.111685862233875,0.147449265199085,0.167508740030432,0.177786262031429,
0.184796528046015,0.193553774816077),.UNSPECIFIED.);
#62=B_SPLINE_CURVE_WITH_KNOTS('',3,(#2262,#2263,#2264,#2265,#2266,#2267,
#2268,#2269,#2270,#2271,#2272,#2273,#2274,#2275,#2276,#2277,#2278,#2279,
#2280,#2281,#2282,#2283,#2284,#2285,#2286,#2287,#2288,#2289,#2290,#2291,
#2292,#2293,#2294,#2295,#2296,#2297,#2298,#2299,#2300,#2301,#2302,#2303,
#2304,#2305,#2306,#2307,#2308,#2309,#2310,#2311,#2312,#2313,#2314,#2315,
#2316,#2317,#2318,#2319,#2320,#2321,#2322,#2323,#2324,#2325,#2326,#2327,
#2328,#2329,#2330,#2331),.UNSPECIFIED.,.F.,.F.,(4,3,3,3,3,3,3,3,3,3,3,3,
3,3,3,3,3,3,3,3,3,3,3,4),(1.00003683844692E-6,0.0288372464497049,0.0646664852047826,
0.0806024579475325,0.0964540533899913,0.111412047837973,0.11221051711103,
0.125174033905847,0.132077576031042,0.140662621192907,0.152391528785428,
0.173082005903914,0.192059429066524,0.211008826905396,0.229902825936388,
0.248877544275365,0.258382565200592,0.268070759301659,0.27755395268441,
0.284512275271091,0.285463450403784,0.286482734329585,0.287632640724974,
0.288086351658317),.UNSPECIFIED.);
#63=B_SPLINE_CURVE_WITH_KNOTS('',3,(#2332,#2333,#2334,#2335,#2336,#2337,
#2338,#2339,#2340,#2341,#2342,#2343,#2344,#2345,#2346,#2347,#2348,#2349,
#2350,#2351,#2352,#2353,#2354,#2355,#2356,#2357,#2358,#2359,#2360,#2361,
#2362,#2363,#2364,#2365,#2366,#2367),.UNSPECIFIED.,.F.,.F.,(4,2,2,2,2,2,
2,2,2,2,2,2,2,2,2,2,2,4),(1.00000141476932E-6,0.0213780960240468,0.0418727261913161,
0.0646869174369252,0.0959189812737493,0.130965991935483,0.163855841779072,
0.206661581973038,0.239637622455897,0.383825961898741,0.61441282663847,
0.926522269567665,1.37229723886078,1.47258495862306,1.58723367688272,1.63834714897824,
1.66230135080906,1.68574782076716),.UNSPECIFIED.);
#64=B_SPLINE_CURVE_WITH_KNOTS('',3,(#2370,#2371,#2372,#2373,#2374,#2375,
#2376,#2377,#2378,#2379,#2380,#2381,#2382,#2383,#2384,#2385,#2386,#2387,
#2388,#2389,#2390,#2391,#2392,#2393,#2394,#2395,#2396,#2397,#2398,#2399,
#2400,#2401,#2402,#2403,#2404,#2405,#2406,#2407,#2408,#2409,#2410,#2411,
#2412,#2413,#2414,#2415,#2416,#2417,#2418,#2419,#2420,#2421,#2422,#2423,
#2424,#2425,#2426,#2427,#2428,#2429,#2430,#2431,#2432,#2433,#2434,#2435,
#2436,#2437,#2438,#2439),.UNSPECIFIED.,.F.,.F.,(4,3,3,3,3,3,3,3,3,3,3,3,
3,3,3,3,3,3,3,3,3,3,3,4),(1.0000368266417E-6,0.0288262745625639,0.064473214276629,
0.0803141672986153,0.0961167425594372,0.111060475425233,0.111965974281415,
0.12480904107405,0.131153516407074,0.140185628071525,0.151714122371298,
0.171807739222808,0.190240174392347,0.20864815598987,0.227001403819883,
0.24543028157688,0.254658032849167,0.264066911958389,0.273251915951385,
0.279991835641321,0.280914556483789,0.281903527715905,0.283019437885781,
0.283459797835679),.UNSPECIFIED.);
#65=B_SPLINE_CURVE_WITH_KNOTS('',3,(#2440,#2441,#2442,#2443,#2444,#2445,
#2446,#2447,#2448,#2449,#2450,#2451,#2452,#2453,#2454,#2455,#2456,#2457,
#2458,#2459,#2460,#2461,#2462,#2463,#2464,#2465,#2466,#2467,#2468,#2469,
#2470,#2471,#2472,#2473,#2474,#2475),.UNSPECIFIED.,.F.,.F.,(4,2,2,2,2,2,
2,2,2,2,2,2,2,2,2,2,2,4),(1.00001094848491E-6,0.0203538819823269,0.0601912572668536,
0.136369789531321,0.245271428096531,0.400711713791695,0.645552762299164,
1.0234078194796,1.34667744841747,14.072668244346,24.6396581668905,29.6802049417536,
35.6859822074071,41.5861428716861,45.2414105552021,46.6175665619914,47.2740100282175,
47.9241566345589),.UNSPECIFIED.);
#66=B_SPLINE_CURVE_WITH_KNOTS('',3,(#2478,#2479,#2480,#2481,#2482,#2483,
#2484,#2485,#2486,#2487,#2488,#2489,#2490,#2491,#2492,#2493,#2494,#2495,
#2496,#2497,#2498,#2499,#2500,#2501,#2502,#2503,#2504,#2505,#2506,#2507,
#2508,#2509,#2510,#2511,#2512,#2513),.UNSPECIFIED.,.F.,.F.,(4,2,2,2,2,2,
2,2,2,2,2,2,2,2,2,2,2,4),(-6.30692665928965,-6.28918486620679,-6.27127226014106,
-6.23372353713595,-6.13371838194474,-5.97067075547117,-5.60888503360756,
-4.72220894763474,-2.90765491689418,-0.83641420993079,-0.692610570081527,
-0.524987102344072,-0.377113876877798,-0.237706940841194,-0.131950063245762,
-0.0656010923731631,-0.0229776885738695,-1.0000102843577E-6),
 .UNSPECIFIED.);
#67=B_SPLINE_CURVE_WITH_KNOTS('',3,(#2514,#2515,#2516,#2517,#2518,#2519,
#2520,#2521,#2522,#2523,#2524,#2525,#2526,#2527,#2528,#2529,#2530,#2531,
#2532,#2533,#2534,#2535,#2536,#2537,#2538,#2539,#2540,#2541,#2542,#2543,
#2544,#2545,#2546,#2547,#2548,#2549,#2550,#2551,#2552,#2553,#2554,#2555,
#2556,#2557,#2558,#2559,#2560,#2561,#2562,#2563,#2564,#2565,#2566,#2567,
#2568,#2569,#2570,#2571,#2572,#2573,#2574,#2575,#2576,#2577,#2578,#2579,
#2580,#2581,#2582,#2583),.UNSPECIFIED.,.F.,.F.,(4,3,3,3,3,3,3,3,3,3,3,3,
3,3,3,3,3,3,3,3,3,3,3,4),(-0.3317328549251,-0.331165143111255,-0.329623281422718,
-0.32814604934038,-0.326676092992896,-0.316152311987235,-0.305791229110052,
-0.282107417277884,-0.276229529209294,-0.258948519785525,-0.246010527600384,
-0.221822530426233,-0.197700997535623,-0.172156593039258,-0.143207275911579,
-0.111572055560602,-0.0951658607455864,-0.0761104021243755,-0.0698194046158852,
-0.0616255063299202,-0.0544132773547223,-0.047820480304395,-0.0276395374730532,
-1.00003539733039E-6),.UNSPECIFIED.);
#68=B_SPLINE_CURVE_WITH_KNOTS('',3,(#2586,#2587,#2588,#2589,#2590,#2591,
#2592,#2593,#2594,#2595,#2596,#2597,#2598,#2599,#2600,#2601,#2602,#2603,
#2604,#2605,#2606,#2607,#2608,#2609,#2610,#2611,#2612,#2613,#2614,#2615),
 .UNSPECIFIED.,.F.,.F.,(4,2,2,2,2,2,2,2,2,2,2,2,2,2,4),(1.00003421314504E-6,
0.00230930897717408,0.00466143322930519,0.00942463090616021,0.0191715088021085,
0.0349320959819676,0.0450995036204471,0.0562818255899013,0.0738224888043509,
0.112831343431705,0.158924482342707,0.190313602940225,0.206225596304561,
0.214009036903924,0.224376862563923),.UNSPECIFIED.);
#69=B_SPLINE_CURVE_WITH_KNOTS('',3,(#2616,#2617,#2618,#2619,#2620,#2621,
#2622,#2623,#2624,#2625,#2626,#2627,#2628,#2629,#2630,#2631,#2632,#2633,
#2634,#2635,#2636,#2637,#2638,#2639,#2640,#2641,#2642,#2643,#2644,#2645,
#2646,#2647,#2648,#2649,#2650,#2651),.UNSPECIFIED.,.F.,.F.,(4,2,2,2,2,2,
2,2,2,2,2,2,2,2,2,2,2,4),(1.00000141520019E-6,0.0213747834343432,0.0418695998904122,
0.0646889385229522,0.0959500971161436,0.131059685240035,0.164010582259597,
0.20689732938782,0.239932013309809,0.384373571282759,0.615356259086961,
0.927990170771854,1.37456694905211,1.47503690887994,1.5899038116903,1.64111577169954,
1.66511586400772,1.68860708486609),.UNSPECIFIED.);
#70=B_SPLINE_CURVE_WITH_KNOTS('',3,(#2654,#2655,#2656,#2657,#2658,#2659,
#2660,#2661,#2662,#2663,#2664,#2665,#2666,#2667,#2668,#2669,#2670,#2671,
#2672,#2673,#2674,#2675,#2676,#2677,#2678,#2679,#2680,#2681,#2682,#2683),
 .UNSPECIFIED.,.F.,.F.,(4,2,2,2,2,2,2,2,2,2,2,2,2,2,4),(1.00003422908888E-6,
0.00230826638825638,0.00465931830873166,0.00942032210205513,0.0191626065974157,
0.0349694797145412,0.0451834044280095,0.0564122711343843,0.0740425553646595,
0.113334923976639,0.159745424684205,0.191349364976573,0.207370425098025,
0.215207360805355,0.225647194383599),.UNSPECIFIED.);
#71=B_SPLINE_CURVE_WITH_KNOTS('',3,(#2684,#2685,#2686,#2687,#2688,#2689,
#2690,#2691,#2692,#2693,#2694,#2695,#2696,#2697,#2698,#2699,#2700,#2701,
#2702,#2703,#2704,#2705,#2706,#2707,#2708,#2709,#2710,#2711,#2712,#2713,
#2714,#2715,#2716,#2717,#2718,#2719),.UNSPECIFIED.,.F.,.F.,(4,2,2,2,2,2,
2,2,2,2,2,2,2,2,2,2,2,4),(1.00001091587796E-6,0.0203693909394564,0.0601949931400543,
0.136328410639321,0.245223772084147,0.400511143564896,0.652117834379173,
1.10097054637917,1.59258755714001,20.6630064541673,36.5116535576954,44.090391148146,
47.2110540727643,48.5982683800311,49.4558343887121,49.7786096258999,49.9325786021074,
50.0850715071503),.UNSPECIFIED.);
#72=B_SPLINE_CURVE_WITH_KNOTS('',3,(#3011,#3012,#3013,#3014,#3015),
 .UNSPECIFIED.,.F.,.F.,(4,1,4),(0.120405597442748,0.492144389409912,0.69636423045902),
 .UNSPECIFIED.);
#73=B_SPLINE_CURVE_WITH_KNOTS('',3,(#3017,#3018,#3019,#3020,#3021,#3022,
#3023,#3024,#3025,#3026,#3027,#3028,#3029,#3030,#3031,#3032,#3033,#3034,
#3035,#3036,#3037,#3038,#3039,#3040,#3041,#3042,#3043,#3044,#3045,#3046,
#3047,#3048,#3049,#3050,#3051,#3052,#3053,#3054,#3055,#3056,#3057,#3058,
#3059,#3060),.UNSPECIFIED.,.F.,.F.,(4,2,2,2,2,2,2,2,2,2,2,2,2,2,2,2,2,2,
2,2,2,4),(1.00004200661634E-6,0.0135757926182298,0.0378593028796924,0.0722013369995979,
0.106995026544936,0.135864110139351,0.1554419773236,0.173997036483478,0.190480715313043,
0.233472455892469,0.498419852003927,0.982658622168513,1.87659316361998,
2.6812617999852,2.94966076080742,3.0151497858208,3.03951857664487,3.05615900819514,
3.07366066645739,3.0831670493643,3.08697045160627,3.08814457101203),
 .UNSPECIFIED.);
#74=B_SPLINE_CURVE_WITH_KNOTS('',3,(#3061,#3062,#3063,#3064),
 .UNSPECIFIED.,.F.,.F.,(4,4),(0.124590229277145,0.831492761972079),
 .UNSPECIFIED.);
#75=B_SPLINE_CURVE_WITH_KNOTS('',3,(#3356,#3357,#3358,#3359,#3360),
 .UNSPECIFIED.,.F.,.F.,(4,1,4),(0.120405597442747,0.492144389409912,0.69636423045902),
 .UNSPECIFIED.);
#76=B_SPLINE_CURVE_WITH_KNOTS('',3,(#3362,#3363,#3364,#3365,#3366,#3367,
#3368,#3369,#3370,#3371,#3372,#3373,#3374,#3375,#3376,#3377,#3378,#3379,
#3380,#3381,#3382,#3383,#3384,#3385,#3386,#3387,#3388,#3389,#3390,#3391,
#3392,#3393,#3394,#3395,#3396,#3397,#3398,#3399,#3400,#3401,#3402,#3403,
#3404,#3405),.UNSPECIFIED.,.F.,.F.,(4,2,2,2,2,2,2,2,2,2,2,2,2,2,2,2,2,2,
2,2,2,4),(1.00004075495377E-6,0.0137090911745769,0.0364605936696179,0.0679932388198724,
0.100444187488823,0.127618089578867,0.146298190982082,0.163697429487756,
0.180751617482783,0.226218259839185,0.502725355618592,1.01200999046335,
1.9511270876662,2.72457362654956,3.15473953181897,3.36660366562196,3.36785094356287,
3.37081674687125,3.37240106831311,3.37819896313215,3.38118416132273,3.3825517254077),
 .UNSPECIFIED.);
#77=B_SPLINE_CURVE_WITH_KNOTS('',3,(#3406,#3407,#3408,#3409),
 .UNSPECIFIED.,.F.,.F.,(4,4),(0.124590229277145,0.831492761972079),
 .UNSPECIFIED.);
#78=B_SPLINE_CURVE_WITH_KNOTS('',3,(#3701,#3702,#3703,#3704,#3705),
 .UNSPECIFIED.,.F.,.F.,(4,1,4),(0.120405597442747,0.492144389409912,0.69636423045902),
 .UNSPECIFIED.);
#79=B_SPLINE_CURVE_WITH_KNOTS('',3,(#3707,#3708,#3709,#3710,#3711,#3712,
#3713,#3714,#3715,#3716,#3717,#3718,#3719,#3720,#3721,#3722,#3723,#3724,
#3725,#3726,#3727,#3728,#3729,#3730,#3731,#3732,#3733,#3734,#3735,#3736,
#3737,#3738,#3739,#3740,#3741,#3742,#3743,#3744,#3745,#3746,#3747,#3748,
#3749,#3750,#3751,#3752,#3753,#3754,#3755,#3756,#3757,#3758,#3759,#3760,
#3761,#3762,#3763,#3764,#3765,#3766,#3767,#3768,#3769,#3770,#3771,#3772,
#3773,#3774,#3775,#3776,#3777,#3778,#3779,#3780,#3781,#3782,#3783,#3784,
#3785,#3786,#3787,#3788,#3789,#3790,#3791,#3792,#3793,#3794,#3795,#3796,
#3797,#3798,#3799,#3800,#3801,#3802,#3803),.UNSPECIFIED.,.F.,.F.,(4,3,3,
3,3,3,3,3,3,3,3,3,3,3,3,3,3,3,3,3,3,3,3,3,3,3,3,3,3,3,3,3,4),(1.00003325906744E-6,
0.00513240014143648,0.0248354371368568,0.0458809640276334,0.067435392151983,
0.0903173920857404,0.11679261030862,0.150306384571029,0.184896483543953,
0.206402549431626,0.219546505926231,0.232127991166149,0.262389131989872,
0.305478849057796,0.34898572109353,0.392151524552581,0.481927358857506,
0.580937596013786,0.636774572308786,0.702114389101621,0.779927899795286,
0.875681675365925,0.996992680525362,1.12119507803077,1.24753315955908,1.37472712577245,
1.38209313175573,1.38450441224732,1.38601151819984,1.38769780750229,1.39012453445046,
1.39392183345674,1.39891925478335),.UNSPECIFIED.);
#80=B_SPLINE_CURVE_WITH_KNOTS('',3,(#3804,#3805,#3806,#3807),
 .UNSPECIFIED.,.F.,.F.,(4,4),(0.124590229277145,0.831492761972078),
 .UNSPECIFIED.);
#81=B_SPLINE_CURVE_WITH_KNOTS('',3,(#4099,#4100,#4101,#4102,#4103),
 .UNSPECIFIED.,.F.,.F.,(4,1,4),(0.120405597442747,0.492144389409912,0.69636423045902),
 .UNSPECIFIED.);
#82=B_SPLINE_CURVE_WITH_KNOTS('',3,(#4105,#4106,#4107,#4108,#4109,#4110,
#4111,#4112,#4113,#4114,#4115,#4116,#4117,#4118,#4119,#4120,#4121,#4122,
#4123,#4124,#4125,#4126,#4127,#4128,#4129,#4130,#4131,#4132,#4133,#4134,
#4135,#4136,#4137,#4138,#4139,#4140,#4141,#4142),.UNSPECIFIED.,.F.,.F.,
(4,2,2,2,2,2,2,2,2,2,2,2,2,2,2,2,2,2,4),(1.00003159421063E-6,0.0143148000226409,
0.0307589199422961,0.0515444713638833,0.0774814668784388,0.115574174107195,
0.148741925728158,0.159206535800871,0.171191304710662,0.214138983316007,
0.443023121000447,0.90341277423849,1.52813065725305,2.46876336348969,2.7286916563411,
2.78672958515132,2.79716224635167,2.80316364828738,2.80607476226672),
 .UNSPECIFIED.);
#83=B_SPLINE_CURVE_WITH_KNOTS('',3,(#4143,#4144,#4145,#4146),
 .UNSPECIFIED.,.F.,.F.,(4,4),(0.124590229277144,0.831492761972078),
 .UNSPECIFIED.);
#84=B_SPLINE_CURVE_WITH_KNOTS('',3,(#4438,#4439,#4440,#4441,#4442),
 .UNSPECIFIED.,.F.,.F.,(4,1,4),(0.120405597442747,0.492144389409912,0.69636423045902),
 .UNSPECIFIED.);
#85=B_SPLINE_CURVE_WITH_KNOTS('',3,(#4444,#4445,#4446,#4447,#4448,#4449,
#4450,#4451,#4452,#4453,#4454,#4455,#4456,#4457,#4458,#4459,#4460,#4461,
#4462,#4463,#4464,#4465,#4466,#4467,#4468,#4469,#4470,#4471,#4472,#4473,
#4474,#4475,#4476,#4477,#4478,#4479,#4480,#4481,#4482,#4483),
 .UNSPECIFIED.,.F.,.F.,(4,2,2,2,2,2,2,2,2,2,2,2,2,2,2,2,2,2,2,4),(1.00003191491479E-6,
0.014293099204111,0.0308870152910956,0.0518394078344049,0.0839346977287695,
0.148974937624174,0.204845936739989,0.22471718177838,0.238881772218907,
0.247155804060114,0.276328745730862,0.334153382453366,0.417682011095551,
0.493909275595505,0.532546863034816,0.563796177794538,0.572283350579099,
0.583041490996244,0.588143987613087,0.590061959856293),.UNSPECIFIED.);
#86=B_SPLINE_CURVE_WITH_KNOTS('',3,(#4484,#4485,#4486,#4487),
 .UNSPECIFIED.,.F.,.F.,(4,4),(0.124590229277145,0.831492761972078),
 .UNSPECIFIED.);
#87=B_SPLINE_CURVE_WITH_KNOTS('',3,(#4779,#4780,#4781,#4782,#4783),
 .UNSPECIFIED.,.F.,.F.,(4,1,4),(0.120405597442747,0.492144389409912,0.69636423045902),
 .UNSPECIFIED.);
#88=B_SPLINE_CURVE_WITH_KNOTS('',3,(#4785,#4786,#4787,#4788,#4789,#4790,
#4791,#4792,#4793,#4794,#4795,#4796,#4797,#4798,#4799,#4800,#4801,#4802,
#4803,#4804,#4805,#4806,#4807,#4808,#4809,#4810,#4811,#4812,#4813,#4814,
#4815,#4816,#4817,#4818,#4819,#4820,#4821,#4822,#4823,#4824,#4825,#4826),
 .UNSPECIFIED.,.F.,.F.,(4,2,2,2,2,2,2,2,2,2,2,2,2,2,2,2,2,2,2,2,4),(1.00003547754528E-6,
0.0140956378135915,0.0331661798775697,0.0579769028210534,0.0856486846173504,
0.11749211293682,0.147678003742534,0.16916089106618,0.18794294412972,0.202217541441405,
0.26491648238247,0.599679780158783,1.27833009053207,1.89071228115412,2.21404376705459,
2.32386020953862,2.35070980588329,2.36849340430204,2.37218319220448,2.37328204357752,
2.37361647453184),.UNSPECIFIED.);
#89=B_SPLINE_CURVE_WITH_KNOTS('',3,(#4827,#4828,#4829,#4830),
 .UNSPECIFIED.,.F.,.F.,(4,4),(0.124590229277144,0.831492761972078),
 .UNSPECIFIED.);
#90=B_SPLINE_CURVE_WITH_KNOTS('',3,(#5122,#5123,#5124,#5125,#5126),
 .UNSPECIFIED.,.F.,.F.,(4,1,4),(0.120405597442747,0.492144389409912,0.69636423045902),
 .UNSPECIFIED.);
#91=B_SPLINE_CURVE_WITH_KNOTS('',3,(#5128,#5129,#5130,#5131,#5132,#5133,
#5134,#5135,#5136,#5137,#5138,#5139,#5140,#5141,#5142,#5143,#5144,#5145,
#5146,#5147,#5148,#5149,#5150,#5151,#5152,#5153,#5154,#5155,#5156,#5157,
#5158,#5159,#5160,#5161,#5162,#5163,#5164,#5165),.UNSPECIFIED.,.F.,.F.,
(4,2,2,2,2,2,2,2,2,2,2,2,2,2,2,2,2,2,4),(1.00003137432863E-6,0.0143291593747066,
0.0306704301961818,0.0513410801542886,0.0834524929210909,0.152121737238207,
0.214674889306494,0.23555205239836,0.260026314106952,0.343843015262622,
0.785110432542042,1.67441143095474,2.85710628222498,3.94756120865084,4.48411818675874,
4.73242614872991,4.76904415875561,4.79297071510582,4.80642483095815),
 .UNSPECIFIED.);
#92=B_SPLINE_CURVE_WITH_KNOTS('',3,(#5166,#5167,#5168,#5169),
 .UNSPECIFIED.,.F.,.F.,(4,4),(0.124590229277144,0.831492761972078),
 .UNSPECIFIED.);
#93=B_SPLINE_CURVE_WITH_KNOTS('',3,(#5172,#5173,#5174,#5175,#5176,#5177,
#5178,#5179,#5180,#5181,#5182,#5183),.UNSPECIFIED.,.F.,.F.,(4,2,2,2,2,4),
(-0.112245902720637,-0.0995864453030192,-0.0869269878854014,-0.0616080730501659,
-0.03080403652508,-0.0150256379700249),.UNSPECIFIED.);
#94=B_SPLINE_CURVE_WITH_KNOTS('',3,(#5203,#5204,#5205,#5206,#5207,#5208,
#5209,#5210,#5211,#5212,#5213,#5214),.UNSPECIFIED.,.F.,.F.,(4,2,2,2,2,4),
(-0.0932284541613311,-0.0827136728942825,-0.072198891627234,-0.0511693290931369,
-0.0255846645465684,-0.000927741029977152),.UNSPECIFIED.);
#95=B_SPLINE_CURVE_WITH_KNOTS('',3,(#5511,#5512,#5513,#5514,#5515,#5516,
#5517,#5518,#5519,#5520,#5521,#5522,#5523,#5524,#5525,#5526,#5527,#5528,
#5529,#5530,#5531,#5532,#5533,#5534,#5535,#5536,#5537,#5538,#5539,#5540,
#5541,#5542,#5543,#5544),.UNSPECIFIED.,.F.,.F.,(4,2,2,2,2,2,2,2,2,2,2,2,
2,2,2,2,4),(9.99682060569903E-7,0.00393543613957186,0.00670906056489106,
0.0123454997956558,0.0194590808903792,0.0283494528577671,0.035653685177881,
0.0555257250805789,0.0682344197506891,0.0925236955573744,0.121071930057226,
0.134434170941653,0.140792627492256,0.143979019408483,0.146445128897244,
0.147668277921634,0.148762529491147),.UNSPECIFIED.);
#96=B_SPLINE_CURVE_WITH_KNOTS('',3,(#5835,#5836,#5837,#5838,#5839,#5840,
#5841,#5842,#5843,#5844,#5845,#5846,#5847,#5848,#5849,#5850,#5851,#5852,
#5853,#5854,#5855,#5856,#5857,#5858,#5859,#5860,#5861,#5862,#5863,#5864,
#5865,#5866,#5867,#5868),.UNSPECIFIED.,.F.,.F.,(4,2,2,2,2,2,2,2,2,2,2,2,
2,2,2,2,4),(9.99673066570082E-7,0.00368083236676244,0.00628490317561607,
0.0125228840262078,0.0181348762669377,0.0222250813914991,0.0268747428752881,
0.0379592431312224,0.0564808541806797,0.0861537004094985,0.118977991028778,
0.145240002472226,0.157940483912986,0.163745028317586,0.166662844684539,
0.167890307419652,0.171374592944973),.UNSPECIFIED.);
#97=B_SPLINE_CURVE_WITH_KNOTS('',3,(#6159,#6160,#6161,#6162,#6163,#6164,
#6165,#6166,#6167,#6168,#6169,#6170,#6171,#6172,#6173,#6174,#6175,#6176,
#6177,#6178,#6179,#6180,#6181,#6182),.UNSPECIFIED.,.F.,.F.,(4,2,2,2,2,2,
2,2,2,2,2,4),(9.9995854704682E-7,0.0107938633680956,0.0205156349796804,
0.0317986388190866,0.0412430295140345,0.0497242314982957,0.0671734861170416,
0.0812000786970746,0.10590079271911,0.130068503806851,0.144299383076027,
0.161445920949797),.UNSPECIFIED.);
#98=B_SPLINE_CURVE_WITH_KNOTS('',3,(#6473,#6474,#6475,#6476,#6477,#6478,
#6479,#6480,#6481,#6482,#6483,#6484,#6485,#6486,#6487,#6488,#6489,#6490,
#6491,#6492,#6493,#6494,#6495,#6496,#6497,#6498),.UNSPECIFIED.,.F.,.F.,
(4,2,2,2,2,2,2,2,2,2,2,2,4),(9.99675453403371E-7,0.00373888606564917,0.00638187136152347,
0.013426124426201,0.0235606029557457,0.0319424701073038,0.0399379857747689,
0.0577896632623748,0.0720805426852166,0.0984116075991873,0.124888085570482,
0.140434001261202,0.159151605506901),.UNSPECIFIED.);
#99=B_SPLINE_CURVE_WITH_KNOTS('',3,(#6789,#6790,#6791,#6792,#6793,#6794,
#6795,#6796,#6797,#6798,#6799,#6800,#6801,#6802,#6803,#6804,#6805,#6806,
#6807,#6808,#6809,#6810,#6811,#6812,#6813,#6814),.UNSPECIFIED.,.F.,.F.,
(4,2,2,2,2,2,2,2,2,2,2,2,4),(9.9966780436533E-7,0.00356582096967679,0.00609307900667306,
0.0127227768380539,0.0225511501158014,0.0296283652290938,0.0367906498725892,
0.0565388440668045,0.0720495619921274,0.100382622345618,0.128766218544861,
0.145209446221478,0.164937580167744),.UNSPECIFIED.);
#100=B_SPLINE_CURVE_WITH_KNOTS('',3,(#7105,#7106,#7107,#7108,#7109,#7110,
#7111,#7112,#7113,#7114,#7115,#7116,#7117,#7118,#7119,#7120,#7121,#7122,
#7123,#7124,#7125,#7126,#7127,#7128,#7129,#7130,#7131,#7132,#7133,#7134,
#7135,#7136),.UNSPECIFIED.,.F.,.F.,(4,2,2,2,2,2,2,2,2,2,2,2,2,2,2,4),(9.99958935065214E-7,
0.0108653137556682,0.0216181612584792,0.0371513896454822,0.0501854803597721,
0.0617600663543881,0.0819965532813297,0.112174776848842,0.158892630002962,
0.208347038216031,0.24696796806409,0.264141905157721,0.272010091064737,
0.275989180738952,0.277699416558863,0.281507161181368),.UNSPECIFIED.);
#101=B_SPLINE_CURVE_WITH_KNOTS('',3,(#7427,#7428,#7429,#7430,#7431,#7432,
#7433,#7434,#7435,#7436,#7437,#7438,#7439,#7440,#7441,#7442,#7443,#7444,
#7445,#7446,#7447,#7448,#7449,#7450,#7451,#7452,#7453,#7454,#7455,#7456,
#7457,#7458,#7459,#7460),.UNSPECIFIED.,.F.,.F.,(4,2,2,2,2,2,2,2,2,2,2,2,
2,2,2,2,4),(9.99682644326267E-7,0.00395598340107714,0.00674381573812893,
0.0136603427174842,0.0266567590902602,0.0430354143361912,0.0562767987240416,
0.092278600387838,0.115360665009081,0.159397739148542,0.211160453153654,
0.235314607786113,0.246807545329104,0.252565063683825,0.257018117792707,
0.25922106962552,0.261193176027229),.UNSPECIFIED.);
#102=CYLINDRICAL_SURFACE('',#1371,19.);
#103=CYLINDRICAL_SURFACE('',#1380,0.600000000000014);
#104=CYLINDRICAL_SURFACE('',#1386,1.725);
#105=CYLINDRICAL_SURFACE('',#1389,1.725);
#106=CYLINDRICAL_SURFACE('',#1392,1.725);
#107=CYLINDRICAL_SURFACE('',#1395,1.725);
#108=CYLINDRICAL_SURFACE('',#1398,9.4);
#109=CYLINDRICAL_SURFACE('',#1401,9.6);
#110=CYLINDRICAL_SURFACE('',#1404,0.499999999999996);
#111=CYLINDRICAL_SURFACE('',#1409,0.500000000000004);
#112=CYLINDRICAL_SURFACE('',#1412,10.);
#113=CYLINDRICAL_SURFACE('',#1441,18.4999999999995);
#114=CYLINDRICAL_SURFACE('',#1442,18.5000000000001);
#115=CYLINDRICAL_SURFACE('',#1443,18.4999999999993);
#116=CYLINDRICAL_SURFACE('',#1444,18.4999999999999);
#117=CYLINDRICAL_SURFACE('',#1445,18.5000000000004);
#118=CYLINDRICAL_SURFACE('',#1446,18.4999999999993);
#119=CYLINDRICAL_SURFACE('',#1447,18.4999999999997);
#120=CYLINDRICAL_SURFACE('',#1450,0.499999999999957);
#121=CYLINDRICAL_SURFACE('',#1456,4.);
#122=CYLINDRICAL_SURFACE('',#1458,3.99999999999999);
#123=CYLINDRICAL_SURFACE('',#1459,4.);
#124=CYLINDRICAL_SURFACE('',#1461,4.);
#125=CYLINDRICAL_SURFACE('',#1468,0.5);
#126=CYLINDRICAL_SURFACE('',#1474,0.599999999999792);
#127=CYLINDRICAL_SURFACE('',#1480,0.708814030711873);
#128=CIRCLE('',#1367,18.9999999999993);
#129=CIRCLE('',#1368,0.600000000000038);
#130=CIRCLE('',#1369,10.0000000000016);
#131=CIRCLE('',#1370,0.599999999999744);
#132=CIRCLE('',#1372,19.);
#133=CIRCLE('',#1373,19.);
#134=CIRCLE('',#1374,19.);
#135=CIRCLE('',#1375,19.);
#136=CIRCLE('',#1376,18.9999999999991);
#137=CIRCLE('',#1377,19.);
#138=CIRCLE('',#1378,18.9999999999999);
#139=CIRCLE('',#1379,18.9999999999981);
#140=CIRCLE('',#1381,0.600000000000098);
#141=CIRCLE('',#1383,10.);
#142=CIRCLE('',#1384,0.499999999999998);
#143=CIRCLE('',#1385,9.5);
#144=CIRCLE('',#1387,1.725);
#145=CIRCLE('',#1388,1.725);
#146=CIRCLE('',#1390,1.725);
#147=CIRCLE('',#1391,1.725);
#148=CIRCLE('',#1393,1.725);
#149=CIRCLE('',#1394,1.725);
#150=CIRCLE('',#1396,1.725);
#151=CIRCLE('',#1397,1.725);
#152=CIRCLE('',#1399,9.4);
#153=CIRCLE('',#1400,9.4);
#154=CIRCLE('',#1402,9.6);
#155=CIRCLE('',#1403,9.6);
#156=CIRCLE('',#1405,0.499999999999995);
#157=CIRCLE('',#1406,0.499999999999995);
#158=CIRCLE('',#1408,19.5);
#159=CIRCLE('',#1410,0.500000000000042);
#160=CIRCLE('',#1411,0.499999999999968);
#161=CIRCLE('',#1413,10.);
#162=CIRCLE('',#1414,9.99999999999997);
#163=CIRCLE('',#1415,10.);
#164=CIRCLE('',#1416,10.);
#165=CIRCLE('',#1417,9.99999999999998);
#166=CIRCLE('',#1418,10.);
#167=CIRCLE('',#1420,19.5);
#168=CIRCLE('',#1421,275.149452432618);
#169=CIRCLE('',#1424,0.708814030711773);
#170=CIRCLE('',#1427,19.5000000000001);
#171=CIRCLE('',#1429,0.499999999999983);
#172=CIRCLE('',#1431,3.99999999999999);
#173=CIRCLE('',#1432,3.99999999999999);
#174=CIRCLE('',#1433,4.);
#175=CIRCLE('',#1434,4.00000000000001);
#176=CIRCLE('',#1435,0.708814030711773);
#177=CIRCLE('',#1436,0.499999999999929);
#178=CIRCLE('',#1437,19.5);
#179=CIRCLE('',#1438,0.499999999999983);
#180=CIRCLE('',#1439,0.600000000000037);
#181=CIRCLE('',#1452,4.);
#182=CIRCLE('',#1453,3.99999999999999);
#183=CIRCLE('',#1454,3.99999999999999);
#184=CIRCLE('',#1455,4.00000000000001);
#185=CIRCLE('',#1464,275.147936622487);
#186=CIRCLE('',#1466,0.500000000000187);
#187=FACE_OUTER_BOUND('',#261,.T.);
#188=FACE_OUTER_BOUND('',#262,.T.);
#189=FACE_OUTER_BOUND('',#263,.T.);
#190=FACE_OUTER_BOUND('',#264,.T.);
#191=FACE_OUTER_BOUND('',#265,.T.);
#192=FACE_OUTER_BOUND('',#266,.T.);
#193=FACE_OUTER_BOUND('',#267,.T.);
#194=FACE_OUTER_BOUND('',#268,.T.);
#195=FACE_OUTER_BOUND('',#269,.T.);
#196=FACE_OUTER_BOUND('',#270,.T.);
#197=FACE_OUTER_BOUND('',#271,.T.);
#198=FACE_OUTER_BOUND('',#272,.T.);
#199=FACE_OUTER_BOUND('',#273,.T.);
#200=FACE_OUTER_BOUND('',#274,.T.);
#201=FACE_OUTER_BOUND('',#275,.T.);
#202=FACE_OUTER_BOUND('',#276,.T.);
#203=FACE_OUTER_BOUND('',#277,.T.);
#204=FACE_OUTER_BOUND('',#284,.T.);
#205=FACE_OUTER_BOUND('',#285,.T.);
#206=FACE_OUTER_BOUND('',#286,.T.);
#207=FACE_OUTER_BOUND('',#287,.T.);
#208=FACE_OUTER_BOUND('',#288,.T.);
#209=FACE_OUTER_BOUND('',#289,.T.);
#210=FACE_OUTER_BOUND('',#290,.T.);
#211=FACE_OUTER_BOUND('',#291,.T.);
#212=FACE_OUTER_BOUND('',#292,.T.);
#213=FACE_OUTER_BOUND('',#293,.T.);
#214=FACE_OUTER_BOUND('',#294,.T.);
#215=FACE_OUTER_BOUND('',#295,.T.);
#216=FACE_OUTER_BOUND('',#296,.T.);
#217=FACE_OUTER_BOUND('',#297,.T.);
#218=FACE_OUTER_BOUND('',#298,.T.);
#219=FACE_OUTER_BOUND('',#299,.T.);
#220=FACE_OUTER_BOUND('',#300,.T.);
#221=FACE_OUTER_BOUND('',#301,.T.);
#222=FACE_OUTER_BOUND('',#302,.T.);
#223=FACE_OUTER_BOUND('',#303,.T.);
#224=FACE_OUTER_BOUND('',#304,.T.);
#225=FACE_OUTER_BOUND('',#312,.T.);
#226=FACE_OUTER_BOUND('',#313,.T.);
#227=FACE_OUTER_BOUND('',#314,.T.);
#228=FACE_OUTER_BOUND('',#315,.T.);
#229=FACE_OUTER_BOUND('',#316,.T.);
#230=FACE_OUTER_BOUND('',#317,.T.);
#231=FACE_OUTER_BOUND('',#318,.T.);
#232=FACE_OUTER_BOUND('',#319,.T.);
#233=FACE_OUTER_BOUND('',#320,.T.);
#234=FACE_OUTER_BOUND('',#321,.T.);
#235=FACE_OUTER_BOUND('',#322,.T.);
#236=FACE_OUTER_BOUND('',#323,.T.);
#237=FACE_OUTER_BOUND('',#329,.T.);
#238=FACE_OUTER_BOUND('',#330,.T.);
#239=FACE_OUTER_BOUND('',#331,.T.);
#240=FACE_OUTER_BOUND('',#332,.T.);
#241=FACE_OUTER_BOUND('',#333,.T.);
#242=FACE_OUTER_BOUND('',#334,.T.);
#243=FACE_OUTER_BOUND('',#335,.T.);
#244=FACE_OUTER_BOUND('',#336,.T.);
#245=FACE_OUTER_BOUND('',#337,.T.);
#246=FACE_OUTER_BOUND('',#338,.T.);
#247=FACE_OUTER_BOUND('',#339,.T.);
#248=FACE_OUTER_BOUND('',#340,.T.);
#249=FACE_OUTER_BOUND('',#341,.T.);
#250=FACE_OUTER_BOUND('',#343,.T.);
#251=FACE_OUTER_BOUND('',#344,.T.);
#252=FACE_OUTER_BOUND('',#345,.T.);
#253=FACE_OUTER_BOUND('',#346,.T.);
#254=FACE_OUTER_BOUND('',#347,.T.);
#255=FACE_OUTER_BOUND('',#348,.T.);
#256=FACE_OUTER_BOUND('',#349,.T.);
#257=FACE_OUTER_BOUND('',#350,.T.);
#258=FACE_OUTER_BOUND('',#351,.T.);
#259=FACE_OUTER_BOUND('',#352,.T.);
#260=FACE_OUTER_BOUND('',#353,.T.);
#261=EDGE_LOOP('',(#849,#850,#851,#852));
#262=EDGE_LOOP('',(#853,#854,#855,#856,#857,#858));
#263=EDGE_LOOP('',(#859,#860,#861,#862,#863,#864,#865,#866,#867,#868));
#264=EDGE_LOOP('',(#869,#870,#871,#872,#873,#874,#875,#876,#877));
#265=EDGE_LOOP('',(#878,#879,#880,#881,#882,#883,#884,#885,#886,#887,#888,
#889,#890));
#266=EDGE_LOOP('',(#891,#892,#893,#894,#895));
#267=EDGE_LOOP('',(#896,#897,#898,#899));
#268=EDGE_LOOP('',(#900,#901,#902,#903));
#269=EDGE_LOOP('',(#904,#905,#906,#907));
#270=EDGE_LOOP('',(#908,#909,#910,#911));
#271=EDGE_LOOP('',(#912,#913,#914,#915));
#272=EDGE_LOOP('',(#916,#917,#918,#919));
#273=EDGE_LOOP('',(#920,#921,#922,#923));
#274=EDGE_LOOP('',(#924,#925,#926,#927));
#275=EDGE_LOOP('',(#928,#929,#930,#931,#932));
#276=EDGE_LOOP('',(#933,#934,#935,#936));
#277=EDGE_LOOP('',(#937,#938,#939,#940,#941,#942,#943,#944,#945,#946,#947,
#948,#949,#950,#951,#952,#953,#954,#955,#956,#957,#958));
#278=EDGE_LOOP('',(#959,#960));
#279=EDGE_LOOP('',(#961,#962));
#280=EDGE_LOOP('',(#963,#964));
#281=EDGE_LOOP('',(#965,#966));
#282=EDGE_LOOP('',(#967,#968));
#283=EDGE_LOOP('',(#969,#970));
#284=EDGE_LOOP('',(#971,#972,#973,#974));
#285=EDGE_LOOP('',(#975,#976,#977,#978));
#286=EDGE_LOOP('',(#979,#980,#981,#982));
#287=EDGE_LOOP('',(#983,#984,#985,#986));
#288=EDGE_LOOP('',(#987,#988,#989,#990,#991,#992));
#289=EDGE_LOOP('',(#993,#994,#995,#996));
#290=EDGE_LOOP('',(#997,#998,#999,#1000));
#291=EDGE_LOOP('',(#1001,#1002,#1003,#1004));
#292=EDGE_LOOP('',(#1005,#1006,#1007,#1008,#1009,#1010));
#293=EDGE_LOOP('',(#1011,#1012,#1013,#1014,#1015));
#294=EDGE_LOOP('',(#1016,#1017,#1018,#1019));
#295=EDGE_LOOP('',(#1020,#1021,#1022,#1023));
#296=EDGE_LOOP('',(#1024,#1025,#1026,#1027,#1028,#1029));
#297=EDGE_LOOP('',(#1030,#1031,#1032,#1033));
#298=EDGE_LOOP('',(#1034,#1035,#1036,#1037));
#299=EDGE_LOOP('',(#1038,#1039,#1040,#1041));
#300=EDGE_LOOP('',(#1042,#1043,#1044,#1045));
#301=EDGE_LOOP('',(#1046,#1047,#1048,#1049));
#302=EDGE_LOOP('',(#1050,#1051,#1052,#1053));
#303=EDGE_LOOP('',(#1054,#1055,#1056,#1057));
#304=EDGE_LOOP('',(#1058,#1059,#1060,#1061,#1062,#1063,#1064,#1065,#1066,
#1067,#1068,#1069,#1070,#1071,#1072,#1073,#1074,#1075,#1076,#1077,#1078,
#1079,#1080));
#305=EDGE_LOOP('',(#1081));
#306=EDGE_LOOP('',(#1082));
#307=EDGE_LOOP('',(#1083));
#308=EDGE_LOOP('',(#1084));
#309=EDGE_LOOP('',(#1085));
#310=EDGE_LOOP('',(#1086,#1087,#1088,#1089,#1090,#1091,#1092));
#311=EDGE_LOOP('',(#1093,#1094,#1095,#1096,#1097,#1098,#1099));
#312=EDGE_LOOP('',(#1100));
#313=EDGE_LOOP('',(#1101,#1102));
#314=EDGE_LOOP('',(#1103,#1104));
#315=EDGE_LOOP('',(#1105,#1106));
#316=EDGE_LOOP('',(#1107,#1108));
#317=EDGE_LOOP('',(#1109,#1110));
#318=EDGE_LOOP('',(#1111,#1112));
#319=EDGE_LOOP('',(#1113,#1114));
#320=EDGE_LOOP('',(#1115,#1116,#1117,#1118));
#321=EDGE_LOOP('',(#1119,#1120,#1121,#1122));
#322=EDGE_LOOP('',(#1123,#1124,#1125,#1126));
#323=EDGE_LOOP('',(#1127,#1128,#1129,#1130,#1131,#1132,#1133,#1134));
#324=EDGE_LOOP('',(#1135));
#325=EDGE_LOOP('',(#1136));
#326=EDGE_LOOP('',(#1137));
#327=EDGE_LOOP('',(#1138));
#328=EDGE_LOOP('',(#1139));
#329=EDGE_LOOP('',(#1140,#1141,#1142,#1143));
#330=EDGE_LOOP('',(#1144,#1145,#1146,#1147));
#331=EDGE_LOOP('',(#1148,#1149,#1150,#1151));
#332=EDGE_LOOP('',(#1152,#1153,#1154,#1155));
#333=EDGE_LOOP('',(#1156,#1157,#1158,#1159));
#334=EDGE_LOOP('',(#1160,#1161,#1162,#1163));
#335=EDGE_LOOP('',(#1164,#1165,#1166,#1167));
#336=EDGE_LOOP('',(#1168,#1169,#1170,#1171,#1172));
#337=EDGE_LOOP('',(#1173,#1174,#1175,#1176,#1177,#1178));
#338=EDGE_LOOP('',(#1179,#1180,#1181,#1182));
#339=EDGE_LOOP('',(#1183,#1184,#1185,#1186));
#340=EDGE_LOOP('',(#1187,#1188,#1189,#1190));
#341=EDGE_LOOP('',(#1191));
#342=EDGE_LOOP('',(#1192));
#343=EDGE_LOOP('',(#1193));
#344=EDGE_LOOP('',(#1194,#1195,#1196,#1197));
#345=EDGE_LOOP('',(#1198,#1199,#1200,#1201));
#346=EDGE_LOOP('',(#1202,#1203,#1204,#1205,#1206));
#347=EDGE_LOOP('',(#1207,#1208,#1209,#1210));
#348=EDGE_LOOP('',(#1211,#1212,#1213,#1214,#1215));
#349=EDGE_LOOP('',(#1216,#1217,#1218,#1219));
#350=EDGE_LOOP('',(#1220,#1221,#1222,#1223));
#351=EDGE_LOOP('',(#1224,#1225,#1226,#1227,#1228));
#352=EDGE_LOOP('',(#1229,#1230,#1231,#1232));
#353=EDGE_LOOP('',(#1233,#1234,#1235,#1236));
#354=LINE('',#1813,#441);
#355=LINE('',#1815,#442);
#356=LINE('',#1817,#443);
#357=LINE('',#1818,#444);
#358=LINE('',#1822,#445);
#359=LINE('',#1824,#446);
#360=LINE('',#1826,#447);
#361=LINE('',#1828,#448);
#362=LINE('',#1830,#449);
#363=LINE('',#1831,#450);
#364=LINE('',#1835,#451);
#365=LINE('',#1837,#452);
#366=LINE('',#1839,#453);
#367=LINE('',#1840,#454);
#368=LINE('',#1842,#455);
#369=LINE('',#1844,#456);
#370=LINE('',#1846,#457);
#371=LINE('',#1848,#458);
#372=LINE('',#1849,#459);
#373=LINE('',#1857,#460);
#374=LINE('',#1859,#461);
#375=LINE('',#1861,#462);
#376=LINE('',#1865,#463);
#377=LINE('',#1867,#464);
#378=LINE('',#1874,#465);
#379=LINE('',#1884,#466);
#380=LINE('',#1886,#467);
#381=LINE('',#1906,#468);
#382=LINE('',#1917,#469);
#383=LINE('',#1923,#470);
#384=LINE('',#1929,#471);
#385=LINE('',#1935,#472);
#386=LINE('',#1941,#473);
#387=LINE('',#1947,#474);
#388=LINE('',#1954,#475);
#389=LINE('',#1957,#476);
#390=LINE('',#1960,#477);
#391=LINE('',#1966,#478);
#392=LINE('',#1983,#479);
#393=LINE('',#2005,#480);
#394=LINE('',#2009,#481);
#395=LINE('',#2013,#482);
#396=LINE('',#2016,#483);
#397=LINE('',#2018,#484);
#398=LINE('',#2022,#485);
#399=LINE('',#5188,#486);
#400=LINE('',#5190,#487);
#401=LINE('',#5192,#488);
#402=LINE('',#5193,#489);
#403=LINE('',#5195,#490);
#404=LINE('',#5197,#491);
#405=LINE('',#5200,#492);
#406=LINE('',#5218,#493);
#407=LINE('',#5220,#494);
#408=LINE('',#7464,#495);
#409=LINE('',#7465,#496);
#410=LINE('',#7469,#497);
#411=LINE('',#7473,#498);
#412=LINE('',#7477,#499);
#413=LINE('',#7479,#500);
#414=LINE('',#7482,#501);
#415=LINE('',#7483,#502);
#416=LINE('',#7486,#503);
#417=LINE('',#7487,#504);
#418=LINE('',#7489,#505);
#419=LINE('',#7491,#506);
#420=LINE('',#7493,#507);
#421=LINE('',#7496,#508);
#422=LINE('',#7499,#509);
#423=LINE('',#7510,#510);
#424=LINE('',#7517,#511);
#425=LINE('',#7521,#512);
#426=LINE('',#7525,#513);
#427=LINE('',#7527,#514);
#428=LINE('',#7528,#515);
#429=LINE('',#7530,#516);
#430=LINE('',#7533,#517);
#431=LINE('',#7535,#518);
#432=LINE('',#7537,#519);
#433=LINE('',#7542,#520);
#434=LINE('',#7544,#521);
#435=LINE('',#7547,#522);
#436=LINE('',#7553,#523);
#437=LINE('',#7555,#524);
#438=LINE('',#7559,#525);
#439=LINE('',#7561,#526);
#440=LINE('',#7564,#527);
#441=VECTOR('',#1486,10.);
#442=VECTOR('',#1487,10.);
#443=VECTOR('',#1488,10.);
#444=VECTOR('',#1489,10.);
#445=VECTOR('',#1492,10.);
#446=VECTOR('',#1493,10.);
#447=VECTOR('',#1494,10.);
#448=VECTOR('',#1495,10.);
#449=VECTOR('',#1496,10.);
#450=VECTOR('',#1497,10.);
#451=VECTOR('',#1500,10.);
#452=VECTOR('',#1501,10.);
#453=VECTOR('',#1502,10.);
#454=VECTOR('',#1503,10.);
#455=VECTOR('',#1504,10.);
#456=VECTOR('',#1505,10.);
#457=VECTOR('',#1506,10.);
#458=VECTOR('',#1507,10.);
#459=VECTOR('',#1508,10.);
#460=VECTOR('',#1515,10.);
#461=VECTOR('',#1516,10.);
#462=VECTOR('',#1517,10.);
#463=VECTOR('',#1520,10.);
#464=VECTOR('',#1521,10.);
#465=VECTOR('',#1528,19.);
#466=VECTOR('',#1539,10.);
#467=VECTOR('',#1540,10.);
#468=VECTOR('',#1549,10.);
#469=VECTOR('',#1562,1.725);
#470=VECTOR('',#1569,1.725);
#471=VECTOR('',#1576,1.725);
#472=VECTOR('',#1583,1.725);
#473=VECTOR('',#1590,9.4);
#474=VECTOR('',#1597,9.6);
#475=VECTOR('',#1604,10.);
#476=VECTOR('',#1607,10.);
#477=VECTOR('',#1610,19.05);
#478=VECTOR('',#1617,10.);
#479=VECTOR('',#1622,10.);
#480=VECTOR('',#1623,10.);
#481=VECTOR('',#1626,10.);
#482=VECTOR('',#1629,10.);
#483=VECTOR('',#1632,10.);
#484=VECTOR('',#1633,10.);
#485=VECTOR('',#1636,10.);
#486=VECTOR('',#1649,10.);
#487=VECTOR('',#1650,10.);
#488=VECTOR('',#1651,10.);
#489=VECTOR('',#1652,10.);
#490=VECTOR('',#1655,10.);
#491=VECTOR('',#1656,10.);
#492=VECTOR('',#1661,10.);
#493=VECTOR('',#1668,10.);
#494=VECTOR('',#1671,10.);
#495=VECTOR('',#1674,10.);
#496=VECTOR('',#1675,10.);
#497=VECTOR('',#1678,10.);
#498=VECTOR('',#1681,10.);
#499=VECTOR('',#1684,10.);
#500=VECTOR('',#1687,10.);
#501=VECTOR('',#1690,10.);
#502=VECTOR('',#1691,10.);
#503=VECTOR('',#1694,10.);
#504=VECTOR('',#1695,10.);
#505=VECTOR('',#1696,10.);
#506=VECTOR('',#1699,10.);
#507=VECTOR('',#1700,10.);
#508=VECTOR('',#1703,9.99999999999998);
#509=VECTOR('',#1706,10.);
#510=VECTOR('',#1727,10.);
#511=VECTOR('',#1734,10.);
#512=VECTOR('',#1737,10.);
#513=VECTOR('',#1742,10.);
#514=VECTOR('',#1745,10.);
#515=VECTOR('',#1746,10.);
#516=VECTOR('',#1749,10.);
#517=VECTOR('',#1754,10.);
#518=VECTOR('',#1757,10.);
#519=VECTOR('',#1760,10.);
#520=VECTOR('',#1769,10.);
#521=VECTOR('',#1770,10.);
#522=VECTOR('',#1775,10.);
#523=VECTOR('',#1786,10.);
#524=VECTOR('',#1789,10.);
#525=VECTOR('',#1796,10.);
#526=VECTOR('',#1799,10.);
#527=VECTOR('',#1804,10.);
#528=VERTEX_POINT('',#1811);
#529=VERTEX_POINT('',#1812);
#530=VERTEX_POINT('',#1814);
#531=VERTEX_POINT('',#1816);
#532=VERTEX_POINT('',#1820);
#533=VERTEX_POINT('',#1821);
#534=VERTEX_POINT('',#1823);
#535=VERTEX_POINT('',#1825);
#536=VERTEX_POINT('',#1827);
#537=VERTEX_POINT('',#1829);
#538=VERTEX_POINT('',#1833);
#539=VERTEX_POINT('',#1834);
#540=VERTEX_POINT('',#1836);
#541=VERTEX_POINT('',#1838);
#542=VERTEX_POINT('',#1841);
#543=VERTEX_POINT('',#1843);
#544=VERTEX_POINT('',#1845);
#545=VERTEX_POINT('',#1847);
#546=VERTEX_POINT('',#1851);
#547=VERTEX_POINT('',#1852);
#548=VERTEX_POINT('',#1854);
#549=VERTEX_POINT('',#1856);
#550=VERTEX_POINT('',#1858);
#551=VERTEX_POINT('',#1860);
#552=VERTEX_POINT('',#1862);
#553=VERTEX_POINT('',#1864);
#554=VERTEX_POINT('',#1866);
#555=VERTEX_POINT('',#1870);
#556=VERTEX_POINT('',#1871);
#557=VERTEX_POINT('',#1873);
#558=VERTEX_POINT('',#1875);
#559=VERTEX_POINT('',#1878);
#560=VERTEX_POINT('',#1880);
#561=VERTEX_POINT('',#1882);
#562=VERTEX_POINT('',#1885);
#563=VERTEX_POINT('',#1887);
#564=VERTEX_POINT('',#1891);
#565=VERTEX_POINT('',#1904);
#566=VERTEX_POINT('',#1908);
#567=VERTEX_POINT('',#1910);
#568=VERTEX_POINT('',#1914);
#569=VERTEX_POINT('',#1916);
#570=VERTEX_POINT('',#1920);
#571=VERTEX_POINT('',#1922);
#572=VERTEX_POINT('',#1926);
#573=VERTEX_POINT('',#1928);
#574=VERTEX_POINT('',#1932);
#575=VERTEX_POINT('',#1934);
#576=VERTEX_POINT('',#1938);
#577=VERTEX_POINT('',#1940);
#578=VERTEX_POINT('',#1944);
#579=VERTEX_POINT('',#1946);
#580=VERTEX_POINT('',#1950);
#581=VERTEX_POINT('',#1951);
#582=VERTEX_POINT('',#1953);
#583=VERTEX_POINT('',#1955);
#584=VERTEX_POINT('',#1959);
#585=VERTEX_POINT('',#1963);
#586=VERTEX_POINT('',#1965);
#587=VERTEX_POINT('',#1967);
#588=VERTEX_POINT('',#1982);
#589=VERTEX_POINT('',#1984);
#590=VERTEX_POINT('',#2004);
#591=VERTEX_POINT('',#2006);
#592=VERTEX_POINT('',#2008);
#593=VERTEX_POINT('',#2010);
#594=VERTEX_POINT('',#2012);
#595=VERTEX_POINT('',#2014);
#596=VERTEX_POINT('',#2017);
#597=VERTEX_POINT('',#2019);
#598=VERTEX_POINT('',#2021);
#599=VERTEX_POINT('',#2025);
#600=VERTEX_POINT('',#2093);
#601=VERTEX_POINT('',#2186);
#602=VERTEX_POINT('',#2187);
#603=VERTEX_POINT('',#2260);
#604=VERTEX_POINT('',#2261);
#605=VERTEX_POINT('',#2368);
#606=VERTEX_POINT('',#2369);
#607=VERTEX_POINT('',#2476);
#608=VERTEX_POINT('',#2477);
#609=VERTEX_POINT('',#2584);
#610=VERTEX_POINT('',#2585);
#611=VERTEX_POINT('',#2652);
#612=VERTEX_POINT('',#2653);
#613=VERTEX_POINT('',#3010);
#614=VERTEX_POINT('',#3016);
#615=VERTEX_POINT('',#3355);
#616=VERTEX_POINT('',#3361);
#617=VERTEX_POINT('',#3700);
#618=VERTEX_POINT('',#3706);
#619=VERTEX_POINT('',#4098);
#620=VERTEX_POINT('',#4104);
#621=VERTEX_POINT('',#4437);
#622=VERTEX_POINT('',#4443);
#623=VERTEX_POINT('',#4778);
#624=VERTEX_POINT('',#4784);
#625=VERTEX_POINT('',#5121);
#626=VERTEX_POINT('',#5127);
#627=VERTEX_POINT('',#5171);
#628=VERTEX_POINT('',#5184);
#629=VERTEX_POINT('',#5189);
#630=VERTEX_POINT('',#5191);
#631=VERTEX_POINT('',#5196);
#632=VERTEX_POINT('',#5202);
#633=VERTEX_POINT('',#5217);
#634=VERTEX_POINT('',#7462);
#635=VERTEX_POINT('',#7463);
#636=VERTEX_POINT('',#7466);
#637=VERTEX_POINT('',#7468);
#638=VERTEX_POINT('',#7470);
#639=VERTEX_POINT('',#7472);
#640=VERTEX_POINT('',#7474);
#641=VERTEX_POINT('',#7476);
#642=VERTEX_POINT('',#7480);
#643=VERTEX_POINT('',#7484);
#644=VERTEX_POINT('',#7488);
#645=VERTEX_POINT('',#7492);
#646=VERTEX_POINT('',#7494);
#647=VERTEX_POINT('',#7497);
#648=VERTEX_POINT('',#7513);
#649=VERTEX_POINT('',#7514);
#650=VERTEX_POINT('',#7516);
#651=VERTEX_POINT('',#7518);
#652=VERTEX_POINT('',#7520);
#653=VERTEX_POINT('',#7523);
#654=VERTEX_POINT('',#7543);
#655=EDGE_CURVE('',#528,#529,#354,.T.);
#656=EDGE_CURVE('',#529,#530,#355,.T.);
#657=EDGE_CURVE('',#531,#530,#356,.T.);
#658=EDGE_CURVE('',#528,#531,#357,.T.);
#659=EDGE_CURVE('',#532,#533,#358,.T.);
#660=EDGE_CURVE('',#533,#534,#359,.T.);
#661=EDGE_CURVE('',#534,#535,#360,.T.);
#662=EDGE_CURVE('',#535,#536,#361,.T.);
#663=EDGE_CURVE('',#536,#537,#362,.T.);
#664=EDGE_CURVE('',#537,#532,#363,.T.);
#665=EDGE_CURVE('',#538,#539,#364,.T.);
#666=EDGE_CURVE('',#540,#539,#365,.T.);
#667=EDGE_CURVE('',#541,#540,#366,.T.);
#668=EDGE_CURVE('',#533,#541,#367,.T.);
#669=EDGE_CURVE('',#532,#542,#368,.T.);
#670=EDGE_CURVE('',#542,#543,#369,.T.);
#671=EDGE_CURVE('',#543,#544,#370,.T.);
#672=EDGE_CURVE('',#545,#544,#371,.T.);
#673=EDGE_CURVE('',#545,#538,#372,.T.);
#674=EDGE_CURVE('',#546,#547,#128,.T.);
#675=EDGE_CURVE('',#548,#546,#129,.T.);
#676=EDGE_CURVE('',#549,#548,#373,.T.);
#677=EDGE_CURVE('',#550,#549,#374,.T.);
#678=EDGE_CURVE('',#551,#550,#375,.T.);
#679=EDGE_CURVE('',#552,#551,#130,.T.);
#680=EDGE_CURVE('',#553,#552,#376,.T.);
#681=EDGE_CURVE('',#554,#553,#377,.T.);
#682=EDGE_CURVE('',#547,#554,#131,.T.);
#683=EDGE_CURVE('',#555,#556,#132,.T.);
#684=EDGE_CURVE('',#556,#557,#378,.T.);
#685=EDGE_CURVE('',#557,#558,#133,.T.);
#686=EDGE_CURVE('',#558,#557,#134,.T.);
#687=EDGE_CURVE('',#556,#559,#135,.T.);
#688=EDGE_CURVE('',#559,#560,#136,.T.);
#689=EDGE_CURVE('',#560,#561,#137,.T.);
#690=EDGE_CURVE('',#546,#561,#379,.T.);
#691=EDGE_CURVE('',#562,#547,#380,.T.);
#692=EDGE_CURVE('',#562,#563,#138,.T.);
#693=EDGE_CURVE('',#563,#555,#139,.T.);
#694=EDGE_CURVE('',#561,#564,#54,.T.);
#695=EDGE_CURVE('',#565,#564,#140,.T.);
#696=EDGE_CURVE('',#548,#565,#381,.T.);
#697=EDGE_CURVE('',#566,#566,#141,.T.);
#698=EDGE_CURVE('',#566,#567,#142,.T.);
#699=EDGE_CURVE('',#567,#567,#143,.T.);
#700=EDGE_CURVE('',#568,#568,#144,.T.);
#701=EDGE_CURVE('',#568,#569,#382,.T.);
#702=EDGE_CURVE('',#569,#569,#145,.T.);
#703=EDGE_CURVE('',#570,#570,#146,.T.);
#704=EDGE_CURVE('',#570,#571,#383,.T.);
#705=EDGE_CURVE('',#571,#571,#147,.T.);
#706=EDGE_CURVE('',#572,#572,#148,.T.);
#707=EDGE_CURVE('',#572,#573,#384,.T.);
#708=EDGE_CURVE('',#573,#573,#149,.T.);
#709=EDGE_CURVE('',#574,#574,#150,.T.);
#710=EDGE_CURVE('',#574,#575,#385,.T.);
#711=EDGE_CURVE('',#575,#575,#151,.T.);
#712=EDGE_CURVE('',#576,#576,#152,.T.);
#713=EDGE_CURVE('',#576,#577,#386,.T.);
#714=EDGE_CURVE('',#577,#577,#153,.T.);
#715=EDGE_CURVE('',#578,#578,#154,.T.);
#716=EDGE_CURVE('',#578,#579,#387,.T.);
#717=EDGE_CURVE('',#579,#579,#155,.T.);
#718=EDGE_CURVE('',#580,#581,#156,.T.);
#719=EDGE_CURVE('',#581,#582,#388,.T.);
#720=EDGE_CURVE('',#583,#582,#157,.T.);
#721=EDGE_CURVE('',#580,#583,#389,.T.);
#722=EDGE_CURVE('',#558,#584,#390,.T.);
#723=EDGE_CURVE('',#584,#584,#158,.T.);
#724=EDGE_CURVE('',#555,#585,#159,.T.);
#725=EDGE_CURVE('',#585,#586,#391,.T.);
#726=EDGE_CURVE('',#587,#586,#160,.T.);
#727=EDGE_CURVE('',#555,#587,#55,.T.);
#728=EDGE_CURVE('',#566,#588,#392,.T.);
#729=EDGE_CURVE('',#588,#589,#56,.T.);
#730=EDGE_CURVE('',#589,#590,#393,.T.);
#731=EDGE_CURVE('',#591,#590,#161,.T.);
#732=EDGE_CURVE('',#592,#591,#394,.T.);
#733=EDGE_CURVE('',#592,#593,#162,.T.);
#734=EDGE_CURVE('',#593,#594,#395,.T.);
#735=EDGE_CURVE('',#595,#594,#163,.T.);
#736=EDGE_CURVE('',#552,#595,#396,.T.);
#737=EDGE_CURVE('',#551,#596,#397,.T.);
#738=EDGE_CURVE('',#597,#596,#164,.T.);
#739=EDGE_CURVE('',#598,#597,#398,.T.);
#740=EDGE_CURVE('',#598,#580,#165,.T.);
#741=EDGE_CURVE('',#590,#583,#166,.T.);
#742=EDGE_CURVE('',#589,#599,#57,.T.);
#743=EDGE_CURVE('',#599,#600,#58,.T.);
#744=EDGE_CURVE('',#600,#588,#59,.T.);
#745=EDGE_CURVE('',#601,#602,#60,.F.);
#746=EDGE_CURVE('',#602,#601,#61,.T.);
#747=EDGE_CURVE('',#603,#604,#62,.T.);
#748=EDGE_CURVE('',#604,#603,#63,.T.);
#749=EDGE_CURVE('',#605,#606,#64,.T.);
#750=EDGE_CURVE('',#606,#605,#65,.T.);
#751=EDGE_CURVE('',#607,#608,#66,.T.);
#752=EDGE_CURVE('',#608,#607,#67,.T.);
#753=EDGE_CURVE('',#609,#610,#68,.T.);
#754=EDGE_CURVE('',#610,#609,#69,.T.);
#755=EDGE_CURVE('',#611,#612,#70,.T.);
#756=EDGE_CURVE('',#612,#611,#71,.T.);
#757=EDGE_CURVE('',#612,#613,#72,.T.);
#758=EDGE_CURVE('',#613,#614,#73,.T.);
#759=EDGE_CURVE('',#611,#614,#74,.T.);
#760=EDGE_CURVE('',#601,#615,#75,.T.);
#761=EDGE_CURVE('',#615,#616,#76,.T.);
#762=EDGE_CURVE('',#602,#616,#77,.T.);
#763=EDGE_CURVE('',#606,#617,#78,.T.);
#764=EDGE_CURVE('',#617,#618,#79,.T.);
#765=EDGE_CURVE('',#605,#618,#80,.T.);
#766=EDGE_CURVE('',#604,#619,#81,.T.);
#767=EDGE_CURVE('',#619,#620,#82,.T.);
#768=EDGE_CURVE('',#603,#620,#83,.T.);
#769=EDGE_CURVE('',#600,#621,#84,.T.);
#770=EDGE_CURVE('',#621,#622,#85,.T.);
#771=EDGE_CURVE('',#599,#622,#86,.T.);
#772=EDGE_CURVE('',#610,#623,#87,.T.);
#773=EDGE_CURVE('',#623,#624,#88,.T.);
#774=EDGE_CURVE('',#609,#624,#89,.T.);
#775=EDGE_CURVE('',#608,#625,#90,.T.);
#776=EDGE_CURVE('',#625,#626,#91,.T.);
#777=EDGE_CURVE('',#607,#626,#92,.T.);
#778=EDGE_CURVE('',#627,#562,#93,.T.);
#779=EDGE_CURVE('',#628,#627,#167,.T.);
#780=EDGE_CURVE('',#628,#563,#168,.T.);
#781=EDGE_CURVE('',#550,#535,#399,.T.);
#782=EDGE_CURVE('',#549,#629,#400,.T.);
#783=EDGE_CURVE('',#630,#629,#401,.T.);
#784=EDGE_CURVE('',#536,#630,#402,.T.);
#785=EDGE_CURVE('',#543,#528,#403,.T.);
#786=EDGE_CURVE('',#631,#542,#404,.T.);
#787=EDGE_CURVE('',#529,#631,#169,.T.);
#788=EDGE_CURVE('',#537,#631,#405,.T.);
#789=EDGE_CURVE('',#632,#560,#94,.T.);
#790=EDGE_CURVE('',#564,#632,#170,.T.);
#791=EDGE_CURVE('',#633,#563,#406,.T.);
#792=EDGE_CURVE('',#593,#633,#171,.T.);
#793=EDGE_CURVE('',#585,#592,#407,.T.);
#794=EDGE_CURVE('',#626,#625,#95,.T.);
#795=EDGE_CURVE('',#624,#623,#96,.T.);
#796=EDGE_CURVE('',#622,#621,#97,.T.);
#797=EDGE_CURVE('',#620,#619,#98,.T.);
#798=EDGE_CURVE('',#618,#617,#99,.T.);
#799=EDGE_CURVE('',#616,#615,#100,.T.);
#800=EDGE_CURVE('',#614,#613,#101,.T.);
#801=EDGE_CURVE('',#634,#635,#408,.T.);
#802=EDGE_CURVE('',#541,#634,#409,.T.);
#803=EDGE_CURVE('',#540,#636,#172,.T.);
#804=EDGE_CURVE('',#636,#637,#410,.T.);
#805=EDGE_CURVE('',#637,#638,#173,.T.);
#806=EDGE_CURVE('',#638,#639,#411,.T.);
#807=EDGE_CURVE('',#639,#640,#174,.T.);
#808=EDGE_CURVE('',#640,#641,#412,.T.);
#809=EDGE_CURVE('',#641,#545,#175,.T.);
#810=EDGE_CURVE('',#544,#531,#413,.T.);
#811=EDGE_CURVE('',#530,#642,#176,.T.);
#812=EDGE_CURVE('',#630,#642,#414,.T.);
#813=EDGE_CURVE('',#629,#565,#415,.T.);
#814=EDGE_CURVE('',#632,#643,#177,.T.);
#815=EDGE_CURVE('',#643,#597,#416,.T.);
#816=EDGE_CURVE('',#596,#635,#417,.T.);
#817=EDGE_CURVE('',#582,#644,#418,.T.);
#818=EDGE_CURVE('',#644,#587,#178,.T.);
#819=EDGE_CURVE('',#586,#591,#419,.T.);
#820=EDGE_CURVE('',#645,#595,#420,.T.);
#821=EDGE_CURVE('',#594,#646,#179,.T.);
#822=EDGE_CURVE('',#646,#628,#421,.T.);
#823=EDGE_CURVE('',#627,#647,#180,.T.);
#824=EDGE_CURVE('',#647,#645,#422,.T.);
#825=EDGE_CURVE('',#633,#646,#423,.T.);
#826=EDGE_CURVE('',#648,#649,#181,.T.);
#827=EDGE_CURVE('',#650,#648,#424,.T.);
#828=EDGE_CURVE('',#651,#650,#182,.T.);
#829=EDGE_CURVE('',#652,#651,#425,.T.);
#830=EDGE_CURVE('',#539,#652,#183,.T.);
#831=EDGE_CURVE('',#653,#538,#184,.T.);
#832=EDGE_CURVE('',#649,#653,#426,.T.);
#833=EDGE_CURVE('',#640,#649,#427,.T.);
#834=EDGE_CURVE('',#639,#648,#428,.T.);
#835=EDGE_CURVE('',#641,#653,#429,.T.);
#836=EDGE_CURVE('',#636,#652,#430,.T.);
#837=EDGE_CURVE('',#637,#651,#431,.T.);
#838=EDGE_CURVE('',#638,#650,#432,.T.);
#839=EDGE_CURVE('',#559,#644,#185,.T.);
#840=EDGE_CURVE('',#581,#559,#433,.T.);
#841=EDGE_CURVE('',#654,#598,#434,.T.);
#842=EDGE_CURVE('',#560,#654,#186,.T.);
#843=EDGE_CURVE('',#654,#643,#435,.T.);
#844=EDGE_CURVE('',#553,#645,#436,.T.);
#845=EDGE_CURVE('',#554,#647,#437,.T.);
#846=EDGE_CURVE('',#535,#635,#438,.T.);
#847=EDGE_CURVE('',#534,#634,#439,.T.);
#848=EDGE_CURVE('',#631,#642,#440,.T.);
#849=ORIENTED_EDGE('',*,*,#655,.T.);
#850=ORIENTED_EDGE('',*,*,#656,.T.);
#851=ORIENTED_EDGE('',*,*,#657,.F.);
#852=ORIENTED_EDGE('',*,*,#658,.F.);
#853=ORIENTED_EDGE('',*,*,#659,.T.);
#854=ORIENTED_EDGE('',*,*,#660,.T.);
#855=ORIENTED_EDGE('',*,*,#661,.T.);
#856=ORIENTED_EDGE('',*,*,#662,.T.);
#857=ORIENTED_EDGE('',*,*,#663,.T.);
#858=ORIENTED_EDGE('',*,*,#664,.T.);
#859=ORIENTED_EDGE('',*,*,#665,.T.);
#860=ORIENTED_EDGE('',*,*,#666,.F.);
#861=ORIENTED_EDGE('',*,*,#667,.F.);
#862=ORIENTED_EDGE('',*,*,#668,.F.);
#863=ORIENTED_EDGE('',*,*,#659,.F.);
#864=ORIENTED_EDGE('',*,*,#669,.T.);
#865=ORIENTED_EDGE('',*,*,#670,.T.);
#866=ORIENTED_EDGE('',*,*,#671,.T.);
#867=ORIENTED_EDGE('',*,*,#672,.F.);
#868=ORIENTED_EDGE('',*,*,#673,.T.);
#869=ORIENTED_EDGE('',*,*,#674,.F.);
#870=ORIENTED_EDGE('',*,*,#675,.F.);
#871=ORIENTED_EDGE('',*,*,#676,.F.);
#872=ORIENTED_EDGE('',*,*,#677,.F.);
#873=ORIENTED_EDGE('',*,*,#678,.F.);
#874=ORIENTED_EDGE('',*,*,#679,.F.);
#875=ORIENTED_EDGE('',*,*,#680,.F.);
#876=ORIENTED_EDGE('',*,*,#681,.F.);
#877=ORIENTED_EDGE('',*,*,#682,.F.);
#878=ORIENTED_EDGE('',*,*,#683,.T.);
#879=ORIENTED_EDGE('',*,*,#684,.T.);
#880=ORIENTED_EDGE('',*,*,#685,.T.);
#881=ORIENTED_EDGE('',*,*,#686,.T.);
#882=ORIENTED_EDGE('',*,*,#684,.F.);
#883=ORIENTED_EDGE('',*,*,#687,.T.);
#884=ORIENTED_EDGE('',*,*,#688,.T.);
#885=ORIENTED_EDGE('',*,*,#689,.T.);
#886=ORIENTED_EDGE('',*,*,#690,.F.);
#887=ORIENTED_EDGE('',*,*,#674,.T.);
#888=ORIENTED_EDGE('',*,*,#691,.F.);
#889=ORIENTED_EDGE('',*,*,#692,.T.);
#890=ORIENTED_EDGE('',*,*,#693,.T.);
#891=ORIENTED_EDGE('',*,*,#694,.T.);
#892=ORIENTED_EDGE('',*,*,#695,.F.);
#893=ORIENTED_EDGE('',*,*,#696,.F.);
#894=ORIENTED_EDGE('',*,*,#675,.T.);
#895=ORIENTED_EDGE('',*,*,#690,.T.);
#896=ORIENTED_EDGE('',*,*,#697,.F.);
#897=ORIENTED_EDGE('',*,*,#698,.T.);
#898=ORIENTED_EDGE('',*,*,#699,.F.);
#899=ORIENTED_EDGE('',*,*,#698,.F.);
#900=ORIENTED_EDGE('',*,*,#700,.F.);
#901=ORIENTED_EDGE('',*,*,#701,.T.);
#902=ORIENTED_EDGE('',*,*,#702,.T.);
#903=ORIENTED_EDGE('',*,*,#701,.F.);
#904=ORIENTED_EDGE('',*,*,#703,.F.);
#905=ORIENTED_EDGE('',*,*,#704,.T.);
#906=ORIENTED_EDGE('',*,*,#705,.T.);
#907=ORIENTED_EDGE('',*,*,#704,.F.);
#908=ORIENTED_EDGE('',*,*,#706,.F.);
#909=ORIENTED_EDGE('',*,*,#707,.T.);
#910=ORIENTED_EDGE('',*,*,#708,.T.);
#911=ORIENTED_EDGE('',*,*,#707,.F.);
#912=ORIENTED_EDGE('',*,*,#709,.F.);
#913=ORIENTED_EDGE('',*,*,#710,.T.);
#914=ORIENTED_EDGE('',*,*,#711,.T.);
#915=ORIENTED_EDGE('',*,*,#710,.F.);
#916=ORIENTED_EDGE('',*,*,#712,.F.);
#917=ORIENTED_EDGE('',*,*,#713,.T.);
#918=ORIENTED_EDGE('',*,*,#714,.T.);
#919=ORIENTED_EDGE('',*,*,#713,.F.);
#920=ORIENTED_EDGE('',*,*,#715,.F.);
#921=ORIENTED_EDGE('',*,*,#716,.T.);
#922=ORIENTED_EDGE('',*,*,#717,.T.);
#923=ORIENTED_EDGE('',*,*,#716,.F.);
#924=ORIENTED_EDGE('',*,*,#718,.T.);
#925=ORIENTED_EDGE('',*,*,#719,.T.);
#926=ORIENTED_EDGE('',*,*,#720,.F.);
#927=ORIENTED_EDGE('',*,*,#721,.F.);
#928=ORIENTED_EDGE('',*,*,#686,.F.);
#929=ORIENTED_EDGE('',*,*,#722,.T.);
#930=ORIENTED_EDGE('',*,*,#723,.F.);
#931=ORIENTED_EDGE('',*,*,#722,.F.);
#932=ORIENTED_EDGE('',*,*,#685,.F.);
#933=ORIENTED_EDGE('',*,*,#724,.T.);
#934=ORIENTED_EDGE('',*,*,#725,.T.);
#935=ORIENTED_EDGE('',*,*,#726,.F.);
#936=ORIENTED_EDGE('',*,*,#727,.F.);
#937=ORIENTED_EDGE('',*,*,#697,.T.);
#938=ORIENTED_EDGE('',*,*,#728,.T.);
#939=ORIENTED_EDGE('',*,*,#729,.T.);
#940=ORIENTED_EDGE('',*,*,#730,.T.);
#941=ORIENTED_EDGE('',*,*,#731,.F.);
#942=ORIENTED_EDGE('',*,*,#732,.F.);
#943=ORIENTED_EDGE('',*,*,#733,.T.);
#944=ORIENTED_EDGE('',*,*,#734,.T.);
#945=ORIENTED_EDGE('',*,*,#735,.F.);
#946=ORIENTED_EDGE('',*,*,#736,.F.);
#947=ORIENTED_EDGE('',*,*,#679,.T.);
#948=ORIENTED_EDGE('',*,*,#737,.T.);
#949=ORIENTED_EDGE('',*,*,#738,.F.);
#950=ORIENTED_EDGE('',*,*,#739,.F.);
#951=ORIENTED_EDGE('',*,*,#740,.T.);
#952=ORIENTED_EDGE('',*,*,#721,.T.);
#953=ORIENTED_EDGE('',*,*,#741,.F.);
#954=ORIENTED_EDGE('',*,*,#730,.F.);
#955=ORIENTED_EDGE('',*,*,#742,.T.);
#956=ORIENTED_EDGE('',*,*,#743,.T.);
#957=ORIENTED_EDGE('',*,*,#744,.T.);
#958=ORIENTED_EDGE('',*,*,#728,.F.);
#959=ORIENTED_EDGE('',*,*,#745,.T.);
#960=ORIENTED_EDGE('',*,*,#746,.T.);
#961=ORIENTED_EDGE('',*,*,#747,.T.);
#962=ORIENTED_EDGE('',*,*,#748,.T.);
#963=ORIENTED_EDGE('',*,*,#749,.T.);
#964=ORIENTED_EDGE('',*,*,#750,.T.);
#965=ORIENTED_EDGE('',*,*,#751,.F.);
#966=ORIENTED_EDGE('',*,*,#752,.F.);
#967=ORIENTED_EDGE('',*,*,#753,.T.);
#968=ORIENTED_EDGE('',*,*,#754,.T.);
#969=ORIENTED_EDGE('',*,*,#755,.T.);
#970=ORIENTED_EDGE('',*,*,#756,.T.);
#971=ORIENTED_EDGE('',*,*,#756,.F.);
#972=ORIENTED_EDGE('',*,*,#757,.T.);
#973=ORIENTED_EDGE('',*,*,#758,.T.);
#974=ORIENTED_EDGE('',*,*,#759,.F.);
#975=ORIENTED_EDGE('',*,*,#745,.F.);
#976=ORIENTED_EDGE('',*,*,#760,.T.);
#977=ORIENTED_EDGE('',*,*,#761,.T.);
#978=ORIENTED_EDGE('',*,*,#762,.F.);
#979=ORIENTED_EDGE('',*,*,#750,.F.);
#980=ORIENTED_EDGE('',*,*,#763,.T.);
#981=ORIENTED_EDGE('',*,*,#764,.T.);
#982=ORIENTED_EDGE('',*,*,#765,.F.);
#983=ORIENTED_EDGE('',*,*,#748,.F.);
#984=ORIENTED_EDGE('',*,*,#766,.T.);
#985=ORIENTED_EDGE('',*,*,#767,.T.);
#986=ORIENTED_EDGE('',*,*,#768,.F.);
#987=ORIENTED_EDGE('',*,*,#744,.F.);
#988=ORIENTED_EDGE('',*,*,#769,.T.);
#989=ORIENTED_EDGE('',*,*,#770,.T.);
#990=ORIENTED_EDGE('',*,*,#771,.F.);
#991=ORIENTED_EDGE('',*,*,#742,.F.);
#992=ORIENTED_EDGE('',*,*,#729,.F.);
#993=ORIENTED_EDGE('',*,*,#754,.F.);
#994=ORIENTED_EDGE('',*,*,#772,.T.);
#995=ORIENTED_EDGE('',*,*,#773,.T.);
#996=ORIENTED_EDGE('',*,*,#774,.F.);
#997=ORIENTED_EDGE('',*,*,#751,.T.);
#998=ORIENTED_EDGE('',*,*,#775,.T.);
#999=ORIENTED_EDGE('',*,*,#776,.T.);
#1000=ORIENTED_EDGE('',*,*,#777,.F.);
#1001=ORIENTED_EDGE('',*,*,#692,.F.);
#1002=ORIENTED_EDGE('',*,*,#778,.F.);
#1003=ORIENTED_EDGE('',*,*,#779,.F.);
#1004=ORIENTED_EDGE('',*,*,#780,.T.);
#1005=ORIENTED_EDGE('',*,*,#662,.F.);
#1006=ORIENTED_EDGE('',*,*,#781,.F.);
#1007=ORIENTED_EDGE('',*,*,#677,.T.);
#1008=ORIENTED_EDGE('',*,*,#782,.T.);
#1009=ORIENTED_EDGE('',*,*,#783,.F.);
#1010=ORIENTED_EDGE('',*,*,#784,.F.);
#1011=ORIENTED_EDGE('',*,*,#655,.F.);
#1012=ORIENTED_EDGE('',*,*,#785,.F.);
#1013=ORIENTED_EDGE('',*,*,#670,.F.);
#1014=ORIENTED_EDGE('',*,*,#786,.F.);
#1015=ORIENTED_EDGE('',*,*,#787,.F.);
#1016=ORIENTED_EDGE('',*,*,#786,.T.);
#1017=ORIENTED_EDGE('',*,*,#669,.F.);
#1018=ORIENTED_EDGE('',*,*,#664,.F.);
#1019=ORIENTED_EDGE('',*,*,#788,.T.);
#1020=ORIENTED_EDGE('',*,*,#694,.F.);
#1021=ORIENTED_EDGE('',*,*,#689,.F.);
#1022=ORIENTED_EDGE('',*,*,#789,.F.);
#1023=ORIENTED_EDGE('',*,*,#790,.F.);
#1024=ORIENTED_EDGE('',*,*,#724,.F.);
#1025=ORIENTED_EDGE('',*,*,#693,.F.);
#1026=ORIENTED_EDGE('',*,*,#791,.F.);
#1027=ORIENTED_EDGE('',*,*,#792,.F.);
#1028=ORIENTED_EDGE('',*,*,#733,.F.);
#1029=ORIENTED_EDGE('',*,*,#793,.F.);
#1030=ORIENTED_EDGE('',*,*,#775,.F.);
#1031=ORIENTED_EDGE('',*,*,#752,.T.);
#1032=ORIENTED_EDGE('',*,*,#777,.T.);
#1033=ORIENTED_EDGE('',*,*,#794,.T.);
#1034=ORIENTED_EDGE('',*,*,#772,.F.);
#1035=ORIENTED_EDGE('',*,*,#753,.F.);
#1036=ORIENTED_EDGE('',*,*,#774,.T.);
#1037=ORIENTED_EDGE('',*,*,#795,.T.);
#1038=ORIENTED_EDGE('',*,*,#769,.F.);
#1039=ORIENTED_EDGE('',*,*,#743,.F.);
#1040=ORIENTED_EDGE('',*,*,#771,.T.);
#1041=ORIENTED_EDGE('',*,*,#796,.T.);
#1042=ORIENTED_EDGE('',*,*,#766,.F.);
#1043=ORIENTED_EDGE('',*,*,#747,.F.);
#1044=ORIENTED_EDGE('',*,*,#768,.T.);
#1045=ORIENTED_EDGE('',*,*,#797,.T.);
#1046=ORIENTED_EDGE('',*,*,#763,.F.);
#1047=ORIENTED_EDGE('',*,*,#749,.F.);
#1048=ORIENTED_EDGE('',*,*,#765,.T.);
#1049=ORIENTED_EDGE('',*,*,#798,.T.);
#1050=ORIENTED_EDGE('',*,*,#760,.F.);
#1051=ORIENTED_EDGE('',*,*,#746,.F.);
#1052=ORIENTED_EDGE('',*,*,#762,.T.);
#1053=ORIENTED_EDGE('',*,*,#799,.T.);
#1054=ORIENTED_EDGE('',*,*,#757,.F.);
#1055=ORIENTED_EDGE('',*,*,#755,.F.);
#1056=ORIENTED_EDGE('',*,*,#759,.T.);
#1057=ORIENTED_EDGE('',*,*,#800,.T.);
#1058=ORIENTED_EDGE('',*,*,#801,.F.);
#1059=ORIENTED_EDGE('',*,*,#802,.F.);
#1060=ORIENTED_EDGE('',*,*,#667,.T.);
#1061=ORIENTED_EDGE('',*,*,#803,.T.);
#1062=ORIENTED_EDGE('',*,*,#804,.T.);
#1063=ORIENTED_EDGE('',*,*,#805,.T.);
#1064=ORIENTED_EDGE('',*,*,#806,.T.);
#1065=ORIENTED_EDGE('',*,*,#807,.T.);
#1066=ORIENTED_EDGE('',*,*,#808,.T.);
#1067=ORIENTED_EDGE('',*,*,#809,.T.);
#1068=ORIENTED_EDGE('',*,*,#672,.T.);
#1069=ORIENTED_EDGE('',*,*,#810,.T.);
#1070=ORIENTED_EDGE('',*,*,#657,.T.);
#1071=ORIENTED_EDGE('',*,*,#811,.T.);
#1072=ORIENTED_EDGE('',*,*,#812,.F.);
#1073=ORIENTED_EDGE('',*,*,#783,.T.);
#1074=ORIENTED_EDGE('',*,*,#813,.T.);
#1075=ORIENTED_EDGE('',*,*,#695,.T.);
#1076=ORIENTED_EDGE('',*,*,#790,.T.);
#1077=ORIENTED_EDGE('',*,*,#814,.T.);
#1078=ORIENTED_EDGE('',*,*,#815,.T.);
#1079=ORIENTED_EDGE('',*,*,#738,.T.);
#1080=ORIENTED_EDGE('',*,*,#816,.T.);
#1081=ORIENTED_EDGE('',*,*,#702,.F.);
#1082=ORIENTED_EDGE('',*,*,#705,.F.);
#1083=ORIENTED_EDGE('',*,*,#708,.F.);
#1084=ORIENTED_EDGE('',*,*,#711,.F.);
#1085=ORIENTED_EDGE('',*,*,#717,.F.);
#1086=ORIENTED_EDGE('',*,*,#731,.T.);
#1087=ORIENTED_EDGE('',*,*,#741,.T.);
#1088=ORIENTED_EDGE('',*,*,#720,.T.);
#1089=ORIENTED_EDGE('',*,*,#817,.T.);
#1090=ORIENTED_EDGE('',*,*,#818,.T.);
#1091=ORIENTED_EDGE('',*,*,#726,.T.);
#1092=ORIENTED_EDGE('',*,*,#819,.T.);
#1093=ORIENTED_EDGE('',*,*,#820,.T.);
#1094=ORIENTED_EDGE('',*,*,#735,.T.);
#1095=ORIENTED_EDGE('',*,*,#821,.T.);
#1096=ORIENTED_EDGE('',*,*,#822,.T.);
#1097=ORIENTED_EDGE('',*,*,#779,.T.);
#1098=ORIENTED_EDGE('',*,*,#823,.T.);
#1099=ORIENTED_EDGE('',*,*,#824,.T.);
#1100=ORIENTED_EDGE('',*,*,#699,.T.);
#1101=ORIENTED_EDGE('',*,*,#800,.F.);
#1102=ORIENTED_EDGE('',*,*,#758,.F.);
#1103=ORIENTED_EDGE('',*,*,#799,.F.);
#1104=ORIENTED_EDGE('',*,*,#761,.F.);
#1105=ORIENTED_EDGE('',*,*,#798,.F.);
#1106=ORIENTED_EDGE('',*,*,#764,.F.);
#1107=ORIENTED_EDGE('',*,*,#797,.F.);
#1108=ORIENTED_EDGE('',*,*,#767,.F.);
#1109=ORIENTED_EDGE('',*,*,#796,.F.);
#1110=ORIENTED_EDGE('',*,*,#770,.F.);
#1111=ORIENTED_EDGE('',*,*,#795,.F.);
#1112=ORIENTED_EDGE('',*,*,#773,.F.);
#1113=ORIENTED_EDGE('',*,*,#794,.F.);
#1114=ORIENTED_EDGE('',*,*,#776,.F.);
#1115=ORIENTED_EDGE('',*,*,#819,.F.);
#1116=ORIENTED_EDGE('',*,*,#725,.F.);
#1117=ORIENTED_EDGE('',*,*,#793,.T.);
#1118=ORIENTED_EDGE('',*,*,#732,.T.);
#1119=ORIENTED_EDGE('',*,*,#780,.F.);
#1120=ORIENTED_EDGE('',*,*,#822,.F.);
#1121=ORIENTED_EDGE('',*,*,#825,.F.);
#1122=ORIENTED_EDGE('',*,*,#791,.T.);
#1123=ORIENTED_EDGE('',*,*,#821,.F.);
#1124=ORIENTED_EDGE('',*,*,#734,.F.);
#1125=ORIENTED_EDGE('',*,*,#792,.T.);
#1126=ORIENTED_EDGE('',*,*,#825,.T.);
#1127=ORIENTED_EDGE('',*,*,#826,.F.);
#1128=ORIENTED_EDGE('',*,*,#827,.F.);
#1129=ORIENTED_EDGE('',*,*,#828,.F.);
#1130=ORIENTED_EDGE('',*,*,#829,.F.);
#1131=ORIENTED_EDGE('',*,*,#830,.F.);
#1132=ORIENTED_EDGE('',*,*,#665,.F.);
#1133=ORIENTED_EDGE('',*,*,#831,.F.);
#1134=ORIENTED_EDGE('',*,*,#832,.F.);
#1135=ORIENTED_EDGE('',*,*,#700,.T.);
#1136=ORIENTED_EDGE('',*,*,#703,.T.);
#1137=ORIENTED_EDGE('',*,*,#706,.T.);
#1138=ORIENTED_EDGE('',*,*,#709,.T.);
#1139=ORIENTED_EDGE('',*,*,#723,.T.);
#1140=ORIENTED_EDGE('',*,*,#826,.T.);
#1141=ORIENTED_EDGE('',*,*,#833,.F.);
#1142=ORIENTED_EDGE('',*,*,#807,.F.);
#1143=ORIENTED_EDGE('',*,*,#834,.T.);
#1144=ORIENTED_EDGE('',*,*,#832,.T.);
#1145=ORIENTED_EDGE('',*,*,#835,.F.);
#1146=ORIENTED_EDGE('',*,*,#808,.F.);
#1147=ORIENTED_EDGE('',*,*,#833,.T.);
#1148=ORIENTED_EDGE('',*,*,#831,.T.);
#1149=ORIENTED_EDGE('',*,*,#673,.F.);
#1150=ORIENTED_EDGE('',*,*,#809,.F.);
#1151=ORIENTED_EDGE('',*,*,#835,.T.);
#1152=ORIENTED_EDGE('',*,*,#830,.T.);
#1153=ORIENTED_EDGE('',*,*,#836,.F.);
#1154=ORIENTED_EDGE('',*,*,#803,.F.);
#1155=ORIENTED_EDGE('',*,*,#666,.T.);
#1156=ORIENTED_EDGE('',*,*,#829,.T.);
#1157=ORIENTED_EDGE('',*,*,#837,.F.);
#1158=ORIENTED_EDGE('',*,*,#804,.F.);
#1159=ORIENTED_EDGE('',*,*,#836,.T.);
#1160=ORIENTED_EDGE('',*,*,#828,.T.);
#1161=ORIENTED_EDGE('',*,*,#838,.F.);
#1162=ORIENTED_EDGE('',*,*,#805,.F.);
#1163=ORIENTED_EDGE('',*,*,#837,.T.);
#1164=ORIENTED_EDGE('',*,*,#827,.T.);
#1165=ORIENTED_EDGE('',*,*,#834,.F.);
#1166=ORIENTED_EDGE('',*,*,#806,.F.);
#1167=ORIENTED_EDGE('',*,*,#838,.T.);
#1168=ORIENTED_EDGE('',*,*,#839,.F.);
#1169=ORIENTED_EDGE('',*,*,#687,.F.);
#1170=ORIENTED_EDGE('',*,*,#683,.F.);
#1171=ORIENTED_EDGE('',*,*,#727,.T.);
#1172=ORIENTED_EDGE('',*,*,#818,.F.);
#1173=ORIENTED_EDGE('',*,*,#688,.F.);
#1174=ORIENTED_EDGE('',*,*,#840,.F.);
#1175=ORIENTED_EDGE('',*,*,#718,.F.);
#1176=ORIENTED_EDGE('',*,*,#740,.F.);
#1177=ORIENTED_EDGE('',*,*,#841,.F.);
#1178=ORIENTED_EDGE('',*,*,#842,.F.);
#1179=ORIENTED_EDGE('',*,*,#815,.F.);
#1180=ORIENTED_EDGE('',*,*,#843,.F.);
#1181=ORIENTED_EDGE('',*,*,#841,.T.);
#1182=ORIENTED_EDGE('',*,*,#739,.T.);
#1183=ORIENTED_EDGE('',*,*,#814,.F.);
#1184=ORIENTED_EDGE('',*,*,#789,.T.);
#1185=ORIENTED_EDGE('',*,*,#842,.T.);
#1186=ORIENTED_EDGE('',*,*,#843,.T.);
#1187=ORIENTED_EDGE('',*,*,#840,.T.);
#1188=ORIENTED_EDGE('',*,*,#839,.T.);
#1189=ORIENTED_EDGE('',*,*,#817,.F.);
#1190=ORIENTED_EDGE('',*,*,#719,.F.);
#1191=ORIENTED_EDGE('',*,*,#715,.T.);
#1192=ORIENTED_EDGE('',*,*,#714,.F.);
#1193=ORIENTED_EDGE('',*,*,#712,.T.);
#1194=ORIENTED_EDGE('',*,*,#820,.F.);
#1195=ORIENTED_EDGE('',*,*,#844,.F.);
#1196=ORIENTED_EDGE('',*,*,#680,.T.);
#1197=ORIENTED_EDGE('',*,*,#736,.T.);
#1198=ORIENTED_EDGE('',*,*,#824,.F.);
#1199=ORIENTED_EDGE('',*,*,#845,.F.);
#1200=ORIENTED_EDGE('',*,*,#681,.T.);
#1201=ORIENTED_EDGE('',*,*,#844,.T.);
#1202=ORIENTED_EDGE('',*,*,#823,.F.);
#1203=ORIENTED_EDGE('',*,*,#778,.T.);
#1204=ORIENTED_EDGE('',*,*,#691,.T.);
#1205=ORIENTED_EDGE('',*,*,#682,.T.);
#1206=ORIENTED_EDGE('',*,*,#845,.T.);
#1207=ORIENTED_EDGE('',*,*,#813,.F.);
#1208=ORIENTED_EDGE('',*,*,#782,.F.);
#1209=ORIENTED_EDGE('',*,*,#676,.T.);
#1210=ORIENTED_EDGE('',*,*,#696,.T.);
#1211=ORIENTED_EDGE('',*,*,#816,.F.);
#1212=ORIENTED_EDGE('',*,*,#737,.F.);
#1213=ORIENTED_EDGE('',*,*,#678,.T.);
#1214=ORIENTED_EDGE('',*,*,#781,.T.);
#1215=ORIENTED_EDGE('',*,*,#846,.T.);
#1216=ORIENTED_EDGE('',*,*,#801,.T.);
#1217=ORIENTED_EDGE('',*,*,#846,.F.);
#1218=ORIENTED_EDGE('',*,*,#661,.F.);
#1219=ORIENTED_EDGE('',*,*,#847,.T.);
#1220=ORIENTED_EDGE('',*,*,#802,.T.);
#1221=ORIENTED_EDGE('',*,*,#847,.F.);
#1222=ORIENTED_EDGE('',*,*,#660,.F.);
#1223=ORIENTED_EDGE('',*,*,#668,.T.);
#1224=ORIENTED_EDGE('',*,*,#812,.T.);
#1225=ORIENTED_EDGE('',*,*,#848,.F.);
#1226=ORIENTED_EDGE('',*,*,#788,.F.);
#1227=ORIENTED_EDGE('',*,*,#663,.F.);
#1228=ORIENTED_EDGE('',*,*,#784,.T.);
#1229=ORIENTED_EDGE('',*,*,#811,.F.);
#1230=ORIENTED_EDGE('',*,*,#656,.F.);
#1231=ORIENTED_EDGE('',*,*,#787,.T.);
#1232=ORIENTED_EDGE('',*,*,#848,.T.);
#1233=ORIENTED_EDGE('',*,*,#810,.F.);
#1234=ORIENTED_EDGE('',*,*,#671,.F.);
#1235=ORIENTED_EDGE('',*,*,#785,.T.);
#1236=ORIENTED_EDGE('',*,*,#658,.T.);
#1237=PLANE('',#1363);
#1238=PLANE('',#1364);
#1239=PLANE('',#1365);
#1240=PLANE('',#1366);
#1241=PLANE('',#1422);
#1242=PLANE('',#1423);
#1243=PLANE('',#1425);
#1244=PLANE('',#1428);
#1245=PLANE('',#1430);
#1246=PLANE('',#1440);
#1247=PLANE('',#1448);
#1248=PLANE('',#1449);
#1249=PLANE('',#1451);
#1250=PLANE('',#1457);
#1251=PLANE('',#1460);
#1252=PLANE('',#1462);
#1253=PLANE('',#1465);
#1254=PLANE('',#1467);
#1255=PLANE('',#1469);
#1256=PLANE('',#1470);
#1257=PLANE('',#1471);
#1258=PLANE('',#1472);
#1259=PLANE('',#1473);
#1260=PLANE('',#1475);
#1261=PLANE('',#1476);
#1262=PLANE('',#1477);
#1263=PLANE('',#1478);
#1264=PLANE('',#1479);
#1265=PLANE('',#1481);
#1266=ADVANCED_FACE('',(#187),#1237,.T.);
#1267=ADVANCED_FACE('',(#188),#1238,.T.);
#1268=ADVANCED_FACE('',(#189),#1239,.T.);
#1269=ADVANCED_FACE('',(#190),#1240,.T.);
#1270=ADVANCED_FACE('',(#191),#102,.F.);
#1271=ADVANCED_FACE('',(#192),#103,.F.);
#1272=ADVANCED_FACE('',(#193),#53,.T.);
#1273=ADVANCED_FACE('',(#194),#104,.F.);
#1274=ADVANCED_FACE('',(#195),#105,.F.);
#1275=ADVANCED_FACE('',(#196),#106,.F.);
#1276=ADVANCED_FACE('',(#197),#107,.F.);
#1277=ADVANCED_FACE('',(#198),#108,.T.);
#1278=ADVANCED_FACE('',(#199),#109,.F.);
#1279=ADVANCED_FACE('',(#200),#110,.F.);
#1280=ADVANCED_FACE('',(#201),#49,.F.);
#1281=ADVANCED_FACE('',(#202),#111,.F.);
#1282=ADVANCED_FACE('',(#203,#30,#31,#32,#33,#34,#35),#112,.T.);
#1283=ADVANCED_FACE('',(#204),#16,.T.);
#1284=ADVANCED_FACE('',(#205),#17,.T.);
#1285=ADVANCED_FACE('',(#206),#18,.T.);
#1286=ADVANCED_FACE('',(#207),#19,.T.);
#1287=ADVANCED_FACE('',(#208),#20,.T.);
#1288=ADVANCED_FACE('',(#209),#21,.T.);
#1289=ADVANCED_FACE('',(#210),#22,.T.);
#1290=ADVANCED_FACE('',(#211),#50,.F.);
#1291=ADVANCED_FACE('',(#212),#1241,.T.);
#1292=ADVANCED_FACE('',(#213),#1242,.T.);
#1293=ADVANCED_FACE('',(#214),#1243,.T.);
#1294=ADVANCED_FACE('',(#215),#51,.F.);
#1295=ADVANCED_FACE('',(#216),#1244,.T.);
#1296=ADVANCED_FACE('',(#217),#23,.T.);
#1297=ADVANCED_FACE('',(#218),#24,.T.);
#1298=ADVANCED_FACE('',(#219),#25,.T.);
#1299=ADVANCED_FACE('',(#220),#26,.T.);
#1300=ADVANCED_FACE('',(#221),#27,.T.);
#1301=ADVANCED_FACE('',(#222),#28,.T.);
#1302=ADVANCED_FACE('',(#223),#29,.T.);
#1303=ADVANCED_FACE('',(#224,#36,#37,#38,#39,#40,#41,#42),#1245,.T.);
#1304=ADVANCED_FACE('',(#225),#1246,.T.);
#1305=ADVANCED_FACE('',(#226),#113,.T.);
#1306=ADVANCED_FACE('',(#227),#114,.T.);
#1307=ADVANCED_FACE('',(#228),#115,.T.);
#1308=ADVANCED_FACE('',(#229),#116,.T.);
#1309=ADVANCED_FACE('',(#230),#117,.T.);
#1310=ADVANCED_FACE('',(#231),#118,.T.);
#1311=ADVANCED_FACE('',(#232),#119,.T.);
#1312=ADVANCED_FACE('',(#233),#1247,.T.);
#1313=ADVANCED_FACE('',(#234),#1248,.T.);
#1314=ADVANCED_FACE('',(#235),#120,.F.);
#1315=ADVANCED_FACE('',(#236,#43,#44,#45,#46,#47),#1249,.T.);
#1316=ADVANCED_FACE('',(#237),#121,.T.);
#1317=ADVANCED_FACE('',(#238),#1250,.T.);
#1318=ADVANCED_FACE('',(#239),#122,.T.);
#1319=ADVANCED_FACE('',(#240),#123,.T.);
#1320=ADVANCED_FACE('',(#241),#1251,.T.);
#1321=ADVANCED_FACE('',(#242),#124,.T.);
#1322=ADVANCED_FACE('',(#243),#1252,.T.);
#1323=ADVANCED_FACE('',(#244),#52,.F.);
#1324=ADVANCED_FACE('',(#245),#1253,.T.);
#1325=ADVANCED_FACE('',(#246),#1254,.T.);
#1326=ADVANCED_FACE('',(#247),#125,.F.);
#1327=ADVANCED_FACE('',(#248),#1255,.T.);
#1328=ADVANCED_FACE('',(#249,#48),#1256,.T.);
#1329=ADVANCED_FACE('',(#250),#1257,.T.);
#1330=ADVANCED_FACE('',(#251),#1258,.T.);
#1331=ADVANCED_FACE('',(#252),#1259,.T.);
#1332=ADVANCED_FACE('',(#253),#126,.F.);
#1333=ADVANCED_FACE('',(#254),#1260,.T.);
#1334=ADVANCED_FACE('',(#255),#1261,.T.);
#1335=ADVANCED_FACE('',(#256),#1262,.T.);
#1336=ADVANCED_FACE('',(#257),#1263,.T.);
#1337=ADVANCED_FACE('',(#258),#1264,.T.);
#1338=ADVANCED_FACE('',(#259),#127,.F.);
#1339=ADVANCED_FACE('',(#260),#1265,.T.);
#1340=CLOSED_SHELL('',(#1266,#1267,#1268,#1269,#1270,#1271,#1272,#1273,
#1274,#1275,#1276,#1277,#1278,#1279,#1280,#1281,#1282,#1283,#1284,#1285,
#1286,#1287,#1288,#1289,#1290,#1291,#1292,#1293,#1294,#1295,#1296,#1297,
#1298,#1299,#1300,#1301,#1302,#1303,#1304,#1305,#1306,#1307,#1308,#1309,
#1310,#1311,#1312,#1313,#1314,#1315,#1316,#1317,#1318,#1319,#1320,#1321,
#1322,#1323,#1324,#1325,#1326,#1327,#1328,#1329,#1330,#1331,#1332,#1333,
#1334,#1335,#1336,#1337,#1338,#1339));
#1341=DERIVED_UNIT_ELEMENT(#1344,1.);
#1342=DERIVED_UNIT_ELEMENT(#7572,-3.);
#1343=DIMENSIONAL_EXPONENTS(0.,1.,0.,0.,0.,0.,0.);
#1344=(
CONVERSION_BASED_UNIT('gram',#1346)
MASS_UNIT()
NAMED_UNIT(#1343)
);
#1345=(
MASS_UNIT()
NAMED_UNIT(*)
SI_UNIT(.KILO.,.GRAM.)
);
#1346=MASS_MEASURE_WITH_UNIT(MASS_MEASURE(0.001),#1345);
#1347=DERIVED_UNIT((#1341,#1342));
#1348=MEASURE_REPRESENTATION_ITEM('density measure',
POSITIVE_RATIO_MEASURE(1.),#1347);
#1349=PROPERTY_DEFINITION_REPRESENTATION(#1354,#1351);
#1350=PROPERTY_DEFINITION_REPRESENTATION(#1355,#1352);
#1351=REPRESENTATION('material name',(#1353),#7569);
#1352=REPRESENTATION('density',(#1348),#7569);
#1353=DESCRIPTIVE_REPRESENTATION_ITEM('Generic','Generic');
#1354=PROPERTY_DEFINITION('material property','material name',#7579);
#1355=PROPERTY_DEFINITION('material property','density of part',#7579);
#1356=DATE_TIME_ROLE('creation_date');
#1357=APPLIED_DATE_AND_TIME_ASSIGNMENT(#1358,#1356,(#7579));
#1358=DATE_AND_TIME(#1359,#1360);
#1359=CALENDAR_DATE(2024,8,11);
#1360=LOCAL_TIME(0,0,0.,#1361);
#1361=COORDINATED_UNIVERSAL_TIME_OFFSET(0,0,.BEHIND.);
#1362=AXIS2_PLACEMENT_3D('',#1809,#1482,#1483);
#1363=AXIS2_PLACEMENT_3D('',#1810,#1484,#1485);
#1364=AXIS2_PLACEMENT_3D('',#1819,#1490,#1491);
#1365=AXIS2_PLACEMENT_3D('',#1832,#1498,#1499);
#1366=AXIS2_PLACEMENT_3D('',#1850,#1509,#1510);
#1367=AXIS2_PLACEMENT_3D('',#1853,#1511,#1512);
#1368=AXIS2_PLACEMENT_3D('',#1855,#1513,#1514);
#1369=AXIS2_PLACEMENT_3D('',#1863,#1518,#1519);
#1370=AXIS2_PLACEMENT_3D('',#1868,#1522,#1523);
#1371=AXIS2_PLACEMENT_3D('',#1869,#1524,#1525);
#1372=AXIS2_PLACEMENT_3D('',#1872,#1526,#1527);
#1373=AXIS2_PLACEMENT_3D('',#1876,#1529,#1530);
#1374=AXIS2_PLACEMENT_3D('',#1877,#1531,#1532);
#1375=AXIS2_PLACEMENT_3D('',#1879,#1533,#1534);
#1376=AXIS2_PLACEMENT_3D('',#1881,#1535,#1536);
#1377=AXIS2_PLACEMENT_3D('',#1883,#1537,#1538);
#1378=AXIS2_PLACEMENT_3D('',#1888,#1541,#1542);
#1379=AXIS2_PLACEMENT_3D('',#1889,#1543,#1544);
#1380=AXIS2_PLACEMENT_3D('',#1890,#1545,#1546);
#1381=AXIS2_PLACEMENT_3D('',#1905,#1547,#1548);
#1382=AXIS2_PLACEMENT_3D('',#1907,#1550,#1551);
#1383=AXIS2_PLACEMENT_3D('',#1909,#1552,#1553);
#1384=AXIS2_PLACEMENT_3D('',#1911,#1554,#1555);
#1385=AXIS2_PLACEMENT_3D('',#1912,#1556,#1557);
#1386=AXIS2_PLACEMENT_3D('',#1913,#1558,#1559);
#1387=AXIS2_PLACEMENT_3D('',#1915,#1560,#1561);
#1388=AXIS2_PLACEMENT_3D('',#1918,#1563,#1564);
#1389=AXIS2_PLACEMENT_3D('',#1919,#1565,#1566);
#1390=AXIS2_PLACEMENT_3D('',#1921,#1567,#1568);
#1391=AXIS2_PLACEMENT_3D('',#1924,#1570,#1571);
#1392=AXIS2_PLACEMENT_3D('',#1925,#1572,#1573);
#1393=AXIS2_PLACEMENT_3D('',#1927,#1574,#1575);
#1394=AXIS2_PLACEMENT_3D('',#1930,#1577,#1578);
#1395=AXIS2_PLACEMENT_3D('',#1931,#1579,#1580);
#1396=AXIS2_PLACEMENT_3D('',#1933,#1581,#1582);
#1397=AXIS2_PLACEMENT_3D('',#1936,#1584,#1585);
#1398=AXIS2_PLACEMENT_3D('',#1937,#1586,#1587);
#1399=AXIS2_PLACEMENT_3D('',#1939,#1588,#1589);
#1400=AXIS2_PLACEMENT_3D('',#1942,#1591,#1592);
#1401=AXIS2_PLACEMENT_3D('',#1943,#1593,#1594);
#1402=AXIS2_PLACEMENT_3D('',#1945,#1595,#1596);
#1403=AXIS2_PLACEMENT_3D('',#1948,#1598,#1599);
#1404=AXIS2_PLACEMENT_3D('',#1949,#1600,#1601);
#1405=AXIS2_PLACEMENT_3D('',#1952,#1602,#1603);
#1406=AXIS2_PLACEMENT_3D('',#1956,#1605,#1606);
#1407=AXIS2_PLACEMENT_3D('',#1958,#1608,#1609);
#1408=AXIS2_PLACEMENT_3D('',#1961,#1611,#1612);
#1409=AXIS2_PLACEMENT_3D('',#1962,#1613,#1614);
#1410=AXIS2_PLACEMENT_3D('',#1964,#1615,#1616);
#1411=AXIS2_PLACEMENT_3D('',#1968,#1618,#1619);
#1412=AXIS2_PLACEMENT_3D('',#1981,#1620,#1621);
#1413=AXIS2_PLACEMENT_3D('',#2007,#1624,#1625);
#1414=AXIS2_PLACEMENT_3D('',#2011,#1627,#1628);
#1415=AXIS2_PLACEMENT_3D('',#2015,#1630,#1631);
#1416=AXIS2_PLACEMENT_3D('',#2020,#1634,#1635);
#1417=AXIS2_PLACEMENT_3D('',#2023,#1637,#1638);
#1418=AXIS2_PLACEMENT_3D('',#2024,#1639,#1640);
#1419=AXIS2_PLACEMENT_3D('',#5170,#1641,#1642);
#1420=AXIS2_PLACEMENT_3D('',#5185,#1643,#1644);
#1421=AXIS2_PLACEMENT_3D('',#5186,#1645,#1646);
#1422=AXIS2_PLACEMENT_3D('',#5187,#1647,#1648);
#1423=AXIS2_PLACEMENT_3D('',#5194,#1653,#1654);
#1424=AXIS2_PLACEMENT_3D('',#5198,#1657,#1658);
#1425=AXIS2_PLACEMENT_3D('',#5199,#1659,#1660);
#1426=AXIS2_PLACEMENT_3D('',#5201,#1662,#1663);
#1427=AXIS2_PLACEMENT_3D('',#5215,#1664,#1665);
#1428=AXIS2_PLACEMENT_3D('',#5216,#1666,#1667);
#1429=AXIS2_PLACEMENT_3D('',#5219,#1669,#1670);
#1430=AXIS2_PLACEMENT_3D('',#7461,#1672,#1673);
#1431=AXIS2_PLACEMENT_3D('',#7467,#1676,#1677);
#1432=AXIS2_PLACEMENT_3D('',#7471,#1679,#1680);
#1433=AXIS2_PLACEMENT_3D('',#7475,#1682,#1683);
#1434=AXIS2_PLACEMENT_3D('',#7478,#1685,#1686);
#1435=AXIS2_PLACEMENT_3D('',#7481,#1688,#1689);
#1436=AXIS2_PLACEMENT_3D('',#7485,#1692,#1693);
#1437=AXIS2_PLACEMENT_3D('',#7490,#1697,#1698);
#1438=AXIS2_PLACEMENT_3D('',#7495,#1701,#1702);
#1439=AXIS2_PLACEMENT_3D('',#7498,#1704,#1705);
#1440=AXIS2_PLACEMENT_3D('',#7500,#1707,#1708);
#1441=AXIS2_PLACEMENT_3D('',#7501,#1709,#1710);
#1442=AXIS2_PLACEMENT_3D('',#7502,#1711,#1712);
#1443=AXIS2_PLACEMENT_3D('',#7503,#1713,#1714);
#1444=AXIS2_PLACEMENT_3D('',#7504,#1715,#1716);
#1445=AXIS2_PLACEMENT_3D('',#7505,#1717,#1718);
#1446=AXIS2_PLACEMENT_3D('',#7506,#1719,#1720);
#1447=AXIS2_PLACEMENT_3D('',#7507,#1721,#1722);
#1448=AXIS2_PLACEMENT_3D('',#7508,#1723,#1724);
#1449=AXIS2_PLACEMENT_3D('',#7509,#1725,#1726);
#1450=AXIS2_PLACEMENT_3D('',#7511,#1728,#1729);
#1451=AXIS2_PLACEMENT_3D('',#7512,#1730,#1731);
#1452=AXIS2_PLACEMENT_3D('',#7515,#1732,#1733);
#1453=AXIS2_PLACEMENT_3D('',#7519,#1735,#1736);
#1454=AXIS2_PLACEMENT_3D('',#7522,#1738,#1739);
#1455=AXIS2_PLACEMENT_3D('',#7524,#1740,#1741);
#1456=AXIS2_PLACEMENT_3D('',#7526,#1743,#1744);
#1457=AXIS2_PLACEMENT_3D('',#7529,#1747,#1748);
#1458=AXIS2_PLACEMENT_3D('',#7531,#1750,#1751);
#1459=AXIS2_PLACEMENT_3D('',#7532,#1752,#1753);
#1460=AXIS2_PLACEMENT_3D('',#7534,#1755,#1756);
#1461=AXIS2_PLACEMENT_3D('',#7536,#1758,#1759);
#1462=AXIS2_PLACEMENT_3D('',#7538,#1761,#1762);
#1463=AXIS2_PLACEMENT_3D('',#7539,#1763,#1764);
#1464=AXIS2_PLACEMENT_3D('',#7540,#1765,#1766);
#1465=AXIS2_PLACEMENT_3D('',#7541,#1767,#1768);
#1466=AXIS2_PLACEMENT_3D('',#7545,#1771,#1772);
#1467=AXIS2_PLACEMENT_3D('',#7546,#1773,#1774);
#1468=AXIS2_PLACEMENT_3D('',#7548,#1776,#1777);
#1469=AXIS2_PLACEMENT_3D('',#7549,#1778,#1779);
#1470=AXIS2_PLACEMENT_3D('',#7550,#1780,#1781);
#1471=AXIS2_PLACEMENT_3D('',#7551,#1782,#1783);
#1472=AXIS2_PLACEMENT_3D('',#7552,#1784,#1785);
#1473=AXIS2_PLACEMENT_3D('',#7554,#1787,#1788);
#1474=AXIS2_PLACEMENT_3D('',#7556,#1790,#1791);
#1475=AXIS2_PLACEMENT_3D('',#7557,#1792,#1793);
#1476=AXIS2_PLACEMENT_3D('',#7558,#1794,#1795);
#1477=AXIS2_PLACEMENT_3D('',#7560,#1797,#1798);
#1478=AXIS2_PLACEMENT_3D('',#7562,#1800,#1801);
#1479=AXIS2_PLACEMENT_3D('',#7563,#1802,#1803);
#1480=AXIS2_PLACEMENT_3D('',#7565,#1805,#1806);
#1481=AXIS2_PLACEMENT_3D('',#7566,#1807,#1808);
#1482=DIRECTION('axis',(0.,0.,1.));
#1483=DIRECTION('refdir',(1.,0.,0.));
#1484=DIRECTION('center_axis',(-0.96126169593832,0.275637355816994,0.));
#1485=DIRECTION('ref_axis',(0.,0.,1.));
#1486=DIRECTION('',(-0.275637355817001,-0.961261695938318,0.));
#1487=DIRECTION('',(0.,0.,1.));
#1488=DIRECTION('',(-0.275637355817001,-0.961261695938318,0.));
#1489=DIRECTION('',(0.,0.,1.));
#1490=DIRECTION('center_axis',(0.,0.,1.));
#1491=DIRECTION('ref_axis',(1.,0.,0.));
#1492=DIRECTION('',(0.,1.,0.));
#1493=DIRECTION('',(-1.,0.,0.));
#1494=DIRECTION('',(-0.866025403784439,0.499999999999999,0.));
#1495=DIRECTION('',(-0.500000000000004,-0.866025403784436,0.));
#1496=DIRECTION('',(0.866025403784439,-0.499999999999999,0.));
#1497=DIRECTION('',(1.,0.,0.));
#1498=DIRECTION('center_axis',(1.,0.,0.));
#1499=DIRECTION('ref_axis',(0.,0.,-1.));
#1500=DIRECTION('',(0.,1.,0.));
#1501=DIRECTION('',(0.,0.,-1.));
#1502=DIRECTION('',(0.,1.,0.));
#1503=DIRECTION('',(0.,0.,1.));
#1504=DIRECTION('',(0.,0.,1.));
#1505=DIRECTION('',(0.,1.,0.));
#1506=DIRECTION('',(0.,0.,1.));
#1507=DIRECTION('',(0.,1.,0.));
#1508=DIRECTION('',(0.,0.,-1.));
#1509=DIRECTION('center_axis',(0.,0.,-1.));
#1510=DIRECTION('ref_axis',(-1.,0.,0.));
#1511=DIRECTION('center_axis',(0.,0.,1.));
#1512=DIRECTION('ref_axis',(0.953047326383224,-0.302821389062577,0.));
#1513=DIRECTION('center_axis',(3.45170443674574E-14,4.00849640648485E-14,
-1.));
#1514=DIRECTION('ref_axis',(0.78220912588492,0.623015957566377,5.19731193736752E-14));
#1515=DIRECTION('',(0.866025403784444,-0.499999999999991,0.));
#1516=DIRECTION('',(-0.500000000000003,-0.866025403784437,0.));
#1517=DIRECTION('',(0.642787609686536,-0.766044443118981,0.));
#1518=DIRECTION('center_axis',(-3.58456713358241E-14,2.11687775536634E-15,
-1.));
#1519=DIRECTION('ref_axis',(0.99690875542323,-0.0785680174148929,-3.59011824870554E-14));
#1520=DIRECTION('',(-0.642787609686532,0.766044443118984,0.));
#1521=DIRECTION('',(-0.866025403784441,0.499999999999995,0.));
#1522=DIRECTION('center_axis',(-1.48560670076807E-14,-4.42206890216287E-14,
-1.));
#1523=DIRECTION('ref_axis',(-0.500000000000073,-0.866025403784396,4.57242735694217E-14));
#1524=DIRECTION('center_axis',(0.,0.,-1.));
#1525=DIRECTION('ref_axis',(1.,8.26364451938828E-17,0.));
#1526=DIRECTION('center_axis',(5.57052625349938E-17,-3.41757105466933E-17,
1.));
#1527=DIRECTION('ref_axis',(-0.907036207348111,-0.421052631578944,3.61369171973061E-17));
#1528=DIRECTION('',(0.,0.,-1.));
#1529=DIRECTION('center_axis',(1.78898825453538E-33,2.92163953848725E-17,
-1.));
#1530=DIRECTION('ref_axis',(1.,1.84800463283664E-16,7.18819165713852E-33));
#1531=DIRECTION('center_axis',(1.78898825453538E-33,2.92163953848725E-17,
-1.));
#1532=DIRECTION('ref_axis',(1.,1.84800463283664E-16,7.18819165713852E-33));
#1533=DIRECTION('center_axis',(5.57052625349938E-17,-3.41757105466933E-17,
1.));
#1534=DIRECTION('ref_axis',(-0.907036207348111,-0.421052631578944,3.61369171973061E-17));
#1535=DIRECTION('center_axis',(-1.32393263017366E-14,-7.17954008413711E-15,
1.));
#1536=DIRECTION('ref_axis',(-0.847678759350902,-0.530509868848182,-1.50315125625237E-14));
#1537=DIRECTION('center_axis',(-4.1857488752106E-17,-6.90766564834721E-17,
1.));
#1538=DIRECTION('ref_axis',(0.754984436236841,-0.655742709483026,-1.36947613367016E-17));
#1539=DIRECTION('',(0.,0.,1.));
#1540=DIRECTION('',(0.,0.,-1.));
#1541=DIRECTION('center_axis',(-1.57145831528316E-15,-6.45505430251834E-16,
1.));
#1542=DIRECTION('ref_axis',(0.0888758283963972,0.996042713505226,7.82615639891593E-16));
#1543=DIRECTION('center_axis',(-3.67806693141625E-16,-2.25655076669193E-14,
1.));
#1544=DIRECTION('ref_axis',(-0.0355956437054183,0.999366274270448,2.25381150081088E-14));
#1545=DIRECTION('center_axis',(0.,0.,1.));
#1546=DIRECTION('ref_axis',(0.734147027141238,-0.678990531995611,0.));
#1547=DIRECTION('center_axis',(-4.86719075510342E-15,-7.37622324433155E-16,
-1.));
#1548=DIRECTION('ref_axis',(0.734147027141281,-0.678990531995565,-3.07239504891003E-15));
#1549=DIRECTION('',(0.,0.,1.));
#1550=DIRECTION('center_axis',(1.50939486075677E-16,5.35226692538958E-17,
1.));
#1551=DIRECTION('ref_axis',(1.,0.,-1.77635683940025E-16));
#1552=DIRECTION('center_axis',(0.,-5.55111512312578E-17,1.));
#1553=DIRECTION('ref_axis',(-1.,1.11022302462516E-16,6.16297582203917E-33));
#1554=DIRECTION('center_axis',(1.22464679914735E-16,-1.,5.35226692538958E-17));
#1555=DIRECTION('ref_axis',(-1.,-1.22464679914735E-16,1.66533453693774E-16));
#1556=DIRECTION('center_axis',(0.,0.,-1.));
#1557=DIRECTION('ref_axis',(-1.,6.06806182515872E-17,0.));
#1558=DIRECTION('center_axis',(0.,0.,1.));
#1559=DIRECTION('ref_axis',(-1.,-1.28721510101467E-15,0.));
#1560=DIRECTION('center_axis',(0.,0.,1.));
#1561=DIRECTION('ref_axis',(-1.,0.,0.));
#1562=DIRECTION('',(0.,0.,1.));
#1563=DIRECTION('center_axis',(0.,-6.43607550507336E-16,1.));
#1564=DIRECTION('ref_axis',(1.,2.57443020202935E-15,1.65692271628022E-30));
#1565=DIRECTION('center_axis',(0.,0.,1.));
#1566=DIRECTION('ref_axis',(-1.,0.,0.));
#1567=DIRECTION('center_axis',(0.,0.,1.));
#1568=DIRECTION('ref_axis',(-1.,0.,0.));
#1569=DIRECTION('',(0.,0.,1.));
#1570=DIRECTION('center_axis',(0.,-6.43607550507336E-16,1.));
#1571=DIRECTION('ref_axis',(1.,1.28721510101467E-15,8.28461358140105E-31));
#1572=DIRECTION('center_axis',(0.,0.,1.));
#1573=DIRECTION('ref_axis',(-1.,0.,0.));
#1574=DIRECTION('center_axis',(0.,0.,1.));
#1575=DIRECTION('ref_axis',(-1.,1.28721510101467E-15,0.));
#1576=DIRECTION('',(0.,0.,1.));
#1577=DIRECTION('center_axis',(0.,-6.43607550507337E-16,1.));
#1578=DIRECTION('ref_axis',(1.,0.,0.));
#1579=DIRECTION('center_axis',(0.,0.,1.));
#1580=DIRECTION('ref_axis',(-1.,-1.28721510101468E-15,0.));
#1581=DIRECTION('center_axis',(0.,0.,1.));
#1582=DIRECTION('ref_axis',(-1.,1.28721510101467E-15,0.));
#1583=DIRECTION('',(0.,0.,1.));
#1584=DIRECTION('center_axis',(0.,-6.43607550507337E-16,1.));
#1585=DIRECTION('ref_axis',(1.,0.,0.));
#1586=DIRECTION('center_axis',(0.,0.,1.));
#1587=DIRECTION('ref_axis',(-1.,8.35155563129667E-17,0.));
#1588=DIRECTION('center_axis',(0.,0.,1.));
#1589=DIRECTION('ref_axis',(-1.,1.86880034007295E-16,0.));
#1590=DIRECTION('',(0.,0.,-1.));
#1591=DIRECTION('center_axis',(0.,0.,1.));
#1592=DIRECTION('ref_axis',(1.,-3.0934471392203E-16,0.));
#1593=DIRECTION('center_axis',(0.,0.,1.));
#1594=DIRECTION('ref_axis',(-1.,8.17756488897799E-17,0.));
#1595=DIRECTION('center_axis',(0.,0.,1.));
#1596=DIRECTION('ref_axis',(-1.,-1.83697019872103E-16,0.));
#1597=DIRECTION('',(0.,0.,1.));
#1598=DIRECTION('center_axis',(7.08141184086923E-33,-1.15648231731787E-16,
1.));
#1599=DIRECTION('ref_axis',(1.,-5.92345680965772E-17,-1.39317848986345E-32));
#1600=DIRECTION('center_axis',(0.,0.,1.));
#1601=DIRECTION('ref_axis',(0.,-1.,0.));
#1602=DIRECTION('center_axis',(0.,0.,-1.));
#1603=DIRECTION('ref_axis',(-2.22044604925034E-15,-1.,0.));
#1604=DIRECTION('',(0.,0.,1.));
#1605=DIRECTION('center_axis',(0.,0.,-1.));
#1606=DIRECTION('ref_axis',(-2.22044604925034E-15,-1.,0.));
#1607=DIRECTION('',(0.,0.,1.));
#1608=DIRECTION('center_axis',(-1.50637148569057E-16,9.57513098911858E-17,
-1.));
#1609=DIRECTION('ref_axis',(0.813826036051074,-0.581108581114921,-1.78234341332754E-16));
#1610=DIRECTION('',(-0.575461908797894,0.410905818312062,-0.707106781186533));
#1611=DIRECTION('center_axis',(-3.4862335216587E-33,5.69345140833414E-17,
1.));
#1612=DIRECTION('ref_axis',(1.,-1.72345153717879E-16,1.32986211032049E-32));
#1613=DIRECTION('center_axis',(0.,0.,1.));
#1614=DIRECTION('ref_axis',(0.866025403784424,-0.500000000000025,0.));
#1615=DIRECTION('center_axis',(0.,0.,-1.));
#1616=DIRECTION('ref_axis',(0.866025403784469,-0.499999999999947,0.));
#1617=DIRECTION('',(0.,0.,1.));
#1618=DIRECTION('center_axis',(3.58160290143624E-15,2.21842710746752E-15,
-1.));
#1619=DIRECTION('ref_axis',(0.866025403784403,-0.500000000000061,1.99254554517781E-15));
#1620=DIRECTION('center_axis',(0.,0.,-1.));
#1621=DIRECTION('ref_axis',(1.,0.,0.));
#1622=DIRECTION('',(0.,0.,1.));
#1623=DIRECTION('',(0.,0.,1.));
#1624=DIRECTION('center_axis',(1.24449619713095E-17,-1.81157208865567E-16,
1.));
#1625=DIRECTION('ref_axis',(-0.699854212223768,-0.714285714285712,-1.20688347275962E-16));
#1626=DIRECTION('',(0.,0.,1.));
#1627=DIRECTION('center_axis',(4.58578618186744E-16,-5.9135910281069E-16,
-1.));
#1628=DIRECTION('ref_axis',(-0.268662468019855,0.963234383874185,-6.92820284387431E-16));
#1629=DIRECTION('',(0.,0.,1.));
#1630=DIRECTION('center_axis',(-2.60581036780199E-17,-1.90115904673813E-16,
1.));
#1631=DIRECTION('ref_axis',(-0.268662468019855,0.963234383874185,1.76125341857109E-16));
#1632=DIRECTION('',(0.,0.,1.));
#1633=DIRECTION('',(0.,0.,1.));
#1634=DIRECTION('center_axis',(0.,0.,1.));
#1635=DIRECTION('ref_axis',(0.996908755423228,-0.0785680174149149,0.));
#1636=DIRECTION('',(0.,0.,1.));
#1637=DIRECTION('center_axis',(-9.11040374596413E-16,-1.64871696490703E-15,
-1.));
#1638=DIRECTION('ref_axis',(-0.699854212223768,-0.714285714285712,1.81525041860081E-15));
#1639=DIRECTION('center_axis',(1.24449619713095E-17,-1.81157208865567E-16,
1.));
#1640=DIRECTION('ref_axis',(-0.699854212223768,-0.714285714285712,-1.20688347275962E-16));
#1641=DIRECTION('center_axis',(-1.35658283793935E-13,-8.40098253823793E-14,
1.));
#1642=DIRECTION('ref_axis',(0.99135351328535,-0.131218183560031,1.23461699557507E-13));
#1643=DIRECTION('center_axis',(-3.23766205909805E-15,-1.75052859653973E-15,
-1.));
#1644=DIRECTION('ref_axis',(0.962035667050347,-0.272923753680389,-2.63698554321551E-15));
#1645=DIRECTION('center_axis',(-0.865638758796233,0.500668371833585,-0.00084894948272936));
#1646=DIRECTION('ref_axis',(0.336920190667329,0.581267738973435,-0.74068387369336));
#1647=DIRECTION('center_axis',(-0.866025403784437,0.500000000000002,0.));
#1648=DIRECTION('ref_axis',(0.,0.,1.));
#1649=DIRECTION('',(0.,0.,1.));
#1650=DIRECTION('',(0.,0.,1.));
#1651=DIRECTION('',(-0.499999999999991,-0.866025403784444,0.));
#1652=DIRECTION('',(0.,0.,1.));
#1653=DIRECTION('center_axis',(0.,0.,-1.));
#1654=DIRECTION('ref_axis',(-1.,0.,0.));
#1655=DIRECTION('',(-1.,0.,0.));
#1656=DIRECTION('',(1.,0.,0.));
#1657=DIRECTION('center_axis',(-4.68120933731502E-15,6.21217461000517E-15,
-1.));
#1658=DIRECTION('ref_axis',(-3.44588361452532E-14,-1.,-6.21217461000501E-15));
#1659=DIRECTION('center_axis',(0.,1.,0.));
#1660=DIRECTION('ref_axis',(0.,0.,1.));
#1661=DIRECTION('',(0.,0.,1.));
#1662=DIRECTION('center_axis',(-4.78464763625262E-14,-9.91822325050215E-15,
1.));
#1663=DIRECTION('ref_axis',(-0.73668815685684,-0.676232622362211,-4.19549586014647E-14));
#1664=DIRECTION('center_axis',(-1.19692384156399E-17,-1.48486916244074E-16,
-1.));
#1665=DIRECTION('ref_axis',(-0.833425664321744,-0.552631578947366,9.2034029454968E-17));
#1666=DIRECTION('center_axis',(0.,0.,-1.));
#1667=DIRECTION('ref_axis',(-1.,0.,0.));
#1668=DIRECTION('',(0.500000000000003,0.866025403784437,0.));
#1669=DIRECTION('center_axis',(1.41043259883586E-15,1.09374190596807E-15,
-1.));
#1670=DIRECTION('ref_axis',(-0.866025403784458,0.499999999999966,-6.74599507933591E-16));
#1671=DIRECTION('',(-0.500000000000004,-0.866025403784436,0.));
#1672=DIRECTION('center_axis',(0.,0.,1.));
#1673=DIRECTION('ref_axis',(1.,0.,0.));
#1674=DIRECTION('',(-0.866025403784439,0.499999999999999,0.));
#1675=DIRECTION('',(-1.,0.,0.));
#1676=DIRECTION('center_axis',(0.,0.,1.));
#1677=DIRECTION('ref_axis',(-2.22044604925032E-15,1.,0.));
#1678=DIRECTION('',(-1.,0.,0.));
#1679=DIRECTION('center_axis',(0.,0.,1.));
#1680=DIRECTION('ref_axis',(-1.,-2.22044604925032E-15,0.));
#1681=DIRECTION('',(0.,-1.,0.));
#1682=DIRECTION('center_axis',(0.,0.,1.));
#1683=DIRECTION('ref_axis',(1.11022302462516E-15,-1.,0.));
#1684=DIRECTION('',(1.,0.,0.));
#1685=DIRECTION('center_axis',(0.,0.,1.));
#1686=DIRECTION('ref_axis',(1.,-2.22044604925031E-15,0.));
#1687=DIRECTION('',(-1.,0.,0.));
#1688=DIRECTION('center_axis',(0.,0.,-1.));
#1689=DIRECTION('ref_axis',(-3.44588361452532E-14,-1.,0.));
#1690=DIRECTION('',(0.866025403784439,-0.499999999999999,0.));
#1691=DIRECTION('',(0.866025403784444,-0.499999999999991,0.));
#1692=DIRECTION('center_axis',(-3.71201568222899E-15,1.99254554517783E-15,
-1.));
#1693=DIRECTION('ref_axis',(9.32587340685263E-14,1.,1.99254554517748E-15));
#1694=DIRECTION('',(1.,-3.78602536092301E-15,0.));
#1695=DIRECTION('',(0.642787609686536,-0.766044443118981,0.));
#1696=DIRECTION('',(-1.,3.83020798637353E-15,0.));
#1697=DIRECTION('center_axis',(-5.8090911834544E-16,-5.79170339721881E-16,
-1.));
#1698=DIRECTION('ref_axis',(-0.0618801541410481,0.998083586942236,-5.42113664335012E-16));
#1699=DIRECTION('',(-0.500000000000004,-0.866025403784436,0.));
#1700=DIRECTION('',(-0.642787609686532,0.766044443118984,0.));
#1701=DIRECTION('center_axis',(0.,0.,-1.));
#1702=DIRECTION('ref_axis',(-0.866025403784458,0.499999999999966,0.));
#1703=DIRECTION('',(0.5,0.866025403784439,0.));
#1704=DIRECTION('center_axis',(0.,0.,-1.));
#1705=DIRECTION('ref_axis',(-0.499999999999918,-0.866025403784486,0.));
#1706=DIRECTION('',(-0.866025403784441,0.499999999999995,0.));
#1707=DIRECTION('center_axis',(0.,0.,-1.));
#1708=DIRECTION('ref_axis',(-1.,0.,0.));
#1709=DIRECTION('center_axis',(0.,0.,1.));
#1710=DIRECTION('ref_axis',(0.943966656081313,0.330040834150357,0.));
#1711=DIRECTION('center_axis',(0.,0.,1.));
#1712=DIRECTION('ref_axis',(0.846589898000142,-0.532245755834755,0.));
#1713=DIRECTION('center_axis',(0.,0.,1.));
#1714=DIRECTION('ref_axis',(0.111713679438146,-0.993740435841468,0.));
#1715=DIRECTION('center_axis',(0.,0.,1.));
#1716=DIRECTION('ref_axis',(-0.707285218284501,-0.706928299048953,0.));
#1717=DIRECTION('center_axis',(0.,0.,1.));
#1718=DIRECTION('ref_axis',(-0.99368392064986,0.112215265636737,0.));
#1719=DIRECTION('center_axis',(0.,0.,1.));
#1720=DIRECTION('ref_axis',(-0.531818363307832,0.846858446523726,0.));
#1721=DIRECTION('center_axis',(0.,0.,1.));
#1722=DIRECTION('ref_axis',(0.330517268722538,0.943799944414172,0.));
#1723=DIRECTION('center_axis',(-0.866025403784437,0.500000000000003,0.));
#1724=DIRECTION('ref_axis',(0.,0.,1.));
#1725=DIRECTION('center_axis',(0.866025403784434,-0.500000000000007,0.));
#1726=DIRECTION('ref_axis',(0.,0.,-1.));
#1727=DIRECTION('',(0.,0.,1.));
#1728=DIRECTION('center_axis',(0.,0.,1.));
#1729=DIRECTION('ref_axis',(-0.86602540378444,0.499999999999997,0.));
#1730=DIRECTION('center_axis',(0.,0.,-1.));
#1731=DIRECTION('ref_axis',(-1.,0.,0.));
#1732=DIRECTION('center_axis',(0.,0.,1.));
#1733=DIRECTION('ref_axis',(1.11022302462516E-15,-1.,0.));
#1734=DIRECTION('',(0.,-1.,0.));
#1735=DIRECTION('center_axis',(0.,0.,1.));
#1736=DIRECTION('ref_axis',(-1.,-2.22044604925032E-15,0.));
#1737=DIRECTION('',(-1.,0.,0.));
#1738=DIRECTION('center_axis',(0.,0.,1.));
#1739=DIRECTION('ref_axis',(-2.22044604925032E-15,1.,0.));
#1740=DIRECTION('center_axis',(0.,0.,1.));
#1741=DIRECTION('ref_axis',(1.,-2.22044604925031E-15,0.));
#1742=DIRECTION('',(1.,0.,0.));
#1743=DIRECTION('center_axis',(0.,0.,-1.));
#1744=DIRECTION('ref_axis',(0.,-1.,0.));
#1745=DIRECTION('',(0.,0.,-1.));
#1746=DIRECTION('',(0.,0.,-1.));
#1747=DIRECTION('center_axis',(0.,-1.,0.));
#1748=DIRECTION('ref_axis',(0.,0.,-1.));
#1749=DIRECTION('',(0.,0.,-1.));
#1750=DIRECTION('center_axis',(0.,0.,-1.));
#1751=DIRECTION('ref_axis',(1.,0.,0.));
#1752=DIRECTION('center_axis',(0.,0.,-1.));
#1753=DIRECTION('ref_axis',(0.,1.,0.));
#1754=DIRECTION('',(0.,0.,-1.));
#1755=DIRECTION('center_axis',(0.,1.,0.));
#1756=DIRECTION('ref_axis',(0.,0.,1.));
#1757=DIRECTION('',(0.,0.,-1.));
#1758=DIRECTION('center_axis',(0.,0.,-1.));
#1759=DIRECTION('ref_axis',(-1.,0.,0.));
#1760=DIRECTION('',(0.,0.,-1.));
#1761=DIRECTION('center_axis',(-1.,0.,0.));
#1762=DIRECTION('ref_axis',(0.,0.,1.));
#1763=DIRECTION('center_axis',(-1.0162852447329E-15,7.67274481783594E-14,
1.));
#1764=DIRECTION('ref_axis',(-0.22672980776936,0.973957696344594,-7.49597108323713E-14));
#1765=DIRECTION('center_axis',(0.000784157079350477,0.999999320896099,0.000862151387540534));
#1766=DIRECTION('ref_axis',(-0.673850652412937,0.00116542046636976,-0.73886665917322));
#1767=DIRECTION('center_axis',(0.,0.,-1.));
#1768=DIRECTION('ref_axis',(-1.,0.,0.));
#1769=DIRECTION('',(-1.,4.04321139004853E-15,0.));
#1770=DIRECTION('',(1.,-3.78602536092301E-15,0.));
#1771=DIRECTION('center_axis',(0.,0.,-1.));
#1772=DIRECTION('ref_axis',(-1.15463194560973E-13,1.,0.));
#1773=DIRECTION('center_axis',(-3.78554723950937E-15,-1.,0.));
#1774=DIRECTION('ref_axis',(0.,0.,-1.));
#1775=DIRECTION('',(0.,0.,1.));
#1776=DIRECTION('center_axis',(0.,0.,1.));
#1777=DIRECTION('ref_axis',(0.,1.,0.));
#1778=DIRECTION('center_axis',(3.82947401562906E-15,1.,0.));
#1779=DIRECTION('ref_axis',(0.,0.,1.));
#1780=DIRECTION('center_axis',(0.,0.,1.));
#1781=DIRECTION('ref_axis',(1.,0.,0.));
#1782=DIRECTION('center_axis',(0.,0.,1.));
#1783=DIRECTION('ref_axis',(1.,0.,0.));
#1784=DIRECTION('center_axis',(0.766044443118984,0.642787609686533,0.));
#1785=DIRECTION('ref_axis',(0.,0.,-1.));
#1786=DIRECTION('',(0.,0.,1.));
#1787=DIRECTION('center_axis',(0.500000000000004,0.866025403784436,0.));
#1788=DIRECTION('ref_axis',(0.,0.,-1.));
#1789=DIRECTION('',(0.,0.,1.));
#1790=DIRECTION('center_axis',(0.,0.,1.));
#1791=DIRECTION('ref_axis',(-0.500000000000078,-0.866025403784394,0.));
#1792=DIRECTION('center_axis',(-0.499999999999987,-0.866025403784446,0.));
#1793=DIRECTION('ref_axis',(0.,0.,-1.));
#1794=DIRECTION('center_axis',(-0.766044443118981,-0.642787609686536,0.));
#1795=DIRECTION('ref_axis',(0.,0.,1.));
#1796=DIRECTION('',(0.,0.,1.));
#1797=DIRECTION('center_axis',(-0.499999999999996,-0.866025403784441,0.));
#1798=DIRECTION('ref_axis',(0.,0.,-1.));
#1799=DIRECTION('',(0.,0.,1.));
#1800=DIRECTION('center_axis',(0.,-1.,0.));
#1801=DIRECTION('ref_axis',(0.,0.,-1.));
#1802=DIRECTION('center_axis',(0.499999999999998,0.86602540378444,0.));
#1803=DIRECTION('ref_axis',(0.,0.,1.));
#1804=DIRECTION('',(0.,0.,1.));
#1805=DIRECTION('center_axis',(0.,0.,1.));
#1806=DIRECTION('ref_axis',(-3.13262146774985E-15,-1.,0.));
#1807=DIRECTION('center_axis',(0.,1.,0.));
#1808=DIRECTION('ref_axis',(0.,0.,1.));
#1809=CARTESIAN_POINT('',(0.,0.,0.));
#1810=CARTESIAN_POINT('Origin',(18.5230619061703,-10.8232807972398,5.049));
#1811=CARTESIAN_POINT('',(19.,-9.15999999999998,5.05));
#1812=CARTESIAN_POINT('',(18.0461238123405,-12.4865615944796,5.05));
#1813=CARTESIAN_POINT('',(19.,-9.15999999999998,5.05));
#1814=CARTESIAN_POINT('',(18.0461238123405,-12.4865615944796,5.25));
#1815=CARTESIAN_POINT('',(18.0461238123405,-12.4865615944796,5.05));
#1816=CARTESIAN_POINT('',(19.,-9.15999999999998,5.25));
#1817=CARTESIAN_POINT('',(19.,-9.15999999999998,5.25));
#1818=CARTESIAN_POINT('',(19.,-9.15999999999998,5.05));
#1819=CARTESIAN_POINT('Origin',(15.75,-13.001,4.65));
#1820=CARTESIAN_POINT('',(20.,-13.,4.65));
#1821=CARTESIAN_POINT('',(20.,-7.99999999999998,4.65));
#1822=CARTESIAN_POINT('',(20.,-13.,4.65));
#1823=CARTESIAN_POINT('',(18.2863095708111,-7.99999999999998,4.65));
#1824=CARTESIAN_POINT('',(20.,-7.99999999999998,4.65));
#1825=CARTESIAN_POINT('',(13.8954488933955,-5.46493540591995,4.65));
#1826=CARTESIAN_POINT('',(18.2863095708111,-7.99999999999998,4.65));
#1827=CARTESIAN_POINT('',(11.5,-9.61397459621555,4.65));
#1828=CARTESIAN_POINT('',(13.8954488933955,-5.46493540591995,4.65));
#1829=CARTESIAN_POINT('',(17.3647680350736,-13.,4.65));
#1830=CARTESIAN_POINT('',(11.5,-9.61397459621555,4.65));
#1831=CARTESIAN_POINT('',(17.3647680350736,-13.,4.65));
#1832=CARTESIAN_POINT('Origin',(20.,0.,-5.251));
#1833=CARTESIAN_POINT('',(20.,-16.,-5.25));
#1834=CARTESIAN_POINT('',(20.,16.,-5.25));
#1835=CARTESIAN_POINT('',(20.,-16.,-5.25));
#1836=CARTESIAN_POINT('',(20.,16.,5.25));
#1837=CARTESIAN_POINT('',(20.,16.,5.25));
#1838=CARTESIAN_POINT('',(20.,-7.99999999999998,5.25));
#1839=CARTESIAN_POINT('',(20.,-7.99999999999998,5.25));
#1840=CARTESIAN_POINT('',(20.,-7.99999999999998,4.65));
#1841=CARTESIAN_POINT('',(20.,-13.,5.05));
#1842=CARTESIAN_POINT('',(20.,-13.,4.65));
#1843=CARTESIAN_POINT('',(20.,-9.15999999999998,5.05));
#1844=CARTESIAN_POINT('',(20.,-13.,5.05));
#1845=CARTESIAN_POINT('',(20.,-9.15999999999998,5.25));
#1846=CARTESIAN_POINT('',(20.,-9.15999999999998,5.05));
#1847=CARTESIAN_POINT('',(20.,-16.,5.25));
#1848=CARTESIAN_POINT('',(20.,-16.,5.25));
#1849=CARTESIAN_POINT('',(20.,-16.,5.25));
#1850=CARTESIAN_POINT('Origin',(13.9441857720063,-12.4601114801775,4.25));
#1851=CARTESIAN_POINT('',(14.3447042885,-12.4591114801775,4.25));
#1852=CARTESIAN_POINT('',(18.1078992012811,-5.75360639218931,4.25));
#1853=CARTESIAN_POINT('Origin',(5.15143483426073E-13,-5.59552404411079E-13,
4.25));
#1854=CARTESIAN_POINT('',(14.1753788129691,-12.3133058124467,4.25));
#1855=CARTESIAN_POINT('Origin',(13.875378812969,-12.8329210547174,4.24999999999997));
#1856=CARTESIAN_POINT('',(11.,-10.48,4.25));
#1857=CARTESIAN_POINT('',(11.,-10.48,4.25));
#1858=CARTESIAN_POINT('',(13.8954488933955,-5.46493540591995,4.25));
#1859=CARTESIAN_POINT('',(13.8954488933955,-5.46493540591995,4.25));
#1860=CARTESIAN_POINT('',(9.96908755423228,-0.785680174149125,4.25));
#1861=CARTESIAN_POINT('',(9.96908755423228,-0.785680174149124,4.25));
#1862=CARTESIAN_POINT('',(9.78047234273136,2.08383318743774,4.25));
#1863=CARTESIAN_POINT('Origin',(-1.62314606200198E-12,-7.16315563962471E-14,
4.25000000000036));
#1864=CARTESIAN_POINT('',(14.8,-3.89820693123827,4.25));
#1865=CARTESIAN_POINT('',(14.8,-3.89820693123827,4.25));
#1866=CARTESIAN_POINT('',(17.8824741072516,-5.67787418683001,4.25));
#1867=CARTESIAN_POINT('',(17.8824741072516,-5.67787418683001,4.25));
#1868=CARTESIAN_POINT('Origin',(18.1824741072515,-5.1582589445596,4.24999999999997));
#1869=CARTESIAN_POINT('Origin',(-8.88178419700125E-15,-1.57009245868377E-15,
-2.05391259555654E-14));
#1870=CARTESIAN_POINT('',(-0.676317230402776,18.9879592111385,4.74999999999998));
#1871=CARTESIAN_POINT('',(-19.,-8.13355998987572E-16,4.74999999999999));
#1872=CARTESIAN_POINT('Origin',(-7.91033905045424E-15,0.,4.74999999999998));
#1873=CARTESIAN_POINT('',(-19.,-8.13355998987572E-16,-4.75000000000002));
#1874=CARTESIAN_POINT('',(-19.,-8.13355998987572E-16,-2.05391259555654E-14));
#1875=CARTESIAN_POINT('',(-15.4626946849704,11.0410630411835,-4.75000000000001));
#1876=CARTESIAN_POINT('Origin',(-6.66133814775094E-15,-3.51120880238962E-15,
-4.75000000000002));
#1877=CARTESIAN_POINT('Origin',(-6.66133814775094E-15,-3.51120880238962E-15,
-4.75000000000002));
#1878=CARTESIAN_POINT('',(-17.2336879396141,-7.99999999999994,4.75));
#1879=CARTESIAN_POINT('Origin',(-7.91033905045424E-15,0.,4.74999999999998));
#1880=CARTESIAN_POINT('',(-16.1058964276673,-10.0796875081152,4.75));
#1881=CARTESIAN_POINT('Origin',(-9.39248678832882E-13,-2.35367281220533E-13,
4.75000000000026));
#1882=CARTESIAN_POINT('',(14.3447042885,-12.4591114801775,4.74999999999998));
#1883=CARTESIAN_POINT('Origin',(2.22044604925031E-15,8.88178419700125E-15,
4.74999999999998));
#1884=CARTESIAN_POINT('',(14.3447042885,-12.4591114801775,4.25));
#1885=CARTESIAN_POINT('',(18.1078992012811,-5.7536063921893,4.74999999999998));
#1886=CARTESIAN_POINT('',(18.1078992012811,-5.75360639218931,4.74999999999998));
#1887=CARTESIAN_POINT('',(1.68864073953163,18.9248115565993,4.75));
#1888=CARTESIAN_POINT('Origin',(9.54791801177635E-14,1.3378976490811E-13,
4.74999999999996));
#1889=CARTESIAN_POINT('Origin',(1.0325074129014E-13,1.94733118519252E-12,
4.74999999999955));
#1890=CARTESIAN_POINT('Origin',(13.875378812969,-12.8329210547174,4.75));
#1891=CARTESIAN_POINT('',(14.3158670292538,-13.2403153739148,5.25));
#1892=CARTESIAN_POINT('Ctrl Pts',(14.3447042885,-12.4591114801776,4.74999999999993));
#1893=CARTESIAN_POINT('Ctrl Pts',(14.3694608123665,-12.4901937962217,4.78907279235431));
#1894=CARTESIAN_POINT('Ctrl Pts',(14.3917707349354,-12.5246048365604,4.82848393259102));
#1895=CARTESIAN_POINT('Ctrl Pts',(14.4471325322871,-12.6337942605778,4.94196376913357));
#1896=CARTESIAN_POINT('Ctrl Pts',(14.4698660596003,-12.716113632689,5.013255041377));
#1897=CARTESIAN_POINT('Ctrl Pts',(14.4782637255516,-12.8689588348222,5.12079778608936));
#1898=CARTESIAN_POINT('Ctrl Pts',(14.4698495055788,-12.948139854233,5.16713792931391));
#1899=CARTESIAN_POINT('Ctrl Pts',(14.4305286152591,-13.0641707182669,5.21564425798177));
#1900=CARTESIAN_POINT('Ctrl Pts',(14.4130916086673,-13.1024525816393,5.22844351596762));
#1901=CARTESIAN_POINT('Ctrl Pts',(14.3700856290068,-13.1750346454502,5.24561999869254));
#1902=CARTESIAN_POINT('Ctrl Pts',(14.3445192016763,-13.2093356971536,5.2499999999999));
#1903=CARTESIAN_POINT('Ctrl Pts',(14.3158670292537,-13.2403153739148,5.2499999999999));
#1904=CARTESIAN_POINT('',(14.1753788129691,-12.3133058124467,5.25));
#1905=CARTESIAN_POINT('Origin',(13.875378812969,-12.8329210547174,5.25));
#1906=CARTESIAN_POINT('',(14.1753788129691,-12.3133058124467,4.25));
#1907=CARTESIAN_POINT('Origin',(-2.77555756156289E-16,-1.30104260698261E-15,
-4.75));
#1908=CARTESIAN_POINT('',(-10.,-2.52568940612996E-15,-4.75));
#1909=CARTESIAN_POINT('Origin',(0.,1.14423774522193E-16,-4.75));
#1910=CARTESIAN_POINT('',(-9.5,-2.49121840079954E-15,-5.25));
#1911=CARTESIAN_POINT('Origin',(-9.5,-2.4644570661726E-15,-4.75));
#1912=CARTESIAN_POINT('Origin',(2.22044604925031E-15,5.86948585799911E-16,
-5.25));
#1913=CARTESIAN_POINT('Origin',(-16.,16.,0.));
#1914=CARTESIAN_POINT('',(-14.275,16.,-5.25));
#1915=CARTESIAN_POINT('Origin',(-16.,16.,-5.25));
#1916=CARTESIAN_POINT('',(-14.275,16.,5.25));
#1917=CARTESIAN_POINT('',(-14.275,16.,0.));
#1918=CARTESIAN_POINT('Origin',(-16.,16.,5.25));
#1919=CARTESIAN_POINT('Origin',(16.,16.,0.));
#1920=CARTESIAN_POINT('',(17.725,16.,-5.25));
#1921=CARTESIAN_POINT('Origin',(16.,16.,-5.25));
#1922=CARTESIAN_POINT('',(17.725,16.,5.25));
#1923=CARTESIAN_POINT('',(17.725,16.,0.));
#1924=CARTESIAN_POINT('Origin',(16.,16.,5.25));
#1925=CARTESIAN_POINT('Origin',(16.,-16.,0.));
#1926=CARTESIAN_POINT('',(17.725,-16.,-5.25));
#1927=CARTESIAN_POINT('Origin',(16.,-16.,-5.25));
#1928=CARTESIAN_POINT('',(17.725,-16.,5.25));
#1929=CARTESIAN_POINT('',(17.725,-16.,0.));
#1930=CARTESIAN_POINT('Origin',(16.,-16.,5.25));
#1931=CARTESIAN_POINT('Origin',(-16.,-16.,0.));
#1932=CARTESIAN_POINT('',(-14.275,-16.,-5.25));
#1933=CARTESIAN_POINT('Origin',(-16.,-16.,-5.25));
#1934=CARTESIAN_POINT('',(-14.275,-16.,5.25));
#1935=CARTESIAN_POINT('',(-14.275,-16.,0.));
#1936=CARTESIAN_POINT('Origin',(-16.,-16.,5.25));
#1937=CARTESIAN_POINT('Origin',(3.33066907387547E-15,-7.85046229341887E-16,
5.2));
#1938=CARTESIAN_POINT('',(9.4,0.,5.25));
#1939=CARTESIAN_POINT('Origin',(0.,-6.0550432847006E-16,5.25));
#1940=CARTESIAN_POINT('',(9.4,0.,5.15));
#1941=CARTESIAN_POINT('',(9.4,-4.18924467485262E-16,5.2));
#1942=CARTESIAN_POINT('Origin',(0.,6.05504328470061E-16,5.15));
#1943=CARTESIAN_POINT('Origin',(1.11022302462516E-15,-7.85046229341887E-16,
5.2));
#1944=CARTESIAN_POINT('',(9.6,0.,5.15));
#1945=CARTESIAN_POINT('Origin',(0.,5.8783046359073E-16,5.15));
#1946=CARTESIAN_POINT('',(9.6,0.,5.25));
#1947=CARTESIAN_POINT('',(9.6,-3.94431531502315E-16,5.2));
#1948=CARTESIAN_POINT('Origin',(0.,5.68651853727141E-16,5.25));
#1949=CARTESIAN_POINT('Origin',(-7.34846922834956,-7.49999999999997,5.));
#1950=CARTESIAN_POINT('',(-6.99854212223768,-7.14285714285712,4.75));
#1951=CARTESIAN_POINT('',(-7.34846922834956,-7.99999999999998,4.75));
#1952=CARTESIAN_POINT('Origin',(-7.34846922834956,-7.49999999999998,4.75));
#1953=CARTESIAN_POINT('',(-7.34846922834956,-7.99999999999998,5.25));
#1954=CARTESIAN_POINT('',(-7.34846922834956,-7.99999999999998,4.75));
#1955=CARTESIAN_POINT('',(-6.99854212223768,-7.14285714285712,5.25));
#1956=CARTESIAN_POINT('Origin',(-7.34846922834956,-7.49999999999998,5.25));
#1957=CARTESIAN_POINT('',(-6.99854212223768,-7.14285714285712,4.75));
#1958=CARTESIAN_POINT('Origin',(4.44089209850063E-15,0.,-4.80000000000001));
#1959=CARTESIAN_POINT('',(-15.8696077029959,11.331617331741,-5.25));
#1960=CARTESIAN_POINT('',(-15.5033859867729,11.0701184702392,-4.80000000000001));
#1961=CARTESIAN_POINT('Origin',(0.,3.36073049749864E-15,-5.25));
#1962=CARTESIAN_POINT('Origin',(-1.17572292867994,18.9635881519025,4.99999999999999));
#1963=CARTESIAN_POINT('',(-0.742710226787729,18.7135881519025,4.75));
#1964=CARTESIAN_POINT('Origin',(-1.17572292868,18.9635881519025,4.75));
#1965=CARTESIAN_POINT('',(-0.742710226787729,18.7135881519025,5.25));
#1966=CARTESIAN_POINT('',(-0.742710226787729,18.7135881519025,4.75));
#1967=CARTESIAN_POINT('',(-1.20666300575047,19.4626299453736,5.25));
#1968=CARTESIAN_POINT('Origin',(-1.1757229286799,18.9635881519025,5.25));
#1969=CARTESIAN_POINT('Ctrl Pts',(-0.676317230402758,18.9879592111385,4.74999999999999));
#1970=CARTESIAN_POINT('Ctrl Pts',(-0.679167291822768,19.0463619625253,4.80846718983142));
#1971=CARTESIAN_POINT('Ctrl Pts',(-0.692934445879322,19.1088959484568,4.8714401654533));
#1972=CARTESIAN_POINT('Ctrl Pts',(-0.746923362807425,19.2293924740024,4.99387683883455));
#1973=CARTESIAN_POINT('Ctrl Pts',(-0.78815098337378,19.2870909282607,5.05312408356771));
#1974=CARTESIAN_POINT('Ctrl Pts',(-0.882294024181892,19.3724733114413,5.14251153310991));
#1975=CARTESIAN_POINT('Ctrl Pts',(-0.9377222761839,19.4085118809228,5.18105192540696));
#1976=CARTESIAN_POINT('Ctrl Pts',(-1.03308086575625,19.4440083971295,5.22140850594182));
#1977=CARTESIAN_POINT('Ctrl Pts',(-1.06688047540943,19.4528559387155,5.23205988770732));
#1978=CARTESIAN_POINT('Ctrl Pts',(-1.13618087954382,19.4632501111804,5.2463545157317));
#1979=CARTESIAN_POINT('Ctrl Pts',(-1.1716809037407,19.4647987996588,5.24999999999999));
#1980=CARTESIAN_POINT('Ctrl Pts',(-1.20666300575046,19.4626299453736,5.24999999999999));
#1981=CARTESIAN_POINT('Origin',(-2.22044604925031E-15,0.,0.25));
#1982=CARTESIAN_POINT('',(-10.,1.39391241264906E-11,-3.87004289963765));
#1983=CARTESIAN_POINT('',(-10.,1.22464679914735E-15,0.25));
#1984=CARTESIAN_POINT('',(-10.,-1.84052285014627E-8,-3.00206305246293));
#1985=CARTESIAN_POINT('Ctrl Pts',(-10.,2.78770583006516E-11,-3.87004289963765));
#1986=CARTESIAN_POINT('Ctrl Pts',(-9.9999999999999,0.0377820068387213,-3.83843894855608));
#1987=CARTESIAN_POINT('Ctrl Pts',(-9.9997793081572,0.0785835892234537,-3.79916548694105));
#1988=CARTESIAN_POINT('Ctrl Pts',(-9.99927333596659,0.120551866960412,-3.73052681785627));
#1989=CARTESIAN_POINT('Ctrl Pts',(-9.99890808801023,0.150847657835095,-3.68097837611314));
#1990=CARTESIAN_POINT('Ctrl Pts',(-9.9984029695735,0.179299934828898,-3.61596447170188));
#1991=CARTESIAN_POINT('Ctrl Pts',(-9.99812184971553,0.193802678621383,-3.54057435717188));
#1992=CARTESIAN_POINT('Ctrl Pts',(-9.99790791455828,0.204839418595227,-3.48320169013923));
#1993=CARTESIAN_POINT('Ctrl Pts',(-9.99785310491281,0.207401211198805,-3.4177173382899));
#1994=CARTESIAN_POINT('Ctrl Pts',(-9.99803268476462,0.198349273702684,-3.35404207425547));
#1995=CARTESIAN_POINT('Ctrl Pts',(-9.99818773134561,0.190533965103469,-3.29906579555504));
#1996=CARTESIAN_POINT('Ctrl Pts',(-9.99850754993991,0.174328229673061,-3.24503986592482));
#1997=CARTESIAN_POINT('Ctrl Pts',(-9.99885963489558,0.151016560865903,-3.19505681434697));
#1998=CARTESIAN_POINT('Ctrl Pts',(-9.99920639421744,0.12805750414751,-3.14582980594928));
#1999=CARTESIAN_POINT('Ctrl Pts',(-9.99953645392586,0.100457870541005,-3.10501828383454));
#2000=CARTESIAN_POINT('Ctrl Pts',(-9.9997422047679,0.0718041655033108,-3.07128339969772));
#2001=CARTESIAN_POINT('Ctrl Pts',(-9.99990721640168,0.0488239694799456,
-3.04422811141057));
#2002=CARTESIAN_POINT('Ctrl Pts',(-10.0000000000656,0.0257612063857553,
-3.0220503569377));
#2003=CARTESIAN_POINT('Ctrl Pts',(-10.,-2.54753602154517E-8,-3.00206306125746));
#2004=CARTESIAN_POINT('',(-10.,1.22464679914735E-15,5.25));
#2005=CARTESIAN_POINT('',(-10.,1.22464679914735E-15,0.25));
#2006=CARTESIAN_POINT('',(-8.66025403784436,5.00000000000004,5.25));
#2007=CARTESIAN_POINT('Origin',(2.22044604925031E-15,0.,5.25));
#2008=CARTESIAN_POINT('',(-8.66025403784437,5.00000000000004,4.75));
#2009=CARTESIAN_POINT('',(-8.66025403784437,5.00000000000004,4.75));
#2010=CARTESIAN_POINT('',(-2.68662468019855,9.63234383874185,4.75));
#2011=CARTESIAN_POINT('Origin',(-3.33066907387547E-15,3.33066907387547E-14,
4.75000000000001));
#2012=CARTESIAN_POINT('',(-2.68662468019855,9.63234383874185,5.25));
#2013=CARTESIAN_POINT('',(-2.68662468019855,9.63234383874185,4.75));
#2014=CARTESIAN_POINT('',(9.78047234273136,2.08383318743774,5.25));
#2015=CARTESIAN_POINT('Origin',(2.22044604925031E-15,2.22044604925031E-15,
5.25));
#2016=CARTESIAN_POINT('',(9.78047234273136,2.08383318743774,4.25));
#2017=CARTESIAN_POINT('',(9.96908755423228,-0.785680174149125,5.25));
#2018=CARTESIAN_POINT('',(9.96908755423228,-0.785680174149125,4.25));
#2019=CARTESIAN_POINT('',(-4.16287510749638E-14,-10.,5.25));
#2020=CARTESIAN_POINT('Origin',(-3.09043268079975E-14,2.66453525910038E-14,
5.25));
#2021=CARTESIAN_POINT('',(-4.0766001685455E-14,-10.,4.75));
#2022=CARTESIAN_POINT('',(-4.0766001685455E-14,-10.,4.75));
#2023=CARTESIAN_POINT('Origin',(-1.43966350913006E-14,-1.33226762955019E-14,
4.74999999999998));
#2024=CARTESIAN_POINT('Origin',(2.22044604925031E-15,0.,5.25));
#2025=CARTESIAN_POINT('',(-8.40716371201023,-5.41475745712201,4.));
#2026=CARTESIAN_POINT('Ctrl Pts',(-10.,-2.54753602154517E-8,-3.00206306125746));
#2027=CARTESIAN_POINT('Ctrl Pts',(-9.99999999997638,-0.00927255601472126,
-2.99486880864589));
#2028=CARTESIAN_POINT('Ctrl Pts',(-9.99998710508485,-0.0188446546591617,
-2.98804197296499));
#2029=CARTESIAN_POINT('Ctrl Pts',(-9.99995880169543,-0.0287047799861906,
-2.98162028966832));
#2030=CARTESIAN_POINT('Ctrl Pts',(-9.99951778998092,-0.182341177071151,
-2.88156027499318));
#2031=CARTESIAN_POINT('Ctrl Pts',(-9.99545854618648,-0.338471320617507,
-2.78395007798068));
#2032=CARTESIAN_POINT('Ctrl Pts',(-9.98786931470313,-0.492408928038181,
-2.68829505157548));
#2033=CARTESIAN_POINT('Ctrl Pts',(-9.9801524562097,-0.648935281976405,-2.59103140840247));
#2034=CARTESIAN_POINT('Ctrl Pts',(-9.96856077667755,-0.805739717960896,
-2.49405050328304));
#2035=CARTESIAN_POINT('Ctrl Pts',(-9.95463586193768,-0.951433053989805,
-2.40035186033904));
#2036=CARTESIAN_POINT('Ctrl Pts',(-9.93946175893175,-1.11019637351305,-2.29824761868958));
#2037=CARTESIAN_POINT('Ctrl Pts',(-9.92155678338581,-1.25771103921793,-2.19893427840576));
#2038=CARTESIAN_POINT('Ctrl Pts',(-9.90226910091103,-1.39465646420281,-2.10034502790004));
#2039=CARTESIAN_POINT('Ctrl Pts',(-9.88094858302578,-1.54603532407937,-1.991364911629));
#2040=CARTESIAN_POINT('Ctrl Pts',(-9.85796081229132,-1.68458519316699,-1.88348533223818));
#2041=CARTESIAN_POINT('Ctrl Pts',(-9.83416240024669,-1.81362892719934,-1.7773314658311));
#2042=CARTESIAN_POINT('Ctrl Pts',(-9.77969058926895,-2.10899510015618,-1.53435755082202));
#2043=CARTESIAN_POINT('Ctrl Pts',(-9.72142290979735,-2.35541405672093,-1.30080807175224));
#2044=CARTESIAN_POINT('Ctrl Pts',(-9.66144746081525,-2.58000638795849,-1.06751474228033));
#2045=CARTESIAN_POINT('Ctrl Pts',(-9.59607527671725,-2.82480807721375,-0.813229118047249));
#2046=CARTESIAN_POINT('Ctrl Pts',(-9.52696167933633,-3.04729973256768,-0.554124464076708));
#2047=CARTESIAN_POINT('Ctrl Pts',(-9.45484694492429,-3.25666535708782,-0.279618098565798));
#2048=CARTESIAN_POINT('Ctrl Pts',(-9.41858238332039,-3.36194970223656,-0.141576225654621));
#2049=CARTESIAN_POINT('Ctrl Pts',(-9.38175072321871,-3.46316598004334,-0.000396409286402572));
#2050=CARTESIAN_POINT('Ctrl Pts',(-9.34481242312514,-3.56012370243031,0.143990297366772));
#2051=CARTESIAN_POINT('Ctrl Pts',(-9.30776272852089,-3.65737381937833,0.288812429756815));
#2052=CARTESIAN_POINT('Ctrl Pts',(-9.27063418064933,-3.75027537216895,0.436748382619938));
#2053=CARTESIAN_POINT('Ctrl Pts',(-9.23376525812537,-3.83895547744917,0.58812447753203));
#2054=CARTESIAN_POINT('Ctrl Pts',(-9.19688326056168,-3.92766703186922,0.73955425582622));
#2055=CARTESIAN_POINT('Ctrl Pts',(-9.1601123874658,-4.01246375217458,0.895068169843415));
#2056=CARTESIAN_POINT('Ctrl Pts',(-9.12462058794179,-4.09161326692893,1.05306391508446));
#2057=CARTESIAN_POINT('Ctrl Pts',(-9.08858186480231,-4.17198246452137,1.21349435243398));
#2058=CARTESIAN_POINT('Ctrl Pts',(-9.05388487757283,-4.24651057618274,1.37643672803481));
#2059=CARTESIAN_POINT('Ctrl Pts',(-9.02135827921998,-4.31452138689207,1.53903486925189));
#2060=CARTESIAN_POINT('Ctrl Pts',(-8.98738133572112,-4.3855647664584,1.70888318223016));
#2061=CARTESIAN_POINT('Ctrl Pts',(-8.95576937970319,-4.449546102036,1.87828994564652));
#2062=CARTESIAN_POINT('Ctrl Pts',(-8.92632760052265,-4.50784600093522,2.04299696920786));
#2063=CARTESIAN_POINT('Ctrl Pts',(-8.89429016450009,-4.57128575672076,2.22222495327275));
#2064=CARTESIAN_POINT('Ctrl Pts',(-8.86480103379961,-4.62802937492384,2.39589220606192));
#2065=CARTESIAN_POINT('Ctrl Pts',(-8.83770497923347,-4.67920620405128,2.55903659489822));
#2066=CARTESIAN_POINT('Ctrl Pts',(-8.80592810218887,-4.7392237908459,2.7503640507798));
#2067=CARTESIAN_POINT('Ctrl Pts',(-8.77736440942259,-4.79172430358147,2.92717993291169));
#2068=CARTESIAN_POINT('Ctrl Pts',(-8.75200606637015,-4.83760165931633,3.08189325669086));
#2069=CARTESIAN_POINT('Ctrl Pts',(-8.71389023393454,-4.90655938262511,3.31444106600672));
#2070=CARTESIAN_POINT('Ctrl Pts',(-8.68288244036828,-4.9607487877178,3.49693315010878));
#2071=CARTESIAN_POINT('Ctrl Pts',(-8.66369593674475,-4.99403371190389,3.60662070158286));
#2072=CARTESIAN_POINT('Ctrl Pts',(-8.66003241068665,-5.00038923084002,3.62756475741286));
#2073=CARTESIAN_POINT('Ctrl Pts',(-8.65676853321039,-5.00603609436483,3.64585021206365));
#2074=CARTESIAN_POINT('Ctrl Pts',(-8.65364630266309,-5.01142750804653,3.66109311844944));
#2075=CARTESIAN_POINT('Ctrl Pts',(-8.649642493507,-5.01834121641496,3.68063994153899));
#2076=CARTESIAN_POINT('Ctrl Pts',(-8.64546962019671,-5.02553193665814,3.69846413482966));
#2077=CARTESIAN_POINT('Ctrl Pts',(-8.64004225014926,-5.0348455701874,3.71878914161155));
#2078=CARTESIAN_POINT('Ctrl Pts',(-8.63467497751742,-5.04405607360021,3.73888908904257));
#2079=CARTESIAN_POINT('Ctrl Pts',(-8.62834372224489,-5.05488964445474,3.7599782708886));
#2080=CARTESIAN_POINT('Ctrl Pts',(-8.62074695798241,-5.06781233733423,3.78126206515684));
#2081=CARTESIAN_POINT('Ctrl Pts',(-8.61278856921465,-5.08135018190963,3.8035590199375));
#2082=CARTESIAN_POINT('Ctrl Pts',(-8.60346944311688,-5.09713347596932,3.82609245003417));
#2083=CARTESIAN_POINT('Ctrl Pts',(-8.59254419401528,-5.11548475453641,3.84811341309905));
#2084=CARTESIAN_POINT('Ctrl Pts',(-8.57958067116412,-5.13725974720155,3.8742427265125));
#2085=CARTESIAN_POINT('Ctrl Pts',(-8.56593922450907,-5.15997151433407,3.89625290551632));
#2086=CARTESIAN_POINT('Ctrl Pts',(-8.55302933635601,-5.18128257977052,3.91340309520594));
#2087=CARTESIAN_POINT('Ctrl Pts',(-8.53522013424014,-5.21068121337311,3.93706179703874));
#2088=CARTESIAN_POINT('Ctrl Pts',(-8.51837138376914,-5.23814363749024,3.95309846106843));
#2089=CARTESIAN_POINT('Ctrl Pts',(-8.50348952864052,-5.2621921132073,3.96467826283435));
#2090=CARTESIAN_POINT('Ctrl Pts',(-8.47319522057313,-5.31114648923282,3.98825073273304));
#2091=CARTESIAN_POINT('Ctrl Pts',(-8.43902175144629,-5.36529340738142,3.99999999763787));
#2092=CARTESIAN_POINT('Ctrl Pts',(-8.40716371203673,-5.41475745707962,3.9999999999998));
#2093=CARTESIAN_POINT('',(-9.99106117154636,-0.42272528481087,-3.99536115122679));
#2094=CARTESIAN_POINT('Ctrl Pts',(-8.40716371201023,-5.41475745712201,4.));
#2095=CARTESIAN_POINT('Ctrl Pts',(-8.40363751985688,-5.42023236065149,4.));
#2096=CARTESIAN_POINT('Ctrl Pts',(-8.40039054150326,-5.42526282512489,3.99986664240064));
#2097=CARTESIAN_POINT('Ctrl Pts',(-8.39704425256653,-5.43043716660449,3.99961214793219));
#2098=CARTESIAN_POINT('Ctrl Pts',(-8.34900613583364,-5.50471814613533,3.99595871715718));
#2099=CARTESIAN_POINT('Ctrl Pts',(-8.29792183159348,-5.58099014549567,3.96199202400074));
#2100=CARTESIAN_POINT('Ctrl Pts',(-8.26732509621294,-5.62595198642218,3.92906504190011));
#2101=CARTESIAN_POINT('Ctrl Pts',(-8.26114073203238,-5.63503989711134,3.92240967667423));
#2102=CARTESIAN_POINT('Ctrl Pts',(-8.25562303495046,-5.6431163801293,3.91586770850625));
#2103=CARTESIAN_POINT('Ctrl Pts',(-8.25075678975584,-5.65022233158112,3.90975057828089));
#2104=CARTESIAN_POINT('Ctrl Pts',(-8.20845283324094,-5.71199683105487,3.85657224453486));
#2105=CARTESIAN_POINT('Ctrl Pts',(-8.18060119000383,-5.75146130106957,3.79778562324677));
#2106=CARTESIAN_POINT('Ctrl Pts',(-8.15788351247565,-5.78350556296767,3.72922063110091));
#2107=CARTESIAN_POINT('Ctrl Pts',(-8.14489178723618,-5.80183095056794,3.69000986503998));
#2108=CARTESIAN_POINT('Ctrl Pts',(-8.13541236539298,-5.81508411312017,3.65038276748638));
#2109=CARTESIAN_POINT('Ctrl Pts',(-8.12857996921631,-5.8246191020577,3.61145898189612));
#2110=CARTESIAN_POINT('Ctrl Pts',(-8.12168179849752,-5.83424588302767,3.57216048235363));
#2111=CARTESIAN_POINT('Ctrl Pts',(-8.11751470110071,-5.84003173115986,3.53446990641064));
#2112=CARTESIAN_POINT('Ctrl Pts',(-8.11521098988011,-5.84323117715952,3.49601505806378));
#2113=CARTESIAN_POINT('Ctrl Pts',(-8.11309741991285,-5.84616655070649,3.46073415486935));
#2114=CARTESIAN_POINT('Ctrl Pts',(-8.1126861430555,-5.84673669948764,3.42463661943863));
#2115=CARTESIAN_POINT('Ctrl Pts',(-8.11417496990171,-5.84466975609578,3.3890308162849));
#2116=CARTESIAN_POINT('Ctrl Pts',(-8.11555613686579,-5.84275227728569,3.35599973602781));
#2117=CARTESIAN_POINT('Ctrl Pts',(-8.11727280815914,-5.84037656351889,3.33149791123192));
#2118=CARTESIAN_POINT('Ctrl Pts',(-8.1235603033151,-5.83161795717133,3.29119136301291));
#2119=CARTESIAN_POINT('Ctrl Pts',(-8.12975583239265,-5.82298746140805,3.25147437153815));
#2120=CARTESIAN_POINT('Ctrl Pts',(-8.14239175986254,-5.80531969843227,3.1693121129446));
#2121=CARTESIAN_POINT('Ctrl Pts',(-8.152089513819,-5.79166958300301,3.1049705682012));
#2122=CARTESIAN_POINT('Ctrl Pts',(-8.17258905954834,-5.76281535895186,2.96896253534282));
#2123=CARTESIAN_POINT('Ctrl Pts',(-8.19228992411748,-5.73476610559654,2.83400654034772));
#2124=CARTESIAN_POINT('Ctrl Pts',(-8.21169726579692,-5.70684045816101,2.70077410841997));
#2125=CARTESIAN_POINT('Ctrl Pts',(-8.24041116906624,-5.66552339617274,2.50365163663071));
#2126=CARTESIAN_POINT('Ctrl Pts',(-8.26617963655731,-5.62794373491491,2.32490645866161));
#2127=CARTESIAN_POINT('Ctrl Pts',(-8.2990743640301,-5.57901108623189,2.11307070723522));
#2128=CARTESIAN_POINT('Ctrl Pts',(-8.34714326748224,-5.50750604740321,1.80351616566174));
#2129=CARTESIAN_POINT('Ctrl Pts',(-8.4126111203214,-5.4090642464881,1.41084735532693));
#2130=CARTESIAN_POINT('Ctrl Pts',(-8.5037505182448,-5.26177034119234,0.971403534617808));
#2131=CARTESIAN_POINT('Ctrl Pts',(-8.57358096276923,-5.14891465949048,0.634704389760336));
#2132=CARTESIAN_POINT('Ctrl Pts',(-8.65903507538464,-5.00640549828211,0.271070638046964));
#2133=CARTESIAN_POINT('Ctrl Pts',(-8.75906629997982,-4.82480647824945,-0.103981557764747));
#2134=CARTESIAN_POINT('Ctrl Pts',(-8.84594235782866,-4.66708965499254,-0.429710412845107));
#2135=CARTESIAN_POINT('Ctrl Pts',(-8.94378801512781,-4.47995763272955,-0.764117462540146));
#2136=CARTESIAN_POINT('Ctrl Pts',(-9.04921185027525,-4.25579192264355,-1.09741685740064));
#2137=CARTESIAN_POINT('Ctrl Pts',(-9.14905799342463,-4.04348621827291,-1.41308227636688));
#2138=CARTESIAN_POINT('Ctrl Pts',(-9.25094633612491,-3.80738213115002,-1.71329257597801));
#2139=CARTESIAN_POINT('Ctrl Pts',(-9.34890298073467,-3.54936797991,-1.9926471257144));
#2140=CARTESIAN_POINT('Ctrl Pts',(-9.44707782574994,-3.29077909693381,-2.27262394335589));
#2141=CARTESIAN_POINT('Ctrl Pts',(-9.54160785433726,-3.00957873756139,-2.53273003574024));
#2142=CARTESIAN_POINT('Ctrl Pts',(-9.62709299007236,-2.70537992904872,-2.77046979299351));
#2143=CARTESIAN_POINT('Ctrl Pts',(-9.67210592280889,-2.5452014326544,-2.8956537049101));
#2144=CARTESIAN_POINT('Ctrl Pts',(-9.71351343158063,-2.38127267346874,-3.01184817680111));
#2145=CARTESIAN_POINT('Ctrl Pts',(-9.74724937469953,-2.23408362140265,-3.10879017236581));
#2146=CARTESIAN_POINT('Ctrl Pts',(-9.79148645982978,-2.04107835685323,-3.23590774828113));
#2147=CARTESIAN_POINT('Ctrl Pts',(-9.82463858444487,-1.86970327232295,-3.33564117986623));
#2148=CARTESIAN_POINT('Ctrl Pts',(-9.84872036391738,-1.73283213074985,-3.41059148872759));
#2149=CARTESIAN_POINT('Ctrl Pts',(-9.8534239286465,-1.70609896202068,-3.42523050780836));
#2150=CARTESIAN_POINT('Ctrl Pts',(-9.85778361368283,-1.6806827288902,-3.43892434290751));
#2151=CARTESIAN_POINT('Ctrl Pts',(-9.86181521176026,-1.65668365389833,-3.45170036673001));
#2152=CARTESIAN_POINT('Ctrl Pts',(-9.89256879222264,-1.47361543389974,-3.54915762042161));
#2153=CARTESIAN_POINT('Ctrl Pts',(-9.90924897699193,-1.35228518718616,-3.60714772968071));
#2154=CARTESIAN_POINT('Ctrl Pts',(-9.92708354661525,-1.20540958122992,-3.67605630303935));
#2155=CARTESIAN_POINT('Ctrl Pts',(-9.93486264053706,-1.14134528600507,-3.70611288839558));
#2156=CARTESIAN_POINT('Ctrl Pts',(-9.9420350078853,-1.07709975385802,-3.73567451110516));
#2157=CARTESIAN_POINT('Ctrl Pts',(-9.94860047989606,-1.01259492958042,-3.76521586325837));
#2158=CARTESIAN_POINT('Ctrl Pts',(-9.95610143668114,-0.938899101078988,
-3.79896643069833));
#2159=CARTESIAN_POINT('Ctrl Pts',(-9.96820523415435,-0.809933695397085,
-3.85715811626918));
#2160=CARTESIAN_POINT('Ctrl Pts',(-9.97786633516036,-0.664968719319608,
-3.9256174411712));
#2161=CARTESIAN_POINT('Ctrl Pts',(-9.97938526305163,-0.642177181866092,
-3.93638068419559));
#2162=CARTESIAN_POINT('Ctrl Pts',(-9.98087507559848,-0.61862955214935,-3.94587577833905));
#2163=CARTESIAN_POINT('Ctrl Pts',(-9.98229489216099,-0.594801383603554,
-3.95430551595019));
#2164=CARTESIAN_POINT('Ctrl Pts',(-9.98371117250347,-0.571032561912309,
-3.96271425830896));
#2165=CARTESIAN_POINT('Ctrl Pts',(-9.98505814124604,-0.546984656241276,
-3.97007518978762));
#2166=CARTESIAN_POINT('Ctrl Pts',(-9.98631577007468,-0.522969731779783,
-3.97628314974773));
#2167=CARTESIAN_POINT('Ctrl Pts',(-9.98761147977676,-0.498227637840099,
-3.9826790861061));
#2168=CARTESIAN_POINT('Ctrl Pts',(-9.98881255783222,-0.473517509028964,
-3.987817513163));
#2169=CARTESIAN_POINT('Ctrl Pts',(-9.98990827909875,-0.449146496362007,
-3.99168365306009));
#2170=CARTESIAN_POINT('Ctrl Pts',(-9.99030630939071,-0.440293513780189,
-3.99308806204528));
#2171=CARTESIAN_POINT('Ctrl Pts',(-9.99069058952266,-0.431483946289316,
-3.99432610771743));
#2172=CARTESIAN_POINT('Ctrl Pts',(-9.99106117154638,-0.42272528481087,-3.99536115122679));
#2173=CARTESIAN_POINT('Ctrl Pts',(-9.99106159134104,-0.422715362898307,
-3.99536232363953));
#2174=CARTESIAN_POINT('Ctrl Pts',(-9.99192907264792,-0.402212065457189,
-3.99778490421361));
#2175=CARTESIAN_POINT('Ctrl Pts',(-9.99267322767193,-0.38313097961305,-3.99893645728311));
#2176=CARTESIAN_POINT('Ctrl Pts',(-9.99331442632114,-0.365604672674993,
-3.99933094570013));
#2177=CARTESIAN_POINT('Ctrl Pts',(-9.99639355369537,-0.28144084680212,-4.0012253353486));
#2178=CARTESIAN_POINT('Ctrl Pts',(-9.99721917569445,-0.241008318169187,
-3.99017765100679));
#2179=CARTESIAN_POINT('Ctrl Pts',(-9.99817090086713,-0.191255423593354,
-3.97456674654906));
#2180=CARTESIAN_POINT('Ctrl Pts',(-9.99918287453624,-0.138352946367546,
-3.95796760142213));
#2181=CARTESIAN_POINT('Ctrl Pts',(-9.99985956190686,-0.0869741268074724,
-3.93745961556202));
#2182=CARTESIAN_POINT('Ctrl Pts',(-9.99998377793863,-0.0180122448406946,
-3.88448660150745));
#2183=CARTESIAN_POINT('Ctrl Pts',(-9.9999945130414,-0.0120523628592446,
-3.87990852296663));
#2184=CARTESIAN_POINT('Ctrl Pts',(-10.,-0.00604293805584177,-3.87509770576648));
#2185=CARTESIAN_POINT('Ctrl Pts',(-10.,2.78770583006516E-11,-3.87004289963765));
#2186=CARTESIAN_POINT('',(9.18504870006524,-3.95409665757296,-3.99536115122679));
#2187=CARTESIAN_POINT('',(9.92396798379093,1.23079626936901,4.));
#2188=CARTESIAN_POINT('Ctrl Pts',(9.92396798379092,1.23079626936901,4.));
#2189=CARTESIAN_POINT('Ctrl Pts',(9.92570156503934,1.21681832254327,4.));
#2190=CARTESIAN_POINT('Ctrl Pts',(9.92805683539095,1.19759006931038,3.99939386542114));
#2191=CARTESIAN_POINT('Ctrl Pts',(9.93314504384322,1.15457243456297,3.9942610664707));
#2192=CARTESIAN_POINT('Ctrl Pts',(9.93543816772581,1.13466203880474,3.99058805958353));
#2193=CARTESIAN_POINT('Ctrl Pts',(9.9404603020936,1.08990331330471,3.97929411418471));
#2194=CARTESIAN_POINT('Ctrl Pts',(9.94550165875316,1.04397546955299,3.96549070954321));
#2195=CARTESIAN_POINT('Ctrl Pts',(9.95344600037641,0.964164465903263,3.91925270752317));
#2196=CARTESIAN_POINT('Ctrl Pts',(9.9597264186425,0.898653915003999,3.87820676250404));
#2197=CARTESIAN_POINT('Ctrl Pts',(9.9754609204063,0.711507155693226,3.63171070313581));
#2198=CARTESIAN_POINT('Ctrl Pts',(9.98105660961295,0.670106082419071,3.38164720254668));
#2199=CARTESIAN_POINT('Ctrl Pts',(9.99675547736146,0.282551245203882,2.27737197048013));
#2200=CARTESIAN_POINT('Ctrl Pts',(9.99995285340184,0.153072265331476,1.93568176549745));
#2201=CARTESIAN_POINT('Ctrl Pts',(10.0001084130239,-0.346854371961557,0.832200139779961));
#2202=CARTESIAN_POINT('Ctrl Pts',(9.97887571376281,-0.763674975969706,0.226182309270054));
#2203=CARTESIAN_POINT('Ctrl Pts',(9.86525997965984,-1.73447207160383,-0.987825306554423));
#2204=CARTESIAN_POINT('Ctrl Pts',(9.73337211184713,-2.39179883167437,-1.61502813811822));
#2205=CARTESIAN_POINT('Ctrl Pts',(9.40285996152483,-3.42851255644844,-2.39136060818668));
#2206=CARTESIAN_POINT('Ctrl Pts',(9.25171598199583,-3.82012919819923,-2.63307347659712));
#2207=CARTESIAN_POINT('Ctrl Pts',(9.05431417824927,-4.24507326091715,-2.93293389467263));
#2208=CARTESIAN_POINT('Ctrl Pts',(9.03927203513995,-4.27700842114558,-2.95569504136409));
#2209=CARTESIAN_POINT('Ctrl Pts',(9.01464807702934,-4.32857958229613,-2.99288428667924));
#2210=CARTESIAN_POINT('Ctrl Pts',(9.00618304892602,-4.34622555319066,-3.00585851634165));
#2211=CARTESIAN_POINT('Ctrl Pts',(8.97427363686072,-4.41181449669007,-3.07737032047722));
#2212=CARTESIAN_POINT('Ctrl Pts',(8.95573759783187,-4.44924623079689,-3.13183424905901));
#2213=CARTESIAN_POINT('Ctrl Pts',(8.9278381232635,-4.50495517047785,-3.2714062565365));
#2214=CARTESIAN_POINT('Ctrl Pts',(8.92030408550457,-4.51975430226882,-3.34416281429403));
#2215=CARTESIAN_POINT('Ctrl Pts',(8.91839783107152,-4.52351468601988,-3.50232132867558));
#2216=CARTESIAN_POINT('Ctrl Pts',(8.92588342763923,-4.50879045400315,-3.57717906345336));
#2217=CARTESIAN_POINT('Ctrl Pts',(8.95224689873605,-4.45628414917026,-3.72905471188085));
#2218=CARTESIAN_POINT('Ctrl Pts',(8.97373536931975,-4.4128782077599,-3.78941399840103));
#2219=CARTESIAN_POINT('Ctrl Pts',(9.01857792791219,-4.32081473810043,-3.89551530506284));
#2220=CARTESIAN_POINT('Ctrl Pts',(9.04655501330998,-4.26168340494482,-3.93146219816754));
#2221=CARTESIAN_POINT('Ctrl Pts',(9.08615995354378,-4.1766015196113,-3.97327219167959));
#2222=CARTESIAN_POINT('Ctrl Pts',(9.10718375366092,-4.13060846989114,-3.98776541137433));
#2223=CARTESIAN_POINT('Ctrl Pts',(9.14152148657744,-4.05383819127622,-3.99897495658537));
#2224=CARTESIAN_POINT('Ctrl Pts',(9.16107673114095,-4.00978161448578,-4.00251910530263));
#2225=CARTESIAN_POINT('Ctrl Pts',(9.18504870006524,-3.95409665757298,-3.99536115122679));
#2226=CARTESIAN_POINT('Ctrl Pts',(9.92396798379092,1.23079626936901,4.));
#2227=CARTESIAN_POINT('Ctrl Pts',(9.92284060952876,1.23988634086333,4.));
#2228=CARTESIAN_POINT('Ctrl Pts',(9.92179161243475,1.24824923691401,3.99973605415203));
#2229=CARTESIAN_POINT('Ctrl Pts',(9.91959270707676,1.26560603294439,3.99872693072705));
#2230=CARTESIAN_POINT('Ctrl Pts',(9.91847119449412,1.27436515028174,3.99796606475706));
#2231=CARTESIAN_POINT('Ctrl Pts',(9.91505257015698,1.30078863252451,3.99493791950377));
#2232=CARTESIAN_POINT('Ctrl Pts',(9.91272353829232,1.31841546174185,3.99191808039646));
#2233=CARTESIAN_POINT('Ctrl Pts',(9.90556666116686,1.37151326156787,3.97987016798549));
#2234=CARTESIAN_POINT('Ctrl Pts',(9.9006404891348,1.4065685006225,3.96777293950664));
#2235=CARTESIAN_POINT('Ctrl Pts',(9.89246805954651,1.46274422749364,3.94087240281846));
#2236=CARTESIAN_POINT('Ctrl Pts',(9.8892303201336,1.484447983678,3.92823052626344));
#2237=CARTESIAN_POINT('Ctrl Pts',(9.87716129339353,1.56368972549036,3.87281870811317));
#2238=CARTESIAN_POINT('Ctrl Pts',(9.86885335140747,1.61470154288226,3.81820674190761));
#2239=CARTESIAN_POINT('Ctrl Pts',(9.85797854923017,1.67957480497755,3.71822729548669));
#2240=CARTESIAN_POINT('Ctrl Pts',(9.85140178958578,1.71762489616025,3.64839162968783));
#2241=CARTESIAN_POINT('Ctrl Pts',(9.84581239245772,1.74933085004943,3.47635975500182));
#2242=CARTESIAN_POINT('Ctrl Pts',(9.84562701189886,1.75036425731409,3.40102329664091));
#2243=CARTESIAN_POINT('Ctrl Pts',(9.84848766910875,1.73415963567926,3.30797474533848));
#2244=CARTESIAN_POINT('Ctrl Pts',(9.84928718342754,1.72980748129993,3.29339255050393));
#2245=CARTESIAN_POINT('Ctrl Pts',(9.86925158364418,1.61435114136027,2.84839356272389));
#2246=CARTESIAN_POINT('Ctrl Pts',(9.88200916948152,1.53421199481943,2.51396686317777));
#2247=CARTESIAN_POINT('Ctrl Pts',(9.90876221999806,1.35116807152617,1.83662022157174));
#2248=CARTESIAN_POINT('Ctrl Pts',(9.92521660622285,1.2320311575887,1.43899603555492));
#2249=CARTESIAN_POINT('Ctrl Pts',(9.98644086176234,0.661060735146761,-0.0370232476053761));
#2250=CARTESIAN_POINT('Ctrl Pts',(10.0184922896933,0.109132623038832,-0.905842090285161));
#2251=CARTESIAN_POINT('Ctrl Pts',(9.96945764426553,-0.854472332531629,-2.01188593775383));
#2252=CARTESIAN_POINT('Ctrl Pts',(9.93184490499885,-1.38294699077683,-2.54304656984376));
#2253=CARTESIAN_POINT('Ctrl Pts',(9.69425015195094,-2.4833373261266,-3.29158402159954));
#2254=CARTESIAN_POINT('Ctrl Pts',(9.60570456537523,-2.79107629156331,-3.45806393256623));
#2255=CARTESIAN_POINT('Ctrl Pts',(9.48145723507176,-3.18272354599013,-3.65846456055728));
#2256=CARTESIAN_POINT('Ctrl Pts',(9.42762490557678,-3.33854074452424,-3.73320734261071));
#2257=CARTESIAN_POINT('Ctrl Pts',(9.30115189860761,-3.67819153943899,-3.89829213690302));
#2258=CARTESIAN_POINT('Ctrl Pts',(9.24696101964487,-3.81027931578297,-3.9768743284848));
#2259=CARTESIAN_POINT('Ctrl Pts',(9.18504870006525,-3.95409665757296,-3.99536115122679));
#2260=CARTESIAN_POINT('',(-1.00835298708865,-9.94903132236649,4.));
#2261=CARTESIAN_POINT('',(-5.8988167949199,-8.07489692937136,-3.99535997860883));
#2262=CARTESIAN_POINT('Ctrl Pts',(-1.00835298708865,-9.94903132236649,4.));
#2263=CARTESIAN_POINT('Ctrl Pts',(-0.91272253271727,-9.9587236483023,4.));
#2264=CARTESIAN_POINT('Ctrl Pts',(-0.823456373538943,-9.96626759699845,
3.96999498412695));
#2265=CARTESIAN_POINT('Ctrl Pts',(-0.756046504301108,-9.97137872529843,
3.92906504190011));
#2266=CARTESIAN_POINT('Ctrl Pts',(-0.67228926818964,-9.97772933811903,3.87820930113274));
#2267=CARTESIAN_POINT('Ctrl Pts',(-0.61371128243103,-9.98127121636659,3.81503005676203));
#2268=CARTESIAN_POINT('Ctrl Pts',(-0.564630446622935,-9.98404689786393,
3.72922063110092));
#2269=CARTESIAN_POINT('Ctrl Pts',(-0.542800486266372,-9.98528145338956,
3.6910546885378));
#2270=CARTESIAN_POINT('Ctrl Pts',(-0.526075724622761,-9.98615969003641,
3.65086426495563));
#2271=CARTESIAN_POINT('Ctrl Pts',(-0.514216127026146,-9.98677033753687,
3.61145898189612));
#2272=CARTESIAN_POINT('Ctrl Pts',(-0.502419323263574,-9.98737775179964,
3.57226234072221));
#2273=CARTESIAN_POINT('Ctrl Pts',(-0.495153904113667,-9.98773434143165,
3.53336577878027));
#2274=CARTESIAN_POINT('Ctrl Pts',(-0.491329198480108,-9.98792248762078,
3.49601505806378));
#2275=CARTESIAN_POINT('Ctrl Pts',(-0.487720102737057,-9.98810002745661,
3.4607699071808));
#2276=CARTESIAN_POINT('Ctrl Pts',(-0.487005039420337,-9.98813459198106,
3.42476558015403));
#2277=CARTESIAN_POINT('Ctrl Pts',(-0.489558524286668,-9.98800943388112,
3.3890308162849));
#2278=CARTESIAN_POINT('Ctrl Pts',(-0.489694831277025,-9.98800275284528,
3.38712326704569));
#2279=CARTESIAN_POINT('Ctrl Pts',(-0.489840293302737,-9.98799562029683,
3.38521650359905));
#2280=CARTESIAN_POINT('Ctrl Pts',(-0.489995063438718,-9.98798802751614,
3.38331068714038));
#2281=CARTESIAN_POINT('Ctrl Pts',(-0.492507827955563,-9.98786475522091,
3.35236887822732));
#2282=CARTESIAN_POINT('Ctrl Pts',(-0.494990416711303,-9.98774737604099,
3.33095938196909));
#2283=CARTESIAN_POINT('Ctrl Pts',(-0.505614491258938,-9.98720951949187,
3.29119136301291));
#2284=CARTESIAN_POINT('Ctrl Pts',(-0.511272195672152,-9.98692309140272,
3.27001345284818));
#2285=CARTESIAN_POINT('Ctrl Pts',(-0.527463790138377,-9.98611813121411,
3.20956838482154));
#2286=CARTESIAN_POINT('Ctrl Pts',(-0.555230609997981,-9.98457405049015,
3.10267827170077));
#2287=CARTESIAN_POINT('Ctrl Pts',(-0.589760623456739,-9.98265387639569,
2.96975282098907));
#2288=CARTESIAN_POINT('Ctrl Pts',(-0.623150832686182,-9.98062680095427,
2.83808086129122));
#2289=CARTESIAN_POINT('Ctrl Pts',(-0.658121965563057,-9.97832027339489,
2.70077410841997));
#2290=CARTESIAN_POINT('Ctrl Pts',(-0.705899604257447,-9.97516909036748,
2.51318532048795));
#2291=CARTESIAN_POINT('Ctrl Pts',(-0.756013303656528,-9.97154253785568,
2.31683845250486));
#2292=CARTESIAN_POINT('Ctrl Pts',(-0.812541722585748,-9.96693412986448,
2.11307070723522));
#2293=CARTESIAN_POINT('Ctrl Pts',(-0.912261150774022,-9.95880462936817,
1.75361251918744));
#2294=CARTESIAN_POINT('Ctrl Pts',(-1.0317707503714,-9.94787739014176,1.3710630691787));
#2295=CARTESIAN_POINT('Ctrl Pts',(-1.18818401941581,-9.92916002167378,0.971403534617808));
#2296=CARTESIAN_POINT('Ctrl Pts',(-1.33164715841953,-9.91199234497531,0.604833538918815));
#2297=CARTESIAN_POINT('Ctrl Pts',(-1.50051732213694,-9.88863073576766,0.241956924915084));
#2298=CARTESIAN_POINT('Ctrl Pts',(-1.68900291033078,-9.85633142547947,-0.103981557764746));
#2299=CARTESIAN_POINT('Ctrl Pts',(-1.87721014831956,-9.82407981390251,-0.449409168241998));
#2300=CARTESIAN_POINT('Ctrl Pts',(-2.08629175222775,-9.7827679590008,-0.781409678663352));
#2301=CARTESIAN_POINT('Ctrl Pts',(-2.31477919554992,-9.72840157866899,-1.09741685740064));
#2302=CARTESIAN_POINT('Ctrl Pts',(-2.54259865289791,-9.6741941391481,-1.41250018509355));
#2303=CARTESIAN_POINT('Ctrl Pts',(-2.79015661424045,-9.60686023986858,-1.71224778851664));
#2304=CARTESIAN_POINT('Ctrl Pts',(-3.05393803749717,-9.52226141539539,-1.9926471257144));
#2305=CARTESIAN_POINT('Ctrl Pts',(-3.31884639285069,-9.43730116618853,-2.27424439038221));
#2306=CARTESIAN_POINT('Ctrl Pts',(-3.59747162738331,-9.33579733955171,-2.53384049241085));
#2307=CARTESIAN_POINT('Ctrl Pts',(-3.88724310028838,-9.21354118020104,-2.77046979299351));
#2308=CARTESIAN_POINT('Ctrl Pts',(-4.03239855737038,-9.15229930392618,-2.88900469893411));
#2309=CARTESIAN_POINT('Ctrl Pts',(-4.18035178208298,-9.08583826441344,-3.00175532006705));
#2310=CARTESIAN_POINT('Ctrl Pts',(-4.33063367162028,-9.0136347830511,-3.10879017236581));
#2311=CARTESIAN_POINT('Ctrl Pts',(-4.48381167376947,-8.94003985383274,-3.21788771489698));
#2312=CARTESIAN_POINT('Ctrl Pts',(-4.63501543503206,-8.86262489258473,-3.31798007457423));
#2313=CARTESIAN_POINT('Ctrl Pts',(-4.78579399460851,-8.78044280439028,-3.4105914887276));
#2314=CARTESIAN_POINT('Ctrl Pts',(-4.93338210272441,-8.69999967672211,-3.50124325939863));
#2315=CARTESIAN_POINT('Ctrl Pts',(-5.06018445589057,-8.62801808925644,-3.57384440072231));
#2316=CARTESIAN_POINT('Ctrl Pts',(-5.24700819364006,-8.51286702679386,-3.67605630303935));
#2317=CARTESIAN_POINT('Ctrl Pts',(-5.38409069123787,-8.42837457720708,-3.75105460369766));
#2318=CARTESIAN_POINT('Ctrl Pts',(-5.55913592369188,-8.31419935146321,-3.84413479523794));
#2319=CARTESIAN_POINT('Ctrl Pts',(-5.70120442466152,-8.21561124373713,-3.92561744117119));
#2320=CARTESIAN_POINT('Ctrl Pts',(-5.72062462594968,-8.20213463996084,-3.93675579608249));
#2321=CARTESIAN_POINT('Ctrl Pts',(-5.73996587229423,-8.18860940038983,-3.94615919454684));
#2322=CARTESIAN_POINT('Ctrl Pts',(-5.75882461689208,-8.17532501077956,-3.95430551595019));
#2323=CARTESIAN_POINT('Ctrl Pts',(-5.77903373986922,-8.16108939387955,-3.96303515382175));
#2324=CARTESIAN_POINT('Ctrl Pts',(-5.79869325230679,-8.1471277596093,-3.97031676860151));
#2325=CARTESIAN_POINT('Ctrl Pts',(-5.8174918400993,-8.13368235735685,-3.97628314974773));
#2326=CARTESIAN_POINT('Ctrl Pts',(-5.83869948968516,-8.11851391052148,-3.98301412986397));
#2327=CARTESIAN_POINT('Ctrl Pts',(-5.85880909596126,-8.10400436774673,-3.98803243948154));
#2328=CARTESIAN_POINT('Ctrl Pts',(-5.87744906242616,-8.09046305958973,-3.99168365306009));
#2329=CARTESIAN_POINT('Ctrl Pts',(-5.884803710262,-8.0851201555175,-3.993124288165));
#2330=CARTESIAN_POINT('Ctrl Pts',(-5.89193199554833,-8.07992637497801,-3.99435330875278));
#2331=CARTESIAN_POINT('Ctrl Pts',(-5.89882481410551,-8.07489107124629,-3.99536115122679));
#2332=CARTESIAN_POINT('Ctrl Pts',(-5.8988167949199,-8.07489692937136,-3.99535997860883));
#2333=CARTESIAN_POINT('Ctrl Pts',(-5.95595940381259,-8.03315342641821,-4.00371515985144));
#2334=CARTESIAN_POINT('Ctrl Pts',(-6.01211240126896,-7.99119757299163,-3.99939995188932));
#2335=CARTESIAN_POINT('Ctrl Pts',(-6.11924748134829,-7.9094349762498,-3.96325196836184));
#2336=CARTESIAN_POINT('Ctrl Pts',(-6.16884653298101,-7.87072761422844,-3.93298341678468));
#2337=CARTESIAN_POINT('Ctrl Pts',(-6.2598627498296,-7.79858073864049,-3.84843295203875));
#2338=CARTESIAN_POINT('Ctrl Pts',(-6.29681813055291,-7.76860592743962,-3.79454649713201));
#2339=CARTESIAN_POINT('Ctrl Pts',(-6.35923415005907,-7.71766212321331,-3.66979957635334));
#2340=CARTESIAN_POINT('Ctrl Pts',(-6.37770339560084,-7.70227385747528,-3.595488718824));
#2341=CARTESIAN_POINT('Ctrl Pts',(-6.39582768965603,-7.68723248456949,-3.46417759809438));
#2342=CARTESIAN_POINT('Ctrl Pts',(-6.39589812531408,-7.68718225796701,-3.38867987702081));
#2343=CARTESIAN_POINT('Ctrl Pts',(-6.37075559771751,-7.70802978317616,-3.24060252071176));
#2344=CARTESIAN_POINT('Ctrl Pts',(-6.34767327669663,-7.72714868612668,-3.17170253631491));
#2345=CARTESIAN_POINT('Ctrl Pts',(-6.27232370084248,-7.78851560318074,-3.03294514964662));
#2346=CARTESIAN_POINT('Ctrl Pts',(-6.24278958109257,-7.81215126681967,-3.00680058122655));
#2347=CARTESIAN_POINT('Ctrl Pts',(-6.17873830956037,-7.86285294809438,-2.95366671885023));
#2348=CARTESIAN_POINT('Ctrl Pts',(-6.1506801802586,-7.88482145865097,-2.93070179377842));
#2349=CARTESIAN_POINT('Ctrl Pts',(-5.99893406132632,-8.00232391597999,-2.80794461206435));
#2350=CARTESIAN_POINT('Ctrl Pts',(-5.87274167394754,-8.09539320927721,-2.71101909484168));
#2351=CARTESIAN_POINT('Ctrl Pts',(-5.53982671681177,-8.32904207374906,-2.45876099369762));
#2352=CARTESIAN_POINT('Ctrl Pts',(-5.11070071553182,-8.61860692093653,-2.16064595039656));
#2353=CARTESIAN_POINT('Ctrl Pts',(-3.7856020950379,-9.29523547816741,-0.89272665018312));
#2354=CARTESIAN_POINT('Ctrl Pts',(-3.08242158713075,-9.52770066697065,-0.0124517165025702));
#2355=CARTESIAN_POINT('Ctrl Pts',(-1.84429639826385,-9.8573067354582,2.20765810589226));
#2356=CARTESIAN_POINT('Ctrl Pts',(-1.64058601610123,-9.86661710351758,3.39025312476632));
#2357=CARTESIAN_POINT('Ctrl Pts',(-1.39317332606445,-9.9025843297334,3.81936129815419));
#2358=CARTESIAN_POINT('Ctrl Pts',(-1.34085636045382,-9.90977699796752,3.86852776134746));
#2359=CARTESIAN_POINT('Ctrl Pts',(-1.25649941607674,-9.92085020556753,3.93380104101775));
#2360=CARTESIAN_POINT('Ctrl Pts',(-1.20498561596118,-9.92728355137603,3.96091552033911));
#2361=CARTESIAN_POINT('Ctrl Pts',(-1.1269917044247,-9.93632104225259,3.98564179911488));
#2362=CARTESIAN_POINT('Ctrl Pts',(-1.10236859243012,-9.9390851495532,3.9912903488416));
#2363=CARTESIAN_POINT('Ctrl Pts',(-1.06571681017331,-9.94305717949682,3.99667115950738));
#2364=CARTESIAN_POINT('Ctrl Pts',(-1.05395187199295,-9.94431124046277,3.99795162117651));
#2365=CARTESIAN_POINT('Ctrl Pts',(-1.03061635423423,-9.94675648787615,3.99961681886546));
#2366=CARTESIAN_POINT('Ctrl Pts',(-1.01933319213216,-9.94791845798846,4.));
#2367=CARTESIAN_POINT('Ctrl Pts',(-1.00835298708865,-9.94903132236648,4.));
#2368=CARTESIAN_POINT('',(7.1497681037631,-6.99148167861518,4.));
#2369=CARTESIAN_POINT('',(2.63534694245433,-9.64649918327351,-3.99536115122679));
#2370=CARTESIAN_POINT('Ctrl Pts',(7.1497681037631,-6.99148167861518,4.));
#2371=CARTESIAN_POINT('Ctrl Pts',(7.21694491036603,-6.92278399602933,4.));
#2372=CARTESIAN_POINT('Ctrl Pts',(7.27844774617586,-6.85775356797363,3.97006379089228));
#2373=CARTESIAN_POINT('Ctrl Pts',(7.32455052588757,-6.8081539049672,3.92906504190011));
#2374=CARTESIAN_POINT('Ctrl Pts',(7.38156379067249,-6.74681619956393,3.87836370573864));
#2375=CARTESIAN_POINT('Ctrl Pts',(7.42097907596582,-6.7030958225768,3.81516168489915));
#2376=CARTESIAN_POINT('Ctrl Pts',(7.45380086189896,-6.66639728122727,3.72922063110092));
#2377=CARTESIAN_POINT('Ctrl Pts',(7.46838635993147,-6.65008901257486,3.69102974552146));
#2378=CARTESIAN_POINT('Ctrl Pts',(7.4795006609647,-6.63756058701276,3.65081683076727));
#2379=CARTESIAN_POINT('Ctrl Pts',(7.48736294691211,-6.62867981586135,3.61145898189612));
#2380=CARTESIAN_POINT('Ctrl Pts',(7.49520618495678,-6.61982056008933,3.57219648499792));
#2381=CARTESIAN_POINT('Ctrl Pts',(7.5000068521814,-6.61437161201362,3.53329031666289));
#2382=CARTESIAN_POINT('Ctrl Pts',(7.50253350066457,-6.61150444841459,3.49601505806378));
#2383=CARTESIAN_POINT('Ctrl Pts',(7.50492283021086,-6.60879311015489,3.46076564473622));
#2384=CARTESIAN_POINT('Ctrl Pts',(7.50539550813358,-6.60825580643465,3.42476787504586));
#2385=CARTESIAN_POINT('Ctrl Pts',(7.50370547529021,-6.61017428969159,3.3890308162849));
#2386=CARTESIAN_POINT('Ctrl Pts',(7.50360306963157,-6.6102905380487,3.38686536899526));
#2387=CARTESIAN_POINT('Ctrl Pts',(7.50349285280458,-6.61041564804133,3.38470092803358));
#2388=CARTESIAN_POINT('Ctrl Pts',(7.50337467544699,-6.61054978650496,3.38253772986364));
#2389=CARTESIAN_POINT('Ctrl Pts',(7.50169851684499,-6.61245232811079,3.35185619074014));
#2390=CARTESIAN_POINT('Ctrl Pts',(7.50007790459028,-6.61429840822938,3.33075640096172));
#2391=CARTESIAN_POINT('Ctrl Pts',(7.49306934537122,-6.62222861168792,3.29119136301291));
#2392=CARTESIAN_POINT('Ctrl Pts',(7.48960711693284,-6.62614613240481,3.27164623322659));
#2393=CARTESIAN_POINT('Ctrl Pts',(7.48130788497921,-6.63556317089355,3.22499959411776));
#2394=CARTESIAN_POINT('Ctrl Pts',(7.46413036869583,-6.654829662667,3.12606755435177));
#2395=CARTESIAN_POINT('Ctrl Pts',(7.43967614087626,-6.68225779437938,2.98522608465494));
#2396=CARTESIAN_POINT('Ctrl Pts',(7.41608403040971,-6.70843355856731,2.84647935407389));
#2397=CARTESIAN_POINT('Ctrl Pts',(7.39103259798134,-6.73592140212289,2.70077410841996));
#2398=CARTESIAN_POINT('Ctrl Pts',(7.35905720765393,-6.77100660251857,2.51479743359878));
#2399=CARTESIAN_POINT('Ctrl Pts',(7.32496492480279,-6.80794753865867,2.31823172695508));
#2400=CARTESIAN_POINT('Ctrl Pts',(7.28585140879622,-6.84955248530458,2.11307070723522));
#2401=CARTESIAN_POINT('Ctrl Pts',(7.2176784120531,-6.92206792706933,1.75548481475686));
#2402=CARTESIAN_POINT('Ctrl Pts',(7.13447654556672,-7.0088624961142,1.37181623159725));
#2403=CARTESIAN_POINT('Ctrl Pts',(7.02210928057024,-7.11968968788172,0.971403534617808));
#2404=CARTESIAN_POINT('Ctrl Pts',(6.91903165435033,-7.22135456197447,0.604093799756449));
#2405=CARTESIAN_POINT('Ctrl Pts',(6.79566260341479,-7.33863257516948,0.241901252469034));
#2406=CARTESIAN_POINT('Ctrl Pts',(6.65291412017789,-7.46583777680292,-0.103981557764746));
#2407=CARTESIAN_POINT('Ctrl Pts',(6.51035501562498,-7.5928742204003,-0.449405499155011));
#2408=CARTESIAN_POINT('Ctrl Pts',(6.34769891243806,-7.73058105555758,-0.781401875005239));
#2409=CARTESIAN_POINT('Ctrl Pts',(6.16272940631497,-7.87532642272946,-1.09741685740064));
#2410=CARTESIAN_POINT('Ctrl Pts',(5.97830988324627,-8.01964140815455,-1.41249220985974));
#2411=CARTESIAN_POINT('Ctrl Pts',(5.77126853329124,-8.17124032599621,-1.71230014029398));
#2412=CARTESIAN_POINT('Ctrl Pts',(5.54070453695875,-8.32469778635385,-1.9926471257144));
#2413=CARTESIAN_POINT('Ctrl Pts',(5.30919043422718,-8.47878761307134,-2.27414936290462));
#2414=CARTESIAN_POINT('Ctrl Pts',(5.05611547064528,-8.63334635014993,-2.5337701950323));
#2415=CARTESIAN_POINT('Ctrl Pts',(4.7797801293213,-8.78371800067291,-2.77046979299351));
#2416=CARTESIAN_POINT('Ctrl Pts',(4.64141284341795,-8.85901244929458,-2.88899057570408));
#2417=CARTESIAN_POINT('Ctrl Pts',(4.49720419844196,-8.93325016427141,-3.00174355585558));
#2418=CARTESIAN_POINT('Ctrl Pts',(4.34703751501697,-9.00573510842036,-3.10879017236581));
#2419=CARTESIAN_POINT('Ctrl Pts',(4.19392326985719,-9.07964283053077,-3.21793796407329));
#2420=CARTESIAN_POINT('Ctrl Pts',(4.03929982203582,-9.149512793154,-3.31791832702879));
#2421=CARTESIAN_POINT('Ctrl Pts',(3.88093286504704,-9.2162009579326,-3.4105914887276));
#2422=CARTESIAN_POINT('Ctrl Pts',(3.72633409558525,-9.28130234276988,-3.50105958278704));
#2423=CARTESIAN_POINT('Ctrl Pts',(3.59128222170963,-9.33547721844228,-3.573547704643));
#2424=CARTESIAN_POINT('Ctrl Pts',(3.38417134860768,-9.40996197034094,-3.67605630303935));
#2425=CARTESIAN_POINT('Ctrl Pts',(3.23219420709699,-9.464618587399,-3.75127670808721));
#2426=CARTESIAN_POINT('Ctrl Pts',(3.03400314752531,-9.53019638612077,-3.84425043550913));
#2427=CARTESIAN_POINT('Ctrl Pts',(2.86858070098368,-9.57973093369245,-3.92561744117119));
#2428=CARTESIAN_POINT('Ctrl Pts',(2.84593373391909,-9.58651240314153,-3.93675689615991));
#2429=CARTESIAN_POINT('Ctrl Pts',(2.82330039670939,-9.59320107674605,-3.94615994712527));
#2430=CARTESIAN_POINT('Ctrl Pts',(2.80115805351052,-9.59966215859981,-3.95430551595019));
#2431=CARTESIAN_POINT('Ctrl Pts',(2.77742591327106,-9.60658713936064,-3.96303592808168));
#2432=CARTESIAN_POINT('Ctrl Pts',(2.75425296795164,-9.61325255379332,-3.97031727829189));
#2433=CARTESIAN_POINT('Ctrl Pts',(2.73202210067807,-9.61956627096079,-3.97628314974773));
#2434=CARTESIAN_POINT('Ctrl Pts',(2.70693780088236,-9.62669038232835,-3.9830147678308));
#2435=CARTESIAN_POINT('Ctrl Pts',(2.68305583927301,-9.63336608222565,-3.98803279905195));
#2436=CARTESIAN_POINT('Ctrl Pts',(2.660849176365,-9.63949592357597,-3.99168365306009));
#2437=CARTESIAN_POINT('Ctrl Pts',(2.65208599342289,-9.64191487870586,-3.99312435136315));
#2438=CARTESIAN_POINT('Ctrl Pts',(2.6435809220985,-9.6442497254477,-3.99435335543579));
#2439=CARTESIAN_POINT('Ctrl Pts',(2.63534694245433,-9.64649918327351,-3.99536115122679));
#2440=CARTESIAN_POINT('Ctrl Pts',(2.63534694245433,-9.64649918327352,-3.99536115122679));
#2441=CARTESIAN_POINT('Ctrl Pts',(2.57035369207031,-9.66425482295435,-4.00331598315628));
#2442=CARTESIAN_POINT('Ctrl Pts',(2.51839701722618,-9.67775929157572,-3.99826115387237));
#2443=CARTESIAN_POINT('Ctrl Pts',(2.41320078310379,-9.7047219470497,-3.98026105697626));
#2444=CARTESIAN_POINT('Ctrl Pts',(2.35841620455956,-9.71799430569697,-3.9561872700268));
#2445=CARTESIAN_POINT('Ctrl Pts',(2.2472390296121,-9.74451379792245,-3.89586895312197));
#2446=CARTESIAN_POINT('Ctrl Pts',(2.19445623756141,-9.75632355198671,-3.84585202004055));
#2447=CARTESIAN_POINT('Ctrl Pts',(2.1029602990136,-9.77653301258028,-3.73505934489469));
#2448=CARTESIAN_POINT('Ctrl Pts',(2.07103613246414,-9.78320980872917,-3.66713719322241));
#2449=CARTESIAN_POINT('Ctrl Pts',(2.02442868045193,-9.79298078141948,-3.51629771375234));
#2450=CARTESIAN_POINT('Ctrl Pts',(2.02376625965542,-9.79307839695477,-3.44092846947859));
#2451=CARTESIAN_POINT('Ctrl Pts',(2.03332286764848,-9.79109972121388,-3.31194346295795));
#2452=CARTESIAN_POINT('Ctrl Pts',(2.05442623000461,-9.78672082376203,-3.24607208388191));
#2453=CARTESIAN_POINT('Ctrl Pts',(2.11390487999606,-9.77408653339202,-3.11583848438273));
#2454=CARTESIAN_POINT('Ctrl Pts',(2.15956003190977,-9.76409110290995,-3.06263905438833));
#2455=CARTESIAN_POINT('Ctrl Pts',(2.22160575528102,-9.75014500459387,-3.00273669202669));
#2456=CARTESIAN_POINT('Ctrl Pts',(2.24527306365654,-9.74469496307746,-2.98689636300431));
#2457=CARTESIAN_POINT('Ctrl Pts',(2.96068301703298,-9.57848615064514,-2.50939400249918));
#2458=CARTESIAN_POINT('Ctrl Pts',(3.67393153739502,-9.34370376675598,-2.12433048015838));
#2459=CARTESIAN_POINT('Ctrl Pts',(5.14032023961049,-8.60990493305177,-0.571455193737897));
#2460=CARTESIAN_POINT('Ctrl Pts',(5.78495125450394,-8.17510694418469,0.359908896375193));
#2461=CARTESIAN_POINT('Ctrl Pts',(6.41679163699306,-7.67415135916817,2.09720793662961));
#2462=CARTESIAN_POINT('Ctrl Pts',(6.56522123954754,-7.54463286327622,2.69078324186015));
#2463=CARTESIAN_POINT('Ctrl Pts',(6.81584525024256,-7.31968432751164,3.68481380742286));
#2464=CARTESIAN_POINT('Ctrl Pts',(6.84349388020335,-7.29178126239131,3.76186163440573));
#2465=CARTESIAN_POINT('Ctrl Pts',(6.92832289066772,-7.21122063054615,3.89449741901059));
#2466=CARTESIAN_POINT('Ctrl Pts',(6.97131724509116,-7.16956175459323,3.93100239887184));
#2467=CARTESIAN_POINT('Ctrl Pts',(7.02144769065836,-7.12039281476697,3.96503350783718));
#2468=CARTESIAN_POINT('Ctrl Pts',(7.04714193919262,-7.09505741827572,3.97966187905962));
#2469=CARTESIAN_POINT('Ctrl Pts',(7.09115303789894,-7.0509459692331,3.99301199902456));
#2470=CARTESIAN_POINT('Ctrl Pts',(7.10329940642197,-7.03870996846802,3.99572596096891));
#2471=CARTESIAN_POINT('Ctrl Pts',(7.12128900570197,-7.02049223830867,3.99834533669373));
#2472=CARTESIAN_POINT('Ctrl Pts',(7.12710844770825,-7.01458438387344,3.99897755765929));
#2473=CARTESIAN_POINT('Ctrl Pts',(7.13868819429565,-7.00279932976336,3.99980788499246));
#2474=CARTESIAN_POINT('Ctrl Pts',(7.1443081269514,-6.99706526873957,4.));
#2475=CARTESIAN_POINT('Ctrl Pts',(7.1497681037631,-6.99148167861518,4.));
#2476=CARTESIAN_POINT('',(-3.40822826152273,9.40127545162664,4.));
#2477=CARTESIAN_POINT('',(1.81109358463035,9.83462963347938,-3.99536115133127));
#2478=CARTESIAN_POINT('Ctrl Pts',(-3.40822826152273,9.40127545162664,4.));
#2479=CARTESIAN_POINT('Ctrl Pts',(-3.40090018782364,9.40393208561341,4.));
#2480=CARTESIAN_POINT('Ctrl Pts',(-3.3933631290688,9.40665477249145,3.99980860773359));
#2481=CARTESIAN_POINT('Ctrl Pts',(-3.3778464750545,9.41223787567651,3.99898142131351));
#2482=CARTESIAN_POINT('Ctrl Pts',(-3.37005511305626,9.41503035807201,3.99835162106325));
#2483=CARTESIAN_POINT('Ctrl Pts',(-3.34599034106839,9.42362180453176,3.99574243846006));
#2484=CARTESIAN_POINT('Ctrl Pts',(-3.32976999575572,9.42936483135973,3.99303920027185));
#2485=CARTESIAN_POINT('Ctrl Pts',(-3.27097646734584,9.45001404272375,3.97971590128723));
#2486=CARTESIAN_POINT('Ctrl Pts',(-3.23688178137037,9.46167571631319,3.9651063125813));
#2487=CARTESIAN_POINT('Ctrl Pts',(-3.17045784721149,9.48420197362791,3.93118925420393));
#2488=CARTESIAN_POINT('Ctrl Pts',(-3.11370726022273,9.50306218751153,3.89477862125064));
#2489=CARTESIAN_POINT('Ctrl Pts',(-2.93596191811277,9.56016158282022,3.68349597336129));
#2490=CARTESIAN_POINT('Ctrl Pts',(-2.85261033673762,9.58470157682865,3.33945510223952));
#2491=CARTESIAN_POINT('Ctrl Pts',(-2.64594456249264,9.64480913564313,2.70423835515625));
#2492=CARTESIAN_POINT('Ctrl Pts',(-2.45362593057469,9.69799319755238,2.09947169635529));
#2493=CARTESIAN_POINT('Ctrl Pts',(-1.65966750932774,9.87645327143289,0.35249923368907));
#2494=CARTESIAN_POINT('Ctrl Pts',(-0.889478655860313,9.98829683539107,-0.578899062209433));
#2495=CARTESIAN_POINT('Ctrl Pts',(0.708934193917671,10.0111670248221,-2.0892027609607));
#2496=CARTESIAN_POINT('Ctrl Pts',(1.41986794694899,9.92237099470016,-2.47218345692594));
#2497=CARTESIAN_POINT('Ctrl Pts',(2.1364377182814,9.76923215465991,-2.94116432076873));
#2498=CARTESIAN_POINT('Ctrl Pts',(2.18466094719267,9.75854616147444,-2.96923968214211));
#2499=CARTESIAN_POINT('Ctrl Pts',(2.27828643678585,9.73714963550167,-3.04498722779422));
#2500=CARTESIAN_POINT('Ctrl Pts',(2.32085286074425,9.72700894515527,-3.09823138707392));
#2501=CARTESIAN_POINT('Ctrl Pts',(2.3804408722683,9.71258600859332,-3.20649371832762));
#2502=CARTESIAN_POINT('Ctrl Pts',(2.40510808105487,9.70647190516121,-3.26993631540945));
#2503=CARTESIAN_POINT('Ctrl Pts',(2.42755117598724,9.70088249853792,-3.41367892936503));
#2504=CARTESIAN_POINT('Ctrl Pts',(2.42650982409531,9.70115447191291,-3.48833586399158));
#2505=CARTESIAN_POINT('Ctrl Pts',(2.39466821049207,9.70905579576964,-3.62486291132347));
#2506=CARTESIAN_POINT('Ctrl Pts',(2.36853567759501,9.71559424071338,-3.69728448652099));
#2507=CARTESIAN_POINT('Ctrl Pts',(2.28578070550201,9.73531109671115,-3.81351246923789));
#2508=CARTESIAN_POINT('Ctrl Pts',(2.2372680304578,9.74678921594007,-3.8682011270661));
#2509=CARTESIAN_POINT('Ctrl Pts',(2.12088826445578,9.77261516420324,-3.94329388708785));
#2510=CARTESIAN_POINT('Ctrl Pts',(2.05985558217792,9.78584906812332,-3.97309439431005));
#2511=CARTESIAN_POINT('Ctrl Pts',(1.94451169637877,9.80920859883163,-3.99699473368437));
#2512=CARTESIAN_POINT('Ctrl Pts',(1.88589642998879,9.82085433553836,-4.00434148733371));
#2513=CARTESIAN_POINT('Ctrl Pts',(1.81109358463035,9.83462963347938,-3.99536115133127));
#2514=CARTESIAN_POINT('Ctrl Pts',(1.81109358463035,9.83462963347938,-3.99536115133127));
#2515=CARTESIAN_POINT('Ctrl Pts',(1.80250552420866,9.83621116544488,-3.99433012546819));
#2516=CARTESIAN_POINT('Ctrl Pts',(1.79383659521492,9.83779596773549,-3.9930943017923));
#2517=CARTESIAN_POINT('Ctrl Pts',(1.78507826444102,9.83938491928333,-3.99168365306009));
#2518=CARTESIAN_POINT('Ctrl Pts',(1.76129131066184,9.84370038966251,-3.98785243943524));
#2519=CARTESIAN_POINT('Ctrl Pts',(1.73690559648874,9.84803444049182,-3.9827286060455));
#2520=CARTESIAN_POINT('Ctrl Pts',(1.71230652320138,9.85230969725384,-3.97628314974773));
#2521=CARTESIAN_POINT('Ctrl Pts',(1.68873855953378,9.85640574977012,-3.97010786509078));
#2522=CARTESIAN_POINT('Ctrl Pts',(1.66497309208965,9.86044809298165,-3.96275146929629));
#2523=CARTESIAN_POINT('Ctrl Pts',(1.64138111135157,9.86437367739576,-3.95430551595019));
#2524=CARTESIAN_POINT('Ctrl Pts',(1.61790532697736,9.86827992733175,-3.94590116102175));
#2525=CARTESIAN_POINT('Ctrl Pts',(1.59460114975178,9.87207027447383,-3.93640715554726));
#2526=CARTESIAN_POINT('Ctrl Pts',(1.5719875705987,9.87566985464192,-3.92561744117119));
#2527=CARTESIAN_POINT('Ctrl Pts',(1.41009136519871,9.90144013922634,-3.84837120770195));
#2528=CARTESIAN_POINT('Ctrl Pts',(1.27253581229245,9.91888975180829,-3.78633192199381));
#2529=CARTESIAN_POINT('Ctrl Pts',(1.21198302720785,9.92628314837735,-3.75852013515299));
#2530=CARTESIAN_POINT('Ctrl Pts',(1.15236639090876,9.93356224270235,-3.73113831978975));
#2531=CARTESIAN_POINT('Ctrl Pts',(1.09300523217146,9.94026574658846,-3.7037808570389));
#2532=CARTESIAN_POINT('Ctrl Pts',(1.03379645590277,9.9464197019713,-3.67605630303935));
#2533=CARTESIAN_POINT('Ctrl Pts',(0.89845447161571,9.96048667962589,-3.61268231715007));
#2534=CARTESIAN_POINT('Ctrl Pts',(0.774622267231013,9.97105277004498,-3.55303388760947));
#2535=CARTESIAN_POINT('Ctrl Pts',(0.62681555002202,9.98033577923361,-3.47648876807718));
#2536=CARTESIAN_POINT('Ctrl Pts',(0.590132631508026,9.98263965199435,-3.45749167217066));
#2537=CARTESIAN_POINT('Ctrl Pts',(0.548402340100494,9.98505876944536,-3.43556209062816));
#2538=CARTESIAN_POINT('Ctrl Pts',(0.502160042259971,9.98738380618055,-3.41059148872759));
#2539=CARTESIAN_POINT('Ctrl Pts',(0.366207541049705,9.99421942150063,-3.33717784053875));
#2540=CARTESIAN_POINT('Ctrl Pts',(0.191279537068534,10.0001782740107,-3.23743121239241));
#2541=CARTESIAN_POINT('Ctrl Pts',(-0.00910344629041618,9.99999585636242,
-3.10879017236581));
#2542=CARTESIAN_POINT('Ctrl Pts',(-0.159126712244283,9.99985928343144,-3.01247885572112));
#2543=CARTESIAN_POINT('Ctrl Pts',(-0.326542669769773,9.99609553588809,-2.89761170878422));
#2544=CARTESIAN_POINT('Ctrl Pts',(-0.495320682450851,9.98772533771011,-2.77046979299351));
#2545=CARTESIAN_POINT('Ctrl Pts',(-0.810856666347739,9.97207697999131,-2.53277384636947));
#2546=CARTESIAN_POINT('Ctrl Pts',(-1.10604255867949,9.94249507676293,-2.2726824574305));
#2547=CARTESIAN_POINT('Ctrl Pts',(-1.38005129147858,9.9043151420423,-1.9926471257144));
#2548=CARTESIAN_POINT('Ctrl Pts',(-1.65330709736197,9.86624011894326,-1.71338128092831));
#2549=CARTESIAN_POINT('Ctrl Pts',(-1.90544003406312,9.81960952737274,-1.41419868932353));
#2550=CARTESIAN_POINT('Ctrl Pts',(-2.13545126133131,9.76933200943025,-1.09741685740063));
#2551=CARTESIAN_POINT('Ctrl Pts',(-2.37903030146483,9.71608874080299,-0.761948821914053));
#2552=CARTESIAN_POINT('Ctrl Pts',(-2.58287189688861,9.66233644663084,-0.42744608251765));
#2553=CARTESIAN_POINT('Ctrl Pts',(-2.75476289286425,9.61307866420005,-0.103981557764746));
#2554=CARTESIAN_POINT('Ctrl Pts',(-2.94956590557882,9.55725512113026,0.262598806555675));
#2555=CARTESIAN_POINT('Ctrl Pts',(-3.10630073398209,9.50632154197039,0.61936999326043));
#2556=CARTESIAN_POINT('Ctrl Pts',(-3.23758426566753,9.46139778905327,0.971403534617807));
#2557=CARTESIAN_POINT('Ctrl Pts',(-3.38104821802973,9.41230603271725,1.35609857259255));
#2558=CARTESIAN_POINT('Ctrl Pts',(-3.49421645951674,9.37024670689775,1.73502570228031));
#2559=CARTESIAN_POINT('Ctrl Pts',(-3.59241585188239,9.33244600022653,2.11307070723522));
#2560=CARTESIAN_POINT('Ctrl Pts',(-3.64334258303813,9.31284235116347,2.30912687284185));
#2561=CARTESIAN_POINT('Ctrl Pts',(-3.69011953237625,9.29438089755519,2.50494673127365));
#2562=CARTESIAN_POINT('Ctrl Pts',(-3.73648350807799,9.27570433950227,2.70077410841997));
#2563=CARTESIAN_POINT('Ctrl Pts',(-3.79033431446308,9.25401190056826,2.92822358858197));
#2564=CARTESIAN_POINT('Ctrl Pts',(-3.84910119982688,9.22959292825248,3.17501952140059));
#2565=CARTESIAN_POINT('Ctrl Pts',(-3.87774489388292,9.21754276030032,3.29119136301291));
#2566=CARTESIAN_POINT('Ctrl Pts',(-3.88720136572769,9.21356449989364,3.32954450793939));
#2567=CARTESIAN_POINT('Ctrl Pts',(-3.8907008727199,9.21208178336253,3.36085141529501));
#2568=CARTESIAN_POINT('Ctrl Pts',(-3.89255789011519,9.21129703527695,3.3890308162849));
#2569=CARTESIAN_POINT('Ctrl Pts',(-3.89497661808825,9.21027491660903,3.42573392181926));
#2570=CARTESIAN_POINT('Ctrl Pts',(-3.89459912571623,9.21043503634917,3.45711095896773));
#2571=CARTESIAN_POINT('Ctrl Pts',(-3.89092484322316,9.21198696614302,3.49601505806378));
#2572=CARTESIAN_POINT('Ctrl Pts',(-3.88769075784222,9.21335296711545,3.53025825476481));
#2573=CARTESIAN_POINT('Ctrl Pts',(-3.88143025258319,9.21600011702098,3.56962231881316));
#2574=CARTESIAN_POINT('Ctrl Pts',(-3.86980453393484,9.22087918092073,3.61145898189612));
#2575=CARTESIAN_POINT('Ctrl Pts',(-3.85917730567069,9.22533919989645,3.64970244725439));
#2576=CARTESIAN_POINT('Ctrl Pts',(-3.84294134616236,9.23213183368969,3.69193039079799));
#2577=CARTESIAN_POINT('Ctrl Pts',(-3.8232011452931,9.24029940005352,3.72922063110092));
#2578=CARTESIAN_POINT('Ctrl Pts',(-3.76277521951673,9.265300805163,3.84336826858704));
#2579=CARTESIAN_POINT('Ctrl Pts',(-3.70114366750134,9.29005592413597,3.89272073502883));
#2580=CARTESIAN_POINT('Ctrl Pts',(-3.64524472242795,9.31193808579134,3.92906504190011));
#2581=CARTESIAN_POINT('Ctrl Pts',(-3.56868907787516,9.34190650447143,3.97883989605347));
#2582=CARTESIAN_POINT('Ctrl Pts',(-3.49483992305227,9.36987627455527,4.));
#2583=CARTESIAN_POINT('Ctrl Pts',(-3.40822826152273,9.40127545162664,4.));
#2584=CARTESIAN_POINT('',(-9.47520868690171,3.1969392142583,4.));
#2585=CARTESIAN_POINT('',(-6.55982468630632,7.54776126311147,-3.99536115122679));
#2586=CARTESIAN_POINT('Ctrl Pts',(-9.47520868690171,3.1969392142583,4.));
#2587=CARTESIAN_POINT('Ctrl Pts',(-9.47766854157648,3.18964860445283,4.));
#2588=CARTESIAN_POINT('Ctrl Pts',(-9.47992308252372,3.18294067059632,3.99981379723542));
#2589=CARTESIAN_POINT('Ctrl Pts',(-9.48458973015992,3.1690081482026,3.99909913280419));
#2590=CARTESIAN_POINT('Ctrl Pts',(-9.48693586819065,3.16197761788247,3.99856040549841));
#2591=CARTESIAN_POINT('Ctrl Pts',(-9.49398957044111,3.14076201568231,3.99641534404561));
#2592=CARTESIAN_POINT('Ctrl Pts',(-9.49866739620531,3.12658536126349,3.9942763246758));
#2593=CARTESIAN_POINT('Ctrl Pts',(-9.51267739938986,3.08380980070336,3.98575988623044));
#2594=CARTESIAN_POINT('Ctrl Pts',(-9.52184465968597,3.0553721139636,3.97723624690776));
#2595=CARTESIAN_POINT('Ctrl Pts',(-9.54459815346427,2.98375632568971,3.9481131199054));
#2596=CARTESIAN_POINT('Ctrl Pts',(-9.56195822493011,2.92789593094182,3.91749342477784));
#2597=CARTESIAN_POINT('Ctrl Pts',(-9.59036705112338,2.83308422801988,3.82267832799212));
#2598=CARTESIAN_POINT('Ctrl Pts',(-9.6041430380344,2.78599592420381,3.76545407617619));
#2599=CARTESIAN_POINT('Ctrl Pts',(-9.62526230818815,2.71218407926383,3.5992243460975));
#2600=CARTESIAN_POINT('Ctrl Pts',(-9.62829065309037,2.70111545599459,3.51558582379243));
#2601=CARTESIAN_POINT('Ctrl Pts',(-9.6299321469845,2.69525891903672,3.3647797043991));
#2602=CARTESIAN_POINT('Ctrl Pts',(-9.62532694352143,2.71276732422426,3.30654210527623));
#2603=CARTESIAN_POINT('Ctrl Pts',(-9.55557454996074,2.95309920796279,2.33519518201222));
#2604=CARTESIAN_POINT('Ctrl Pts',(-9.50751313434579,3.1171130988058,1.61022792743401));
#2605=CARTESIAN_POINT('Ctrl Pts',(-9.26041366831087,3.79436467892812,-0.125695950779917));
#2606=CARTESIAN_POINT('Ctrl Pts',(-9.0556823794306,4.29675425305109,-0.993754505660918));
#2607=CARTESIAN_POINT('Ctrl Pts',(-8.49330671422053,5.29910709708373,-2.25692910899206));
#2608=CARTESIAN_POINT('Ctrl Pts',(-8.20782163575783,5.7422738361692,-2.70718042927467));
#2609=CARTESIAN_POINT('Ctrl Pts',(-7.6613066539229,6.43368302932723,-3.2792456897335));
#2610=CARTESIAN_POINT('Ctrl Pts',(-7.47397259453841,6.65183885991399,-3.43847932090695));
#2611=CARTESIAN_POINT('Ctrl Pts',(-7.13803433687638,7.00529244557344,-3.67394817568192));
#2612=CARTESIAN_POINT('Ctrl Pts',(-7.02630320973214,7.1172264741352,-3.74538206013682));
#2613=CARTESIAN_POINT('Ctrl Pts',(-6.76613557735235,7.36625589941362,-3.9095557757924));
#2614=CARTESIAN_POINT('Ctrl Pts',(-6.66967775016176,7.45228701385731,-3.97817706266401));
#2615=CARTESIAN_POINT('Ctrl Pts',(-6.55982468630633,7.54776126311148,-3.99536115122679));
#2616=CARTESIAN_POINT('Ctrl Pts',(-6.55982468630632,7.54776126311148,-3.99536115122679));
#2617=CARTESIAN_POINT('Ctrl Pts',(-6.50642063023319,7.59417519078691,-4.00371503774542));
#2618=CARTESIAN_POINT('Ctrl Pts',(-6.4530367483488,7.63957130012727,-3.99940136759492));
#2619=CARTESIAN_POINT('Ctrl Pts',(-6.3494899381854,7.72582223354669,-3.96326354740233));
#2620=CARTESIAN_POINT('Ctrl Pts',(-6.30071461226242,7.76556606834835,-3.93299780077043));
#2621=CARTESIAN_POINT('Ctrl Pts',(-6.21010950095067,7.8382577857753,-3.84844335561878));
#2622=CARTESIAN_POINT('Ctrl Pts',(-6.1726630078092,7.86761638854637,-3.7945533479068));
#2623=CARTESIAN_POINT('Ctrl Pts',(-6.10909218501153,7.917143591373,-3.66978831568153));
#2624=CARTESIAN_POINT('Ctrl Pts',(-6.0899886091016,7.93171871621834,-3.59546681439707));
#2625=CARTESIAN_POINT('Ctrl Pts',(-6.07129243185309,7.9460407386857,-3.46420037145794));
#2626=CARTESIAN_POINT('Ctrl Pts',(-6.07122644029867,7.94609924730987,-3.38870244516095));
#2627=CARTESIAN_POINT('Ctrl Pts',(-6.09713964393056,7.92623101364504,-3.24062753126768));
#2628=CARTESIAN_POINT('Ctrl Pts',(-6.12091311693225,7.90798363736837,-3.17172613883598));
#2629=CARTESIAN_POINT('Ctrl Pts',(-6.19750455810484,7.84818176106538,-3.03296136552078));
#2630=CARTESIAN_POINT('Ctrl Pts',(-6.22710335227239,7.82466056413373,-3.00682538823443));
#2631=CARTESIAN_POINT('Ctrl Pts',(-6.29078264533757,7.77350094640969,-2.95369462356411));
#2632=CARTESIAN_POINT('Ctrl Pts',(-6.31844040463997,7.75103777808635,-2.93073250259212));
#2633=CARTESIAN_POINT('Ctrl Pts',(-6.46674228330175,7.62926174497576,-2.807992519792));
#2634=CARTESIAN_POINT('Ctrl Pts',(-6.58554155465801,7.52695966710604,-2.7110807135602));
#2635=CARTESIAN_POINT('Ctrl Pts',(-6.88736827244051,7.25443026124258,-2.45886326162968));
#2636=CARTESIAN_POINT('Ctrl Pts',(-7.265144882317,6.90052862757936,-2.16078285932075));
#2637=CARTESIAN_POINT('Ctrl Pts',(-8.21965013038208,5.75929207021302,-0.892999615011746));
#2638=CARTESIAN_POINT('Ctrl Pts',(-8.60278776263263,5.12547638110393,-0.0127996635317064));
#2639=CARTESIAN_POINT('Ctrl Pts',(-9.19976993083341,3.9915436026629,2.20746701711876));
#2640=CARTESIAN_POINT('Ctrl Pts',(-9.25417704960973,3.79497660804473,3.39017588758542));
#2641=CARTESIAN_POINT('Ctrl Pts',(-9.34428158435361,3.56181264295993,3.81931322572023));
#2642=CARTESIAN_POINT('Ctrl Pts',(-9.36293051330406,3.5124220336817,3.86847801006575));
#2643=CARTESIAN_POINT('Ctrl Pts',(-9.39250287715401,3.43263021264757,3.93378001054941));
#2644=CARTESIAN_POINT('Ctrl Pts',(-9.41023981270057,3.38383460068512,3.96090134956614));
#2645=CARTESIAN_POINT('Ctrl Pts',(-9.4364103382166,3.30979550587716,3.98563652493889));
#2646=CARTESIAN_POINT('Ctrl Pts',(-9.4445858477786,3.28640054257213,3.99128719311128));
#2647=CARTESIAN_POINT('Ctrl Pts',(-9.45661635726651,3.25154509657409,3.99666997974469));
#2648=CARTESIAN_POINT('Ctrl Pts',(-9.46045762361356,3.24035217197426,3.99795090022835));
#2649=CARTESIAN_POINT('Ctrl Pts',(-9.46803556361483,3.21814190360366,3.99961668485658));
#2650=CARTESIAN_POINT('Ctrl Pts',(-9.47167978219223,3.20739831476585,4.));
#2651=CARTESIAN_POINT('Ctrl Pts',(-9.47520868690171,3.1969392142583,4.));
#2652=CARTESIAN_POINT('',(5.2252175599693,8.52625952284989,4.));
#2653=CARTESIAN_POINT('',(8.81822144567864,4.71582130015264,-3.99536115122679));
#2654=CARTESIAN_POINT('Ctrl Pts',(5.2252175599693,8.52625952284989,4.));
#2655=CARTESIAN_POINT('Ctrl Pts',(5.21866007343208,8.53027820111223,4.));
#2656=CARTESIAN_POINT('Ctrl Pts',(5.21262474044314,8.5339672035194,3.99981396554915));
#2657=CARTESIAN_POINT('Ctrl Pts',(5.20008564434733,8.54161367859215,3.99909994035904));
#2658=CARTESIAN_POINT('Ctrl Pts',(5.19375632886916,8.54546369544504,3.99856169517982));
#2659=CARTESIAN_POINT('Ctrl Pts',(5.17465095591285,8.55705622763662,3.99641855057894));
#2660=CARTESIAN_POINT('Ctrl Pts',(5.1618764746562,8.56476791227385,3.99428144249239));
#2661=CARTESIAN_POINT('Ctrl Pts',(5.12330844707437,8.58793478753222,3.98577264144813));
#2662=CARTESIAN_POINT('Ctrl Pts',(5.09763513016046,8.60319358658631,3.97725670008079));
#2663=CARTESIAN_POINT('Ctrl Pts',(5.032768250922,8.64137792358016,3.94809872377044));
#2664=CARTESIAN_POINT('Ctrl Pts',(4.98223272363154,8.67069557794874,3.9174659960813));
#2665=CARTESIAN_POINT('Ctrl Pts',(4.89624345461293,8.71942114653948,3.8228492396507));
#2666=CARTESIAN_POINT('Ctrl Pts',(4.8533807363674,8.74334230840985,3.76564874156793));
#2667=CARTESIAN_POINT('Ctrl Pts',(4.78607072351269,8.78038414394407,3.5994753903239));
#2668=CARTESIAN_POINT('Ctrl Pts',(4.77592027619211,8.78581761944969,3.51586644780798));
#2669=CARTESIAN_POINT('Ctrl Pts',(4.77051595248284,8.78875370371583,3.36490818440529));
#2670=CARTESIAN_POINT('Ctrl Pts',(4.78658063585692,8.78035599367377,3.30656492678281));
#2671=CARTESIAN_POINT('Ctrl Pts',(5.00533163129505,8.65889629982344,2.33541932631409));
#2672=CARTESIAN_POINT('Ctrl Pts',(5.15455604936903,8.57553774929946,1.61023520937872));
#2673=CARTESIAN_POINT('Ctrl Pts',(5.75997882890689,8.1838332200533,-0.125937144093069));
#2674=CARTESIAN_POINT('Ctrl Pts',(6.20422509400911,7.87242574818529,-0.993966104025778));
#2675=CARTESIAN_POINT('Ctrl Pts',(7.05629395748934,7.10109146417598,-2.25706679706064));
#2676=CARTESIAN_POINT('Ctrl Pts',(7.42480252850157,6.72415937405057,-2.70727873871008));
#2677=CARTESIAN_POINT('Ctrl Pts',(7.97723386512637,6.03751854791641,-3.27929926632596));
#2678=CARTESIAN_POINT('Ctrl Pts',(8.14822470875608,5.8063451898389,-3.43852025578172));
#2679=CARTESIAN_POINT('Ctrl Pts',(8.41804217833744,5.40020549583869,-3.67396956852065));
#2680=CARTESIAN_POINT('Ctrl Pts',(8.5023016708289,5.26637569785366,-3.74539883715805));
#2681=CARTESIAN_POINT('Ctrl Pts',(8.6871905895312,4.95732159817904,-3.90956992293718));
#2682=CARTESIAN_POINT('Ctrl Pts',(8.74959232722469,4.84415244877547,-3.97817876156462));
#2683=CARTESIAN_POINT('Ctrl Pts',(8.81822144567864,4.71582130015264,-3.99536115122679));
#2684=CARTESIAN_POINT('Ctrl Pts',(8.81822144567864,4.71582130015264,-3.99536115122679));
#2685=CARTESIAN_POINT('Ctrl Pts',(8.85001848413975,4.65636329514771,-4.00332204475493));
#2686=CARTESIAN_POINT('Ctrl Pts',(8.87478035732378,4.60864739398657,-3.99825748156482));
#2687=CARTESIAN_POINT('Ctrl Pts',(8.92459910852108,4.51184212751048,-3.98016035175567));
#2688=CARTESIAN_POINT('Ctrl Pts',(8.94976481506757,4.4613058171077,-3.9559776560092));
#2689=CARTESIAN_POINT('Ctrl Pts',(9.00033596240615,4.35885075203062,-3.89553944681223));
#2690=CARTESIAN_POINT('Ctrl Pts',(9.02357312638802,4.31005925009611,-3.84546002030644));
#2691=CARTESIAN_POINT('Ctrl Pts',(9.06358169925513,4.22546093776693,-3.73460268928038));
#2692=CARTESIAN_POINT('Ctrl Pts',(9.07716856441717,4.19587812620507,-3.66663054085311));
#2693=CARTESIAN_POINT('Ctrl Pts',(9.09699135498054,4.15277328630906,-3.51586867446006));
#2694=CARTESIAN_POINT('Ctrl Pts',(9.09722134564257,4.15217756721105,-3.44055013426134));
#2695=CARTESIAN_POINT('Ctrl Pts',(9.09303776362424,4.16133427898351,-3.30901293840753));
#2696=CARTESIAN_POINT('Ctrl Pts',(9.08361188513741,4.18192672459166,-3.24299912123114));
#2697=CARTESIAN_POINT('Ctrl Pts',(9.05703515922082,4.23931082915549,-3.10783697292256));
#2698=CARTESIAN_POINT('Ctrl Pts',(9.03532064842666,4.28528764418774,-3.05512559705613));
#2699=CARTESIAN_POINT('Ctrl Pts',(9.01127151066091,4.3356472172185,-3.00264717451263));
#2700=CARTESIAN_POINT('Ctrl Pts',(9.00074851455465,4.35739221192567,-2.98688568152585));
#2701=CARTESIAN_POINT('Ctrl Pts',(8.67948752199353,5.01788637151543,-2.50939545307229));
#2702=CARTESIAN_POINT('Ctrl Pts',(8.292095183695,5.66064439897557,-2.12449672441049));
#2703=CARTESIAN_POINT('Ctrl Pts',(7.25063682000577,6.92690358493045,-0.572184782147592));
#2704=CARTESIAN_POINT('Ctrl Pts',(6.68326689490862,7.45869001538654,0.35918001743013));
#2705=CARTESIAN_POINT('Ctrl Pts',(6.05370889337966,7.96371635529629,2.09748452708151));
#2706=CARTESIAN_POINT('Ctrl Pts',(5.89418149755741,8.07974017095525,2.6922170145176));
#2707=CARTESIAN_POINT('Ctrl Pts',(5.71711465930806,8.20479112662208,3.3320502888993));
#2708=CARTESIAN_POINT('Ctrl Pts',(5.64551724365652,8.25500612150751,3.68104524157429));
#2709=CARTESIAN_POINT('Ctrl Pts',(5.48872201445886,8.35926361125059,3.89448744457518));
#2710=CARTESIAN_POINT('Ctrl Pts',(5.4385602214863,8.39189775716383,3.93099650636812));
#2711=CARTESIAN_POINT('Ctrl Pts',(5.37943305939686,8.42985293056669,3.96504070928141));
#2712=CARTESIAN_POINT('Ctrl Pts',(5.34901956251855,8.44926264895604,3.97966722393651));
#2713=CARTESIAN_POINT('Ctrl Pts',(5.2962204639768,8.48235457606708,3.99301468856843));
#2714=CARTESIAN_POINT('Ctrl Pts',(5.28159126326747,8.49147184453871,3.99572759015304));
#2715=CARTESIAN_POINT('Ctrl Pts',(5.25983145863706,8.5049539311903,3.99834595802585));
#2716=CARTESIAN_POINT('Ctrl Pts',(5.25277812172137,8.50931200988006,3.99897793965187));
#2717=CARTESIAN_POINT('Ctrl Pts',(5.2387144542213,8.51797736733056,3.99980795644774));
#2718=CARTESIAN_POINT('Ctrl Pts',(5.23187487845789,8.52217966375392,4.));
#2719=CARTESIAN_POINT('Ctrl Pts',(5.2252175599693,8.52625952284989,4.));
#2720=CARTESIAN_POINT('Ctrl Pts',(4.55700482264415,7.11670046674396,4.));
#2721=CARTESIAN_POINT('Ctrl Pts',(5.31180255700645,9.00823566775293,4.));
#2722=CARTESIAN_POINT('Ctrl Pts',(7.87838190530163,12.6225294692748,4.));
#2723=CARTESIAN_POINT('Ctrl Pts',(11.8385248014551,14.4153387354485,4.));
#2724=CARTESIAN_POINT('Ctrl Pts',(14.0214438108343,14.4951750166411,4.));
#2725=CARTESIAN_POINT('Ctrl Pts',(4.59484268615803,7.06925328663566,4.));
#2726=CARTESIAN_POINT('Ctrl Pts',(5.34638579559036,8.96486965822077,4.));
#2727=CARTESIAN_POINT('Ctrl Pts',(7.90635199335495,12.587456088215,4.));
#2728=CARTESIAN_POINT('Ctrl Pts',(11.8598817389778,14.3885579828611,4.));
#2729=CARTESIAN_POINT('Ctrl Pts',(14.0394422227564,14.4726057219499,4.));
#2730=CARTESIAN_POINT('Ctrl Pts',(4.6651518616604,6.98108836918193,3.98582916571573));
#2731=CARTESIAN_POINT('Ctrl Pts',(5.4081548919268,8.88764732434703,3.98737278297858));
#2732=CARTESIAN_POINT('Ctrl Pts',(7.95072065452986,12.5323650363883,3.99051585545546));
#2733=CARTESIAN_POINT('Ctrl Pts',(11.8866524835559,14.3552684786122,3.99366773545514));
#2734=CARTESIAN_POINT('Ctrl Pts',(14.0571462966805,14.4504055154339,3.99527170265974));
#2735=CARTESIAN_POINT('Ctrl Pts',(4.76434526086698,6.85670378081892,3.90526603799146));
#2736=CARTESIAN_POINT('Ctrl Pts',(5.49517268409144,8.77929849410235,3.91835481359676));
#2737=CARTESIAN_POINT('Ctrl Pts',(8.01284194527544,12.4562603777209,3.94497817873574));
#2738=CARTESIAN_POINT('Ctrl Pts',(11.9232281578284,14.3103241970786,3.9716390965213));
#2739=CARTESIAN_POINT('Ctrl Pts',(14.0803229174785,14.4213429521922,3.98519292383518));
#2740=CARTESIAN_POINT('Ctrl Pts',(4.82176607964867,6.78470035151058,3.82831592544061));
#2741=CARTESIAN_POINT('Ctrl Pts',(5.54594178949587,8.71643759970956,3.85255740954494));
#2742=CARTESIAN_POINT('Ctrl Pts',(8.04993184974819,12.4116223383794,3.90186450396214));
#2743=CARTESIAN_POINT('Ctrl Pts',(11.9459614109414,14.2827779228272,3.95123905742743));
#2744=CARTESIAN_POINT('Ctrl Pts',(14.0953209163785,14.4025360564273,3.97633922621907));
#2745=CARTESIAN_POINT('Ctrl Pts',(4.86188628749678,6.73439120213026,3.75176814305313));
#2746=CARTESIAN_POINT('Ctrl Pts',(5.58254737734358,8.67156001064945,3.78630030653605));
#2747=CARTESIAN_POINT('Ctrl Pts',(8.07918714649521,12.3773287535546,3.85654565531728));
#2748=CARTESIAN_POINT('Ctrl Pts',(11.9670006411211,14.2576228382614,3.92689656378537));
#2749=CARTESIAN_POINT('Ctrl Pts',(14.1116199505716,14.3820977140069,3.96266382607261));
#2750=CARTESIAN_POINT('Ctrl Pts',(4.88843436199435,6.70110096966899,3.68135501348671));
#2751=CARTESIAN_POINT('Ctrl Pts',(5.6075311166246,8.64147586307939,3.72546992994674));
#2752=CARTESIAN_POINT('Ctrl Pts',(8.10073855407487,12.3532093767704,3.81522106900423));
#2753=CARTESIAN_POINT('Ctrl Pts',(11.9840679055937,14.2377121443849,3.90512390930326));
#2754=CARTESIAN_POINT('Ctrl Pts',(14.1257203245528,14.3644164042883,3.95083784666669));
#2755=CARTESIAN_POINT('Ctrl Pts',(4.9063678764213,6.6786130538627,3.61798966580093));
#2756=CARTESIAN_POINT('Ctrl Pts',(5.62623502052943,8.61948377259755,3.66816676676913));
#2757=CARTESIAN_POINT('Ctrl Pts',(8.12070979280224,12.3315789750442,3.77027604288589));
#2758=CARTESIAN_POINT('Ctrl Pts',(12.0040709208979,14.2143805897479,3.8725910493934));
#2759=CARTESIAN_POINT('Ctrl Pts',(14.1449294111825,14.340328971532,3.92462861780709));
#2760=CARTESIAN_POINT('Ctrl Pts',(4.91407095565619,6.66895369802427,3.57994406107032));
#2761=CARTESIAN_POINT('Ctrl Pts',(5.634690020221,8.60999923435342,3.63445585727622));
#2762=CARTESIAN_POINT('Ctrl Pts',(8.13046477089104,12.3219558960485,3.74540357071604));
#2763=CARTESIAN_POINT('Ctrl Pts',(12.0141812000597,14.2030417931067,3.85659819016151));
#2764=CARTESIAN_POINT('Ctrl Pts',(14.1546007716686,14.3282014690711,3.91316059444491));
#2765=CARTESIAN_POINT('Ctrl Pts',(4.94622525588434,6.62863348085288,3.39584318430242));
#2766=CARTESIAN_POINT('Ctrl Pts',(5.68499171599992,8.55296699515537,3.43830265649789));
#2767=CARTESIAN_POINT('Ctrl Pts',(8.21640838622561,12.2282960269348,3.52492650619726));
#2768=CARTESIAN_POINT('Ctrl Pts',(12.130658244004,14.0642255229507,3.6120195381716));
#2769=CARTESIAN_POINT('Ctrl Pts',(14.2832350906037,14.1668991350643,3.65642427224954));
#2770=CARTESIAN_POINT('Ctrl Pts',(5.0007516593253,6.56025953358251,3.06564523200938));
#2771=CARTESIAN_POINT('Ctrl Pts',(5.77412370361895,8.4580431464856,3.08380274468691));
#2772=CARTESIAN_POINT('Ctrl Pts',(8.37242245781376,12.0719834172018,3.12150372893292));
#2773=CARTESIAN_POINT('Ctrl Pts',(12.3393173524224,13.8227559384117,3.16028733968445));
#2774=CARTESIAN_POINT('Ctrl Pts',(14.5092958369998,13.8834279251812,3.18038542810812));
#2775=CARTESIAN_POINT('Ctrl Pts',(5.08063168936105,6.46009314414638,2.57766539805642));
#2776=CARTESIAN_POINT('Ctrl Pts',(5.91156751129781,8.32670061728795,2.55461294298125));
#2777=CARTESIAN_POINT('Ctrl Pts',(8.61847352139827,11.8591755030726,2.50965059097152));
#2778=CARTESIAN_POINT('Ctrl Pts',(12.6593131017515,13.4706232096839,2.46721050334088));
#2779=CARTESIAN_POINT('Ctrl Pts',(14.8441171178496,13.4635753187901,2.44659273285137));
#2780=CARTESIAN_POINT('Ctrl Pts',(5.16707315356526,6.35169897650481,2.09889906424108));
#2781=CARTESIAN_POINT('Ctrl Pts',(6.06158277043396,8.19324181958386,2.0329562719169));
#2782=CARTESIAN_POINT('Ctrl Pts',(8.88652855646821,11.6506365338522,1.90221496910865));
#2783=CARTESIAN_POINT('Ctrl Pts',(12.9992047400445,13.1098930598861,1.7758367287364));
#2784=CARTESIAN_POINT('Ctrl Pts',(15.1901947053598,13.0296077502983,1.71327336394201));
#2785=CARTESIAN_POINT('Ctrl Pts',(5.26463086945151,6.22936547015049,1.63124143385601));
#2786=CARTESIAN_POINT('Ctrl Pts',(6.2295623160901,8.04881182374834,1.5238352257022));
#2787=CARTESIAN_POINT('Ctrl Pts',(9.18411102355248,11.4320473524464,1.3104250228523));
#2788=CARTESIAN_POINT('Ctrl Pts',(13.3704127501994,12.7237376341136,1.10350152933418));
#2789=CARTESIAN_POINT('Ctrl Pts',(15.5620852593248,12.5632717456748,1.00082059971366));
#2790=CARTESIAN_POINT('Ctrl Pts',(5.37785965453337,6.0873810645761,1.17658771019385));
#2791=CARTESIAN_POINT('Ctrl Pts',(6.42149033754317,7.88381416542622,1.0344338493298));
#2792=CARTESIAN_POINT('Ctrl Pts',(9.52053732421906,11.1868405248098,0.752123207906951));
#2793=CARTESIAN_POINT('Ctrl Pts',(13.7873521429784,12.2915740582901,0.478587460206149));
#2794=CARTESIAN_POINT('Ctrl Pts',(15.9779502000133,12.0417936042271,0.34292595473666));
#2795=CARTESIAN_POINT('Ctrl Pts',(5.50484971433498,5.92814056630746,0.734097742180511));
#2796=CARTESIAN_POINT('Ctrl Pts',(6.63540388558457,7.69861777672113,0.567825918081398));
#2797=CARTESIAN_POINT('Ctrl Pts',(9.89416434037125,10.9121914198768,0.238247986769986));
#2798=CARTESIAN_POINT('Ctrl Pts',(14.2504660282998,11.8103396678394,-0.0802206402790916));
#2799=CARTESIAN_POINT('Ctrl Pts',(16.4404491921672,11.4618382118571,-0.237835581274001));
#2800=CARTESIAN_POINT('Ctrl Pts',(5.64369125438048,5.75403878187041,0.302931378741896));
#2801=CARTESIAN_POINT('Ctrl Pts',(6.86664919572427,7.49696576537557,0.122306330576946));
#2802=CARTESIAN_POINT('Ctrl Pts',(10.2951906064608,10.6155056507066,-0.23475136894094));
#2803=CARTESIAN_POINT('Ctrl Pts',(14.7465716364601,11.2940581107964,-0.578437438850599));
#2804=CARTESIAN_POINT('Ctrl Pts',(16.9358393040181,10.8406386599258,-0.748019961257144));
#2805=CARTESIAN_POINT('Ctrl Pts',(5.84564226998616,5.5008002181502,-0.256194290511297));
#2806=CARTESIAN_POINT('Ctrl Pts',(7.1961518404488,7.20579002054123,-0.443908499800873));
#2807=CARTESIAN_POINT('Ctrl Pts',(10.8590462368178,10.1932812345296,-0.813313379487819));
#2808=CARTESIAN_POINT('Ctrl Pts',(15.4415666098982,10.5687370750801,-1.16658405782379));
#2809=CARTESIAN_POINT('Ctrl Pts',(17.6297197375531,9.97054011719261,-1.34000936618616));
#2810=CARTESIAN_POINT('Ctrl Pts',(6.13156094717736,5.14226953715543,-0.92429983102101));
#2811=CARTESIAN_POINT('Ctrl Pts',(7.64366865225884,6.79986272388811,-1.1020452753663));
#2812=CARTESIAN_POINT('Ctrl Pts',(11.60335950459,9.62235423473956,-1.44919734580493));
#2813=CARTESIAN_POINT('Ctrl Pts',(16.3513037276147,9.61395443330603,-1.7775337699223));
#2814=CARTESIAN_POINT('Ctrl Pts',(18.5372586281709,8.83252234347167,-1.93730136118489));
#2815=CARTESIAN_POINT('Ctrl Pts',(6.46551639284392,4.7235026537431,-1.54366746117805));
#2816=CARTESIAN_POINT('Ctrl Pts',(8.13015879086596,6.3347564419291,-1.69671245775891));
#2817=CARTESIAN_POINT('Ctrl Pts',(12.3703742795191,8.99889632706726,-1.99303186263598));
#2818=CARTESIAN_POINT('Ctrl Pts',(17.2761057750971,8.6279311539978,-2.26967194479525));
#2819=CARTESIAN_POINT('Ctrl Pts',(19.4616089598914,7.67342368938864,-2.40286486697471));
#2820=CARTESIAN_POINT('Ctrl Pts',(6.7679958528563,4.34420540792997,-1.99797533233841));
#2821=CARTESIAN_POINT('Ctrl Pts',(8.54266998139313,5.91887531442014,-2.12959825924386));
#2822=CARTESIAN_POINT('Ctrl Pts',(12.9859281632892,8.46371611497945,-2.38303979730378));
#2823=CARTESIAN_POINT('Ctrl Pts',(18.0087591940569,7.83068829498347,-2.61767497805066));
#2824=CARTESIAN_POINT('Ctrl Pts',(20.1972672237602,6.75093740442345,-2.72985931301925));
#2825=CARTESIAN_POINT('Ctrl Pts',(7.0144048207291,4.03521833537306,-2.31139080604438));
#2826=CARTESIAN_POINT('Ctrl Pts',(8.86410263829178,5.58248519080116,-2.42843792719581));
#2827=CARTESIAN_POINT('Ctrl Pts',(13.4463300228654,8.04204105811731,-2.65342063098534));
#2828=CARTESIAN_POINT('Ctrl Pts',(18.5515626511545,7.22991487997155,-2.86115196612081));
#2829=CARTESIAN_POINT('Ctrl Pts',(20.7447287798717,6.06444232666454,-2.96024987501445));
#2830=CARTESIAN_POINT('Ctrl Pts',(7.27327095777542,3.71061046675303,-2.61097129360717));
#2831=CARTESIAN_POINT('Ctrl Pts',(9.19046407103111,5.22845207058683,-2.71394073328766));
#2832=CARTESIAN_POINT('Ctrl Pts',(13.898718206618,7.60365545344941,-2.91223534944141));
#2833=CARTESIAN_POINT('Ctrl Pts',(19.0830661410513,6.6295781424565,-3.09585216154992));
#2834=CARTESIAN_POINT('Ctrl Pts',(21.285537053157,5.386290201685,-3.1836580712269));
#2835=CARTESIAN_POINT('Ctrl Pts',(7.44874226737984,3.49057640411135,-2.81500618514802));
#2836=CARTESIAN_POINT('Ctrl Pts',(9.40603314320416,4.98590776182629,-2.90760950657201));
#2837=CARTESIAN_POINT('Ctrl Pts',(14.1902055173863,7.30297313984652,-3.08668322548935));
#2838=CARTESIAN_POINT('Ctrl Pts',(19.426812431962,6.23180559586356,-3.25355277496354));
#2839=CARTESIAN_POINT('Ctrl Pts',(21.6402222465963,4.94152903675592,-3.33377111963954));
#2840=CARTESIAN_POINT('Ctrl Pts',(7.55722582142911,3.35454233004488,-2.94604532947562));
#2841=CARTESIAN_POINT('Ctrl Pts',(9.53780410950565,4.83465136698152,-3.03166897488162));
#2842=CARTESIAN_POINT('Ctrl Pts',(14.3665136080301,7.11452435141353,-3.19789546009476));
#2843=CARTESIAN_POINT('Ctrl Pts',(19.6357187825796,5.98659352230437,-3.35371021267292));
#2844=CARTESIAN_POINT('Ctrl Pts',(21.857797344763,4.66869849319177,-3.42897924400571));
#2845=CARTESIAN_POINT('Ctrl Pts',(7.59869347835889,3.30254353295913,-3.00693022026353));
#2846=CARTESIAN_POINT('Ctrl Pts',(9.58237706823202,4.7838627293803,-3.09215872606415));
#2847=CARTESIAN_POINT('Ctrl Pts',(14.4163827180473,7.06390602094267,-3.25811620173175));
#2848=CARTESIAN_POINT('Ctrl Pts',(19.6865215731508,5.92900395428316,-3.41437879740879));
#2849=CARTESIAN_POINT('Ctrl Pts',(21.9061910127465,4.60801475294643,-3.49014119399905));
#2850=CARTESIAN_POINT('Ctrl Pts',(7.65142284798571,3.23642299481715,-3.13398839628928));
#2851=CARTESIAN_POINT('Ctrl Pts',(9.63566971470266,4.7237651607559,-3.21446277149956));
#2852=CARTESIAN_POINT('Ctrl Pts',(14.4694896550445,7.01302166243802,-3.37161590501777));
#2853=CARTESIAN_POINT('Ctrl Pts',(19.7336803344176,5.87793099257156,-3.5202231037656));
#2854=CARTESIAN_POINT('Ctrl Pts',(21.9465152089346,4.55744981027841,-3.59252387995055));
#2855=CARTESIAN_POINT('Ctrl Pts',(7.68660343704089,3.19230793148633,-3.30180764944076));
#2856=CARTESIAN_POINT('Ctrl Pts',(9.66901361365774,4.68772692821488,-3.37155959662241));
#2857=CARTESIAN_POINT('Ctrl Pts',(14.4979673103916,6.99079058015316,-3.50783733643841));
#2858=CARTESIAN_POINT('Ctrl Pts',(19.7523348068617,5.86145638803141,-3.63679337968226));
#2859=CARTESIAN_POINT('Ctrl Pts',(21.9568942766639,4.54443487100402,-3.69956835305649));
#2860=CARTESIAN_POINT('Ctrl Pts',(7.68748042976503,3.19120821739385,-3.50421118102382));
#2861=CARTESIAN_POINT('Ctrl Pts',(9.66994106963431,4.69135325610475,-3.55624030166427));
#2862=CARTESIAN_POINT('Ctrl Pts',(14.4980649738401,7.0018488490667,-3.65747565679561));
#2863=CARTESIAN_POINT('Ctrl Pts',(19.7474755525625,5.87328770339326,-3.75269047325554));
#2864=CARTESIAN_POINT('Ctrl Pts',(21.9467739911245,4.55712530767621,-3.7988124564102));
#2865=CARTESIAN_POINT('Ctrl Pts',(7.6400186317599,3.25072342964644,-3.71573697375172));
#2866=CARTESIAN_POINT('Ctrl Pts',(9.62685153970384,4.74916199388806,-3.74680820436839));
#2867=CARTESIAN_POINT('Ctrl Pts',(14.4631350117937,7.05446517113645,-3.80648626999786));
#2868=CARTESIAN_POINT('Ctrl Pts',(19.7174321343697,5.91548513023103,-3.86152350128362));
#2869=CARTESIAN_POINT('Ctrl Pts',(21.9170275212215,4.59442620112002,-3.88775289129689));
#2870=CARTESIAN_POINT('Ctrl Pts',(7.54416053956353,3.37092567530471,-3.88689035848372));
#2871=CARTESIAN_POINT('Ctrl Pts',(9.54015773050373,4.86060685254535,-3.90009217359257));
#2872=CARTESIAN_POINT('Ctrl Pts',(14.3945514446405,7.14684941238172,-3.92454820509592));
#2873=CARTESIAN_POINT('Ctrl Pts',(19.6645641735354,5.98505532672368,-3.9458232797347));
#2874=CARTESIAN_POINT('Ctrl Pts',(21.8705309400508,4.65273106974496,-3.95544792923107));
#2875=CARTESIAN_POINT('Ctrl Pts',(7.4250274212327,3.52031388059362,-3.98316746479918));
#2876=CARTESIAN_POINT('Ctrl Pts',(9.43110865857474,4.99901363685497,-3.98701867217829));
#2877=CARTESIAN_POINT('Ctrl Pts',(14.3057010506638,7.26214791687493,-3.99362316097675));
#2878=CARTESIAN_POINT('Ctrl Pts',(19.5944204971991,6.07500581335854,-3.99858837026567));
#2879=CARTESIAN_POINT('Ctrl Pts',(21.8088684362034,4.73005340389063,-4.00050186800484));
#2880=CARTESIAN_POINT('Ctrl Pts',(7.34740199718514,3.61765308354352,-4.));
#2881=CARTESIAN_POINT('Ctrl Pts',(9.35805892673507,5.09099117981814,-4.00084671657599));
#2882=CARTESIAN_POINT('Ctrl Pts',(14.2419048384036,7.34302379260274,-4.00215318473388));
#2883=CARTESIAN_POINT('Ctrl Pts',(19.5395011393303,6.14432308076935,-4.00290377601918));
#2884=CARTESIAN_POINT('Ctrl Pts',(21.7581822453439,4.79361187689565,-4.0030787583785));
#2885=CARTESIAN_POINT('Ctrl Pts',(7.29057135247102,3.68891645797883,-4.));
#2886=CARTESIAN_POINT('Ctrl Pts',(9.30345075205993,5.15946766497291,-3.9980777931353));
#2887=CARTESIAN_POINT('Ctrl Pts',(14.1918385895811,7.40580488288166,-3.99440802712935));
#2888=CARTESIAN_POINT('Ctrl Pts',(19.4939300420077,6.2014674293556,-3.99105515765239));
#2889=CARTESIAN_POINT('Ctrl Pts',(21.7148410660312,4.84795999674136,-3.98946994086053));
#2890=CARTESIAN_POINT('Ctrl Pts',(7.25749695733643,3.73039043766976,-3.99516908743865));
#2891=CARTESIAN_POINT('Ctrl Pts',(9.27001733572926,5.20127193056824,-3.99185980123933));
#2892=CARTESIAN_POINT('Ctrl Pts',(14.1577186188342,7.44831003570233,-3.98583682293003));
#2893=CARTESIAN_POINT('Ctrl Pts',(19.4591916260341,6.24488436014763,-3.98075540773631));
#2894=CARTESIAN_POINT('Ctrl Pts',(21.679817373657,4.89187831785707,-3.97852406733781));
#2895=CARTESIAN_POINT('Ctrl Pts',(7.21441474183532,3.78441382716683,-3.98096472332456));
#2896=CARTESIAN_POINT('Ctrl Pts',(9.22264832100585,5.26013637043707,-3.97597604390748));
#2897=CARTESIAN_POINT('Ctrl Pts',(14.1017746645863,7.51721391107073,-3.967218336539));
#2898=CARTESIAN_POINT('Ctrl Pts',(19.395076719484,6.32464162359841,-3.9603121084446));
#2899=CARTESIAN_POINT('Ctrl Pts',(21.611794920733,4.97717577589426,-3.95749157157516));
#2900=CARTESIAN_POINT('Ctrl Pts',(7.17493221001654,3.83392335609805,-3.9600378772784));
#2901=CARTESIAN_POINT('Ctrl Pts',(9.17474569054038,5.31932056624006,-3.95349691703708));
#2902=CARTESIAN_POINT('Ctrl Pts',(14.0369685893692,7.59641490916944,-3.94224281264662));
#2903=CARTESIAN_POINT('Ctrl Pts',(19.31406860585,6.42516371606846,-3.93372331566021));
#2904=CARTESIAN_POINT('Ctrl Pts',(21.5229966394151,5.08852529871954,-3.93041107877087));
#2905=CARTESIAN_POINT('Ctrl Pts',(7.14903163636561,3.86640164817905,-3.94122044468673));
#2906=CARTESIAN_POINT('Ctrl Pts',(9.14354706919255,5.35762373348044,-3.93463165537962));
#2907=CARTESIAN_POINT('Ctrl Pts',(13.9951877772916,7.64689520222701,-3.92370569208541));
#2908=CARTESIAN_POINT('Ctrl Pts',(19.262368550457,6.48901270467491,-3.91608542672481));
#2909=CARTESIAN_POINT('Ctrl Pts',(21.4666798667936,5.15914429793204,-3.91344172297428));
#2910=CARTESIAN_POINT('Ctrl Pts',(7.03265822182601,4.01232929437009,-3.84215159555475));
#2911=CARTESIAN_POINT('Ctrl Pts',(9.00941177455663,5.52172087650994,-3.8396859291897));
#2912=CARTESIAN_POINT('Ctrl Pts',(13.8258675913387,7.8496370319573,-3.8389823840971));
#2913=CARTESIAN_POINT('Ctrl Pts',(19.0612068652987,6.73634551020208,-3.84406123077026));
#2914=CARTESIAN_POINT('Ctrl Pts',(21.2514799036954,5.4289965163237,-3.84878560346652));
#2915=CARTESIAN_POINT('Ctrl Pts',(6.82401695122319,4.27395717250556,-3.67563274641664));
#2916=CARTESIAN_POINT('Ctrl Pts',(8.76679702240718,5.8117856363539,-3.67974441946432));
#2917=CARTESIAN_POINT('Ctrl Pts',(13.5172085939924,8.20361591497766,-3.69527929262423));
#2918=CARTESIAN_POINT('Ctrl Pts',(18.6982966508983,7.1744502607727,-3.72045519575701));
#2919=CARTESIAN_POINT('Ctrl Pts',(20.8686645161151,5.90903182899626,-3.7368173823672));
#2920=CARTESIAN_POINT('Ctrl Pts',(6.51989008831438,4.65532019621101,-3.40277551841384));
#2921=CARTESIAN_POINT('Ctrl Pts',(8.40310428580613,6.22839178217751,-3.41957353067401));
#2922=CARTESIAN_POINT('Ctrl Pts',(13.0406111602688,8.70915334807856,-3.46411205241275));
#2923=CARTESIAN_POINT('Ctrl Pts',(18.1419835332895,7.82478033248004,-3.52262315489137));
#2924=CARTESIAN_POINT('Ctrl Pts',(20.2935535564977,6.63019816211173,-3.55752165349753));
#2925=CARTESIAN_POINT('Ctrl Pts',(6.23350995655156,5.0144295229362,-3.08688128865874));
#2926=CARTESIAN_POINT('Ctrl Pts',(8.04852391724744,6.61783407644047,-3.11920211938086));
#2927=CARTESIAN_POINT('Ctrl Pts',(12.5587335776875,9.18457292872908,-3.19752796248194));
#2928=CARTESIAN_POINT('Ctrl Pts',(17.5794005075069,8.46411802709283,-3.29284229742842));
#2929=CARTESIAN_POINT('Ctrl Pts',(19.7205057411226,7.34877739417625,-3.34755031480491));
#2930=CARTESIAN_POINT('Ctrl Pts',(5.87599473429397,5.46273943175787,-2.61652232356079));
#2931=CARTESIAN_POINT('Ctrl Pts',(7.59017011942512,7.10131331234671,-2.67098193942359));
#2932=CARTESIAN_POINT('Ctrl Pts',(11.9140654435647,9.77987088606599,-2.7961202903368));
#2933=CARTESIAN_POINT('Ctrl Pts',(16.8256151237036,9.29997609959033,-2.94070185086355));
#2934=CARTESIAN_POINT('Ctrl Pts',(18.9619406023748,8.29998799169967,-3.0213411140208));
#2935=CARTESIAN_POINT('Ctrl Pts',(5.47888901114471,5.96069425844591,-1.94224578987928));
#2936=CARTESIAN_POINT('Ctrl Pts',(7.05097687347568,7.63632940195362,-2.02425993968963));
#2937=CARTESIAN_POINT('Ctrl Pts',(11.1147890260784,10.4527065951944,-2.20574682800892));
#2938=CARTESIAN_POINT('Ctrl Pts',(15.8857752197164,10.3094355684024,-2.40716005840864));
#2939=CARTESIAN_POINT('Ctrl Pts',(18.0291961249043,9.46961257162145,-2.51684082812072));
#2940=CARTESIAN_POINT('Ctrl Pts',(5.08431292145853,6.45547702510241,-1.0263211443019));
#2941=CARTESIAN_POINT('Ctrl Pts',(6.47042011413703,8.17149899180274,-1.1326207273051));
#2942=CARTESIAN_POINT('Ctrl Pts',(10.1953609826477,11.1554789931975,-1.36164360600593));
#2943=CARTESIAN_POINT('Ctrl Pts',(14.7909631295366,11.4512655113712,-1.60816229721504));
#2944=CARTESIAN_POINT('Ctrl Pts',(16.9527453033843,10.819439207252,-1.7398484923413));
#2945=CARTESIAN_POINT('Ctrl Pts',(4.76854578715614,6.85143648745502,-0.0304519010345187));
#2946=CARTESIAN_POINT('Ctrl Pts',(5.96612015315957,8.60728138701994,-0.14184058084426));
#2947=CARTESIAN_POINT('Ctrl Pts',(9.34771101917947,11.7594569635244,-0.377990708581685));
#2948=CARTESIAN_POINT('Ctrl Pts',(13.7667403087026,12.5000694940543,-0.627321965779642));
#2949=CARTESIAN_POINT('Ctrl Pts',(15.9484886666015,12.0787371986121,-0.758835951645795));
#2950=CARTESIAN_POINT('Ctrl Pts',(4.52495799149288,7.15688592195543,1.02532254192452));
#2951=CARTESIAN_POINT('Ctrl Pts',(5.54706026608434,8.95214025630895,0.936752663323019));
#2952=CARTESIAN_POINT('Ctrl Pts',(8.60857984174549,12.2646251968129,0.750746557304614));
#2953=CARTESIAN_POINT('Ctrl Pts',(12.8608311862996,13.4196391608408,0.556632023292179));
#2954=CARTESIAN_POINT('Ctrl Pts',(15.0586840658587,13.1945168762133,0.45504194336816));
#2955=CARTESIAN_POINT('Ctrl Pts',(4.37869112587007,7.34029877016067,1.9439043012871));
#2956=CARTESIAN_POINT('Ctrl Pts',(5.28116284157338,9.16478747857437,1.90254822822866));
#2957=CARTESIAN_POINT('Ctrl Pts',(8.123975692009,12.5903426199042,1.81539681442617));
#2958=CARTESIAN_POINT('Ctrl Pts',(12.2600501764518,14.0282931460648,1.72405745998669));
#2959=CARTESIAN_POINT('Ctrl Pts',(14.4663376941063,13.9372957325492,1.67611668640063));
#2960=CARTESIAN_POINT('Ctrl Pts',(4.27532376009959,7.46991734704552,2.69248992192951));
#2961=CARTESIAN_POINT('Ctrl Pts',(5.11035013728843,9.31006816624707,2.7038083073266));
#2962=CARTESIAN_POINT('Ctrl Pts',(7.83002133389722,12.7980744950432,2.7254668216252));
#2963=CARTESIAN_POINT('Ctrl Pts',(11.9014624492194,14.395386045659,2.74532665932498));
#2964=CARTESIAN_POINT('Ctrl Pts',(14.1134113594501,14.3798513583248,2.75474534731271));
#2965=CARTESIAN_POINT('Ctrl Pts',(4.22204172498127,7.53673090579385,3.06963475126451));
#2966=CARTESIAN_POINT('Ctrl Pts',(5.02907029526072,9.38841486269336,3.10697081328318));
#2967=CARTESIAN_POINT('Ctrl Pts',(7.69660704024497,12.9103345645213,3.18212961639808));
#2968=CARTESIAN_POINT('Ctrl Pts',(11.7359315015409,14.5747104836294,3.25634148839603));
#2969=CARTESIAN_POINT('Ctrl Pts',(13.9447380494459,14.5913609990923,3.29367912779346));
#2970=CARTESIAN_POINT('Ctrl Pts',(4.18890807719606,7.57827918595859,3.28860022205834));
#2971=CARTESIAN_POINT('Ctrl Pts',(4.98072308651059,9.43900393932345,3.34018142615239));
#2972=CARTESIAN_POINT('Ctrl Pts',(7.61937118997509,12.9837551316036,3.44455873809153));
#2973=CARTESIAN_POINT('Ctrl Pts',(11.6383292791299,14.6850753540687,3.54835630052243));
#2974=CARTESIAN_POINT('Ctrl Pts',(13.8423989514153,14.7196901690148,3.60085540949791));
#2975=CARTESIAN_POINT('Ctrl Pts',(4.18225777250098,7.5866184042796,3.35305373030749));
#2976=CARTESIAN_POINT('Ctrl Pts',(4.97256466920772,9.44663322025218,3.40544587289446));
#2977=CARTESIAN_POINT('Ctrl Pts',(7.60867297837124,12.9910980760769,3.5115420246657));
#2978=CARTESIAN_POINT('Ctrl Pts',(11.6272999327115,14.6957894427054,3.61715385943849));
#2979=CARTESIAN_POINT('Ctrl Pts',(13.832654390692,14.7319094616699,3.670609758708));
#2980=CARTESIAN_POINT('Ctrl Pts',(4.18294682911518,7.58575435461499,3.46232937572987));
#2981=CARTESIAN_POINT('Ctrl Pts',(4.9722836138925,9.44357163810284,3.51112620463669));
#2982=CARTESIAN_POINT('Ctrl Pts',(7.60710924263046,12.9850888755394,3.61001073696237));
#2983=CARTESIAN_POINT('Ctrl Pts',(11.6273525326133,14.6916332124749,3.70853687818833));
#2984=CARTESIAN_POINT('Ctrl Pts',(13.8354349742616,14.728422720158,3.75844098205259));
#2985=CARTESIAN_POINT('Ctrl Pts',(4.19757816583512,7.56740723868118,3.58409764879484));
#2986=CARTESIAN_POINT('Ctrl Pts',(4.9859931422417,9.42346397514195,3.62478000761513));
#2987=CARTESIAN_POINT('Ctrl Pts',(7.61953387956567,12.9627003622276,3.70725708628854));
#2988=CARTESIAN_POINT('Ctrl Pts',(11.6409688234689,14.6710647653081,3.78948390639421));
#2989=CARTESIAN_POINT('Ctrl Pts',(13.8512856635158,14.7085465845086,3.83115042171991));
#2990=CARTESIAN_POINT('Ctrl Pts',(4.24342897559385,7.50991214179401,3.75193687947167));
#2991=CARTESIAN_POINT('Ctrl Pts',(5.02831945851987,9.36717657653315,3.77816413275224));
#2992=CARTESIAN_POINT('Ctrl Pts',(7.65534640415604,12.9102947066757,3.83135867708436));
#2993=CARTESIAN_POINT('Ctrl Pts',(11.6729949924094,14.6270571252529,3.88442265440126));
#2994=CARTESIAN_POINT('Ctrl Pts',(13.8831831861369,14.6685483562722,3.91132305750314));
#2995=CARTESIAN_POINT('Ctrl Pts',(4.36467064052335,7.35787990270023,3.95106009842449));
#2996=CARTESIAN_POINT('Ctrl Pts',(5.13780811406232,9.22716116157938,3.95580672997891));
#2997=CARTESIAN_POINT('Ctrl Pts',(7.7415025285609,12.7959061707563,3.96543045641244));
#2998=CARTESIAN_POINT('Ctrl Pts',(11.7381292160289,14.5421214285861,3.9750258943504));
#2999=CARTESIAN_POINT('Ctrl Pts',(13.9391614170408,14.598353874946,3.9798884973652));
#3000=CARTESIAN_POINT('Ctrl Pts',(4.49799725343687,7.19069361815178,4.));
#3001=CARTESIAN_POINT('Ctrl Pts',(5.25787052557966,9.07586429609169,4.));
#3002=CARTESIAN_POINT('Ctrl Pts',(7.83476298094205,12.6772258703932,4.));
#3003=CARTESIAN_POINT('Ctrl Pts',(11.8052189841627,14.4571029093466,4.));
#3004=CARTESIAN_POINT('Ctrl Pts',(13.9933755628286,14.5303714863879,4.));
#3005=CARTESIAN_POINT('Ctrl Pts',(4.55700482264415,7.11670046674396,4.));
#3006=CARTESIAN_POINT('Ctrl Pts',(5.31180255700645,9.00823566775293,4.));
#3007=CARTESIAN_POINT('Ctrl Pts',(7.87838190530163,12.6225294692748,4.));
#3008=CARTESIAN_POINT('Ctrl Pts',(11.8385248014551,14.4153387354485,4.));
#3009=CARTESIAN_POINT('Ctrl Pts',(14.0214438108343,14.4951750166411,4.));
#3010=CARTESIAN_POINT('',(17.3317268407035,6.47002663976254,-3.98745847361172));
#3011=CARTESIAN_POINT('Ctrl Pts',(8.81822144567864,4.71582130015264,-3.99536115122679));
#3012=CARTESIAN_POINT('Ctrl Pts',(10.4703325853753,5.67071681213269,-3.99350085431531));
#3013=CARTESIAN_POINT('Ctrl Pts',(13.3140883267424,6.72572370173612,-3.99080313738987));
#3014=CARTESIAN_POINT('Ctrl Pts',(16.2950978000842,6.63608722520432,-3.988311478471));
#3015=CARTESIAN_POINT('Ctrl Pts',(17.3317268407035,6.47002663976254,-3.98745847361172));
#3016=CARTESIAN_POINT('',(11.9121336623044,14.1545424373731,4.));
#3017=CARTESIAN_POINT('Ctrl Pts',(17.3317268407035,6.47002663976255,-3.98745847361172));
#3018=CARTESIAN_POINT('Ctrl Pts',(17.3471550370097,6.42869801796358,-3.9975290821131));
#3019=CARTESIAN_POINT('Ctrl Pts',(17.3538968360803,6.41034115091623,-3.99920770298621));
#3020=CARTESIAN_POINT('Ctrl Pts',(17.3678400035166,6.37250363996361,-3.9997700797396));
#3021=CARTESIAN_POINT('Ctrl Pts',(17.3765494435429,6.34871094970102,-3.99562500876114));
#3022=CARTESIAN_POINT('Ctrl Pts',(17.396791324153,6.29307986559817,-3.97558810141683));
#3023=CARTESIAN_POINT('Ctrl Pts',(17.40755872076,6.26319918864541,-3.95600767037842));
#3024=CARTESIAN_POINT('Ctrl Pts',(17.4263274824981,6.2107886304682,-3.90739652409352));
#3025=CARTESIAN_POINT('Ctrl Pts',(17.4375183962484,6.17929675138107,-3.87012698484304));
#3026=CARTESIAN_POINT('Ctrl Pts',(17.4542536775497,6.13184712220947,-3.76813218876019));
#3027=CARTESIAN_POINT('Ctrl Pts',(17.4610415632012,6.11245062097557,-3.70541533101525));
#3028=CARTESIAN_POINT('Ctrl Pts',(17.4638154016388,6.10451989473654,-3.57816630375383));
#3029=CARTESIAN_POINT('Ctrl Pts',(17.4626575812552,6.1078551576039,-3.51731680906533));
#3030=CARTESIAN_POINT('Ctrl Pts',(17.4514073365434,6.1399230795688,-3.40133345980841));
#3031=CARTESIAN_POINT('Ctrl Pts',(17.4434387874705,6.16252318711322,-3.36270148205651));
#3032=CARTESIAN_POINT('Ctrl Pts',(17.4334935964227,6.19059749510644,-3.320680666376));
#3033=CARTESIAN_POINT('Ctrl Pts',(17.4280286244981,6.20598594089494,-3.30233645884852));
#3034=CARTESIAN_POINT('Ctrl Pts',(17.4024648745917,6.27751792884679,-3.24729591071785));
#3035=CARTESIAN_POINT('Ctrl Pts',(17.3797341550976,6.34024138014741,-3.22702254750991));
#3036=CARTESIAN_POINT('Ctrl Pts',(17.2266242247359,6.75562741775729,-3.02724422685185));
#3037=CARTESIAN_POINT('Ctrl Pts',(17.0833059951958,7.11080993615262,-2.86898054152803));
#3038=CARTESIAN_POINT('Ctrl Pts',(16.636837986335,8.12259666332533,-2.4022421432239));
#3039=CARTESIAN_POINT('Ctrl Pts',(16.3208098173057,8.73767816859125,-2.09889511453883));
#3040=CARTESIAN_POINT('Ctrl Pts',(15.3414451761979,10.4152609151275,-1.13524169122234));
#3041=CARTESIAN_POINT('Ctrl Pts',(14.7553521963698,11.1853827209005,-0.508383088448272));
#3042=CARTESIAN_POINT('Ctrl Pts',(13.8317933029696,12.3046348955112,0.746239721931253));
#3043=CARTESIAN_POINT('Ctrl Pts',(13.4810831732162,12.691442086098,1.36921546198209));
#3044=CARTESIAN_POINT('Ctrl Pts',(12.7667020481425,13.3911866273513,2.73887367146222));
#3045=CARTESIAN_POINT('Ctrl Pts',(12.5851934465874,13.5620871505755,3.08700701686974));
#3046=CARTESIAN_POINT('Ctrl Pts',(12.3455761050718,13.7782712081301,3.51136246499133));
#3047=CARTESIAN_POINT('Ctrl Pts',(12.2979053504294,13.8208430590711,3.59419325800449));
#3048=CARTESIAN_POINT('Ctrl Pts',(12.2314358212341,13.8795733495675,3.70698670934284));
#3049=CARTESIAN_POINT('Ctrl Pts',(12.2132995883964,13.8955353381001,3.73749418751148));
#3050=CARTESIAN_POINT('Ctrl Pts',(12.1825831676823,13.9224617826377,3.78867989928009));
#3051=CARTESIAN_POINT('Ctrl Pts',(12.1581459204713,13.94380420218,3.82944232578251));
#3052=CARTESIAN_POINT('Ctrl Pts',(12.1369367624426,13.9622696516169,3.8630069257185));
#3053=CARTESIAN_POINT('Ctrl Pts',(12.1247598735509,13.9728474857568,3.87875245355626));
#3054=CARTESIAN_POINT('Ctrl Pts',(12.1056341955114,13.9894138563709,3.90240791185326));
#3055=CARTESIAN_POINT('Ctrl Pts',(12.0728783613715,14.0178063847413,3.9425645263544));
#3056=CARTESIAN_POINT('Ctrl Pts',(12.0118870082564,14.0700069928483,3.97867670317817));
#3057=CARTESIAN_POINT('Ctrl Pts',(11.992340585019,14.0866732613959,3.98689456089652));
#3058=CARTESIAN_POINT('Ctrl Pts',(11.967979879044,14.1073567488257,3.99369115434261));
#3059=CARTESIAN_POINT('Ctrl Pts',(11.9444381364444,14.1273557433808,4.00000000000001));
#3060=CARTESIAN_POINT('Ctrl Pts',(11.9121336623044,14.1545424373731,4.));
#3061=CARTESIAN_POINT('Ctrl Pts',(5.2252175599693,8.52625952284989,4.));
#3062=CARTESIAN_POINT('Ctrl Pts',(6.66335187483,11.1309569631682,4.));
#3063=CARTESIAN_POINT('Ctrl Pts',(9.06104461018658,13.3314467514571,4.));
#3064=CARTESIAN_POINT('Ctrl Pts',(11.9121336623044,14.1545424373731,4.));
#3065=CARTESIAN_POINT('Ctrl Pts',(8.40530651013505,0.874380327796281,4.));
#3066=CARTESIAN_POINT('Ctrl Pts',(10.3547769703213,1.4636086038622,4.));
#3067=CARTESIAN_POINT('Ctrl Pts',(14.7807817005635,1.71045139328285,4.));
#3068=CARTESIAN_POINT('Ctrl Pts',(18.6515651365735,-0.267914703864938,4.));
#3069=CARTESIAN_POINT('Ctrl Pts',(20.0750113952845,-1.92481240193358,4.));
#3070=CARTESIAN_POINT('Ctrl Pts',(8.39180233299707,0.81521466194733,4.));
#3071=CARTESIAN_POINT('Ctrl Pts',(10.3424343553724,1.40953207448098,4.));
#3072=CARTESIAN_POINT('Ctrl Pts',(14.7707992917126,1.66671560246787,4.));
#3073=CARTESIAN_POINT('Ctrl Pts',(18.6439429338208,-0.301309756113666,4.));
#3074=CARTESIAN_POINT('Ctrl Pts',(20.0685878364409,-1.95295585208379,4.));
#3075=CARTESIAN_POINT('Ctrl Pts',(8.36670927878537,0.705274808119087,3.98582916571573));
#3076=CARTESIAN_POINT('Ctrl Pts',(10.320571905236,1.31309171267554,3.98737278297858));
#3077=CARTESIAN_POINT('Ctrl Pts',(14.755390780757,1.59767807733877,3.99051585545546));
#3078=CARTESIAN_POINT('Ctrl Pts',(18.6346074375959,-0.342995633442011,3.99366773545514));
#3079=CARTESIAN_POINT('Ctrl Pts',(20.0622693256125,-1.98063905680748,3.99527170265974));
#3080=CARTESIAN_POINT('Ctrl Pts',(8.33130756448636,0.550169763413632,3.90526603799146));
#3081=CARTESIAN_POINT('Ctrl Pts',(10.2901160846571,1.17750407252549,3.91835481359676));
#3082=CARTESIAN_POINT('Ctrl Pts',(14.7346217539064,1.50165921794922,3.94497817873574));
#3083=CARTESIAN_POINT('Ctrl Pts',(18.622273143241,-0.399613948268828,3.9716390965213));
#3084=CARTESIAN_POINT('Ctrl Pts',(20.053997685418,-2.01687948040171,3.98519292383518));
#3085=CARTESIAN_POINT('Ctrl Pts',(8.3108143115322,0.460382955668412,3.82831592544061));
#3086=CARTESIAN_POINT('Ctrl Pts',(10.2726234778739,1.09861806099395,3.85255740954494));
#3087=CARTESIAN_POINT('Ctrl Pts',(14.7228475066243,1.4448298006463,3.90186450396214));
#3088=CARTESIAN_POINT('Ctrl Pts',(18.6149105502855,-0.434562342326405,3.95123905742743));
#3089=CARTESIAN_POINT('Ctrl Pts',(20.0486449615839,-2.04033129582977,3.97633922621907));
#3090=CARTESIAN_POINT('Ctrl Pts',(8.29649557513222,0.397648472510784,3.75176814305313));
#3091=CARTESIAN_POINT('Ctrl Pts',(10.2603599766035,1.04201794086938,3.78630030653605));
#3092=CARTESIAN_POINT('Ctrl Pts',(14.7142760815337,1.40057538821315,3.85654565531728));
#3093=CARTESIAN_POINT('Ctrl Pts',(18.6083612586839,-0.466695413539516,3.92689656378537));
#3094=CARTESIAN_POINT('Ctrl Pts',(20.0428279036298,-2.06581749196177,3.96266382607261));
#3095=CARTESIAN_POINT('Ctrl Pts',(8.28702067704354,0.35613623162856,3.68135501348671));
#3096=CARTESIAN_POINT('Ctrl Pts',(10.252416349564,1.00372770774215,3.72546992994674));
#3097=CARTESIAN_POINT('Ctrl Pts',(14.708855876268,1.36868763382374,3.81522106900423));
#3098=CARTESIAN_POINT('Ctrl Pts',(18.6034357167177,-0.492453252803687,3.90512390930326));
#3099=CARTESIAN_POINT('Ctrl Pts',(20.0377955384201,-2.08786572454788,3.95083784666669));
#3100=CARTESIAN_POINT('Ctrl Pts',(8.28062027984778,0.328094259288002,3.61798966580093));
#3101=CARTESIAN_POINT('Ctrl Pts',(10.2468839341996,0.975392562687315,3.66816676676913));
#3102=CARTESIAN_POINT('Ctrl Pts',(14.704396410897,1.33958715575638,3.77027604288589));
#3103=CARTESIAN_POINT('Ctrl Pts',(18.5976660488162,-0.52263922629047,3.8725910493934));
#3104=CARTESIAN_POINT('Ctrl Pts',(20.030939894776,-2.11790226190091,3.92462861780709));
#3105=CARTESIAN_POINT('Ctrl Pts',(8.2778710826988,0.316049239572433,3.57994406107032));
#3106=CARTESIAN_POINT('Ctrl Pts',(10.2447402296861,0.962868664873634,3.63445585727622));
#3107=CARTESIAN_POINT('Ctrl Pts',(14.7029549141356,1.32596051515948,3.74540357071604));
#3108=CARTESIAN_POINT('Ctrl Pts',(18.5951046765801,-0.537613384906836,3.85659819016151));
#3109=CARTESIAN_POINT('Ctrl Pts',(20.0274882261816,-2.13302501011372,3.91316059444491));
#3110=CARTESIAN_POINT('Ctrl Pts',(8.26639534581241,0.265770751142247,3.39584318430242));
#3111=CARTESIAN_POINT('Ctrl Pts',(10.2315132238998,0.887982195974992,3.43830265649789));
#3112=CARTESIAN_POINT('Ctrl Pts',(14.6833136475146,1.20037111773796,3.52492650619726));
#3113=CARTESIAN_POINT('Ctrl Pts',(18.5591959953433,-0.71522933362167,3.6120195381716));
#3114=CARTESIAN_POINT('Ctrl Pts',(19.9815791692846,-2.33416573065223,3.65642427224954));
#3115=CARTESIAN_POINT('Ctrl Pts',(8.24693509773331,0.180509833470443,3.06564523200938));
#3116=CARTESIAN_POINT('Ctrl Pts',(10.2128716558726,0.7591119503607,3.08380274468691));
#3117=CARTESIAN_POINT('Ctrl Pts',(14.6583767107003,0.980935086791865,3.12150372893292));
#3118=CARTESIAN_POINT('Ctrl Pts',(18.5005042982561,-1.02891941710601,3.16028733968445));
#3119=CARTESIAN_POINT('Ctrl Pts',(19.9008990230032,-2.68764854761759,3.18038542810812));
#3120=CARTESIAN_POINT('Ctrl Pts',(8.21842624508644,0.0556043888655634,2.57766539805642));
#3121=CARTESIAN_POINT('Ctrl Pts',(10.1958787439753,0.569763326942026,2.55461294298125));
#3122=CARTESIAN_POINT('Ctrl Pts',(14.6454071125971,0.655881054772363,2.50965059097152));
#3123=CARTESIAN_POINT('Ctrl Pts',(18.4247099312741,-1.49865333344994,2.46721050334088));
#3124=CARTESIAN_POINT('Ctrl Pts',(19.7814026913855,-3.2111961843549,2.44659273285137));
#3125=CARTESIAN_POINT('Ctrl Pts',(8.18757564369741,-0.0795609273454021,
2.09889906424108));
#3126=CARTESIAN_POINT('Ctrl Pts',(10.1850694385125,0.369266475161957,2.0329562719169));
#3127=CARTESIAN_POINT('Ctrl Pts',(14.6494943618422,0.31628526872158,1.90221496910865));
#3128=CARTESIAN_POINT('Ctrl Pts',(18.3545987136995,-1.98930288651689,1.7758367287364));
#3129=CARTESIAN_POINT('Ctrl Pts',(19.657889030433,-3.75234489093908,1.71327336394201));
#3130=CARTESIAN_POINT('Ctrl Pts',(8.15275769801661,-0.23210831462048,1.63124143385601));
#3131=CARTESIAN_POINT('Ctrl Pts',(10.176883054393,0.147884148471363,1.5238352257022));
#3132=CARTESIAN_POINT('Ctrl Pts',(14.6641340915312,-0.0526621980786149,
1.3104250228523));
#3133=CARTESIAN_POINT('Ctrl Pts',(18.2841346534046,-2.5202889653019,1.10350152933418));
#3134=CARTESIAN_POINT('Ctrl Pts',(19.5251628284148,-4.33385637718359,1.00082059971366));
#3135=CARTESIAN_POINT('Ctrl Pts',(8.11234681249443,-0.409159972417694,1.17658771019385));
#3136=CARTESIAN_POINT('Ctrl Pts',(10.1675478546502,-0.105045578362859,1.0344338493298));
#3137=CARTESIAN_POINT('Ctrl Pts',(14.6821820415115,-0.46857482784753,0.752123207906951));
#3138=CARTESIAN_POINT('Ctrl Pts',(18.2062130236407,-3.1157148911184,0.478587460206149));
#3139=CARTESIAN_POINT('Ctrl Pts',(19.3767423494818,-4.98412898335347,0.34292595473666));
#3140=CARTESIAN_POINT('Ctrl Pts',(8.06702458488785,-0.607729625844491,0.734097742180511));
#3141=CARTESIAN_POINT('Ctrl Pts',(10.1561284032044,-0.387757984446757,0.567825918081398));
#3142=CARTESIAN_POINT('Ctrl Pts',(14.700405358913,-0.931929107791279,0.238247986769986));
#3143=CARTESIAN_POINT('Ctrl Pts',(18.1187156113371,-3.77783664138047,-0.0802206402790916));
#3144=CARTESIAN_POINT('Ctrl Pts',(19.2116783702778,-5.70732152870478,-0.237835581274001));
#3145=CARTESIAN_POINT('Ctrl Pts',(8.01747261295383,-0.824831000008316,0.302931378741896));
#3146=CARTESIAN_POINT('Ctrl Pts',(10.1426496048312,-0.694280820685314,0.122306330576946));
#3147=CARTESIAN_POINT('Ctrl Pts',(14.7184828713598,-1.43044461935092,-0.23475136894094));
#3148=CARTESIAN_POINT('Ctrl Pts',(18.0243872235562,-4.48760391017316,-0.578437438850599));
#3149=CARTESIAN_POINT('Ctrl Pts',(19.0348756863636,-6.48194469980162,-0.748019961257144));
#3150=CARTESIAN_POINT('Ctrl Pts',(7.94539712996754,-1.14061432384214,-0.256194290511297));
#3151=CARTESIAN_POINT('Ctrl Pts',(10.1204407792599,-1.13344146934026,-0.443908499800873));
#3152=CARTESIAN_POINT('Ctrl Pts',(14.7399327653742,-2.134537320313,-0.813313379487819));
#3153=CARTESIAN_POINT('Ctrl Pts',(17.8906306812185,-5.48320312940685,-1.16658405782379));
#3154=CARTESIAN_POINT('Ctrl Pts',(18.7872326268236,-7.5669398358141,-1.34000936618616));
#3155=CARTESIAN_POINT('Ctrl Pts',(7.84335393552478,-1.58769477034954,-0.92429983102101));
#3156=CARTESIAN_POINT('Ctrl Pts',(10.0820962074672,-1.73641573150638,-1.1020452753663));
#3157=CARTESIAN_POINT('Ctrl Pts',(14.7576357945914,-3.07243202785081,-1.44919734580493));
#3158=CARTESIAN_POINT('Ctrl Pts',(17.7113633682342,-6.78976148894522,-1.7775337699223));
#3159=CARTESIAN_POINT('Ctrl Pts',(18.4633357468108,-8.98602478831218,-1.93730136118489));
#3160=CARTESIAN_POINT('Ctrl Pts',(7.72416661690628,-2.10988853267705,-1.54366746117805));
#3161=CARTESIAN_POINT('Ctrl Pts',(10.0217831136644,-2.40675806136154,-1.69671245775891));
#3162=CARTESIAN_POINT('Ctrl Pts',(14.7484226644228,-4.06082797373038,-1.99303186263598));
#3163=CARTESIAN_POINT('Ctrl Pts',(17.517063971368,-8.12757630376184,-2.26967194479525));
#3164=CARTESIAN_POINT('Ctrl Pts',(18.1334389329348,-10.43139716865,-2.40286486697471));
#3165=CARTESIAN_POINT('Ctrl Pts',(7.61621294750561,-2.58286446195224,-1.99797533233841));
#3166=CARTESIAN_POINT('Ctrl Pts',(9.95383067565987,-2.9885699387734,-2.12959825924386));
#3167=CARTESIAN_POINT('Ctrl Pts',(14.7137934948439,-4.87576678361069,-2.38303979730378));
#3168=CARTESIAN_POINT('Ctrl Pts',(17.3505563400362,-9.1974606046426,-2.61767497805066));
#3169=CARTESIAN_POINT('Ctrl Pts',(17.8708855383794,-11.5817187507107,-2.72985931301925));
#3170=CARTESIAN_POINT('Ctrl Pts',(7.52827060506022,-2.96816503924307,-2.31139080604438));
#3171=CARTESIAN_POINT('Ctrl Pts',(9.89124027018391,-3.44961192095253,-2.42843792719581));
#3172=CARTESIAN_POINT('Ctrl Pts',(14.6711705242201,-5.49863354966589,-2.65342063098534));
#3173=CARTESIAN_POINT('Ctrl Pts',(17.219285190264,-9.99641753368172,-2.86115196612081));
#3174=CARTESIAN_POINT('Ctrl Pts',(17.6754987711734,-12.4377641107286,-2.96024987501445));
#3175=CARTESIAN_POINT('Ctrl Pts',(7.43588235041118,-3.37294443061845,-2.61097129360717));
#3176=CARTESIAN_POINT('Ctrl Pts',(9.81792905599693,-3.92550760370538,-2.71394073328766));
#3177=CARTESIAN_POINT('Ctrl Pts',(14.6104862760811,-6.12565382781235,-2.91223534944141));
#3178=CARTESIAN_POINT('Ctrl Pts',(17.0813100343956,-10.7862675286464,-3.09585216154992));
#3179=CARTESIAN_POINT('Ctrl Pts',(17.4824865331159,-13.2834059787957,-3.1836580712269));
#3180=CARTESIAN_POINT('Ctrl Pts',(7.37325736507972,-3.64732241885572,-2.81500618514802));
#3181=CARTESIAN_POINT('Ctrl Pts',(9.76270539761053,-4.24527019398776,-2.90760950657201));
#3182=CARTESIAN_POINT('Ctrl Pts',(14.5571427427203,-6.54102014024161,-3.08668322548935));
#3183=CARTESIAN_POINT('Ctrl Pts',(16.9846412414173,-11.3030263271221,-3.25355277496354));
#3184=CARTESIAN_POINT('Ctrl Pts',(17.3559008531749,-13.8380140799879,-3.33377111963954));
#3185=CARTESIAN_POINT('Ctrl Pts',(7.33454003290528,-3.8169541346272,-2.94604532947562));
#3186=CARTESIAN_POINT('Ctrl Pts',(9.72660623986632,-4.44259970356914,-3.03166897488162));
#3187=CARTESIAN_POINT('Ctrl Pts',(14.519733843592,-6.79635925388135,-3.19789546009476));
#3188=CARTESIAN_POINT('Ctrl Pts',(16.923177701581,-11.6192431160792,-3.35371021267292));
#3189=CARTESIAN_POINT('Ctrl Pts',(17.278249199683,-14.1782282030836,-3.42897924400571));
#3190=CARTESIAN_POINT('Ctrl Pts',(7.31974039749587,-3.88179557401097,-3.00693022026353));
#3191=CARTESIAN_POINT('Ctrl Pts',(9.7146888692426,-4.50911444356281,-3.09215872606415));
#3192=CARTESIAN_POINT('Ctrl Pts',(14.5112517207634,-6.86690850693121,-3.25811620173175));
#3193=CARTESIAN_POINT('Ctrl Pts',(16.9098273860675,-11.6948688454998,-3.41437879740879));
#3194=CARTESIAN_POINT('Ctrl Pts',(17.2609776995475,-14.2538995894468,-3.49014119399905));
#3195=CARTESIAN_POINT('Ctrl Pts',(7.3009215033595,-3.96424653646085,-3.13398839628928));
#3196=CARTESIAN_POINT('Ctrl Pts',(9.70093011966077,-4.58825053351142,-3.21446277149956));
#3197=CARTESIAN_POINT('Ctrl Pts',(14.504580360945,-6.94015506081484,-3.37161590501777));
#3198=CARTESIAN_POINT('Ctrl Pts',(16.8992999434166,-11.7635825205102,-3.5202231037656));
#3199=CARTESIAN_POINT('Ctrl Pts',(17.2465861605519,-14.316953041617,-3.59252387995055));
#3200=CARTESIAN_POINT('Ctrl Pts',(7.28836569649568,-4.01925712065108,-3.30180764944076));
#3201=CARTESIAN_POINT('Ctrl Pts',(9.69354387584039,-4.63678931392908,-3.37155959662241));
#3202=CARTESIAN_POINT('Ctrl Pts',(14.5049549286151,-6.97628064140094,-3.50783733643841));
#3203=CARTESIAN_POINT('Ctrl Pts',(16.8980504522538,-11.7884389222762,-3.63679337968226));
#3204=CARTESIAN_POINT('Ctrl Pts',(17.2428819141668,-14.3331824054357,-3.69956835305649));
#3205=CARTESIAN_POINT('Ctrl Pts',(7.28805270141627,-4.02062844169432,-3.50421118102382));
#3206=CARTESIAN_POINT('Ctrl Pts',(9.6969573124935,-4.63525344975263,-3.55624030166427));
#3207=CARTESIAN_POINT('Ctrl Pts',(14.5136615235575,-6.96946227986583,-3.65747565679561));
#3208=CARTESIAN_POINT('Ctrl Pts',(16.9042708515825,-11.7772630998131,-3.75269047325554));
#3209=CARTESIAN_POINT('Ctrl Pts',(17.2464938022576,-14.3173576897433,-3.7988124564102));
#3210=CARTESIAN_POINT('Ctrl Pts',(7.30499162100704,-3.94641418590443,-3.71573697375172));
#3211=CARTESIAN_POINT('Ctrl Pts',(9.71528812117571,-4.56552154022202,-3.74680820436839));
#3212=CARTESIAN_POINT('Ctrl Pts',(14.5330201455281,-6.90934719563479,-3.80648626999786));
#3213=CARTESIAN_POINT('Ctrl Pts',(16.9185303635073,-11.7274645443311,-3.86152350128362));
#3214=CARTESIAN_POINT('Ctrl Pts',(17.2571101944504,-14.2708442364184,-3.88775289129689));
#3215=CARTESIAN_POINT('Ctrl Pts',(7.33920297801596,-3.79652443724753,-3.88689035848372));
#3216=CARTESIAN_POINT('Ctrl Pts',(9.74836651431261,-4.42825685801189,-3.90009217359257));
#3217=CARTESIAN_POINT('Ctrl Pts',(14.5624878991224,-6.79812577138554,-3.92454820509592));
#3218=CARTESIAN_POINT('Ctrl Pts',(16.9399598989415,-11.6427544001104,-3.9458232797347));
#3219=CARTESIAN_POINT('Ctrl Pts',(17.2737046321413,-14.1981392544457,-3.95544792923107));
#3220=CARTESIAN_POINT('Ctrl Pts',(7.38172109567733,-3.61024039221629,-3.98316746479918));
#3221=CARTESIAN_POINT('Ctrl Pts',(9.78858631142315,-4.25670364191878,-3.98701867217829));
#3222=CARTESIAN_POINT('Ctrl Pts',(14.597234585281,-6.65677229442377,-3.99362316097675));
#3223=CARTESIAN_POINT('Ctrl Pts',(16.9665521543954,-11.5318306545656,-3.99858837026567));
#3224=CARTESIAN_POINT('Ctrl Pts',(17.2957117249684,-14.1017198808542,-4.00050186800484));
#3225=CARTESIAN_POINT('Ctrl Pts',(7.40942528876329,-3.48886039149566,-4.));
#3226=CARTESIAN_POINT('Ctrl Pts',(9.81495148736126,-4.14224400174311,-4.00084671657599));
#3227=CARTESIAN_POINT('Ctrl Pts',(14.6206896033558,-6.55646912348385,-4.00215318473388));
#3228=CARTESIAN_POINT('Ctrl Pts',(16.9865049167799,-11.4456743622635,-4.00290377601918));
#3229=CARTESIAN_POINT('Ctrl Pts',(17.3138014170453,-14.0224637613735,-4.0030787583785));
#3230=CARTESIAN_POINT('Ctrl Pts',(7.42970791103141,-3.39999641708275,-4.));
#3231=CARTESIAN_POINT('Ctrl Pts',(9.83444091925596,-4.05685522142085,-3.9980777931353));
#3232=CARTESIAN_POINT('Ctrl Pts',(14.6385580406814,-6.47818238440688,-3.99440802712935));
#3233=CARTESIAN_POINT('Ctrl Pts',(17.0027690531097,-11.3744165251087,-3.99105515765239));
#3234=CARTESIAN_POINT('Ctrl Pts',(17.3292697048516,-13.9546927644255,-3.98946994086053));
#3235=CARTESIAN_POINT('Ctrl Pts',(7.44151202598796,-3.34827921032315,-3.99516908743865));
#3236=CARTESIAN_POINT('Ctrl Pts',(9.84627941607637,-4.00465139069418,-3.99185980123933));
#3237=CARTESIAN_POINT('Ctrl Pts',(14.6505164535233,-6.42500478778597,-3.98583682293003));
#3238=CARTESIAN_POINT('Ctrl Pts',(17.0150547283828,-11.3201869242726,-3.98075540773631));
#3239=CARTESIAN_POINT('Ctrl Pts',(17.3417695159383,-13.8999275137647,-3.97852406733781));
#3240=CARTESIAN_POINT('Ctrl Pts',(7.45688789067998,-3.28091314549664,-3.98096472332456));
#3241=CARTESIAN_POINT('Ctrl Pts',(9.86276739075952,-3.93091542573959,-3.97597604390748));
#3242=CARTESIAN_POINT('Ctrl Pts',(14.6695071876011,-6.33830517950043,-3.967218336539));
#3243=CARTESIAN_POINT('Ctrl Pts',(17.0374364775229,-11.2203320314505,-3.9603121084446));
#3244=CARTESIAN_POINT('Ctrl Pts',(17.3660464483107,-13.7935633233434,-3.95749157157516));
#3245=CARTESIAN_POINT('Ctrl Pts',(7.47097904313999,-3.21917577272973,-3.9600378772784));
#3246=CARTESIAN_POINT('Ctrl Pts',(9.87917265672543,-3.85656289863428,-3.95349691703708));
#3247=CARTESIAN_POINT('Ctrl Pts',(14.6910230943613,-6.23825673502895,-3.94224281264662));
#3248=CARTESIAN_POINT('Ctrl Pts',(17.065520081381,-11.0943228383596,-3.93372331566021));
#3249=CARTESIAN_POINT('Ctrl Pts',(17.397738187989,-13.6547127394966,-3.93041107877087));
#3250=CARTESIAN_POINT('Ctrl Pts',(7.48022285085207,-3.17867600494115,-3.94122044468673));
#3251=CARTESIAN_POINT('Ctrl Pts',(9.88966725650976,-3.80828920010168,-3.93463165537962));
#3252=CARTESIAN_POINT('Ctrl Pts',(14.7044402664741,-6.17411723286736,-3.92370569208541));
#3253=CARTESIAN_POINT('Ctrl Pts',(17.0832047735042,-11.0140929141528,-3.91608542672481));
#3254=CARTESIAN_POINT('Ctrl Pts',(17.4178374114307,-13.5666522878436,-3.91344172297428));
#3255=CARTESIAN_POINT('Ctrl Pts',(7.52175604163376,-2.99670720652243,-3.84215159555475));
#3256=CARTESIAN_POINT('Ctrl Pts',(9.93433158083848,-3.60110510865215,-3.8396859291897));
#3257=CARTESIAN_POINT('Ctrl Pts',(14.75738080258,-5.91532991762504,-3.8389823840971));
#3258=CARTESIAN_POINT('Ctrl Pts',(17.1511550882915,-10.7026088937185,-3.84406123077026));
#3259=CARTESIAN_POINT('Ctrl Pts',(17.494641389031,-13.2301520754913,-3.84878560346652));
#3260=CARTESIAN_POINT('Ctrl Pts',(7.59621924898367,-2.67046257872361,-3.67563274641664));
#3261=CARTESIAN_POINT('Ctrl Pts',(10.0098455182934,-3.23056883766922,-3.67974441946432));
#3262=CARTESIAN_POINT('Ctrl Pts',(14.8416869003568,-5.45330837251615,-3.69527929262423));
#3263=CARTESIAN_POINT('Ctrl Pts',(17.2674083572374,-10.1457204186644,-3.72045519575701));
#3264=CARTESIAN_POINT('Ctrl Pts',(17.6312666190239,-12.6315578315245,-3.7368173823672));
#3265=CARTESIAN_POINT('Ctrl Pts',(7.70476086967086,-2.1949106665509,-3.40277551841384));
#3266=CARTESIAN_POINT('Ctrl Pts',(10.1088026066071,-2.68647272293687,-3.41957353067401));
#3267=CARTESIAN_POINT('Ctrl Pts',(14.9397783416024,-4.76549206037128,-3.46411205241275));
#3268=CARTESIAN_POINT('Ctrl Pts',(17.4290013258246,-9.30530314165628,-3.52262315489137));
#3269=CARTESIAN_POINT('Ctrl Pts',(17.8365213440909,-11.7322781232418,-3.55752165349753));
#3270=CARTESIAN_POINT('Ctrl Pts',(7.80696875534343,-1.74710866061987,-3.08688128865874));
#3271=CARTESIAN_POINT('Ctrl Pts',(10.1922036091308,-2.16643732884714,-3.11920211938086));
#3272=CARTESIAN_POINT('Ctrl Pts',(15.011030578653,-4.09232573547413,-3.19752796248194));
#3273=CARTESIAN_POINT('Ctrl Pts',(17.5780908841271,-8.46683748806234,-3.29284229742842));
#3274=CARTESIAN_POINT('Ctrl Pts',(18.0410397415029,-10.8362244772024,-3.34755031480491));
#3275=CARTESIAN_POINT('Ctrl Pts',(7.93456446087572,-1.18807534817481,-2.61652232356079));
#3276=CARTESIAN_POINT('Ctrl Pts',(10.2844239782964,-1.50663752660287,-2.67098193942359));
#3277=CARTESIAN_POINT('Ctrl Pts',(15.074509255939,-3.21714168700604,-2.7961202903368));
#3278=CARTESIAN_POINT('Ctrl Pts',(17.7616135404892,-7.35635535997718,-2.94070185086355));
#3279=CARTESIAN_POINT('Ctrl Pts',(18.3117685050491,-9.65008426325073,-3.0213411140208));
#3280=CARTESIAN_POINT('Ctrl Pts',(8.07628985258404,-0.567135835722159,-1.94224578987928));
#3281=CARTESIAN_POINT('Ctrl Pts',(10.3665349106975,-0.751502196085229,-2.02425993968963));
#3282=CARTESIAN_POINT('Ctrl Pts',(15.1022127006954,-2.17273601765308,-2.20574682800892));
#3283=CARTESIAN_POINT('Ctrl Pts',(17.964860137966,-5.99217125036623,-2.40716005840864));
#3284=CARTESIAN_POINT('Ctrl Pts',(18.6446611548575,-8.19158626808162,-2.51684082812072));
#3285=CARTESIAN_POINT('Ctrl Pts',(8.2171124285621,0.0498481825693992,-1.0263211443019));
#3286=CARTESIAN_POINT('Ctrl Pts',(10.4229761256532,0.0360681372611861,-1.1326207273051));
#3287=CARTESIAN_POINT('Ctrl Pts',(15.0784082778418,-1.01572680425227,-1.36164360600593));
#3288=CARTESIAN_POINT('Ctrl Pts',(18.174974561825,-4.42429336597898,-1.60816229721504));
#3289=CARTESIAN_POINT('Ctrl Pts',(19.0288420050472,-6.50837998489576,-1.7398484923413));
#3290=CARTESIAN_POINT('Ctrl Pts',(8.32980841401079,0.543601556022044,-0.0304519010345187));
#3291=CARTESIAN_POINT('Ctrl Pts',(10.4492586389921,0.702051602608262,-0.14184058084426));
#3292=CARTESIAN_POINT('Ctrl Pts',(15.0221161619922,0.023566728346254,-0.377990708581685));
#3293=CARTESIAN_POINT('Ctrl Pts',(18.3563700508034,-2.96960513223707,-0.627321965779642));
#3294=CARTESIAN_POINT('Ctrl Pts',(19.3872570490183,-4.93806107466728,-0.758835951645795));
#3295=CARTESIAN_POINT('Ctrl Pts',(8.41674389175198,0.924490770811088,1.02532254192452));
#3296=CARTESIAN_POINT('Ctrl Pts',(10.4576005940511,1.24470180344541,0.936752663323019));
#3297=CARTESIAN_POINT('Ctrl Pts',(14.956231839354,0.91640999421618,0.750746557304614));
#3298=CARTESIAN_POINT('Ctrl Pts',(18.5104934673907,-1.68799455074743,0.556632023292179));
#3299=CARTESIAN_POINT('Ctrl Pts',(19.7048246342548,-3.54670657445615,0.45504194336816));
#3300=CARTESIAN_POINT('Ctrl Pts',(8.4689459317023,1.15320285158276,1.9439043012871));
#3301=CARTESIAN_POINT('Ctrl Pts',(10.4580705545545,1.58517215551132,1.90254822822866));
#3302=CARTESIAN_POINT('Ctrl Pts',(14.908742229816,1.49837026659997,1.81539681442617));
#3303=CARTESIAN_POINT('Ctrl Pts',(18.611777482178,-0.838795490531617,1.72405745998669));
#3304=CARTESIAN_POINT('Ctrl Pts',(19.9162306066942,-2.62047649053261,1.67611668640063));
#3305=CARTESIAN_POINT('Ctrl Pts',(8.50583731742068,1.31483457322105,2.69248992192951));
#3306=CARTESIAN_POINT('Ctrl Pts',(10.4651555908221,1.80929993249775,2.7038083073266));
#3307=CARTESIAN_POINT('Ctrl Pts',(14.8878760052172,1.85771174385061,2.7254668216252));
#3308=CARTESIAN_POINT('Ctrl Pts',(18.6752064770701,-0.329561636922896,2.74532665932498));
#3309=CARTESIAN_POINT('Ctrl Pts',(20.0421885572033,-2.0686186516801,2.75474534731271));
#3310=CARTESIAN_POINT('Ctrl Pts',(8.5248534555873,1.39814971823199,3.06963475126451));
#3311=CARTESIAN_POINT('Ctrl Pts',(10.4757323520502,1.92169543812862,3.10697081328318));
#3312=CARTESIAN_POINT('Ctrl Pts',(14.8924620102448,2.03201224731471,3.18212961639808));
#3313=CARTESIAN_POINT('Ctrl Pts',(18.7122011104817,-0.0883373724065335,
3.25634148839603));
#3314=CARTESIAN_POINT('Ctrl Pts',(20.1023873645675,-1.80487044365337,3.29367912779346));
#3315=CARTESIAN_POINT('Ctrl Pts',(8.53667871757004,1.44995957616696,3.28860022205834));
#3316=CARTESIAN_POINT('Ctrl Pts',(10.4851404932245,1.99103658138324,3.34018142615239));
#3317=CARTESIAN_POINT('Ctrl Pts',(14.9017087560692,2.13817464145337,3.44455873809153));
#3318=CARTESIAN_POINT('Ctrl Pts',(18.7376338504377,0.0567824890356453,3.54835630052243));
#3319=CARTESIAN_POINT('Ctrl Pts',(20.1389117657784,-1.644846586198,3.60085540949791));
#3320=CARTESIAN_POINT('Ctrl Pts',(8.53905218383594,1.46035841132421,3.35305373030749));
#3321=CARTESIAN_POINT('Ctrl Pts',(10.4860186152556,2.00217186773231,3.40544587289446));
#3322=CARTESIAN_POINT('Ctrl Pts',(14.9007794753994,2.15111709108612,3.5115420246657));
#3323=CARTESIAN_POINT('Ctrl Pts',(18.7391337772267,0.0720857042977013,3.61715385943849));
#3324=CARTESIAN_POINT('Ctrl Pts',(20.142389559235,-1.62960937748528,3.670609758708));
#3325=CARTESIAN_POINT('Ctrl Pts',(8.53880626237759,1.45928095901584,3.46232937572987));
#3326=CARTESIAN_POINT('Ctrl Pts',(10.4834497388222,2.0004827403784,3.51112620463669));
#3327=CARTESIAN_POINT('Ctrl Pts',(14.8951063199475,2.14859299366604,3.61001073696237));
#3328=CARTESIAN_POINT('Ctrl Pts',(18.7359171010865,0.0694532128756205,3.70853687818833));
#3329=CARTESIAN_POINT('Ctrl Pts',(20.1413971804487,-1.6339572730341,3.75844098205259));
#3330=CARTESIAN_POINT('Ctrl Pts',(8.5335843987605,1.43640247965934,3.58409764879484));
#3331=CARTESIAN_POINT('Ctrl Pts',(10.4762766859946,1.97722727670988,3.62478000761513));
#3332=CARTESIAN_POINT('Ctrl Pts',(14.8853489098156,2.12492001162317,3.70725708628854));
#3333=CARTESIAN_POINT('Ctrl Pts',(18.7283256600336,0.0459833509617079,3.78948390639421));
#3334=CARTESIAN_POINT('Ctrl Pts',(20.1357401349506,-1.65874240878961,3.83115042171991));
#3335=CARTESIAN_POINT('Ctrl Pts',(8.51722043421809,1.36470726652729,3.75193687947167));
#3336=CARTESIAN_POINT('Ctrl Pts',(10.4586594522457,1.90904061110096,3.77816413275224));
#3337=CARTESIAN_POINT('Ctrl Pts',(14.8667052623066,2.06424626063543,3.83135867708436));
#3338=CARTESIAN_POINT('Ctrl Pts',(18.7138870912964,-0.00649403095705041,
3.88442265440126));
#3339=CARTESIAN_POINT('Ctrl Pts',(20.1243560409312,-1.70861938358529,3.91132305750314));
#3340=CARTESIAN_POINT('Ctrl Pts',(8.47394978498838,1.17512616526985,3.95106009842449));
#3341=CARTESIAN_POINT('Ctrl Pts',(10.4174560529539,1.73614074989808,3.95580672997891));
#3342=CARTESIAN_POINT('Ctrl Pts',(14.8309901686255,1.92556660457295,3.96543045641244));
#3343=CARTESIAN_POINT('Ctrl Pts',(18.6880922138357,-0.11037455825445,3.9750258943504));
#3344=CARTESIAN_POINT('Ctrl Pts',(20.1043776416296,-1.79615047009244,3.9798884973652));
#3345=CARTESIAN_POINT('Ctrl Pts',(8.42636606775949,0.966648278416613,4.));
#3346=CARTESIAN_POINT('Ctrl Pts',(10.3740250894846,1.54794012402803,4.));
#3347=CARTESIAN_POINT('Ctrl Pts',(14.7963491144293,1.77865668987428,4.));
#3348=CARTESIAN_POINT('Ctrl Pts',(18.6634518451419,-0.215835630847902,4.));
#3349=CARTESIAN_POINT('Ctrl Pts',(20.0850288370167,-1.88092312203643,4.));
#3350=CARTESIAN_POINT('Ctrl Pts',(8.40530651013505,0.874380327796281,4.));
#3351=CARTESIAN_POINT('Ctrl Pts',(10.3547769703213,1.4636086038622,4.));
#3352=CARTESIAN_POINT('Ctrl Pts',(14.7807817005635,1.71045139328285,4.));
#3353=CARTESIAN_POINT('Ctrl Pts',(18.6515651365735,-0.267914703864938,4.));
#3354=CARTESIAN_POINT('Ctrl Pts',(20.0750113952845,-1.92481240193358,4.));
#3355=CARTESIAN_POINT('',(15.8646254531531,-9.51649406195196,-3.98745847361172));
#3356=CARTESIAN_POINT('Ctrl Pts',(9.18504870006524,-3.95409665757296,-3.99536115122679));
#3357=CARTESIAN_POINT('Ctrl Pts',(10.9616905209368,-4.65040154556374,-3.99350085431531));
#3358=CARTESIAN_POINT('Ctrl Pts',(13.559580825169,-6.21595327605528,-3.99080313738987));
#3359=CARTESIAN_POINT('Ctrl Pts',(15.3481292117118,-8.60248776084148,-3.988311478471));
#3360=CARTESIAN_POINT('Ctrl Pts',(15.8646254531531,-9.51649406195196,-3.98745847361172));
#3361=CARTESIAN_POINT('',(18.4935607542929,-0.488068260878055,4.));
#3362=CARTESIAN_POINT('Ctrl Pts',(15.8646254531532,-9.51649406195199,-3.98745847361172));
#3363=CARTESIAN_POINT('Ctrl Pts',(15.8417099268061,-9.55469576104317,-3.99762797082653));
#3364=CARTESIAN_POINT('Ctrl Pts',(15.8311923795718,-9.57202225162618,-3.99941433097984));
#3365=CARTESIAN_POINT('Ctrl Pts',(15.8088790118089,-9.60885354796819,-3.9994583973049));
#3366=CARTESIAN_POINT('Ctrl Pts',(15.7952532724123,-9.63123116510861,-3.99463163986791));
#3367=CARTESIAN_POINT('Ctrl Pts',(15.7637662608505,-9.68271150310979,-3.97256378568844));
#3368=CARTESIAN_POINT('Ctrl Pts',(15.7470217637703,-9.70989530729865,-3.95178969121746));
#3369=CARTESIAN_POINT('Ctrl Pts',(15.7175653977986,-9.75750707204399,-3.9004595337518));
#3370=CARTESIAN_POINT('Ctrl Pts',(15.7003416000994,-9.78519144862702,-3.86197272817113));
#3371=CARTESIAN_POINT('Ctrl Pts',(15.6746061010278,-9.82635298856509,-3.75731544376244));
#3372=CARTESIAN_POINT('Ctrl Pts',(15.6643498976299,-9.84266998563251,-3.69336764350733));
#3373=CARTESIAN_POINT('Ctrl Pts',(15.6614872798837,-9.84722402425714,-3.56392789738124));
#3374=CARTESIAN_POINT('Ctrl Pts',(15.6642225639769,-9.84288955461934,-3.50504837934818));
#3375=CARTESIAN_POINT('Ctrl Pts',(15.6832327026977,-9.81256897269817,-3.39370542854402));
#3376=CARTESIAN_POINT('Ctrl Pts',(15.6957578191117,-9.79251728065434,-3.35716634653091));
#3377=CARTESIAN_POINT('Ctrl Pts',(15.710863144494,-9.76826388294694,-3.31787878158159));
#3378=CARTESIAN_POINT('Ctrl Pts',(15.7196020452476,-9.75420761036237,-3.29990832801627));
#3379=CARTESIAN_POINT('Ctrl Pts',(15.760736427447,-9.68774577237414,-3.2454280258473));
#3380=CARTESIAN_POINT('Ctrl Pts',(15.7961311090755,-9.62996530729268,-3.22435892824825));
#3381=CARTESIAN_POINT('Ctrl Pts',(16.0276646011536,-9.24724455552118,-3.02272205067282));
#3382=CARTESIAN_POINT('Ctrl Pts',(16.2173567102712,-8.91085292989997,-2.86331120720418));
#3383=CARTESIAN_POINT('Ctrl Pts',(16.7366905205998,-7.91595011731702,-2.38943658723327));
#3384=CARTESIAN_POINT('Ctrl Pts',(17.0240953121341,-7.27400482848749,-2.08023562628102));
#3385=CARTESIAN_POINT('Ctrl Pts',(17.7305737733343,-5.43251244316372,-1.0957022941239));
#3386=CARTESIAN_POINT('Ctrl Pts',(17.958451661914,-4.50420855831927,-0.462601055284211));
#3387=CARTESIAN_POINT('Ctrl Pts',(18.2334078434368,-3.1877503318497,0.710841015888702));
#3388=CARTESIAN_POINT('Ctrl Pts',(18.306185705251,-2.72850340374329,1.25130149152575));
#3389=CARTESIAN_POINT('Ctrl Pts',(18.4082208101864,-1.86645578195585,2.41040122215317));
#3390=CARTESIAN_POINT('Ctrl Pts',(18.4356006900643,-1.57159024317705,2.8292896886218));
#3391=CARTESIAN_POINT('Ctrl Pts',(18.466559148122,-1.12175423937532,3.43402022397565));
#3392=CARTESIAN_POINT('Ctrl Pts',(18.4752111133417,-0.970072550125767,3.63249295195967));
#3393=CARTESIAN_POINT('Ctrl Pts',(18.4821323550508,-0.812886497842315,3.82766899594536));
#3394=CARTESIAN_POINT('Ctrl Pts',(18.482488517813,-0.804761766782108,3.83779186669624));
#3395=CARTESIAN_POINT('Ctrl Pts',(18.4831937135534,-0.788468105726112,3.85742964636669));
#3396=CARTESIAN_POINT('Ctrl Pts',(18.4834785146598,-0.781706861986445,3.86451145005642));
#3397=CARTESIAN_POINT('Ctrl Pts',(18.4839030503201,-0.771583095988873,3.8745226751576));
#3398=CARTESIAN_POINT('Ctrl Pts',(18.4841760130926,-0.765014479661921,3.88089185138312));
#3399=CARTESIAN_POINT('Ctrl Pts',(18.4847839253451,-0.750265053537506,3.89513182248573));
#3400=CARTESIAN_POINT('Ctrl Pts',(18.4866254256287,-0.705664241509684,3.93782419500994));
#3401=CARTESIAN_POINT('Ctrl Pts',(18.489667036993,-0.618936845107953,3.97934988286645));
#3402=CARTESIAN_POINT('Ctrl Pts',(18.4905738891436,-0.590770754085546,3.98714936101213));
#3403=CARTESIAN_POINT('Ctrl Pts',(18.4913971478219,-0.564182039041816,3.99312233331057));
#3404=CARTESIAN_POINT('Ctrl Pts',(18.4923977184779,-0.532137247183941,4.));
#3405=CARTESIAN_POINT('Ctrl Pts',(18.493560754293,-0.488068260878077,4.));
#3406=CARTESIAN_POINT('Ctrl Pts',(9.92396798379093,1.23079626936901,4.));
#3407=CARTESIAN_POINT('Ctrl Pts',(12.8570645239544,1.7304198769593,4.));
#3408=CARTESIAN_POINT('Ctrl Pts',(16.0724136857737,1.22781115326505,4.));
#3409=CARTESIAN_POINT('Ctrl Pts',(18.4935607542929,-0.488068260878055,4.));
#3410=CARTESIAN_POINT('Ctrl Pts',(5.92424095848786,-6.0263660320902,4.));
#3411=CARTESIAN_POINT('Ctrl Pts',(7.60039312602756,-7.18314559091136,4.));
#3412=CARTESIAN_POINT('Ctrl Pts',(10.5529514023013,-10.489631468701,4.));
#3413=CARTESIAN_POINT('Ctrl Pts',(11.4195965012597,-14.7494229067041,4.));
#3414=CARTESIAN_POINT('Ctrl Pts',(11.0116859434811,-16.8953768228347,4.));
#3415=CARTESIAN_POINT('Ctrl Pts',(5.86956366151795,-6.05269723053591,4.));
#3416=CARTESIAN_POINT('Ctrl Pts',(7.55041889834579,-7.20721191055742,4.));
#3417=CARTESIAN_POINT('Ctrl Pts',(10.5125334540151,-10.5090957267399,4.));
#3418=CARTESIAN_POINT('Ctrl Pts',(11.388734832369,-14.7642851031359,4.));
#3419=CARTESIAN_POINT('Ctrl Pts',(10.9856774846978,-16.907901836459,4.));
#3420=CARTESIAN_POINT('Ctrl Pts',(5.76796395921861,-6.10162506844167,3.98582916571573));
#3421=CARTESIAN_POINT('Ctrl Pts',(7.46138777260202,-7.25024874083019,3.98737278297858));
#3422=CARTESIAN_POINT('Ctrl Pts',(10.4489506939548,-10.5400930606403,3.99051585545546));
#3423=CARTESIAN_POINT('Ctrl Pts',(11.3503229144079,-14.7829770376786,3.99366773545514));
#3424=CARTESIAN_POINT('Ctrl Pts',(10.9600943566448,-16.9202220215991,3.99527170265974));
#3425=CARTESIAN_POINT('Ctrl Pts',(5.62462534434452,-6.17065330726006,3.90526603799146));
#3426=CARTESIAN_POINT('Ctrl Pts',(7.33639219336095,-7.31097493236881,3.91835481359676));
#3427=CARTESIAN_POINT('Ctrl Pts',(10.3609308503375,-10.5837219612039,3.94497817873574));
#3428=CARTESIAN_POINT('Ctrl Pts',(11.2983666266486,-14.8086346399308,3.9716390965213));
#3429=CARTESIAN_POINT('Ctrl Pts',(10.9266031692349,-16.9363505274094,3.98519292383518));
#3430=CARTESIAN_POINT('Ctrl Pts',(5.54164985711517,-6.21061219589291,3.82831592544061));
#3431=CARTESIAN_POINT('Ctrl Pts',(7.26381016408198,-7.34648328537447,3.85255740954494));
#3432=CARTESIAN_POINT('Ctrl Pts',(10.3091586996548,-10.6099490461302,3.90186450396214));
#3433=CARTESIAN_POINT('Ctrl Pts',(11.2664523702897,-14.8246683002519,3.95123905742743));
#3434=CARTESIAN_POINT('Ctrl Pts',(10.9049304328895,-16.9467875671534,3.97633922621907));
#3435=CARTESIAN_POINT('Ctrl Pts',(5.48367447702529,-6.23853166745991,3.75176814305313));
#3436=CARTESIAN_POINT('Ctrl Pts',(7.21191224027996,-7.37218489167766,3.78630030653605));
#3437=CARTESIAN_POINT('Ctrl Pts',(10.2692150106451,-10.6308398109842,3.85654565531728));
#3438=CARTESIAN_POINT('Ctrl Pts',(11.2372463070639,-14.8395825000936,3.92689656378537));
#3439=CARTESIAN_POINT('Ctrl Pts',(10.8813776460739,-16.958129991486,3.96266382607261));
#3440=CARTESIAN_POINT('Ctrl Pts',(5.44531139786383,-6.25700635268337,3.68135501348671));
#3441=CARTESIAN_POINT('Ctrl Pts',(7.17702296010117,-7.38984788383883,3.72546992994674));
#3442=CARTESIAN_POINT('Ctrl Pts',(10.240904717651,-10.6464838135319,3.81522106900423));
#3443=CARTESIAN_POINT('Ctrl Pts',(11.2140369922223,-14.8517913064154,3.90512390930326));
#3444=CARTESIAN_POINT('Ctrl Pts',(10.8610020153179,-16.9679423781003,3.95083784666669));
#3445=CARTESIAN_POINT('Ctrl Pts',(5.41939671867808,-6.26948620443377,3.61798966580093));
#3446=CARTESIAN_POINT('Ctrl Pts',(7.15142024707767,-7.40318914130876,3.66816676676913));
#3447=CARTESIAN_POINT('Ctrl Pts',(10.2153726165625,-10.6611411144141,3.77027604288589));
#3448=CARTESIAN_POINT('Ctrl Pts',(11.1868393187247,-14.8661010450348,3.8725910493934));
#3449=CARTESIAN_POINT('Ctrl Pts',(10.8332440808937,-16.9813098947895,3.92462861780709));
#3450=CARTESIAN_POINT('Ctrl Pts',(5.40826544667181,-6.27484674250703,3.57994406107032));
#3451=CARTESIAN_POINT('Ctrl Pts',(7.14029209158134,-7.40932164819732,3.63445585727622));
#3452=CARTESIAN_POINT('Ctrl Pts',(10.2038201214135,-10.66851017831,3.74540357071604));
#3453=CARTESIAN_POINT('Ctrl Pts',(11.173535060627,-14.873434718771,3.85659819016151));
#3454=CARTESIAN_POINT('Ctrl Pts',(10.8192685600715,-16.9880401509021,3.91316059444491));
#3455=CARTESIAN_POINT('Ctrl Pts',(5.36180113660871,-6.29722277491382,3.39584318430242));
#3456=CARTESIAN_POINT('Ctrl Pts',(7.07349658936862,-7.4456713083103,3.43830265649789));
#3457=CARTESIAN_POINT('Ctrl Pts',(10.0933842472114,-10.731457726224,3.52492650619726));
#3458=CARTESIAN_POINT('Ctrl Pts',(11.0122806235839,-14.9561019139573,3.6120195381716));
#3459=CARTESIAN_POINT('Ctrl Pts',(10.6333865835599,-17.0775561928839,3.65642427224954));
#3460=CARTESIAN_POINT('Ctrl Pts',(5.28300820072982,-6.33516745297443,3.06564523200938));
#3461=CARTESIAN_POINT('Ctrl Pts',(6.96111894663837,-7.51144602744762,3.08380274468691));
#3462=CARTESIAN_POINT('Ctrl Pts',(9.90627432403655,-10.8487773714015,3.12150372893292));
#3463=CARTESIAN_POINT('Ctrl Pts',(10.7304341659902,-15.1057974654118,3.16028733968445));
#3464=CARTESIAN_POINT('Ctrl Pts',(10.306719340326,-17.2348708460212,3.18038542810812));
#3465=CARTESIAN_POINT('Ctrl Pts',(5.16757821291804,-6.39075560535384,2.57766539805642));
#3466=CARTESIAN_POINT('Ctrl Pts',(6.80248532441582,-7.61621736964504,2.55461294298125));
#3467=CARTESIAN_POINT('Ctrl Pts',(9.64405043614903,-11.0413052053067,2.50965059097152));
#3468=CARTESIAN_POINT('Ctrl Pts',(10.3159243869579,-15.3394133495391,2.46721050334088));
#3469=CARTESIAN_POINT('Ctrl Pts',(9.82288857122987,-17.467871464216,2.44659273285137));
#3470=CARTESIAN_POINT('Ctrl Pts',(5.04266667801929,-6.45090983015737,2.09889906424108));
#3471=CARTESIAN_POINT('Ctrl Pts',(6.6389910818372,-7.73277405672026,2.0329562719169));
#3472=CARTESIAN_POINT('Ctrl Pts',(9.38109211752301,-11.2562352548001,1.90221496910865));
#3473=CARTESIAN_POINT('Ctrl Pts',(9.8886054903576,-15.5905131849889,1.7758367287364));
#3474=CARTESIAN_POINT('Ctrl Pts',(9.32279196773137,-17.7087052954127,1.71327336394201));
#3475=CARTESIAN_POINT('Ctrl Pts',(4.90169169402574,-6.51879980433546,1.63124143385601));
#3476=CARTESIAN_POINT('Ctrl Pts',(6.46080328215588,-7.86440330689142,1.5238352257022));
#3477=CARTESIAN_POINT('Ctrl Pts',(9.10176509476484,-11.4977160393373,1.3104250228523));
#3478=CARTESIAN_POINT('Ctrl Pts',(9.4295302342198,-15.8664865693192,1.10350152933418));
#3479=CARTESIAN_POINT('Ctrl Pts',(8.78539454697085,-17.9675022534636,1.00082059971366));
#3480=CARTESIAN_POINT('Ctrl Pts',(4.73807135892957,-6.59759520483856,1.17658771019385));
#3481=CARTESIAN_POINT('Ctrl Pts',(6.25723445702688,-8.01480385910541,1.0344338493298));
#3482=CARTESIAN_POINT('Ctrl Pts',(8.78784421961259,-11.7711437779511,0.752123207906951));
#3483=CARTESIAN_POINT('Ctrl Pts',(8.9154241584368,-16.1768069785135,0.478587460206149));
#3484=CARTESIAN_POINT('Ctrl Pts',(8.18445229627901,-18.2569007887659,0.34292595473666));
#3485=CARTESIAN_POINT('Ctrl Pts',(4.55456540570751,-6.68596701431039,0.734097742180511));
#3486=CARTESIAN_POINT('Ctrl Pts',(6.02908108594693,-8.18214407450482,0.567825918081398));
#3487=CARTESIAN_POINT('Ctrl Pts',(8.43694130857213,-12.0742880094031,0.238247986769986));
#3488=CARTESIAN_POINT('Ctrl Pts',(8.34320278459473,-16.5212249058173,-0.0802206402790916));
#3489=CARTESIAN_POINT('Ctrl Pts',(7.51612188874923,-18.5787517500095,-0.237835581274001));
#3490=CARTESIAN_POINT('Ctrl Pts',(4.3539335673363,-6.78258621539466,0.302931378741896));
#3491=CARTESIAN_POINT('Ctrl Pts',(5.78102798915323,-8.36271978802237,0.122306330576946));
#3492=CARTESIAN_POINT('Ctrl Pts',(8.05845733178972,-12.3992409152846,-0.23475136894094));
#3493=CARTESIAN_POINT('Ctrl Pts',(7.7294716008201,-16.8900086563451,-0.578437438850599));
#3494=CARTESIAN_POINT('Ctrl Pts',(6.80026243617473,-18.9234914930029,-0.748019961257144));
#3495=CARTESIAN_POINT('Ctrl Pts',(4.06210589451863,-6.92312301568932,-0.256194290511297));
#3496=CARTESIAN_POINT('Ctrl Pts',(5.42383139191872,-8.61916841481608,-0.443908499800873));
#3497=CARTESIAN_POINT('Ctrl Pts',(7.52134928177052,-12.8550057363336,-0.813313379487819));
#3498=CARTESIAN_POINT('Ctrl Pts',(6.86768494722318,-17.4061795404902,-1.16658405782379));
#3499=CARTESIAN_POINT('Ctrl Pts',(5.79757615839124,-19.40635975501,-1.34000936618616));
#3500=CARTESIAN_POINT('Ctrl Pts',(3.64894143515913,-7.12209253271018,-0.92429983102101));
#3501=CARTESIAN_POINT('Ctrl Pts',(4.92849968116996,-8.9651377246507,-1.1020452753663));
#3502=CARTESIAN_POINT('Ctrl Pts',(6.79911133035627,-13.4536143072778,-1.44919734580493));
#3503=CARTESIAN_POINT('Ctrl Pts',(5.73440514660196,-18.080648524127,-1.7775337699223));
#3504=CARTESIAN_POINT('Ctrl Pts',(4.48614446468972,-20.0379119729965,-1.93730136118489));
#3505=CARTESIAN_POINT('Ctrl Pts',(3.16636183415354,-7.35449062010874,-1.54366746117805));
#3506=CARTESIAN_POINT('Ctrl Pts',(4.36680034475362,-9.33593465552952,-1.69671245775891));
#3507=CARTESIAN_POINT('Ctrl Pts',(6.02060797002054,-14.0626659845143,-1.99303186263598));
#3508=CARTESIAN_POINT('Ctrl Pts',(4.56731571421282,-18.7628530324462,-2.26967194479525));
#3509=CARTESIAN_POINT('Ctrl Pts',(3.15041953473451,-20.6811631969713,-2.40286486697471));
#3510=CARTESIAN_POINT('Ctrl Pts',(2.72926635025207,-7.56498471115109,-1.99797533233841));
#3511=CARTESIAN_POINT('Ctrl Pts',(3.86955385001195,-9.64556107235371,-2.12959825924386));
#3512=CARTESIAN_POINT('Ctrl Pts',(5.36187221809178,-14.5436978466251,-2.38303979730378));
#3513=CARTESIAN_POINT('Ctrl Pts',(3.62703067511888,-19.2997340749677,-2.61767497805066));
#3514=CARTESIAN_POINT('Ctrl Pts',(2.08736254296826,-21.1931044625518,-2.72985931301925));
#3515=CARTESIAN_POINT('Ctrl Pts',(2.37319507504672,-7.73645959977641,-2.31139080604438));
#3516=CARTESIAN_POINT('Ctrl Pts',(3.47007223409636,-9.88408089696959,-2.42843792719581));
#3517=CARTESIAN_POINT('Ctrl Pts',(4.84832038349792,-14.8987249428672,-2.65342063098534));
#3518=CARTESIAN_POINT('Ctrl Pts',(2.92053477169889,-19.6952436547163,-2.86115196612081));
#3519=CARTESIAN_POINT('Ctrl Pts',(1.29625767331455,-21.5740804885921,-2.96024987501445));
#3520=CARTESIAN_POINT('Ctrl Pts',(1.99912266883,-7.91660337620665,-2.61097129360717));
#3521=CARTESIAN_POINT('Ctrl Pts',(3.05229321254211,-10.1234799866452,-2.71394073328766));
#3522=CARTESIAN_POINT('Ctrl Pts',(4.32026018004903,-15.2422208361652,-2.91223534944141));
#3523=CARTESIAN_POINT('Ctrl Pts',(2.21697907661443,-20.0798337509186,-3.09585216154992));
#3524=CARTESIAN_POINT('Ctrl Pts',(0.514767075903842,-21.9504265251419,-3.1836580712269));
#3525=CARTESIAN_POINT('Ctrl Pts',(1.74555927983414,-8.03871306860587,-2.81500618514802));
#3526=CARTESIAN_POINT('Ctrl Pts',(2.76786136471857,-10.2796731059987,-2.90760950657201));
#3527=CARTESIAN_POINT('Ctrl Pts',(3.96225457118959,-15.4594918422329,-3.08668322548935));
#3528=CARTESIAN_POINT('Ctrl Pts',(1.75268877254385,-20.3264488860663,-3.25355277496354));
#3529=CARTESIAN_POINT('Ctrl Pts',(0.0022321214553922,-22.1972503504559,
-3.33377111963954));
#3530=CARTESIAN_POINT('Ctrl Pts',(1.58879600225299,-8.11420628425003,-2.94604532947562));
#3531=CARTESIAN_POINT('Ctrl Pts',(2.59107548499867,-10.3744825848135,-3.03166897488162));
#3532=CARTESIAN_POINT('Ctrl Pts',(3.73929834633532,-15.58944572054,-3.19789546009476));
#3533=CARTESIAN_POINT('Ctrl Pts',(1.46713864137819,-20.4755526986897,-3.35371021267292));
#3534=CARTESIAN_POINT('Ctrl Pts',(-0.312173004810739,-22.3486598792887,
-3.42897924400571));
#3535=CARTESIAN_POINT('Ctrl Pts',(1.52887350182522,-8.14306343955153,-3.00693022026353));
#3536=CARTESIAN_POINT('Ctrl Pts',(2.53164180817457,-10.4066364713309,-3.09215872606415));
#3537=CARTESIAN_POINT('Ctrl Pts',(3.67885220215462,-15.6268008696798,-3.25811620173175));
#3538=CARTESIAN_POINT('Ctrl Pts',(1.3996882796583,-20.5122668727722,-3.41437879740879));
#3539=CARTESIAN_POINT('Ctrl Pts',(-0.382103881188763,-22.3823368144233,
-3.49014119399905));
#3540=CARTESIAN_POINT('Ctrl Pts',(1.45267735504583,-8.17975756989142,-3.13398839628928));
#3541=CARTESIAN_POINT('Ctrl Pts',(2.46119228160273,-10.4452199927904,-3.21446277149956));
#3542=CARTESIAN_POINT('Ctrl Pts',(3.61742621553479,-15.6672534699106,-3.37161590501777));
#3543=CARTESIAN_POINT('Ctrl Pts',(1.33940201212657,-20.5468784622951,-3.5202231037656));
#3544=CARTESIAN_POINT('Ctrl Pts',(-0.440374032970514,-22.4103982405555,
-3.59252387995055));
#3545=CARTESIAN_POINT('Ctrl Pts',(1.40183993092325,-8.2042395830344,-3.30180764944076));
#3546=CARTESIAN_POINT('Ctrl Pts',(2.41863788725556,-10.4697086294195,-3.37155959662241));
#3547=CARTESIAN_POINT('Ctrl Pts',(3.58941563843256,-15.6900702497891,-3.50783733643841));
#3548=CARTESIAN_POINT('Ctrl Pts',(1.31918944968751,-20.561399283779,-3.63679337968226));
#3549=CARTESIAN_POINT('Ctrl Pts',(-0.455372220389173,-22.4176209869444,
-3.69956835305649));
#3550=CARTESIAN_POINT('Ctrl Pts',(1.40057263971903,-8.204849878313,-3.50421118102382));
#3551=CARTESIAN_POINT('Ctrl Pts',(2.42196691716401,-10.4714197660073,-3.55624030166427));
#3552=CARTESIAN_POINT('Ctrl Pts',(3.60017492129502,-15.6926261609376,-3.65747565679561));
#3553=CARTESIAN_POINT('Ctrl Pts',(1.33180541507659,-20.5592945764745,-3.75269047325554));
#3554=CARTESIAN_POINT('Ctrl Pts',(-0.440747984069555,-22.4105783259134,
-3.7988124564102));
#3555=CARTESIAN_POINT('Ctrl Pts',(1.46915692496285,-8.17182142729052,-3.71573697375172));
#3556=CARTESIAN_POINT('Ctrl Pts',(2.48791459164083,-10.4422742348777,-3.74680820436839));
#3557=CARTESIAN_POINT('Ctrl Pts',(3.65924469009477,-15.6702801990955,-3.80648626999786));
#3558=CARTESIAN_POINT('Ctrl Pts',(1.37963015379847,-20.5393942203316,-3.86152350128362));
#3559=CARTESIAN_POINT('Ctrl Pts',(-0.397763089637158,-22.3898778917627,
-3.88775289129689));
#3560=CARTESIAN_POINT('Ctrl Pts',(1.60767588156484,-8.1051142135673,-3.88689035848372));
#3561=CARTESIAN_POINT('Ctrl Pts',(2.61585648240641,-10.3825528345081,-3.90009217359257));
#3562=CARTESIAN_POINT('Ctrl Pts',(3.76457394494752,-15.6239735928055,-3.92454820509592));
#3563=CARTESIAN_POINT('Ctrl Pts',(1.45922030823636,-20.5033325947531,-3.9458232797347));
#3564=CARTESIAN_POINT('Ctrl Pts',(-0.33057358313073,-22.357521130779,-3.95544792923107));
#3565=CARTESIAN_POINT('Ctrl Pts',(1.77982822540786,-8.02221001420426,-3.98316746479918));
#3566=CARTESIAN_POINT('Ctrl Pts',(2.7750588209979,-10.3070362573975,-3.98701867217829));
#3567=CARTESIAN_POINT('Ctrl Pts',(3.89675274786086,-15.5630071946129,-3.99362316097675));
#3568=CARTESIAN_POINT('Ctrl Pts',(1.56252398474049,-20.4549634331256,-3.99858837026567));
#3569=CARTESIAN_POINT('Ctrl Pts',(-0.241468683390842,-22.3146104726528,
-4.00050186800484));
#3570=CARTESIAN_POINT('Ctrl Pts',(1.89200021317106,-7.96819083195633,-4.));
#3571=CARTESIAN_POINT('Ctrl Pts',(2.88098538948082,-10.2562849636128,-4.00084671657599));
#3572=CARTESIAN_POINT('Ctrl Pts',(3.98979688926506,-15.5188070619904,-4.00215318473388));
#3573=CARTESIAN_POINT('Ctrl Pts',(1.64232403034072,-20.4168455613038,-4.00290377601918));
#3574=CARTESIAN_POINT('Ctrl Pts',(-0.168225015473852,-22.2793381811956,
-4.0030787583785));
#3575=CARTESIAN_POINT('Ctrl Pts',(1.97412287416343,-7.92864264279346,-4.));
#3576=CARTESIAN_POINT('Ctrl Pts',(2.95989648821667,-10.2182833813194,-3.9980777931353));
#3577=CARTESIAN_POINT('Ctrl Pts',(4.06214471498286,-15.4839661853988,-3.99440802712935));
#3578=CARTESIAN_POINT('Ctrl Pts',(1.70817617393853,-20.385132840353,-3.99105515765239));
#3579=CARTESIAN_POINT('Ctrl Pts',(-0.105595196762228,-22.2491772501236,
-3.98946994086053));
#3580=CARTESIAN_POINT('Ctrl Pts',(2.02191675988877,-7.90562632049394,-3.99516908743865));
#3581=CARTESIAN_POINT('Ctrl Pts',(3.00809226862108,-10.1949905347627,-3.99185980123933));
#3582=CARTESIAN_POINT('Ctrl Pts',(4.11117658263643,-15.4601599598585,-3.98583682293003));
#3583=CARTESIAN_POINT('Ctrl Pts',(1.75823457639555,-20.3609265649847,-3.98075540773631));
#3584=CARTESIAN_POINT('Ctrl Pts',(-0.0549844949126587,-22.2248044206728,
-3.97852406733781));
#3585=CARTESIAN_POINT('Ctrl Pts',(2.08417236505035,-7.87564560116965,-3.98096472332456));
#3586=CARTESIAN_POINT('Ctrl Pts',(3.07602145148098,-10.1619077302727,-3.97597604390748));
#3587=CARTESIAN_POINT('Ctrl Pts',(4.19080159493905,-15.4209511920445,-3.967218336539));
#3588=CARTESIAN_POINT('Ctrl Pts',(1.85025906761903,-20.3161668137549,-3.9603121084446));
#3589=CARTESIAN_POINT('Ctrl Pts',(0.043310797520596,-22.1774679026887,-3.95749157157516));
#3590=CARTESIAN_POINT('Ctrl Pts',(2.14122627657964,-7.84816988547342,-3.9600378772784));
#3591=CARTESIAN_POINT('Ctrl Pts',(3.1443811139995,-10.1283758412905,-3.95349691703708));
#3592=CARTESIAN_POINT('Ctrl Pts',(4.28243756704149,-15.3753938205036,-3.94224281264662));
#3593=CARTESIAN_POINT('Ctrl Pts',(1.96628686246286,-20.2595580125597,-3.93372331566021));
#3594=CARTESIAN_POINT('Ctrl Pts',(0.171628031823676,-22.1156735794928,-3.93041107877087));
#3595=CARTESIAN_POINT('Ctrl Pts',(2.17865368990822,-7.83014579316678,-3.94122044468673));
#3596=CARTESIAN_POINT('Ctrl Pts',(3.18866628722758,-10.1064826910647,-3.93463165537962));
#3597=CARTESIAN_POINT('Ctrl Pts',(4.34094931908339,-15.3458934625731,-3.92370569208541));
#3598=CARTESIAN_POINT('Ctrl Pts',(2.04003936823153,-20.2233619220725,-3.91608542672481));
#3599=CARTESIAN_POINT('Ctrl Pts',(0.253008126127418,-22.0764829915999,-3.91344172297428));
#3600=CARTESIAN_POINT('Ctrl Pts',(2.34681814622989,-7.74916205921669,-3.84215159555475));
#3601=CARTESIAN_POINT('Ctrl Pts',(3.37849708331522,-10.0122254978419,-3.8396859291897));
#3602=CARTESIAN_POINT('Ctrl Pts',(4.57628527377016,-15.2259327884954,-3.8389823840971));
#3603=CARTESIAN_POINT('Ctrl Pts',(2.32593370999585,-20.0822805072341,-3.84406123077026));
#3604=CARTESIAN_POINT('Ctrl Pts',(0.563981082777616,-21.9267263085416,-3.84878560346652));
#3605=CARTESIAN_POINT('Ctrl Pts',(2.64831351762544,-7.60396954066464,-3.67563274641664));
#3606=CARTESIAN_POINT('Ctrl Pts',(3.71527617526729,-9.84023908533264,-3.67974441946432));
#3607=CARTESIAN_POINT('Ctrl Pts',(4.99007225551317,-15.003780228287,-3.69527929262423));
#3608=CARTESIAN_POINT('Ctrl Pts',(2.83380937963726,-19.8259566878669,-3.72045519575701));
#3609=CARTESIAN_POINT('Ctrl Pts',(1.11716534551223,-21.6603268080849,-3.7368173823672));
#3610=CARTESIAN_POINT('Ctrl Pts',(3.08778956768561,-7.39232902938188,-3.40277551841384));
#3611=CARTESIAN_POINT('Ctrl Pts',(4.20236638263882,-9.5783684736231,-3.41957353067401));
#3612=CARTESIAN_POINT('Ctrl Pts',(5.58898771576936,-14.651624749039,-3.46411205241275));
#3613=CARTESIAN_POINT('Ctrl Pts',(3.59162563317842,-19.4283035565335,-3.52262315489137));
#3614=CARTESIAN_POINT('Ctrl Pts',(1.94822476085491,-21.2601096869348,-3.55752165349753));
#3615=CARTESIAN_POINT('Ctrl Pts',(3.50162084822122,-7.19303838820731,-3.08688128865874));
#3616=CARTESIAN_POINT('Ctrl Pts',(4.66094610027416,-9.31933723824499,-3.11920211938086));
#3617=CARTESIAN_POINT('Ctrl Pts',(6.15971538467192,-14.2876196526334,-3.19752796248194));
#3618=CARTESIAN_POINT('Ctrl Pts',(4.34012029729153,-19.022091682697,-3.29284229742842));
#3619=CARTESIAN_POINT('Ctrl Pts',(2.77630284638767,-20.8613282985515,-3.34755031480491));
#3620=CARTESIAN_POINT('Ctrl Pts',(4.01824531279951,-6.94424515861137,-2.61652232356079));
#3621=CARTESIAN_POINT('Ctrl Pts',(5.23429681749334,-8.98005957821582,-2.67098193942359));
#3622=CARTESIAN_POINT('Ctrl Pts',(6.8835401346414,-13.7915809520317,-2.7961202903368));
#3623=CARTESIAN_POINT('Ctrl Pts',(5.32275469039837,-18.4732011911795,-2.94070185086355));
#3624=CARTESIAN_POINT('Ctrl Pts',(3.87246123141729,-20.3334462421282,-3.0213411140208));
#3625=CARTESIAN_POINT('Ctrl Pts',(4.59207970873791,-6.66790107812869,-1.94224578987928));
#3626=CARTESIAN_POINT('Ctrl Pts',(5.87588072138909,-8.57343731262077,-2.02425993968963));
#3627=CARTESIAN_POINT('Ctrl Pts',(7.71736218269161,-13.1620640934701,-2.20574682800892));
#3628=CARTESIAN_POINT('Ctrl Pts',(6.51603895596411,-17.7815508995912,-2.40716005840864));
#3629=CARTESIAN_POINT('Ctrl Pts',(5.22031605342629,-19.6843535700113,-2.51684082812072));
#3630=CARTESIAN_POINT('Ctrl Pts',(5.16225867841168,-6.39331735815598,-1.0263211443019));
#3631=CARTESIAN_POINT('Ctrl Pts',(6.52681852458659,-8.12652276029395,-1.1326207273051));
#3632=CARTESIAN_POINT('Ctrl Pts',(8.60710659634561,-12.4220696010492,-1.36164360600593));
#3633=CARTESIAN_POINT('Ctrl Pts',(7.87285944714293,-16.9682690996095,-1.60816229721504));
#3634=CARTESIAN_POINT('Ctrl Pts',(6.77583255927166,-18.93525630166,-1.7398484923413));
#3635=CARTESIAN_POINT('Ctrl Pts',(5.61855540798943,-6.17357643454645,-0.0304519010345187));
#3636=CARTESIAN_POINT('Ctrl Pts',(7.06389224363213,-7.73183735781027,-0.14184058084426));
#3637=CARTESIAN_POINT('Ctrl Pts',(9.38456143949923,-11.7300697339502,-0.377990708581685));
#3638=CARTESIAN_POINT('Ctrl Pts',(9.12327874293942,-16.2031065250486,-0.627321965779642));
#3639=CARTESIAN_POINT('Ctrl Pts',(8.22702544555192,-18.2363986406334,-0.758835951645795));
#3640=CARTESIAN_POINT('Ctrl Pts',(5.97054997123538,-6.00406478692896,1.02532254192452));
#3641=CARTESIAN_POINT('Ctrl Pts',(7.49335437852106,-7.40002249470218,0.936752663323019));
#3642=CARTESIAN_POINT('Ctrl Pts',(10.0415362103986,-11.1218806253825,0.750746557304614));
#3643=CARTESIAN_POINT('Ctrl Pts',(10.221376622282,-15.524533936809,0.556632023292179));
#3644=CARTESIAN_POINT('Ctrl Pts',(9.51283034788643,-17.6171876349307,0.45504194336816));
#3645=CARTESIAN_POINT('Ctrl Pts',(6.18191171594869,-5.90227833528815,1.9439043012871));
#3646=CARTESIAN_POINT('Ctrl Pts',(7.75983783419431,-7.1881101322709,1.90254822822866));
#3647=CARTESIAN_POINT('Ctrl Pts',(10.4669217856528,-10.7219054586373,1.81539681442617));
#3648=CARTESIAN_POINT('Ctrl Pts',(10.9484567327521,-15.0742540144479,1.72405745998669));
#3649=CARTESIAN_POINT('Ctrl Pts',(10.3687956553748,-17.2049764682645,1.67611668640063));
#3650=CARTESIAN_POINT('Ctrl Pts',(6.33128188726287,-5.83034545197631,2.69248992192951));
#3651=CARTESIAN_POINT('Ctrl Pts',(7.93948543419649,-7.05390805341499,2.7038083073266));
#3652=CARTESIAN_POINT('Ctrl Pts',(10.7348563872832,-10.4815458408751,2.7254668216252));
#3653=CARTESIAN_POINT('Ctrl Pts',(11.3861391228994,-14.8063426850696,2.74532665932498));
#3654=CARTESIAN_POINT('Ctrl Pts',(10.878788985242,-16.9593766248394,2.75474534731271));
#3655=CARTESIAN_POINT('Ctrl Pts',(6.40827665881643,-5.79326672421523,3.06963475126451));
#3656=CARTESIAN_POINT('Ctrl Pts',(8.03395428174903,-6.99209984679007,3.10697081328318));
#3657=CARTESIAN_POINT('Ctrl Pts',(10.8739893356675,-10.3764567376158,3.18212961639808));
#3658=CARTESIAN_POINT('Ctrl Pts',(11.597801623889,-14.6848653852663,3.25634148839603));
#3659=CARTESIAN_POINT('Ctrl Pts',(11.1225289801974,-16.8419976296806,3.29367912779346));
#3660=CARTESIAN_POINT('Ctrl Pts',(6.45615616710273,-5.77020916826356,3.28860022205834));
#3661=CARTESIAN_POINT('Ctrl Pts',(8.09403325065247,-6.9562219320832,3.34018142615239));
#3662=CARTESIAN_POINT('Ctrl Pts',(10.9627556893812,-10.3174949645253,3.44455873809153));
#3663=CARTESIAN_POINT('Ctrl Pts',(11.7271179542918,-14.614268748393,3.54835630052243));
#3664=CARTESIAN_POINT('Ctrl Pts',(11.270413261576,-16.770780313248,3.60085540949791));
#3665=CARTESIAN_POINT('Ctrl Pts',(6.46576613582151,-5.76558125124107,3.35305373030749));
#3666=CARTESIAN_POINT('Ctrl Pts',(8.10328666821762,-6.94996573805308,3.40544587289446));
#3667=CARTESIAN_POINT('Ctrl Pts',(10.9722951069436,-10.3086989382845,3.5115420246657));
#3668=CARTESIAN_POINT('Ctrl Pts',(11.7400176788232,-14.6059000397265,3.61715385943849));
#3669=CARTESIAN_POINT('Ctrl Pts',(11.2844945598057,-16.7639991174207,3.670609758708));
#3670=CARTESIAN_POINT('Ctrl Pts',(6.46477042016463,-5.76606076262897,3.46232937572987));
#3671=CARTESIAN_POINT('Ctrl Pts',(8.10036438701602,-6.94901046326215,3.51112620463669));
#3672=CARTESIAN_POINT('Ctrl Pts',(10.9667845335472,-10.3058372357476,3.61001073696237));
#3673=CARTESIAN_POINT('Ctrl Pts',(11.7359539493828,-14.6050264726063,3.70853687818833));
#3674=CARTESIAN_POINT('Ctrl Pts',(11.2804765001303,-16.7659341129773,3.75844098205259));
#3675=CARTESIAN_POINT('Ctrl Pts',(6.44362752602077,-5.77624264381679,3.58409764879484));
#3676=CARTESIAN_POINT('Ctrl Pts',(8.07771020809433,-6.95790188917089,3.62478000761513));
#3677=CARTESIAN_POINT('Ctrl Pts',(10.9421926051923,-10.3129684482024,3.70725708628854));
#3678=CARTESIAN_POINT('Ctrl Pts',(11.7128712863714,-14.6137244645482,3.78948390639421));
#3679=CARTESIAN_POINT('Ctrl Pts',(11.2575715905227,-16.7769645360904,3.83115042171991));
#3680=CARTESIAN_POINT('Ctrl Pts',(6.37737118624171,-5.80815001538946,3.75193687947167));
#3681=CARTESIAN_POINT('Ctrl Pts',(8.01341556065736,-6.98664187182192,3.77816413275224));
#3682=CARTESIAN_POINT('Ctrl Pts',(10.8831318324194,-10.3362217226133,3.83135867708436));
#3683=CARTESIAN_POINT('Ctrl Pts',(11.6628405167087,-14.6351550494023,3.88442265440126));
#3684=CARTESIAN_POINT('Ctrl Pts',(11.2114783348527,-16.7991618781193,3.91132305750314));
#3685=CARTESIAN_POINT('Ctrl Pts',(6.20217190428315,-5.89252154281401,3.95106009842449));
#3686=CARTESIAN_POINT('Ctrl Pts',(7.85254710659428,-7.06222905727372,3.95580672997891));
#3687=CARTESIAN_POINT('Ctrl Pts',(10.7524397146493,-10.3947638892543,3.96543045641244));
#3688=CARTESIAN_POINT('Ctrl Pts',(11.5655406070153,-14.6797562514987,3.9750258943504));
#3689=CARTESIAN_POINT('Ctrl Pts',(11.1305874475048,-16.8381168763588,3.9798884973652));
#3690=CARTESIAN_POINT('Ctrl Pts',(6.00950936651614,-5.98530293099766,4.));
#3691=CARTESIAN_POINT('Ctrl Pts',(7.67832716946083,-7.14561453365286,4.));
#3692=CARTESIAN_POINT('Ctrl Pts',(10.6159825742342,-10.4592772561044,4.));
#3693=CARTESIAN_POINT('Ctrl Pts',(11.4677248016923,-14.7262455387694,4.));
#3694=CARTESIAN_POINT('Ctrl Pts',(11.0522457370083,-16.8758442557279,4.));
#3695=CARTESIAN_POINT('Ctrl Pts',(5.92424095848786,-6.0263660320902,4.));
#3696=CARTESIAN_POINT('Ctrl Pts',(7.60039312602756,-7.18314559091136,4.));
#3697=CARTESIAN_POINT('Ctrl Pts',(10.5529514023013,-10.489631468701,4.));
#3698=CARTESIAN_POINT('Ctrl Pts',(11.4195965012597,-14.7494229067041,4.));
#3699=CARTESIAN_POINT('Ctrl Pts',(11.0116859434811,-16.8953768228347,4.));
#3700=CARTESIAN_POINT('',(2.45113751999531,-18.336900633915,-3.98745847361173));
#3701=CARTESIAN_POINT('Ctrl Pts',(2.63534694245433,-9.64649918327351,-3.99536115122679));
#3702=CARTESIAN_POINT('Ctrl Pts',(3.19867191649589,-11.4696726885468,-3.99350085431531));
#3703=CARTESIAN_POINT('Ctrl Pts',(3.59443239720176,-14.4768906546378,-3.99080313738987));
#3704=CARTESIAN_POINT('Ctrl Pts',(2.84370628214062,-17.3632140042027,-3.988311478471));
#3705=CARTESIAN_POINT('Ctrl Pts',(2.45113751999531,-18.336900633915,-3.98745847361173));
#3706=CARTESIAN_POINT('',(11.1489593984086,-14.7631536039098,4.));
#3707=CARTESIAN_POINT('Ctrl Pts',(2.45113751999531,-18.336900633915,-3.98745847361172));
#3708=CARTESIAN_POINT('Ctrl Pts',(2.43460884750251,-18.3391100612392,-3.99126526140888));
#3709=CARTESIAN_POINT('Ctrl Pts',(2.42082484051076,-18.3409311289946,-3.99402626976592));
#3710=CARTESIAN_POINT('Ctrl Pts',(2.40877972152047,-18.3425129208948,-3.99611535145298));
#3711=CARTESIAN_POINT('Ctrl Pts',(2.36253007813334,-18.3485865272539,-4.00413679840681));
#3712=CARTESIAN_POINT('Ctrl Pts',(2.33335310975222,-18.3522902979919,-3.99886627955553));
#3713=CARTESIAN_POINT('Ctrl Pts',(2.30050543045985,-18.3564069132395,-3.98798016410847));
#3714=CARTESIAN_POINT('Ctrl Pts',(2.2654196354117,-18.3608040189705,-3.97635231021821));
#3715=CARTESIAN_POINT('Ctrl Pts',(2.23258616171337,-18.3648153026025,-3.95640382081856));
#3716=CARTESIAN_POINT('Ctrl Pts',(2.20309787474225,-18.3683521240831,-3.93002693389711));
#3717=CARTESIAN_POINT('Ctrl Pts',(2.17289653241769,-18.3719744693343,-3.90301222829039));
#3718=CARTESIAN_POINT('Ctrl Pts',(2.14659848576706,-18.3750517315676,-3.86921583694149));
#3719=CARTESIAN_POINT('Ctrl Pts',(2.12645489756195,-18.3773825548862,-3.83283665690292));
#3720=CARTESIAN_POINT('Ctrl Pts',(2.10507063344157,-18.3798569373524,-3.79421682480018));
#3721=CARTESIAN_POINT('Ctrl Pts',(2.08964909439957,-18.3816063885652,-3.75092666618135));
#3722=CARTESIAN_POINT('Ctrl Pts',(2.08039357228136,-18.3826538504214,-3.71006758058497));
#3723=CARTESIAN_POINT('Ctrl Pts',(2.06968463212946,-18.3838657978605,-3.66279228949663));
#3724=CARTESIAN_POINT('Ctrl Pts',(2.06686445193033,-18.3841799439848,-3.61851211234975));
#3725=CARTESIAN_POINT('Ctrl Pts',(2.06779425129952,-18.3840753625058,-3.581016934977));
#3726=CARTESIAN_POINT('Ctrl Pts',(2.06897124201989,-18.3839429775695,-3.5335534957781));
#3727=CARTESIAN_POINT('Ctrl Pts',(2.07535183227794,-18.3832269573541,-3.49528526512559));
#3728=CARTESIAN_POINT('Ctrl Pts',(2.08617242718847,-18.3819989284093,-3.4580299791755));
#3729=CARTESIAN_POINT('Ctrl Pts',(2.09734053514224,-18.3807314602211,-3.41957820653456));
#3730=CARTESIAN_POINT('Ctrl Pts',(2.11323381104635,-18.3789212569464,-3.38423441236652));
#3731=CARTESIAN_POINT('Ctrl Pts',(2.13552724656619,-18.3763305199698,-3.35021094279798));
#3732=CARTESIAN_POINT('Ctrl Pts',(2.14938797860767,-18.3747197538324,-3.32905717336699));
#3733=CARTESIAN_POINT('Ctrl Pts',(2.16441674052445,-18.3729604297357,-3.31049632462234));
#3734=CARTESIAN_POINT('Ctrl Pts',(2.18364062680538,-18.3706753717158,-3.29452483410757));
#3735=CARTESIAN_POINT('Ctrl Pts',(2.19538977359278,-18.3692788027963,-3.2847634682875));
#3736=CARTESIAN_POINT('Ctrl Pts',(2.19959479289122,-18.3687906892279,-3.28010924864091));
#3737=CARTESIAN_POINT('Ctrl Pts',(2.22564610177713,-18.3656336517324,-3.26797427496425));
#3738=CARTESIAN_POINT('Ctrl Pts',(2.2505825931877,-18.3626117138046,-3.25635859499283));
#3739=CARTESIAN_POINT('Ctrl Pts',(2.32458508275995,-18.3534493731213,-3.22216499494116));
#3740=CARTESIAN_POINT('Ctrl Pts',(2.37705866499457,-18.3466507053243,-3.19829414201815));
#3741=CARTESIAN_POINT('Ctrl Pts',(2.50326876111971,-18.3302984671189,-3.14087967718266));
#3742=CARTESIAN_POINT('Ctrl Pts',(2.62981392825633,-18.3125771747651,-3.08487756038628));
#3743=CARTESIAN_POINT('Ctrl Pts',(2.75646266250849,-18.2934937502435,-3.0296982603795));
#3744=CARTESIAN_POINT('Ctrl Pts',(2.93680147252645,-18.2663203079693,-2.95112685293824));
#3745=CARTESIAN_POINT('Ctrl Pts',(3.1174552694759,-18.2363772211518,-2.87415553536333));
#3746=CARTESIAN_POINT('Ctrl Pts',(3.29884164124117,-18.2035063607541,-2.79659764280929));
#3747=CARTESIAN_POINT('Ctrl Pts',(3.48198402885485,-18.1703172749503,-2.71828890614735));
#3748=CARTESIAN_POINT('Ctrl Pts',(3.666193866049,-18.1341012139164,-2.63927448819973));
#3749=CARTESIAN_POINT('Ctrl Pts',(3.85332021234544,-18.0942511130229,-2.55730360429898));
#3750=CARTESIAN_POINT('Ctrl Pts',(4.03897959690446,-18.0547134137468,-2.47597532446037));
#3751=CARTESIAN_POINT('Ctrl Pts',(4.22752171707144,-18.0116003917749,-2.39176561847538));
#3752=CARTESIAN_POINT('Ctrl Pts',(4.42096947778937,-17.9639925650301,-2.30314164715973));
#3753=CARTESIAN_POINT('Ctrl Pts',(4.8233003212161,-17.8649782522417,-2.11882234051631));
#3754=CARTESIAN_POINT('Ctrl Pts',(5.21823724043712,-17.7533831213495,-1.92829331727589));
#3755=CARTESIAN_POINT('Ctrl Pts',(5.60255297724947,-17.6312620120374,-1.72664949913622));
#3756=CARTESIAN_POINT('Ctrl Pts',(6.02639968988977,-17.4965794430768,-1.50426446189673));
#3757=CARTESIAN_POINT('Ctrl Pts',(6.43861018446855,-17.3486365975719,-1.26755468671304));
#3758=CARTESIAN_POINT('Ctrl Pts',(6.83384343684444,-17.1915265139748,-1.0091499743213));
#3759=CARTESIAN_POINT('Ctrl Pts',(7.05673584047614,-17.1029240394684,-0.863422237324176));
#3760=CARTESIAN_POINT('Ctrl Pts',(7.26181967388901,-17.0164223413874,-0.718923837497105));
#3761=CARTESIAN_POINT('Ctrl Pts',(7.45085792933378,-16.9332429297192,-0.575991928518534));
#3762=CARTESIAN_POINT('Ctrl Pts',(7.67206842096824,-16.8359072951637,-0.408734577454803));
#3763=CARTESIAN_POINT('Ctrl Pts',(7.87134086150154,-16.7431236887453,-0.243696530944357));
#3764=CARTESIAN_POINT('Ctrl Pts',(8.05184892157854,-16.655861699236,-0.0824216572333434));
#3765=CARTESIAN_POINT('Ctrl Pts',(8.26681686230032,-16.5519409647264,0.109641386804873));
#3766=CARTESIAN_POINT('Ctrl Pts',(8.45516395390657,-16.4558589814835,0.296454530376016));
#3767=CARTESIAN_POINT('Ctrl Pts',(8.6209106254636,-16.3685643838356,0.47631836596315));
#3768=CARTESIAN_POINT('Ctrl Pts',(8.82487095893746,-16.2611436128513,0.697650640944122));
#3769=CARTESIAN_POINT('Ctrl Pts',(8.99497653052669,-16.1668939225811,0.907910632941173));
#3770=CARTESIAN_POINT('Ctrl Pts',(9.14061770957788,-16.0841259596956,1.10066167709258));
#3771=CARTESIAN_POINT('Ctrl Pts',(9.3251313511342,-15.9792667547941,1.34485907580808));
#3772=CARTESIAN_POINT('Ctrl Pts',(9.46469570325042,-15.8964954070536,1.5505144119635));
#3773=CARTESIAN_POINT('Ctrl Pts',(9.61028707587293,-15.807984764647,1.77272808036304));
#3774=CARTESIAN_POINT('Ctrl Pts',(9.75934855229919,-15.7173645115447,2.00023810995533));
#3775=CARTESIAN_POINT('Ctrl Pts',(9.90503464882352,-15.6259011826786,2.23406151441689));
#3776=CARTESIAN_POINT('Ctrl Pts',(10.0467881660612,-15.5342218197853,2.46579718401501));
#3777=CARTESIAN_POINT('Ctrl Pts',(10.1909791621885,-15.4409660126808,2.70151759285357));
#3778=CARTESIAN_POINT('Ctrl Pts',(10.3296098790877,-15.3485309449481,2.93238026071905));
#3779=CARTESIAN_POINT('Ctrl Pts',(10.4681727814883,-15.2534375999939,3.15917729034266));
#3780=CARTESIAN_POINT('Ctrl Pts',(10.6076743863344,-15.1577000396407,3.38751076964102));
#3781=CARTESIAN_POINT('Ctrl Pts',(10.7482121615946,-15.0584760803207,3.61362471329404));
#3782=CARTESIAN_POINT('Ctrl Pts',(10.8922767169909,-14.9535383077216,3.83440915623278));
#3783=CARTESIAN_POINT('Ctrl Pts',(10.9006197257721,-14.9474611935011,3.84719513638672));
#3784=CARTESIAN_POINT('Ctrl Pts',(10.9035819128294,-14.9453147676445,3.85316024396351));
#3785=CARTESIAN_POINT('Ctrl Pts',(10.9221987984219,-14.9316969366429,3.87560473828502));
#3786=CARTESIAN_POINT('Ctrl Pts',(10.9282930825082,-14.9272391055868,3.88295199966705));
#3787=CARTESIAN_POINT('Ctrl Pts',(10.9361985861678,-14.9214524198657,3.89280084215948));
#3788=CARTESIAN_POINT('Ctrl Pts',(10.9470689757262,-14.9134731313901,3.9045947125008));
#3789=CARTESIAN_POINT('Ctrl Pts',(10.9538632200569,-14.9084858919543,3.91196615363207));
#3790=CARTESIAN_POINT('Ctrl Pts',(10.9623251087727,-14.9022667974209,3.92018083073886));
#3791=CARTESIAN_POINT('Ctrl Pts',(10.9714164253126,-14.8955705369879,3.92823498400566));
#3792=CARTESIAN_POINT('Ctrl Pts',(10.9815886297292,-14.8880781424978,3.93724671438291));
#3793=CARTESIAN_POINT('Ctrl Pts',(10.990887520755,-14.8812131200376,3.94484587159149));
#3794=CARTESIAN_POINT('Ctrl Pts',(10.9994126361254,-14.8749091311593,3.95114420304026));
#3795=CARTESIAN_POINT('Ctrl Pts',(11.0116810690542,-14.8658371055763,3.9602080870565));
#3796=CARTESIAN_POINT('Ctrl Pts',(11.0223348663358,-14.8579358550423,3.96655725898195));
#3797=CARTESIAN_POINT('Ctrl Pts',(11.031266170203,-14.8513018514249,3.97125831794747));
#3798=CARTESIAN_POINT('Ctrl Pts',(11.0452417150517,-14.8409210809953,3.97861445109288));
#3799=CARTESIAN_POINT('Ctrl Pts',(11.053211698884,-14.834987638382,3.98199257396778));
#3800=CARTESIAN_POINT('Ctrl Pts',(11.0681400174525,-14.8238414911273,3.98710841063068));
#3801=CARTESIAN_POINT('Ctrl Pts',(11.087786375946,-14.8091726452165,3.99384108856841));
#3802=CARTESIAN_POINT('Ctrl Pts',(11.11514515431,-14.788689750755,4.0000010001008));
#3803=CARTESIAN_POINT('Ctrl Pts',(11.14896737849,-14.7631475774432,3.999999999882));
#3804=CARTESIAN_POINT('Ctrl Pts',(7.1497681037631,-6.99148167861518,4.));
#3805=CARTESIAN_POINT('Ctrl Pts',(9.36914535022049,-8.97315867073261,4.));
#3806=CARTESIAN_POINT('Ctrl Pts',(10.9809274384826,-11.8003912861187,4.));
#3807=CARTESIAN_POINT('Ctrl Pts',(11.1489593984086,-14.7631536039098,4.));
#3808=CARTESIAN_POINT('Ctrl Pts',(-1.01789886739308,-8.3891358543485,4.));
#3809=CARTESIAN_POINT('Ctrl Pts',(-0.877241761930542,-10.4208446462617,
4.));
#3810=CARTESIAN_POINT('Ctrl Pts',(-1.6214665428721,-14.7908078852658,4.));
#3811=CARTESIAN_POINT('Ctrl Pts',(-4.41156121681928,-18.1243148273982,4.));
#3812=CARTESIAN_POINT('Ctrl Pts',(-6.34366362122121,-19.143377893262,4.));
#3813=CARTESIAN_POINT('Ctrl Pts',(-1.07257616436299,-8.36280465590279,4.));
#3814=CARTESIAN_POINT('Ctrl Pts',(-0.927215989612313,-10.3967783266157,
4.));
#3815=CARTESIAN_POINT('Ctrl Pts',(-1.66188449115834,-14.7713436272269,4.));
#3816=CARTESIAN_POINT('Ctrl Pts',(-4.44242288571,-18.1094526309664,4.));
#3817=CARTESIAN_POINT('Ctrl Pts',(-6.36967208000455,-19.1308528796377,4.));
#3818=CARTESIAN_POINT('Ctrl Pts',(-1.17417586666233,-8.31387681799703,3.98582916571573));
#3819=CARTESIAN_POINT('Ctrl Pts',(-1.01637353737444,-10.354004014369,3.98737278297858));
#3820=CARTESIAN_POINT('Ctrl Pts',(-1.72576238514592,-14.7409591452413,3.99051585545546));
#3821=CARTESIAN_POINT('Ctrl Pts',(-4.48098626772229,-18.0910752147668,3.99366773545514));
#3822=CARTESIAN_POINT('Ctrl Pts',(-6.39525520805756,-19.1185326944976,3.99527170265974));
#3823=CARTESIAN_POINT('Ctrl Pts',(-1.31751448153642,-8.24484857917864,3.90526603799146));
#3824=CARTESIAN_POINT('Ctrl Pts',(-1.14178465466395,-10.2941406964791,3.91835481359676));
#3825=CARTESIAN_POINT('Ctrl Pts',(-1.81475230800851,-14.699344634987,3.94497817873574));
#3826=CARTESIAN_POINT('Ctrl Pts',(-4.53344040448811,-18.0664514066289,3.9716390965213));
#3827=CARTESIAN_POINT('Ctrl Pts',(-6.42874639546744,-19.1024041886873,3.98519292383518));
#3828=CARTESIAN_POINT('Ctrl Pts',(-1.40048996876578,-8.2048896905458,3.82831592544061));
#3829=CARTESIAN_POINT('Ctrl Pts',(-1.21480035798802,-10.2595328769072,3.85255740954494));
#3830=CARTESIAN_POINT('Ctrl Pts',(-1.8675368766683,-14.6752198576523,3.90186450396214));
#3831=CARTESIAN_POINT('Ctrl Pts',(-4.56587423827997,-18.0514966599645,3.95123905742743));
#3832=CARTESIAN_POINT('Ctrl Pts',(-6.45041913181283,-19.0919671489433,3.97633922621907));
#3833=CARTESIAN_POINT('Ctrl Pts',(-1.45846534885565,-8.17697021897879,3.75176814305313));
#3834=CARTESIAN_POINT('Ctrl Pts',(-1.26725250917405,-10.2349821356255,3.78630030653605));
#3835=CARTESIAN_POINT('Ctrl Pts',(-1.9087744170701,-14.657015802898,3.85654565531728));
#3836=CARTESIAN_POINT('Ctrl Pts',(-4.59574431182581,-18.0379612917598,3.92689656378537));
#3837=CARTESIAN_POINT('Ctrl Pts',(-6.47397191862842,-19.0806247246107,3.96266382607261));
#3838=CARTESIAN_POINT('Ctrl Pts',(-1.49682842801711,-8.15849553375533,3.68135501348671));
#3839=CARTESIAN_POINT('Ctrl Pts',(-1.3028151029059,-10.2187172934638,3.72546992994674));
#3840=CARTESIAN_POINT('Ctrl Pts',(-1.93865656974316,-14.6446358006062,3.81522106900423));
#3841=CARTESIAN_POINT('Ctrl Pts',(-4.6197603120834,-18.0274275849647,3.90512390930326));
#3842=CARTESIAN_POINT('Ctrl Pts',(-6.49434754938444,-19.0708123379964,3.95083784666669));
#3843=CARTESIAN_POINT('Ctrl Pts',(-1.52274310720286,-8.14601568200493,3.61798966580093));
#3844=CARTESIAN_POINT('Ctrl Pts',(-1.32920874848167,-10.2070184243619,3.66816676676913));
#3845=CARTESIAN_POINT('Ctrl Pts',(-1.96603511366956,-14.6338126777845,3.77027604288589));
#3846=CARTESIAN_POINT('Ctrl Pts',(-4.64790558830199,-18.0150855636708,3.8725910493934));
#3847=CARTESIAN_POINT('Ctrl Pts',(-6.52210548380865,-19.0574448213072,3.92462861780709));
#3848=CARTESIAN_POINT('Ctrl Pts',(-1.53387437920913,-8.14065514393167,3.57994406107032));
#3849=CARTESIAN_POINT('Ctrl Pts',(-1.34094162689906,-10.202141637558,3.63445585727622));
#3850=CARTESIAN_POINT('Ctrl Pts',(-1.97899934273111,-14.6293751095642,3.74540357071604));
#3851=CARTESIAN_POINT('Ctrl Pts',(-4.66193435455633,-18.0092563466238,3.85659819016151));
#3852=CARTESIAN_POINT('Ctrl Pts',(-6.53608100463087,-19.0507145651946,3.91316059444491));
#3853=CARTESIAN_POINT('Ctrl Pts',(-1.58033868927223,-8.11827911152488,3.39584318430242));
#3854=CARTESIAN_POINT('Ctrl Pts',(-1.41100724999207,-10.1725824534223,3.43830265649789));
#3855=CARTESIAN_POINT('Ctrl Pts',(-2.09706935875887,-14.5822800204955,3.52492650619726));
#3856=CARTESIAN_POINT('Ctrl Pts',(-4.82710666732112,-17.9347247042029,3.6120195381716));
#3857=CARTESIAN_POINT('Ctrl Pts',(-6.72196298114245,-18.9611985232128,3.65642427224954));
#3858=CARTESIAN_POINT('Ctrl Pts',(-1.65913162515113,-8.08033443346427,3.06564523200938));
#3859=CARTESIAN_POINT('Ctrl Pts',(-1.53249831036335,-10.1257319410124,3.08380274468691));
#3860=CARTESIAN_POINT('Ctrl Pts',(-2.30545467979667,-14.5091391942011,3.12150372893292));
#3861=CARTESIAN_POINT('Ctrl Pts',(-5.11987175423331,-17.8077019201494,3.16028733968445));
#3862=CARTESIAN_POINT('Ctrl Pts',(-7.04863022437636,-18.8038838700756,3.18038542810812));
#3863=CARTESIAN_POINT('Ctrl Pts',(-1.7745616129629,-8.02474628108486,2.57766539805642));
#3864=CARTESIAN_POINT('Ctrl Pts',(-1.71331828984139,-10.0670310443681,2.55461294298125));
#3865=CARTESIAN_POINT('Ctrl Pts',(-2.61947292149678,-14.4241634442093,2.50965059097152));
#3866=CARTESIAN_POINT('Ctrl Pts',(-5.56096262724603,-17.6292822464167,2.46721050334088));
#3867=CARTESIAN_POINT('Ctrl Pts',(-7.53246099347248,-18.5708832518808,2.44659273285137));
#3868=CARTESIAN_POINT('Ctrl Pts',(-1.89947314786165,-7.96459205628133,2.09889906424108));
#3869=CARTESIAN_POINT('Ctrl Pts',(-1.90638297019936,-10.0118780040477,2.0329562719169));
#3870=CARTESIAN_POINT('Ctrl Pts',(-2.95146383069634,-14.3525810461028,1.90221496910865));
#3871=CARTESIAN_POINT('Ctrl Pts',(-6.02370935801502,-17.4517490666525,1.7758367287364));
#3872=CARTESIAN_POINT('Ctrl Pts',(-8.03255759697097,-18.330049420684,1.71327336394201));
#3873=CARTESIAN_POINT('Ctrl Pts',(-2.0404481318552,-7.89670208210324,1.63124143385601));
#3874=CARTESIAN_POINT('Ctrl Pts',(-2.12039313791379,-9.95463466757315,1.5238352257022));
#3875=CARTESIAN_POINT('Ctrl Pts',(-3.31441866053189,-14.2847551923102,1.3104250228523));
#3876=CARTESIAN_POINT('Ctrl Pts',(-6.52570277869533,-17.2648961692963,1.10350152933418));
#3877=CARTESIAN_POINT('Ctrl Pts',(-8.56995501773151,-18.0712524626331,1.00082059971366));
#3878=CARTESIAN_POINT('Ctrl Pts',(-2.20406846695137,-7.81790668160014,1.17658771019385));
#3879=CARTESIAN_POINT('Ctrl Pts',(-2.36490411105955,-9.8892513617376,1.0344338493298));
#3880=CARTESIAN_POINT('Ctrl Pts',(-3.72391953900816,-14.2098013756832,0.752123207906951));
#3881=CARTESIAN_POINT('Ctrl Pts',(-7.08886093958009,-17.0564334643623,0.478587460206149));
#3882=CARTESIAN_POINT('Ctrl Pts',(-9.17089726842335,-17.7818539273309,0.34292595473666));
#3883=CARTESIAN_POINT('Ctrl Pts',(-2.38757442017343,-7.72953487212831,0.734097742180511));
#3884=CARTESIAN_POINT('Ctrl Pts',(-2.63798725986984,-9.81520879113846,0.567825918081398));
#3885=CARTESIAN_POINT('Ctrl Pts',(-4.1797116293622,-14.1244617693447,0.238247986769986));
#3886=CARTESIAN_POINT('Ctrl Pts',(-7.71491190926869,-16.8237938446027,-0.0802206402790916));
#3887=CARTESIAN_POINT('Ctrl Pts',(-9.83922767595313,-17.4600029660872,-0.237835581274001));
#3888=CARTESIAN_POINT('Ctrl Pts',(-2.58820625854464,-7.63291567104405,0.302931378741896));
#3889=CARTESIAN_POINT('Ctrl Pts',(-2.93382561383733,-9.73386018658302,0.122306330576946));
#3890=CARTESIAN_POINT('Ctrl Pts',(-4.66975094119057,-14.031155903588,-0.23475136894094));
#3891=CARTESIAN_POINT('Ctrl Pts',(-8.38589378982015,-16.5738923909006,-0.578437438850599));
#3892=CARTESIAN_POINT('Ctrl Pts',(-10.5550871285277,-17.1152632230939,-0.748019961257144));
#3893=CARTESIAN_POINT('Ctrl Pts',(-2.88003393136232,-7.49237887074939,-0.256194290511297));
#3894=CARTESIAN_POINT('Ctrl Pts',(-3.35703365953471,-9.61448574494118,-0.443908499800873));
#3895=CARTESIAN_POINT('Ctrl Pts',(-5.36096361857133,-13.895392638566,-0.813313379487819));
#3896=CARTESIAN_POINT('Ctrl Pts',(-9.32676762727376,-16.2219477362286,-1.16658405782379));
#3897=CARTESIAN_POINT('Ctrl Pts',(-11.5577734063111,-16.6323949610868,-1.34000936618616));
#3898=CARTESIAN_POINT('Ctrl Pts',(-3.29319839072181,-7.29340935372852,-0.92429983102101));
#3899=CARTESIAN_POINT('Ctrl Pts',(-3.93635762812024,-9.44292815565104,-1.1020452753663));
#3900=CARTESIAN_POINT('Ctrl Pts',(-6.27928264223282,-13.7039506096061,-1.44919734580493));
#3901=CARTESIAN_POINT('Ctrl Pts',(-10.5606771109691,-15.7564384426255,-1.7775337699223));
#3902=CARTESIAN_POINT('Ctrl Pts',(-12.8692051000127,-16.0008427431004,-1.93730136118489));
#3903=CARTESIAN_POINT('Ctrl Pts',(-3.7757779917274,-7.06101126632996,-1.54366746117805));
#3904=CARTESIAN_POINT('Ctrl Pts',(-4.57647215025023,-9.2349620357228,-1.69671245775891));
#3905=CARTESIAN_POINT('Ctrl Pts',(-7.24084732382839,-13.4750296828504,-1.99303186263598));
#3906=CARTESIAN_POINT('Ctrl Pts',(-11.8217144320064,-15.2693187352469,-2.26967194479525));
#3907=CARTESIAN_POINT('Ctrl Pts',(-14.2049300299678,-15.3575915191255,-2.40286486697471));
#3908=CARTESIAN_POINT('Ctrl Pts',(-4.21287347562888,-6.85051717528762,-1.99797533233841));
#3909=CARTESIAN_POINT('Ctrl Pts',(-5.12857594920859,-9.03924798486283,-2.12959825924386));
#3910=CARTESIAN_POINT('Ctrl Pts',(-8.0276482011441,-13.2599277937604,-2.38303979730378));
#3911=CARTESIAN_POINT('Ctrl Pts',(-12.8277230661053,-14.868914144013,-2.61767497805066));
#3912=CARTESIAN_POINT('Ctrl Pts',(-15.2679870217341,-14.845650253545,-2.72985931301925));
#3913=CARTESIAN_POINT('Ctrl Pts',(-4.56894475083422,-6.67904228666229,-2.31139080604438));
#3914=CARTESIAN_POINT('Ctrl Pts',(-5.56413097083945,-8.87563535906196,-2.42843792719581));
#3915=CARTESIAN_POINT('Ctrl Pts',(-8.62541389371054,-13.0797725754862,-2.65342063098534));
#3916=CARTESIAN_POINT('Ctrl Pts',(-13.5774378980078,-14.5631495939953,-2.86115196612081));
#3917=CARTESIAN_POINT('Ctrl Pts',(-16.0590918913879,-14.4646742275047,-2.96024987501445));
#3918=CARTESIAN_POINT('Ctrl Pts',(-4.94301715705095,-6.49889851023206,-2.61097129360717));
#3919=CARTESIAN_POINT('Ctrl Pts',(-6.01178167539166,-8.69826545828319,-2.71394073328766));
#3920=CARTESIAN_POINT('Ctrl Pts',(-9.22320994880722,-12.881084670243,-2.91223534944141));
#3921=CARTESIAN_POINT('Ctrl Pts',(-14.316782343989,-14.2528756047866,-3.09585216154992));
#3922=CARTESIAN_POINT('Ctrl Pts',(-16.8405824887986,-14.088328190955,-3.1836580712269));
#3923=CARTESIAN_POINT('Ctrl Pts',(-5.1965805460468,-6.37678881783283,-2.81500618514802));
#3924=CARTESIAN_POINT('Ctrl Pts',(-6.31123872988889,-8.57327250207557,-2.90760950657201));
#3925=CARTESIAN_POINT('Ctrl Pts',(-9.61629210771056,-12.7366508708594,-3.08668322548935));
#3926=CARTESIAN_POINT('Ctrl Pts',(-14.7990740903905,-14.0436408498082,-3.25355277496354));
#3927=CARTESIAN_POINT('Ctrl Pts',(-17.353117443247,-13.841504365641,-3.33377111963954));
#3928=CARTESIAN_POINT('Ctrl Pts',(-5.35334382362795,-6.30129560218867,-2.94604532947562));
#3929=CARTESIAN_POINT('Ctrl Pts',(-6.49558795838065,-8.4941684788153,-3.03166897488162));
#3930=CARTESIAN_POINT('Ctrl Pts',(-9.8569050734974,-12.6433615928925,-3.19789546009476));
#3931=CARTESIAN_POINT('Ctrl Pts',(-15.0936857399567,-13.9133534740289,-3.35371021267292));
#3932=CARTESIAN_POINT('Ctrl Pts',(-17.6675225695132,-13.6900948368082,-3.42897924400571));
#3933=CARTESIAN_POINT('Ctrl Pts',(-5.41326632405572,-6.27243844688717,-3.00693022026353));
#3934=CARTESIAN_POINT('Ctrl Pts',(-6.5577831705305,-8.46774897948916,-3.09215872606415));
#3935=CARTESIAN_POINT('Ctrl Pts',(-9.92379805958554,-12.6193934489139,-3.25811620173175));
#3936=CARTESIAN_POINT('Ctrl Pts',(-15.1644446497712,-13.8835095708565,-3.41437879740879));
#3937=CARTESIAN_POINT('Ctrl Pts',(-17.7374534458912,-13.6564179016736,-3.49014119399905));
#3938=CARTESIAN_POINT('Ctrl Pts',(-5.48946247083512,-6.23574431654728,-3.13398839628928));
#3939=CARTESIAN_POINT('Ctrl Pts',(-6.63187354367531,-8.4367257538401,-3.21446277149956));
#3940=CARTESIAN_POINT('Ctrl Pts',(-9.99372365222028,-12.5965904624354,-3.37161590501777));
#3941=CARTESIAN_POINT('Ctrl Pts',(-15.2290929531167,-13.8579558420334,-3.5202231037656));
#3942=CARTESIAN_POINT('Ctrl Pts',(-17.7957235976729,-13.6283564755414,-3.59252387995055));
#3943=CARTESIAN_POINT('Ctrl Pts',(-5.54029989495769,-6.2112623034043,-3.30180764944076));
#3944=CARTESIAN_POINT('Ctrl Pts',(-6.67755176165442,-8.4187238038218,-3.37155959662241));
#3945=CARTESIAN_POINT('Ctrl Pts',(-10.0290268382252,-12.5889169409803,-3.50783733643841));
#3946=CARTESIAN_POINT('Ctrl Pts',(-15.2530481150542,-13.851206608487,-3.63679337968226));
#3947=CARTESIAN_POINT('Ctrl Pts',(-17.8107217850916,-13.6211337291525,-3.69956835305649));
#3948=CARTESIAN_POINT('Ctrl Pts',(-5.54156718616192,-6.2106520081257,-3.50421118102382));
#3949=CARTESIAN_POINT('Ctrl Pts',(-6.67681396591152,-8.42239342042235,-3.55624030166427));
#3950=CARTESIAN_POINT('Ctrl Pts',(-10.0243168268874,-12.5989224715865,-3.65747565679561));
#3951=CARTESIAN_POINT('Ctrl Pts',(-15.2435366628615,-13.8597579038697,-3.75269047325554));
#3952=CARTESIAN_POINT('Ctrl Pts',(-17.796097548772,-13.6281763901835,-3.7988124564102));
#3953=CARTESIAN_POINT('Ctrl Pts',(-5.47298290091809,-6.24368045914818,-3.71573697375172));
#3954=CARTESIAN_POINT('Ctrl Pts',(-6.61290936960853,-8.45578144709481,-3.74680820436839));
#3955=CARTESIAN_POINT('Ctrl Pts',(-9.97001665196844,-12.6311725971749,-3.80648626999786));
#3956=CARTESIAN_POINT('Ctrl Pts',(-15.198159701047,-13.8847411211348,-3.86152350128362));
#3957=CARTESIAN_POINT('Ctrl Pts',(-17.7531126543396,-13.6488768243342,-3.88775289129689));
#3958=CARTESIAN_POINT('Ctrl Pts',(-5.33446394431611,-6.31038767287141,-3.88689035848372));
#3959=CARTESIAN_POINT('Ctrl Pts',(-6.48644683449971,-8.51857476113871,-3.90009217359257));
#3960=CARTESIAN_POINT('Ctrl Pts',(-9.86814097308664,-12.6846506278632,-3.92454820509592));
#3961=CARTESIAN_POINT('Ctrl Pts',(-15.1203419372404,-13.9244831537822,-3.9458232797347));
#3962=CARTESIAN_POINT('Ctrl Pts',(-17.6859231478331,-13.6812335853179,-3.95544792923107));
#3963=CARTESIAN_POINT('Ctrl Pts',(-5.16231160047308,-6.39329187223442,-3.98316746479918));
#3964=CARTESIAN_POINT('Ctrl Pts',(-6.32814456252254,-8.59596034583232,-3.98701867217829));
#3965=CARTESIAN_POINT('Ctrl Pts',(-9.73806338796857,-12.7499802497666,-3.99362316097675));
#3966=CARTESIAN_POINT('Ctrl Pts',(-15.0181166151046,-13.9750915413286,-3.99858837026567));
#3967=CARTESIAN_POINT('Ctrl Pts',(-17.5968182480933,-13.724144243444,-4.00050186800484));
#3968=CARTESIAN_POINT('Ctrl Pts',(-5.05013961270989,-6.44731105448237,-4.));
#3969=CARTESIAN_POINT('Ctrl Pts',(-6.22242146807067,-8.64713415779616,-4.00084671657599));
#3970=CARTESIAN_POINT('Ctrl Pts',(-9.64549425946685,-12.7951667568447,-4.00215318473388));
#3971=CARTESIAN_POINT('Ctrl Pts',(-14.93856034825,-14.0137156249318,-4.00290377601918));
#3972=CARTESIAN_POINT('Ctrl Pts',(-17.5235745801763,-13.7594165349012,-4.0030787583785));
#3973=CARTESIAN_POINT('Ctrl Pts',(-4.96801695171751,-6.48685924364524,-4.));
#3974=CARTESIAN_POINT('Ctrl Pts',(-6.14351036933482,-8.68513574008956,-3.9980777931353));
#3975=CARTESIAN_POINT('Ctrl Pts',(-9.57314643374905,-12.8300076334363,-3.99440802712935));
#3976=CARTESIAN_POINT('Ctrl Pts',(-14.8727082046522,-14.0454283458826,-3.99105515765239));
#3977=CARTESIAN_POINT('Ctrl Pts',(-17.4609447614646,-13.7895774659733,-3.98946994086053));
#3978=CARTESIAN_POINT('Ctrl Pts',(-4.92022306599216,-6.50987556594473,-3.99516908743865));
#3979=CARTESIAN_POINT('Ctrl Pts',(-6.09524971100569,-8.70829386624746,-3.99185980123933));
#3980=CARTESIAN_POINT('Ctrl Pts',(-9.52396310769479,-12.853499352367,-3.98583682293003));
#3981=CARTESIAN_POINT('Ctrl Pts',(-14.8225720730667,-14.0694732150524,-3.98075540773631));
#3982=CARTESIAN_POINT('Ctrl Pts',(-17.4103340596151,-13.8139502954241,-3.97852406733781));
#3983=CARTESIAN_POINT('Ctrl Pts',(-4.8579674608306,-6.53985628526907,-3.98096472332456));
#3984=CARTESIAN_POINT('Ctrl Pts',(-6.02703138016535,-8.74077624876927,-3.97597604390748));
#3985=CARTESIAN_POINT('Ctrl Pts',(-9.44366307548551,-12.8913064269016,-3.967218336539));
#3986=CARTESIAN_POINT('Ctrl Pts',(-14.7302011586087,-14.1135136110235,-3.9603121084446));
#3987=CARTESIAN_POINT('Ctrl Pts',(-17.3120387671818,-13.8612868134082,-3.95749157157516));
#3988=CARTESIAN_POINT('Ctrl Pts',(-4.80091354930129,-6.56733200096526,-3.9600378772784));
#3989=CARTESIAN_POINT('Ctrl Pts',(-5.95819354125365,-8.77331519423969,-3.95349691703708));
#3990=CARTESIAN_POINT('Ctrl Pts',(-9.35091079406707,-12.9345457582626,-3.94224281264662));
#3991=CARTESIAN_POINT('Ctrl Pts',(-14.6136004688322,-14.1689327836331,-3.93372331566021));
#3992=CARTESIAN_POINT('Ctrl Pts',(-17.1837215328787,-13.9230811366041,-3.93041107877087));
#3993=CARTESIAN_POINT('Ctrl Pts',(-4.76348613597272,-6.58535609327192,-3.94122044468673));
#3994=CARTESIAN_POINT('Ctrl Pts',(-5.91346543327549,-8.79428858097962,-3.93463165537962));
#3995=CARTESIAN_POINT('Ctrl Pts',(-9.29136500480589,-12.9618989157825,-3.92370569208541));
#3996=CARTESIAN_POINT('Ctrl Pts',(-14.5393172905388,-14.204026921268,-3.91608542672481));
#3997=CARTESIAN_POINT('Ctrl Pts',(-17.102341438575,-13.962271724497,-3.91344172297428));
#3998=CARTESIAN_POINT('Ctrl Pts',(-4.59532167965105,-6.66633982722201,-3.84215159555475));
#3999=CARTESIAN_POINT('Ctrl Pts',(-5.72141462672545,-8.88393587497666,-3.8396859291897));
#4000=CARTESIAN_POINT('Ctrl Pts',(-9.05084640539598,-13.0710977172017,-3.8389823840971));
#4001=CARTESIAN_POINT('Ctrl Pts',(-14.2507631923278,-14.3395852949353,-3.84406123077026));
#4002=CARTESIAN_POINT('Ctrl Pts',(-16.7913684819248,-14.1120284075552,-3.84878560346652));
#4003=CARTESIAN_POINT('Ctrl Pts',(-4.2938263082555,-6.81153234577405,-3.67563274641664));
#4004=CARTESIAN_POINT('Ctrl Pts',(-5.37697190555761,-9.04000859744399,-3.67974441946432));
#4005=CARTESIAN_POINT('Ctrl Pts',(-8.61916857665547,-13.2560995508171,-3.69527929262423));
#4006=CARTESIAN_POINT('Ctrl Pts',(-13.7337058600065,-14.5768431952916,-3.72045519575701));
#4007=CARTESIAN_POINT('Ctrl Pts',(-16.2381842191902,-14.378427908012,-3.7368173823672));
#4008=CARTESIAN_POINT('Ctrl Pts',(-3.85435025819534,-7.02317285705682,-3.40277551841384));
#4009=CARTESIAN_POINT('Ctrl Pts',(-4.86853744010852,-9.25755740056152,-3.41957353067401));
#4010=CARTESIAN_POINT('Ctrl Pts',(-7.97042465461057,-13.5047851630024,-3.46411205241275));
#4011=CARTESIAN_POINT('Ctrl Pts',(-12.9503174170623,-14.9213951281724,-3.52262315489137));
#4012=CARTESIAN_POINT('Ctrl Pts',(-15.4071248038475,-14.778645029162,-3.55752165349753));
#4013=CARTESIAN_POINT('Ctrl Pts',(-3.44051897765973,-7.22246349823139,-3.08688128865874));
#4014=CARTESIAN_POINT('Ctrl Pts',(-4.38009888806244,-9.45458612740901,-3.11920211938086));
#4015=CARTESIAN_POINT('Ctrl Pts',(-7.32999112926245,-13.7240445570325,-3.19752796248194));
#4016=CARTESIAN_POINT('Ctrl Pts',(-12.1660493957244,-15.2533228603044,-3.29284229742842));
#4017=CARTESIAN_POINT('Ctrl Pts',(-14.5790467183147,-15.1774264175453,-3.34755031480491));
#4018=CARTESIAN_POINT('Ctrl Pts',(-2.92389451308143,-7.47125672782732,-2.61652232356079));
#4019=CARTESIAN_POINT('Ctrl Pts',(-3.757362607079,-9.69131360759991,-2.67098193942359));
#4020=CARTESIAN_POINT('Ctrl Pts',(-6.49087510667061,-13.9806784631958,-2.7961202903368));
#4021=CARTESIAN_POINT('Ctrl Pts',(-11.1242470059709,-15.6793497407928,-2.94070185086355));
#4022=CARTESIAN_POINT('Ctrl Pts',(-13.4828883332851,-15.7053084739686,-3.0213411140208));
#4023=CARTESIAN_POINT('Ctrl Pts',(-2.35006011714303,-7.74760080831001,-1.94224578987928));
#4024=CARTESIAN_POINT('Ctrl Pts',(-3.0394314972486,-9.93939926650315,-2.02425993968963));
#4025=CARTESIAN_POINT('Ctrl Pts',(-5.47881946437847,-14.2400894497261,-2.20574682800892));
#4026=CARTESIAN_POINT('Ctrl Pts',(-9.83949246285032,-16.181060043888,-2.40716005840864));
#4027=CARTESIAN_POINT('Ctrl Pts',(-12.1350335112761,-16.3544011460855,-2.51684082812072));
#4028=CARTESIAN_POINT('Ctrl Pts',(-1.77988114746926,-8.02218452828273,-1.0263211443019));
#4029=CARTESIAN_POINT('Ctrl Pts',(-2.28416654832842,-10.1696762684935,-1.1326207273051));
#4030=CARTESIAN_POINT('Ctrl Pts',(-4.34552190517682,-14.4743406242148,-1.36164360600593));
#4031=CARTESIAN_POINT('Ctrl Pts',(-8.35767940830339,-16.7347921116234,-1.60816229721504));
#4032=CARTESIAN_POINT('Ctrl Pts',(-10.5795170054307,-17.1034984144368,-1.7398484923413));
#4033=CARTESIAN_POINT('Ctrl Pts',(-1.32358441789151,-8.24192545189225,-0.0304519010345187));
#4034=CARTESIAN_POINT('Ctrl Pts',(-1.64072908832488,-10.3434950870584,-0.14184058084426));
#4035=CARTESIAN_POINT('Ctrl Pts',(-3.31975945710322,-14.6507244367657,-0.377990708581685));
#4036=CARTESIAN_POINT('Ctrl Pts',(-6.97982753932887,-17.2353382213599,-0.627321965779642));
#4037=CARTESIAN_POINT('Ctrl Pts',(-9.12832411915046,-17.8023560754634,-0.758835951645795));
#4038=CARTESIAN_POINT('Ctrl Pts',(-0.971589854645565,-8.41143709950975,
1.02532254192452));
#4039=CARTESIAN_POINT('Ctrl Pts',(-1.11354052060842,-10.4723789213895,0.936752663323019));
#4040=CARTESIAN_POINT('Ctrl Pts',(-2.43464099499652,-14.7851682890485,0.750746557304614));
#4041=CARTESIAN_POINT('Ctrl Pts',(-5.7646452974906,-17.670782625673,0.556632023292179));
#4042=CARTESIAN_POINT('Ctrl Pts',(-7.84251921681592,-18.421567081166,0.45504194336816));
#4043=CARTESIAN_POINT('Ctrl Pts',(-0.760228109932249,-8.51322355115055,
1.9439043012871));
#4044=CARTESIAN_POINT('Ctrl Pts',(-0.78171104715913,-10.548598879728,1.90254822822866));
#4045=CARTESIAN_POINT('Ctrl Pts',(-1.85670424940102,-14.8683676865077,1.81539681442617));
#4046=CARTESIAN_POINT('Ctrl Pts',(-4.95927524425292,-17.958491806741,1.72405745998669));
#4047=CARTESIAN_POINT('Ctrl Pts',(-6.98655390932749,-18.8337782478322,1.67611668640063));
#4048=CARTESIAN_POINT('Ctrl Pts',(-0.610857938618074,-8.58515643446239,
2.69248992192951));
#4049=CARTESIAN_POINT('Ctrl Pts',(-0.564779190367166,-10.6053794016046,
2.7038083073266));
#4050=CARTESIAN_POINT('Ctrl Pts',(-1.50172904143885,-14.9279856228515,2.7254668216252));
#4051=CARTESIAN_POINT('Ctrl Pts',(-4.47692322572519,-18.1336456970102,2.74532665932498));
#4052=CARTESIAN_POINT('Ctrl Pts',(-6.47656057946037,-19.0793780912574,2.75474534731271));
#4053=CARTESIAN_POINT('Ctrl Pts',(-0.53386316706451,-8.62223516222347,3.06963475126451));
#4054=CARTESIAN_POINT('Ctrl Pts',(-0.457555225510553,-10.6407013342318,
3.10697081328318));
#4055=CARTESIAN_POINT('Ctrl Pts',(-1.33281909762624,-14.9712421579782,3.18212961639808));
#4056=CARTESIAN_POINT('Ctrl Pts',(-4.24997903753076,-18.2233902463571,3.25634148839603));
#4057=CARTESIAN_POINT('Ctrl Pts',(-6.2328205845049,-19.1967570864162,3.29367912779346));
#4058=CARTESIAN_POINT('Ctrl Pts',(-0.485983658778212,-8.64529271817514,
3.28860022205834));
#4059=CARTESIAN_POINT('Ctrl Pts',(-0.392046117849938,-10.6653034496231,
3.34018142615239));
#4060=CARTESIAN_POINT('Ctrl Pts',(-1.23137601087331,-15.0038804236741,3.44455873809153));
#4061=CARTESIAN_POINT('Ctrl Pts',(-4.1141569510469,-18.2804775415272,3.54835630052243));
#4062=CARTESIAN_POINT('Ctrl Pts',(-6.08493630312632,-19.2679744028487,3.60085540949791));
#4063=CARTESIAN_POINT('Ctrl Pts',(-0.476373690059438,-8.64992063519763,
3.35305373030749));
#4064=CARTESIAN_POINT('Ctrl Pts',(-0.381385416912559,-10.6686373896197,
3.40544587289446));
#4065=CARTESIAN_POINT('Ctrl Pts',(-1.21855127107177,-15.0058544079908,3.5115420246657));
#4066=CARTESIAN_POINT('Ctrl Pts',(-4.09957118445176,-18.2853451477728,3.61715385943849));
#4067=CARTESIAN_POINT('Ctrl Pts',(-6.07085500489661,-19.274755598676,3.670609758708));
#4068=CARTESIAN_POINT('Ctrl Pts',(-0.477369405716316,-8.64944112380974,
3.46232937572987));
#4069=CARTESIAN_POINT('Ctrl Pts',(-0.382460565533954,-10.6657570540855,
3.51112620463669));
#4070=CARTESIAN_POINT('Ctrl Pts',(-1.21974968825005,-14.9997618258753,3.61001073696237));
#4071=CARTESIAN_POINT('Ctrl Pts',(-4.10142189603877,-18.2816233359693,3.70853687818833));
#4072=CARTESIAN_POINT('Ctrl Pts',(-6.07487306457203,-19.2728206031194,3.75844098205259));
#4073=CARTESIAN_POINT('Ctrl Pts',(-0.498512299860172,-8.63925924262192,
3.58409764879484));
#4074=CARTESIAN_POINT('Ctrl Pts',(-0.403536811760598,-10.6535890171732,
3.62478000761513));
#4075=CARTESIAN_POINT('Ctrl Pts',(-1.24065791119267,-14.9849813203133,3.70725708628854));
#4076=CARTESIAN_POINT('Ctrl Pts',(-4.12261406496052,-18.2689996926003,3.78948390639421));
#4077=CARTESIAN_POINT('Ctrl Pts',(-6.09777797417962,-19.2617901800063,3.83115042171991));
#4078=CARTESIAN_POINT('Ctrl Pts',(-0.564768639639229,-8.60735187104923,
3.75193687947167));
#4079=CARTESIAN_POINT('Ctrl Pts',(-0.466093691993809,-10.6212405237413,
3.77816413275224));
#4080=CARTESIAN_POINT('Ctrl Pts',(-1.29566184271135,-14.9533039282356,3.83135867708436));
#4081=CARTESIAN_POINT('Ctrl Pts',(-4.17056284555095,-18.2432458128902,3.88442265440126));
#4082=CARTESIAN_POINT('Ctrl Pts',(-6.14387122984968,-19.2395928379775,3.91132305750314));
#4083=CARTESIAN_POINT('Ctrl Pts',(-0.73996792159779,-8.52298034362468,3.95106009842449));
#4084=CARTESIAN_POINT('Ctrl Pts',(-0.625489973800284,-10.5425963410992,
3.95580672997891));
#4085=CARTESIAN_POINT('Ctrl Pts',(-1.42291715425616,-14.8876251599319,3.96543045641244));
#4086=CARTESIAN_POINT('Ctrl Pts',(-4.26609897092151,-18.1949820749084,3.9750258943504));
#4087=CARTESIAN_POINT('Ctrl Pts',(-6.22476211719756,-19.2006378397378,3.9798884973652));
#4088=CARTESIAN_POINT('Ctrl Pts',(-0.932630459364805,-8.43019895544105,
4.));
#4089=CARTESIAN_POINT('Ctrl Pts',(-0.799307718497264,-10.4583757035202,
4.));
#4090=CARTESIAN_POINT('Ctrl Pts',(-1.55843537093918,-14.8211620978624,4.));
#4091=CARTESIAN_POINT('Ctrl Pts',(-4.36343291638673,-18.1474921953329,4.));
#4092=CARTESIAN_POINT('Ctrl Pts',(-6.30310382769402,-19.1629104603688,4.));
#4093=CARTESIAN_POINT('Ctrl Pts',(-1.01789886739308,-8.3891358543485,4.));
#4094=CARTESIAN_POINT('Ctrl Pts',(-0.877241761930542,-10.4208446462617,
4.));
#4095=CARTESIAN_POINT('Ctrl Pts',(-1.6214665428721,-14.7908078852658,4.));
#4096=CARTESIAN_POINT('Ctrl Pts',(-4.41156121681928,-18.1243148273982,4.));
#4097=CARTESIAN_POINT('Ctrl Pts',(-6.34366362122121,-19.143377893262,4.));
#4098=CARTESIAN_POINT('',(-12.8081069598123,-13.3492470239339,-3.98745847361172));
#4099=CARTESIAN_POINT('Ctrl Pts',(-5.89882481410551,-8.07489107124629,-3.99536115122679));
#4100=CARTESIAN_POINT('Ctrl Pts',(-6.97301188208254,-9.65204635836942,-3.99350085431531));
#4101=CARTESIAN_POINT('Ctrl Pts',(-9.07739693891711,-11.836434095526,-3.99080313738987));
#4102=CARTESIAN_POINT('Ctrl Pts',(-11.8020854789192,-13.0490859573808,-3.988311478471));
#4103=CARTESIAN_POINT('Ctrl Pts',(-12.8081069598123,-13.3492470239339,-3.98745847361172));
#4104=CARTESIAN_POINT('',(-4.59103578180322,-17.9212831697455,4.));
#4105=CARTESIAN_POINT('Ctrl Pts',(-12.8081069598123,-13.3492470239339,-3.98745847361171));
#4106=CARTESIAN_POINT('Ctrl Pts',(-12.8416720351641,-13.3170425801589,-3.99807732352451));
#4107=CARTESIAN_POINT('Ctrl Pts',(-12.8604482243313,-13.2988580665681,-4.00097205817036));
#4108=CARTESIAN_POINT('Ctrl Pts',(-12.902814677565,-13.2577663679885,-3.99593156763351));
#4109=CARTESIAN_POINT('Ctrl Pts',(-12.9243239751068,-13.236791007875,-3.98655048607604));
#4110=CARTESIAN_POINT('Ctrl Pts',(-12.9696833367762,-13.1923678918356,-3.9534590359851));
#4111=CARTESIAN_POINT('Ctrl Pts',(-12.9929744904739,-13.1694112850479,-3.92639877845322));
#4112=CARTESIAN_POINT('Ctrl Pts',(-13.0375890401123,-13.1252613725903,-3.85151566175776));
#4113=CARTESIAN_POINT('Ctrl Pts',(-13.0556523896721,-13.1072587290759,-3.80264312336385));
#4114=CARTESIAN_POINT('Ctrl Pts',(-13.0854467052219,-13.0775269672774,-3.66848880200368));
#4115=CARTESIAN_POINT('Ctrl Pts',(-13.085842108799,-13.0771081992141,-3.59516482032517));
#4116=CARTESIAN_POINT('Ctrl Pts',(-13.0795610116904,-13.0833902654379,-3.50100485960987));
#4117=CARTESIAN_POINT('Ctrl Pts',(-13.0720483937757,-13.0909266319484,-3.44613736465829));
#4118=CARTESIAN_POINT('Ctrl Pts',(-13.0455262043476,-13.1173292484283,-3.37178735869076));
#4119=CARTESIAN_POINT('Ctrl Pts',(-13.0332799374292,-13.1295157049184,-3.34076172831953));
#4120=CARTESIAN_POINT('Ctrl Pts',(-12.9969297715069,-13.1655065331955,-3.28484123913364));
#4121=CARTESIAN_POINT('Ctrl Pts',(-12.9804885630593,-13.1817069149676,-3.27400621313139));
#4122=CARTESIAN_POINT('Ctrl Pts',(-12.9088141216653,-13.2521201598621,-3.22761483665936));
#4123=CARTESIAN_POINT('Ctrl Pts',(-12.8522282647223,-13.3070085557525,-3.19195268431004));
#4124=CARTESIAN_POINT('Ctrl Pts',(-12.4908825872189,-13.653033039387,-2.96921566229766));
#4125=CARTESIAN_POINT('Ctrl Pts',(-12.1756338255201,-13.9354713418926,-2.79630331386703));
#4126=CARTESIAN_POINT('Ctrl Pts',(-11.1578392538073,-14.782935829085,-2.23260409782506));
#4127=CARTESIAN_POINT('Ctrl Pts',(-10.4558769936022,-15.2842849780082,-1.84340960222707));
#4128=CARTESIAN_POINT('Ctrl Pts',(-8.79857286842872,-16.3124458023392,-0.780359866931614));
#4129=CARTESIAN_POINT('Ctrl Pts',(-8.06493104501092,-16.6601675118775,-0.178207490282339));
#4130=CARTESIAN_POINT('Ctrl Pts',(-6.70229427938505,-17.2665131083117,1.20658988436285));
#4131=CARTESIAN_POINT('Ctrl Pts',(-6.13665679753314,-17.4645290932286,2.10547364955544));
#4132=CARTESIAN_POINT('Ctrl Pts',(-5.34873597796318,-17.7108149849145,3.23183187198118));
#4133=CARTESIAN_POINT('Ctrl Pts',(-5.1758615167363,-17.762191043276,3.47325679271956));
#4134=CARTESIAN_POINT('Ctrl Pts',(-4.95559305572717,-17.8239681631768,3.76265388415682));
#4135=CARTESIAN_POINT('Ctrl Pts',(-4.91832609412571,-17.8343005911769,3.81835243526081));
#4136=CARTESIAN_POINT('Ctrl Pts',(-4.8648339543953,-17.8489064644998,3.87523534910094));
#4137=CARTESIAN_POINT('Ctrl Pts',(-4.8429249996744,-17.8549276815327,3.90161757207536));
#4138=CARTESIAN_POINT('Ctrl Pts',(-4.76893648245893,-17.8747874801244,3.95417078196165));
#4139=CARTESIAN_POINT('Ctrl Pts',(-4.74159044348356,-17.882080987087,3.96997741527768));
#4140=CARTESIAN_POINT('Ctrl Pts',(-4.68595760611453,-17.8967079190981,3.9884439175749));
#4141=CARTESIAN_POINT('Ctrl Pts',(-4.64639886340247,-17.9071003745625,4.));
#4142=CARTESIAN_POINT('Ctrl Pts',(-4.59103578180321,-17.9212831697455,4.));
#4143=CARTESIAN_POINT('Ctrl Pts',(-1.00835298708865,-9.94903132236649,4.));
#4144=CARTESIAN_POINT('Ctrl Pts',(-1.17393136796511,-12.9197657202834,4.));
#4145=CARTESIAN_POINT('Ctrl Pts',(-2.37942114008441,-15.9426584029404,4.));
#4146=CARTESIAN_POINT('Ctrl Pts',(-4.59103578180322,-17.9212831697455,4.));
#4147=CARTESIAN_POINT('Ctrl Pts',(-7.19354008477414,-4.43471527109727,4.));
#4148=CARTESIAN_POINT('Ctrl Pts',(-8.69429571068412,-5.81143513648532,4.));
#4149=CARTESIAN_POINT('Ctrl Pts',(-12.5748871093731,-7.95420428672894,4.));
#4150=CARTESIAN_POINT('Ctrl Pts',(-16.9207233591844,-7.85122801441549,4.));
#4151=CARTESIAN_POINT('Ctrl Pts',(-18.9221050919884,-6.97602495631888,4.));
#4152=CARTESIAN_POINT('Ctrl Pts',(-7.20704426191211,-4.37554960524832,4.));
#4153=CARTESIAN_POINT('Ctrl Pts',(-8.70663832563305,-5.7573586071041,4.));
#4154=CARTESIAN_POINT('Ctrl Pts',(-12.5848695182239,-7.91046849591397,4.));
#4155=CARTESIAN_POINT('Ctrl Pts',(-16.9283455619371,-7.81783296216676,4.));
#4156=CARTESIAN_POINT('Ctrl Pts',(-18.9285286508321,-6.94788150616867,4.));
#4157=CARTESIAN_POINT('Ctrl Pts',(-7.23213731612382,-4.26560975142008,3.98582916571573));
#4158=CARTESIAN_POINT('Ctrl Pts',(-8.72878484346612,-5.66098308189672,3.98737278297858));
#4159=CARTESIAN_POINT('Ctrl Pts',(-12.6009411890945,-7.84158233270793,3.99051585545546));
#4160=CARTESIAN_POINT('Ctrl Pts',(-16.9380213947956,-7.77622476445416,3.99366773545514));
#4161=CARTESIAN_POINT('Ctrl Pts',(-18.9348471616604,-6.92019830144497,3.99527170265974));
#4162=CARTESIAN_POINT('Ctrl Pts',(-7.26753903042283,-4.11050470671462,3.90526603799146));
#4163=CARTESIAN_POINT('Ctrl Pts',(-8.76017436956448,-5.52560855393847,3.91835481359676));
#4164=CARTESIAN_POINT('Ctrl Pts',(-12.6238899642233,-7.7460609866387,3.94497817873574));
#4165=CARTESIAN_POINT('Ctrl Pts',(-16.9514743457139,-7.71986177568802,3.9716390965213));
#4166=CARTESIAN_POINT('Ctrl Pts',(-18.943118801855,-6.88395787785076,3.98519292383518));
#4167=CARTESIAN_POINT('Ctrl Pts',(-7.288032283377,-4.0207178989694,3.82831592544061));
#4168=CARTESIAN_POINT('Ctrl Pts',(-8.77864143308171,-5.44694495579754,3.85255740954494));
#4169=CARTESIAN_POINT('Ctrl Pts',(-12.6379390940504,-7.68975079643166,3.90186450396214));
#4170=CARTESIAN_POINT('Ctrl Pts',(-16.9600044185638,-7.68517985129782,3.95123905742743));
#4171=CARTESIAN_POINT('Ctrl Pts',(-18.948471525689,-6.86050606242268,3.97633922621907));
#4172=CARTESIAN_POINT('Ctrl Pts',(-7.30235101977697,-3.95798341581177,3.75176814305313));
#4173=CARTESIAN_POINT('Ctrl Pts',(-8.79215027197978,-5.3906290758599,3.78630030653605));
#4174=CARTESIAN_POINT('Ctrl Pts',(-12.6494177768292,-7.64615994659422,3.85654565531728));
#4175=CARTESIAN_POINT('Ctrl Pts',(-16.9680457278112,-7.65338732337602,3.92689656378537));
#4176=CARTESIAN_POINT('Ctrl Pts',(-18.9542885836432,-6.8350198662907,3.96266382607261));
#4177=CARTESIAN_POINT('Ctrl Pts',(-7.31182591786565,-3.91647117492955,3.68135501348671));
#4178=CARTESIAN_POINT('Ctrl Pts',(-8.80160682083991,-5.3526841572655,3.72546992994674));
#4179=CARTESIAN_POINT('Ctrl Pts',(-12.6583699187336,-7.61507833369454,3.81522106900423));
#4180=CARTESIAN_POINT('Ctrl Pts',(-16.9747838754537,-7.62804319952912,3.90512390930326));
#4181=CARTESIAN_POINT('Ctrl Pts',(-18.9593209488528,-6.81297163370457,3.95083784666669));
#4182=CARTESIAN_POINT('Ctrl Pts',(-7.31822631506141,-3.88842920258899,3.61798966580093));
#4183=CARTESIAN_POINT('Ctrl Pts',(-8.80891644551713,-5.32475464863895,3.66816676676913));
#4184=CARTESIAN_POINT('Ctrl Pts',(-12.6669783035008,-7.58692481940515,3.77027604288589));
#4185=CARTESIAN_POINT('Ctrl Pts',(-16.9826827873417,-7.59834321208764,3.8725910493934));
#4186=CARTESIAN_POINT('Ctrl Pts',(-18.9661765924969,-6.78293509635155,3.92462861780709));
#4187=CARTESIAN_POINT('Ctrl Pts',(-7.32097551221039,-3.87638418287342,3.57994406107032));
#4188=CARTESIAN_POINT('Ctrl Pts',(-8.81241895010019,-5.31254088807414,3.63445585727622));
#4189=CARTESIAN_POINT('Ctrl Pts',(-12.6715919375694,-7.57402219844849,3.74540357071604));
#4190=CARTESIAN_POINT('Ctrl Pts',(-16.9868721146284,-7.58374062358818,3.85659819016151));
#4191=CARTESIAN_POINT('Ctrl Pts',(-18.9696282610913,-6.76781234813874,3.91316059444491));
#4192=CARTESIAN_POINT('Ctrl Pts',(-7.33245124909678,-3.82610569444323,3.39584318430242));
#4193=CARTESIAN_POINT('Ctrl Pts',(-8.8329938508062,-5.23933152824142,3.43830265649789));
#4194=CARTESIAN_POINT('Ctrl Pts',(-12.7083869651645,-7.45234803503056,3.52492650619726));
#4195=CARTESIAN_POINT('Ctrl Pts',(-17.031584182702,-7.40813399047136,3.6120195381716));
#4196=CARTESIAN_POINT('Ctrl Pts',(-19.0155373179884,-6.56667162760023,3.65642427224954));
#4197=CARTESIAN_POINT('Ctrl Pts',(-7.35191149717588,-3.74084477677143,3.06564523200938));
#4198=CARTESIAN_POINT('Ctrl Pts',(-8.87211308239294,-5.11513517570536,3.08380274468691));
#4199=CARTESIAN_POINT('Ctrl Pts',(-12.781129287038,-7.24382327126492,3.12150372893292));
#4200=CARTESIAN_POINT('Ctrl Pts',(-17.1148098171683,-7.10004361809489,3.16028733968445));
#4201=CARTESIAN_POINT('Ctrl Pts',(-19.0962174642698,-6.21318881063488,3.18038542810812));
#4202=CARTESIAN_POINT('Ctrl Pts',(-7.38042034982275,-3.61593933216655,2.57766539805642));
#4203=CARTESIAN_POINT('Ctrl Pts',(-8.93895828652413,-4.93716501267246,2.55461294298125));
#4204=CARTESIAN_POINT('Ctrl Pts',(-12.9104797417457,-6.94533241030935,2.50965059097152));
#4205=CARTESIAN_POINT('Ctrl Pts',(-17.2503313601688,-6.64394203992094,2.46721050334088));
#4206=CARTESIAN_POINT('Ctrl Pts',(-19.2157137958874,-5.68964117389757,2.44659273285137));
#4207=CARTESIAN_POINT('Ctrl Pts',(-7.41127095121178,-3.48077401595559,2.09889906424108));
#4208=CARTESIAN_POINT('Ctrl Pts',(-9.01621176255012,-4.7518336092347,2.0329562719169));
#4209=CARTESIAN_POINT('Ctrl Pts',(-13.0615073155112,-6.64114057039191,1.90221496910865));
#4210=CARTESIAN_POINT('Ctrl Pts',(-17.4000481985244,-6.17146195032202,1.7758367287364));
#4211=CARTESIAN_POINT('Ctrl Pts',(-19.3392274568399,-5.14849246731338,1.71327336394201));
#4212=CARTESIAN_POINT('Ctrl Pts',(-7.44608889689258,-3.32822662868051,1.63124143385601));
#4213=CARTESIAN_POINT('Ctrl Pts',(-9.10489027699685,-4.54882308603107,1.5238352257022));
#4214=CARTESIAN_POINT('Ctrl Pts',(-13.2347775626287,-6.31508232957059,1.3104250228523));
#4215=CARTESIAN_POINT('Ctrl Pts',(-17.5669484991753,-5.66248681409299,1.10350152933418));
#4216=CARTESIAN_POINT('Ctrl Pts',(-19.4719536588582,-4.56698098106888,1.00082059971366));
#4217=CARTESIAN_POINT('Ctrl Pts',(-7.48649978241475,-3.15117497088329,1.17658771019385));
#4218=CARTESIAN_POINT('Ctrl Pts',(-9.20622164826573,-4.31689088501654,1.0344338493298));
#4219=CARTESIAN_POINT('Ctrl Pts',(-13.4314959306407,-5.94818871040223,0.752123207906951));
#4220=CARTESIAN_POINT('Ctrl Pts',(-17.7550891636826,-5.09221766371027,0.478587460206149));
#4221=CARTESIAN_POINT('Ctrl Pts',(-19.6203741377911,-3.91670837489899,0.34292595473666));
#4222=CARTESIAN_POINT('Ctrl Pts',(-7.53182201002133,-2.95260531745649,0.734097742180511));
#4223=CARTESIAN_POINT('Ctrl Pts',(-9.31859739387114,-4.05722109427319,0.567825918081398));
#4224=CARTESIAN_POINT('Ctrl Pts',(-13.6489564598075,-5.53862773045685,0.238247986769986));
#4225=CARTESIAN_POINT('Ctrl Pts',(-17.9635405799297,-4.45770287554966,-0.0802206402790916));
#4226=CARTESIAN_POINT('Ctrl Pts',(-19.7854381169952,-3.19351582954768,-0.237835581274001));
#4227=CARTESIAN_POINT('Ctrl Pts',(-7.58137398195536,-2.73550394329267,0.302931378741896));
#4228=CARTESIAN_POINT('Ctrl Pts',(-9.43944869047226,-3.77520533008412,0.122306330576946));
#4229=CARTESIAN_POINT('Ctrl Pts',(-13.8815415098948,-5.09732431306954,-0.23475136894094));
#4230=CARTESIAN_POINT('Ctrl Pts',(-18.1865101156668,-3.77729710931601,-0.578437438850599));
#4231=CARTESIAN_POINT('Ctrl Pts',(-19.9622408009095,-2.41889265845086,-0.748019961257144));
#4232=CARTESIAN_POINT('Ctrl Pts',(-7.65344946494166,-2.41972061945885,-0.256194290511297));
#4233=CARTESIAN_POINT('Ctrl Pts',(-9.60998389435151,-3.36989920935788,-0.443908499800873));
#4234=CARTESIAN_POINT('Ctrl Pts',(-14.2063615704003,-4.472265469604,-0.813313379487819));
#4235=CARTESIAN_POINT('Ctrl Pts',(-18.4979739470459,-2.8222584191576,-1.16658405782379));
#4236=CARTESIAN_POINT('Ctrl Pts',(-20.2098838604493,-1.33389752243836,-1.34000936618616));
#4237=CARTESIAN_POINT('Ctrl Pts',(-7.7554926593844,-1.97264017295145,-0.92429983102101));
#4238=CARTESIAN_POINT('Ctrl Pts',(-9.83705735637356,-2.81000108481551,-1.1020452753663));
#4239=CARTESIAN_POINT('Ctrl Pts',(-14.6292487111977,-3.63493259325247,-1.44919734580493));
#4240=CARTESIAN_POINT('Ctrl Pts',(-18.9033541054263,-1.56730884105668,-1.7775337699223));
#4241=CARTESIAN_POINT('Ctrl Pts',(-20.5337807404623,0.0851874300596758,
-1.93730136118489));
#4242=CARTESIAN_POINT('Ctrl Pts',(-7.8746799780029,-1.45044641062394,-1.54366746117805));
#4243=CARTESIAN_POINT('Ctrl Pts',(-10.0735677730967,-2.17987464412192,-1.69671245775891));
#4244=CARTESIAN_POINT('Ctrl Pts',(-15.0497968964667,-2.74042118948749,-1.99303186263598));
#4245=CARTESIAN_POINT('Ctrl Pts',(-19.3087524918971,-0.277675993067672,
-2.26967194479525));
#4246=CARTESIAN_POINT('Ctrl Pts',(-20.8636775543381,1.53055981039754,-2.40286486697471));
#4247=CARTESIAN_POINT('Ctrl Pts',(-7.98263364740358,-0.977470481348746,
-1.99797533233841));
#4248=CARTESIAN_POINT('Ctrl Pts',(-10.264783454791,-1.62619679771443,-2.12959825924386));
#4249=CARTESIAN_POINT('Ctrl Pts',(-15.3721857907377,-1.99116165896044,-2.38303979730378));
#4250=CARTESIAN_POINT('Ctrl Pts',(-19.6229397006883,0.75850140795731,-2.61767497805066));
#4251=CARTESIAN_POINT('Ctrl Pts',(-21.1262309488937,2.68088139245827,-2.72985931301925));
#4252=CARTESIAN_POINT('Ctrl Pts',(-8.07057598984896,-0.592169904057914,
-2.31139080604438));
#4253=CARTESIAN_POINT('Ctrl Pts',(-10.4084300671458,-1.18365536581421,-2.42843792719581));
#4254=CARTESIAN_POINT('Ctrl Pts',(-15.6040355825762,-1.41148468002709,-2.65342063098534));
#4255=CARTESIAN_POINT('Ctrl Pts',(-19.8513229012552,1.5352931451179,-2.86115196612081));
#4256=CARTESIAN_POINT('Ctrl Pts',(-21.3216177160997,3.53692675247608,-2.96024987501445));
#4257=CARTESIAN_POINT('Ctrl Pts',(-8.16296424449802,-0.187390512682539,
-2.61097129360717));
#4258=CARTESIAN_POINT('Ctrl Pts',(-10.5488623437579,-0.723079627554031,
-2.71394073328766));
#4259=CARTESIAN_POINT('Ctrl Pts',(-15.8214148670156,-0.820229021385526,
-2.91223534944141));
#4260=CARTESIAN_POINT('Ctrl Pts',(-20.069714650431,2.30678857742751,-3.09585216154992));
#4261=CARTESIAN_POINT('Ctrl Pts',(-21.5146299541572,4.38256862054324,-3.1836580712269));
#4262=CARTESIAN_POINT('Ctrl Pts',(-8.22558922982947,0.0869874755547349,
-2.81500618514802));
#4263=CARTESIAN_POINT('Ctrl Pts',(-10.6378473350817,-0.411022841201331,
-2.90760950657201));
#4264=CARTESIAN_POINT('Ctrl Pts',(-15.9535746928939,-0.422852013398999,
-3.08668322548935));
#4265=CARTESIAN_POINT('Ctrl Pts',(-20.2068323171644,2.81431518442214,-3.25355277496354));
#4266=CARTESIAN_POINT('Ctrl Pts',(-21.6412156340982,4.93717672173542,-3.33377111963954));
#4267=CARTESIAN_POINT('Ctrl Pts',(-8.26430656200391,0.25661919132621,-2.94604532947562));
#4268=CARTESIAN_POINT('Ctrl Pts',(-10.6909411832521,-0.217572258809005,
-3.03166897488162));
#4269=CARTESIAN_POINT('Ctrl Pts',(-16.0306579287658,-0.176568308221745,
-3.19789546009476));
#4270=CARTESIAN_POINT('Ctrl Pts',(-20.2886569040253,3.12588469726413,-3.35371021267292));
#4271=CARTESIAN_POINT('Ctrl Pts',(-21.7188672875901,5.27739084483107,-3.42897924400571));
#4272=CARTESIAN_POINT('Ctrl Pts',(-8.27910619741332,0.321460630709982,-3.00693022026353));
#4273=CARTESIAN_POINT('Ctrl Pts',(-10.7090636674278,-0.152473795491406,
-3.09215872606415));
#4274=CARTESIAN_POINT('Ctrl Pts',(-16.0536259738687,-0.109325372401545,
-3.25811620173175));
#4275=CARTESIAN_POINT('Ctrl Pts',(-20.3094414596254,3.19981360989787,-3.41437879740879));
#4276=CARTESIAN_POINT('Ctrl Pts',(-21.7361387877256,5.35306223119428,-3.49014119399905));
#4277=CARTESIAN_POINT('Ctrl Pts',(-8.2979250915497,0.403911593159865,-3.13398839628928));
#4278=CARTESIAN_POINT('Ctrl Pts',(-10.7310033249993,-0.0752049444060383,
-3.21446277149956));
#4279=CARTESIAN_POINT('Ctrl Pts',(-16.0793957750423,-0.0404379131282422,
-3.37161590501777));
#4280=CARTESIAN_POINT('Ctrl Pts',(-20.3297703077804,3.26629017806218,-3.5202231037656));
#4281=CARTESIAN_POINT('Ctrl Pts',(-21.7505303267212,5.41611568336446,-3.59252387995055));
#4282=CARTESIAN_POINT('Ctrl Pts',(-8.3104808984135,0.458922177350094,-3.30180764944076));
#4283=CARTESIAN_POINT('Ctrl Pts',(-10.7454087368062,-0.0282682432769564,
-3.37155959662241));
#4284=CARTESIAN_POINT('Ctrl Pts',(-16.0954075508345,-0.00805240850651956,
-3.50783733643841));
#4285=CARTESIAN_POINT('Ctrl Pts',(-20.3394293436812,3.28922715611913,-3.63679337968226));
#4286=CARTESIAN_POINT('Ctrl Pts',(-21.7542345731063,5.43234504718324,-3.69956835305649));
#4287=CARTESIAN_POINT('Ctrl Pts',(-8.31079389349292,0.460293498393339,-3.50421118102382));
#4288=CARTESIAN_POINT('Ctrl Pts',(-10.7478177504716,-0.0311330437435592,
-3.55624030166427));
#4289=CARTESIAN_POINT('Ctrl Pts',(-16.1002935456254,-0.0179731899483202,
-3.65747565679561));
#4290=CARTESIAN_POINT('Ctrl Pts',(-20.3401847221843,3.27645915788711,-3.75269047325554));
#4291=CARTESIAN_POINT('Ctrl Pts',(-21.7506226850155,5.41652033149075,-3.7988124564102));
#4292=CARTESIAN_POINT('Ctrl Pts',(-8.29385497390215,0.386079242603441,-3.71573697375172));
#4293=CARTESIAN_POINT('Ctrl Pts',(-10.7340776967748,-0.101912763142109,
-3.74680820436839));
#4294=CARTESIAN_POINT('Ctrl Pts',(-16.0916521038229,-0.0805344006165874,
-3.80648626999786));
#4295=CARTESIAN_POINT('Ctrl Pts',(-20.3314253150448,3.22540523937936,-3.86152350128362));
#4296=CARTESIAN_POINT('Ctrl Pts',(-21.7400062928227,5.3700068781659,-3.88775289129689));
#4297=CARTESIAN_POINT('Ctrl Pts',(-8.25964361689324,0.236189493946543,-3.88689035848372));
#4298=CARTESIAN_POINT('Ctrl Pts',(-10.7043233856253,-0.239936145374197,
-3.90009217359257));
#4299=CARTESIAN_POINT('Ctrl Pts',(-16.0699444649952,-0.193527020421836,
-3.92454820509592));
#4300=CARTESIAN_POINT('Ctrl Pts',(-20.313978305209,3.1397861096793,-3.9458232797347));
#4301=CARTESIAN_POINT('Ctrl Pts',(-21.7234118551318,5.29730189619316,-3.95544792923107));
#4302=CARTESIAN_POINT('Ctrl Pts',(-8.21712549923185,0.0499054489153026,
-3.98316746479918));
#4303=CARTESIAN_POINT('Ctrl Pts',(-10.6661260198391,-0.411950968219498,
-3.98701867217829));
#4304=CARTESIAN_POINT('Ctrl Pts',(-16.0399191723655,-0.335958124646614,
-3.99362316097675));
#4305=CARTESIAN_POINT('Ctrl Pts',(-20.2898090900263,3.02830932100439,-3.99858837026567));
#4306=CARTESIAN_POINT('Ctrl Pts',(-21.7014047623047,5.20088252260167,-4.00050186800484));
#4307=CARTESIAN_POINT('Ctrl Pts',(-8.1894213061459,-0.0714745518053275,
-4.));
#4308=CARTESIAN_POINT('Ctrl Pts',(-10.6402180458986,-0.526514961767606,
-4.00084671657599));
#4309=CARTESIAN_POINT('Ctrl Pts',(-16.0175314985941,-0.436504909958703,
-4.00215318473388));
#4310=CARTESIAN_POINT('Ctrl Pts',(-20.2704040935109,2.94202800471712,-4.00290377601918));
#4311=CARTESIAN_POINT('Ctrl Pts',(-21.6833150702278,5.12162640312099,-4.0030787583785));
#4312=CARTESIAN_POINT('Ctrl Pts',(-8.16913868387778,-0.160338526218239,
-4.));
#4313=CARTESIAN_POINT('Ctrl Pts',(-10.6207286140039,-0.611903742089871,
-3.9980777931353));
#4314=CARTESIAN_POINT('Ctrl Pts',(-15.9996630612685,-0.514791649035673,
-3.99440802712935));
#4315=CARTESIAN_POINT('Ctrl Pts',(-20.2541399571812,2.87077016756234,-3.99105515765239));
#4316=CARTESIAN_POINT('Ctrl Pts',(-21.6678467824215,5.053855406173,-3.98946994086053));
#4317=CARTESIAN_POINT('Ctrl Pts',(-8.1573345689212,-0.21205573297783,-3.99516908743865));
#4318=CARTESIAN_POINT('Ctrl Pts',(-10.6087443378099,-0.664074299625817,
-3.99185980123933));
#4319=CARTESIAN_POINT('Ctrl Pts',(-15.9873643244894,-0.567891568938753,
-3.98583682293003));
#4320=CARTESIAN_POINT('Ctrl Pts',(-20.2416796261418,2.8165804307652,-3.98075540773631));
#4321=CARTESIAN_POINT('Ctrl Pts',(-21.6553469713348,4.9990901555122,-3.97852406733781));
#4322=CARTESIAN_POINT('Ctrl Pts',(-8.14195870422923,-0.279421797804348,
-3.98096472332456));
#4323=CARTESIAN_POINT('Ctrl Pts',(-10.5916066535123,-0.737661972600646,
-3.97597604390748));
#4324=CARTESIAN_POINT('Ctrl Pts',(-15.9668568344492,-0.654244987573636,
-3.967218336539));
#4325=CARTESIAN_POINT('Ctrl Pts',(-20.2185194710594,2.71690320401979,-3.9603121084446));
#4326=CARTESIAN_POINT('Ctrl Pts',(-21.6310700389624,4.89272596509088,-3.95749157157516));
#4327=CARTESIAN_POINT('Ctrl Pts',(-8.12786755176917,-0.341159170571253,
-3.9600378772784));
#4328=CARTESIAN_POINT('Ctrl Pts',(-10.5741269349439,-0.811769262910913,
-3.95349691703708));
#4329=CARTESIAN_POINT('Ctrl Pts',(-15.9428326034246,-0.753720923400089,
-3.94224281264662));
#4330=CARTESIAN_POINT('Ctrl Pts',(-20.1891485839726,2.59118782492553,-3.93372331566021));
#4331=CARTESIAN_POINT('Ctrl Pts',(-21.5993782992841,4.75387538124407,-3.93041107877087));
#4332=CARTESIAN_POINT('Ctrl Pts',(-8.11862374405712,-0.381658938359835,
-3.94122044468673));
#4333=CARTESIAN_POINT('Ctrl Pts',(-10.5626370698104,-0.859815798622257,
-3.93463165537962));
#4334=CARTESIAN_POINT('Ctrl Pts',(-15.9270919707706,-0.817330110855153,
-3.92370569208541));
#4335=CARTESIAN_POINT('Ctrl Pts',(-20.1702714815101,2.51123006059753,-3.91608542672481));
#4336=CARTESIAN_POINT('Ctrl Pts',(-21.5792790758424,4.66581492959115,-3.91344172297428));
#4337=CARTESIAN_POINT('Ctrl Pts',(-8.07709055327543,-0.563627736778559,
-3.84215159555475));
#4338=CARTESIAN_POINT('Ctrl Pts',(-10.5129844272526,-1.06586133898784,-3.8396859291897));
#4339=CARTESIAN_POINT('Ctrl Pts',(-15.8625061376785,-1.07345946305303,-3.8389823840971));
#4340=CARTESIAN_POINT('Ctrl Pts',(-20.0963447482362,2.20111011868292,-3.84406123077026));
#4341=CARTESIAN_POINT('Ctrl Pts',(-21.5024750982421,4.32931471723883,-3.84878560346652));
#4342=CARTESIAN_POINT('Ctrl Pts',(-8.0026273459255,-0.889872364577377,-3.67563274641664));
#4343=CARTESIAN_POINT('Ctrl Pts',(-10.4202504712595,-1.43246725311053,-3.67974441946432));
#4344=CARTESIAN_POINT('Ctrl Pts',(-15.737999671605,-1.52630553643013,-3.69527929262423));
#4345=CARTESIAN_POINT('Ctrl Pts',(-19.9594604705204,1.64893053675064,-3.72045519575701));
#4346=CARTESIAN_POINT('Ctrl Pts',(-21.3658498682492,3.730720473272,-3.7368173823672));
#4347=CARTESIAN_POINT('Ctrl Pts',(-7.89408572523834,-1.36542427675008,-3.40277551841384));
#4348=CARTESIAN_POINT('Ctrl Pts',(-10.273333270389,-1.96561678512078,-3.41957353067401));
#4349=CARTESIAN_POINT('Ctrl Pts',(-15.5279446930355,-2.1885669018112,-3.46411205241275));
#4350=CARTESIAN_POINT('Ctrl Pts',(-19.7404073139222,0.82162817269333,-3.52262315489137));
#4351=CARTESIAN_POINT('Ctrl Pts',(-21.1605951431822,2.8314407649893,-3.55752165349753));
#4352=CARTESIAN_POINT('Ctrl Pts',(-7.79187783956576,-1.81322628268111,-3.08688128865874));
#4353=CARTESIAN_POINT('Ctrl Pts',(-10.1228400759536,-2.47033882422413,-3.11920211938086));
#4354=CARTESIAN_POINT('Ctrl Pts',(-15.3000648182921,-2.82598399049582,-3.19752796248194));
#4355=CARTESIAN_POINT('Ctrl Pts',(-19.510935751579,0.0015091869800558,-3.29284229742842));
#4356=CARTESIAN_POINT('Ctrl Pts',(-20.9560767457702,1.93538711894987,-3.34755031480491));
#4357=CARTESIAN_POINT('Ctrl Pts',(-7.66428213403346,-2.37225959512618,-2.61652232356079));
#4358=CARTESIAN_POINT('Ctrl Pts',(-9.91965135229153,-3.10481082369078,-2.67098193942359));
#4359=CARTESIAN_POINT('Ctrl Pts',(-14.9775290029371,-3.64203993770546,-2.7961202903368));
#4360=CARTESIAN_POINT('Ctrl Pts',(-19.1944638135592,-1.07862813514186,-2.94070185086355));
#4361=CARTESIAN_POINT('Ctrl Pts',(-20.685347982224,0.749246904998249,-3.0213411140208));
#4362=CARTESIAN_POINT('Ctrl Pts',(-7.52255674232515,-2.99319910757883,-1.94224578987928));
#4363=CARTESIAN_POINT('Ctrl Pts',(-9.66598980535453,-3.82079084591297,-2.02425993968963));
#4364=CARTESIAN_POINT('Ctrl Pts',(-14.5493383072218,-4.59503700545061,-2.20574682800892));
#4365=CARTESIAN_POINT('Ctrl Pts',(-18.7856853680702,-2.39590094166467,-2.40716005840864));
#4366=CARTESIAN_POINT('Ctrl Pts',(-20.3524553324155,-0.709251090170849,
-2.51684082812072));
#4367=CARTESIAN_POINT('Ctrl Pts',(-7.38173416634709,-3.61018312587039,-1.0263211443019));
#4368=CARTESIAN_POINT('Ctrl Pts',(-9.37512762184585,-4.55485612292696,-1.1326207273051));
#4369=CARTESIAN_POINT('Ctrl Pts',(-14.0258837796086,-5.62713793460577,-1.36164360600593));
#4370=CARTESIAN_POINT('Ctrl Pts',(-18.2947152037067,-3.89967533603675,-1.60816229721504));
#4371=CARTESIAN_POINT('Ctrl Pts',(-19.9682744822258,-2.3924573733567,-1.7398484923413));
#4372=CARTESIAN_POINT('Ctrl Pts',(-7.2690381808984,-4.10393649932303,-0.0304519010345187));
#4373=CARTESIAN_POINT('Ctrl Pts',(-9.1098479519992,-5.16629004690335,-0.14184058084426));
#4374=CARTESIAN_POINT('Ctrl Pts',(-13.5242337717551,-6.53908481838168,-0.377990708581685));
#4375=CARTESIAN_POINT('Ctrl Pts',(-17.826981321948,-5.28900870015921,-0.627321965779642));
#4376=CARTESIAN_POINT('Ctrl Pts',(-19.6098594382547,-3.96277628358519,-0.758835951645795));
#4377=CARTESIAN_POINT('Ctrl Pts',(-7.18210270315722,-4.48482571411208,1.02532254192452));
#4378=CARTESIAN_POINT('Ctrl Pts',(-8.88191669563269,-5.65882042267116,0.936752663323019));
#4379=CARTESIAN_POINT('Ctrl Pts',(-13.0774838735337,-7.31492266859131,0.750746557304614));
#4380=CARTESIAN_POINT('Ctrl Pts',(-17.4097717309186,-6.51057157913016,0.556632023292179));
#4381=CARTESIAN_POINT('Ctrl Pts',(-19.2922918530181,-5.35413078379631,0.45504194336816));
#4382=CARTESIAN_POINT('Ctrl Pts',(-7.12990066320689,-4.71353779488375,1.9439043012871));
#4383=CARTESIAN_POINT('Ctrl Pts',(-8.73461556600237,-5.96577751854678,1.90254822822866));
#4384=CARTESIAN_POINT('Ctrl Pts',(-12.7821941147914,-7.81864578700955,1.81539681442617));
#4385=CARTESIAN_POINT('Ctrl Pts',(-17.1325718115565,-7.31961898208533,1.72405745998669));
#4386=CARTESIAN_POINT('Ctrl Pts',(-19.0808858805787,-6.28036086771984,1.67611668640063));
#4387=CARTESIAN_POINT('Ctrl Pts',(-7.0930092774885,-4.87516951652204,2.69248992192951));
#4388=CARTESIAN_POINT('Ctrl Pts',(-8.64375356518841,-6.17078375007128,2.7038083073266));
#4389=CARTESIAN_POINT('Ctrl Pts',(-12.6074818722676,-8.13334775540824,2.7254668216252));
#4390=CARTESIAN_POINT('Ctrl Pts',(-16.9687710727877,-7.80594364014105,2.74532665932498));
#4391=CARTESIAN_POINT('Ctrl Pts',(-18.9549279300696,-6.83221870657237,2.75474534731271));
#4392=CARTESIAN_POINT('Ctrl Pts',(-7.07399313932189,-4.95848466153298,3.06963475126451));
#4393=CARTESIAN_POINT('Ctrl Pts',(-8.60451631553504,-6.27663768624625,3.10697081328318));
#4394=CARTESIAN_POINT('Ctrl Pts',(-12.5359875658525,-8.29237687569812,3.18212961639808));
#4395=CARTESIAN_POINT('Ctrl Pts',(-16.8974387999167,-8.03933056252483,3.25634148839603));
#4396=CARTESIAN_POINT('Ctrl Pts',(-18.8947291227054,-7.09596691459909,3.29367912779346));
#4397=CARTESIAN_POINT('Ctrl Pts',(-7.06216787733915,-5.01029451946795,3.28860022205834));
#4398=CARTESIAN_POINT('Ctrl Pts',(-8.58290676332796,-6.34319393705429,3.34018142615239));
#4399=CARTESIAN_POINT('Ctrl Pts',(-12.4982564594472,-8.39203790041201,3.44455873809153));
#4400=CARTESIAN_POINT('Ctrl Pts',(-16.8573877587398,-8.18111389210666,3.54835630052243));
#4401=CARTESIAN_POINT('Ctrl Pts',(-18.8582047214945,-7.25599077205445,3.60085540949791));
#4402=CARTESIAN_POINT('Ctrl Pts',(-7.05979441107325,-5.02069335462519,3.35305373030749));
#4403=CARTESIAN_POINT('Ctrl Pts',(-8.57886650426286,-6.35360748626021,3.40544587289446));
#4404=CARTESIAN_POINT('Ctrl Pts',(-12.4918036880541,-8.40329544483379,3.5115420246657));
#4405=CARTESIAN_POINT('Ctrl Pts',(-16.8520993298224,-8.19555240648022,3.61715385943849));
#4406=CARTESIAN_POINT('Ctrl Pts',(-18.8547269280379,-7.27122798076718,3.670609758708));
#4407=CARTESIAN_POINT('Ctrl Pts',(-7.06004033253161,-5.01961590231683,3.46232937572987));
#4408=CARTESIAN_POINT('Ctrl Pts',(-8.57728491146311,-6.3509710413882,3.51112620463669));
#4409=CARTESIAN_POINT('Ctrl Pts',(-12.4877875164357,-8.39855982173869,3.61001073696237));
#4410=CARTESIAN_POINT('Ctrl Pts',(-16.8503433999833,-8.19178495019265,3.70853687818833));
#4411=CARTESIAN_POINT('Ctrl Pts',(-18.8557193068242,-7.26688008521836,3.75844098205259));
#4412=CARTESIAN_POINT('Ctrl Pts',(-7.06526219614869,-4.99673742296033,3.58409764879484));
#4413=CARTESIAN_POINT('Ctrl Pts',(-8.58091238170898,-6.32690632163247,3.62478000761513));
#4414=CARTESIAN_POINT('Ctrl Pts',(-12.4892677156403,-8.3729976203155,3.70725708628854));
#4415=CARTESIAN_POINT('Ctrl Pts',(-16.8536869393759,-8.16734553244492,3.78948390639421));
#4416=CARTESIAN_POINT('Ctrl Pts',(-18.8613763523223,-7.24209494946285,3.83115042171991));
#4417=CARTESIAN_POINT('Ctrl Pts',(-7.08162616069109,-4.92504220982828,3.75193687947167));
#4418=CARTESIAN_POINT('Ctrl Pts',(-8.59462488799502,-6.25782842746088,3.77816413275224));
#4419=CARTESIAN_POINT('Ctrl Pts',(-12.4987957235955,-8.31024328408471,3.83135867708436));
#4420=CARTESIAN_POINT('Ctrl Pts',(-16.8634473211326,-8.11380038487588,3.88442265440126));
#4421=CARTESIAN_POINT('Ctrl Pts',(-18.8727604463418,-7.19221797466718,3.91132305750314));
#4422=CARTESIAN_POINT('Ctrl Pts',(-7.1248968099208,-4.73546110857083,3.95106009842449));
#4423=CARTESIAN_POINT('Ctrl Pts',(-8.63252034625301,-6.08417355030338,3.95580672997891));
#4424=CARTESIAN_POINT('Ctrl Pts',(-12.5267883837865,-8.16980103297171,3.96543045641244));
#4425=CARTESIAN_POINT('Ctrl Pts',(-16.8852790111945,-8.00901528591691,3.9750258943504));
#4426=CARTESIAN_POINT('Ctrl Pts',(-18.8927388456433,-7.10468688816001,3.9798884973652));
#4427=CARTESIAN_POINT('Ctrl Pts',(-7.1724805271497,-4.5269832217176,4.));
#4428=CARTESIAN_POINT('Ctrl Pts',(-8.67504759152087,-5.89576665665114,4.));
#4429=CARTESIAN_POINT('Ctrl Pts',(-12.5593196955073,-8.02240958332037,4.));
#4430=CARTESIAN_POINT('Ctrl Pts',(-16.9088366506159,-7.90330708743252,4.));
#4431=CARTESIAN_POINT('Ctrl Pts',(-18.9120876502562,-7.01991423621603,4.));
#4432=CARTESIAN_POINT('Ctrl Pts',(-7.19354008477414,-4.43471527109727,4.));
#4433=CARTESIAN_POINT('Ctrl Pts',(-8.69429571068412,-5.81143513648532,4.));
#4434=CARTESIAN_POINT('Ctrl Pts',(-12.5748871093731,-7.95420428672894,4.));
#4435=CARTESIAN_POINT('Ctrl Pts',(-16.9207233591844,-7.85122801441549,4.));
#4436=CARTESIAN_POINT('Ctrl Pts',(-18.9221050919884,-6.97602495631888,4.));
#4437=CARTESIAN_POINT('',(-18.422585661113,1.6906618700834,-3.98745847361173));
#4438=CARTESIAN_POINT('Ctrl Pts',(-9.99106117154636,-0.42272528481087,-3.99536115122679));
#4439=CARTESIAN_POINT('Ctrl Pts',(-11.8938755099323,-0.566232254475251,
-3.99350085431531));
#4440=CARTESIAN_POINT('Ctrl Pts',(-14.9137612348787,-0.282901243229118,
-3.99080313738987));
#4441=CARTESIAN_POINT('Ctrl Pts',(-17.560666155683,1.09126996819293,-3.988311478471));
#4442=CARTESIAN_POINT('Ctrl Pts',(-18.422585661113,1.6906618700834,-3.98745847361173));
#4443=CARTESIAN_POINT('',(-16.8738873782543,-7.58432098120784,4.));
#4444=CARTESIAN_POINT('Ctrl Pts',(-18.422585661113,1.69066187008341,-3.98745847361172));
#4445=CARTESIAN_POINT('Ctrl Pts',(-18.4183411336202,1.73691308844392,-3.99806124063286));
#4446=CARTESIAN_POINT('Ctrl Pts',(-18.4158518010057,1.76270805077872,-4.00092108518884));
#4447=CARTESIAN_POINT('Ctrl Pts',(-18.4101752641113,1.82110970715686,-3.99607258082757));
#4448=CARTESIAN_POINT('Ctrl Pts',(-18.4071893815753,1.85099056665502,-3.98679354260849));
#4449=CARTESIAN_POINT('Ctrl Pts',(-18.4007426532368,1.9141380652661,-3.95392549533594));
#4450=CARTESIAN_POINT('Ctrl Pts',(-18.3973180259212,1.94665625990633,-3.92701265991317));
#4451=CARTESIAN_POINT('Ctrl Pts',(-18.3897658695977,2.01701368043943,-3.84305668011671));
#4452=CARTESIAN_POINT('Ctrl Pts',(-18.3872652009701,2.0392726545512,-3.78881180441261));
#4453=CARTESIAN_POINT('Ctrl Pts',(-18.3830929489154,2.07666276154587,-3.67002945482753));
#4454=CARTESIAN_POINT('Ctrl Pts',(-18.3829795610674,2.07751882903963,-3.59667934966082));
#4455=CARTESIAN_POINT('Ctrl Pts',(-18.3839571720457,2.06884870181164,-3.50217853206163));
#4456=CARTESIAN_POINT('Ctrl Pts',(-18.3851477235699,2.05843369390037,-3.44717771271626));
#4457=CARTESIAN_POINT('Ctrl Pts',(-18.3893716211786,2.02017656293402,-3.37026205717806));
#4458=CARTESIAN_POINT('Ctrl Pts',(-18.3912560934728,2.00305275490684,-3.34015752862174));
#4459=CARTESIAN_POINT('Ctrl Pts',(-18.3954412969957,1.9641802951243,-3.2972167687161));
#4460=CARTESIAN_POINT('Ctrl Pts',(-18.3975103103549,1.94479744399053,-3.28149273964789));
#4461=CARTESIAN_POINT('Ctrl Pts',(-18.4016129397896,1.90547991171247,-3.26239961186172));
#4462=CARTESIAN_POINT('Ctrl Pts',(-18.4111990740589,1.81420422790078,-3.22019631885234));
#4463=CARTESIAN_POINT('Ctrl Pts',(-18.4596253458426,1.28885854237451,-2.98449390904849));
#4464=CARTESIAN_POINT('Ctrl Pts',(-18.4841522830496,0.876716723174956,-2.81539557602507));
#4465=CARTESIAN_POINT('Ctrl Pts',(-18.5151161562495,-0.396936776606258,
-2.27460741568087));
#4466=CARTESIAN_POINT('Ctrl Pts',(-18.4770225028805,-1.21554280637297,-1.90735197862018));
#4467=CARTESIAN_POINT('Ctrl Pts',(-18.2672679081118,-3.14119827844018,-0.877957581552606));
#4468=CARTESIAN_POINT('Ctrl Pts',(-18.0825153031379,-3.95762042344963,-0.278738720801876));
#4469=CARTESIAN_POINT('Ctrl Pts',(-17.7878756375922,-5.11530824213724,0.798594798425428));
#4470=CARTESIAN_POINT('Ctrl Pts',(-17.656088848316,-5.55368486510644,1.34080949169425));
#4471=CARTESIAN_POINT('Ctrl Pts',(-17.3704305977728,-6.37206035185453,2.50975563751666));
#4472=CARTESIAN_POINT('Ctrl Pts',(-17.2712510791306,-6.63606926837169,2.90759727705676));
#4473=CARTESIAN_POINT('Ctrl Pts',(-17.0761558430447,-7.12106313520375,3.60492230987687));
#4474=CARTESIAN_POINT('Ctrl Pts',(-17.0107292613127,-7.27229796039319,3.81042831406966));
#4475=CARTESIAN_POINT('Ctrl Pts',(-16.9931378702188,-7.3132315619361,3.86223299064471));
#4476=CARTESIAN_POINT('Ctrl Pts',(-16.9907255119435,-7.31883625633797,3.86830073246629));
#4477=CARTESIAN_POINT('Ctrl Pts',(-16.9809852738844,-7.34141185553559,3.89219029877293));
#4478=CARTESIAN_POINT('Ctrl Pts',(-16.9632258018349,-7.38256001656495,3.93552696369053));
#4479=CARTESIAN_POINT('Ctrl Pts',(-16.9295956704745,-7.45918998498197,3.97683883274455));
#4480=CARTESIAN_POINT('Ctrl Pts',(-16.9186907718322,-7.48387950797378,3.98537245418738));
#4481=CARTESIAN_POINT('Ctrl Pts',(-16.9056010222733,-7.51337020089446,3.99281806762529));
#4482=CARTESIAN_POINT('Ctrl Pts',(-16.8923559743765,-7.54323134223123,4.));
#4483=CARTESIAN_POINT('Ctrl Pts',(-16.8738873782543,-7.58432098120786,4.));
#4484=CARTESIAN_POINT('Ctrl Pts',(-8.40716371201023,-5.41475745712201,4.));
#4485=CARTESIAN_POINT('Ctrl Pts',(-10.8330138222371,-7.13752566726884,4.));
#4486=CARTESIAN_POINT('Ctrl Pts',(-13.948017068822,-8.07977857138277,4.));
#4487=CARTESIAN_POINT('Ctrl Pts',(-16.8738873782543,-7.58432098120784,4.));
#4488=CARTESIAN_POINT('Ctrl Pts',(-7.95229889684427,2.85913636299585,4.));
#4489=CARTESIAN_POINT('Ctrl Pts',(-9.96436765798078,3.1741035627375,4.));
#4490=CARTESIAN_POINT('Ctrl Pts',(-14.0591612015658,4.8720773759128,4.));
#4491=CARTESIAN_POINT('Ctrl Pts',(-16.6882356922293,8.33399362928692,4.));
#4492=CARTESIAN_POINT('Ctrl Pts',(-17.2518154878868,10.4444170577084,4.));
#4493=CARTESIAN_POINT('Ctrl Pts',(-7.9144610333304,2.90658354310414,4.));
#4494=CARTESIAN_POINT('Ctrl Pts',(-9.92978441939687,3.21746957226966,4.));
#4495=CARTESIAN_POINT('Ctrl Pts',(-14.0311911135125,4.90715075697259,4.));
#4496=CARTESIAN_POINT('Ctrl Pts',(-16.6668787547066,8.36077438187435,4.));
#4497=CARTESIAN_POINT('Ctrl Pts',(-17.2338170759647,10.4669863523996,4.));
#4498=CARTESIAN_POINT('Ctrl Pts',(-7.84415185782803,2.99474846055788,3.98582916571573));
#4499=CARTESIAN_POINT('Ctrl Pts',(-9.86824312766595,3.29487357425418,3.98737278297858));
#4500=CARTESIAN_POINT('Ctrl Pts',(-13.9873542652982,4.96266591548325,3.99051585545546));
#4501=CARTESIAN_POINT('Ctrl Pts',(-16.6403809389179,8.39428153956982,3.99366773545514));
#4502=CARTESIAN_POINT('Ctrl Pts',(-17.2161130020405,10.4891865589155,3.99527170265974));
#4503=CARTESIAN_POINT('Ctrl Pts',(-7.74495845862144,3.11913304892088,3.90526603799146));
#4504=CARTESIAN_POINT('Ctrl Pts',(-9.78197410919145,3.40381953159103,3.91835481359676));
#4505=CARTESIAN_POINT('Ctrl Pts',(-13.9269809969515,5.04016457549699,3.94497817873574));
#4506=CARTESIAN_POINT('Ctrl Pts',(-16.604702357557,8.43994122882781,3.9716390965213));
#4507=CARTESIAN_POINT('Ctrl Pts',(-17.1929363812425,10.5182491221573,3.98519292383518));
#4508=CARTESIAN_POINT('Ctrl Pts',(-7.68753763983976,3.19113647822922,3.82831592544061));
#4509=CARTESIAN_POINT('Ctrl Pts',(-9.73198645741392,3.46730361445593,3.85255740954494));
#4510=CARTESIAN_POINT('Ctrl Pts',(-13.8917154066361,5.08625745683188,3.90186450396214));
#4511=CARTESIAN_POINT('Ctrl Pts',(-16.5829053506272,8.46823413449573,3.95123905742743));
#4512=CARTESIAN_POINT('Ctrl Pts',(-17.1779383823425,10.5370560179222,3.97633922621907));
#4513=CARTESIAN_POINT('Ctrl Pts',(-7.64741743199165,3.24144562760954,3.75176814305313));
#4514=CARTESIAN_POINT('Ctrl Pts',(-9.69637955280369,3.51297762682184,3.78630030653605));
#4515=CARTESIAN_POINT('Ctrl Pts',(-13.864791549537,5.12241030273362,3.85654565531728));
#4516=CARTESIAN_POINT('Ctrl Pts',(-16.5630626257,8.49434340016014,3.92689656378537));
#4517=CARTESIAN_POINT('Ctrl Pts',(-17.1616393481494,10.5574943603426,3.96266382607261));
#4518=CARTESIAN_POINT('Ctrl Pts',(-7.62086935749407,3.27473586007081,3.68135501348671));
#4519=CARTESIAN_POINT('Ctrl Pts',(-9.67260908262197,3.54402932421216,3.72546992994674));
#4520=CARTESIAN_POINT('Ctrl Pts',(-13.8460725352283,5.1487884377783,3.81522106900423));
#4521=CARTESIAN_POINT('Ctrl Pts',(-16.5474489581195,8.51541329887615,3.90512390930326));
#4522=CARTESIAN_POINT('Ctrl Pts',(-17.1475389741682,10.5751756700611,3.95083784666669));
#4523=CARTESIAN_POINT('Ctrl Pts',(-7.60293584306713,3.2972237758771,3.61798966580093));
#4524=CARTESIAN_POINT('Ctrl Pts',(-9.65533038992954,3.56715798270942,3.66816676676913));
#4525=CARTESIAN_POINT('Ctrl Pts',(-13.8294284715276,5.17307217304843,3.77027604288589));
#4526=CARTESIAN_POINT('Ctrl Pts',(-16.5291534639167,8.54010655615251,3.8725910493934));
#4527=CARTESIAN_POINT('Ctrl Pts',(-17.1283298875386,10.5992631028175,3.92462861780709));
#4528=CARTESIAN_POINT('Ctrl Pts',(-7.59523276383224,3.30688313171553,3.57994406107032));
#4529=CARTESIAN_POINT('Ctrl Pts',(-9.64796506328914,3.57751150621444,3.63445585727622));
#4530=CARTESIAN_POINT('Ctrl Pts',(-13.8222173500486,5.18472390999558,3.74540357071604));
#4531=CARTESIAN_POINT('Ctrl Pts',(-16.5203487033423,8.5524864691258,3.85659819016151));
#4532=CARTESIAN_POINT('Ctrl Pts',(-17.1186585270524,10.6113906052784,3.91316059444491));
#4533=CARTESIAN_POINT('Ctrl Pts',(-7.56307846360409,3.34720334888692,3.39584318430242));
#4534=CARTESIAN_POINT('Ctrl Pts',(-9.60355592172504,3.63924290059136,3.43830265649789));
#4535=CARTESIAN_POINT('Ctrl Pts',(-13.7500299829502,5.28935402100848,3.52492650619726));
#4536=CARTESIAN_POINT('Ctrl Pts',(-16.4109314275052,8.69693271647902,3.6120195381716));
#4537=CARTESIAN_POINT('Ctrl Pts',(-16.9900242081173,10.7726929392852,3.65642427224954));
#4538=CARTESIAN_POINT('Ctrl Pts',(-7.50855206016312,3.41557729615729,3.06564523200938));
#4539=CARTESIAN_POINT('Ctrl Pts',(-9.53084574525553,3.74726270665012,3.08380274468691));
#4540=CARTESIAN_POINT('Ctrl Pts',(-13.6323528536156,5.47623932199984,3.12150372893292));
#4541=CARTESIAN_POINT('Ctrl Pts',(-16.2219470092789,8.95409234288074,3.16028733968445));
#4542=CARTESIAN_POINT('Ctrl Pts',(-16.7639634617213,11.0561641491683,3.18038542810812));
#4543=CARTESIAN_POINT('Ctrl Pts',(-7.42867203012737,3.51574368559342,2.57766539805642));
#4544=CARTESIAN_POINT('Ctrl Pts',(-9.4333803719354,3.91048697337803,2.55461294298125));
#4545=CARTESIAN_POINT('Ctrl Pts',(-13.4796319906676,5.76347558751573,2.50965059097152));
#4546=CARTESIAN_POINT('Ctrl Pts',(-15.9498487362522,9.34442203435431,2.46721050334088));
#4547=CARTESIAN_POINT('Ctrl Pts',(-16.4291421808715,11.4760167555594,2.44659273285137));
#4548=CARTESIAN_POINT('Ctrl Pts',(-7.34223056592317,3.62413785323499,2.09889906424108));
#4549=CARTESIAN_POINT('Ctrl Pts',(-9.33664920049813,4.08643841307286,2.0329562719169));
#4550=CARTESIAN_POINT('Ctrl Pts',(-13.3359693855525,6.07121420940349,1.90221496910865));
#4551=CARTESIAN_POINT('Ctrl Pts',(-15.6737958492457,9.75606188948251,1.7758367287364));
#4552=CARTESIAN_POINT('Ctrl Pts',(-16.0830645933612,11.9099843240512,1.71327336394201));
#4553=CARTESIAN_POINT('Ctrl Pts',(-7.24467285003692,3.74647135958931,1.63124143385601));
#4554=CARTESIAN_POINT('Ctrl Pts',(-9.23321933158674,4.28234505837327,1.5238352257022));
#4555=CARTESIAN_POINT('Ctrl Pts',(-13.1890790198036,6.40997633153905,1.3104250228523));
#4556=CARTESIAN_POINT('Ctrl Pts',(-15.3799236993313,10.2038906058032,1.10350152933418));
#4557=CARTESIAN_POINT('Ctrl Pts',(-15.7111740393963,12.3763203286747,1.00082059971366));
#4558=CARTESIAN_POINT('Ctrl Pts',(-7.13144406495505,3.8884557651637,1.17658771019385));
#4559=CARTESIAN_POINT('Ctrl Pts',(-9.11506651162998,4.50617647664814,1.0344338493298));
#4560=CARTESIAN_POINT('Ctrl Pts',(-13.0248819339149,6.79253137474913,0.752123207906951));
#4561=CARTESIAN_POINT('Ctrl Pts',(-15.0513731097171,10.7065419000258,0.478587460206149));
#4562=CARTESIAN_POINT('Ctrl Pts',(-15.2953090987078,12.8977984701225,0.34292595473666));
#4563=CARTESIAN_POINT('Ctrl Pts',(-7.00445400515344,4.04769626343233,0.734097742180511));
#4564=CARTESIAN_POINT('Ctrl Pts',(-8.98211362554219,4.75593683880755,0.567825918081398));
#4565=CARTESIAN_POINT('Ctrl Pts',(-12.8402586880455,7.21790595688107,0.238247986769986));
#4566=CARTESIAN_POINT('Ctrl Pts',(-14.6852568044547,11.2651292793596,-0.0802206402790916));
#4567=CARTESIAN_POINT('Ctrl Pts',(-14.8328101065539,13.4777538624924,-0.237835581274001));
#4568=CARTESIAN_POINT('Ctrl Pts',(-6.86561246510795,4.22179804786939,0.302931378741896));
#4569=CARTESIAN_POINT('Ctrl Pts',(-8.83697437351909,5.02625614012266,0.122306330576946));
#4570=CARTESIAN_POINT('Ctrl Pts',(-12.6402481898056,7.67489645165714,-0.23475136894094));
#4571=CARTESIAN_POINT('Ctrl Pts',(-14.2923133872176,11.8636799384026,-0.578437438850599));
#4572=CARTESIAN_POINT('Ctrl Pts',(-14.337419994703,14.0989534144238,-0.748019961257144));
#4573=CARTESIAN_POINT('Ctrl Pts',(-6.66366144950227,4.47503661158961,-0.256194290511297));
#4574=CARTESIAN_POINT('Ctrl Pts',(-8.62642024877495,5.4122901642883,-0.443908499800873));
#4575=CARTESIAN_POINT('Ctrl Pts',(-12.3540795027535,8.31856881555992,-0.813313379487819));
#4576=CARTESIAN_POINT('Ctrl Pts',(-13.7398285947895,12.7026490511192,-1.16658405782379));
#4577=CARTESIAN_POINT('Ctrl Pts',(-13.6435395611679,14.9690519571569,-1.34000936618616));
#4578=CARTESIAN_POINT('Ctrl Pts',(-6.37774277231106,4.83356729258437,-0.92429983102101));
#4579=CARTESIAN_POINT('Ctrl Pts',(-8.33025225587642,5.93891411646214,-1.1020452753663));
#4580=CARTESIAN_POINT('Ctrl Pts',(-11.9630921183407,9.1712638049324,-1.44919734580493));
#4581=CARTESIAN_POINT('Ctrl Pts',(-13.0114199003463,13.8020362851017,-1.7775337699223));
#4582=CARTESIAN_POINT('Ctrl Pts',(-12.7360006705503,16.1070697308779,-1.93730136118489));
#4583=CARTESIAN_POINT('Ctrl Pts',(-6.0437873266445,5.2523341759967,-1.54366746117805));
#4584=CARTESIAN_POINT('Ctrl Pts',(-7.98506139946686,6.5167028158419,-1.69671245775891));
#4585=CARTESIAN_POINT('Ctrl Pts',(-11.525942446156,10.0577803539643,-1.99303186263598));
#4586=CARTESIAN_POINT('Ctrl Pts',(-12.2559060986181,14.9230624354495,-2.26967194479525));
#4587=CARTESIAN_POINT('Ctrl Pts',(-11.8116503388297,17.2661683849609,-2.40286486697471));
#4588=CARTESIAN_POINT('Ctrl Pts',(-5.74130786663214,5.63163142180984,-1.99797533233841));
#4589=CARTESIAN_POINT('Ctrl Pts',(-7.67139965549226,7.01141374648228,-2.12959825924386));
#4590=CARTESIAN_POINT('Ctrl Pts',(-11.1411539444612,10.7769898173325,-2.38303979730378));
#4591=CARTESIAN_POINT('Ctrl Pts',(-11.6416825056306,15.8147499291268,-2.61767497805066));
#4592=CARTESIAN_POINT('Ctrl Pts',(-11.0759920749609,18.1886546699261,-2.72985931301925));
#4593=CARTESIAN_POINT('Ctrl Pts',(-5.49489889875932,5.94061849436674,-2.31139080604438));
#4594=CARTESIAN_POINT('Ctrl Pts',(-7.41496902961097,7.39964126006091,-2.42843792719581));
#4595=CARTESIAN_POINT('Ctrl Pts',(-10.8325002134435,11.3196799685327,-2.65342063098534));
#4596=CARTESIAN_POINT('Ctrl Pts',(-11.1767568666668,16.4776288316845,-2.86115196612081));
#4597=CARTESIAN_POINT('Ctrl Pts',(-10.5285305188494,18.8751497476851,-2.96024987501445));
#4598=CARTESIAN_POINT('Ctrl Pts',(-5.23603276171302,6.26522636298677,-2.61097129360717));
#4599=CARTESIAN_POINT('Ctrl Pts',(-7.14243450969766,7.79659991085969,-2.71394073328766));
#4600=CARTESIAN_POINT('Ctrl Pts',(-10.5057716923135,11.8582758101981,-2.91223534944141));
#4601=CARTESIAN_POINT('Ctrl Pts',(-10.709742477528,17.1293939109271,-3.09585216154992));
#4602=CARTESIAN_POINT('Ctrl Pts',(-9.98772224556419,19.5533018726646,-3.1836580712269));
#4603=CARTESIAN_POINT('Ctrl Pts',(-5.06056145210858,6.48526042562846,-2.81500618514802));
#4604=CARTESIAN_POINT('Ctrl Pts',(-6.9539399244182,8.06073540243551,-2.90760950657201));
#4605=CARTESIAN_POINT('Ctrl Pts',(-10.2774901407112,12.20936303476,-3.08668322548935));
#4606=CARTESIAN_POINT('Ctrl Pts',(-10.3984336648524,17.5530344832149,-3.25355277496354));
#4607=CARTESIAN_POINT('Ctrl Pts',(-9.63303705212491,19.9980630375937,-3.33377111963954));
#4608=CARTESIAN_POINT('Ctrl Pts',(-4.95207789805932,6.62129449969492,-2.94604532947562));
#4609=CARTESIAN_POINT('Ctrl Pts',(-6.83579764167777,8.22286030974573,-3.03166897488162));
#4610=CARTESIAN_POINT('Ctrl Pts',(-10.1329983978452,12.4231845138771,-3.19789546009476));
#4611=CARTESIAN_POINT('Ctrl Pts',(-10.2058556061844,17.8112679350898,-3.35371021267292));
#4612=CARTESIAN_POINT('Ctrl Pts',(-9.41546195395817,20.2708935811578,-3.42897924400571));
#4613=CARTESIAN_POINT('Ctrl Pts',(-4.91061024112954,6.67329329678067,-3.00693022026353));
#4614=CARTESIAN_POINT('Ctrl Pts',(-6.79620079766365,8.27761726640999,-3.09215872606415));
#4615=CARTESIAN_POINT('Ctrl Pts',(-10.0947460955377,12.4830669393603,-3.25811620173175));
#4616=CARTESIAN_POINT('Ctrl Pts',(-10.1610146132755,17.8736118780967,-3.41437879740879));
#4617=CARTESIAN_POINT('Ctrl Pts',(-9.36706828597467,20.3315773214032,-3.49014119399905));
#4618=CARTESIAN_POINT('Ctrl Pts',(-4.85788087150272,6.73941383492266,-3.13398839628928));
#4619=CARTESIAN_POINT('Ctrl Pts',(-6.74946873002311,8.34294672206706,-3.21446277149956));
#4620=CARTESIAN_POINT('Ctrl Pts',(-10.0569549193582,12.5461652095476,-3.37161590501777));
#4621=CARTESIAN_POINT('Ctrl Pts',(-10.1217159689464,17.9309530738996,-3.5202231037656));
#4622=CARTESIAN_POINT('Ctrl Pts',(-9.32674408978657,20.3821422640712,-3.59252387995055));
#4623=CARTESIAN_POINT('Ctrl Pts',(-4.82270028244753,6.78352889825347,-3.30180764944076));
#4624=CARTESIAN_POINT('Ctrl Pts',(-6.7217537667504,8.38347388102251,-3.37155959662241));
#4625=CARTESIAN_POINT('Ctrl Pts',(-10.0416180911854,12.5788757518118,-3.50783733643841));
#4626=CARTESIAN_POINT('Ctrl Pts',(-10.1098054277688,17.9528057841611,-3.63679337968226));
#4627=CARTESIAN_POINT('Ctrl Pts',(-9.31636502205731,20.3951572033456,-3.69956835305649));
#4628=CARTESIAN_POINT('Ctrl Pts',(-4.8218232897234,6.78462861234595,-3.50421118102382));
#4629=CARTESIAN_POINT('Ctrl Pts',(-6.72549555339906,8.38357114987249,-3.55624030166427));
#4630=CARTESIAN_POINT('Ctrl Pts',(-10.0524208383714,12.5765102703072,-3.65747565679561));
#4631=CARTESIAN_POINT('Ctrl Pts',(-10.1202588215479,17.9454356461682,-3.75269047325554));
#4632=CARTESIAN_POINT('Ctrl Pts',(-9.32648530759668,20.3824667666734,-3.7988124564102));
#4633=CARTESIAN_POINT('Ctrl Pts',(-4.86928508772853,6.72511340009336,-3.71573697375172));
#4634=CARTESIAN_POINT('Ctrl Pts',(-6.77226658298815,8.32869831009811,-3.74680820436839));
#4635=CARTESIAN_POINT('Ctrl Pts',(-10.0959453116159,12.5307478422084,-3.80648626999786));
#4636=CARTESIAN_POINT('Ctrl Pts',(-10.1547129813188,17.9067556683643,-3.86152350128362));
#4637=CARTESIAN_POINT('Ctrl Pts',(-9.35623177749966,20.3451658732296,-3.88775289129689));
#4638=CARTESIAN_POINT('Ctrl Pts',(-4.96514317992491,6.6049111544351,-3.88689035848372));
#4639=CARTESIAN_POINT('Ctrl Pts',(-6.86162609897086,8.2193792816625,-3.90009217359257));
#4640=CARTESIAN_POINT('Ctrl Pts',(-10.1707520076347,12.443326380629,-3.92454820509592));
#4641=CARTESIAN_POINT('Ctrl Pts',(-10.2107746797142,17.8397323925877,-3.9458232797347));
#4642=CARTESIAN_POINT('Ctrl Pts',(-9.40272835867033,20.2868610046046,-3.95544792923107));
#4643=CARTESIAN_POINT('Ctrl Pts',(-5.08427629825572,6.45552294914617,-3.98316746479918));
#4644=CARTESIAN_POINT('Ctrl Pts',(-6.97229703489693,8.08226589073094,-3.98701867217829));
#4645=CARTESIAN_POINT('Ctrl Pts',(-10.2633886652479,12.3310473206291,-3.99362316097675));
#4646=CARTESIAN_POINT('Ctrl Pts',(-10.2828614834794,17.7513314983686,-3.99858837026567));
#4647=CARTESIAN_POINT('Ctrl Pts',(-9.46439086251778,20.209538670459,-4.00050186800484));
#4648=CARTESIAN_POINT('Ctrl Pts',(-5.16190172230328,6.35818374619628,-4.));
#4649=CARTESIAN_POINT('Ctrl Pts',(-7.0457134142714,7.99058073941988,-4.00084671657599));
#4650=CARTESIAN_POINT('Ctrl Pts',(-10.328040821182,12.2508540372037,-4.00215318473388));
#4651=CARTESIAN_POINT('Ctrl Pts',(-10.3382201154691,17.6823645403796,-4.00290377601918));
#4652=CARTESIAN_POINT('Ctrl Pts',(-9.51507705337728,20.145980197454,-4.0030787583785));
#4653=CARTESIAN_POINT('Ctrl Pts',(-5.2187323670174,6.28692037176097,-4.));
#4654=CARTESIAN_POINT('Ctrl Pts',(-7.10032158894654,7.9221042542651,-3.9980777931353));
#4655=CARTESIAN_POINT('Ctrl Pts',(-10.3781070700045,12.1880729469248,-3.99440802712935));
#4656=CARTESIAN_POINT('Ctrl Pts',(-10.3837912127917,17.6252201917934,-3.99105515765239));
#4657=CARTESIAN_POINT('Ctrl Pts',(-9.55841823269003,20.0916320776082,-3.98946994086053));
#4658=CARTESIAN_POINT('Ctrl Pts',(-5.25180676215196,6.24544639207002,-3.99516908743865));
#4659=CARTESIAN_POINT('Ctrl Pts',(-7.13363809929644,7.8802067592611,-3.99185980123933));
#4660=CARTESIAN_POINT('Ctrl Pts',(-10.4119541221438,12.1453501487772,-3.98583682293003));
#4661=CARTESIAN_POINT('Ctrl Pts',(-10.4183895657155,17.5816915644464,-3.98075540773631));
#4662=CARTESIAN_POINT('Ctrl Pts',(-9.5934419250642,20.0477137564925,-3.97852406733781));
#4663=CARTESIAN_POINT('Ctrl Pts',(-5.29488897765312,6.19142300257299,-3.98096472332456));
#4664=CARTESIAN_POINT('Ctrl Pts',(-7.18048608736266,7.82092681449828,-3.97597604390748));
#4665=CARTESIAN_POINT('Ctrl Pts',(-10.4666817325495,12.0754762715629,-3.967218336539));
#4666=CARTESIAN_POINT('Ctrl Pts',(-10.4818802391668,17.5014364917108,-3.9603121084446));
#4667=CARTESIAN_POINT('Ctrl Pts',(-9.66146437798817,19.9624162984553,-3.95749157157516));
#4668=CARTESIAN_POINT('Ctrl Pts',(-5.33437150947186,6.14191347364174,-3.9600378772784));
#4669=CARTESIAN_POINT('Ctrl Pts',(-7.22752707374089,7.76105548046502,-3.95349691703708));
#4670=CARTESIAN_POINT('Ctrl Pts',(-10.5294762878852,11.9946711398876,-3.94224281264662));
#4671=CARTESIAN_POINT('Ctrl Pts',(-10.5618560318029,17.4000911507162,-3.93372331566021));
#4672=CARTESIAN_POINT('Ctrl Pts',(-9.75026265930608,19.85106677563,-3.93041107877087));
#4673=CARTESIAN_POINT('Ctrl Pts',(-5.36027208312282,6.10943518156075,-3.94122044468673));
#4674=CARTESIAN_POINT('Ctrl Pts',(-7.25792755424803,7.72211581714362,-3.93463165537962));
#4675=CARTESIAN_POINT('Ctrl Pts',(-10.5693938292772,11.942704938042,-3.92370569208541));
#4676=CARTESIAN_POINT('Ctrl Pts',(-10.6125998483483,17.3354795870753,-3.91608542672481));
#4677=CARTESIAN_POINT('Ctrl Pts',(-9.80657943192756,19.7804477764176,-3.91344172297428));
#4678=CARTESIAN_POINT('Ctrl Pts',(-5.47664549766242,5.96350753536971,-3.84215159555475));
#4679=CARTESIAN_POINT('Ctrl Pts',(-7.3880625282579,7.55482852486784,-3.8396859291897));
#4680=CARTESIAN_POINT('Ctrl Pts',(-10.7293752121322,11.7325156613571,-3.8389823840971));
#4681=CARTESIAN_POINT('Ctrl Pts',(-10.8089688179973,17.084324718469,-3.84406123077026));
#4682=CARTESIAN_POINT('Ctrl Pts',(-10.0217793950258,19.5105955580259,-3.84878560346652));
#4683=CARTESIAN_POINT('Ctrl Pts',(-5.68528676826523,5.70187965723423,-3.67563274641664));
#4684=CARTESIAN_POINT('Ctrl Pts',(-7.61686789773023,7.25375114982198,-3.67974441946432));
#4685=CARTESIAN_POINT('Ctrl Pts',(-11.0057960171481,11.3528276778476,-3.69527929262423));
#4686=CARTESIAN_POINT('Ctrl Pts',(-11.1553342479374,16.6330259425665,-3.72045519575701));
#4687=CARTESIAN_POINT('Ctrl Pts',(-10.404594782606,19.0305602453533,-3.7368173823672));
#4688=CARTESIAN_POINT('Ctrl Pts',(-5.98941363117405,5.3205166335288,-3.40277551841384));
#4689=CARTESIAN_POINT('Ctrl Pts',(-7.94209961025857,6.80647336079122,-3.41957353067401));
#4690=CARTESIAN_POINT('Ctrl Pts',(-11.3926056652576,10.7756868750727,-3.46411205241275));
#4691=CARTESIAN_POINT('Ctrl Pts',(-11.6655678724737,15.9459487013606,-3.52262315489137));
#4692=CARTESIAN_POINT('Ctrl Pts',(-10.9797057422235,18.3093939122379,-3.55752165349753));
#4693=CARTESIAN_POINT('Ctrl Pts',(-6.27579376293687,4.96140730680361,-3.08688128865874));
#4694=CARTESIAN_POINT('Ctrl Pts',(-8.24287621834541,6.37412399933014,-3.11920211938086));
#4695=CARTESIAN_POINT('Ctrl Pts',(-11.748877634703,10.2001001604521,-3.19752796248194));
#4696=CARTESIAN_POINT('Ctrl Pts',(-12.1636895359365,15.2552047856867,-3.29284229742842));
#4697=CARTESIAN_POINT('Ctrl Pts',(-11.5527535575985,17.5908146801733,-3.34755031480491));
#4698=CARTESIAN_POINT('Ctrl Pts',(-6.63330898519445,4.51309739798193,-2.61652232356079));
#4699=CARTESIAN_POINT('Ctrl Pts',(-8.6122403052169,5.81967783705628,-2.67098193942359));
#4700=CARTESIAN_POINT('Ctrl Pts',(-12.1857980740787,9.43912894495265,-2.7961202903368));
#4701=CARTESIAN_POINT('Ctrl Pts',(-12.8108578738303,14.3343224562751,-2.94070185086355));
#4702=CARTESIAN_POINT('Ctrl Pts',(-12.3113186963464,16.6396040826499,-3.0213411140208));
#4703=CARTESIAN_POINT('Ctrl Pts',(-7.03041470834372,4.0151425712939,-1.94224578987928));
#4704=CARTESIAN_POINT('Ctrl Pts',(-9.01386063976944,5.17495101157928,-2.02425993968963));
#4705=CARTESIAN_POINT('Ctrl Pts',(-12.6639086523123,8.51017202560219,-2.20574682800892));
#4706=CARTESIAN_POINT('Ctrl Pts',(-13.5858740329868,13.1934204371047,-2.40716005840864));
#4707=CARTESIAN_POINT('Ctrl Pts',(-13.2440631738168,15.4699795027281,-2.51684082812072));
#4708=CARTESIAN_POINT('Ctrl Pts',(-7.42499079802989,3.5203598046374,-1.0263211443019));
#4709=CARTESIAN_POINT('Ctrl Pts',(-9.40642637836157,4.48986358533596,-1.1326207273051));
#4710=CARTESIAN_POINT('Ctrl Pts',(-13.1444690921067,7.45741439245656,-1.36164360600593));
#4711=CARTESIAN_POINT('Ctrl Pts',(-14.4554573065387,11.8719765064655,-1.60816229721504));
#4712=CARTESIAN_POINT('Ctrl Pts',(-14.3205139953368,14.1201528670975,-1.7398484923413));
#4713=CARTESIAN_POINT('Ctrl Pts',(-7.74075793233229,3.12440034228478,-0.0304519010345187));
#4714=CARTESIAN_POINT('Ctrl Pts',(-9.71906550078543,3.90123677168138,-0.14184058084426));
#4715=CARTESIAN_POINT('Ctrl Pts',(-13.5446842121823,6.49661904126528,-0.377990708581685));
#4716=CARTESIAN_POINT('Ctrl Pts',(-15.2500545649925,10.6400522483771,-0.627321965779642));
#4717=CARTESIAN_POINT('Ctrl Pts',(-15.3247706321196,12.8608548757374,-0.758835951645795));
#4718=CARTESIAN_POINT('Ctrl Pts',(-7.98434572799555,2.81895090778438,1.02532254192452));
#4719=CARTESIAN_POINT('Ctrl Pts',(-9.96202844076315,3.41594527321867,0.936752663323019));
#4720=CARTESIAN_POINT('Ctrl Pts',(-13.872714663244,5.66360891854466,0.750746557304614));
#4721=CARTESIAN_POINT('Ctrl Pts',(-15.9449849563417,9.55223265795512,0.556632023292179));
#4722=CARTESIAN_POINT('Ctrl Pts',(-16.2145752328623,11.7450751981362,0.45504194336816));
#4723=CARTESIAN_POINT('Ctrl Pts',(-8.13061259361836,2.63553805957913,1.9439043012871));
#4724=CARTESIAN_POINT('Ctrl Pts',(-10.1101764099589,3.10939599378396,1.90254822822866));
#4725=CARTESIAN_POINT('Ctrl Pts',(-14.0824311025012,5.11867586141529,1.81539681442617));
#4726=CARTESIAN_POINT('Ctrl Pts',(-16.4046923639828,8.8310762290974,1.72405745998669));
#4727=CARTESIAN_POINT('Ctrl Pts',(-16.8069216046147,11.0022963418002,1.67611668640063));
#4728=CARTESIAN_POINT('Ctrl Pts',(-8.23397995938883,2.50591948269428,2.69248992192951));
#4729=CARTESIAN_POINT('Ctrl Pts',(-10.2138052049829,2.91053792631456,2.7038083073266));
#4730=CARTESIAN_POINT('Ctrl Pts',(-14.2195437075166,4.78586686191619,2.7254668216252));
#4731=CARTESIAN_POINT('Ctrl Pts',(-16.6827882021919,8.39979318998626,2.74532665932498));
#4732=CARTESIAN_POINT('Ctrl Pts',(-17.1598479392709,10.5597407160247,2.75474534731271));
#4733=CARTESIAN_POINT('Ctrl Pts',(-8.28726199450715,2.43910592394595,3.06963475126451));
#4734=CARTESIAN_POINT('Ctrl Pts',(-10.2721011198158,2.8138621595584,3.10697081328318));
#4735=CARTESIAN_POINT('Ctrl Pts',(-14.2993017094476,4.63081732764433,3.18212961639808));
#4736=CARTESIAN_POINT('Ctrl Pts',(-16.8207825010294,8.19850900734623,3.25634148839603));
#4737=CARTESIAN_POINT('Ctrl Pts',(-17.3285212492751,10.3482310752572,3.29367912779346));
#4738=CARTESIAN_POINT('Ctrl Pts',(-8.32039564229236,2.39755764378122,3.28860022205834));
#4739=CARTESIAN_POINT('Ctrl Pts',(-10.3106635566287,2.7554699876921,3.34018142615239));
#4740=CARTESIAN_POINT('Ctrl Pts',(-14.3536948760874,4.53918032823638,3.44455873809153));
#4741=CARTESIAN_POINT('Ctrl Pts',(-16.906661756058,8.07879538238064,3.54835630052243));
#4742=CARTESIAN_POINT('Ctrl Pts',(-17.4308603473057,10.2199019053346,3.60085540949791));
#4743=CARTESIAN_POINT('Ctrl Pts',(-8.32704594698745,2.38921842546021,3.35305373030749));
#4744=CARTESIAN_POINT('Ctrl Pts',(-10.3162861369182,2.74581844422663,3.40544587289446));
#4745=CARTESIAN_POINT('Ctrl Pts',(-14.3584731415743,4.52711638427116,3.5115420246657));
#4746=CARTESIAN_POINT('Ctrl Pts',(-16.9146529596575,8.06565845569435,3.61715385943849));
#4747=CARTESIAN_POINT('Ctrl Pts',(-17.4406049080291,10.2076826126796,3.670609758708));
#4748=CARTESIAN_POINT('Ctrl Pts',(-8.32635689037326,2.39008247512482,3.46232937572987));
#4749=CARTESIAN_POINT('Ctrl Pts',(-10.3132387743341,2.7462257016742,3.51112620463669));
#4750=CARTESIAN_POINT('Ctrl Pts',(-14.3522666403028,4.52692902756614,3.61001073696237));
#4751=CARTESIAN_POINT('Ctrl Pts',(-16.9106126393756,8.06663458503941,3.70853687818833));
#4752=CARTESIAN_POINT('Ctrl Pts',(-17.4378243244594,10.2111693541915,3.75844098205259));
#4753=CARTESIAN_POINT('Ctrl Pts',(-8.3117255536533,2.40842959105862,3.58409764879484));
#4754=CARTESIAN_POINT('Ctrl Pts',(-10.2966859095171,2.76406587946643,3.62478000761513));
#4755=CARTESIAN_POINT('Ctrl Pts',(-14.3332041955778,4.54402406580504,3.70725708628854));
#4756=CARTESIAN_POINT('Ctrl Pts',(-16.8935897958807,8.08448639712848,3.78948390639421));
#4757=CARTESIAN_POINT('Ctrl Pts',(-17.4219736352052,10.2310454898409,3.83115042171991));
#4758=CARTESIAN_POINT('Ctrl Pts',(-8.26587474389457,2.46592468794578,3.75193687947167));
#4759=CARTESIAN_POINT('Ctrl Pts',(-10.2512282449385,2.81785611113425,3.77816413275224));
#4760=CARTESIAN_POINT('Ctrl Pts',(-14.2900814956432,4.59060005105189,3.83135867708436));
#4761=CARTESIAN_POINT('Ctrl Pts',(-16.8578120122653,8.1255022243151,3.88442265440126));
#4762=CARTESIAN_POINT('Ctrl Pts',(-17.3900761125842,10.2710437180774,3.91132305750314));
#4763=CARTESIAN_POINT('Ctrl Pts',(-8.14463307896507,2.61795692703957,3.95106009842449));
#4764=CARTESIAN_POINT('Ctrl Pts',(-10.1390868266532,2.95575601839364,3.95580672997891));
#4765=CARTESIAN_POINT('Ctrl Pts',(-14.1977324604104,4.70004990538629,3.96543045641244));
#4766=CARTESIAN_POINT('Ctrl Pts',(-16.7894995591166,8.20790336750861,3.9750258943504));
#4767=CARTESIAN_POINT('Ctrl Pts',(-17.3340978816802,10.3412381994034,3.9798884973652));
#4768=CARTESIAN_POINT('Ctrl Pts',(-8.01130646605156,2.78514321158803,4.));
#4769=CARTESIAN_POINT('Ctrl Pts',(-10.0182996894076,3.10647493439874,4.));
#4770=CARTESIAN_POINT('Ctrl Pts',(-14.1027801259254,4.81738097479437,4.));
#4771=CARTESIAN_POINT('Ctrl Pts',(-16.7215415095217,8.29222945538883,4.));
#4772=CARTESIAN_POINT('Ctrl Pts',(-17.2798837358925,10.4092205879616,4.));
#4773=CARTESIAN_POINT('Ctrl Pts',(-7.95229889684427,2.85913636299585,4.));
#4774=CARTESIAN_POINT('Ctrl Pts',(-9.96436765798078,3.1741035627375,4.));
#4775=CARTESIAN_POINT('Ctrl Pts',(-14.0591612015658,4.8720773759128,4.));
#4776=CARTESIAN_POINT('Ctrl Pts',(-16.6882356922293,8.33399362928692,4.));
#4777=CARTESIAN_POINT('Ctrl Pts',(-17.2518154878868,10.4444170577084,4.));
#4778=CARTESIAN_POINT('',(-10.1644816073334,15.4574678927107,-3.98745847361173));
#4779=CARTESIAN_POINT('Ctrl Pts',(-6.55982468630632,7.54776126311147,-3.99536115122679));
#4780=CARTESIAN_POINT('Ctrl Pts',(-7.85840828795775,8.94596628607182,-3.99350085431531));
#4781=CARTESIAN_POINT('Ctrl Pts',(-9.51975913568886,11.483662015353,-3.99080313738987));
#4782=CARTESIAN_POINT('Ctrl Pts',(-10.095707044909,14.4098773498668,-3.988311478471));
#4783=CARTESIAN_POINT('Ctrl Pts',(-10.1644816073334,15.4574678927107,-3.98745847361173));
#4784=CARTESIAN_POINT('',(-16.4503576143055,8.46378959813287,4.));
#4785=CARTESIAN_POINT('Ctrl Pts',(-10.1644816073334,15.4574678927106,-3.98745847361173));
#4786=CARTESIAN_POINT('Ctrl Pts',(-10.1262107500628,15.4826339436786,-3.99791473576615));
#4787=CARTESIAN_POINT('Ctrl Pts',(-10.1064759795796,15.495472365215,-4.00028630287281));
#4788=CARTESIAN_POINT('Ctrl Pts',(-10.0614731363701,15.524745128137,-3.99764104135123));
#4789=CARTESIAN_POINT('Ctrl Pts',(-10.036621171157,15.5408177754892,-3.98971930395846));
#4790=CARTESIAN_POINT('Ctrl Pts',(-9.98252693206575,15.5756373574459,-3.95928776821994));
#4791=CARTESIAN_POINT('Ctrl Pts',(-9.95523852074201,15.5930741755769,-3.93372754593964));
#4792=CARTESIAN_POINT('Ctrl Pts',(-9.90681533850539,15.6238895826546,-3.87045349374065));
#4793=CARTESIAN_POINT('Ctrl Pts',(-9.88208207787845,15.639530200631,-3.82564265323355));
#4794=CARTESIAN_POINT('Ctrl Pts',(-9.84343746693044,15.6638863691208,-3.69771149325905));
#4795=CARTESIAN_POINT('Ctrl Pts',(-9.83733232031584,15.667702543917,-3.62823521702192));
#4796=CARTESIAN_POINT('Ctrl Pts',(-9.84259666902753,15.6643959335533,-3.50835195889109));
#4797=CARTESIAN_POINT('Ctrl Pts',(-9.85280361405315,15.6579921696661,-3.45559622972351));
#4798=CARTESIAN_POINT('Ctrl Pts',(-9.88377993110743,15.6384502483296,-3.37288950015931));
#4799=CARTESIAN_POINT('Ctrl Pts',(-9.89973343364218,15.6283582032381,-3.34343542672247));
#4800=CARTESIAN_POINT('Ctrl Pts',(-9.92724113657817,15.6108972963285,-3.30447744371248));
#4801=CARTESIAN_POINT('Ctrl Pts',(-9.94252017704939,15.6011806712759,-3.28806004515986));
#4802=CARTESIAN_POINT('Ctrl Pts',(-9.97716764043465,15.5790385179673,-3.26504280762914));
#4803=CARTESIAN_POINT('Ctrl Pts',(-9.99310898845,15.5688186676594,-3.25737210101973));
#4804=CARTESIAN_POINT('Ctrl Pts',(-10.0769720977343,15.5148712755577,-3.21158512116487));
#4805=CARTESIAN_POINT('Ctrl Pts',(-10.1452351551288,15.47032264269,-3.17491714066612));
#4806=CARTESIAN_POINT('Ctrl Pts',(-10.5772028740059,15.1843070266588,-2.94550684927535));
#4807=CARTESIAN_POINT('Ctrl Pts',(-10.9345969953024,14.9296602878511,-2.76682466344274));
#4808=CARTESIAN_POINT('Ctrl Pts',(-12.0335747614244,14.0821453426937,-2.17332021269798));
#4809=CARTESIAN_POINT('Ctrl Pts',(-12.7175355946592,13.4639112689975,-1.75335614533582));
#4810=CARTESIAN_POINT('Ctrl Pts',(-13.8701087318797,12.267478912489,-0.813803412136964));
#4811=CARTESIAN_POINT('Ctrl Pts',(-14.4571889158166,11.5730281636506,-0.227567584344181));
#4812=CARTESIAN_POINT('Ctrl Pts',(-15.2078251915938,10.5435232120502,1.04848011380488));
#4813=CARTESIAN_POINT('Ctrl Pts',(-15.4527118361436,10.1948838925355,1.56821110308062));
#4814=CARTESIAN_POINT('Ctrl Pts',(-15.9306739073652,9.40840433716895,2.83293721374823));
#4815=CARTESIAN_POINT('Ctrl Pts',(-16.050660148856,9.20251965158221,3.16359053262963));
#4816=CARTESIAN_POINT('Ctrl Pts',(-16.1988401474048,8.93594808009189,3.5619506774924));
#4817=CARTESIAN_POINT('Ctrl Pts',(-16.2279767228787,8.882933833539,3.63981980563189));
#4818=CARTESIAN_POINT('Ctrl Pts',(-16.276507942646,8.79357326674823,3.76830953326148));
#4819=CARTESIAN_POINT('Ctrl Pts',(-16.2942239043683,8.76072990338845,3.82254433221267));
#4820=CARTESIAN_POINT('Ctrl Pts',(-16.3204365188695,8.71168428860164,3.8784219235361));
#4821=CARTESIAN_POINT('Ctrl Pts',(-16.3378915766206,8.67904924338603,3.91661977849212));
#4822=CARTESIAN_POINT('Ctrl Pts',(-16.3687576106735,8.62055709369959,3.95732925970321));
#4823=CARTESIAN_POINT('Ctrl Pts',(-16.3823893669639,8.59472124743743,3.97399501315402));
#4824=CARTESIAN_POINT('Ctrl Pts',(-16.4087853282383,8.54411735657419,3.99011956509135));
#4825=CARTESIAN_POINT('Ctrl Pts',(-16.4261680669536,8.51080479148704,4.));
#4826=CARTESIAN_POINT('Ctrl Pts',(-16.4503576143055,8.46378959813281,4.));
#4827=CARTESIAN_POINT('Ctrl Pts',(-9.47520868690171,3.1969392142583,4.));
#4828=CARTESIAN_POINT('Ctrl Pts',(-12.3346159151539,4.01941679218926,4.));
#4829=CARTESIAN_POINT('Ctrl Pts',(-15.0134716570397,5.86733932187262,4.));
#4830=CARTESIAN_POINT('Ctrl Pts',(-16.4503576143055,8.46378959813287,4.));
#4831=CARTESIAN_POINT('Ctrl Pts',(-2.72281444225555,8.00000000000002,4.));
#4832=CARTESIAN_POINT('Ctrl Pts',(-3.73106752275987,9.76947753930592,4.));
#4833=CARTESIAN_POINT('Ctrl Pts',(-4.95660015435538,14.0295854022255,4.));
#4834=CARTESIAN_POINT('Ctrl Pts',(-3.88916617105533,18.2435480876476,4.));
#4835=CARTESIAN_POINT('Ctrl Pts',(-2.59055694850338,20.,4.));
#4836=CARTESIAN_POINT('Ctrl Pts',(-2.66212722106753,8.00000000000002,4.));
#4837=CARTESIAN_POINT('Ctrl Pts',(-3.67560031466631,9.76947753930592,4.));
#4838=CARTESIAN_POINT('Ctrl Pts',(-4.9117396161879,14.0295854022255,4.));
#4839=CARTESIAN_POINT('Ctrl Pts',(-3.85491230281394,18.2435480876476,4.));
#4840=CARTESIAN_POINT('Ctrl Pts',(-2.56168973709364,20.,4.));
#4841=CARTESIAN_POINT('Ctrl Pts',(-2.54936005905018,8.00000000000002,3.98582916571573));
#4842=CARTESIAN_POINT('Ctrl Pts',(-3.57671306125835,9.76962322581934,3.98737278297858));
#4843=CARTESIAN_POINT('Ctrl Pts',(-4.84100428970285,14.0299255093794,3.99051585545546));
#4844=CARTESIAN_POINT('Ctrl Pts',(-3.81219423412385,18.2437226321598,3.99366773545514));
#4845=CARTESIAN_POINT('Ctrl Pts',(-2.53329460717912,20.,3.99527170265974));
#4846=CARTESIAN_POINT('Ctrl Pts',(-2.39026619911715,8.00000000000002,3.90526603799146));
#4847=CARTESIAN_POINT('Ctrl Pts',(-3.43774782868957,9.77010208456763,3.91835481359676));
#4848=CARTESIAN_POINT('Ctrl Pts',(-4.74277128033598,14.0310434116627,3.94497817873574));
#4849=CARTESIAN_POINT('Ctrl Pts',(-3.75425081995895,18.2442963446104,3.9716390965213));
#4850=CARTESIAN_POINT('Ctrl Pts',(-2.49612219356639,20.,3.98519292383518));
#4851=CARTESIAN_POINT('Ctrl Pts',(-2.29817035631347,8.00000000000002,3.82831592544061));
#4852=CARTESIAN_POINT('Ctrl Pts',(-3.35694718296803,9.77060184291992,3.85255740954494));
#4853=CARTESIAN_POINT('Ctrl Pts',(-4.68474667867247,14.0322101043569,3.90186450396214));
#4854=CARTESIAN_POINT('Ctrl Pts',(-3.71854032404548,18.244895096518,3.95123905742743));
#4855=CARTESIAN_POINT('Ctrl Pts',(-2.47206727100746,20.,3.97633922621907));
#4856=CARTESIAN_POINT('Ctrl Pts',(-2.23382253903001,8.00000000000002,3.75176814305313));
#4857=CARTESIAN_POINT('Ctrl Pts',(-3.29903726026949,9.77124052482252,3.78630030653605));
#4858=CARTESIAN_POINT('Ctrl Pts',(-4.6396944952377,14.0337011159752,3.85654565531728));
#4859=CARTESIAN_POINT('Ctrl Pts',(-3.68575554153174,18.2456602903478,3.92689656378537));
#4860=CARTESIAN_POINT('Ctrl Pts',(-2.44592564985421,20.,3.96266382607261));
#4861=CARTESIAN_POINT('Ctrl Pts',(-2.19124273352488,8.00000000000002,3.68135501348671));
#4862=CARTESIAN_POINT('Ctrl Pts',(-3.25993941992198,9.77201643953465,3.72546992994674));
#4863=CARTESIAN_POINT('Ctrl Pts',(-4.60740012428869,14.0355124994604,3.81522106900423));
#4864=CARTESIAN_POINT('Ctrl Pts',(-3.65954746887707,18.2465899004521,3.90512390930326));
#4865=CARTESIAN_POINT('Ctrl Pts',(-2.42331040588527,20.,3.95083784666669));
#4866=CARTESIAN_POINT('Ctrl Pts',(-2.16247960961574,8.00000000000001,3.61798966580093));
#4867=CARTESIAN_POINT('Ctrl Pts',(-3.23108361787839,9.77292789631553,3.66816676676913));
#4868=CARTESIAN_POINT('Ctrl Pts',(-4.57803693156369,14.0376403077549,3.77027604288589));
#4869=CARTESIAN_POINT('Ctrl Pts',(-3.62883444887836,18.2476819011836,3.8725910493934));
#4870=CARTESIAN_POINT('Ctrl Pts',(-2.39250142300795,20.,3.92462861780709));
#4871=CARTESIAN_POINT('Ctrl Pts',(-2.15012482977503,8.00000000000001,3.57994406107032));
#4872=CARTESIAN_POINT('Ctrl Pts',(-3.21839670120004,9.7736247683881,3.63445585727622));
#4873=CARTESIAN_POINT('Ctrl Pts',(-4.56443117609086,14.0392671651192,3.74540357071604));
#4874=CARTESIAN_POINT('Ctrl Pts',(-3.61366576473964,18.2485168116576,3.85659819016151));
#4875=CARTESIAN_POINT('Ctrl Pts',(-2.37698976514705,20.,3.91316059444491));
#4876=CARTESIAN_POINT('Ctrl Pts',(-2.09855333633234,8.00000000000001,3.39584318430242));
#4877=CARTESIAN_POINT('Ctrl Pts',(-3.142444506745,9.77739319825243,3.43830265649789));
#4878=CARTESIAN_POINT('Ctrl Pts',(-4.43761997407794,14.0480646160691,3.52492650619726));
#4879=CARTESIAN_POINT('Ctrl Pts',(-3.43251258540294,18.2530317028238,3.6120195381716));
#4880=CARTESIAN_POINT('Ctrl Pts',(-2.17067633619991,20.,3.65642427224954));
#4881=CARTESIAN_POINT('Ctrl Pts',(-2.01109977529828,8.00000000000001,3.06564523200938));
#4882=CARTESIAN_POINT('Ctrl Pts',(-3.01265716811808,9.78789534066916,3.08380274468691));
#4883=CARTESIAN_POINT('Ctrl Pts',(-4.21813667210026,14.0725820108743,3.12150372893292));
#4884=CARTESIAN_POINT('Ctrl Pts',(-3.11362723598808,18.2656141394699,3.16028733968445));
#4885=CARTESIAN_POINT('Ctrl Pts',(-1.80810304996146,20.,3.18038542810812));
#4886=CARTESIAN_POINT('Ctrl Pts',(-1.88298215445249,8.00000000000001,2.57766539805642));
#4887=CARTESIAN_POINT('Ctrl Pts',(-2.82427463138798,9.8134625090777,2.55461294298125));
#4888=CARTESIAN_POINT('Ctrl Pts',(-3.89834641623426,14.132268914465,2.50965059097152));
#4889=CARTESIAN_POINT('Ctrl Pts',(-2.63880469631644,18.2962457252888,2.46721050334088));
#4890=CARTESIAN_POINT('Ctrl Pts',(-1.27109141023351,20.,2.44659273285137));
#4891=CARTESIAN_POINT('Ctrl Pts',(-1.74434081028534,8.00000000000001,2.09889906424108));
#4892=CARTESIAN_POINT('Ctrl Pts',(-2.62639935753601,9.84753896218411,2.0329562719169));
#4893=CARTESIAN_POINT('Ctrl Pts',(-3.56817450407335,14.2118208593177,1.90221496910865));
#4894=CARTESIAN_POINT('Ctrl Pts',(-2.14485553831642,18.337072139112,1.7758367287364));
#4895=CARTESIAN_POINT('Ctrl Pts',(-0.716026056351976,20.,1.71327336394201));
#4896=CARTESIAN_POINT('Ctrl Pts',(-1.58787038270912,8.00000000000001,1.63124143385601));
#4897=CARTESIAN_POINT('Ctrl Pts',(-2.4087459061416,9.88882002990281,1.5238352257022));
#4898=CARTESIAN_POINT('Ctrl Pts',(-3.21173496688432,14.3081920753115,1.3104250228523));
#4899=CARTESIAN_POINT('Ctrl Pts',(-1.61150266062175,18.3865302780939,1.10350152933418));
#4900=CARTESIAN_POINT('Ctrl Pts',(-0.119559918724304,20.,1.00082059971366));
#4901=CARTESIAN_POINT('Ctrl Pts',(-1.40626551163616,8.00000000000001,1.17658771019385));
#4902=CARTESIAN_POINT('Ctrl Pts',(-2.16008037826495,9.9360010421482,1.0344338493298));
#4903=CARTESIAN_POINT('Ctrl Pts',(-2.81026618177927,14.4183367923253,0.752123207906951));
#4904=CARTESIAN_POINT('Ctrl Pts',(-1.01366611207609,18.4430570393888,0.478587460206149));
#4905=CARTESIAN_POINT('Ctrl Pts',(0.547435659148339,20.,0.34292595473666));
#4906=CARTESIAN_POINT('Ctrl Pts',(-1.20258926958211,8.00000000000001,0.734097742180511));
#4907=CARTESIAN_POINT('Ctrl Pts',(-1.88191509545269,9.98777732883471,0.567825918081398));
#4908=CARTESIAN_POINT('Ctrl Pts',(-2.36258423064116,14.5392092402383,0.238247986769986));
#4909=CARTESIAN_POINT('Ctrl Pts',(-0.348675130578351,18.5050893201514,-0.0802206402790916));
#4910=CARTESIAN_POINT('Ctrl Pts',(1.28922644830818,20.,-0.237835581274001));
#4911=CARTESIAN_POINT('Ctrl Pts',(-0.979904729062628,8.00000000000001,0.302931378741896));
#4912=CARTESIAN_POINT('Ctrl Pts',(-1.58007811187997,10.0428442198767,0.122306330576946));
#4913=CARTESIAN_POINT('Ctrl Pts',(-1.88059016871934,14.6677636489295,-0.23475136894094));
#4914=CARTESIAN_POINT('Ctrl Pts',(0.364286831868302,18.5710640175361,-0.578437438850599));
#4915=CARTESIAN_POINT('Ctrl Pts',(2.08377049758386,20.,-0.748019961257144));
#4916=CARTESIAN_POINT('Ctrl Pts',(-0.656000448666023,8.00000000000001,-0.256194290511297));
#4917=CARTESIAN_POINT('Ctrl Pts',(-1.14698620896618,10.118914653626,-0.443908499800873));
#4918=CARTESIAN_POINT('Ctrl Pts',(-1.19892359223726,14.8453511147274,-0.813313379487819));
#4919=CARTESIAN_POINT('Ctrl Pts',(1.3646879307694,18.6622026990842,-1.16658405782379));
#4920=CARTESIAN_POINT('Ctrl Pts',(3.19666830516057,20.,-1.34000936618616));
#4921=CARTESIAN_POINT('Ctrl Pts',(-0.197422495443958,8.,-0.92429983102101));
#4922=CARTESIAN_POINT('Ctrl Pts',(-0.550597300525729,10.2157058562735,-1.1020452753663));
#4923=CARTESIAN_POINT('Ctrl Pts',(-0.288483157766315,15.0713114983154,-1.44919734580493));
#4924=CARTESIAN_POINT('Ctrl Pts',(2.67837887429096,18.7781665783469,-1.7775337699223));
#4925=CARTESIAN_POINT('Ctrl Pts',(4.65224767135415,20.,-1.93730136118489));
#4926=CARTESIAN_POINT('Ctrl Pts',(0.338200452471112,7.99999999999999,-1.54366746117805));
#4927=CARTESIAN_POINT('Ctrl Pts',(0.11635907352986,10.3060701389649,-1.69671245775891));
#4928=CARTESIAN_POINT('Ctrl Pts',(0.677181752488811,15.2822681495512,-1.99303186263598));
#4929=CARTESIAN_POINT('Ctrl Pts',(4.02588756184386,18.8864304750755,-2.26967194479525));
#4930=CARTESIAN_POINT('Ctrl Pts',(6.13479049557507,20.,-2.40286486697471));
#4931=CARTESIAN_POINT('Ctrl Pts',(0.823339839050683,8.,-1.99797533233841));
#4932=CARTESIAN_POINT('Ctrl Pts',(0.69870455242696,10.3692867328021,-2.12959825924386));
#4933=CARTESIAN_POINT('Ctrl Pts',(1.4793940601182,15.4298481506448,-2.38303979730378));
#4934=CARTESIAN_POINT('Ctrl Pts',(5.10599906321247,18.962169191556,-2.61767497805066));
#4935=CARTESIAN_POINT('Ctrl Pts',(7.31469474048113,20.,-2.72985931301925));
#4936=CARTESIAN_POINT('Ctrl Pts',(1.21854913860654,7.99999999999999,-2.31139080604438));
#4937=CARTESIAN_POINT('Ctrl Pts',(1.16211492502425,10.4108570919364,-2.42843792719581));
#4938=CARTESIAN_POINT('Ctrl Pts',(2.09612875914704,15.5268947213965,-2.65342063098534));
#4939=CARTESIAN_POINT('Ctrl Pts',(5.91413505281261,19.0119739256195,-2.86115196612081));
#4940=CARTESIAN_POINT('Ctrl Pts',(8.19275490197764,20.,-2.96024987501445));
#4941=CARTESIAN_POINT('Ctrl Pts',(1.63373818624546,7.99999999999999,-2.61097129360717));
#4942=CARTESIAN_POINT('Ctrl Pts',(1.64239218927719,10.4452806947415,-2.71394073328766));
#4943=CARTESIAN_POINT('Ctrl Pts',(2.72093184538836,15.6072570919588,-2.91223534944141));
#4944=CARTESIAN_POINT('Ctrl Pts',(6.71488421988699,19.0532162535407,-3.09585216154992));
#4945=CARTESIAN_POINT('Ctrl Pts',(9.06014402634342,20.,-3.1836580712269));
#4946=CARTESIAN_POINT('Ctrl Pts',(1.91517231569123,7.99999999999999,-2.81500618514802));
#4947=CARTESIAN_POINT('Ctrl Pts',(1.96642608385566,10.4625954790017,-2.90760950657201));
#4948=CARTESIAN_POINT('Ctrl Pts',(3.13775411001966,15.6476786921267,-3.08668322548935));
#4949=CARTESIAN_POINT('Ctrl Pts',(7.24019762648442,19.0739607994962,-3.25355277496354));
#4950=CARTESIAN_POINT('Ctrl Pts',(9.62901490824381,20.,-3.33377111963954));
#4951=CARTESIAN_POINT('Ctrl Pts',(2.08916642710389,7.99999999999999,-2.94604532947562));
#4952=CARTESIAN_POINT('Ctrl Pts',(2.16684094893998,10.4713113492798,-3.03166897488162));
#4953=CARTESIAN_POINT('Ctrl Pts',(3.39501560215112,15.6680260102452,-3.19789546009476));
#4954=CARTESIAN_POINT('Ctrl Pts',(7.56216312462785,19.0844031341398,-3.35371021267292));
#4955=CARTESIAN_POINT('Ctrl Pts',(9.97797827142651,20.,-3.42897924400571));
#4956=CARTESIAN_POINT('Ctrl Pts',(2.15567538491869,7.99999999999999,-3.00693022026353));
#4957=CARTESIAN_POINT('Ctrl Pts',(2.23433988997282,10.4744936940842,-3.09215872606415));
#4958=CARTESIAN_POINT('Ctrl Pts',(3.46568348802674,15.6754552376237,-3.25811620173175));
#4959=CARTESIAN_POINT('Ctrl Pts',(7.63886348379573,19.0882158468509,-3.41437879740879));
#4960=CARTESIAN_POINT('Ctrl Pts',(10.0555956884865,20.,-3.49014119399905));
#4961=CARTESIAN_POINT('Ctrl Pts',(2.24024672749659,7.99999999999999,-3.13398839628928));
#4962=CARTESIAN_POINT('Ctrl Pts',(2.31455348273167,10.4786893417251,-3.21446277149956));
#4963=CARTESIAN_POINT('Ctrl Pts',(3.53857811509658,15.6852500343037,-3.37161590501777));
#4964=CARTESIAN_POINT('Ctrl Pts',(7.70819693988287,19.0932425803056,-3.5202231037656));
#4965=CARTESIAN_POINT('Ctrl Pts',(10.120270677665,20.,-3.59252387995055));
#4966=CARTESIAN_POINT('Ctrl Pts',(2.29667201135898,7.99999999999998,-3.30180764944076));
#4967=CARTESIAN_POINT('Ctrl Pts',(2.36351888845745,10.4822891812101,-3.37155959662241));
#4968=CARTESIAN_POINT('Ctrl Pts',(3.57371460280596,15.6936539087121,-3.50783733643841));
#4969=CARTESIAN_POINT('Ctrl Pts',(7.73270817770147,19.0975554862307,-3.63679337968226));
#4970=CARTESIAN_POINT('Ctrl Pts',(10.1369174098141,20.,-3.69956835305649));
#4971=CARTESIAN_POINT('Ctrl Pts',(2.298078598478,7.99999999999999,-3.50421118102382));
#4972=CARTESIAN_POINT('Ctrl Pts',(2.36126197049046,10.4852752739487,-3.55624030166427));
#4973=CARTESIAN_POINT('Ctrl Pts',(3.56512979219189,15.7006249829646,-3.65747565679561));
#4974=CARTESIAN_POINT('Ctrl Pts',(7.72042838737239,19.101133072709,-3.75269047325554));
#4975=CARTESIAN_POINT('Ctrl Pts',(10.1206857320718,20.,-3.7988124564102));
#4976=CARTESIAN_POINT('Ctrl Pts',(2.22195578481907,7.99999999999998,-3.71573697375172));
#4977=CARTESIAN_POINT('Ctrl Pts',(2.28919939685119,10.4876296813506,-3.74680820436839));
#4978=CARTESIAN_POINT('Ctrl Pts',(3.50221421999088,15.7061213791771,-3.80648626999786));
#4979=CARTESIAN_POINT('Ctrl Pts',(7.66870534573533,19.103953847823,-3.86152350128362));
#4980=CARTESIAN_POINT('Ctrl Pts',(10.0729760986274,20.,-3.88775289129689));
#4981=CARTESIAN_POINT('Ctrl Pts',(2.06821134199001,7.99999999999999,-3.88689035848372));
#4982=CARTESIAN_POINT('Ctrl Pts',(2.14801559187317,10.4893344648252,-3.90009217359257));
#4983=CARTESIAN_POINT('Ctrl Pts',(3.38722415700626,15.7101012194656,-3.92454820509592));
#4984=CARTESIAN_POINT('Ctrl Pts',(7.58135054145061,19.1059963196553,-3.9458232797347));
#4985=CARTESIAN_POINT('Ctrl Pts',(9.99840137257408,20.,-3.95544792923107));
#4986=CARTESIAN_POINT('Ctrl Pts',(1.87713665564284,7.99999999999998,-3.98316746479918));
#4987=CARTESIAN_POINT('Ctrl Pts',(1.97181382626286,10.4903716857823,-3.98701867217829));
#4988=CARTESIAN_POINT('Ctrl Pts',(3.24168284177637,15.712522625946,-3.99362316097675));
#4989=CARTESIAN_POINT('Ctrl Pts',(7.46729055227561,19.1072389962886,-3.99858837026567));
#4990=CARTESIAN_POINT('Ctrl Pts',(9.89950239513512,20.,-4.00050186800484));
#4991=CARTESIAN_POINT('Ctrl Pts',(1.75263514203966,7.99999999999999,-4.));
#4992=CARTESIAN_POINT('Ctrl Pts',(1.85435712466365,10.4906061656818,-4.00084671657599));
#4993=CARTESIAN_POINT('Ctrl Pts',(3.13867524821875,15.7130700224715,-4.00215318473388));
#4994=CARTESIAN_POINT('Ctrl Pts',(7.37885447077934,19.1075199226332,-4.00290377601918));
#4995=CARTESIAN_POINT('Ctrl Pts',(9.81820805686625,20.,-4.0030787583785));
#4996=CARTESIAN_POINT('Ctrl Pts',(1.66148586494691,7.99999999999999,-4.));
#4997=CARTESIAN_POINT('Ctrl Pts',(1.76677241275283,10.4906061656818,-3.9980777931353));
#4998=CARTESIAN_POINT('Ctrl Pts',(3.05837521977689,15.7130700224715,-3.99440802712935));
#4999=CARTESIAN_POINT('Ctrl Pts',(7.30576410556936,19.1075199226332,-3.99105515765239));
#5000=CARTESIAN_POINT('Ctrl Pts',(9.7486942024559,20.,-3.98946994086053));
#5001=CARTESIAN_POINT('Ctrl Pts',(1.60843865385224,7.99999999999997,-3.99516908743865));
#5002=CARTESIAN_POINT('Ctrl Pts',(1.71324312768547,10.4905314015009,-3.99185980123933));
#5003=CARTESIAN_POINT('Ctrl Pts',(3.00386989933419,15.7128954844708,-3.98583682293003));
#5004=CARTESIAN_POINT('Ctrl Pts',(7.25016033411175,19.1074303489508,-3.98075540773631));
#5005=CARTESIAN_POINT('Ctrl Pts',(9.69252056133177,20.,-3.97852406733781));
#5006=CARTESIAN_POINT('Ctrl Pts',(1.53934014514738,8.,-3.98096472332456));
#5007=CARTESIAN_POINT('Ctrl Pts',(1.63768695779404,10.490198192447,-3.97597604390748));
#5008=CARTESIAN_POINT('Ctrl Pts',(2.91511819535788,15.7121176033868,-3.967218336539));
#5009=CARTESIAN_POINT('Ctrl Pts',(7.14782860420927,19.1070311369001,-3.9603121084446));
#5010=CARTESIAN_POINT('Ctrl Pts',(9.58342101756828,20.,-3.95749157157516));
#5011=CARTESIAN_POINT('Ctrl Pts',(1.47601508080621,7.99999999999998,-3.9600378772784));
#5012=CARTESIAN_POINT('Ctrl Pts',(1.56154808867327,10.4896471503704,-3.95349691703708));
#5013=CARTESIAN_POINT('Ctrl Pts',(2.81279043460508,15.7108311881385,-3.94224281264662));
#5014=CARTESIAN_POINT('Ctrl Pts',(7.01872953491406,19.1063709428423,-3.93372331566021));
#5015=CARTESIAN_POINT('Ctrl Pts',(9.44099963224136,20.,-3.93041107877087));
#5016=CARTESIAN_POINT('Ctrl Pts',(1.43447378602685,7.99999999999999,-3.94122044468673));
#5017=CARTESIAN_POINT('Ctrl Pts',(1.51214944440409,10.4891367201444,-3.93463165537962));
#5018=CARTESIAN_POINT('Ctrl Pts',(2.74727344200469,15.7096395818093,-3.92370569208541));
#5019=CARTESIAN_POINT('Ctrl Pts',(6.93657592820469,19.1057594051458,-3.91608542672481));
#5020=CARTESIAN_POINT('Ctrl Pts',(9.35067454199357,20.,-3.91344172297428));
#5021=CARTESIAN_POINT('Ctrl Pts',(1.24782532089932,7.99999999999999,-3.84215159555475));
#5022=CARTESIAN_POINT('Ctrl Pts',(1.30022114352575,10.4865784190809,-3.8396859291897));
#5023=CARTESIAN_POINT('Ctrl Pts',(2.48319408751793,15.703667193061,-3.8389823840971));
#5024=CARTESIAN_POINT('Ctrl Pts',(6.6177810949755,19.1026943485341,-3.84406123077026));
#5025=CARTESIAN_POINT('Ctrl Pts',(9.005520599689,20.,-3.84878560346652));
#5026=CARTESIAN_POINT('Ctrl Pts',(0.913190704613991,7.99999999999999,-3.67563274641664));
#5027=CARTESIAN_POINT('Ctrl Pts',(0.922171558579544,10.4777469873806,-3.67974441946432));
#5028=CARTESIAN_POINT('Ctrl Pts',(2.01399651554639,15.6830500952252,-3.69527929262423));
#5029=CARTESIAN_POINT('Ctrl Pts',(6.04898619069158,19.0921135617332,-3.72045519575701));
#5030=CARTESIAN_POINT('Ctrl Pts',(8.39153238939434,20.,-3.7368173823672));
#5031=CARTESIAN_POINT('Ctrl Pts',(0.425409088936941,8.,-3.40277551841384));
#5032=CARTESIAN_POINT('Ctrl Pts',(0.369697045704129,10.4531502392737,-3.41957353067401));
#5033=CARTESIAN_POINT('Ctrl Pts',(1.3215977952633,15.6256286510729,-3.46411205241275));
#5034=CARTESIAN_POINT('Ctrl Pts',(5.19368211116577,19.0626446198284,-3.52262315489137));
#5035=CARTESIAN_POINT('Ctrl Pts',(7.46912602780995,20.,-3.55752165349753));
#5036=CARTESIAN_POINT('Ctrl Pts',(-0.033908979953794,8.,-3.08688128865874));
#5037=CARTESIAN_POINT('Ctrl Pts',(-0.15585844429089,10.4187414429548,-3.11920211938086));
#5038=CARTESIAN_POINT('Ctrl Pts',(0.649454041245229,15.5453008464548,-3.19752796248194));
#5039=CARTESIAN_POINT('Ctrl Pts',(4.34306299431465,19.0214200313043,-3.29284229742842));
#5040=CARTESIAN_POINT('Ctrl Pts',(6.55002869267045,20.,-3.34755031480491));
#5041=CARTESIAN_POINT('Ctrl Pts',(-0.60731887565981,8.,-2.61652232356079));
#5042=CARTESIAN_POINT('Ctrl Pts',(-0.819636650627412,10.3618303867065,-2.67098193942359));
#5043=CARTESIAN_POINT('Ctrl Pts',(-0.217912650458597,15.4124412089206,-2.7961202903368));
#5044=CARTESIAN_POINT('Ctrl Pts',(3.21958533876953,18.9532358712262,-2.94070185086355));
#5045=CARTESIAN_POINT('Ctrl Pts',(5.33338467301456,20.,-3.0213411140208));
#5046=CARTESIAN_POINT('Ctrl Pts',(-1.24422700465473,8.00000000000001,-1.94224578987928));
#5047=CARTESIAN_POINT('Ctrl Pts',(-1.57411056318961,10.2738492075894,-2.02425993968963));
#5048=CARTESIAN_POINT('Ctrl Pts',(-1.24229748555274,15.2070479455035,-2.20574682800892));
#5049=CARTESIAN_POINT('Ctrl Pts',(1.84437755026092,18.8478271300033,-2.40716005840864));
#5050=CARTESIAN_POINT('Ctrl Pts',(3.8373786843204,20.,-2.51684082812072));
#5051=CARTESIAN_POINT('Ctrl Pts',(-1.87707791658604,8.00000000000001,-1.0263211443019));
#5052=CARTESIAN_POINT('Ctrl Pts',(-2.35449421584096,10.1536244373147,-1.1326207273051));
#5053=CARTESIAN_POINT('Ctrl Pts',(-2.36500107994307,14.9263815784682,-1.36164360600593));
#5054=CARTESIAN_POINT('Ctrl Pts',(0.269054780044414,18.7037878954121,-1.60816229721504));
#5055=CARTESIAN_POINT('Ctrl Pts',(2.11088561529034,20.,-1.7398484923413));
#5056=CARTESIAN_POINT('Ctrl Pts',(-2.38352907803413,8.00000000000002,-0.0304519010345187));
#5057=CARTESIAN_POINT('Ctrl Pts',(-3.0096284946743,10.0310527304626,-0.14184058084426));
#5058=CARTESIAN_POINT('Ctrl Pts',(-3.36571117963017,14.640236255962,-0.377990708581685));
#5059=CARTESIAN_POINT('Ctrl Pts',(-1.18952567617601,18.5569368363736,-0.627321965779642));
#5060=CARTESIAN_POINT('Ctrl Pts',(0.50018302835321,20.,-0.758835951645795));
#5061=CARTESIAN_POINT('Ctrl Pts',(-2.7742135686819,8.00000000000002,1.02532254192452));
#5062=CARTESIAN_POINT('Ctrl Pts',(-3.54052958165226,9.91843450578992,0.936752663323019));
#5063=CARTESIAN_POINT('Ctrl Pts',(-4.22150835972381,14.3773274734488,0.750746557304614));
#5064=CARTESIAN_POINT('Ctrl Pts',(-2.47329929122138,18.4220108735641,0.556632023292179));
#5065=CARTESIAN_POINT('Ctrl Pts',(-0.926952745303495,20.,0.45504194336816));
#5066=CARTESIAN_POINT('Ctrl Pts',(-3.00880740676355,8.00000000000002,1.9439043012871));
#5067=CARTESIAN_POINT('Ctrl Pts',(-3.87256820720182,9.84313090267617,1.90254822822866));
#5068=CARTESIAN_POINT('Ctrl Pts',(-4.7783102407841,14.2015301842353,1.81539681442617));
#5069=CARTESIAN_POINT('Ctrl Pts',(-3.32374497158965,18.3317909186439,1.72405745998669));
#5070=CARTESIAN_POINT('Ctrl Pts',(-1.87700256165422,20.,1.67611668640063));
#5071=CARTESIAN_POINT('Ctrl Pts',(-3.17459578928773,8.00000000000002,2.69248992192951));
#5072=CARTESIAN_POINT('Ctrl Pts',(-4.09265320176853,9.80016518003165,2.7038083073266));
#5073=CARTESIAN_POINT('Ctrl Pts',(-5.12399910517452,14.101226118325,2.7254668216252));
#5074=CARTESIAN_POINT('Ctrl Pts',(-3.83432554848402,18.2803144234988,2.74532665932498));
#5075=CARTESIAN_POINT('Ctrl Pts',(-2.44305245309439,20.,2.75474534731271));
#5076=CARTESIAN_POINT('Ctrl Pts',(-3.26005353849145,8.00000000000002,3.06963475126451));
#5077=CARTESIAN_POINT('Ctrl Pts',(-4.20458426819856,9.78546640688795,3.10697081328318));
#5078=CARTESIAN_POINT('Ctrl Pts',(-5.2949500132309,14.066911631812,3.18212961639808));
#5079=CARTESIAN_POINT('Ctrl Pts',(-4.07773389743466,18.2627040755795,3.25634148839603));
#5080=CARTESIAN_POINT('Ctrl Pts',(-2.71358343772533,20.,3.29367912779346));
#5081=CARTESIAN_POINT('Ctrl Pts',(-3.3131957834591,8.00000000000002,3.28860022205834));
#5082=CARTESIAN_POINT('Ctrl Pts',(-4.27428039258099,9.77920881036195,3.34018142615239));
#5083=CARTESIAN_POINT('Ctrl Pts',(-5.40050828901764,14.0523031873183,3.44455873809153));
#5084=CARTESIAN_POINT('Ctrl Pts',(-4.22487461801468,18.2552069565421,3.54835630052243));
#5085=CARTESIAN_POINT('Ctrl Pts',(-2.87772260684322,20.,3.60085540949791));
#5086=CARTESIAN_POINT('Ctrl Pts',(-3.32386204403827,8.00000000000002,3.35305373030749));
#5087=CARTESIAN_POINT('Ctrl Pts',(-4.28533189458732,9.77758708172204,3.40544587289446));
#5088=CARTESIAN_POINT('Ctrl Pts',(-5.41291946001405,14.0485172396751,3.5115420246657));
#5089=CARTESIAN_POINT('Ctrl Pts',(-4.24012791482975,18.2532639912824,3.61715385943849));
#5090=CARTESIAN_POINT('Ctrl Pts',(-2.89335166876906,20.,3.670609758708));
#5091=CARTESIAN_POINT('Ctrl Pts',(-3.32275688303621,8.00000000000003,3.46232937572987));
#5092=CARTESIAN_POINT('Ctrl Pts',(-4.2831134883996,9.77545847858061,3.51112620463669));
#5093=CARTESIAN_POINT('Ctrl Pts',(-5.40919625113651,14.0435479865902,3.61001073696237));
#5094=CARTESIAN_POINT('Ctrl Pts',(-4.23684564768483,18.2507137483787,3.70853687818833));
#5095=CARTESIAN_POINT('Ctrl Pts',(-2.88889195898489,20.,3.75844098205259));
#5096=CARTESIAN_POINT('Ctrl Pts',(-3.29929004095422,8.00000000000002,3.58409764879484));
#5097=CARTESIAN_POINT('Ctrl Pts',(-4.2588449333439,9.77364009665848,3.62478000761513));
#5098=CARTESIAN_POINT('Ctrl Pts',(-5.38394557216279,14.0393029491757,3.70725708628854));
#5099=CARTESIAN_POINT('Ctrl Pts',(-4.21227496965673,18.2485351761954,3.78948390639421));
#5100=CARTESIAN_POINT('Ctrl Pts',(-2.86346942728196,20.,3.83115042171991));
#5101=CARTESIAN_POINT('Ctrl Pts',(-3.22575105182875,8.00000000000001,3.75193687947167));
#5102=CARTESIAN_POINT('Ctrl Pts',(-4.18844764649563,9.77163752425591,3.77816413275224));
#5103=CARTESIAN_POINT('Ctrl Pts',(-5.32064443693202,14.0346279165708,3.83135867708436));
#5104=CARTESIAN_POINT('Ctrl Pts',(-4.15790042146551,18.2461359285577,3.88442265440126));
#5105=CARTESIAN_POINT('Ctrl Pts',(-2.81230977314502,20.,3.91132305750314));
#5106=CARTESIAN_POINT('Ctrl Pts',(-3.03129451931121,8.00000000000002,3.95106009842449));
#5107=CARTESIAN_POINT('Ctrl Pts',(-4.010714126904,9.76994101880539,3.95580672997891));
#5108=CARTESIAN_POINT('Ctrl Pts',(-5.17749441338268,14.0306674014426,3.96543045641244));
#5109=CARTESIAN_POINT('Ctrl Pts',(-4.05088449564726,18.244103374484,3.9750258943504));
#5110=CARTESIAN_POINT('Ctrl Pts',(-2.72252766165405,20.,3.9798884973652));
#5111=CARTESIAN_POINT('Ctrl Pts',(-2.81745523514642,8.00000000000002,4.));
#5112=CARTESIAN_POINT('Ctrl Pts',(-3.81756778509937,9.76947753930592,4.));
#5113=CARTESIAN_POINT('Ctrl Pts',(-5.02655947723372,14.0295854022255,4.));
#5114=CARTESIAN_POINT('Ctrl Pts',(-3.94258455447251,18.2435480876476,4.));
#5115=CARTESIAN_POINT('Ctrl Pts',(-2.63557492301078,20.,4.));
#5116=CARTESIAN_POINT('Ctrl Pts',(-2.72281444225555,8.00000000000002,4.));
#5117=CARTESIAN_POINT('Ctrl Pts',(-3.73106752275987,9.76947753930592,4.));
#5118=CARTESIAN_POINT('Ctrl Pts',(-4.95660015435538,14.0295854022255,4.));
#5119=CARTESIAN_POINT('Ctrl Pts',(-3.88916617105533,18.2435480876476,4.));
#5120=CARTESIAN_POINT('Ctrl Pts',(-2.59055694850338,20.,4.));
#5121=CARTESIAN_POINT('',(5.74768441440697,17.5844853172444,-3.98745847361173));
#5122=CARTESIAN_POINT('Ctrl Pts',(1.81109358376008,9.83462963363965,-3.99536115122679));
#5123=CARTESIAN_POINT('Ctrl Pts',(2.09460065716477,11.7216697487509,-3.99350085431531));
#5124=CARTESIAN_POINT('Ctrl Pts',(3.04281576037175,14.6027935523593,-3.99080313738987));
#5125=CARTESIAN_POINT('Ctrl Pts',(4.97152538557474,16.8775531791612,-3.988311478471));
#5126=CARTESIAN_POINT('Ctrl Pts',(5.74768441440697,17.5844853172444,-3.98745847361173));
#5127=CARTESIAN_POINT('',(-3.63937304064287,18.1384939802356,4.));
#5128=CARTESIAN_POINT('Ctrl Pts',(5.74768441440696,17.5844853172444,-3.98745847361172));
#5129=CARTESIAN_POINT('Ctrl Pts',(5.79194283935827,17.5700189592754,-3.99808797562747));
#5130=CARTESIAN_POINT('Ctrl Pts',(5.81689540840252,17.561733805463,-4.00100734814565));
#5131=CARTESIAN_POINT('Ctrl Pts',(5.87312119249044,17.5430169699059,-3.99583348737083));
#5132=CARTESIAN_POINT('Ctrl Pts',(5.90161014590491,17.5334475694053,-3.98638209422048));
#5133=CARTESIAN_POINT('Ctrl Pts',(5.96176012001281,17.5131000651751,-3.95313676935917));
#5134=CARTESIAN_POINT('Ctrl Pts',(5.99270789932045,17.5025206965295,-3.92597503590701));
#5135=CARTESIAN_POINT('Ctrl Pts',(6.06008628026724,17.4793373303113,-3.84064104159822));
#5136=CARTESIAN_POINT('Ctrl Pts',(6.08088490810022,17.4720628136997,-3.78542014479915));
#5137=CARTESIAN_POINT('Ctrl Pts',(6.11597754791091,17.4598241663139,-3.66618802944585));
#5138=CARTESIAN_POINT('Ctrl Pts',(6.1158057713083,17.4598665829157,-3.59237120704994));
#5139=CARTESIAN_POINT('Ctrl Pts',(6.10747656308568,17.4627817866266,-3.50019231643679));
#5140=CARTESIAN_POINT('Ctrl Pts',(6.09733373113342,17.4663485805216,-3.44541817994679));
#5141=CARTESIAN_POINT('Ctrl Pts',(6.06144603470961,17.4788146722231,-3.37024243274988));
#5142=CARTESIAN_POINT('Ctrl Pts',(6.04523666328537,17.484440541278,-3.33991680327692));
#5143=CARTESIAN_POINT('Ctrl Pts',(5.99718327717324,17.5009869711157,-3.28453813357091));
#5144=CARTESIAN_POINT('Ctrl Pts',(5.97291112007446,17.5092798583066,-3.27264384143433));
#5145=CARTESIAN_POINT('Ctrl Pts',(5.8748003698292,17.5426096283422,-3.22483799397447));
#5146=CARTESIAN_POINT('Ctrl Pts',(5.79842244733838,17.5680053129391,-3.1884671484477));
#5147=CARTESIAN_POINT('Ctrl Pts',(5.31761117229568,17.7243771700888,-2.9636572690799));
#5148=CARTESIAN_POINT('Ctrl Pts',(4.90737455680339,17.8427871959037,-2.78937355053508));
#5149=CARTESIAN_POINT('Ctrl Pts',(3.60754474397345,18.1669285584534,-2.21859665719336));
#5150=CARTESIAN_POINT('Ctrl Pts',(2.74391086594603,18.3145671993521,-1.82238774907398));
#5151=CARTESIAN_POINT('Ctrl Pts',(0.801637527888525,18.516201739468,-0.749035664051745));
#5152=CARTESIAN_POINT('Ctrl Pts',(-0.00223604921037832,18.5093046314892,
-0.146283388235009));
#5153=CARTESIAN_POINT('Ctrl Pts',(-1.12954642681174,18.4734097505634,0.911057815494748));
#5154=CARTESIAN_POINT('Ctrl Pts',(-1.57731993298247,18.4411718917182,1.4599509169835));
#5155=CARTESIAN_POINT('Ctrl Pts',(-2.408818723678,18.3445850118139,2.5968588378325));
#5156=CARTESIAN_POINT('Ctrl Pts',(-2.67540354410009,18.3076337999561,2.9753366518512));
#5157=CARTESIAN_POINT('Ctrl Pts',(-3.07673828177271,18.242812929484,3.51485640696893));
#5158=CARTESIAN_POINT('Ctrl Pts',(-3.29189129398591,18.2048645122422,3.80170617792302));
#5159=CARTESIAN_POINT('Ctrl Pts',(-3.35997747275116,18.1923233960826,3.87401965961128));
#5160=CARTESIAN_POINT('Ctrl Pts',(-3.37554279219803,18.1895054235387,3.89476196375281));
#5161=CARTESIAN_POINT('Ctrl Pts',(-3.45508902248089,18.1745256637207,3.9521336499309));
#5162=CARTESIAN_POINT('Ctrl Pts',(-3.48283615685498,18.1692387420463,3.96804667958666));
#5163=CARTESIAN_POINT('Ctrl Pts',(-3.53989934164846,18.1581813602208,3.98766939026903));
#5164=CARTESIAN_POINT('Ctrl Pts',(-3.58146625605422,18.150112606949,3.99999999999999));
#5165=CARTESIAN_POINT('Ctrl Pts',(-3.63937304064285,18.1384939802355,4.));
#5166=CARTESIAN_POINT('Ctrl Pts',(-3.40822826152273,9.40127545162664,4.));
#5167=CARTESIAN_POINT('Ctrl Pts',(-4.54800064364867,12.1496564259683,4.));
#5168=CARTESIAN_POINT('Ctrl Pts',(-4.7734758684967,15.3962310338474,4.));
#5169=CARTESIAN_POINT('Ctrl Pts',(-3.63937304064287,18.1384939802356,4.));
#5170=CARTESIAN_POINT('Origin',(2.59126053947512E-12,1.66699987147467E-12,
4.79999999999763));
#5171=CARTESIAN_POINT('',(18.7596955074818,-5.32201319676758,5.25));
#5172=CARTESIAN_POINT('Ctrl Pts',(18.7596955074815,-5.32201319676788,5.24999999999978));
#5173=CARTESIAN_POINT('Ctrl Pts',(18.7481786186882,-5.36260936197205,5.24999999999979));
#5174=CARTESIAN_POINT('Ctrl Pts',(18.7322191141311,-5.40230191251614,5.2456199986924));
#5175=CARTESIAN_POINT('Ctrl Pts',(18.6926690922928,-5.47682349359307,5.22844351596746));
#5176=CARTESIAN_POINT('Ctrl Pts',(18.6690765221543,-5.51165079461404,5.2156442579816));
#5177=CARTESIAN_POINT('Ctrl Pts',(18.590519709937,-5.60566207626802,5.16713792931374));
#5178=CARTESIAN_POINT('Ctrl Pts',(18.5273159301639,-5.65409465987737,5.1207977860892));
#5179=CARTESIAN_POINT('Ctrl Pts',(18.3924755607524,-5.72655327831227,5.01325504137687));
#5180=CARTESIAN_POINT('Ctrl Pts',(18.3103661249122,-5.75003375605195,4.94196376913348));
#5181=CARTESIAN_POINT('Ctrl Pts',(18.1883228489334,-5.75966172113383,4.828483932591));
#5182=CARTESIAN_POINT('Ctrl Pts',(18.1473276544294,-5.75854531180306,4.78907279235433));
#5183=CARTESIAN_POINT('Ctrl Pts',(18.1078992012811,-5.75360639218931,4.74999999999999));
#5184=CARTESIAN_POINT('',(1.96350639161396,19.4008928312615,5.25));
#5185=CARTESIAN_POINT('Origin',(2.22044604925031E-14,4.44089209850063E-15,
5.25000000000005));
#5186=CARTESIAN_POINT('Origin',(-91.014765236076,-141.010688538688,208.548762272399));
#5187=CARTESIAN_POINT('Origin',(12.4477244466977,-7.97246770295999,4.249));
#5188=CARTESIAN_POINT('',(13.8954488933955,-5.46493540591995,4.25));
#5189=CARTESIAN_POINT('',(11.,-10.48,5.25));
#5190=CARTESIAN_POINT('',(11.,-10.48,4.25));
#5191=CARTESIAN_POINT('',(11.5,-9.61397459621555,5.25));
#5192=CARTESIAN_POINT('',(11.5,-9.61397459621554,5.25));
#5193=CARTESIAN_POINT('',(11.5,-9.61397459621555,4.65));
#5194=CARTESIAN_POINT('Origin',(18.6823840175368,-13.001,5.05));
#5195=CARTESIAN_POINT('',(20.,-9.15999999999998,5.05));
#5196=CARTESIAN_POINT('',(17.3647680350736,-13.,5.05));
#5197=CARTESIAN_POINT('',(17.3647680350736,-13.,5.05));
#5198=CARTESIAN_POINT('Origin',(17.3647680350736,-12.2911859692882,5.05));
#5199=CARTESIAN_POINT('Origin',(17.3637680350736,-13.,4.85));
#5200=CARTESIAN_POINT('',(17.3647680350736,-13.,4.65));
#5201=CARTESIAN_POINT('Origin',(9.70334923522387E-13,2.50910403565285E-13,
4.80000000000078));
#5202=CARTESIAN_POINT('',(-16.251800454274,-10.7763157894736,5.25));
#5203=CARTESIAN_POINT('Ctrl Pts',(-16.2518004542741,-10.7763157894736,5.24999999999996));
#5204=CARTESIAN_POINT('Ctrl Pts',(-16.2711697881871,-10.7471048275979,5.24999999999997));
#5205=CARTESIAN_POINT('Ctrl Pts',(-16.2875785967206,-10.7155865605692,5.24635451573167));
#5206=CARTESIAN_POINT('Ctrl Pts',(-16.3132271813819,-10.6503735638639,5.23205988770729));
#5207=CARTESIAN_POINT('Ctrl Pts',(-16.322464790434,-10.6166784724733,5.22140850594178));
#5208=CARTESIAN_POINT('Ctrl Pts',(-16.3394032004393,-10.5163472533312,5.18105192540692));
#5209=CARTESIAN_POINT('Ctrl Pts',(-16.3359070097533,-10.4503256942694,5.14251153310986));
#5210=CARTESIAN_POINT('Ctrl Pts',(-16.3090352172873,-10.3261042377497,5.05312408356765));
#5211=CARTESIAN_POINT('Ctrl Pts',(-16.2796807004237,-10.2615508438725,4.99387683883449));
#5212=CARTESIAN_POINT('Ctrl Pts',(-16.2023221066975,-10.1545468075172,4.87144016545326));
#5213=CARTESIAN_POINT('Ctrl Pts',(-16.1550496633092,-10.1113571094007,4.80846718983139));
#5214=CARTESIAN_POINT('Ctrl Pts',(-16.1058964276673,-10.0796875081152,4.74999999999998));
#5215=CARTESIAN_POINT('Origin',(6.66133814775094E-15,3.99680288865056E-14,
5.25));
#5216=CARTESIAN_POINT('Origin',(-3.48580664915636,4.99900000000004,4.75));
#5217=CARTESIAN_POINT('',(-3.2539686161007,10.3639610306789,4.75));
#5218=CARTESIAN_POINT('',(-3.2539686161007,10.3639610306789,4.75));
#5219=CARTESIAN_POINT('Origin',(-2.82095591420849,10.1139610306789,4.75));
#5220=CARTESIAN_POINT('',(-0.742710226787729,18.7135881519025,4.75));
#5221=CARTESIAN_POINT('Ctrl Pts',(-2.72281444225555,8.00000000000002,4.));
#5222=CARTESIAN_POINT('Ctrl Pts',(-3.73106752275987,9.76947753930592,4.));
#5223=CARTESIAN_POINT('Ctrl Pts',(-4.95660015435538,14.0295854022255,4.));
#5224=CARTESIAN_POINT('Ctrl Pts',(-3.88916617105533,18.2435480876476,4.));
#5225=CARTESIAN_POINT('Ctrl Pts',(-2.59055694850338,20.,4.));
#5226=CARTESIAN_POINT('Ctrl Pts',(-2.66212722106753,8.00000000000002,4.));
#5227=CARTESIAN_POINT('Ctrl Pts',(-3.67560031466631,9.76947753930592,4.));
#5228=CARTESIAN_POINT('Ctrl Pts',(-4.9117396161879,14.0295854022255,4.));
#5229=CARTESIAN_POINT('Ctrl Pts',(-3.85491230281394,18.2435480876476,4.));
#5230=CARTESIAN_POINT('Ctrl Pts',(-2.56168973709364,20.,4.));
#5231=CARTESIAN_POINT('Ctrl Pts',(-2.54936005905018,8.00000000000002,3.98582916571573));
#5232=CARTESIAN_POINT('Ctrl Pts',(-3.57671306125835,9.76962322581934,3.98737278297858));
#5233=CARTESIAN_POINT('Ctrl Pts',(-4.84100428970285,14.0299255093794,3.99051585545546));
#5234=CARTESIAN_POINT('Ctrl Pts',(-3.81219423412385,18.2437226321598,3.99366773545514));
#5235=CARTESIAN_POINT('Ctrl Pts',(-2.53329460717912,20.,3.99527170265974));
#5236=CARTESIAN_POINT('Ctrl Pts',(-2.39026619911715,8.00000000000002,3.90526603799146));
#5237=CARTESIAN_POINT('Ctrl Pts',(-3.43774782868957,9.77010208456763,3.91835481359676));
#5238=CARTESIAN_POINT('Ctrl Pts',(-4.74277128033598,14.0310434116627,3.94497817873574));
#5239=CARTESIAN_POINT('Ctrl Pts',(-3.75425081995895,18.2442963446104,3.9716390965213));
#5240=CARTESIAN_POINT('Ctrl Pts',(-2.49612219356639,20.,3.98519292383518));
#5241=CARTESIAN_POINT('Ctrl Pts',(-2.29817035631347,8.00000000000002,3.82831592544061));
#5242=CARTESIAN_POINT('Ctrl Pts',(-3.35694718296803,9.77060184291992,3.85255740954494));
#5243=CARTESIAN_POINT('Ctrl Pts',(-4.68474667867247,14.0322101043569,3.90186450396214));
#5244=CARTESIAN_POINT('Ctrl Pts',(-3.71854032404548,18.244895096518,3.95123905742743));
#5245=CARTESIAN_POINT('Ctrl Pts',(-2.47206727100746,20.,3.97633922621907));
#5246=CARTESIAN_POINT('Ctrl Pts',(-2.23382253903001,8.00000000000002,3.75176814305313));
#5247=CARTESIAN_POINT('Ctrl Pts',(-3.29903726026949,9.77124052482252,3.78630030653605));
#5248=CARTESIAN_POINT('Ctrl Pts',(-4.6396944952377,14.0337011159752,3.85654565531728));
#5249=CARTESIAN_POINT('Ctrl Pts',(-3.68575554153174,18.2456602903478,3.92689656378537));
#5250=CARTESIAN_POINT('Ctrl Pts',(-2.44592564985421,20.,3.96266382607261));
#5251=CARTESIAN_POINT('Ctrl Pts',(-2.19124273352488,8.00000000000002,3.68135501348671));
#5252=CARTESIAN_POINT('Ctrl Pts',(-3.25993941992198,9.77201643953465,3.72546992994674));
#5253=CARTESIAN_POINT('Ctrl Pts',(-4.60740012428869,14.0355124994604,3.81522106900423));
#5254=CARTESIAN_POINT('Ctrl Pts',(-3.65954746887707,18.2465899004521,3.90512390930326));
#5255=CARTESIAN_POINT('Ctrl Pts',(-2.42331040588527,20.,3.95083784666669));
#5256=CARTESIAN_POINT('Ctrl Pts',(-2.16247960961574,8.00000000000001,3.61798966580093));
#5257=CARTESIAN_POINT('Ctrl Pts',(-3.23108361787839,9.77292789631553,3.66816676676913));
#5258=CARTESIAN_POINT('Ctrl Pts',(-4.57803693156369,14.0376403077549,3.77027604288589));
#5259=CARTESIAN_POINT('Ctrl Pts',(-3.62883444887836,18.2476819011836,3.8725910493934));
#5260=CARTESIAN_POINT('Ctrl Pts',(-2.39250142300795,20.,3.92462861780709));
#5261=CARTESIAN_POINT('Ctrl Pts',(-2.15012482977503,8.00000000000001,3.57994406107032));
#5262=CARTESIAN_POINT('Ctrl Pts',(-3.21839670120004,9.7736247683881,3.63445585727622));
#5263=CARTESIAN_POINT('Ctrl Pts',(-4.56443117609086,14.0392671651192,3.74540357071604));
#5264=CARTESIAN_POINT('Ctrl Pts',(-3.61366576473964,18.2485168116576,3.85659819016151));
#5265=CARTESIAN_POINT('Ctrl Pts',(-2.37698976514705,20.,3.91316059444491));
#5266=CARTESIAN_POINT('Ctrl Pts',(-2.09855333633234,8.00000000000001,3.39584318430242));
#5267=CARTESIAN_POINT('Ctrl Pts',(-3.142444506745,9.77739319825243,3.43830265649789));
#5268=CARTESIAN_POINT('Ctrl Pts',(-4.43761997407794,14.0480646160691,3.52492650619726));
#5269=CARTESIAN_POINT('Ctrl Pts',(-3.43251258540294,18.2530317028238,3.6120195381716));
#5270=CARTESIAN_POINT('Ctrl Pts',(-2.17067633619991,20.,3.65642427224954));
#5271=CARTESIAN_POINT('Ctrl Pts',(-2.01109977529828,8.00000000000001,3.06564523200938));
#5272=CARTESIAN_POINT('Ctrl Pts',(-3.01265716811808,9.78789534066916,3.08380274468691));
#5273=CARTESIAN_POINT('Ctrl Pts',(-4.21813667210026,14.0725820108743,3.12150372893292));
#5274=CARTESIAN_POINT('Ctrl Pts',(-3.11362723598808,18.2656141394699,3.16028733968445));
#5275=CARTESIAN_POINT('Ctrl Pts',(-1.80810304996146,20.,3.18038542810812));
#5276=CARTESIAN_POINT('Ctrl Pts',(-1.88298215445249,8.00000000000001,2.57766539805642));
#5277=CARTESIAN_POINT('Ctrl Pts',(-2.82427463138798,9.8134625090777,2.55461294298125));
#5278=CARTESIAN_POINT('Ctrl Pts',(-3.89834641623426,14.132268914465,2.50965059097152));
#5279=CARTESIAN_POINT('Ctrl Pts',(-2.63880469631644,18.2962457252888,2.46721050334088));
#5280=CARTESIAN_POINT('Ctrl Pts',(-1.27109141023351,20.,2.44659273285137));
#5281=CARTESIAN_POINT('Ctrl Pts',(-1.74434081028534,8.00000000000001,2.09889906424108));
#5282=CARTESIAN_POINT('Ctrl Pts',(-2.62639935753601,9.84753896218411,2.0329562719169));
#5283=CARTESIAN_POINT('Ctrl Pts',(-3.56817450407335,14.2118208593177,1.90221496910865));
#5284=CARTESIAN_POINT('Ctrl Pts',(-2.14485553831642,18.337072139112,1.7758367287364));
#5285=CARTESIAN_POINT('Ctrl Pts',(-0.716026056351976,20.,1.71327336394201));
#5286=CARTESIAN_POINT('Ctrl Pts',(-1.58787038270912,8.00000000000001,1.63124143385601));
#5287=CARTESIAN_POINT('Ctrl Pts',(-2.4087459061416,9.88882002990281,1.5238352257022));
#5288=CARTESIAN_POINT('Ctrl Pts',(-3.21173496688432,14.3081920753115,1.3104250228523));
#5289=CARTESIAN_POINT('Ctrl Pts',(-1.61150266062175,18.3865302780939,1.10350152933418));
#5290=CARTESIAN_POINT('Ctrl Pts',(-0.119559918724304,20.,1.00082059971366));
#5291=CARTESIAN_POINT('Ctrl Pts',(-1.40626551163616,8.00000000000001,1.17658771019385));
#5292=CARTESIAN_POINT('Ctrl Pts',(-2.16008037826495,9.9360010421482,1.0344338493298));
#5293=CARTESIAN_POINT('Ctrl Pts',(-2.81026618177927,14.4183367923253,0.752123207906951));
#5294=CARTESIAN_POINT('Ctrl Pts',(-1.01366611207609,18.4430570393888,0.478587460206149));
#5295=CARTESIAN_POINT('Ctrl Pts',(0.547435659148339,20.,0.34292595473666));
#5296=CARTESIAN_POINT('Ctrl Pts',(-1.20258926958211,8.00000000000001,0.734097742180511));
#5297=CARTESIAN_POINT('Ctrl Pts',(-1.88191509545269,9.98777732883471,0.567825918081398));
#5298=CARTESIAN_POINT('Ctrl Pts',(-2.36258423064116,14.5392092402383,0.238247986769986));
#5299=CARTESIAN_POINT('Ctrl Pts',(-0.348675130578351,18.5050893201514,-0.0802206402790916));
#5300=CARTESIAN_POINT('Ctrl Pts',(1.28922644830818,20.,-0.237835581274001));
#5301=CARTESIAN_POINT('Ctrl Pts',(-0.979904729062628,8.00000000000001,0.302931378741896));
#5302=CARTESIAN_POINT('Ctrl Pts',(-1.58007811187997,10.0428442198767,0.122306330576946));
#5303=CARTESIAN_POINT('Ctrl Pts',(-1.88059016871934,14.6677636489295,-0.23475136894094));
#5304=CARTESIAN_POINT('Ctrl Pts',(0.364286831868302,18.5710640175361,-0.578437438850599));
#5305=CARTESIAN_POINT('Ctrl Pts',(2.08377049758386,20.,-0.748019961257144));
#5306=CARTESIAN_POINT('Ctrl Pts',(-0.656000448666023,8.00000000000001,-0.256194290511297));
#5307=CARTESIAN_POINT('Ctrl Pts',(-1.14698620896618,10.118914653626,-0.443908499800873));
#5308=CARTESIAN_POINT('Ctrl Pts',(-1.19892359223726,14.8453511147274,-0.813313379487819));
#5309=CARTESIAN_POINT('Ctrl Pts',(1.3646879307694,18.6622026990842,-1.16658405782379));
#5310=CARTESIAN_POINT('Ctrl Pts',(3.19666830516057,20.,-1.34000936618616));
#5311=CARTESIAN_POINT('Ctrl Pts',(-0.197422495443958,8.,-0.92429983102101));
#5312=CARTESIAN_POINT('Ctrl Pts',(-0.550597300525729,10.2157058562735,-1.1020452753663));
#5313=CARTESIAN_POINT('Ctrl Pts',(-0.288483157766315,15.0713114983154,-1.44919734580493));
#5314=CARTESIAN_POINT('Ctrl Pts',(2.67837887429096,18.7781665783469,-1.7775337699223));
#5315=CARTESIAN_POINT('Ctrl Pts',(4.65224767135415,20.,-1.93730136118489));
#5316=CARTESIAN_POINT('Ctrl Pts',(0.338200452471112,7.99999999999999,-1.54366746117805));
#5317=CARTESIAN_POINT('Ctrl Pts',(0.11635907352986,10.3060701389649,-1.69671245775891));
#5318=CARTESIAN_POINT('Ctrl Pts',(0.677181752488811,15.2822681495512,-1.99303186263598));
#5319=CARTESIAN_POINT('Ctrl Pts',(4.02588756184386,18.8864304750755,-2.26967194479525));
#5320=CARTESIAN_POINT('Ctrl Pts',(6.13479049557507,20.,-2.40286486697471));
#5321=CARTESIAN_POINT('Ctrl Pts',(0.823339839050683,8.,-1.99797533233841));
#5322=CARTESIAN_POINT('Ctrl Pts',(0.69870455242696,10.3692867328021,-2.12959825924386));
#5323=CARTESIAN_POINT('Ctrl Pts',(1.4793940601182,15.4298481506448,-2.38303979730378));
#5324=CARTESIAN_POINT('Ctrl Pts',(5.10599906321247,18.962169191556,-2.61767497805066));
#5325=CARTESIAN_POINT('Ctrl Pts',(7.31469474048113,20.,-2.72985931301925));
#5326=CARTESIAN_POINT('Ctrl Pts',(1.21854913860654,7.99999999999999,-2.31139080604438));
#5327=CARTESIAN_POINT('Ctrl Pts',(1.16211492502425,10.4108570919364,-2.42843792719581));
#5328=CARTESIAN_POINT('Ctrl Pts',(2.09612875914704,15.5268947213965,-2.65342063098534));
#5329=CARTESIAN_POINT('Ctrl Pts',(5.91413505281261,19.0119739256195,-2.86115196612081));
#5330=CARTESIAN_POINT('Ctrl Pts',(8.19275490197764,20.,-2.96024987501445));
#5331=CARTESIAN_POINT('Ctrl Pts',(1.63373818624546,7.99999999999999,-2.61097129360717));
#5332=CARTESIAN_POINT('Ctrl Pts',(1.64239218927719,10.4452806947415,-2.71394073328766));
#5333=CARTESIAN_POINT('Ctrl Pts',(2.72093184538836,15.6072570919588,-2.91223534944141));
#5334=CARTESIAN_POINT('Ctrl Pts',(6.71488421988699,19.0532162535407,-3.09585216154992));
#5335=CARTESIAN_POINT('Ctrl Pts',(9.06014402634342,20.,-3.1836580712269));
#5336=CARTESIAN_POINT('Ctrl Pts',(1.91517231569123,7.99999999999999,-2.81500618514802));
#5337=CARTESIAN_POINT('Ctrl Pts',(1.96642608385566,10.4625954790017,-2.90760950657201));
#5338=CARTESIAN_POINT('Ctrl Pts',(3.13775411001966,15.6476786921267,-3.08668322548935));
#5339=CARTESIAN_POINT('Ctrl Pts',(7.24019762648442,19.0739607994962,-3.25355277496354));
#5340=CARTESIAN_POINT('Ctrl Pts',(9.62901490824381,20.,-3.33377111963954));
#5341=CARTESIAN_POINT('Ctrl Pts',(2.08916642710389,7.99999999999999,-2.94604532947562));
#5342=CARTESIAN_POINT('Ctrl Pts',(2.16684094893998,10.4713113492798,-3.03166897488162));
#5343=CARTESIAN_POINT('Ctrl Pts',(3.39501560215112,15.6680260102452,-3.19789546009476));
#5344=CARTESIAN_POINT('Ctrl Pts',(7.56216312462785,19.0844031341398,-3.35371021267292));
#5345=CARTESIAN_POINT('Ctrl Pts',(9.97797827142651,20.,-3.42897924400571));
#5346=CARTESIAN_POINT('Ctrl Pts',(2.15567538491869,7.99999999999999,-3.00693022026353));
#5347=CARTESIAN_POINT('Ctrl Pts',(2.23433988997282,10.4744936940842,-3.09215872606415));
#5348=CARTESIAN_POINT('Ctrl Pts',(3.46568348802674,15.6754552376237,-3.25811620173175));
#5349=CARTESIAN_POINT('Ctrl Pts',(7.63886348379573,19.0882158468509,-3.41437879740879));
#5350=CARTESIAN_POINT('Ctrl Pts',(10.0555956884865,20.,-3.49014119399905));
#5351=CARTESIAN_POINT('Ctrl Pts',(2.24024672749659,7.99999999999999,-3.13398839628928));
#5352=CARTESIAN_POINT('Ctrl Pts',(2.31455348273167,10.4786893417251,-3.21446277149956));
#5353=CARTESIAN_POINT('Ctrl Pts',(3.53857811509658,15.6852500343037,-3.37161590501777));
#5354=CARTESIAN_POINT('Ctrl Pts',(7.70819693988287,19.0932425803056,-3.5202231037656));
#5355=CARTESIAN_POINT('Ctrl Pts',(10.120270677665,20.,-3.59252387995055));
#5356=CARTESIAN_POINT('Ctrl Pts',(2.29667201135898,7.99999999999998,-3.30180764944076));
#5357=CARTESIAN_POINT('Ctrl Pts',(2.36351888845745,10.4822891812101,-3.37155959662241));
#5358=CARTESIAN_POINT('Ctrl Pts',(3.57371460280596,15.6936539087121,-3.50783733643841));
#5359=CARTESIAN_POINT('Ctrl Pts',(7.73270817770147,19.0975554862307,-3.63679337968226));
#5360=CARTESIAN_POINT('Ctrl Pts',(10.1369174098141,20.,-3.69956835305649));
#5361=CARTESIAN_POINT('Ctrl Pts',(2.298078598478,7.99999999999999,-3.50421118102382));
#5362=CARTESIAN_POINT('Ctrl Pts',(2.36126197049046,10.4852752739487,-3.55624030166427));
#5363=CARTESIAN_POINT('Ctrl Pts',(3.56512979219189,15.7006249829646,-3.65747565679561));
#5364=CARTESIAN_POINT('Ctrl Pts',(7.72042838737239,19.101133072709,-3.75269047325554));
#5365=CARTESIAN_POINT('Ctrl Pts',(10.1206857320718,20.,-3.7988124564102));
#5366=CARTESIAN_POINT('Ctrl Pts',(2.22195578481907,7.99999999999998,-3.71573697375172));
#5367=CARTESIAN_POINT('Ctrl Pts',(2.28919939685119,10.4876296813506,-3.74680820436839));
#5368=CARTESIAN_POINT('Ctrl Pts',(3.50221421999088,15.7061213791771,-3.80648626999786));
#5369=CARTESIAN_POINT('Ctrl Pts',(7.66870534573533,19.103953847823,-3.86152350128362));
#5370=CARTESIAN_POINT('Ctrl Pts',(10.0729760986274,20.,-3.88775289129689));
#5371=CARTESIAN_POINT('Ctrl Pts',(2.06821134199001,7.99999999999999,-3.88689035848372));
#5372=CARTESIAN_POINT('Ctrl Pts',(2.14801559187317,10.4893344648252,-3.90009217359257));
#5373=CARTESIAN_POINT('Ctrl Pts',(3.38722415700626,15.7101012194656,-3.92454820509592));
#5374=CARTESIAN_POINT('Ctrl Pts',(7.58135054145061,19.1059963196553,-3.9458232797347));
#5375=CARTESIAN_POINT('Ctrl Pts',(9.99840137257408,20.,-3.95544792923107));
#5376=CARTESIAN_POINT('Ctrl Pts',(1.87713665564284,7.99999999999998,-3.98316746479918));
#5377=CARTESIAN_POINT('Ctrl Pts',(1.97181382626286,10.4903716857823,-3.98701867217829));
#5378=CARTESIAN_POINT('Ctrl Pts',(3.24168284177637,15.712522625946,-3.99362316097675));
#5379=CARTESIAN_POINT('Ctrl Pts',(7.46729055227561,19.1072389962886,-3.99858837026567));
#5380=CARTESIAN_POINT('Ctrl Pts',(9.89950239513512,20.,-4.00050186800484));
#5381=CARTESIAN_POINT('Ctrl Pts',(1.75263514203966,7.99999999999999,-4.));
#5382=CARTESIAN_POINT('Ctrl Pts',(1.85435712466365,10.4906061656818,-4.00084671657599));
#5383=CARTESIAN_POINT('Ctrl Pts',(3.13867524821875,15.7130700224715,-4.00215318473388));
#5384=CARTESIAN_POINT('Ctrl Pts',(7.37885447077934,19.1075199226332,-4.00290377601918));
#5385=CARTESIAN_POINT('Ctrl Pts',(9.81820805686625,20.,-4.0030787583785));
#5386=CARTESIAN_POINT('Ctrl Pts',(1.66148586494691,7.99999999999999,-4.));
#5387=CARTESIAN_POINT('Ctrl Pts',(1.76677241275283,10.4906061656818,-3.9980777931353));
#5388=CARTESIAN_POINT('Ctrl Pts',(3.05837521977689,15.7130700224715,-3.99440802712935));
#5389=CARTESIAN_POINT('Ctrl Pts',(7.30576410556936,19.1075199226332,-3.99105515765239));
#5390=CARTESIAN_POINT('Ctrl Pts',(9.7486942024559,20.,-3.98946994086053));
#5391=CARTESIAN_POINT('Ctrl Pts',(1.60843865385224,7.99999999999997,-3.99516908743865));
#5392=CARTESIAN_POINT('Ctrl Pts',(1.71324312768547,10.4905314015009,-3.99185980123933));
#5393=CARTESIAN_POINT('Ctrl Pts',(3.00386989933419,15.7128954844708,-3.98583682293003));
#5394=CARTESIAN_POINT('Ctrl Pts',(7.25016033411175,19.1074303489508,-3.98075540773631));
#5395=CARTESIAN_POINT('Ctrl Pts',(9.69252056133177,20.,-3.97852406733781));
#5396=CARTESIAN_POINT('Ctrl Pts',(1.53934014514738,8.,-3.98096472332456));
#5397=CARTESIAN_POINT('Ctrl Pts',(1.63768695779404,10.490198192447,-3.97597604390748));
#5398=CARTESIAN_POINT('Ctrl Pts',(2.91511819535788,15.7121176033868,-3.967218336539));
#5399=CARTESIAN_POINT('Ctrl Pts',(7.14782860420927,19.1070311369001,-3.9603121084446));
#5400=CARTESIAN_POINT('Ctrl Pts',(9.58342101756828,20.,-3.95749157157516));
#5401=CARTESIAN_POINT('Ctrl Pts',(1.47601508080621,7.99999999999998,-3.9600378772784));
#5402=CARTESIAN_POINT('Ctrl Pts',(1.56154808867327,10.4896471503704,-3.95349691703708));
#5403=CARTESIAN_POINT('Ctrl Pts',(2.81279043460508,15.7108311881385,-3.94224281264662));
#5404=CARTESIAN_POINT('Ctrl Pts',(7.01872953491406,19.1063709428423,-3.93372331566021));
#5405=CARTESIAN_POINT('Ctrl Pts',(9.44099963224136,20.,-3.93041107877087));
#5406=CARTESIAN_POINT('Ctrl Pts',(1.43447378602685,7.99999999999999,-3.94122044468673));
#5407=CARTESIAN_POINT('Ctrl Pts',(1.51214944440409,10.4891367201444,-3.93463165537962));
#5408=CARTESIAN_POINT('Ctrl Pts',(2.74727344200469,15.7096395818093,-3.92370569208541));
#5409=CARTESIAN_POINT('Ctrl Pts',(6.93657592820469,19.1057594051458,-3.91608542672481));
#5410=CARTESIAN_POINT('Ctrl Pts',(9.35067454199357,20.,-3.91344172297428));
#5411=CARTESIAN_POINT('Ctrl Pts',(1.24782532089932,7.99999999999999,-3.84215159555475));
#5412=CARTESIAN_POINT('Ctrl Pts',(1.30022114352575,10.4865784190809,-3.8396859291897));
#5413=CARTESIAN_POINT('Ctrl Pts',(2.48319408751793,15.703667193061,-3.8389823840971));
#5414=CARTESIAN_POINT('Ctrl Pts',(6.6177810949755,19.1026943485341,-3.84406123077026));
#5415=CARTESIAN_POINT('Ctrl Pts',(9.005520599689,20.,-3.84878560346652));
#5416=CARTESIAN_POINT('Ctrl Pts',(0.913190704613991,7.99999999999999,-3.67563274641664));
#5417=CARTESIAN_POINT('Ctrl Pts',(0.922171558579544,10.4777469873806,-3.67974441946432));
#5418=CARTESIAN_POINT('Ctrl Pts',(2.01399651554639,15.6830500952252,-3.69527929262423));
#5419=CARTESIAN_POINT('Ctrl Pts',(6.04898619069158,19.0921135617332,-3.72045519575701));
#5420=CARTESIAN_POINT('Ctrl Pts',(8.39153238939434,20.,-3.7368173823672));
#5421=CARTESIAN_POINT('Ctrl Pts',(0.425409088936941,8.,-3.40277551841384));
#5422=CARTESIAN_POINT('Ctrl Pts',(0.369697045704129,10.4531502392737,-3.41957353067401));
#5423=CARTESIAN_POINT('Ctrl Pts',(1.3215977952633,15.6256286510729,-3.46411205241275));
#5424=CARTESIAN_POINT('Ctrl Pts',(5.19368211116577,19.0626446198284,-3.52262315489137));
#5425=CARTESIAN_POINT('Ctrl Pts',(7.46912602780995,20.,-3.55752165349753));
#5426=CARTESIAN_POINT('Ctrl Pts',(-0.033908979953794,8.,-3.08688128865874));
#5427=CARTESIAN_POINT('Ctrl Pts',(-0.15585844429089,10.4187414429548,-3.11920211938086));
#5428=CARTESIAN_POINT('Ctrl Pts',(0.649454041245229,15.5453008464548,-3.19752796248194));
#5429=CARTESIAN_POINT('Ctrl Pts',(4.34306299431465,19.0214200313043,-3.29284229742842));
#5430=CARTESIAN_POINT('Ctrl Pts',(6.55002869267045,20.,-3.34755031480491));
#5431=CARTESIAN_POINT('Ctrl Pts',(-0.60731887565981,8.,-2.61652232356079));
#5432=CARTESIAN_POINT('Ctrl Pts',(-0.819636650627412,10.3618303867065,-2.67098193942359));
#5433=CARTESIAN_POINT('Ctrl Pts',(-0.217912650458597,15.4124412089206,-2.7961202903368));
#5434=CARTESIAN_POINT('Ctrl Pts',(3.21958533876953,18.9532358712262,-2.94070185086355));
#5435=CARTESIAN_POINT('Ctrl Pts',(5.33338467301456,20.,-3.0213411140208));
#5436=CARTESIAN_POINT('Ctrl Pts',(-1.24422700465473,8.00000000000001,-1.94224578987928));
#5437=CARTESIAN_POINT('Ctrl Pts',(-1.57411056318961,10.2738492075894,-2.02425993968963));
#5438=CARTESIAN_POINT('Ctrl Pts',(-1.24229748555274,15.2070479455035,-2.20574682800892));
#5439=CARTESIAN_POINT('Ctrl Pts',(1.84437755026092,18.8478271300033,-2.40716005840864));
#5440=CARTESIAN_POINT('Ctrl Pts',(3.8373786843204,20.,-2.51684082812072));
#5441=CARTESIAN_POINT('Ctrl Pts',(-1.87707791658604,8.00000000000001,-1.0263211443019));
#5442=CARTESIAN_POINT('Ctrl Pts',(-2.35449421584096,10.1536244373147,-1.1326207273051));
#5443=CARTESIAN_POINT('Ctrl Pts',(-2.36500107994307,14.9263815784682,-1.36164360600593));
#5444=CARTESIAN_POINT('Ctrl Pts',(0.269054780044414,18.7037878954121,-1.60816229721504));
#5445=CARTESIAN_POINT('Ctrl Pts',(2.11088561529034,20.,-1.7398484923413));
#5446=CARTESIAN_POINT('Ctrl Pts',(-2.38352907803413,8.00000000000002,-0.0304519010345187));
#5447=CARTESIAN_POINT('Ctrl Pts',(-3.0096284946743,10.0310527304626,-0.14184058084426));
#5448=CARTESIAN_POINT('Ctrl Pts',(-3.36571117963017,14.640236255962,-0.377990708581685));
#5449=CARTESIAN_POINT('Ctrl Pts',(-1.18952567617601,18.5569368363736,-0.627321965779642));
#5450=CARTESIAN_POINT('Ctrl Pts',(0.50018302835321,20.,-0.758835951645795));
#5451=CARTESIAN_POINT('Ctrl Pts',(-2.7742135686819,8.00000000000002,1.02532254192452));
#5452=CARTESIAN_POINT('Ctrl Pts',(-3.54052958165226,9.91843450578992,0.936752663323019));
#5453=CARTESIAN_POINT('Ctrl Pts',(-4.22150835972381,14.3773274734488,0.750746557304614));
#5454=CARTESIAN_POINT('Ctrl Pts',(-2.47329929122138,18.4220108735641,0.556632023292179));
#5455=CARTESIAN_POINT('Ctrl Pts',(-0.926952745303495,20.,0.45504194336816));
#5456=CARTESIAN_POINT('Ctrl Pts',(-3.00880740676355,8.00000000000002,1.9439043012871));
#5457=CARTESIAN_POINT('Ctrl Pts',(-3.87256820720182,9.84313090267617,1.90254822822866));
#5458=CARTESIAN_POINT('Ctrl Pts',(-4.7783102407841,14.2015301842353,1.81539681442617));
#5459=CARTESIAN_POINT('Ctrl Pts',(-3.32374497158965,18.3317909186439,1.72405745998669));
#5460=CARTESIAN_POINT('Ctrl Pts',(-1.87700256165422,20.,1.67611668640063));
#5461=CARTESIAN_POINT('Ctrl Pts',(-3.17459578928773,8.00000000000002,2.69248992192951));
#5462=CARTESIAN_POINT('Ctrl Pts',(-4.09265320176853,9.80016518003165,2.7038083073266));
#5463=CARTESIAN_POINT('Ctrl Pts',(-5.12399910517452,14.101226118325,2.7254668216252));
#5464=CARTESIAN_POINT('Ctrl Pts',(-3.83432554848402,18.2803144234988,2.74532665932498));
#5465=CARTESIAN_POINT('Ctrl Pts',(-2.44305245309439,20.,2.75474534731271));
#5466=CARTESIAN_POINT('Ctrl Pts',(-3.26005353849145,8.00000000000002,3.06963475126451));
#5467=CARTESIAN_POINT('Ctrl Pts',(-4.20458426819856,9.78546640688795,3.10697081328318));
#5468=CARTESIAN_POINT('Ctrl Pts',(-5.2949500132309,14.066911631812,3.18212961639808));
#5469=CARTESIAN_POINT('Ctrl Pts',(-4.07773389743466,18.2627040755795,3.25634148839603));
#5470=CARTESIAN_POINT('Ctrl Pts',(-2.71358343772533,20.,3.29367912779346));
#5471=CARTESIAN_POINT('Ctrl Pts',(-3.3131957834591,8.00000000000002,3.28860022205834));
#5472=CARTESIAN_POINT('Ctrl Pts',(-4.27428039258099,9.77920881036195,3.34018142615239));
#5473=CARTESIAN_POINT('Ctrl Pts',(-5.40050828901764,14.0523031873183,3.44455873809153));
#5474=CARTESIAN_POINT('Ctrl Pts',(-4.22487461801468,18.2552069565421,3.54835630052243));
#5475=CARTESIAN_POINT('Ctrl Pts',(-2.87772260684322,20.,3.60085540949791));
#5476=CARTESIAN_POINT('Ctrl Pts',(-3.32386204403827,8.00000000000002,3.35305373030749));
#5477=CARTESIAN_POINT('Ctrl Pts',(-4.28533189458732,9.77758708172204,3.40544587289446));
#5478=CARTESIAN_POINT('Ctrl Pts',(-5.41291946001405,14.0485172396751,3.5115420246657));
#5479=CARTESIAN_POINT('Ctrl Pts',(-4.24012791482975,18.2532639912824,3.61715385943849));
#5480=CARTESIAN_POINT('Ctrl Pts',(-2.89335166876906,20.,3.670609758708));
#5481=CARTESIAN_POINT('Ctrl Pts',(-3.32275688303621,8.00000000000003,3.46232937572987));
#5482=CARTESIAN_POINT('Ctrl Pts',(-4.2831134883996,9.77545847858061,3.51112620463669));
#5483=CARTESIAN_POINT('Ctrl Pts',(-5.40919625113651,14.0435479865902,3.61001073696237));
#5484=CARTESIAN_POINT('Ctrl Pts',(-4.23684564768483,18.2507137483787,3.70853687818833));
#5485=CARTESIAN_POINT('Ctrl Pts',(-2.88889195898489,20.,3.75844098205259));
#5486=CARTESIAN_POINT('Ctrl Pts',(-3.29929004095422,8.00000000000002,3.58409764879484));
#5487=CARTESIAN_POINT('Ctrl Pts',(-4.2588449333439,9.77364009665848,3.62478000761513));
#5488=CARTESIAN_POINT('Ctrl Pts',(-5.38394557216279,14.0393029491757,3.70725708628854));
#5489=CARTESIAN_POINT('Ctrl Pts',(-4.21227496965673,18.2485351761954,3.78948390639421));
#5490=CARTESIAN_POINT('Ctrl Pts',(-2.86346942728196,20.,3.83115042171991));
#5491=CARTESIAN_POINT('Ctrl Pts',(-3.22575105182875,8.00000000000001,3.75193687947167));
#5492=CARTESIAN_POINT('Ctrl Pts',(-4.18844764649563,9.77163752425591,3.77816413275224));
#5493=CARTESIAN_POINT('Ctrl Pts',(-5.32064443693202,14.0346279165708,3.83135867708436));
#5494=CARTESIAN_POINT('Ctrl Pts',(-4.15790042146551,18.2461359285577,3.88442265440126));
#5495=CARTESIAN_POINT('Ctrl Pts',(-2.81230977314502,20.,3.91132305750314));
#5496=CARTESIAN_POINT('Ctrl Pts',(-3.03129451931121,8.00000000000002,3.95106009842449));
#5497=CARTESIAN_POINT('Ctrl Pts',(-4.010714126904,9.76994101880539,3.95580672997891));
#5498=CARTESIAN_POINT('Ctrl Pts',(-5.17749441338268,14.0306674014426,3.96543045641244));
#5499=CARTESIAN_POINT('Ctrl Pts',(-4.05088449564726,18.244103374484,3.9750258943504));
#5500=CARTESIAN_POINT('Ctrl Pts',(-2.72252766165405,20.,3.9798884973652));
#5501=CARTESIAN_POINT('Ctrl Pts',(-2.81745523514642,8.00000000000002,4.));
#5502=CARTESIAN_POINT('Ctrl Pts',(-3.81756778509937,9.76947753930592,4.));
#5503=CARTESIAN_POINT('Ctrl Pts',(-5.02655947723372,14.0295854022255,4.));
#5504=CARTESIAN_POINT('Ctrl Pts',(-3.94258455447251,18.2435480876476,4.));
#5505=CARTESIAN_POINT('Ctrl Pts',(-2.63557492301078,20.,4.));
#5506=CARTESIAN_POINT('Ctrl Pts',(-2.72281444225555,8.00000000000002,4.));
#5507=CARTESIAN_POINT('Ctrl Pts',(-3.73106752275987,9.76947753930592,4.));
#5508=CARTESIAN_POINT('Ctrl Pts',(-4.95660015435538,14.0295854022255,4.));
#5509=CARTESIAN_POINT('Ctrl Pts',(-3.88916617105533,18.2435480876476,4.));
#5510=CARTESIAN_POINT('Ctrl Pts',(-2.59055694850338,20.,4.));
#5511=CARTESIAN_POINT('Ctrl Pts',(-3.63937304064285,18.1384939802355,4.));
#5512=CARTESIAN_POINT('Ctrl Pts',(-3.65223164092637,18.135913984164,4.));
#5513=CARTESIAN_POINT('Ctrl Pts',(-3.68117434001038,18.1300959586797,3.99956386852101));
#5514=CARTESIAN_POINT('Ctrl Pts',(-3.74419964720151,18.1171652496616,3.98743166657084));
#5515=CARTESIAN_POINT('Ctrl Pts',(-3.7698776301715,18.1118374674959,3.97992921472621));
#5516=CARTESIAN_POINT('Ctrl Pts',(-3.84459010802718,18.0961803776747,3.9497716744644));
#5517=CARTESIAN_POINT('Ctrl Pts',(-3.88588212344181,18.0873186224241,3.92147904035483));
#5518=CARTESIAN_POINT('Ctrl Pts',(-3.9616562529632,18.0708923692556,3.84882344999148));
#5519=CARTESIAN_POINT('Ctrl Pts',(-3.98452374560771,18.0658170935297,3.80844756536109));
#5520=CARTESIAN_POINT('Ctrl Pts',(-4.01372614305604,18.0593543212147,3.74555385132324));
#5521=CARTESIAN_POINT('Ctrl Pts',(-4.02380918226588,18.057103025422,3.70888452567959));
#5522=CARTESIAN_POINT('Ctrl Pts',(-4.02943310327543,18.0558487925762,3.63858596458311));
#5523=CARTESIAN_POINT('Ctrl Pts',(-4.02718818585555,18.0563504906007,3.60653010678434));
#5524=CARTESIAN_POINT('Ctrl Pts',(-4.00488263900019,18.0613176227588,3.50347936251524));
#5525=CARTESIAN_POINT('Ctrl Pts',(-3.95920989311252,18.0738436936918,3.45099743455718));
#5526=CARTESIAN_POINT('Ctrl Pts',(-3.47933996973468,18.1708740268804,2.51232760310909));
#5527=CARTESIAN_POINT('Ctrl Pts',(-3.28011967650426,18.2097245206423,2.1050119353481));
#5528=CARTESIAN_POINT('Ctrl Pts',(-2.3567322920049,18.3595472097174,0.712851994871716));
#5529=CARTESIAN_POINT('Ctrl Pts',(-1.58262806144315,18.452462352092,-0.0637186705398095));
#5530=CARTESIAN_POINT('Ctrl Pts',(0.297440482373009,18.5255215400695,-1.54651206916338));
#5531=CARTESIAN_POINT('Ctrl Pts',(1.45828601552261,18.4787465221905,-2.2325843005019));
#5532=CARTESIAN_POINT('Ctrl Pts',(3.14118069214157,18.2394269728874,-3.04299829180668));
#5533=CARTESIAN_POINT('Ctrl Pts',(3.68140255152371,18.1386413389871,-3.27337239852807));
#5534=CARTESIAN_POINT('Ctrl Pts',(4.48530068430325,17.9500128110203,-3.57047258054042));
#5535=CARTESIAN_POINT('Ctrl Pts',(4.73887388846132,17.8846684150375,-3.65659220291083));
#5536=CARTESIAN_POINT('Ctrl Pts',(5.11661130629135,17.7788480581958,-3.78345762329635));
#5537=CARTESIAN_POINT('Ctrl Pts',(5.24197896705856,17.7422844879598,-3.82539177222822));
#5538=CARTESIAN_POINT('Ctrl Pts',(5.46334285830056,17.6751822962119,-3.90141953938809));
#5539=CARTESIAN_POINT('Ctrl Pts',(5.49182219412185,17.6661991569602,-3.91258181473713));
#5540=CARTESIAN_POINT('Ctrl Pts',(5.58968317682154,17.6353791873483,-3.9432969839526));
#5541=CARTESIAN_POINT('Ctrl Pts',(5.62586745203584,17.6238696253539,-3.95412626846033));
#5542=CARTESIAN_POINT('Ctrl Pts',(5.6874399248867,17.6040892870597,-3.97181608398094));
#5543=CARTESIAN_POINT('Ctrl Pts',(5.71969158704503,17.5936350839075,-3.98073546403338));
#5544=CARTESIAN_POINT('Ctrl Pts',(5.74768441440696,17.5844853172444,-3.98745847361172));
#5545=CARTESIAN_POINT('Ctrl Pts',(-7.95229889684427,2.85913636299585,4.));
#5546=CARTESIAN_POINT('Ctrl Pts',(-9.96436765798078,3.1741035627375,4.));
#5547=CARTESIAN_POINT('Ctrl Pts',(-14.0591612015658,4.8720773759128,4.));
#5548=CARTESIAN_POINT('Ctrl Pts',(-16.6882356922293,8.33399362928692,4.));
#5549=CARTESIAN_POINT('Ctrl Pts',(-17.2518154878868,10.4444170577084,4.));
#5550=CARTESIAN_POINT('Ctrl Pts',(-7.9144610333304,2.90658354310414,4.));
#5551=CARTESIAN_POINT('Ctrl Pts',(-9.92978441939687,3.21746957226966,4.));
#5552=CARTESIAN_POINT('Ctrl Pts',(-14.0311911135125,4.90715075697259,4.));
#5553=CARTESIAN_POINT('Ctrl Pts',(-16.6668787547066,8.36077438187435,4.));
#5554=CARTESIAN_POINT('Ctrl Pts',(-17.2338170759647,10.4669863523996,4.));
#5555=CARTESIAN_POINT('Ctrl Pts',(-7.84415185782803,2.99474846055788,3.98582916571573));
#5556=CARTESIAN_POINT('Ctrl Pts',(-9.86824312766595,3.29487357425418,3.98737278297858));
#5557=CARTESIAN_POINT('Ctrl Pts',(-13.9873542652982,4.96266591548325,3.99051585545546));
#5558=CARTESIAN_POINT('Ctrl Pts',(-16.6403809389179,8.39428153956982,3.99366773545514));
#5559=CARTESIAN_POINT('Ctrl Pts',(-17.2161130020405,10.4891865589155,3.99527170265974));
#5560=CARTESIAN_POINT('Ctrl Pts',(-7.74495845862144,3.11913304892088,3.90526603799146));
#5561=CARTESIAN_POINT('Ctrl Pts',(-9.78197410919145,3.40381953159103,3.91835481359676));
#5562=CARTESIAN_POINT('Ctrl Pts',(-13.9269809969515,5.04016457549699,3.94497817873574));
#5563=CARTESIAN_POINT('Ctrl Pts',(-16.604702357557,8.43994122882781,3.9716390965213));
#5564=CARTESIAN_POINT('Ctrl Pts',(-17.1929363812425,10.5182491221573,3.98519292383518));
#5565=CARTESIAN_POINT('Ctrl Pts',(-7.68753763983976,3.19113647822922,3.82831592544061));
#5566=CARTESIAN_POINT('Ctrl Pts',(-9.73198645741392,3.46730361445593,3.85255740954494));
#5567=CARTESIAN_POINT('Ctrl Pts',(-13.8917154066361,5.08625745683188,3.90186450396214));
#5568=CARTESIAN_POINT('Ctrl Pts',(-16.5829053506272,8.46823413449573,3.95123905742743));
#5569=CARTESIAN_POINT('Ctrl Pts',(-17.1779383823425,10.5370560179222,3.97633922621907));
#5570=CARTESIAN_POINT('Ctrl Pts',(-7.64741743199165,3.24144562760954,3.75176814305313));
#5571=CARTESIAN_POINT('Ctrl Pts',(-9.69637955280369,3.51297762682184,3.78630030653605));
#5572=CARTESIAN_POINT('Ctrl Pts',(-13.864791549537,5.12241030273362,3.85654565531728));
#5573=CARTESIAN_POINT('Ctrl Pts',(-16.5630626257,8.49434340016014,3.92689656378537));
#5574=CARTESIAN_POINT('Ctrl Pts',(-17.1616393481494,10.5574943603426,3.96266382607261));
#5575=CARTESIAN_POINT('Ctrl Pts',(-7.62086935749407,3.27473586007081,3.68135501348671));
#5576=CARTESIAN_POINT('Ctrl Pts',(-9.67260908262197,3.54402932421216,3.72546992994674));
#5577=CARTESIAN_POINT('Ctrl Pts',(-13.8460725352283,5.1487884377783,3.81522106900423));
#5578=CARTESIAN_POINT('Ctrl Pts',(-16.5474489581195,8.51541329887615,3.90512390930326));
#5579=CARTESIAN_POINT('Ctrl Pts',(-17.1475389741682,10.5751756700611,3.95083784666669));
#5580=CARTESIAN_POINT('Ctrl Pts',(-7.60293584306713,3.2972237758771,3.61798966580093));
#5581=CARTESIAN_POINT('Ctrl Pts',(-9.65533038992954,3.56715798270942,3.66816676676913));
#5582=CARTESIAN_POINT('Ctrl Pts',(-13.8294284715276,5.17307217304843,3.77027604288589));
#5583=CARTESIAN_POINT('Ctrl Pts',(-16.5291534639167,8.54010655615251,3.8725910493934));
#5584=CARTESIAN_POINT('Ctrl Pts',(-17.1283298875386,10.5992631028175,3.92462861780709));
#5585=CARTESIAN_POINT('Ctrl Pts',(-7.59523276383224,3.30688313171553,3.57994406107032));
#5586=CARTESIAN_POINT('Ctrl Pts',(-9.64796506328914,3.57751150621444,3.63445585727622));
#5587=CARTESIAN_POINT('Ctrl Pts',(-13.8222173500486,5.18472390999558,3.74540357071604));
#5588=CARTESIAN_POINT('Ctrl Pts',(-16.5203487033423,8.5524864691258,3.85659819016151));
#5589=CARTESIAN_POINT('Ctrl Pts',(-17.1186585270524,10.6113906052784,3.91316059444491));
#5590=CARTESIAN_POINT('Ctrl Pts',(-7.56307846360409,3.34720334888692,3.39584318430242));
#5591=CARTESIAN_POINT('Ctrl Pts',(-9.60355592172504,3.63924290059136,3.43830265649789));
#5592=CARTESIAN_POINT('Ctrl Pts',(-13.7500299829502,5.28935402100848,3.52492650619726));
#5593=CARTESIAN_POINT('Ctrl Pts',(-16.4109314275052,8.69693271647902,3.6120195381716));
#5594=CARTESIAN_POINT('Ctrl Pts',(-16.9900242081173,10.7726929392852,3.65642427224954));
#5595=CARTESIAN_POINT('Ctrl Pts',(-7.50855206016312,3.41557729615729,3.06564523200938));
#5596=CARTESIAN_POINT('Ctrl Pts',(-9.53084574525553,3.74726270665012,3.08380274468691));
#5597=CARTESIAN_POINT('Ctrl Pts',(-13.6323528536156,5.47623932199984,3.12150372893292));
#5598=CARTESIAN_POINT('Ctrl Pts',(-16.2219470092789,8.95409234288074,3.16028733968445));
#5599=CARTESIAN_POINT('Ctrl Pts',(-16.7639634617213,11.0561641491683,3.18038542810812));
#5600=CARTESIAN_POINT('Ctrl Pts',(-7.42867203012737,3.51574368559342,2.57766539805642));
#5601=CARTESIAN_POINT('Ctrl Pts',(-9.4333803719354,3.91048697337803,2.55461294298125));
#5602=CARTESIAN_POINT('Ctrl Pts',(-13.4796319906676,5.76347558751573,2.50965059097152));
#5603=CARTESIAN_POINT('Ctrl Pts',(-15.9498487362522,9.34442203435431,2.46721050334088));
#5604=CARTESIAN_POINT('Ctrl Pts',(-16.4291421808715,11.4760167555594,2.44659273285137));
#5605=CARTESIAN_POINT('Ctrl Pts',(-7.34223056592317,3.62413785323499,2.09889906424108));
#5606=CARTESIAN_POINT('Ctrl Pts',(-9.33664920049813,4.08643841307286,2.0329562719169));
#5607=CARTESIAN_POINT('Ctrl Pts',(-13.3359693855525,6.07121420940349,1.90221496910865));
#5608=CARTESIAN_POINT('Ctrl Pts',(-15.6737958492457,9.75606188948251,1.7758367287364));
#5609=CARTESIAN_POINT('Ctrl Pts',(-16.0830645933612,11.9099843240512,1.71327336394201));
#5610=CARTESIAN_POINT('Ctrl Pts',(-7.24467285003692,3.74647135958931,1.63124143385601));
#5611=CARTESIAN_POINT('Ctrl Pts',(-9.23321933158674,4.28234505837327,1.5238352257022));
#5612=CARTESIAN_POINT('Ctrl Pts',(-13.1890790198036,6.40997633153905,1.3104250228523));
#5613=CARTESIAN_POINT('Ctrl Pts',(-15.3799236993313,10.2038906058032,1.10350152933418));
#5614=CARTESIAN_POINT('Ctrl Pts',(-15.7111740393963,12.3763203286747,1.00082059971366));
#5615=CARTESIAN_POINT('Ctrl Pts',(-7.13144406495505,3.8884557651637,1.17658771019385));
#5616=CARTESIAN_POINT('Ctrl Pts',(-9.11506651162998,4.50617647664814,1.0344338493298));
#5617=CARTESIAN_POINT('Ctrl Pts',(-13.0248819339149,6.79253137474913,0.752123207906951));
#5618=CARTESIAN_POINT('Ctrl Pts',(-15.0513731097171,10.7065419000258,0.478587460206149));
#5619=CARTESIAN_POINT('Ctrl Pts',(-15.2953090987078,12.8977984701225,0.34292595473666));
#5620=CARTESIAN_POINT('Ctrl Pts',(-7.00445400515344,4.04769626343233,0.734097742180511));
#5621=CARTESIAN_POINT('Ctrl Pts',(-8.98211362554219,4.75593683880755,0.567825918081398));
#5622=CARTESIAN_POINT('Ctrl Pts',(-12.8402586880455,7.21790595688107,0.238247986769986));
#5623=CARTESIAN_POINT('Ctrl Pts',(-14.6852568044547,11.2651292793596,-0.0802206402790916));
#5624=CARTESIAN_POINT('Ctrl Pts',(-14.8328101065539,13.4777538624924,-0.237835581274001));
#5625=CARTESIAN_POINT('Ctrl Pts',(-6.86561246510795,4.22179804786939,0.302931378741896));
#5626=CARTESIAN_POINT('Ctrl Pts',(-8.83697437351909,5.02625614012266,0.122306330576946));
#5627=CARTESIAN_POINT('Ctrl Pts',(-12.6402481898056,7.67489645165714,-0.23475136894094));
#5628=CARTESIAN_POINT('Ctrl Pts',(-14.2923133872176,11.8636799384026,-0.578437438850599));
#5629=CARTESIAN_POINT('Ctrl Pts',(-14.337419994703,14.0989534144238,-0.748019961257144));
#5630=CARTESIAN_POINT('Ctrl Pts',(-6.66366144950227,4.47503661158961,-0.256194290511297));
#5631=CARTESIAN_POINT('Ctrl Pts',(-8.62642024877495,5.4122901642883,-0.443908499800873));
#5632=CARTESIAN_POINT('Ctrl Pts',(-12.3540795027535,8.31856881555992,-0.813313379487819));
#5633=CARTESIAN_POINT('Ctrl Pts',(-13.7398285947895,12.7026490511192,-1.16658405782379));
#5634=CARTESIAN_POINT('Ctrl Pts',(-13.6435395611679,14.9690519571569,-1.34000936618616));
#5635=CARTESIAN_POINT('Ctrl Pts',(-6.37774277231106,4.83356729258437,-0.92429983102101));
#5636=CARTESIAN_POINT('Ctrl Pts',(-8.33025225587642,5.93891411646214,-1.1020452753663));
#5637=CARTESIAN_POINT('Ctrl Pts',(-11.9630921183407,9.1712638049324,-1.44919734580493));
#5638=CARTESIAN_POINT('Ctrl Pts',(-13.0114199003463,13.8020362851017,-1.7775337699223));
#5639=CARTESIAN_POINT('Ctrl Pts',(-12.7360006705503,16.1070697308779,-1.93730136118489));
#5640=CARTESIAN_POINT('Ctrl Pts',(-6.0437873266445,5.2523341759967,-1.54366746117805));
#5641=CARTESIAN_POINT('Ctrl Pts',(-7.98506139946686,6.5167028158419,-1.69671245775891));
#5642=CARTESIAN_POINT('Ctrl Pts',(-11.525942446156,10.0577803539643,-1.99303186263598));
#5643=CARTESIAN_POINT('Ctrl Pts',(-12.2559060986181,14.9230624354495,-2.26967194479525));
#5644=CARTESIAN_POINT('Ctrl Pts',(-11.8116503388297,17.2661683849609,-2.40286486697471));
#5645=CARTESIAN_POINT('Ctrl Pts',(-5.74130786663214,5.63163142180984,-1.99797533233841));
#5646=CARTESIAN_POINT('Ctrl Pts',(-7.67139965549226,7.01141374648228,-2.12959825924386));
#5647=CARTESIAN_POINT('Ctrl Pts',(-11.1411539444612,10.7769898173325,-2.38303979730378));
#5648=CARTESIAN_POINT('Ctrl Pts',(-11.6416825056306,15.8147499291268,-2.61767497805066));
#5649=CARTESIAN_POINT('Ctrl Pts',(-11.0759920749609,18.1886546699261,-2.72985931301925));
#5650=CARTESIAN_POINT('Ctrl Pts',(-5.49489889875932,5.94061849436674,-2.31139080604438));
#5651=CARTESIAN_POINT('Ctrl Pts',(-7.41496902961097,7.39964126006091,-2.42843792719581));
#5652=CARTESIAN_POINT('Ctrl Pts',(-10.8325002134435,11.3196799685327,-2.65342063098534));
#5653=CARTESIAN_POINT('Ctrl Pts',(-11.1767568666668,16.4776288316845,-2.86115196612081));
#5654=CARTESIAN_POINT('Ctrl Pts',(-10.5285305188494,18.8751497476851,-2.96024987501445));
#5655=CARTESIAN_POINT('Ctrl Pts',(-5.23603276171302,6.26522636298677,-2.61097129360717));
#5656=CARTESIAN_POINT('Ctrl Pts',(-7.14243450969766,7.79659991085969,-2.71394073328766));
#5657=CARTESIAN_POINT('Ctrl Pts',(-10.5057716923135,11.8582758101981,-2.91223534944141));
#5658=CARTESIAN_POINT('Ctrl Pts',(-10.709742477528,17.1293939109271,-3.09585216154992));
#5659=CARTESIAN_POINT('Ctrl Pts',(-9.98772224556419,19.5533018726646,-3.1836580712269));
#5660=CARTESIAN_POINT('Ctrl Pts',(-5.06056145210858,6.48526042562846,-2.81500618514802));
#5661=CARTESIAN_POINT('Ctrl Pts',(-6.9539399244182,8.06073540243551,-2.90760950657201));
#5662=CARTESIAN_POINT('Ctrl Pts',(-10.2774901407112,12.20936303476,-3.08668322548935));
#5663=CARTESIAN_POINT('Ctrl Pts',(-10.3984336648524,17.5530344832149,-3.25355277496354));
#5664=CARTESIAN_POINT('Ctrl Pts',(-9.63303705212491,19.9980630375937,-3.33377111963954));
#5665=CARTESIAN_POINT('Ctrl Pts',(-4.95207789805932,6.62129449969492,-2.94604532947562));
#5666=CARTESIAN_POINT('Ctrl Pts',(-6.83579764167777,8.22286030974573,-3.03166897488162));
#5667=CARTESIAN_POINT('Ctrl Pts',(-10.1329983978452,12.4231845138771,-3.19789546009476));
#5668=CARTESIAN_POINT('Ctrl Pts',(-10.2058556061844,17.8112679350898,-3.35371021267292));
#5669=CARTESIAN_POINT('Ctrl Pts',(-9.41546195395817,20.2708935811578,-3.42897924400571));
#5670=CARTESIAN_POINT('Ctrl Pts',(-4.91061024112954,6.67329329678067,-3.00693022026353));
#5671=CARTESIAN_POINT('Ctrl Pts',(-6.79620079766365,8.27761726640999,-3.09215872606415));
#5672=CARTESIAN_POINT('Ctrl Pts',(-10.0947460955377,12.4830669393603,-3.25811620173175));
#5673=CARTESIAN_POINT('Ctrl Pts',(-10.1610146132755,17.8736118780967,-3.41437879740879));
#5674=CARTESIAN_POINT('Ctrl Pts',(-9.36706828597467,20.3315773214032,-3.49014119399905));
#5675=CARTESIAN_POINT('Ctrl Pts',(-4.85788087150272,6.73941383492266,-3.13398839628928));
#5676=CARTESIAN_POINT('Ctrl Pts',(-6.74946873002311,8.34294672206706,-3.21446277149956));
#5677=CARTESIAN_POINT('Ctrl Pts',(-10.0569549193582,12.5461652095476,-3.37161590501777));
#5678=CARTESIAN_POINT('Ctrl Pts',(-10.1217159689464,17.9309530738996,-3.5202231037656));
#5679=CARTESIAN_POINT('Ctrl Pts',(-9.32674408978657,20.3821422640712,-3.59252387995055));
#5680=CARTESIAN_POINT('Ctrl Pts',(-4.82270028244753,6.78352889825347,-3.30180764944076));
#5681=CARTESIAN_POINT('Ctrl Pts',(-6.7217537667504,8.38347388102251,-3.37155959662241));
#5682=CARTESIAN_POINT('Ctrl Pts',(-10.0416180911854,12.5788757518118,-3.50783733643841));
#5683=CARTESIAN_POINT('Ctrl Pts',(-10.1098054277688,17.9528057841611,-3.63679337968226));
#5684=CARTESIAN_POINT('Ctrl Pts',(-9.31636502205731,20.3951572033456,-3.69956835305649));
#5685=CARTESIAN_POINT('Ctrl Pts',(-4.8218232897234,6.78462861234595,-3.50421118102382));
#5686=CARTESIAN_POINT('Ctrl Pts',(-6.72549555339906,8.38357114987249,-3.55624030166427));
#5687=CARTESIAN_POINT('Ctrl Pts',(-10.0524208383714,12.5765102703072,-3.65747565679561));
#5688=CARTESIAN_POINT('Ctrl Pts',(-10.1202588215479,17.9454356461682,-3.75269047325554));
#5689=CARTESIAN_POINT('Ctrl Pts',(-9.32648530759668,20.3824667666734,-3.7988124564102));
#5690=CARTESIAN_POINT('Ctrl Pts',(-4.86928508772853,6.72511340009336,-3.71573697375172));
#5691=CARTESIAN_POINT('Ctrl Pts',(-6.77226658298815,8.32869831009811,-3.74680820436839));
#5692=CARTESIAN_POINT('Ctrl Pts',(-10.0959453116159,12.5307478422084,-3.80648626999786));
#5693=CARTESIAN_POINT('Ctrl Pts',(-10.1547129813188,17.9067556683643,-3.86152350128362));
#5694=CARTESIAN_POINT('Ctrl Pts',(-9.35623177749966,20.3451658732296,-3.88775289129689));
#5695=CARTESIAN_POINT('Ctrl Pts',(-4.96514317992491,6.6049111544351,-3.88689035848372));
#5696=CARTESIAN_POINT('Ctrl Pts',(-6.86162609897086,8.2193792816625,-3.90009217359257));
#5697=CARTESIAN_POINT('Ctrl Pts',(-10.1707520076347,12.443326380629,-3.92454820509592));
#5698=CARTESIAN_POINT('Ctrl Pts',(-10.2107746797142,17.8397323925877,-3.9458232797347));
#5699=CARTESIAN_POINT('Ctrl Pts',(-9.40272835867033,20.2868610046046,-3.95544792923107));
#5700=CARTESIAN_POINT('Ctrl Pts',(-5.08427629825572,6.45552294914617,-3.98316746479918));
#5701=CARTESIAN_POINT('Ctrl Pts',(-6.97229703489693,8.08226589073094,-3.98701867217829));
#5702=CARTESIAN_POINT('Ctrl Pts',(-10.2633886652479,12.3310473206291,-3.99362316097675));
#5703=CARTESIAN_POINT('Ctrl Pts',(-10.2828614834794,17.7513314983686,-3.99858837026567));
#5704=CARTESIAN_POINT('Ctrl Pts',(-9.46439086251778,20.209538670459,-4.00050186800484));
#5705=CARTESIAN_POINT('Ctrl Pts',(-5.16190172230328,6.35818374619628,-4.));
#5706=CARTESIAN_POINT('Ctrl Pts',(-7.0457134142714,7.99058073941988,-4.00084671657599));
#5707=CARTESIAN_POINT('Ctrl Pts',(-10.328040821182,12.2508540372037,-4.00215318473388));
#5708=CARTESIAN_POINT('Ctrl Pts',(-10.3382201154691,17.6823645403796,-4.00290377601918));
#5709=CARTESIAN_POINT('Ctrl Pts',(-9.51507705337728,20.145980197454,-4.0030787583785));
#5710=CARTESIAN_POINT('Ctrl Pts',(-5.2187323670174,6.28692037176097,-4.));
#5711=CARTESIAN_POINT('Ctrl Pts',(-7.10032158894654,7.9221042542651,-3.9980777931353));
#5712=CARTESIAN_POINT('Ctrl Pts',(-10.3781070700045,12.1880729469248,-3.99440802712935));
#5713=CARTESIAN_POINT('Ctrl Pts',(-10.3837912127917,17.6252201917934,-3.99105515765239));
#5714=CARTESIAN_POINT('Ctrl Pts',(-9.55841823269003,20.0916320776082,-3.98946994086053));
#5715=CARTESIAN_POINT('Ctrl Pts',(-5.25180676215196,6.24544639207002,-3.99516908743865));
#5716=CARTESIAN_POINT('Ctrl Pts',(-7.13363809929644,7.8802067592611,-3.99185980123933));
#5717=CARTESIAN_POINT('Ctrl Pts',(-10.4119541221438,12.1453501487772,-3.98583682293003));
#5718=CARTESIAN_POINT('Ctrl Pts',(-10.4183895657155,17.5816915644464,-3.98075540773631));
#5719=CARTESIAN_POINT('Ctrl Pts',(-9.5934419250642,20.0477137564925,-3.97852406733781));
#5720=CARTESIAN_POINT('Ctrl Pts',(-5.29488897765312,6.19142300257299,-3.98096472332456));
#5721=CARTESIAN_POINT('Ctrl Pts',(-7.18048608736266,7.82092681449828,-3.97597604390748));
#5722=CARTESIAN_POINT('Ctrl Pts',(-10.4666817325495,12.0754762715629,-3.967218336539));
#5723=CARTESIAN_POINT('Ctrl Pts',(-10.4818802391668,17.5014364917108,-3.9603121084446));
#5724=CARTESIAN_POINT('Ctrl Pts',(-9.66146437798817,19.9624162984553,-3.95749157157516));
#5725=CARTESIAN_POINT('Ctrl Pts',(-5.33437150947186,6.14191347364174,-3.9600378772784));
#5726=CARTESIAN_POINT('Ctrl Pts',(-7.22752707374089,7.76105548046502,-3.95349691703708));
#5727=CARTESIAN_POINT('Ctrl Pts',(-10.5294762878852,11.9946711398876,-3.94224281264662));
#5728=CARTESIAN_POINT('Ctrl Pts',(-10.5618560318029,17.4000911507162,-3.93372331566021));
#5729=CARTESIAN_POINT('Ctrl Pts',(-9.75026265930608,19.85106677563,-3.93041107877087));
#5730=CARTESIAN_POINT('Ctrl Pts',(-5.36027208312282,6.10943518156075,-3.94122044468673));
#5731=CARTESIAN_POINT('Ctrl Pts',(-7.25792755424803,7.72211581714362,-3.93463165537962));
#5732=CARTESIAN_POINT('Ctrl Pts',(-10.5693938292772,11.942704938042,-3.92370569208541));
#5733=CARTESIAN_POINT('Ctrl Pts',(-10.6125998483483,17.3354795870753,-3.91608542672481));
#5734=CARTESIAN_POINT('Ctrl Pts',(-9.80657943192756,19.7804477764176,-3.91344172297428));
#5735=CARTESIAN_POINT('Ctrl Pts',(-5.47664549766242,5.96350753536971,-3.84215159555475));
#5736=CARTESIAN_POINT('Ctrl Pts',(-7.3880625282579,7.55482852486784,-3.8396859291897));
#5737=CARTESIAN_POINT('Ctrl Pts',(-10.7293752121322,11.7325156613571,-3.8389823840971));
#5738=CARTESIAN_POINT('Ctrl Pts',(-10.8089688179973,17.084324718469,-3.84406123077026));
#5739=CARTESIAN_POINT('Ctrl Pts',(-10.0217793950258,19.5105955580259,-3.84878560346652));
#5740=CARTESIAN_POINT('Ctrl Pts',(-5.68528676826523,5.70187965723423,-3.67563274641664));
#5741=CARTESIAN_POINT('Ctrl Pts',(-7.61686789773023,7.25375114982198,-3.67974441946432));
#5742=CARTESIAN_POINT('Ctrl Pts',(-11.0057960171481,11.3528276778476,-3.69527929262423));
#5743=CARTESIAN_POINT('Ctrl Pts',(-11.1553342479374,16.6330259425665,-3.72045519575701));
#5744=CARTESIAN_POINT('Ctrl Pts',(-10.404594782606,19.0305602453533,-3.7368173823672));
#5745=CARTESIAN_POINT('Ctrl Pts',(-5.98941363117405,5.3205166335288,-3.40277551841384));
#5746=CARTESIAN_POINT('Ctrl Pts',(-7.94209961025857,6.80647336079122,-3.41957353067401));
#5747=CARTESIAN_POINT('Ctrl Pts',(-11.3926056652576,10.7756868750727,-3.46411205241275));
#5748=CARTESIAN_POINT('Ctrl Pts',(-11.6655678724737,15.9459487013606,-3.52262315489137));
#5749=CARTESIAN_POINT('Ctrl Pts',(-10.9797057422235,18.3093939122379,-3.55752165349753));
#5750=CARTESIAN_POINT('Ctrl Pts',(-6.27579376293687,4.96140730680361,-3.08688128865874));
#5751=CARTESIAN_POINT('Ctrl Pts',(-8.24287621834541,6.37412399933014,-3.11920211938086));
#5752=CARTESIAN_POINT('Ctrl Pts',(-11.748877634703,10.2001001604521,-3.19752796248194));
#5753=CARTESIAN_POINT('Ctrl Pts',(-12.1636895359365,15.2552047856867,-3.29284229742842));
#5754=CARTESIAN_POINT('Ctrl Pts',(-11.5527535575985,17.5908146801733,-3.34755031480491));
#5755=CARTESIAN_POINT('Ctrl Pts',(-6.63330898519445,4.51309739798193,-2.61652232356079));
#5756=CARTESIAN_POINT('Ctrl Pts',(-8.6122403052169,5.81967783705628,-2.67098193942359));
#5757=CARTESIAN_POINT('Ctrl Pts',(-12.1857980740787,9.43912894495265,-2.7961202903368));
#5758=CARTESIAN_POINT('Ctrl Pts',(-12.8108578738303,14.3343224562751,-2.94070185086355));
#5759=CARTESIAN_POINT('Ctrl Pts',(-12.3113186963464,16.6396040826499,-3.0213411140208));
#5760=CARTESIAN_POINT('Ctrl Pts',(-7.03041470834372,4.0151425712939,-1.94224578987928));
#5761=CARTESIAN_POINT('Ctrl Pts',(-9.01386063976944,5.17495101157928,-2.02425993968963));
#5762=CARTESIAN_POINT('Ctrl Pts',(-12.6639086523123,8.51017202560219,-2.20574682800892));
#5763=CARTESIAN_POINT('Ctrl Pts',(-13.5858740329868,13.1934204371047,-2.40716005840864));
#5764=CARTESIAN_POINT('Ctrl Pts',(-13.2440631738168,15.4699795027281,-2.51684082812072));
#5765=CARTESIAN_POINT('Ctrl Pts',(-7.42499079802989,3.5203598046374,-1.0263211443019));
#5766=CARTESIAN_POINT('Ctrl Pts',(-9.40642637836157,4.48986358533596,-1.1326207273051));
#5767=CARTESIAN_POINT('Ctrl Pts',(-13.1444690921067,7.45741439245656,-1.36164360600593));
#5768=CARTESIAN_POINT('Ctrl Pts',(-14.4554573065387,11.8719765064655,-1.60816229721504));
#5769=CARTESIAN_POINT('Ctrl Pts',(-14.3205139953368,14.1201528670975,-1.7398484923413));
#5770=CARTESIAN_POINT('Ctrl Pts',(-7.74075793233229,3.12440034228478,-0.0304519010345187));
#5771=CARTESIAN_POINT('Ctrl Pts',(-9.71906550078543,3.90123677168138,-0.14184058084426));
#5772=CARTESIAN_POINT('Ctrl Pts',(-13.5446842121823,6.49661904126528,-0.377990708581685));
#5773=CARTESIAN_POINT('Ctrl Pts',(-15.2500545649925,10.6400522483771,-0.627321965779642));
#5774=CARTESIAN_POINT('Ctrl Pts',(-15.3247706321196,12.8608548757374,-0.758835951645795));
#5775=CARTESIAN_POINT('Ctrl Pts',(-7.98434572799555,2.81895090778438,1.02532254192452));
#5776=CARTESIAN_POINT('Ctrl Pts',(-9.96202844076315,3.41594527321867,0.936752663323019));
#5777=CARTESIAN_POINT('Ctrl Pts',(-13.872714663244,5.66360891854466,0.750746557304614));
#5778=CARTESIAN_POINT('Ctrl Pts',(-15.9449849563417,9.55223265795512,0.556632023292179));
#5779=CARTESIAN_POINT('Ctrl Pts',(-16.2145752328623,11.7450751981362,0.45504194336816));
#5780=CARTESIAN_POINT('Ctrl Pts',(-8.13061259361836,2.63553805957913,1.9439043012871));
#5781=CARTESIAN_POINT('Ctrl Pts',(-10.1101764099589,3.10939599378396,1.90254822822866));
#5782=CARTESIAN_POINT('Ctrl Pts',(-14.0824311025012,5.11867586141529,1.81539681442617));
#5783=CARTESIAN_POINT('Ctrl Pts',(-16.4046923639828,8.8310762290974,1.72405745998669));
#5784=CARTESIAN_POINT('Ctrl Pts',(-16.8069216046147,11.0022963418002,1.67611668640063));
#5785=CARTESIAN_POINT('Ctrl Pts',(-8.23397995938883,2.50591948269428,2.69248992192951));
#5786=CARTESIAN_POINT('Ctrl Pts',(-10.2138052049829,2.91053792631456,2.7038083073266));
#5787=CARTESIAN_POINT('Ctrl Pts',(-14.2195437075166,4.78586686191619,2.7254668216252));
#5788=CARTESIAN_POINT('Ctrl Pts',(-16.6827882021919,8.39979318998626,2.74532665932498));
#5789=CARTESIAN_POINT('Ctrl Pts',(-17.1598479392709,10.5597407160247,2.75474534731271));
#5790=CARTESIAN_POINT('Ctrl Pts',(-8.28726199450715,2.43910592394595,3.06963475126451));
#5791=CARTESIAN_POINT('Ctrl Pts',(-10.2721011198158,2.8138621595584,3.10697081328318));
#5792=CARTESIAN_POINT('Ctrl Pts',(-14.2993017094476,4.63081732764433,3.18212961639808));
#5793=CARTESIAN_POINT('Ctrl Pts',(-16.8207825010294,8.19850900734623,3.25634148839603));
#5794=CARTESIAN_POINT('Ctrl Pts',(-17.3285212492751,10.3482310752572,3.29367912779346));
#5795=CARTESIAN_POINT('Ctrl Pts',(-8.32039564229236,2.39755764378122,3.28860022205834));
#5796=CARTESIAN_POINT('Ctrl Pts',(-10.3106635566287,2.7554699876921,3.34018142615239));
#5797=CARTESIAN_POINT('Ctrl Pts',(-14.3536948760874,4.53918032823638,3.44455873809153));
#5798=CARTESIAN_POINT('Ctrl Pts',(-16.906661756058,8.07879538238064,3.54835630052243));
#5799=CARTESIAN_POINT('Ctrl Pts',(-17.4308603473057,10.2199019053346,3.60085540949791));
#5800=CARTESIAN_POINT('Ctrl Pts',(-8.32704594698745,2.38921842546021,3.35305373030749));
#5801=CARTESIAN_POINT('Ctrl Pts',(-10.3162861369182,2.74581844422663,3.40544587289446));
#5802=CARTESIAN_POINT('Ctrl Pts',(-14.3584731415743,4.52711638427116,3.5115420246657));
#5803=CARTESIAN_POINT('Ctrl Pts',(-16.9146529596575,8.06565845569435,3.61715385943849));
#5804=CARTESIAN_POINT('Ctrl Pts',(-17.4406049080291,10.2076826126796,3.670609758708));
#5805=CARTESIAN_POINT('Ctrl Pts',(-8.32635689037326,2.39008247512482,3.46232937572987));
#5806=CARTESIAN_POINT('Ctrl Pts',(-10.3132387743341,2.7462257016742,3.51112620463669));
#5807=CARTESIAN_POINT('Ctrl Pts',(-14.3522666403028,4.52692902756614,3.61001073696237));
#5808=CARTESIAN_POINT('Ctrl Pts',(-16.9106126393756,8.06663458503941,3.70853687818833));
#5809=CARTESIAN_POINT('Ctrl Pts',(-17.4378243244594,10.2111693541915,3.75844098205259));
#5810=CARTESIAN_POINT('Ctrl Pts',(-8.3117255536533,2.40842959105862,3.58409764879484));
#5811=CARTESIAN_POINT('Ctrl Pts',(-10.2966859095171,2.76406587946643,3.62478000761513));
#5812=CARTESIAN_POINT('Ctrl Pts',(-14.3332041955778,4.54402406580504,3.70725708628854));
#5813=CARTESIAN_POINT('Ctrl Pts',(-16.8935897958807,8.08448639712848,3.78948390639421));
#5814=CARTESIAN_POINT('Ctrl Pts',(-17.4219736352052,10.2310454898409,3.83115042171991));
#5815=CARTESIAN_POINT('Ctrl Pts',(-8.26587474389457,2.46592468794578,3.75193687947167));
#5816=CARTESIAN_POINT('Ctrl Pts',(-10.2512282449385,2.81785611113425,3.77816413275224));
#5817=CARTESIAN_POINT('Ctrl Pts',(-14.2900814956432,4.59060005105189,3.83135867708436));
#5818=CARTESIAN_POINT('Ctrl Pts',(-16.8578120122653,8.1255022243151,3.88442265440126));
#5819=CARTESIAN_POINT('Ctrl Pts',(-17.3900761125842,10.2710437180774,3.91132305750314));
#5820=CARTESIAN_POINT('Ctrl Pts',(-8.14463307896507,2.61795692703957,3.95106009842449));
#5821=CARTESIAN_POINT('Ctrl Pts',(-10.1390868266532,2.95575601839364,3.95580672997891));
#5822=CARTESIAN_POINT('Ctrl Pts',(-14.1977324604104,4.70004990538629,3.96543045641244));
#5823=CARTESIAN_POINT('Ctrl Pts',(-16.7894995591166,8.20790336750861,3.9750258943504));
#5824=CARTESIAN_POINT('Ctrl Pts',(-17.3340978816802,10.3412381994034,3.9798884973652));
#5825=CARTESIAN_POINT('Ctrl Pts',(-8.01130646605156,2.78514321158803,4.));
#5826=CARTESIAN_POINT('Ctrl Pts',(-10.0182996894076,3.10647493439874,4.));
#5827=CARTESIAN_POINT('Ctrl Pts',(-14.1027801259254,4.81738097479437,4.));
#5828=CARTESIAN_POINT('Ctrl Pts',(-16.7215415095217,8.29222945538883,4.));
#5829=CARTESIAN_POINT('Ctrl Pts',(-17.2798837358925,10.4092205879616,4.));
#5830=CARTESIAN_POINT('Ctrl Pts',(-7.95229889684427,2.85913636299585,4.));
#5831=CARTESIAN_POINT('Ctrl Pts',(-9.96436765798078,3.1741035627375,4.));
#5832=CARTESIAN_POINT('Ctrl Pts',(-14.0591612015658,4.8720773759128,4.));
#5833=CARTESIAN_POINT('Ctrl Pts',(-16.6882356922293,8.33399362928692,4.));
#5834=CARTESIAN_POINT('Ctrl Pts',(-17.2518154878868,10.4444170577084,4.));
#5835=CARTESIAN_POINT('Ctrl Pts',(-16.4503576143054,8.46378959813284,4.));
#5836=CARTESIAN_POINT('Ctrl Pts',(-16.45596942376,8.45288239500346,4.));
#5837=CARTESIAN_POINT('Ctrl Pts',(-16.4683245182974,8.42884859898301,3.99961138514532));
#5838=CARTESIAN_POINT('Ctrl Pts',(-16.4951904272901,8.37611450972326,3.98936313942876));
#5839=CARTESIAN_POINT('Ctrl Pts',(-16.5061471129658,8.35449915812532,3.98301240709656));
#5840=CARTESIAN_POINT('Ctrl Pts',(-16.5419754902272,8.28348932931716,3.95444450315226));
#5841=CARTESIAN_POINT('Ctrl Pts',(-16.5606846485306,8.24588569239801,3.92589998612759));
#5842=CARTESIAN_POINT('Ctrl Pts',(-16.5860996756543,8.19463431454316,3.87646100905754));
#5843=CARTESIAN_POINT('Ctrl Pts',(-16.6005919540858,8.16523259464189,3.84199579046125));
#5844=CARTESIAN_POINT('Ctrl Pts',(-16.6203824186229,8.1248536996532,3.75571713897653));
#5845=CARTESIAN_POINT('Ctrl Pts',(-16.6252082963232,8.11495347710256,3.71980930199813));
#5846=CARTESIAN_POINT('Ctrl Pts',(-16.6294840818404,8.10618813573301,3.64192097800586));
#5847=CARTESIAN_POINT('Ctrl Pts',(-16.6276274567384,8.10999496830329,3.60731294606079));
#5848=CARTESIAN_POINT('Ctrl Pts',(-16.622230360841,8.12105491894192,3.54099238913342));
#5849=CARTESIAN_POINT('Ctrl Pts',(-16.6146017344079,8.13718910441708,3.51453831324905));
#5850=CARTESIAN_POINT('Ctrl Pts',(-16.5030183281317,8.36212056854624,3.04943535824024));
#5851=CARTESIAN_POINT('Ctrl Pts',(-16.4345961790837,8.49555788840291,2.75378608959377));
#5852=CARTESIAN_POINT('Ctrl Pts',(-16.2611504655092,8.82482219121746,2.05654672066537));
#5853=CARTESIAN_POINT('Ctrl Pts',(-16.0903901638031,9.15511763396023,1.39761865561581));
#5854=CARTESIAN_POINT('Ctrl Pts',(-15.3330420164575,10.3787804871592,-0.212267338160476));
#5855=CARTESIAN_POINT('Ctrl Pts',(-14.8008047493572,11.147594141135,-0.962447160654389));
#5856=CARTESIAN_POINT('Ctrl Pts',(-13.5917217119897,12.5780821227221,-2.16192037560103));
#5857=CARTESIAN_POINT('Ctrl Pts',(-12.9636317549012,13.2295190859006,-2.64263003851493));
#5858=CARTESIAN_POINT('Ctrl Pts',(-11.9554650605589,14.1248015318455,-3.23166039339438));
#5859=CARTESIAN_POINT('Ctrl Pts',(-11.6240755813777,14.4001208803697,-3.40075681390386));
#5860=CARTESIAN_POINT('Ctrl Pts',(-11.0659500268264,14.82711497265,-3.64142390601496));
#5861=CARTESIAN_POINT('Ctrl Pts',(-10.888869098652,14.9576018278424,-3.71240787275054));
#5862=CARTESIAN_POINT('Ctrl Pts',(-10.6223473653326,15.1468707721559,-3.81798569584294));
#5863=CARTESIAN_POINT('Ctrl Pts',(-10.5327798237777,15.2092871955512,-3.85332513576447));
#5864=CARTESIAN_POINT('Ctrl Pts',(-10.4050269454364,15.2966504345483,-3.90462485446883));
#5865=CARTESIAN_POINT('Ctrl Pts',(-10.3960102465373,15.3027323559707,-3.90850692210581));
#5866=CARTESIAN_POINT('Ctrl Pts',(-10.3151947265882,15.3574727052304,-3.93994515544004));
#5867=CARTESIAN_POINT('Ctrl Pts',(-10.2197355848951,15.4211341255919,-3.97236212835936));
#5868=CARTESIAN_POINT('Ctrl Pts',(-10.1644816073334,15.4574678927106,-3.98745847361173));
#5869=CARTESIAN_POINT('Ctrl Pts',(-7.19354008477414,-4.43471527109727,4.));
#5870=CARTESIAN_POINT('Ctrl Pts',(-8.69429571068412,-5.81143513648532,4.));
#5871=CARTESIAN_POINT('Ctrl Pts',(-12.5748871093731,-7.95420428672894,4.));
#5872=CARTESIAN_POINT('Ctrl Pts',(-16.9207233591844,-7.85122801441549,4.));
#5873=CARTESIAN_POINT('Ctrl Pts',(-18.9221050919884,-6.97602495631888,4.));
#5874=CARTESIAN_POINT('Ctrl Pts',(-7.20704426191211,-4.37554960524832,4.));
#5875=CARTESIAN_POINT('Ctrl Pts',(-8.70663832563305,-5.7573586071041,4.));
#5876=CARTESIAN_POINT('Ctrl Pts',(-12.5848695182239,-7.91046849591397,4.));
#5877=CARTESIAN_POINT('Ctrl Pts',(-16.9283455619371,-7.81783296216676,4.));
#5878=CARTESIAN_POINT('Ctrl Pts',(-18.9285286508321,-6.94788150616867,4.));
#5879=CARTESIAN_POINT('Ctrl Pts',(-7.23213731612382,-4.26560975142008,3.98582916571573));
#5880=CARTESIAN_POINT('Ctrl Pts',(-8.72878484346612,-5.66098308189672,3.98737278297858));
#5881=CARTESIAN_POINT('Ctrl Pts',(-12.6009411890945,-7.84158233270793,3.99051585545546));
#5882=CARTESIAN_POINT('Ctrl Pts',(-16.9380213947956,-7.77622476445416,3.99366773545514));
#5883=CARTESIAN_POINT('Ctrl Pts',(-18.9348471616604,-6.92019830144497,3.99527170265974));
#5884=CARTESIAN_POINT('Ctrl Pts',(-7.26753903042283,-4.11050470671462,3.90526603799146));
#5885=CARTESIAN_POINT('Ctrl Pts',(-8.76017436956448,-5.52560855393847,3.91835481359676));
#5886=CARTESIAN_POINT('Ctrl Pts',(-12.6238899642233,-7.7460609866387,3.94497817873574));
#5887=CARTESIAN_POINT('Ctrl Pts',(-16.9514743457139,-7.71986177568802,3.9716390965213));
#5888=CARTESIAN_POINT('Ctrl Pts',(-18.943118801855,-6.88395787785076,3.98519292383518));
#5889=CARTESIAN_POINT('Ctrl Pts',(-7.288032283377,-4.0207178989694,3.82831592544061));
#5890=CARTESIAN_POINT('Ctrl Pts',(-8.77864143308171,-5.44694495579754,3.85255740954494));
#5891=CARTESIAN_POINT('Ctrl Pts',(-12.6379390940504,-7.68975079643166,3.90186450396214));
#5892=CARTESIAN_POINT('Ctrl Pts',(-16.9600044185638,-7.68517985129782,3.95123905742743));
#5893=CARTESIAN_POINT('Ctrl Pts',(-18.948471525689,-6.86050606242268,3.97633922621907));
#5894=CARTESIAN_POINT('Ctrl Pts',(-7.30235101977697,-3.95798341581177,3.75176814305313));
#5895=CARTESIAN_POINT('Ctrl Pts',(-8.79215027197978,-5.3906290758599,3.78630030653605));
#5896=CARTESIAN_POINT('Ctrl Pts',(-12.6494177768292,-7.64615994659422,3.85654565531728));
#5897=CARTESIAN_POINT('Ctrl Pts',(-16.9680457278112,-7.65338732337602,3.92689656378537));
#5898=CARTESIAN_POINT('Ctrl Pts',(-18.9542885836432,-6.8350198662907,3.96266382607261));
#5899=CARTESIAN_POINT('Ctrl Pts',(-7.31182591786565,-3.91647117492955,3.68135501348671));
#5900=CARTESIAN_POINT('Ctrl Pts',(-8.80160682083991,-5.3526841572655,3.72546992994674));
#5901=CARTESIAN_POINT('Ctrl Pts',(-12.6583699187336,-7.61507833369454,3.81522106900423));
#5902=CARTESIAN_POINT('Ctrl Pts',(-16.9747838754537,-7.62804319952912,3.90512390930326));
#5903=CARTESIAN_POINT('Ctrl Pts',(-18.9593209488528,-6.81297163370457,3.95083784666669));
#5904=CARTESIAN_POINT('Ctrl Pts',(-7.31822631506141,-3.88842920258899,3.61798966580093));
#5905=CARTESIAN_POINT('Ctrl Pts',(-8.80891644551713,-5.32475464863895,3.66816676676913));
#5906=CARTESIAN_POINT('Ctrl Pts',(-12.6669783035008,-7.58692481940515,3.77027604288589));
#5907=CARTESIAN_POINT('Ctrl Pts',(-16.9826827873417,-7.59834321208764,3.8725910493934));
#5908=CARTESIAN_POINT('Ctrl Pts',(-18.9661765924969,-6.78293509635155,3.92462861780709));
#5909=CARTESIAN_POINT('Ctrl Pts',(-7.32097551221039,-3.87638418287342,3.57994406107032));
#5910=CARTESIAN_POINT('Ctrl Pts',(-8.81241895010019,-5.31254088807414,3.63445585727622));
#5911=CARTESIAN_POINT('Ctrl Pts',(-12.6715919375694,-7.57402219844849,3.74540357071604));
#5912=CARTESIAN_POINT('Ctrl Pts',(-16.9868721146284,-7.58374062358818,3.85659819016151));
#5913=CARTESIAN_POINT('Ctrl Pts',(-18.9696282610913,-6.76781234813874,3.91316059444491));
#5914=CARTESIAN_POINT('Ctrl Pts',(-7.33245124909678,-3.82610569444323,3.39584318430242));
#5915=CARTESIAN_POINT('Ctrl Pts',(-8.8329938508062,-5.23933152824142,3.43830265649789));
#5916=CARTESIAN_POINT('Ctrl Pts',(-12.7083869651645,-7.45234803503056,3.52492650619726));
#5917=CARTESIAN_POINT('Ctrl Pts',(-17.031584182702,-7.40813399047136,3.6120195381716));
#5918=CARTESIAN_POINT('Ctrl Pts',(-19.0155373179884,-6.56667162760023,3.65642427224954));
#5919=CARTESIAN_POINT('Ctrl Pts',(-7.35191149717588,-3.74084477677143,3.06564523200938));
#5920=CARTESIAN_POINT('Ctrl Pts',(-8.87211308239294,-5.11513517570536,3.08380274468691));
#5921=CARTESIAN_POINT('Ctrl Pts',(-12.781129287038,-7.24382327126492,3.12150372893292));
#5922=CARTESIAN_POINT('Ctrl Pts',(-17.1148098171683,-7.10004361809489,3.16028733968445));
#5923=CARTESIAN_POINT('Ctrl Pts',(-19.0962174642698,-6.21318881063488,3.18038542810812));
#5924=CARTESIAN_POINT('Ctrl Pts',(-7.38042034982275,-3.61593933216655,2.57766539805642));
#5925=CARTESIAN_POINT('Ctrl Pts',(-8.93895828652413,-4.93716501267246,2.55461294298125));
#5926=CARTESIAN_POINT('Ctrl Pts',(-12.9104797417457,-6.94533241030935,2.50965059097152));
#5927=CARTESIAN_POINT('Ctrl Pts',(-17.2503313601688,-6.64394203992094,2.46721050334088));
#5928=CARTESIAN_POINT('Ctrl Pts',(-19.2157137958874,-5.68964117389757,2.44659273285137));
#5929=CARTESIAN_POINT('Ctrl Pts',(-7.41127095121178,-3.48077401595559,2.09889906424108));
#5930=CARTESIAN_POINT('Ctrl Pts',(-9.01621176255012,-4.7518336092347,2.0329562719169));
#5931=CARTESIAN_POINT('Ctrl Pts',(-13.0615073155112,-6.64114057039191,1.90221496910865));
#5932=CARTESIAN_POINT('Ctrl Pts',(-17.4000481985244,-6.17146195032202,1.7758367287364));
#5933=CARTESIAN_POINT('Ctrl Pts',(-19.3392274568399,-5.14849246731338,1.71327336394201));
#5934=CARTESIAN_POINT('Ctrl Pts',(-7.44608889689258,-3.32822662868051,1.63124143385601));
#5935=CARTESIAN_POINT('Ctrl Pts',(-9.10489027699685,-4.54882308603107,1.5238352257022));
#5936=CARTESIAN_POINT('Ctrl Pts',(-13.2347775626287,-6.31508232957059,1.3104250228523));
#5937=CARTESIAN_POINT('Ctrl Pts',(-17.5669484991753,-5.66248681409299,1.10350152933418));
#5938=CARTESIAN_POINT('Ctrl Pts',(-19.4719536588582,-4.56698098106888,1.00082059971366));
#5939=CARTESIAN_POINT('Ctrl Pts',(-7.48649978241475,-3.15117497088329,1.17658771019385));
#5940=CARTESIAN_POINT('Ctrl Pts',(-9.20622164826573,-4.31689088501654,1.0344338493298));
#5941=CARTESIAN_POINT('Ctrl Pts',(-13.4314959306407,-5.94818871040223,0.752123207906951));
#5942=CARTESIAN_POINT('Ctrl Pts',(-17.7550891636826,-5.09221766371027,0.478587460206149));
#5943=CARTESIAN_POINT('Ctrl Pts',(-19.6203741377911,-3.91670837489899,0.34292595473666));
#5944=CARTESIAN_POINT('Ctrl Pts',(-7.53182201002133,-2.95260531745649,0.734097742180511));
#5945=CARTESIAN_POINT('Ctrl Pts',(-9.31859739387114,-4.05722109427319,0.567825918081398));
#5946=CARTESIAN_POINT('Ctrl Pts',(-13.6489564598075,-5.53862773045685,0.238247986769986));
#5947=CARTESIAN_POINT('Ctrl Pts',(-17.9635405799297,-4.45770287554966,-0.0802206402790916));
#5948=CARTESIAN_POINT('Ctrl Pts',(-19.7854381169952,-3.19351582954768,-0.237835581274001));
#5949=CARTESIAN_POINT('Ctrl Pts',(-7.58137398195536,-2.73550394329267,0.302931378741896));
#5950=CARTESIAN_POINT('Ctrl Pts',(-9.43944869047226,-3.77520533008412,0.122306330576946));
#5951=CARTESIAN_POINT('Ctrl Pts',(-13.8815415098948,-5.09732431306954,-0.23475136894094));
#5952=CARTESIAN_POINT('Ctrl Pts',(-18.1865101156668,-3.77729710931601,-0.578437438850599));
#5953=CARTESIAN_POINT('Ctrl Pts',(-19.9622408009095,-2.41889265845086,-0.748019961257144));
#5954=CARTESIAN_POINT('Ctrl Pts',(-7.65344946494166,-2.41972061945885,-0.256194290511297));
#5955=CARTESIAN_POINT('Ctrl Pts',(-9.60998389435151,-3.36989920935788,-0.443908499800873));
#5956=CARTESIAN_POINT('Ctrl Pts',(-14.2063615704003,-4.472265469604,-0.813313379487819));
#5957=CARTESIAN_POINT('Ctrl Pts',(-18.4979739470459,-2.8222584191576,-1.16658405782379));
#5958=CARTESIAN_POINT('Ctrl Pts',(-20.2098838604493,-1.33389752243836,-1.34000936618616));
#5959=CARTESIAN_POINT('Ctrl Pts',(-7.7554926593844,-1.97264017295145,-0.92429983102101));
#5960=CARTESIAN_POINT('Ctrl Pts',(-9.83705735637356,-2.81000108481551,-1.1020452753663));
#5961=CARTESIAN_POINT('Ctrl Pts',(-14.6292487111977,-3.63493259325247,-1.44919734580493));
#5962=CARTESIAN_POINT('Ctrl Pts',(-18.9033541054263,-1.56730884105668,-1.7775337699223));
#5963=CARTESIAN_POINT('Ctrl Pts',(-20.5337807404623,0.0851874300596758,
-1.93730136118489));
#5964=CARTESIAN_POINT('Ctrl Pts',(-7.8746799780029,-1.45044641062394,-1.54366746117805));
#5965=CARTESIAN_POINT('Ctrl Pts',(-10.0735677730967,-2.17987464412192,-1.69671245775891));
#5966=CARTESIAN_POINT('Ctrl Pts',(-15.0497968964667,-2.74042118948749,-1.99303186263598));
#5967=CARTESIAN_POINT('Ctrl Pts',(-19.3087524918971,-0.277675993067672,
-2.26967194479525));
#5968=CARTESIAN_POINT('Ctrl Pts',(-20.8636775543381,1.53055981039754,-2.40286486697471));
#5969=CARTESIAN_POINT('Ctrl Pts',(-7.98263364740358,-0.977470481348746,
-1.99797533233841));
#5970=CARTESIAN_POINT('Ctrl Pts',(-10.264783454791,-1.62619679771443,-2.12959825924386));
#5971=CARTESIAN_POINT('Ctrl Pts',(-15.3721857907377,-1.99116165896044,-2.38303979730378));
#5972=CARTESIAN_POINT('Ctrl Pts',(-19.6229397006883,0.75850140795731,-2.61767497805066));
#5973=CARTESIAN_POINT('Ctrl Pts',(-21.1262309488937,2.68088139245827,-2.72985931301925));
#5974=CARTESIAN_POINT('Ctrl Pts',(-8.07057598984896,-0.592169904057914,
-2.31139080604438));
#5975=CARTESIAN_POINT('Ctrl Pts',(-10.4084300671458,-1.18365536581421,-2.42843792719581));
#5976=CARTESIAN_POINT('Ctrl Pts',(-15.6040355825762,-1.41148468002709,-2.65342063098534));
#5977=CARTESIAN_POINT('Ctrl Pts',(-19.8513229012552,1.5352931451179,-2.86115196612081));
#5978=CARTESIAN_POINT('Ctrl Pts',(-21.3216177160997,3.53692675247608,-2.96024987501445));
#5979=CARTESIAN_POINT('Ctrl Pts',(-8.16296424449802,-0.187390512682539,
-2.61097129360717));
#5980=CARTESIAN_POINT('Ctrl Pts',(-10.5488623437579,-0.723079627554031,
-2.71394073328766));
#5981=CARTESIAN_POINT('Ctrl Pts',(-15.8214148670156,-0.820229021385526,
-2.91223534944141));
#5982=CARTESIAN_POINT('Ctrl Pts',(-20.069714650431,2.30678857742751,-3.09585216154992));
#5983=CARTESIAN_POINT('Ctrl Pts',(-21.5146299541572,4.38256862054324,-3.1836580712269));
#5984=CARTESIAN_POINT('Ctrl Pts',(-8.22558922982947,0.0869874755547349,
-2.81500618514802));
#5985=CARTESIAN_POINT('Ctrl Pts',(-10.6378473350817,-0.411022841201331,
-2.90760950657201));
#5986=CARTESIAN_POINT('Ctrl Pts',(-15.9535746928939,-0.422852013398999,
-3.08668322548935));
#5987=CARTESIAN_POINT('Ctrl Pts',(-20.2068323171644,2.81431518442214,-3.25355277496354));
#5988=CARTESIAN_POINT('Ctrl Pts',(-21.6412156340982,4.93717672173542,-3.33377111963954));
#5989=CARTESIAN_POINT('Ctrl Pts',(-8.26430656200391,0.25661919132621,-2.94604532947562));
#5990=CARTESIAN_POINT('Ctrl Pts',(-10.6909411832521,-0.217572258809005,
-3.03166897488162));
#5991=CARTESIAN_POINT('Ctrl Pts',(-16.0306579287658,-0.176568308221745,
-3.19789546009476));
#5992=CARTESIAN_POINT('Ctrl Pts',(-20.2886569040253,3.12588469726413,-3.35371021267292));
#5993=CARTESIAN_POINT('Ctrl Pts',(-21.7188672875901,5.27739084483107,-3.42897924400571));
#5994=CARTESIAN_POINT('Ctrl Pts',(-8.27910619741332,0.321460630709982,-3.00693022026353));
#5995=CARTESIAN_POINT('Ctrl Pts',(-10.7090636674278,-0.152473795491406,
-3.09215872606415));
#5996=CARTESIAN_POINT('Ctrl Pts',(-16.0536259738687,-0.109325372401545,
-3.25811620173175));
#5997=CARTESIAN_POINT('Ctrl Pts',(-20.3094414596254,3.19981360989787,-3.41437879740879));
#5998=CARTESIAN_POINT('Ctrl Pts',(-21.7361387877256,5.35306223119428,-3.49014119399905));
#5999=CARTESIAN_POINT('Ctrl Pts',(-8.2979250915497,0.403911593159865,-3.13398839628928));
#6000=CARTESIAN_POINT('Ctrl Pts',(-10.7310033249993,-0.0752049444060383,
-3.21446277149956));
#6001=CARTESIAN_POINT('Ctrl Pts',(-16.0793957750423,-0.0404379131282422,
-3.37161590501777));
#6002=CARTESIAN_POINT('Ctrl Pts',(-20.3297703077804,3.26629017806218,-3.5202231037656));
#6003=CARTESIAN_POINT('Ctrl Pts',(-21.7505303267212,5.41611568336446,-3.59252387995055));
#6004=CARTESIAN_POINT('Ctrl Pts',(-8.3104808984135,0.458922177350094,-3.30180764944076));
#6005=CARTESIAN_POINT('Ctrl Pts',(-10.7454087368062,-0.0282682432769564,
-3.37155959662241));
#6006=CARTESIAN_POINT('Ctrl Pts',(-16.0954075508345,-0.00805240850651956,
-3.50783733643841));
#6007=CARTESIAN_POINT('Ctrl Pts',(-20.3394293436812,3.28922715611913,-3.63679337968226));
#6008=CARTESIAN_POINT('Ctrl Pts',(-21.7542345731063,5.43234504718324,-3.69956835305649));
#6009=CARTESIAN_POINT('Ctrl Pts',(-8.31079389349292,0.460293498393339,-3.50421118102382));
#6010=CARTESIAN_POINT('Ctrl Pts',(-10.7478177504716,-0.0311330437435592,
-3.55624030166427));
#6011=CARTESIAN_POINT('Ctrl Pts',(-16.1002935456254,-0.0179731899483202,
-3.65747565679561));
#6012=CARTESIAN_POINT('Ctrl Pts',(-20.3401847221843,3.27645915788711,-3.75269047325554));
#6013=CARTESIAN_POINT('Ctrl Pts',(-21.7506226850155,5.41652033149075,-3.7988124564102));
#6014=CARTESIAN_POINT('Ctrl Pts',(-8.29385497390215,0.386079242603441,-3.71573697375172));
#6015=CARTESIAN_POINT('Ctrl Pts',(-10.7340776967748,-0.101912763142109,
-3.74680820436839));
#6016=CARTESIAN_POINT('Ctrl Pts',(-16.0916521038229,-0.0805344006165874,
-3.80648626999786));
#6017=CARTESIAN_POINT('Ctrl Pts',(-20.3314253150448,3.22540523937936,-3.86152350128362));
#6018=CARTESIAN_POINT('Ctrl Pts',(-21.7400062928227,5.3700068781659,-3.88775289129689));
#6019=CARTESIAN_POINT('Ctrl Pts',(-8.25964361689324,0.236189493946543,-3.88689035848372));
#6020=CARTESIAN_POINT('Ctrl Pts',(-10.7043233856253,-0.239936145374197,
-3.90009217359257));
#6021=CARTESIAN_POINT('Ctrl Pts',(-16.0699444649952,-0.193527020421836,
-3.92454820509592));
#6022=CARTESIAN_POINT('Ctrl Pts',(-20.313978305209,3.1397861096793,-3.9458232797347));
#6023=CARTESIAN_POINT('Ctrl Pts',(-21.7234118551318,5.29730189619316,-3.95544792923107));
#6024=CARTESIAN_POINT('Ctrl Pts',(-8.21712549923185,0.0499054489153026,
-3.98316746479918));
#6025=CARTESIAN_POINT('Ctrl Pts',(-10.6661260198391,-0.411950968219498,
-3.98701867217829));
#6026=CARTESIAN_POINT('Ctrl Pts',(-16.0399191723655,-0.335958124646614,
-3.99362316097675));
#6027=CARTESIAN_POINT('Ctrl Pts',(-20.2898090900263,3.02830932100439,-3.99858837026567));
#6028=CARTESIAN_POINT('Ctrl Pts',(-21.7014047623047,5.20088252260167,-4.00050186800484));
#6029=CARTESIAN_POINT('Ctrl Pts',(-8.1894213061459,-0.0714745518053275,
-4.));
#6030=CARTESIAN_POINT('Ctrl Pts',(-10.6402180458986,-0.526514961767606,
-4.00084671657599));
#6031=CARTESIAN_POINT('Ctrl Pts',(-16.0175314985941,-0.436504909958703,
-4.00215318473388));
#6032=CARTESIAN_POINT('Ctrl Pts',(-20.2704040935109,2.94202800471712,-4.00290377601918));
#6033=CARTESIAN_POINT('Ctrl Pts',(-21.6833150702278,5.12162640312099,-4.0030787583785));
#6034=CARTESIAN_POINT('Ctrl Pts',(-8.16913868387778,-0.160338526218239,
-4.));
#6035=CARTESIAN_POINT('Ctrl Pts',(-10.6207286140039,-0.611903742089871,
-3.9980777931353));
#6036=CARTESIAN_POINT('Ctrl Pts',(-15.9996630612685,-0.514791649035673,
-3.99440802712935));
#6037=CARTESIAN_POINT('Ctrl Pts',(-20.2541399571812,2.87077016756234,-3.99105515765239));
#6038=CARTESIAN_POINT('Ctrl Pts',(-21.6678467824215,5.053855406173,-3.98946994086053));
#6039=CARTESIAN_POINT('Ctrl Pts',(-8.1573345689212,-0.21205573297783,-3.99516908743865));
#6040=CARTESIAN_POINT('Ctrl Pts',(-10.6087443378099,-0.664074299625817,
-3.99185980123933));
#6041=CARTESIAN_POINT('Ctrl Pts',(-15.9873643244894,-0.567891568938753,
-3.98583682293003));
#6042=CARTESIAN_POINT('Ctrl Pts',(-20.2416796261418,2.8165804307652,-3.98075540773631));
#6043=CARTESIAN_POINT('Ctrl Pts',(-21.6553469713348,4.9990901555122,-3.97852406733781));
#6044=CARTESIAN_POINT('Ctrl Pts',(-8.14195870422923,-0.279421797804348,
-3.98096472332456));
#6045=CARTESIAN_POINT('Ctrl Pts',(-10.5916066535123,-0.737661972600646,
-3.97597604390748));
#6046=CARTESIAN_POINT('Ctrl Pts',(-15.9668568344492,-0.654244987573636,
-3.967218336539));
#6047=CARTESIAN_POINT('Ctrl Pts',(-20.2185194710594,2.71690320401979,-3.9603121084446));
#6048=CARTESIAN_POINT('Ctrl Pts',(-21.6310700389624,4.89272596509088,-3.95749157157516));
#6049=CARTESIAN_POINT('Ctrl Pts',(-8.12786755176917,-0.341159170571253,
-3.9600378772784));
#6050=CARTESIAN_POINT('Ctrl Pts',(-10.5741269349439,-0.811769262910913,
-3.95349691703708));
#6051=CARTESIAN_POINT('Ctrl Pts',(-15.9428326034246,-0.753720923400089,
-3.94224281264662));
#6052=CARTESIAN_POINT('Ctrl Pts',(-20.1891485839726,2.59118782492553,-3.93372331566021));
#6053=CARTESIAN_POINT('Ctrl Pts',(-21.5993782992841,4.75387538124407,-3.93041107877087));
#6054=CARTESIAN_POINT('Ctrl Pts',(-8.11862374405712,-0.381658938359835,
-3.94122044468673));
#6055=CARTESIAN_POINT('Ctrl Pts',(-10.5626370698104,-0.859815798622257,
-3.93463165537962));
#6056=CARTESIAN_POINT('Ctrl Pts',(-15.9270919707706,-0.817330110855153,
-3.92370569208541));
#6057=CARTESIAN_POINT('Ctrl Pts',(-20.1702714815101,2.51123006059753,-3.91608542672481));
#6058=CARTESIAN_POINT('Ctrl Pts',(-21.5792790758424,4.66581492959115,-3.91344172297428));
#6059=CARTESIAN_POINT('Ctrl Pts',(-8.07709055327543,-0.563627736778559,
-3.84215159555475));
#6060=CARTESIAN_POINT('Ctrl Pts',(-10.5129844272526,-1.06586133898784,-3.8396859291897));
#6061=CARTESIAN_POINT('Ctrl Pts',(-15.8625061376785,-1.07345946305303,-3.8389823840971));
#6062=CARTESIAN_POINT('Ctrl Pts',(-20.0963447482362,2.20111011868292,-3.84406123077026));
#6063=CARTESIAN_POINT('Ctrl Pts',(-21.5024750982421,4.32931471723883,-3.84878560346652));
#6064=CARTESIAN_POINT('Ctrl Pts',(-8.0026273459255,-0.889872364577377,-3.67563274641664));
#6065=CARTESIAN_POINT('Ctrl Pts',(-10.4202504712595,-1.43246725311053,-3.67974441946432));
#6066=CARTESIAN_POINT('Ctrl Pts',(-15.737999671605,-1.52630553643013,-3.69527929262423));
#6067=CARTESIAN_POINT('Ctrl Pts',(-19.9594604705204,1.64893053675064,-3.72045519575701));
#6068=CARTESIAN_POINT('Ctrl Pts',(-21.3658498682492,3.730720473272,-3.7368173823672));
#6069=CARTESIAN_POINT('Ctrl Pts',(-7.89408572523834,-1.36542427675008,-3.40277551841384));
#6070=CARTESIAN_POINT('Ctrl Pts',(-10.273333270389,-1.96561678512078,-3.41957353067401));
#6071=CARTESIAN_POINT('Ctrl Pts',(-15.5279446930355,-2.1885669018112,-3.46411205241275));
#6072=CARTESIAN_POINT('Ctrl Pts',(-19.7404073139222,0.82162817269333,-3.52262315489137));
#6073=CARTESIAN_POINT('Ctrl Pts',(-21.1605951431822,2.8314407649893,-3.55752165349753));
#6074=CARTESIAN_POINT('Ctrl Pts',(-7.79187783956576,-1.81322628268111,-3.08688128865874));
#6075=CARTESIAN_POINT('Ctrl Pts',(-10.1228400759536,-2.47033882422413,-3.11920211938086));
#6076=CARTESIAN_POINT('Ctrl Pts',(-15.3000648182921,-2.82598399049582,-3.19752796248194));
#6077=CARTESIAN_POINT('Ctrl Pts',(-19.510935751579,0.0015091869800558,-3.29284229742842));
#6078=CARTESIAN_POINT('Ctrl Pts',(-20.9560767457702,1.93538711894987,-3.34755031480491));
#6079=CARTESIAN_POINT('Ctrl Pts',(-7.66428213403346,-2.37225959512618,-2.61652232356079));
#6080=CARTESIAN_POINT('Ctrl Pts',(-9.91965135229153,-3.10481082369078,-2.67098193942359));
#6081=CARTESIAN_POINT('Ctrl Pts',(-14.9775290029371,-3.64203993770546,-2.7961202903368));
#6082=CARTESIAN_POINT('Ctrl Pts',(-19.1944638135592,-1.07862813514186,-2.94070185086355));
#6083=CARTESIAN_POINT('Ctrl Pts',(-20.685347982224,0.749246904998249,-3.0213411140208));
#6084=CARTESIAN_POINT('Ctrl Pts',(-7.52255674232515,-2.99319910757883,-1.94224578987928));
#6085=CARTESIAN_POINT('Ctrl Pts',(-9.66598980535453,-3.82079084591297,-2.02425993968963));
#6086=CARTESIAN_POINT('Ctrl Pts',(-14.5493383072218,-4.59503700545061,-2.20574682800892));
#6087=CARTESIAN_POINT('Ctrl Pts',(-18.7856853680702,-2.39590094166467,-2.40716005840864));
#6088=CARTESIAN_POINT('Ctrl Pts',(-20.3524553324155,-0.709251090170849,
-2.51684082812072));
#6089=CARTESIAN_POINT('Ctrl Pts',(-7.38173416634709,-3.61018312587039,-1.0263211443019));
#6090=CARTESIAN_POINT('Ctrl Pts',(-9.37512762184585,-4.55485612292696,-1.1326207273051));
#6091=CARTESIAN_POINT('Ctrl Pts',(-14.0258837796086,-5.62713793460577,-1.36164360600593));
#6092=CARTESIAN_POINT('Ctrl Pts',(-18.2947152037067,-3.89967533603675,-1.60816229721504));
#6093=CARTESIAN_POINT('Ctrl Pts',(-19.9682744822258,-2.3924573733567,-1.7398484923413));
#6094=CARTESIAN_POINT('Ctrl Pts',(-7.2690381808984,-4.10393649932303,-0.0304519010345187));
#6095=CARTESIAN_POINT('Ctrl Pts',(-9.1098479519992,-5.16629004690335,-0.14184058084426));
#6096=CARTESIAN_POINT('Ctrl Pts',(-13.5242337717551,-6.53908481838168,-0.377990708581685));
#6097=CARTESIAN_POINT('Ctrl Pts',(-17.826981321948,-5.28900870015921,-0.627321965779642));
#6098=CARTESIAN_POINT('Ctrl Pts',(-19.6098594382547,-3.96277628358519,-0.758835951645795));
#6099=CARTESIAN_POINT('Ctrl Pts',(-7.18210270315722,-4.48482571411208,1.02532254192452));
#6100=CARTESIAN_POINT('Ctrl Pts',(-8.88191669563269,-5.65882042267116,0.936752663323019));
#6101=CARTESIAN_POINT('Ctrl Pts',(-13.0774838735337,-7.31492266859131,0.750746557304614));
#6102=CARTESIAN_POINT('Ctrl Pts',(-17.4097717309186,-6.51057157913016,0.556632023292179));
#6103=CARTESIAN_POINT('Ctrl Pts',(-19.2922918530181,-5.35413078379631,0.45504194336816));
#6104=CARTESIAN_POINT('Ctrl Pts',(-7.12990066320689,-4.71353779488375,1.9439043012871));
#6105=CARTESIAN_POINT('Ctrl Pts',(-8.73461556600237,-5.96577751854678,1.90254822822866));
#6106=CARTESIAN_POINT('Ctrl Pts',(-12.7821941147914,-7.81864578700955,1.81539681442617));
#6107=CARTESIAN_POINT('Ctrl Pts',(-17.1325718115565,-7.31961898208533,1.72405745998669));
#6108=CARTESIAN_POINT('Ctrl Pts',(-19.0808858805787,-6.28036086771984,1.67611668640063));
#6109=CARTESIAN_POINT('Ctrl Pts',(-7.0930092774885,-4.87516951652204,2.69248992192951));
#6110=CARTESIAN_POINT('Ctrl Pts',(-8.64375356518841,-6.17078375007128,2.7038083073266));
#6111=CARTESIAN_POINT('Ctrl Pts',(-12.6074818722676,-8.13334775540824,2.7254668216252));
#6112=CARTESIAN_POINT('Ctrl Pts',(-16.9687710727877,-7.80594364014105,2.74532665932498));
#6113=CARTESIAN_POINT('Ctrl Pts',(-18.9549279300696,-6.83221870657237,2.75474534731271));
#6114=CARTESIAN_POINT('Ctrl Pts',(-7.07399313932189,-4.95848466153298,3.06963475126451));
#6115=CARTESIAN_POINT('Ctrl Pts',(-8.60451631553504,-6.27663768624625,3.10697081328318));
#6116=CARTESIAN_POINT('Ctrl Pts',(-12.5359875658525,-8.29237687569812,3.18212961639808));
#6117=CARTESIAN_POINT('Ctrl Pts',(-16.8974387999167,-8.03933056252483,3.25634148839603));
#6118=CARTESIAN_POINT('Ctrl Pts',(-18.8947291227054,-7.09596691459909,3.29367912779346));
#6119=CARTESIAN_POINT('Ctrl Pts',(-7.06216787733915,-5.01029451946795,3.28860022205834));
#6120=CARTESIAN_POINT('Ctrl Pts',(-8.58290676332796,-6.34319393705429,3.34018142615239));
#6121=CARTESIAN_POINT('Ctrl Pts',(-12.4982564594472,-8.39203790041201,3.44455873809153));
#6122=CARTESIAN_POINT('Ctrl Pts',(-16.8573877587398,-8.18111389210666,3.54835630052243));
#6123=CARTESIAN_POINT('Ctrl Pts',(-18.8582047214945,-7.25599077205445,3.60085540949791));
#6124=CARTESIAN_POINT('Ctrl Pts',(-7.05979441107325,-5.02069335462519,3.35305373030749));
#6125=CARTESIAN_POINT('Ctrl Pts',(-8.57886650426286,-6.35360748626021,3.40544587289446));
#6126=CARTESIAN_POINT('Ctrl Pts',(-12.4918036880541,-8.40329544483379,3.5115420246657));
#6127=CARTESIAN_POINT('Ctrl Pts',(-16.8520993298224,-8.19555240648022,3.61715385943849));
#6128=CARTESIAN_POINT('Ctrl Pts',(-18.8547269280379,-7.27122798076718,3.670609758708));
#6129=CARTESIAN_POINT('Ctrl Pts',(-7.06004033253161,-5.01961590231683,3.46232937572987));
#6130=CARTESIAN_POINT('Ctrl Pts',(-8.57728491146311,-6.3509710413882,3.51112620463669));
#6131=CARTESIAN_POINT('Ctrl Pts',(-12.4877875164357,-8.39855982173869,3.61001073696237));
#6132=CARTESIAN_POINT('Ctrl Pts',(-16.8503433999833,-8.19178495019265,3.70853687818833));
#6133=CARTESIAN_POINT('Ctrl Pts',(-18.8557193068242,-7.26688008521836,3.75844098205259));
#6134=CARTESIAN_POINT('Ctrl Pts',(-7.06526219614869,-4.99673742296033,3.58409764879484));
#6135=CARTESIAN_POINT('Ctrl Pts',(-8.58091238170898,-6.32690632163247,3.62478000761513));
#6136=CARTESIAN_POINT('Ctrl Pts',(-12.4892677156403,-8.3729976203155,3.70725708628854));
#6137=CARTESIAN_POINT('Ctrl Pts',(-16.8536869393759,-8.16734553244492,3.78948390639421));
#6138=CARTESIAN_POINT('Ctrl Pts',(-18.8613763523223,-7.24209494946285,3.83115042171991));
#6139=CARTESIAN_POINT('Ctrl Pts',(-7.08162616069109,-4.92504220982828,3.75193687947167));
#6140=CARTESIAN_POINT('Ctrl Pts',(-8.59462488799502,-6.25782842746088,3.77816413275224));
#6141=CARTESIAN_POINT('Ctrl Pts',(-12.4987957235955,-8.31024328408471,3.83135867708436));
#6142=CARTESIAN_POINT('Ctrl Pts',(-16.8634473211326,-8.11380038487588,3.88442265440126));
#6143=CARTESIAN_POINT('Ctrl Pts',(-18.8727604463418,-7.19221797466718,3.91132305750314));
#6144=CARTESIAN_POINT('Ctrl Pts',(-7.1248968099208,-4.73546110857083,3.95106009842449));
#6145=CARTESIAN_POINT('Ctrl Pts',(-8.63252034625301,-6.08417355030338,3.95580672997891));
#6146=CARTESIAN_POINT('Ctrl Pts',(-12.5267883837865,-8.16980103297171,3.96543045641244));
#6147=CARTESIAN_POINT('Ctrl Pts',(-16.8852790111945,-8.00901528591691,3.9750258943504));
#6148=CARTESIAN_POINT('Ctrl Pts',(-18.8927388456433,-7.10468688816001,3.9798884973652));
#6149=CARTESIAN_POINT('Ctrl Pts',(-7.1724805271497,-4.5269832217176,4.));
#6150=CARTESIAN_POINT('Ctrl Pts',(-8.67504759152087,-5.89576665665114,4.));
#6151=CARTESIAN_POINT('Ctrl Pts',(-12.5593196955073,-8.02240958332037,4.));
#6152=CARTESIAN_POINT('Ctrl Pts',(-16.9088366506159,-7.90330708743252,4.));
#6153=CARTESIAN_POINT('Ctrl Pts',(-18.9120876502562,-7.01991423621603,4.));
#6154=CARTESIAN_POINT('Ctrl Pts',(-7.19354008477414,-4.43471527109727,4.));
#6155=CARTESIAN_POINT('Ctrl Pts',(-8.69429571068412,-5.81143513648532,4.));
#6156=CARTESIAN_POINT('Ctrl Pts',(-12.5748871093731,-7.95420428672894,4.));
#6157=CARTESIAN_POINT('Ctrl Pts',(-16.9207233591844,-7.85122801441549,4.));
#6158=CARTESIAN_POINT('Ctrl Pts',(-18.9221050919884,-6.97602495631888,4.));
#6159=CARTESIAN_POINT('Ctrl Pts',(-16.8738873782543,-7.58432098120785,4.));
#6160=CARTESIAN_POINT('Ctrl Pts',(-16.8591383607034,-7.61713515952542,4.));
#6161=CARTESIAN_POINT('Ctrl Pts',(-16.8377041412576,-7.66458186176035,3.99650762770654));
#6162=CARTESIAN_POINT('Ctrl Pts',(-16.7869233517182,-7.77512235489036,3.95073566085598));
#6163=CARTESIAN_POINT('Ctrl Pts',(-16.768954654114,-7.81364391863066,3.92019064160269));
#6164=CARTESIAN_POINT('Ctrl Pts',(-16.7419233759076,-7.87141509089024,3.86221194093931));
#6165=CARTESIAN_POINT('Ctrl Pts',(-16.7300068428025,-7.89666282153537,3.82568892050079));
#6166=CARTESIAN_POINT('Ctrl Pts',(-16.7140404893999,-7.93039341137693,3.74955203486534));
#6167=CARTESIAN_POINT('Ctrl Pts',(-16.7093842214214,-7.94018215165197,3.71305947360952));
#6168=CARTESIAN_POINT('Ctrl Pts',(-16.7063720946164,-7.94651763053942,3.64001044811168));
#6169=CARTESIAN_POINT('Ctrl Pts',(-16.7075669733633,-7.94400619250963,3.60743764795802));
#6170=CARTESIAN_POINT('Ctrl Pts',(-16.7145785636019,-7.92924866055699,3.52929930289119));
#6171=CARTESIAN_POINT('Ctrl Pts',(-16.7251583321882,-7.91167028205696,3.51325870580069));
#6172=CARTESIAN_POINT('Ctrl Pts',(-16.9303572088817,-7.46068075782094,2.56575846639393));
#6173=CARTESIAN_POINT('Ctrl Pts',(-17.0001161889444,-7.30088044463105,2.21959335100387));
#6174=CARTESIAN_POINT('Ctrl Pts',(-17.2519794842063,-6.69293385532585,1.17282542899142));
#6175=CARTESIAN_POINT('Ctrl Pts',(-17.4864512480619,-6.11521295903456,0.395223538618853));
#6176=CARTESIAN_POINT('Ctrl Pts',(-18.0197190740044,-4.29210649798961,-1.22215079166973));
#6177=CARTESIAN_POINT('Ctrl Pts',(-18.2461655803535,-3.24560915226179,-1.90229685422526));
#6178=CARTESIAN_POINT('Ctrl Pts',(-18.4494279911218,-1.51226664280081,-2.81157772491616));
#6179=CARTESIAN_POINT('Ctrl Pts',(-18.4930997369376,-0.848473344794081,
-3.11271015332474));
#6180=CARTESIAN_POINT('Ctrl Pts',(-18.5066549639005,0.654420753409613,-3.68320288298047));
#6181=CARTESIAN_POINT('Ctrl Pts',(-18.4424186092565,1.47454876517971,-3.93791606191461));
#6182=CARTESIAN_POINT('Ctrl Pts',(-18.422585661113,1.69066187008341,-3.98745847361172));
#6183=CARTESIAN_POINT('Ctrl Pts',(-1.01789886739308,-8.3891358543485,4.));
#6184=CARTESIAN_POINT('Ctrl Pts',(-0.877241761930542,-10.4208446462617,
4.));
#6185=CARTESIAN_POINT('Ctrl Pts',(-1.6214665428721,-14.7908078852658,4.));
#6186=CARTESIAN_POINT('Ctrl Pts',(-4.41156121681928,-18.1243148273982,4.));
#6187=CARTESIAN_POINT('Ctrl Pts',(-6.34366362122121,-19.143377893262,4.));
#6188=CARTESIAN_POINT('Ctrl Pts',(-1.07257616436299,-8.36280465590279,4.));
#6189=CARTESIAN_POINT('Ctrl Pts',(-0.927215989612313,-10.3967783266157,
4.));
#6190=CARTESIAN_POINT('Ctrl Pts',(-1.66188449115834,-14.7713436272269,4.));
#6191=CARTESIAN_POINT('Ctrl Pts',(-4.44242288571,-18.1094526309664,4.));
#6192=CARTESIAN_POINT('Ctrl Pts',(-6.36967208000455,-19.1308528796377,4.));
#6193=CARTESIAN_POINT('Ctrl Pts',(-1.17417586666233,-8.31387681799703,3.98582916571573));
#6194=CARTESIAN_POINT('Ctrl Pts',(-1.01637353737444,-10.354004014369,3.98737278297858));
#6195=CARTESIAN_POINT('Ctrl Pts',(-1.72576238514592,-14.7409591452413,3.99051585545546));
#6196=CARTESIAN_POINT('Ctrl Pts',(-4.48098626772229,-18.0910752147668,3.99366773545514));
#6197=CARTESIAN_POINT('Ctrl Pts',(-6.39525520805756,-19.1185326944976,3.99527170265974));
#6198=CARTESIAN_POINT('Ctrl Pts',(-1.31751448153642,-8.24484857917864,3.90526603799146));
#6199=CARTESIAN_POINT('Ctrl Pts',(-1.14178465466395,-10.2941406964791,3.91835481359676));
#6200=CARTESIAN_POINT('Ctrl Pts',(-1.81475230800851,-14.699344634987,3.94497817873574));
#6201=CARTESIAN_POINT('Ctrl Pts',(-4.53344040448811,-18.0664514066289,3.9716390965213));
#6202=CARTESIAN_POINT('Ctrl Pts',(-6.42874639546744,-19.1024041886873,3.98519292383518));
#6203=CARTESIAN_POINT('Ctrl Pts',(-1.40048996876578,-8.2048896905458,3.82831592544061));
#6204=CARTESIAN_POINT('Ctrl Pts',(-1.21480035798802,-10.2595328769072,3.85255740954494));
#6205=CARTESIAN_POINT('Ctrl Pts',(-1.8675368766683,-14.6752198576523,3.90186450396214));
#6206=CARTESIAN_POINT('Ctrl Pts',(-4.56587423827997,-18.0514966599645,3.95123905742743));
#6207=CARTESIAN_POINT('Ctrl Pts',(-6.45041913181283,-19.0919671489433,3.97633922621907));
#6208=CARTESIAN_POINT('Ctrl Pts',(-1.45846534885565,-8.17697021897879,3.75176814305313));
#6209=CARTESIAN_POINT('Ctrl Pts',(-1.26725250917405,-10.2349821356255,3.78630030653605));
#6210=CARTESIAN_POINT('Ctrl Pts',(-1.9087744170701,-14.657015802898,3.85654565531728));
#6211=CARTESIAN_POINT('Ctrl Pts',(-4.59574431182581,-18.0379612917598,3.92689656378537));
#6212=CARTESIAN_POINT('Ctrl Pts',(-6.47397191862842,-19.0806247246107,3.96266382607261));
#6213=CARTESIAN_POINT('Ctrl Pts',(-1.49682842801711,-8.15849553375533,3.68135501348671));
#6214=CARTESIAN_POINT('Ctrl Pts',(-1.3028151029059,-10.2187172934638,3.72546992994674));
#6215=CARTESIAN_POINT('Ctrl Pts',(-1.93865656974316,-14.6446358006062,3.81522106900423));
#6216=CARTESIAN_POINT('Ctrl Pts',(-4.6197603120834,-18.0274275849647,3.90512390930326));
#6217=CARTESIAN_POINT('Ctrl Pts',(-6.49434754938444,-19.0708123379964,3.95083784666669));
#6218=CARTESIAN_POINT('Ctrl Pts',(-1.52274310720286,-8.14601568200493,3.61798966580093));
#6219=CARTESIAN_POINT('Ctrl Pts',(-1.32920874848167,-10.2070184243619,3.66816676676913));
#6220=CARTESIAN_POINT('Ctrl Pts',(-1.96603511366956,-14.6338126777845,3.77027604288589));
#6221=CARTESIAN_POINT('Ctrl Pts',(-4.64790558830199,-18.0150855636708,3.8725910493934));
#6222=CARTESIAN_POINT('Ctrl Pts',(-6.52210548380865,-19.0574448213072,3.92462861780709));
#6223=CARTESIAN_POINT('Ctrl Pts',(-1.53387437920913,-8.14065514393167,3.57994406107032));
#6224=CARTESIAN_POINT('Ctrl Pts',(-1.34094162689906,-10.202141637558,3.63445585727622));
#6225=CARTESIAN_POINT('Ctrl Pts',(-1.97899934273111,-14.6293751095642,3.74540357071604));
#6226=CARTESIAN_POINT('Ctrl Pts',(-4.66193435455633,-18.0092563466238,3.85659819016151));
#6227=CARTESIAN_POINT('Ctrl Pts',(-6.53608100463087,-19.0507145651946,3.91316059444491));
#6228=CARTESIAN_POINT('Ctrl Pts',(-1.58033868927223,-8.11827911152488,3.39584318430242));
#6229=CARTESIAN_POINT('Ctrl Pts',(-1.41100724999207,-10.1725824534223,3.43830265649789));
#6230=CARTESIAN_POINT('Ctrl Pts',(-2.09706935875887,-14.5822800204955,3.52492650619726));
#6231=CARTESIAN_POINT('Ctrl Pts',(-4.82710666732112,-17.9347247042029,3.6120195381716));
#6232=CARTESIAN_POINT('Ctrl Pts',(-6.72196298114245,-18.9611985232128,3.65642427224954));
#6233=CARTESIAN_POINT('Ctrl Pts',(-1.65913162515113,-8.08033443346427,3.06564523200938));
#6234=CARTESIAN_POINT('Ctrl Pts',(-1.53249831036335,-10.1257319410124,3.08380274468691));
#6235=CARTESIAN_POINT('Ctrl Pts',(-2.30545467979667,-14.5091391942011,3.12150372893292));
#6236=CARTESIAN_POINT('Ctrl Pts',(-5.11987175423331,-17.8077019201494,3.16028733968445));
#6237=CARTESIAN_POINT('Ctrl Pts',(-7.04863022437636,-18.8038838700756,3.18038542810812));
#6238=CARTESIAN_POINT('Ctrl Pts',(-1.7745616129629,-8.02474628108486,2.57766539805642));
#6239=CARTESIAN_POINT('Ctrl Pts',(-1.71331828984139,-10.0670310443681,2.55461294298125));
#6240=CARTESIAN_POINT('Ctrl Pts',(-2.61947292149678,-14.4241634442093,2.50965059097152));
#6241=CARTESIAN_POINT('Ctrl Pts',(-5.56096262724603,-17.6292822464167,2.46721050334088));
#6242=CARTESIAN_POINT('Ctrl Pts',(-7.53246099347248,-18.5708832518808,2.44659273285137));
#6243=CARTESIAN_POINT('Ctrl Pts',(-1.89947314786165,-7.96459205628133,2.09889906424108));
#6244=CARTESIAN_POINT('Ctrl Pts',(-1.90638297019936,-10.0118780040477,2.0329562719169));
#6245=CARTESIAN_POINT('Ctrl Pts',(-2.95146383069634,-14.3525810461028,1.90221496910865));
#6246=CARTESIAN_POINT('Ctrl Pts',(-6.02370935801502,-17.4517490666525,1.7758367287364));
#6247=CARTESIAN_POINT('Ctrl Pts',(-8.03255759697097,-18.330049420684,1.71327336394201));
#6248=CARTESIAN_POINT('Ctrl Pts',(-2.0404481318552,-7.89670208210324,1.63124143385601));
#6249=CARTESIAN_POINT('Ctrl Pts',(-2.12039313791379,-9.95463466757315,1.5238352257022));
#6250=CARTESIAN_POINT('Ctrl Pts',(-3.31441866053189,-14.2847551923102,1.3104250228523));
#6251=CARTESIAN_POINT('Ctrl Pts',(-6.52570277869533,-17.2648961692963,1.10350152933418));
#6252=CARTESIAN_POINT('Ctrl Pts',(-8.56995501773151,-18.0712524626331,1.00082059971366));
#6253=CARTESIAN_POINT('Ctrl Pts',(-2.20406846695137,-7.81790668160014,1.17658771019385));
#6254=CARTESIAN_POINT('Ctrl Pts',(-2.36490411105955,-9.8892513617376,1.0344338493298));
#6255=CARTESIAN_POINT('Ctrl Pts',(-3.72391953900816,-14.2098013756832,0.752123207906951));
#6256=CARTESIAN_POINT('Ctrl Pts',(-7.08886093958009,-17.0564334643623,0.478587460206149));
#6257=CARTESIAN_POINT('Ctrl Pts',(-9.17089726842335,-17.7818539273309,0.34292595473666));
#6258=CARTESIAN_POINT('Ctrl Pts',(-2.38757442017343,-7.72953487212831,0.734097742180511));
#6259=CARTESIAN_POINT('Ctrl Pts',(-2.63798725986984,-9.81520879113846,0.567825918081398));
#6260=CARTESIAN_POINT('Ctrl Pts',(-4.1797116293622,-14.1244617693447,0.238247986769986));
#6261=CARTESIAN_POINT('Ctrl Pts',(-7.71491190926869,-16.8237938446027,-0.0802206402790916));
#6262=CARTESIAN_POINT('Ctrl Pts',(-9.83922767595313,-17.4600029660872,-0.237835581274001));
#6263=CARTESIAN_POINT('Ctrl Pts',(-2.58820625854464,-7.63291567104405,0.302931378741896));
#6264=CARTESIAN_POINT('Ctrl Pts',(-2.93382561383733,-9.73386018658302,0.122306330576946));
#6265=CARTESIAN_POINT('Ctrl Pts',(-4.66975094119057,-14.031155903588,-0.23475136894094));
#6266=CARTESIAN_POINT('Ctrl Pts',(-8.38589378982015,-16.5738923909006,-0.578437438850599));
#6267=CARTESIAN_POINT('Ctrl Pts',(-10.5550871285277,-17.1152632230939,-0.748019961257144));
#6268=CARTESIAN_POINT('Ctrl Pts',(-2.88003393136232,-7.49237887074939,-0.256194290511297));
#6269=CARTESIAN_POINT('Ctrl Pts',(-3.35703365953471,-9.61448574494118,-0.443908499800873));
#6270=CARTESIAN_POINT('Ctrl Pts',(-5.36096361857133,-13.895392638566,-0.813313379487819));
#6271=CARTESIAN_POINT('Ctrl Pts',(-9.32676762727376,-16.2219477362286,-1.16658405782379));
#6272=CARTESIAN_POINT('Ctrl Pts',(-11.5577734063111,-16.6323949610868,-1.34000936618616));
#6273=CARTESIAN_POINT('Ctrl Pts',(-3.29319839072181,-7.29340935372852,-0.92429983102101));
#6274=CARTESIAN_POINT('Ctrl Pts',(-3.93635762812024,-9.44292815565104,-1.1020452753663));
#6275=CARTESIAN_POINT('Ctrl Pts',(-6.27928264223282,-13.7039506096061,-1.44919734580493));
#6276=CARTESIAN_POINT('Ctrl Pts',(-10.5606771109691,-15.7564384426255,-1.7775337699223));
#6277=CARTESIAN_POINT('Ctrl Pts',(-12.8692051000127,-16.0008427431004,-1.93730136118489));
#6278=CARTESIAN_POINT('Ctrl Pts',(-3.7757779917274,-7.06101126632996,-1.54366746117805));
#6279=CARTESIAN_POINT('Ctrl Pts',(-4.57647215025023,-9.2349620357228,-1.69671245775891));
#6280=CARTESIAN_POINT('Ctrl Pts',(-7.24084732382839,-13.4750296828504,-1.99303186263598));
#6281=CARTESIAN_POINT('Ctrl Pts',(-11.8217144320064,-15.2693187352469,-2.26967194479525));
#6282=CARTESIAN_POINT('Ctrl Pts',(-14.2049300299678,-15.3575915191255,-2.40286486697471));
#6283=CARTESIAN_POINT('Ctrl Pts',(-4.21287347562888,-6.85051717528762,-1.99797533233841));
#6284=CARTESIAN_POINT('Ctrl Pts',(-5.12857594920859,-9.03924798486283,-2.12959825924386));
#6285=CARTESIAN_POINT('Ctrl Pts',(-8.0276482011441,-13.2599277937604,-2.38303979730378));
#6286=CARTESIAN_POINT('Ctrl Pts',(-12.8277230661053,-14.868914144013,-2.61767497805066));
#6287=CARTESIAN_POINT('Ctrl Pts',(-15.2679870217341,-14.845650253545,-2.72985931301925));
#6288=CARTESIAN_POINT('Ctrl Pts',(-4.56894475083422,-6.67904228666229,-2.31139080604438));
#6289=CARTESIAN_POINT('Ctrl Pts',(-5.56413097083945,-8.87563535906196,-2.42843792719581));
#6290=CARTESIAN_POINT('Ctrl Pts',(-8.62541389371054,-13.0797725754862,-2.65342063098534));
#6291=CARTESIAN_POINT('Ctrl Pts',(-13.5774378980078,-14.5631495939953,-2.86115196612081));
#6292=CARTESIAN_POINT('Ctrl Pts',(-16.0590918913879,-14.4646742275047,-2.96024987501445));
#6293=CARTESIAN_POINT('Ctrl Pts',(-4.94301715705095,-6.49889851023206,-2.61097129360717));
#6294=CARTESIAN_POINT('Ctrl Pts',(-6.01178167539166,-8.69826545828319,-2.71394073328766));
#6295=CARTESIAN_POINT('Ctrl Pts',(-9.22320994880722,-12.881084670243,-2.91223534944141));
#6296=CARTESIAN_POINT('Ctrl Pts',(-14.316782343989,-14.2528756047866,-3.09585216154992));
#6297=CARTESIAN_POINT('Ctrl Pts',(-16.8405824887986,-14.088328190955,-3.1836580712269));
#6298=CARTESIAN_POINT('Ctrl Pts',(-5.1965805460468,-6.37678881783283,-2.81500618514802));
#6299=CARTESIAN_POINT('Ctrl Pts',(-6.31123872988889,-8.57327250207557,-2.90760950657201));
#6300=CARTESIAN_POINT('Ctrl Pts',(-9.61629210771056,-12.7366508708594,-3.08668322548935));
#6301=CARTESIAN_POINT('Ctrl Pts',(-14.7990740903905,-14.0436408498082,-3.25355277496354));
#6302=CARTESIAN_POINT('Ctrl Pts',(-17.353117443247,-13.841504365641,-3.33377111963954));
#6303=CARTESIAN_POINT('Ctrl Pts',(-5.35334382362795,-6.30129560218867,-2.94604532947562));
#6304=CARTESIAN_POINT('Ctrl Pts',(-6.49558795838065,-8.4941684788153,-3.03166897488162));
#6305=CARTESIAN_POINT('Ctrl Pts',(-9.8569050734974,-12.6433615928925,-3.19789546009476));
#6306=CARTESIAN_POINT('Ctrl Pts',(-15.0936857399567,-13.9133534740289,-3.35371021267292));
#6307=CARTESIAN_POINT('Ctrl Pts',(-17.6675225695132,-13.6900948368082,-3.42897924400571));
#6308=CARTESIAN_POINT('Ctrl Pts',(-5.41326632405572,-6.27243844688717,-3.00693022026353));
#6309=CARTESIAN_POINT('Ctrl Pts',(-6.5577831705305,-8.46774897948916,-3.09215872606415));
#6310=CARTESIAN_POINT('Ctrl Pts',(-9.92379805958554,-12.6193934489139,-3.25811620173175));
#6311=CARTESIAN_POINT('Ctrl Pts',(-15.1644446497712,-13.8835095708565,-3.41437879740879));
#6312=CARTESIAN_POINT('Ctrl Pts',(-17.7374534458912,-13.6564179016736,-3.49014119399905));
#6313=CARTESIAN_POINT('Ctrl Pts',(-5.48946247083512,-6.23574431654728,-3.13398839628928));
#6314=CARTESIAN_POINT('Ctrl Pts',(-6.63187354367531,-8.4367257538401,-3.21446277149956));
#6315=CARTESIAN_POINT('Ctrl Pts',(-9.99372365222028,-12.5965904624354,-3.37161590501777));
#6316=CARTESIAN_POINT('Ctrl Pts',(-15.2290929531167,-13.8579558420334,-3.5202231037656));
#6317=CARTESIAN_POINT('Ctrl Pts',(-17.7957235976729,-13.6283564755414,-3.59252387995055));
#6318=CARTESIAN_POINT('Ctrl Pts',(-5.54029989495769,-6.2112623034043,-3.30180764944076));
#6319=CARTESIAN_POINT('Ctrl Pts',(-6.67755176165442,-8.4187238038218,-3.37155959662241));
#6320=CARTESIAN_POINT('Ctrl Pts',(-10.0290268382252,-12.5889169409803,-3.50783733643841));
#6321=CARTESIAN_POINT('Ctrl Pts',(-15.2530481150542,-13.851206608487,-3.63679337968226));
#6322=CARTESIAN_POINT('Ctrl Pts',(-17.8107217850916,-13.6211337291525,-3.69956835305649));
#6323=CARTESIAN_POINT('Ctrl Pts',(-5.54156718616192,-6.2106520081257,-3.50421118102382));
#6324=CARTESIAN_POINT('Ctrl Pts',(-6.67681396591152,-8.42239342042235,-3.55624030166427));
#6325=CARTESIAN_POINT('Ctrl Pts',(-10.0243168268874,-12.5989224715865,-3.65747565679561));
#6326=CARTESIAN_POINT('Ctrl Pts',(-15.2435366628615,-13.8597579038697,-3.75269047325554));
#6327=CARTESIAN_POINT('Ctrl Pts',(-17.796097548772,-13.6281763901835,-3.7988124564102));
#6328=CARTESIAN_POINT('Ctrl Pts',(-5.47298290091809,-6.24368045914818,-3.71573697375172));
#6329=CARTESIAN_POINT('Ctrl Pts',(-6.61290936960853,-8.45578144709481,-3.74680820436839));
#6330=CARTESIAN_POINT('Ctrl Pts',(-9.97001665196844,-12.6311725971749,-3.80648626999786));
#6331=CARTESIAN_POINT('Ctrl Pts',(-15.198159701047,-13.8847411211348,-3.86152350128362));
#6332=CARTESIAN_POINT('Ctrl Pts',(-17.7531126543396,-13.6488768243342,-3.88775289129689));
#6333=CARTESIAN_POINT('Ctrl Pts',(-5.33446394431611,-6.31038767287141,-3.88689035848372));
#6334=CARTESIAN_POINT('Ctrl Pts',(-6.48644683449971,-8.51857476113871,-3.90009217359257));
#6335=CARTESIAN_POINT('Ctrl Pts',(-9.86814097308664,-12.6846506278632,-3.92454820509592));
#6336=CARTESIAN_POINT('Ctrl Pts',(-15.1203419372404,-13.9244831537822,-3.9458232797347));
#6337=CARTESIAN_POINT('Ctrl Pts',(-17.6859231478331,-13.6812335853179,-3.95544792923107));
#6338=CARTESIAN_POINT('Ctrl Pts',(-5.16231160047308,-6.39329187223442,-3.98316746479918));
#6339=CARTESIAN_POINT('Ctrl Pts',(-6.32814456252254,-8.59596034583232,-3.98701867217829));
#6340=CARTESIAN_POINT('Ctrl Pts',(-9.73806338796857,-12.7499802497666,-3.99362316097675));
#6341=CARTESIAN_POINT('Ctrl Pts',(-15.0181166151046,-13.9750915413286,-3.99858837026567));
#6342=CARTESIAN_POINT('Ctrl Pts',(-17.5968182480933,-13.724144243444,-4.00050186800484));
#6343=CARTESIAN_POINT('Ctrl Pts',(-5.05013961270989,-6.44731105448237,-4.));
#6344=CARTESIAN_POINT('Ctrl Pts',(-6.22242146807067,-8.64713415779616,-4.00084671657599));
#6345=CARTESIAN_POINT('Ctrl Pts',(-9.64549425946685,-12.7951667568447,-4.00215318473388));
#6346=CARTESIAN_POINT('Ctrl Pts',(-14.93856034825,-14.0137156249318,-4.00290377601918));
#6347=CARTESIAN_POINT('Ctrl Pts',(-17.5235745801763,-13.7594165349012,-4.0030787583785));
#6348=CARTESIAN_POINT('Ctrl Pts',(-4.96801695171751,-6.48685924364524,-4.));
#6349=CARTESIAN_POINT('Ctrl Pts',(-6.14351036933482,-8.68513574008956,-3.9980777931353));
#6350=CARTESIAN_POINT('Ctrl Pts',(-9.57314643374905,-12.8300076334363,-3.99440802712935));
#6351=CARTESIAN_POINT('Ctrl Pts',(-14.8727082046522,-14.0454283458826,-3.99105515765239));
#6352=CARTESIAN_POINT('Ctrl Pts',(-17.4609447614646,-13.7895774659733,-3.98946994086053));
#6353=CARTESIAN_POINT('Ctrl Pts',(-4.92022306599216,-6.50987556594473,-3.99516908743865));
#6354=CARTESIAN_POINT('Ctrl Pts',(-6.09524971100569,-8.70829386624746,-3.99185980123933));
#6355=CARTESIAN_POINT('Ctrl Pts',(-9.52396310769479,-12.853499352367,-3.98583682293003));
#6356=CARTESIAN_POINT('Ctrl Pts',(-14.8225720730667,-14.0694732150524,-3.98075540773631));
#6357=CARTESIAN_POINT('Ctrl Pts',(-17.4103340596151,-13.8139502954241,-3.97852406733781));
#6358=CARTESIAN_POINT('Ctrl Pts',(-4.8579674608306,-6.53985628526907,-3.98096472332456));
#6359=CARTESIAN_POINT('Ctrl Pts',(-6.02703138016535,-8.74077624876927,-3.97597604390748));
#6360=CARTESIAN_POINT('Ctrl Pts',(-9.44366307548551,-12.8913064269016,-3.967218336539));
#6361=CARTESIAN_POINT('Ctrl Pts',(-14.7302011586087,-14.1135136110235,-3.9603121084446));
#6362=CARTESIAN_POINT('Ctrl Pts',(-17.3120387671818,-13.8612868134082,-3.95749157157516));
#6363=CARTESIAN_POINT('Ctrl Pts',(-4.80091354930129,-6.56733200096526,-3.9600378772784));
#6364=CARTESIAN_POINT('Ctrl Pts',(-5.95819354125365,-8.77331519423969,-3.95349691703708));
#6365=CARTESIAN_POINT('Ctrl Pts',(-9.35091079406707,-12.9345457582626,-3.94224281264662));
#6366=CARTESIAN_POINT('Ctrl Pts',(-14.6136004688322,-14.1689327836331,-3.93372331566021));
#6367=CARTESIAN_POINT('Ctrl Pts',(-17.1837215328787,-13.9230811366041,-3.93041107877087));
#6368=CARTESIAN_POINT('Ctrl Pts',(-4.76348613597272,-6.58535609327192,-3.94122044468673));
#6369=CARTESIAN_POINT('Ctrl Pts',(-5.91346543327549,-8.79428858097962,-3.93463165537962));
#6370=CARTESIAN_POINT('Ctrl Pts',(-9.29136500480589,-12.9618989157825,-3.92370569208541));
#6371=CARTESIAN_POINT('Ctrl Pts',(-14.5393172905388,-14.204026921268,-3.91608542672481));
#6372=CARTESIAN_POINT('Ctrl Pts',(-17.102341438575,-13.962271724497,-3.91344172297428));
#6373=CARTESIAN_POINT('Ctrl Pts',(-4.59532167965105,-6.66633982722201,-3.84215159555475));
#6374=CARTESIAN_POINT('Ctrl Pts',(-5.72141462672545,-8.88393587497666,-3.8396859291897));
#6375=CARTESIAN_POINT('Ctrl Pts',(-9.05084640539598,-13.0710977172017,-3.8389823840971));
#6376=CARTESIAN_POINT('Ctrl Pts',(-14.2507631923278,-14.3395852949353,-3.84406123077026));
#6377=CARTESIAN_POINT('Ctrl Pts',(-16.7913684819248,-14.1120284075552,-3.84878560346652));
#6378=CARTESIAN_POINT('Ctrl Pts',(-4.2938263082555,-6.81153234577405,-3.67563274641664));
#6379=CARTESIAN_POINT('Ctrl Pts',(-5.37697190555761,-9.04000859744399,-3.67974441946432));
#6380=CARTESIAN_POINT('Ctrl Pts',(-8.61916857665547,-13.2560995508171,-3.69527929262423));
#6381=CARTESIAN_POINT('Ctrl Pts',(-13.7337058600065,-14.5768431952916,-3.72045519575701));
#6382=CARTESIAN_POINT('Ctrl Pts',(-16.2381842191902,-14.378427908012,-3.7368173823672));
#6383=CARTESIAN_POINT('Ctrl Pts',(-3.85435025819534,-7.02317285705682,-3.40277551841384));
#6384=CARTESIAN_POINT('Ctrl Pts',(-4.86853744010852,-9.25755740056152,-3.41957353067401));
#6385=CARTESIAN_POINT('Ctrl Pts',(-7.97042465461057,-13.5047851630024,-3.46411205241275));
#6386=CARTESIAN_POINT('Ctrl Pts',(-12.9503174170623,-14.9213951281724,-3.52262315489137));
#6387=CARTESIAN_POINT('Ctrl Pts',(-15.4071248038475,-14.778645029162,-3.55752165349753));
#6388=CARTESIAN_POINT('Ctrl Pts',(-3.44051897765973,-7.22246349823139,-3.08688128865874));
#6389=CARTESIAN_POINT('Ctrl Pts',(-4.38009888806244,-9.45458612740901,-3.11920211938086));
#6390=CARTESIAN_POINT('Ctrl Pts',(-7.32999112926245,-13.7240445570325,-3.19752796248194));
#6391=CARTESIAN_POINT('Ctrl Pts',(-12.1660493957244,-15.2533228603044,-3.29284229742842));
#6392=CARTESIAN_POINT('Ctrl Pts',(-14.5790467183147,-15.1774264175453,-3.34755031480491));
#6393=CARTESIAN_POINT('Ctrl Pts',(-2.92389451308143,-7.47125672782732,-2.61652232356079));
#6394=CARTESIAN_POINT('Ctrl Pts',(-3.757362607079,-9.69131360759991,-2.67098193942359));
#6395=CARTESIAN_POINT('Ctrl Pts',(-6.49087510667061,-13.9806784631958,-2.7961202903368));
#6396=CARTESIAN_POINT('Ctrl Pts',(-11.1242470059709,-15.6793497407928,-2.94070185086355));
#6397=CARTESIAN_POINT('Ctrl Pts',(-13.4828883332851,-15.7053084739686,-3.0213411140208));
#6398=CARTESIAN_POINT('Ctrl Pts',(-2.35006011714303,-7.74760080831001,-1.94224578987928));
#6399=CARTESIAN_POINT('Ctrl Pts',(-3.0394314972486,-9.93939926650315,-2.02425993968963));
#6400=CARTESIAN_POINT('Ctrl Pts',(-5.47881946437847,-14.2400894497261,-2.20574682800892));
#6401=CARTESIAN_POINT('Ctrl Pts',(-9.83949246285032,-16.181060043888,-2.40716005840864));
#6402=CARTESIAN_POINT('Ctrl Pts',(-12.1350335112761,-16.3544011460855,-2.51684082812072));
#6403=CARTESIAN_POINT('Ctrl Pts',(-1.77988114746926,-8.02218452828273,-1.0263211443019));
#6404=CARTESIAN_POINT('Ctrl Pts',(-2.28416654832842,-10.1696762684935,-1.1326207273051));
#6405=CARTESIAN_POINT('Ctrl Pts',(-4.34552190517682,-14.4743406242148,-1.36164360600593));
#6406=CARTESIAN_POINT('Ctrl Pts',(-8.35767940830339,-16.7347921116234,-1.60816229721504));
#6407=CARTESIAN_POINT('Ctrl Pts',(-10.5795170054307,-17.1034984144368,-1.7398484923413));
#6408=CARTESIAN_POINT('Ctrl Pts',(-1.32358441789151,-8.24192545189225,-0.0304519010345187));
#6409=CARTESIAN_POINT('Ctrl Pts',(-1.64072908832488,-10.3434950870584,-0.14184058084426));
#6410=CARTESIAN_POINT('Ctrl Pts',(-3.31975945710322,-14.6507244367657,-0.377990708581685));
#6411=CARTESIAN_POINT('Ctrl Pts',(-6.97982753932887,-17.2353382213599,-0.627321965779642));
#6412=CARTESIAN_POINT('Ctrl Pts',(-9.12832411915046,-17.8023560754634,-0.758835951645795));
#6413=CARTESIAN_POINT('Ctrl Pts',(-0.971589854645565,-8.41143709950975,
1.02532254192452));
#6414=CARTESIAN_POINT('Ctrl Pts',(-1.11354052060842,-10.4723789213895,0.936752663323019));
#6415=CARTESIAN_POINT('Ctrl Pts',(-2.43464099499652,-14.7851682890485,0.750746557304614));
#6416=CARTESIAN_POINT('Ctrl Pts',(-5.7646452974906,-17.670782625673,0.556632023292179));
#6417=CARTESIAN_POINT('Ctrl Pts',(-7.84251921681592,-18.421567081166,0.45504194336816));
#6418=CARTESIAN_POINT('Ctrl Pts',(-0.760228109932249,-8.51322355115055,
1.9439043012871));
#6419=CARTESIAN_POINT('Ctrl Pts',(-0.78171104715913,-10.548598879728,1.90254822822866));
#6420=CARTESIAN_POINT('Ctrl Pts',(-1.85670424940102,-14.8683676865077,1.81539681442617));
#6421=CARTESIAN_POINT('Ctrl Pts',(-4.95927524425292,-17.958491806741,1.72405745998669));
#6422=CARTESIAN_POINT('Ctrl Pts',(-6.98655390932749,-18.8337782478322,1.67611668640063));
#6423=CARTESIAN_POINT('Ctrl Pts',(-0.610857938618074,-8.58515643446239,
2.69248992192951));
#6424=CARTESIAN_POINT('Ctrl Pts',(-0.564779190367166,-10.6053794016046,
2.7038083073266));
#6425=CARTESIAN_POINT('Ctrl Pts',(-1.50172904143885,-14.9279856228515,2.7254668216252));
#6426=CARTESIAN_POINT('Ctrl Pts',(-4.47692322572519,-18.1336456970102,2.74532665932498));
#6427=CARTESIAN_POINT('Ctrl Pts',(-6.47656057946037,-19.0793780912574,2.75474534731271));
#6428=CARTESIAN_POINT('Ctrl Pts',(-0.53386316706451,-8.62223516222347,3.06963475126451));
#6429=CARTESIAN_POINT('Ctrl Pts',(-0.457555225510553,-10.6407013342318,
3.10697081328318));
#6430=CARTESIAN_POINT('Ctrl Pts',(-1.33281909762624,-14.9712421579782,3.18212961639808));
#6431=CARTESIAN_POINT('Ctrl Pts',(-4.24997903753076,-18.2233902463571,3.25634148839603));
#6432=CARTESIAN_POINT('Ctrl Pts',(-6.2328205845049,-19.1967570864162,3.29367912779346));
#6433=CARTESIAN_POINT('Ctrl Pts',(-0.485983658778212,-8.64529271817514,
3.28860022205834));
#6434=CARTESIAN_POINT('Ctrl Pts',(-0.392046117849938,-10.6653034496231,
3.34018142615239));
#6435=CARTESIAN_POINT('Ctrl Pts',(-1.23137601087331,-15.0038804236741,3.44455873809153));
#6436=CARTESIAN_POINT('Ctrl Pts',(-4.1141569510469,-18.2804775415272,3.54835630052243));
#6437=CARTESIAN_POINT('Ctrl Pts',(-6.08493630312632,-19.2679744028487,3.60085540949791));
#6438=CARTESIAN_POINT('Ctrl Pts',(-0.476373690059438,-8.64992063519763,
3.35305373030749));
#6439=CARTESIAN_POINT('Ctrl Pts',(-0.381385416912559,-10.6686373896197,
3.40544587289446));
#6440=CARTESIAN_POINT('Ctrl Pts',(-1.21855127107177,-15.0058544079908,3.5115420246657));
#6441=CARTESIAN_POINT('Ctrl Pts',(-4.09957118445176,-18.2853451477728,3.61715385943849));
#6442=CARTESIAN_POINT('Ctrl Pts',(-6.07085500489661,-19.274755598676,3.670609758708));
#6443=CARTESIAN_POINT('Ctrl Pts',(-0.477369405716316,-8.64944112380974,
3.46232937572987));
#6444=CARTESIAN_POINT('Ctrl Pts',(-0.382460565533954,-10.6657570540855,
3.51112620463669));
#6445=CARTESIAN_POINT('Ctrl Pts',(-1.21974968825005,-14.9997618258753,3.61001073696237));
#6446=CARTESIAN_POINT('Ctrl Pts',(-4.10142189603877,-18.2816233359693,3.70853687818833));
#6447=CARTESIAN_POINT('Ctrl Pts',(-6.07487306457203,-19.2728206031194,3.75844098205259));
#6448=CARTESIAN_POINT('Ctrl Pts',(-0.498512299860172,-8.63925924262192,
3.58409764879484));
#6449=CARTESIAN_POINT('Ctrl Pts',(-0.403536811760598,-10.6535890171732,
3.62478000761513));
#6450=CARTESIAN_POINT('Ctrl Pts',(-1.24065791119267,-14.9849813203133,3.70725708628854));
#6451=CARTESIAN_POINT('Ctrl Pts',(-4.12261406496052,-18.2689996926003,3.78948390639421));
#6452=CARTESIAN_POINT('Ctrl Pts',(-6.09777797417962,-19.2617901800063,3.83115042171991));
#6453=CARTESIAN_POINT('Ctrl Pts',(-0.564768639639229,-8.60735187104923,
3.75193687947167));
#6454=CARTESIAN_POINT('Ctrl Pts',(-0.466093691993809,-10.6212405237413,
3.77816413275224));
#6455=CARTESIAN_POINT('Ctrl Pts',(-1.29566184271135,-14.9533039282356,3.83135867708436));
#6456=CARTESIAN_POINT('Ctrl Pts',(-4.17056284555095,-18.2432458128902,3.88442265440126));
#6457=CARTESIAN_POINT('Ctrl Pts',(-6.14387122984968,-19.2395928379775,3.91132305750314));
#6458=CARTESIAN_POINT('Ctrl Pts',(-0.73996792159779,-8.52298034362468,3.95106009842449));
#6459=CARTESIAN_POINT('Ctrl Pts',(-0.625489973800284,-10.5425963410992,
3.95580672997891));
#6460=CARTESIAN_POINT('Ctrl Pts',(-1.42291715425616,-14.8876251599319,3.96543045641244));
#6461=CARTESIAN_POINT('Ctrl Pts',(-4.26609897092151,-18.1949820749084,3.9750258943504));
#6462=CARTESIAN_POINT('Ctrl Pts',(-6.22476211719756,-19.2006378397378,3.9798884973652));
#6463=CARTESIAN_POINT('Ctrl Pts',(-0.932630459364805,-8.43019895544105,
4.));
#6464=CARTESIAN_POINT('Ctrl Pts',(-0.799307718497264,-10.4583757035202,
4.));
#6465=CARTESIAN_POINT('Ctrl Pts',(-1.55843537093918,-14.8211620978624,4.));
#6466=CARTESIAN_POINT('Ctrl Pts',(-4.36343291638673,-18.1474921953329,4.));
#6467=CARTESIAN_POINT('Ctrl Pts',(-6.30310382769402,-19.1629104603688,4.));
#6468=CARTESIAN_POINT('Ctrl Pts',(-1.01789886739308,-8.3891358543485,4.));
#6469=CARTESIAN_POINT('Ctrl Pts',(-0.877241761930542,-10.4208446462617,
4.));
#6470=CARTESIAN_POINT('Ctrl Pts',(-1.6214665428721,-14.7908078852658,4.));
#6471=CARTESIAN_POINT('Ctrl Pts',(-4.41156121681928,-18.1243148273982,4.));
#6472=CARTESIAN_POINT('Ctrl Pts',(-6.34366362122121,-19.143377893262,4.));
#6473=CARTESIAN_POINT('Ctrl Pts',(-4.59103578180322,-17.9212831697455,4.));
#6474=CARTESIAN_POINT('Ctrl Pts',(-4.57896582519847,-17.9243752252715,4.));
#6475=CARTESIAN_POINT('Ctrl Pts',(-4.5522506349398,-17.9312091928728,3.99960052991741));
#6476=CARTESIAN_POINT('Ctrl Pts',(-4.49374801179413,-17.9459425286166,3.98894785756352));
#6477=CARTESIAN_POINT('Ctrl Pts',(-4.46980380243103,-17.9519197123774,3.98234950316868));
#6478=CARTESIAN_POINT('Ctrl Pts',(-4.38505677964893,-17.9729048175817,3.95030496287476));
#6479=CARTESIAN_POINT('Ctrl Pts',(-4.34400173433827,-17.9827759494094,3.91754342451778));
#6480=CARTESIAN_POINT('Ctrl Pts',(-4.28680031511388,-17.9965148714331,3.86517297322329));
#6481=CARTESIAN_POINT('Ctrl Pts',(-4.25899528234106,-18.0030940435401,3.82866300318627));
#6482=CARTESIAN_POINT('Ctrl Pts',(-4.22186179009154,-18.0118344772124,3.75249310535514));
#6483=CARTESIAN_POINT('Ctrl Pts',(-4.21092545655279,-18.0143865691105,3.71608253428542));
#6484=CARTESIAN_POINT('Ctrl Pts',(-4.20315875521251,-18.0162002553217,3.6409958622204));
#6485=CARTESIAN_POINT('Ctrl Pts',(-4.20623928177639,-18.0154815111501,3.60789745256657));
#6486=CARTESIAN_POINT('Ctrl Pts',(-4.2213275860867,-18.0119545840971,3.53060838770027));
#6487=CARTESIAN_POINT('Ctrl Pts',(-4.24186161436233,-18.0092451063041,3.51431401901224));
#6488=CARTESIAN_POINT('Ctrl Pts',(-4.72420739450555,-17.8880060727865,2.56316208737308));
#6489=CARTESIAN_POINT('Ctrl Pts',(-4.89276690019996,-17.8428729935935,2.21677348798347));
#6490=CARTESIAN_POINT('Ctrl Pts',(-5.54649572444852,-17.6544854663269,1.1359213317395));
#6491=CARTESIAN_POINT('Ctrl Pts',(-6.15129925611856,-17.4724428086572,0.366812596547167));
#6492=CARTESIAN_POINT('Ctrl Pts',(-7.88686491411061,-16.7610199640077,-1.22795239065891));
#6493=CARTESIAN_POINT('Ctrl Pts',(-8.8470224852464,-16.2845812461892,-1.90793267558712));
#6494=CARTESIAN_POINT('Ctrl Pts',(-10.3274101549774,-15.362644820798,-2.81535634684548));
#6495=CARTESIAN_POINT('Ctrl Pts',(-10.8719175831989,-14.983770448047,-3.11528878215648));
#6496=CARTESIAN_POINT('Ctrl Pts',(-12.0512907122225,-14.0600886384884,-3.68346156547999));
#6497=CARTESIAN_POINT('Ctrl Pts',(-12.651457213342,-13.4995466404157,-3.93789981392723));
#6498=CARTESIAN_POINT('Ctrl Pts',(-12.8081069598123,-13.3492470239339,-3.98745847361171));
#6499=CARTESIAN_POINT('Ctrl Pts',(5.92424095848786,-6.0263660320902,4.));
#6500=CARTESIAN_POINT('Ctrl Pts',(7.60039312602756,-7.18314559091136,4.));
#6501=CARTESIAN_POINT('Ctrl Pts',(10.5529514023013,-10.489631468701,4.));
#6502=CARTESIAN_POINT('Ctrl Pts',(11.4195965012597,-14.7494229067041,4.));
#6503=CARTESIAN_POINT('Ctrl Pts',(11.0116859434811,-16.8953768228347,4.));
#6504=CARTESIAN_POINT('Ctrl Pts',(5.86956366151795,-6.05269723053591,4.));
#6505=CARTESIAN_POINT('Ctrl Pts',(7.55041889834579,-7.20721191055742,4.));
#6506=CARTESIAN_POINT('Ctrl Pts',(10.5125334540151,-10.5090957267399,4.));
#6507=CARTESIAN_POINT('Ctrl Pts',(11.388734832369,-14.7642851031359,4.));
#6508=CARTESIAN_POINT('Ctrl Pts',(10.9856774846978,-16.907901836459,4.));
#6509=CARTESIAN_POINT('Ctrl Pts',(5.76796395921861,-6.10162506844167,3.98582916571573));
#6510=CARTESIAN_POINT('Ctrl Pts',(7.46138777260202,-7.25024874083019,3.98737278297858));
#6511=CARTESIAN_POINT('Ctrl Pts',(10.4489506939548,-10.5400930606403,3.99051585545546));
#6512=CARTESIAN_POINT('Ctrl Pts',(11.3503229144079,-14.7829770376786,3.99366773545514));
#6513=CARTESIAN_POINT('Ctrl Pts',(10.9600943566448,-16.9202220215991,3.99527170265974));
#6514=CARTESIAN_POINT('Ctrl Pts',(5.62462534434452,-6.17065330726006,3.90526603799146));
#6515=CARTESIAN_POINT('Ctrl Pts',(7.33639219336095,-7.31097493236881,3.91835481359676));
#6516=CARTESIAN_POINT('Ctrl Pts',(10.3609308503375,-10.5837219612039,3.94497817873574));
#6517=CARTESIAN_POINT('Ctrl Pts',(11.2983666266486,-14.8086346399308,3.9716390965213));
#6518=CARTESIAN_POINT('Ctrl Pts',(10.9266031692349,-16.9363505274094,3.98519292383518));
#6519=CARTESIAN_POINT('Ctrl Pts',(5.54164985711517,-6.21061219589291,3.82831592544061));
#6520=CARTESIAN_POINT('Ctrl Pts',(7.26381016408198,-7.34648328537447,3.85255740954494));
#6521=CARTESIAN_POINT('Ctrl Pts',(10.3091586996548,-10.6099490461302,3.90186450396214));
#6522=CARTESIAN_POINT('Ctrl Pts',(11.2664523702897,-14.8246683002519,3.95123905742743));
#6523=CARTESIAN_POINT('Ctrl Pts',(10.9049304328895,-16.9467875671534,3.97633922621907));
#6524=CARTESIAN_POINT('Ctrl Pts',(5.48367447702529,-6.23853166745991,3.75176814305313));
#6525=CARTESIAN_POINT('Ctrl Pts',(7.21191224027996,-7.37218489167766,3.78630030653605));
#6526=CARTESIAN_POINT('Ctrl Pts',(10.2692150106451,-10.6308398109842,3.85654565531728));
#6527=CARTESIAN_POINT('Ctrl Pts',(11.2372463070639,-14.8395825000936,3.92689656378537));
#6528=CARTESIAN_POINT('Ctrl Pts',(10.8813776460739,-16.958129991486,3.96266382607261));
#6529=CARTESIAN_POINT('Ctrl Pts',(5.44531139786383,-6.25700635268337,3.68135501348671));
#6530=CARTESIAN_POINT('Ctrl Pts',(7.17702296010117,-7.38984788383883,3.72546992994674));
#6531=CARTESIAN_POINT('Ctrl Pts',(10.240904717651,-10.6464838135319,3.81522106900423));
#6532=CARTESIAN_POINT('Ctrl Pts',(11.2140369922223,-14.8517913064154,3.90512390930326));
#6533=CARTESIAN_POINT('Ctrl Pts',(10.8610020153179,-16.9679423781003,3.95083784666669));
#6534=CARTESIAN_POINT('Ctrl Pts',(5.41939671867808,-6.26948620443377,3.61798966580093));
#6535=CARTESIAN_POINT('Ctrl Pts',(7.15142024707767,-7.40318914130876,3.66816676676913));
#6536=CARTESIAN_POINT('Ctrl Pts',(10.2153726165625,-10.6611411144141,3.77027604288589));
#6537=CARTESIAN_POINT('Ctrl Pts',(11.1868393187247,-14.8661010450348,3.8725910493934));
#6538=CARTESIAN_POINT('Ctrl Pts',(10.8332440808937,-16.9813098947895,3.92462861780709));
#6539=CARTESIAN_POINT('Ctrl Pts',(5.40826544667181,-6.27484674250703,3.57994406107032));
#6540=CARTESIAN_POINT('Ctrl Pts',(7.14029209158134,-7.40932164819732,3.63445585727622));
#6541=CARTESIAN_POINT('Ctrl Pts',(10.2038201214135,-10.66851017831,3.74540357071604));
#6542=CARTESIAN_POINT('Ctrl Pts',(11.173535060627,-14.873434718771,3.85659819016151));
#6543=CARTESIAN_POINT('Ctrl Pts',(10.8192685600715,-16.9880401509021,3.91316059444491));
#6544=CARTESIAN_POINT('Ctrl Pts',(5.36180113660871,-6.29722277491382,3.39584318430242));
#6545=CARTESIAN_POINT('Ctrl Pts',(7.07349658936862,-7.4456713083103,3.43830265649789));
#6546=CARTESIAN_POINT('Ctrl Pts',(10.0933842472114,-10.731457726224,3.52492650619726));
#6547=CARTESIAN_POINT('Ctrl Pts',(11.0122806235839,-14.9561019139573,3.6120195381716));
#6548=CARTESIAN_POINT('Ctrl Pts',(10.6333865835599,-17.0775561928839,3.65642427224954));
#6549=CARTESIAN_POINT('Ctrl Pts',(5.28300820072982,-6.33516745297443,3.06564523200938));
#6550=CARTESIAN_POINT('Ctrl Pts',(6.96111894663837,-7.51144602744762,3.08380274468691));
#6551=CARTESIAN_POINT('Ctrl Pts',(9.90627432403655,-10.8487773714015,3.12150372893292));
#6552=CARTESIAN_POINT('Ctrl Pts',(10.7304341659902,-15.1057974654118,3.16028733968445));
#6553=CARTESIAN_POINT('Ctrl Pts',(10.306719340326,-17.2348708460212,3.18038542810812));
#6554=CARTESIAN_POINT('Ctrl Pts',(5.16757821291804,-6.39075560535384,2.57766539805642));
#6555=CARTESIAN_POINT('Ctrl Pts',(6.80248532441582,-7.61621736964504,2.55461294298125));
#6556=CARTESIAN_POINT('Ctrl Pts',(9.64405043614903,-11.0413052053067,2.50965059097152));
#6557=CARTESIAN_POINT('Ctrl Pts',(10.3159243869579,-15.3394133495391,2.46721050334088));
#6558=CARTESIAN_POINT('Ctrl Pts',(9.82288857122987,-17.467871464216,2.44659273285137));
#6559=CARTESIAN_POINT('Ctrl Pts',(5.04266667801929,-6.45090983015737,2.09889906424108));
#6560=CARTESIAN_POINT('Ctrl Pts',(6.6389910818372,-7.73277405672026,2.0329562719169));
#6561=CARTESIAN_POINT('Ctrl Pts',(9.38109211752301,-11.2562352548001,1.90221496910865));
#6562=CARTESIAN_POINT('Ctrl Pts',(9.8886054903576,-15.5905131849889,1.7758367287364));
#6563=CARTESIAN_POINT('Ctrl Pts',(9.32279196773137,-17.7087052954127,1.71327336394201));
#6564=CARTESIAN_POINT('Ctrl Pts',(4.90169169402574,-6.51879980433546,1.63124143385601));
#6565=CARTESIAN_POINT('Ctrl Pts',(6.46080328215588,-7.86440330689142,1.5238352257022));
#6566=CARTESIAN_POINT('Ctrl Pts',(9.10176509476484,-11.4977160393373,1.3104250228523));
#6567=CARTESIAN_POINT('Ctrl Pts',(9.4295302342198,-15.8664865693192,1.10350152933418));
#6568=CARTESIAN_POINT('Ctrl Pts',(8.78539454697085,-17.9675022534636,1.00082059971366));
#6569=CARTESIAN_POINT('Ctrl Pts',(4.73807135892957,-6.59759520483856,1.17658771019385));
#6570=CARTESIAN_POINT('Ctrl Pts',(6.25723445702688,-8.01480385910541,1.0344338493298));
#6571=CARTESIAN_POINT('Ctrl Pts',(8.78784421961259,-11.7711437779511,0.752123207906951));
#6572=CARTESIAN_POINT('Ctrl Pts',(8.9154241584368,-16.1768069785135,0.478587460206149));
#6573=CARTESIAN_POINT('Ctrl Pts',(8.18445229627901,-18.2569007887659,0.34292595473666));
#6574=CARTESIAN_POINT('Ctrl Pts',(4.55456540570751,-6.68596701431039,0.734097742180511));
#6575=CARTESIAN_POINT('Ctrl Pts',(6.02908108594693,-8.18214407450482,0.567825918081398));
#6576=CARTESIAN_POINT('Ctrl Pts',(8.43694130857213,-12.0742880094031,0.238247986769986));
#6577=CARTESIAN_POINT('Ctrl Pts',(8.34320278459473,-16.5212249058173,-0.0802206402790916));
#6578=CARTESIAN_POINT('Ctrl Pts',(7.51612188874923,-18.5787517500095,-0.237835581274001));
#6579=CARTESIAN_POINT('Ctrl Pts',(4.3539335673363,-6.78258621539466,0.302931378741896));
#6580=CARTESIAN_POINT('Ctrl Pts',(5.78102798915323,-8.36271978802237,0.122306330576946));
#6581=CARTESIAN_POINT('Ctrl Pts',(8.05845733178972,-12.3992409152846,-0.23475136894094));
#6582=CARTESIAN_POINT('Ctrl Pts',(7.7294716008201,-16.8900086563451,-0.578437438850599));
#6583=CARTESIAN_POINT('Ctrl Pts',(6.80026243617473,-18.9234914930029,-0.748019961257144));
#6584=CARTESIAN_POINT('Ctrl Pts',(4.06210589451863,-6.92312301568932,-0.256194290511297));
#6585=CARTESIAN_POINT('Ctrl Pts',(5.42383139191872,-8.61916841481608,-0.443908499800873));
#6586=CARTESIAN_POINT('Ctrl Pts',(7.52134928177052,-12.8550057363336,-0.813313379487819));
#6587=CARTESIAN_POINT('Ctrl Pts',(6.86768494722318,-17.4061795404902,-1.16658405782379));
#6588=CARTESIAN_POINT('Ctrl Pts',(5.79757615839124,-19.40635975501,-1.34000936618616));
#6589=CARTESIAN_POINT('Ctrl Pts',(3.64894143515913,-7.12209253271018,-0.92429983102101));
#6590=CARTESIAN_POINT('Ctrl Pts',(4.92849968116996,-8.9651377246507,-1.1020452753663));
#6591=CARTESIAN_POINT('Ctrl Pts',(6.79911133035627,-13.4536143072778,-1.44919734580493));
#6592=CARTESIAN_POINT('Ctrl Pts',(5.73440514660196,-18.080648524127,-1.7775337699223));
#6593=CARTESIAN_POINT('Ctrl Pts',(4.48614446468972,-20.0379119729965,-1.93730136118489));
#6594=CARTESIAN_POINT('Ctrl Pts',(3.16636183415354,-7.35449062010874,-1.54366746117805));
#6595=CARTESIAN_POINT('Ctrl Pts',(4.36680034475362,-9.33593465552952,-1.69671245775891));
#6596=CARTESIAN_POINT('Ctrl Pts',(6.02060797002054,-14.0626659845143,-1.99303186263598));
#6597=CARTESIAN_POINT('Ctrl Pts',(4.56731571421282,-18.7628530324462,-2.26967194479525));
#6598=CARTESIAN_POINT('Ctrl Pts',(3.15041953473451,-20.6811631969713,-2.40286486697471));
#6599=CARTESIAN_POINT('Ctrl Pts',(2.72926635025207,-7.56498471115109,-1.99797533233841));
#6600=CARTESIAN_POINT('Ctrl Pts',(3.86955385001195,-9.64556107235371,-2.12959825924386));
#6601=CARTESIAN_POINT('Ctrl Pts',(5.36187221809178,-14.5436978466251,-2.38303979730378));
#6602=CARTESIAN_POINT('Ctrl Pts',(3.62703067511888,-19.2997340749677,-2.61767497805066));
#6603=CARTESIAN_POINT('Ctrl Pts',(2.08736254296826,-21.1931044625518,-2.72985931301925));
#6604=CARTESIAN_POINT('Ctrl Pts',(2.37319507504672,-7.73645959977641,-2.31139080604438));
#6605=CARTESIAN_POINT('Ctrl Pts',(3.47007223409636,-9.88408089696959,-2.42843792719581));
#6606=CARTESIAN_POINT('Ctrl Pts',(4.84832038349792,-14.8987249428672,-2.65342063098534));
#6607=CARTESIAN_POINT('Ctrl Pts',(2.92053477169889,-19.6952436547163,-2.86115196612081));
#6608=CARTESIAN_POINT('Ctrl Pts',(1.29625767331455,-21.5740804885921,-2.96024987501445));
#6609=CARTESIAN_POINT('Ctrl Pts',(1.99912266883,-7.91660337620665,-2.61097129360717));
#6610=CARTESIAN_POINT('Ctrl Pts',(3.05229321254211,-10.1234799866452,-2.71394073328766));
#6611=CARTESIAN_POINT('Ctrl Pts',(4.32026018004903,-15.2422208361652,-2.91223534944141));
#6612=CARTESIAN_POINT('Ctrl Pts',(2.21697907661443,-20.0798337509186,-3.09585216154992));
#6613=CARTESIAN_POINT('Ctrl Pts',(0.514767075903842,-21.9504265251419,-3.1836580712269));
#6614=CARTESIAN_POINT('Ctrl Pts',(1.74555927983414,-8.03871306860587,-2.81500618514802));
#6615=CARTESIAN_POINT('Ctrl Pts',(2.76786136471857,-10.2796731059987,-2.90760950657201));
#6616=CARTESIAN_POINT('Ctrl Pts',(3.96225457118959,-15.4594918422329,-3.08668322548935));
#6617=CARTESIAN_POINT('Ctrl Pts',(1.75268877254385,-20.3264488860663,-3.25355277496354));
#6618=CARTESIAN_POINT('Ctrl Pts',(0.0022321214553922,-22.1972503504559,
-3.33377111963954));
#6619=CARTESIAN_POINT('Ctrl Pts',(1.58879600225299,-8.11420628425003,-2.94604532947562));
#6620=CARTESIAN_POINT('Ctrl Pts',(2.59107548499867,-10.3744825848135,-3.03166897488162));
#6621=CARTESIAN_POINT('Ctrl Pts',(3.73929834633532,-15.58944572054,-3.19789546009476));
#6622=CARTESIAN_POINT('Ctrl Pts',(1.46713864137819,-20.4755526986897,-3.35371021267292));
#6623=CARTESIAN_POINT('Ctrl Pts',(-0.312173004810739,-22.3486598792887,
-3.42897924400571));
#6624=CARTESIAN_POINT('Ctrl Pts',(1.52887350182522,-8.14306343955153,-3.00693022026353));
#6625=CARTESIAN_POINT('Ctrl Pts',(2.53164180817457,-10.4066364713309,-3.09215872606415));
#6626=CARTESIAN_POINT('Ctrl Pts',(3.67885220215462,-15.6268008696798,-3.25811620173175));
#6627=CARTESIAN_POINT('Ctrl Pts',(1.3996882796583,-20.5122668727722,-3.41437879740879));
#6628=CARTESIAN_POINT('Ctrl Pts',(-0.382103881188763,-22.3823368144233,
-3.49014119399905));
#6629=CARTESIAN_POINT('Ctrl Pts',(1.45267735504583,-8.17975756989142,-3.13398839628928));
#6630=CARTESIAN_POINT('Ctrl Pts',(2.46119228160273,-10.4452199927904,-3.21446277149956));
#6631=CARTESIAN_POINT('Ctrl Pts',(3.61742621553479,-15.6672534699106,-3.37161590501777));
#6632=CARTESIAN_POINT('Ctrl Pts',(1.33940201212657,-20.5468784622951,-3.5202231037656));
#6633=CARTESIAN_POINT('Ctrl Pts',(-0.440374032970514,-22.4103982405555,
-3.59252387995055));
#6634=CARTESIAN_POINT('Ctrl Pts',(1.40183993092325,-8.2042395830344,-3.30180764944076));
#6635=CARTESIAN_POINT('Ctrl Pts',(2.41863788725556,-10.4697086294195,-3.37155959662241));
#6636=CARTESIAN_POINT('Ctrl Pts',(3.58941563843256,-15.6900702497891,-3.50783733643841));
#6637=CARTESIAN_POINT('Ctrl Pts',(1.31918944968751,-20.561399283779,-3.63679337968226));
#6638=CARTESIAN_POINT('Ctrl Pts',(-0.455372220389173,-22.4176209869444,
-3.69956835305649));
#6639=CARTESIAN_POINT('Ctrl Pts',(1.40057263971903,-8.204849878313,-3.50421118102382));
#6640=CARTESIAN_POINT('Ctrl Pts',(2.42196691716401,-10.4714197660073,-3.55624030166427));
#6641=CARTESIAN_POINT('Ctrl Pts',(3.60017492129502,-15.6926261609376,-3.65747565679561));
#6642=CARTESIAN_POINT('Ctrl Pts',(1.33180541507659,-20.5592945764745,-3.75269047325554));
#6643=CARTESIAN_POINT('Ctrl Pts',(-0.440747984069555,-22.4105783259134,
-3.7988124564102));
#6644=CARTESIAN_POINT('Ctrl Pts',(1.46915692496285,-8.17182142729052,-3.71573697375172));
#6645=CARTESIAN_POINT('Ctrl Pts',(2.48791459164083,-10.4422742348777,-3.74680820436839));
#6646=CARTESIAN_POINT('Ctrl Pts',(3.65924469009477,-15.6702801990955,-3.80648626999786));
#6647=CARTESIAN_POINT('Ctrl Pts',(1.37963015379847,-20.5393942203316,-3.86152350128362));
#6648=CARTESIAN_POINT('Ctrl Pts',(-0.397763089637158,-22.3898778917627,
-3.88775289129689));
#6649=CARTESIAN_POINT('Ctrl Pts',(1.60767588156484,-8.1051142135673,-3.88689035848372));
#6650=CARTESIAN_POINT('Ctrl Pts',(2.61585648240641,-10.3825528345081,-3.90009217359257));
#6651=CARTESIAN_POINT('Ctrl Pts',(3.76457394494752,-15.6239735928055,-3.92454820509592));
#6652=CARTESIAN_POINT('Ctrl Pts',(1.45922030823636,-20.5033325947531,-3.9458232797347));
#6653=CARTESIAN_POINT('Ctrl Pts',(-0.33057358313073,-22.357521130779,-3.95544792923107));
#6654=CARTESIAN_POINT('Ctrl Pts',(1.77982822540786,-8.02221001420426,-3.98316746479918));
#6655=CARTESIAN_POINT('Ctrl Pts',(2.7750588209979,-10.3070362573975,-3.98701867217829));
#6656=CARTESIAN_POINT('Ctrl Pts',(3.89675274786086,-15.5630071946129,-3.99362316097675));
#6657=CARTESIAN_POINT('Ctrl Pts',(1.56252398474049,-20.4549634331256,-3.99858837026567));
#6658=CARTESIAN_POINT('Ctrl Pts',(-0.241468683390842,-22.3146104726528,
-4.00050186800484));
#6659=CARTESIAN_POINT('Ctrl Pts',(1.89200021317106,-7.96819083195633,-4.));
#6660=CARTESIAN_POINT('Ctrl Pts',(2.88098538948082,-10.2562849636128,-4.00084671657599));
#6661=CARTESIAN_POINT('Ctrl Pts',(3.98979688926506,-15.5188070619904,-4.00215318473388));
#6662=CARTESIAN_POINT('Ctrl Pts',(1.64232403034072,-20.4168455613038,-4.00290377601918));
#6663=CARTESIAN_POINT('Ctrl Pts',(-0.168225015473852,-22.2793381811956,
-4.0030787583785));
#6664=CARTESIAN_POINT('Ctrl Pts',(1.97412287416343,-7.92864264279346,-4.));
#6665=CARTESIAN_POINT('Ctrl Pts',(2.95989648821667,-10.2182833813194,-3.9980777931353));
#6666=CARTESIAN_POINT('Ctrl Pts',(4.06214471498286,-15.4839661853988,-3.99440802712935));
#6667=CARTESIAN_POINT('Ctrl Pts',(1.70817617393853,-20.385132840353,-3.99105515765239));
#6668=CARTESIAN_POINT('Ctrl Pts',(-0.105595196762228,-22.2491772501236,
-3.98946994086053));
#6669=CARTESIAN_POINT('Ctrl Pts',(2.02191675988877,-7.90562632049394,-3.99516908743865));
#6670=CARTESIAN_POINT('Ctrl Pts',(3.00809226862108,-10.1949905347627,-3.99185980123933));
#6671=CARTESIAN_POINT('Ctrl Pts',(4.11117658263643,-15.4601599598585,-3.98583682293003));
#6672=CARTESIAN_POINT('Ctrl Pts',(1.75823457639555,-20.3609265649847,-3.98075540773631));
#6673=CARTESIAN_POINT('Ctrl Pts',(-0.0549844949126587,-22.2248044206728,
-3.97852406733781));
#6674=CARTESIAN_POINT('Ctrl Pts',(2.08417236505035,-7.87564560116965,-3.98096472332456));
#6675=CARTESIAN_POINT('Ctrl Pts',(3.07602145148098,-10.1619077302727,-3.97597604390748));
#6676=CARTESIAN_POINT('Ctrl Pts',(4.19080159493905,-15.4209511920445,-3.967218336539));
#6677=CARTESIAN_POINT('Ctrl Pts',(1.85025906761903,-20.3161668137549,-3.9603121084446));
#6678=CARTESIAN_POINT('Ctrl Pts',(0.043310797520596,-22.1774679026887,-3.95749157157516));
#6679=CARTESIAN_POINT('Ctrl Pts',(2.14122627657964,-7.84816988547342,-3.9600378772784));
#6680=CARTESIAN_POINT('Ctrl Pts',(3.1443811139995,-10.1283758412905,-3.95349691703708));
#6681=CARTESIAN_POINT('Ctrl Pts',(4.28243756704149,-15.3753938205036,-3.94224281264662));
#6682=CARTESIAN_POINT('Ctrl Pts',(1.96628686246286,-20.2595580125597,-3.93372331566021));
#6683=CARTESIAN_POINT('Ctrl Pts',(0.171628031823676,-22.1156735794928,-3.93041107877087));
#6684=CARTESIAN_POINT('Ctrl Pts',(2.17865368990822,-7.83014579316678,-3.94122044468673));
#6685=CARTESIAN_POINT('Ctrl Pts',(3.18866628722758,-10.1064826910647,-3.93463165537962));
#6686=CARTESIAN_POINT('Ctrl Pts',(4.34094931908339,-15.3458934625731,-3.92370569208541));
#6687=CARTESIAN_POINT('Ctrl Pts',(2.04003936823153,-20.2233619220725,-3.91608542672481));
#6688=CARTESIAN_POINT('Ctrl Pts',(0.253008126127418,-22.0764829915999,-3.91344172297428));
#6689=CARTESIAN_POINT('Ctrl Pts',(2.34681814622989,-7.74916205921669,-3.84215159555475));
#6690=CARTESIAN_POINT('Ctrl Pts',(3.37849708331522,-10.0122254978419,-3.8396859291897));
#6691=CARTESIAN_POINT('Ctrl Pts',(4.57628527377016,-15.2259327884954,-3.8389823840971));
#6692=CARTESIAN_POINT('Ctrl Pts',(2.32593370999585,-20.0822805072341,-3.84406123077026));
#6693=CARTESIAN_POINT('Ctrl Pts',(0.563981082777616,-21.9267263085416,-3.84878560346652));
#6694=CARTESIAN_POINT('Ctrl Pts',(2.64831351762544,-7.60396954066464,-3.67563274641664));
#6695=CARTESIAN_POINT('Ctrl Pts',(3.71527617526729,-9.84023908533264,-3.67974441946432));
#6696=CARTESIAN_POINT('Ctrl Pts',(4.99007225551317,-15.003780228287,-3.69527929262423));
#6697=CARTESIAN_POINT('Ctrl Pts',(2.83380937963726,-19.8259566878669,-3.72045519575701));
#6698=CARTESIAN_POINT('Ctrl Pts',(1.11716534551223,-21.6603268080849,-3.7368173823672));
#6699=CARTESIAN_POINT('Ctrl Pts',(3.08778956768561,-7.39232902938188,-3.40277551841384));
#6700=CARTESIAN_POINT('Ctrl Pts',(4.20236638263882,-9.5783684736231,-3.41957353067401));
#6701=CARTESIAN_POINT('Ctrl Pts',(5.58898771576936,-14.651624749039,-3.46411205241275));
#6702=CARTESIAN_POINT('Ctrl Pts',(3.59162563317842,-19.4283035565335,-3.52262315489137));
#6703=CARTESIAN_POINT('Ctrl Pts',(1.94822476085491,-21.2601096869348,-3.55752165349753));
#6704=CARTESIAN_POINT('Ctrl Pts',(3.50162084822122,-7.19303838820731,-3.08688128865874));
#6705=CARTESIAN_POINT('Ctrl Pts',(4.66094610027416,-9.31933723824499,-3.11920211938086));
#6706=CARTESIAN_POINT('Ctrl Pts',(6.15971538467192,-14.2876196526334,-3.19752796248194));
#6707=CARTESIAN_POINT('Ctrl Pts',(4.34012029729153,-19.022091682697,-3.29284229742842));
#6708=CARTESIAN_POINT('Ctrl Pts',(2.77630284638767,-20.8613282985515,-3.34755031480491));
#6709=CARTESIAN_POINT('Ctrl Pts',(4.01824531279951,-6.94424515861137,-2.61652232356079));
#6710=CARTESIAN_POINT('Ctrl Pts',(5.23429681749334,-8.98005957821582,-2.67098193942359));
#6711=CARTESIAN_POINT('Ctrl Pts',(6.8835401346414,-13.7915809520317,-2.7961202903368));
#6712=CARTESIAN_POINT('Ctrl Pts',(5.32275469039837,-18.4732011911795,-2.94070185086355));
#6713=CARTESIAN_POINT('Ctrl Pts',(3.87246123141729,-20.3334462421282,-3.0213411140208));
#6714=CARTESIAN_POINT('Ctrl Pts',(4.59207970873791,-6.66790107812869,-1.94224578987928));
#6715=CARTESIAN_POINT('Ctrl Pts',(5.87588072138909,-8.57343731262077,-2.02425993968963));
#6716=CARTESIAN_POINT('Ctrl Pts',(7.71736218269161,-13.1620640934701,-2.20574682800892));
#6717=CARTESIAN_POINT('Ctrl Pts',(6.51603895596411,-17.7815508995912,-2.40716005840864));
#6718=CARTESIAN_POINT('Ctrl Pts',(5.22031605342629,-19.6843535700113,-2.51684082812072));
#6719=CARTESIAN_POINT('Ctrl Pts',(5.16225867841168,-6.39331735815598,-1.0263211443019));
#6720=CARTESIAN_POINT('Ctrl Pts',(6.52681852458659,-8.12652276029395,-1.1326207273051));
#6721=CARTESIAN_POINT('Ctrl Pts',(8.60710659634561,-12.4220696010492,-1.36164360600593));
#6722=CARTESIAN_POINT('Ctrl Pts',(7.87285944714293,-16.9682690996095,-1.60816229721504));
#6723=CARTESIAN_POINT('Ctrl Pts',(6.77583255927166,-18.93525630166,-1.7398484923413));
#6724=CARTESIAN_POINT('Ctrl Pts',(5.61855540798943,-6.17357643454645,-0.0304519010345187));
#6725=CARTESIAN_POINT('Ctrl Pts',(7.06389224363213,-7.73183735781027,-0.14184058084426));
#6726=CARTESIAN_POINT('Ctrl Pts',(9.38456143949923,-11.7300697339502,-0.377990708581685));
#6727=CARTESIAN_POINT('Ctrl Pts',(9.12327874293942,-16.2031065250486,-0.627321965779642));
#6728=CARTESIAN_POINT('Ctrl Pts',(8.22702544555192,-18.2363986406334,-0.758835951645795));
#6729=CARTESIAN_POINT('Ctrl Pts',(5.97054997123538,-6.00406478692896,1.02532254192452));
#6730=CARTESIAN_POINT('Ctrl Pts',(7.49335437852106,-7.40002249470218,0.936752663323019));
#6731=CARTESIAN_POINT('Ctrl Pts',(10.0415362103986,-11.1218806253825,0.750746557304614));
#6732=CARTESIAN_POINT('Ctrl Pts',(10.221376622282,-15.524533936809,0.556632023292179));
#6733=CARTESIAN_POINT('Ctrl Pts',(9.51283034788643,-17.6171876349307,0.45504194336816));
#6734=CARTESIAN_POINT('Ctrl Pts',(6.18191171594869,-5.90227833528815,1.9439043012871));
#6735=CARTESIAN_POINT('Ctrl Pts',(7.75983783419431,-7.1881101322709,1.90254822822866));
#6736=CARTESIAN_POINT('Ctrl Pts',(10.4669217856528,-10.7219054586373,1.81539681442617));
#6737=CARTESIAN_POINT('Ctrl Pts',(10.9484567327521,-15.0742540144479,1.72405745998669));
#6738=CARTESIAN_POINT('Ctrl Pts',(10.3687956553748,-17.2049764682645,1.67611668640063));
#6739=CARTESIAN_POINT('Ctrl Pts',(6.33128188726287,-5.83034545197631,2.69248992192951));
#6740=CARTESIAN_POINT('Ctrl Pts',(7.93948543419649,-7.05390805341499,2.7038083073266));
#6741=CARTESIAN_POINT('Ctrl Pts',(10.7348563872832,-10.4815458408751,2.7254668216252));
#6742=CARTESIAN_POINT('Ctrl Pts',(11.3861391228994,-14.8063426850696,2.74532665932498));
#6743=CARTESIAN_POINT('Ctrl Pts',(10.878788985242,-16.9593766248394,2.75474534731271));
#6744=CARTESIAN_POINT('Ctrl Pts',(6.40827665881643,-5.79326672421523,3.06963475126451));
#6745=CARTESIAN_POINT('Ctrl Pts',(8.03395428174903,-6.99209984679007,3.10697081328318));
#6746=CARTESIAN_POINT('Ctrl Pts',(10.8739893356675,-10.3764567376158,3.18212961639808));
#6747=CARTESIAN_POINT('Ctrl Pts',(11.597801623889,-14.6848653852663,3.25634148839603));
#6748=CARTESIAN_POINT('Ctrl Pts',(11.1225289801974,-16.8419976296806,3.29367912779346));
#6749=CARTESIAN_POINT('Ctrl Pts',(6.45615616710273,-5.77020916826356,3.28860022205834));
#6750=CARTESIAN_POINT('Ctrl Pts',(8.09403325065247,-6.9562219320832,3.34018142615239));
#6751=CARTESIAN_POINT('Ctrl Pts',(10.9627556893812,-10.3174949645253,3.44455873809153));
#6752=CARTESIAN_POINT('Ctrl Pts',(11.7271179542918,-14.614268748393,3.54835630052243));
#6753=CARTESIAN_POINT('Ctrl Pts',(11.270413261576,-16.770780313248,3.60085540949791));
#6754=CARTESIAN_POINT('Ctrl Pts',(6.46576613582151,-5.76558125124107,3.35305373030749));
#6755=CARTESIAN_POINT('Ctrl Pts',(8.10328666821762,-6.94996573805308,3.40544587289446));
#6756=CARTESIAN_POINT('Ctrl Pts',(10.9722951069436,-10.3086989382845,3.5115420246657));
#6757=CARTESIAN_POINT('Ctrl Pts',(11.7400176788232,-14.6059000397265,3.61715385943849));
#6758=CARTESIAN_POINT('Ctrl Pts',(11.2844945598057,-16.7639991174207,3.670609758708));
#6759=CARTESIAN_POINT('Ctrl Pts',(6.46477042016463,-5.76606076262897,3.46232937572987));
#6760=CARTESIAN_POINT('Ctrl Pts',(8.10036438701602,-6.94901046326215,3.51112620463669));
#6761=CARTESIAN_POINT('Ctrl Pts',(10.9667845335472,-10.3058372357476,3.61001073696237));
#6762=CARTESIAN_POINT('Ctrl Pts',(11.7359539493828,-14.6050264726063,3.70853687818833));
#6763=CARTESIAN_POINT('Ctrl Pts',(11.2804765001303,-16.7659341129773,3.75844098205259));
#6764=CARTESIAN_POINT('Ctrl Pts',(6.44362752602077,-5.77624264381679,3.58409764879484));
#6765=CARTESIAN_POINT('Ctrl Pts',(8.07771020809433,-6.95790188917089,3.62478000761513));
#6766=CARTESIAN_POINT('Ctrl Pts',(10.9421926051923,-10.3129684482024,3.70725708628854));
#6767=CARTESIAN_POINT('Ctrl Pts',(11.7128712863714,-14.6137244645482,3.78948390639421));
#6768=CARTESIAN_POINT('Ctrl Pts',(11.2575715905227,-16.7769645360904,3.83115042171991));
#6769=CARTESIAN_POINT('Ctrl Pts',(6.37737118624171,-5.80815001538946,3.75193687947167));
#6770=CARTESIAN_POINT('Ctrl Pts',(8.01341556065736,-6.98664187182192,3.77816413275224));
#6771=CARTESIAN_POINT('Ctrl Pts',(10.8831318324194,-10.3362217226133,3.83135867708436));
#6772=CARTESIAN_POINT('Ctrl Pts',(11.6628405167087,-14.6351550494023,3.88442265440126));
#6773=CARTESIAN_POINT('Ctrl Pts',(11.2114783348527,-16.7991618781193,3.91132305750314));
#6774=CARTESIAN_POINT('Ctrl Pts',(6.20217190428315,-5.89252154281401,3.95106009842449));
#6775=CARTESIAN_POINT('Ctrl Pts',(7.85254710659428,-7.06222905727372,3.95580672997891));
#6776=CARTESIAN_POINT('Ctrl Pts',(10.7524397146493,-10.3947638892543,3.96543045641244));
#6777=CARTESIAN_POINT('Ctrl Pts',(11.5655406070153,-14.6797562514987,3.9750258943504));
#6778=CARTESIAN_POINT('Ctrl Pts',(11.1305874475048,-16.8381168763588,3.9798884973652));
#6779=CARTESIAN_POINT('Ctrl Pts',(6.00950936651614,-5.98530293099766,4.));
#6780=CARTESIAN_POINT('Ctrl Pts',(7.67832716946083,-7.14561453365286,4.));
#6781=CARTESIAN_POINT('Ctrl Pts',(10.6159825742342,-10.4592772561044,4.));
#6782=CARTESIAN_POINT('Ctrl Pts',(11.4677248016923,-14.7262455387694,4.));
#6783=CARTESIAN_POINT('Ctrl Pts',(11.0522457370083,-16.8758442557279,4.));
#6784=CARTESIAN_POINT('Ctrl Pts',(5.92424095848786,-6.0263660320902,4.));
#6785=CARTESIAN_POINT('Ctrl Pts',(7.60039312602756,-7.18314559091136,4.));
#6786=CARTESIAN_POINT('Ctrl Pts',(10.5529514023013,-10.489631468701,4.));
#6787=CARTESIAN_POINT('Ctrl Pts',(11.4195965012597,-14.7494229067041,4.));
#6788=CARTESIAN_POINT('Ctrl Pts',(11.0116859434811,-16.8953768228347,4.));
#6789=CARTESIAN_POINT('Ctrl Pts',(11.1489593984086,-14.7631536039099,4.));
#6790=CARTESIAN_POINT('Ctrl Pts',(11.158448240754,-14.7559877421377,4.));
#6791=CARTESIAN_POINT('Ctrl Pts',(11.1791677227295,-14.7403297182092,3.99963106674207));
#6792=CARTESIAN_POINT('Ctrl Pts',(11.2244949424471,-14.7058244163578,3.99014035422819));
#6793=CARTESIAN_POINT('Ctrl Pts',(11.2430638960044,-14.6916312015124,3.98425305633852));
#6794=CARTESIAN_POINT('Ctrl Pts',(11.3081826544042,-14.6416712231555,3.9559998896479));
#6795=CARTESIAN_POINT('Ctrl Pts',(11.3403255951252,-14.6166902322843,3.92731800691329));
#6796=CARTESIAN_POINT('Ctrl Pts',(11.389031924304,-14.5787965867918,3.87694583636316));
#6797=CARTESIAN_POINT('Ctrl Pts',(11.4125130045133,-14.5603933171539,3.84183325638589));
#6798=CARTESIAN_POINT('Ctrl Pts',(11.4429554687743,-14.5364725031274,3.77281804743377));
#6799=CARTESIAN_POINT('Ctrl Pts',(11.4548692519037,-14.5270787667262,3.73657133226678));
#6800=CARTESIAN_POINT('Ctrl Pts',(11.465705948331,-14.5185273122908,3.65060958714906));
#6801=CARTESIAN_POINT('Ctrl Pts',(11.4628266497402,-14.5207994462109,3.61489796806179));
#6802=CARTESIAN_POINT('Ctrl Pts',(11.4528859714964,-14.52864375219,3.53640397662932));
#6803=CARTESIAN_POINT('Ctrl Pts',(11.4373650879749,-14.5436201350106,3.51902672158243));
#6804=CARTESIAN_POINT('Ctrl Pts',(11.0351639273316,-14.8500719193183,2.55168446116794));
#6805=CARTESIAN_POINT('Ctrl Pts',(10.894173059437,-14.9541466523973,2.20403724256559));
#6806=CARTESIAN_POINT('Ctrl Pts',(10.3315300922353,-15.3527864425145,1.11472675504318));
#6807=CARTESIAN_POINT('Ctrl Pts',(9.80496451338982,-15.7163357032412,0.341062461825516));
#6808=CARTESIAN_POINT('Ctrl Pts',(8.15338466313296,-16.6332809511677,-1.25434706398673));
#6809=CARTESIAN_POINT('Ctrl Pts',(7.17627456181888,-17.0869222761577,-1.93368070743186));
#6810=CARTESIAN_POINT('Ctrl Pts',(5.53618161170738,-17.6637311849662,-2.83269408764314));
#6811=CARTESIAN_POINT('Ctrl Pts',(4.90838354414696,-17.8495810441517,-3.1271376373287));
#6812=CARTESIAN_POINT('Ctrl Pts',(3.47266919118529,-18.1889525699875,-3.6846238771806));
#6813=CARTESIAN_POINT('Ctrl Pts',(2.6667108619608,-18.308084427875,-3.93780887422949));
#6814=CARTESIAN_POINT('Ctrl Pts',(2.45113751999531,-18.336900633915,-3.98745847361172));
#6815=CARTESIAN_POINT('Ctrl Pts',(8.40530651013505,0.874380327796281,4.));
#6816=CARTESIAN_POINT('Ctrl Pts',(10.3547769703213,1.4636086038622,4.));
#6817=CARTESIAN_POINT('Ctrl Pts',(14.7807817005635,1.71045139328285,4.));
#6818=CARTESIAN_POINT('Ctrl Pts',(18.6515651365735,-0.267914703864938,4.));
#6819=CARTESIAN_POINT('Ctrl Pts',(20.0750113952845,-1.92481240193358,4.));
#6820=CARTESIAN_POINT('Ctrl Pts',(8.39180233299707,0.81521466194733,4.));
#6821=CARTESIAN_POINT('Ctrl Pts',(10.3424343553724,1.40953207448098,4.));
#6822=CARTESIAN_POINT('Ctrl Pts',(14.7707992917126,1.66671560246787,4.));
#6823=CARTESIAN_POINT('Ctrl Pts',(18.6439429338208,-0.301309756113666,4.));
#6824=CARTESIAN_POINT('Ctrl Pts',(20.0685878364409,-1.95295585208379,4.));
#6825=CARTESIAN_POINT('Ctrl Pts',(8.36670927878537,0.705274808119087,3.98582916571573));
#6826=CARTESIAN_POINT('Ctrl Pts',(10.320571905236,1.31309171267554,3.98737278297858));
#6827=CARTESIAN_POINT('Ctrl Pts',(14.755390780757,1.59767807733877,3.99051585545546));
#6828=CARTESIAN_POINT('Ctrl Pts',(18.6346074375959,-0.342995633442011,3.99366773545514));
#6829=CARTESIAN_POINT('Ctrl Pts',(20.0622693256125,-1.98063905680748,3.99527170265974));
#6830=CARTESIAN_POINT('Ctrl Pts',(8.33130756448636,0.550169763413632,3.90526603799146));
#6831=CARTESIAN_POINT('Ctrl Pts',(10.2901160846571,1.17750407252549,3.91835481359676));
#6832=CARTESIAN_POINT('Ctrl Pts',(14.7346217539064,1.50165921794922,3.94497817873574));
#6833=CARTESIAN_POINT('Ctrl Pts',(18.622273143241,-0.399613948268828,3.9716390965213));
#6834=CARTESIAN_POINT('Ctrl Pts',(20.053997685418,-2.01687948040171,3.98519292383518));
#6835=CARTESIAN_POINT('Ctrl Pts',(8.3108143115322,0.460382955668412,3.82831592544061));
#6836=CARTESIAN_POINT('Ctrl Pts',(10.2726234778739,1.09861806099395,3.85255740954494));
#6837=CARTESIAN_POINT('Ctrl Pts',(14.7228475066243,1.4448298006463,3.90186450396214));
#6838=CARTESIAN_POINT('Ctrl Pts',(18.6149105502855,-0.434562342326405,3.95123905742743));
#6839=CARTESIAN_POINT('Ctrl Pts',(20.0486449615839,-2.04033129582977,3.97633922621907));
#6840=CARTESIAN_POINT('Ctrl Pts',(8.29649557513222,0.397648472510784,3.75176814305313));
#6841=CARTESIAN_POINT('Ctrl Pts',(10.2603599766035,1.04201794086938,3.78630030653605));
#6842=CARTESIAN_POINT('Ctrl Pts',(14.7142760815337,1.40057538821315,3.85654565531728));
#6843=CARTESIAN_POINT('Ctrl Pts',(18.6083612586839,-0.466695413539516,3.92689656378537));
#6844=CARTESIAN_POINT('Ctrl Pts',(20.0428279036298,-2.06581749196177,3.96266382607261));
#6845=CARTESIAN_POINT('Ctrl Pts',(8.28702067704354,0.35613623162856,3.68135501348671));
#6846=CARTESIAN_POINT('Ctrl Pts',(10.252416349564,1.00372770774215,3.72546992994674));
#6847=CARTESIAN_POINT('Ctrl Pts',(14.708855876268,1.36868763382374,3.81522106900423));
#6848=CARTESIAN_POINT('Ctrl Pts',(18.6034357167177,-0.492453252803687,3.90512390930326));
#6849=CARTESIAN_POINT('Ctrl Pts',(20.0377955384201,-2.08786572454788,3.95083784666669));
#6850=CARTESIAN_POINT('Ctrl Pts',(8.28062027984778,0.328094259288002,3.61798966580093));
#6851=CARTESIAN_POINT('Ctrl Pts',(10.2468839341996,0.975392562687315,3.66816676676913));
#6852=CARTESIAN_POINT('Ctrl Pts',(14.704396410897,1.33958715575638,3.77027604288589));
#6853=CARTESIAN_POINT('Ctrl Pts',(18.5976660488162,-0.52263922629047,3.8725910493934));
#6854=CARTESIAN_POINT('Ctrl Pts',(20.030939894776,-2.11790226190091,3.92462861780709));
#6855=CARTESIAN_POINT('Ctrl Pts',(8.2778710826988,0.316049239572433,3.57994406107032));
#6856=CARTESIAN_POINT('Ctrl Pts',(10.2447402296861,0.962868664873634,3.63445585727622));
#6857=CARTESIAN_POINT('Ctrl Pts',(14.7029549141356,1.32596051515948,3.74540357071604));
#6858=CARTESIAN_POINT('Ctrl Pts',(18.5951046765801,-0.537613384906836,3.85659819016151));
#6859=CARTESIAN_POINT('Ctrl Pts',(20.0274882261816,-2.13302501011372,3.91316059444491));
#6860=CARTESIAN_POINT('Ctrl Pts',(8.26639534581241,0.265770751142247,3.39584318430242));
#6861=CARTESIAN_POINT('Ctrl Pts',(10.2315132238998,0.887982195974992,3.43830265649789));
#6862=CARTESIAN_POINT('Ctrl Pts',(14.6833136475146,1.20037111773796,3.52492650619726));
#6863=CARTESIAN_POINT('Ctrl Pts',(18.5591959953433,-0.71522933362167,3.6120195381716));
#6864=CARTESIAN_POINT('Ctrl Pts',(19.9815791692846,-2.33416573065223,3.65642427224954));
#6865=CARTESIAN_POINT('Ctrl Pts',(8.24693509773331,0.180509833470443,3.06564523200938));
#6866=CARTESIAN_POINT('Ctrl Pts',(10.2128716558726,0.7591119503607,3.08380274468691));
#6867=CARTESIAN_POINT('Ctrl Pts',(14.6583767107003,0.980935086791865,3.12150372893292));
#6868=CARTESIAN_POINT('Ctrl Pts',(18.5005042982561,-1.02891941710601,3.16028733968445));
#6869=CARTESIAN_POINT('Ctrl Pts',(19.9008990230032,-2.68764854761759,3.18038542810812));
#6870=CARTESIAN_POINT('Ctrl Pts',(8.21842624508644,0.0556043888655634,2.57766539805642));
#6871=CARTESIAN_POINT('Ctrl Pts',(10.1958787439753,0.569763326942026,2.55461294298125));
#6872=CARTESIAN_POINT('Ctrl Pts',(14.6454071125971,0.655881054772363,2.50965059097152));
#6873=CARTESIAN_POINT('Ctrl Pts',(18.4247099312741,-1.49865333344994,2.46721050334088));
#6874=CARTESIAN_POINT('Ctrl Pts',(19.7814026913855,-3.2111961843549,2.44659273285137));
#6875=CARTESIAN_POINT('Ctrl Pts',(8.18757564369741,-0.0795609273454021,
2.09889906424108));
#6876=CARTESIAN_POINT('Ctrl Pts',(10.1850694385125,0.369266475161957,2.0329562719169));
#6877=CARTESIAN_POINT('Ctrl Pts',(14.6494943618422,0.31628526872158,1.90221496910865));
#6878=CARTESIAN_POINT('Ctrl Pts',(18.3545987136995,-1.98930288651689,1.7758367287364));
#6879=CARTESIAN_POINT('Ctrl Pts',(19.657889030433,-3.75234489093908,1.71327336394201));
#6880=CARTESIAN_POINT('Ctrl Pts',(8.15275769801661,-0.23210831462048,1.63124143385601));
#6881=CARTESIAN_POINT('Ctrl Pts',(10.176883054393,0.147884148471363,1.5238352257022));
#6882=CARTESIAN_POINT('Ctrl Pts',(14.6641340915312,-0.0526621980786149,
1.3104250228523));
#6883=CARTESIAN_POINT('Ctrl Pts',(18.2841346534046,-2.5202889653019,1.10350152933418));
#6884=CARTESIAN_POINT('Ctrl Pts',(19.5251628284148,-4.33385637718359,1.00082059971366));
#6885=CARTESIAN_POINT('Ctrl Pts',(8.11234681249443,-0.409159972417694,1.17658771019385));
#6886=CARTESIAN_POINT('Ctrl Pts',(10.1675478546502,-0.105045578362859,1.0344338493298));
#6887=CARTESIAN_POINT('Ctrl Pts',(14.6821820415115,-0.46857482784753,0.752123207906951));
#6888=CARTESIAN_POINT('Ctrl Pts',(18.2062130236407,-3.1157148911184,0.478587460206149));
#6889=CARTESIAN_POINT('Ctrl Pts',(19.3767423494818,-4.98412898335347,0.34292595473666));
#6890=CARTESIAN_POINT('Ctrl Pts',(8.06702458488785,-0.607729625844491,0.734097742180511));
#6891=CARTESIAN_POINT('Ctrl Pts',(10.1561284032044,-0.387757984446757,0.567825918081398));
#6892=CARTESIAN_POINT('Ctrl Pts',(14.700405358913,-0.931929107791279,0.238247986769986));
#6893=CARTESIAN_POINT('Ctrl Pts',(18.1187156113371,-3.77783664138047,-0.0802206402790916));
#6894=CARTESIAN_POINT('Ctrl Pts',(19.2116783702778,-5.70732152870478,-0.237835581274001));
#6895=CARTESIAN_POINT('Ctrl Pts',(8.01747261295383,-0.824831000008316,0.302931378741896));
#6896=CARTESIAN_POINT('Ctrl Pts',(10.1426496048312,-0.694280820685314,0.122306330576946));
#6897=CARTESIAN_POINT('Ctrl Pts',(14.7184828713598,-1.43044461935092,-0.23475136894094));
#6898=CARTESIAN_POINT('Ctrl Pts',(18.0243872235562,-4.48760391017316,-0.578437438850599));
#6899=CARTESIAN_POINT('Ctrl Pts',(19.0348756863636,-6.48194469980162,-0.748019961257144));
#6900=CARTESIAN_POINT('Ctrl Pts',(7.94539712996754,-1.14061432384214,-0.256194290511297));
#6901=CARTESIAN_POINT('Ctrl Pts',(10.1204407792599,-1.13344146934026,-0.443908499800873));
#6902=CARTESIAN_POINT('Ctrl Pts',(14.7399327653742,-2.134537320313,-0.813313379487819));
#6903=CARTESIAN_POINT('Ctrl Pts',(17.8906306812185,-5.48320312940685,-1.16658405782379));
#6904=CARTESIAN_POINT('Ctrl Pts',(18.7872326268236,-7.5669398358141,-1.34000936618616));
#6905=CARTESIAN_POINT('Ctrl Pts',(7.84335393552478,-1.58769477034954,-0.92429983102101));
#6906=CARTESIAN_POINT('Ctrl Pts',(10.0820962074672,-1.73641573150638,-1.1020452753663));
#6907=CARTESIAN_POINT('Ctrl Pts',(14.7576357945914,-3.07243202785081,-1.44919734580493));
#6908=CARTESIAN_POINT('Ctrl Pts',(17.7113633682342,-6.78976148894522,-1.7775337699223));
#6909=CARTESIAN_POINT('Ctrl Pts',(18.4633357468108,-8.98602478831218,-1.93730136118489));
#6910=CARTESIAN_POINT('Ctrl Pts',(7.72416661690628,-2.10988853267705,-1.54366746117805));
#6911=CARTESIAN_POINT('Ctrl Pts',(10.0217831136644,-2.40675806136154,-1.69671245775891));
#6912=CARTESIAN_POINT('Ctrl Pts',(14.7484226644228,-4.06082797373038,-1.99303186263598));
#6913=CARTESIAN_POINT('Ctrl Pts',(17.517063971368,-8.12757630376184,-2.26967194479525));
#6914=CARTESIAN_POINT('Ctrl Pts',(18.1334389329348,-10.43139716865,-2.40286486697471));
#6915=CARTESIAN_POINT('Ctrl Pts',(7.61621294750561,-2.58286446195224,-1.99797533233841));
#6916=CARTESIAN_POINT('Ctrl Pts',(9.95383067565987,-2.9885699387734,-2.12959825924386));
#6917=CARTESIAN_POINT('Ctrl Pts',(14.7137934948439,-4.87576678361069,-2.38303979730378));
#6918=CARTESIAN_POINT('Ctrl Pts',(17.3505563400362,-9.1974606046426,-2.61767497805066));
#6919=CARTESIAN_POINT('Ctrl Pts',(17.8708855383794,-11.5817187507107,-2.72985931301925));
#6920=CARTESIAN_POINT('Ctrl Pts',(7.52827060506022,-2.96816503924307,-2.31139080604438));
#6921=CARTESIAN_POINT('Ctrl Pts',(9.89124027018391,-3.44961192095253,-2.42843792719581));
#6922=CARTESIAN_POINT('Ctrl Pts',(14.6711705242201,-5.49863354966589,-2.65342063098534));
#6923=CARTESIAN_POINT('Ctrl Pts',(17.219285190264,-9.99641753368172,-2.86115196612081));
#6924=CARTESIAN_POINT('Ctrl Pts',(17.6754987711734,-12.4377641107286,-2.96024987501445));
#6925=CARTESIAN_POINT('Ctrl Pts',(7.43588235041118,-3.37294443061845,-2.61097129360717));
#6926=CARTESIAN_POINT('Ctrl Pts',(9.81792905599693,-3.92550760370538,-2.71394073328766));
#6927=CARTESIAN_POINT('Ctrl Pts',(14.6104862760811,-6.12565382781235,-2.91223534944141));
#6928=CARTESIAN_POINT('Ctrl Pts',(17.0813100343956,-10.7862675286464,-3.09585216154992));
#6929=CARTESIAN_POINT('Ctrl Pts',(17.4824865331159,-13.2834059787957,-3.1836580712269));
#6930=CARTESIAN_POINT('Ctrl Pts',(7.37325736507972,-3.64732241885572,-2.81500618514802));
#6931=CARTESIAN_POINT('Ctrl Pts',(9.76270539761053,-4.24527019398776,-2.90760950657201));
#6932=CARTESIAN_POINT('Ctrl Pts',(14.5571427427203,-6.54102014024161,-3.08668322548935));
#6933=CARTESIAN_POINT('Ctrl Pts',(16.9846412414173,-11.3030263271221,-3.25355277496354));
#6934=CARTESIAN_POINT('Ctrl Pts',(17.3559008531749,-13.8380140799879,-3.33377111963954));
#6935=CARTESIAN_POINT('Ctrl Pts',(7.33454003290528,-3.8169541346272,-2.94604532947562));
#6936=CARTESIAN_POINT('Ctrl Pts',(9.72660623986632,-4.44259970356914,-3.03166897488162));
#6937=CARTESIAN_POINT('Ctrl Pts',(14.519733843592,-6.79635925388135,-3.19789546009476));
#6938=CARTESIAN_POINT('Ctrl Pts',(16.923177701581,-11.6192431160792,-3.35371021267292));
#6939=CARTESIAN_POINT('Ctrl Pts',(17.278249199683,-14.1782282030836,-3.42897924400571));
#6940=CARTESIAN_POINT('Ctrl Pts',(7.31974039749587,-3.88179557401097,-3.00693022026353));
#6941=CARTESIAN_POINT('Ctrl Pts',(9.7146888692426,-4.50911444356281,-3.09215872606415));
#6942=CARTESIAN_POINT('Ctrl Pts',(14.5112517207634,-6.86690850693121,-3.25811620173175));
#6943=CARTESIAN_POINT('Ctrl Pts',(16.9098273860675,-11.6948688454998,-3.41437879740879));
#6944=CARTESIAN_POINT('Ctrl Pts',(17.2609776995475,-14.2538995894468,-3.49014119399905));
#6945=CARTESIAN_POINT('Ctrl Pts',(7.3009215033595,-3.96424653646085,-3.13398839628928));
#6946=CARTESIAN_POINT('Ctrl Pts',(9.70093011966077,-4.58825053351142,-3.21446277149956));
#6947=CARTESIAN_POINT('Ctrl Pts',(14.504580360945,-6.94015506081484,-3.37161590501777));
#6948=CARTESIAN_POINT('Ctrl Pts',(16.8992999434166,-11.7635825205102,-3.5202231037656));
#6949=CARTESIAN_POINT('Ctrl Pts',(17.2465861605519,-14.316953041617,-3.59252387995055));
#6950=CARTESIAN_POINT('Ctrl Pts',(7.28836569649568,-4.01925712065108,-3.30180764944076));
#6951=CARTESIAN_POINT('Ctrl Pts',(9.69354387584039,-4.63678931392908,-3.37155959662241));
#6952=CARTESIAN_POINT('Ctrl Pts',(14.5049549286151,-6.97628064140094,-3.50783733643841));
#6953=CARTESIAN_POINT('Ctrl Pts',(16.8980504522538,-11.7884389222762,-3.63679337968226));
#6954=CARTESIAN_POINT('Ctrl Pts',(17.2428819141668,-14.3331824054357,-3.69956835305649));
#6955=CARTESIAN_POINT('Ctrl Pts',(7.28805270141627,-4.02062844169432,-3.50421118102382));
#6956=CARTESIAN_POINT('Ctrl Pts',(9.6969573124935,-4.63525344975263,-3.55624030166427));
#6957=CARTESIAN_POINT('Ctrl Pts',(14.5136615235575,-6.96946227986583,-3.65747565679561));
#6958=CARTESIAN_POINT('Ctrl Pts',(16.9042708515825,-11.7772630998131,-3.75269047325554));
#6959=CARTESIAN_POINT('Ctrl Pts',(17.2464938022576,-14.3173576897433,-3.7988124564102));
#6960=CARTESIAN_POINT('Ctrl Pts',(7.30499162100704,-3.94641418590443,-3.71573697375172));
#6961=CARTESIAN_POINT('Ctrl Pts',(9.71528812117571,-4.56552154022202,-3.74680820436839));
#6962=CARTESIAN_POINT('Ctrl Pts',(14.5330201455281,-6.90934719563479,-3.80648626999786));
#6963=CARTESIAN_POINT('Ctrl Pts',(16.9185303635073,-11.7274645443311,-3.86152350128362));
#6964=CARTESIAN_POINT('Ctrl Pts',(17.2571101944504,-14.2708442364184,-3.88775289129689));
#6965=CARTESIAN_POINT('Ctrl Pts',(7.33920297801596,-3.79652443724753,-3.88689035848372));
#6966=CARTESIAN_POINT('Ctrl Pts',(9.74836651431261,-4.42825685801189,-3.90009217359257));
#6967=CARTESIAN_POINT('Ctrl Pts',(14.5624878991224,-6.79812577138554,-3.92454820509592));
#6968=CARTESIAN_POINT('Ctrl Pts',(16.9399598989415,-11.6427544001104,-3.9458232797347));
#6969=CARTESIAN_POINT('Ctrl Pts',(17.2737046321413,-14.1981392544457,-3.95544792923107));
#6970=CARTESIAN_POINT('Ctrl Pts',(7.38172109567733,-3.61024039221629,-3.98316746479918));
#6971=CARTESIAN_POINT('Ctrl Pts',(9.78858631142315,-4.25670364191878,-3.98701867217829));
#6972=CARTESIAN_POINT('Ctrl Pts',(14.597234585281,-6.65677229442377,-3.99362316097675));
#6973=CARTESIAN_POINT('Ctrl Pts',(16.9665521543954,-11.5318306545656,-3.99858837026567));
#6974=CARTESIAN_POINT('Ctrl Pts',(17.2957117249684,-14.1017198808542,-4.00050186800484));
#6975=CARTESIAN_POINT('Ctrl Pts',(7.40942528876329,-3.48886039149566,-4.));
#6976=CARTESIAN_POINT('Ctrl Pts',(9.81495148736126,-4.14224400174311,-4.00084671657599));
#6977=CARTESIAN_POINT('Ctrl Pts',(14.6206896033558,-6.55646912348385,-4.00215318473388));
#6978=CARTESIAN_POINT('Ctrl Pts',(16.9865049167799,-11.4456743622635,-4.00290377601918));
#6979=CARTESIAN_POINT('Ctrl Pts',(17.3138014170453,-14.0224637613735,-4.0030787583785));
#6980=CARTESIAN_POINT('Ctrl Pts',(7.42970791103141,-3.39999641708275,-4.));
#6981=CARTESIAN_POINT('Ctrl Pts',(9.83444091925596,-4.05685522142085,-3.9980777931353));
#6982=CARTESIAN_POINT('Ctrl Pts',(14.6385580406814,-6.47818238440688,-3.99440802712935));
#6983=CARTESIAN_POINT('Ctrl Pts',(17.0027690531097,-11.3744165251087,-3.99105515765239));
#6984=CARTESIAN_POINT('Ctrl Pts',(17.3292697048516,-13.9546927644255,-3.98946994086053));
#6985=CARTESIAN_POINT('Ctrl Pts',(7.44151202598796,-3.34827921032315,-3.99516908743865));
#6986=CARTESIAN_POINT('Ctrl Pts',(9.84627941607637,-4.00465139069418,-3.99185980123933));
#6987=CARTESIAN_POINT('Ctrl Pts',(14.6505164535233,-6.42500478778597,-3.98583682293003));
#6988=CARTESIAN_POINT('Ctrl Pts',(17.0150547283828,-11.3201869242726,-3.98075540773631));
#6989=CARTESIAN_POINT('Ctrl Pts',(17.3417695159383,-13.8999275137647,-3.97852406733781));
#6990=CARTESIAN_POINT('Ctrl Pts',(7.45688789067998,-3.28091314549664,-3.98096472332456));
#6991=CARTESIAN_POINT('Ctrl Pts',(9.86276739075952,-3.93091542573959,-3.97597604390748));
#6992=CARTESIAN_POINT('Ctrl Pts',(14.6695071876011,-6.33830517950043,-3.967218336539));
#6993=CARTESIAN_POINT('Ctrl Pts',(17.0374364775229,-11.2203320314505,-3.9603121084446));
#6994=CARTESIAN_POINT('Ctrl Pts',(17.3660464483107,-13.7935633233434,-3.95749157157516));
#6995=CARTESIAN_POINT('Ctrl Pts',(7.47097904313999,-3.21917577272973,-3.9600378772784));
#6996=CARTESIAN_POINT('Ctrl Pts',(9.87917265672543,-3.85656289863428,-3.95349691703708));
#6997=CARTESIAN_POINT('Ctrl Pts',(14.6910230943613,-6.23825673502895,-3.94224281264662));
#6998=CARTESIAN_POINT('Ctrl Pts',(17.065520081381,-11.0943228383596,-3.93372331566021));
#6999=CARTESIAN_POINT('Ctrl Pts',(17.397738187989,-13.6547127394966,-3.93041107877087));
#7000=CARTESIAN_POINT('Ctrl Pts',(7.48022285085207,-3.17867600494115,-3.94122044468673));
#7001=CARTESIAN_POINT('Ctrl Pts',(9.88966725650976,-3.80828920010168,-3.93463165537962));
#7002=CARTESIAN_POINT('Ctrl Pts',(14.7044402664741,-6.17411723286736,-3.92370569208541));
#7003=CARTESIAN_POINT('Ctrl Pts',(17.0832047735042,-11.0140929141528,-3.91608542672481));
#7004=CARTESIAN_POINT('Ctrl Pts',(17.4178374114307,-13.5666522878436,-3.91344172297428));
#7005=CARTESIAN_POINT('Ctrl Pts',(7.52175604163376,-2.99670720652243,-3.84215159555475));
#7006=CARTESIAN_POINT('Ctrl Pts',(9.93433158083848,-3.60110510865215,-3.8396859291897));
#7007=CARTESIAN_POINT('Ctrl Pts',(14.75738080258,-5.91532991762504,-3.8389823840971));
#7008=CARTESIAN_POINT('Ctrl Pts',(17.1511550882915,-10.7026088937185,-3.84406123077026));
#7009=CARTESIAN_POINT('Ctrl Pts',(17.494641389031,-13.2301520754913,-3.84878560346652));
#7010=CARTESIAN_POINT('Ctrl Pts',(7.59621924898367,-2.67046257872361,-3.67563274641664));
#7011=CARTESIAN_POINT('Ctrl Pts',(10.0098455182934,-3.23056883766922,-3.67974441946432));
#7012=CARTESIAN_POINT('Ctrl Pts',(14.8416869003568,-5.45330837251615,-3.69527929262423));
#7013=CARTESIAN_POINT('Ctrl Pts',(17.2674083572374,-10.1457204186644,-3.72045519575701));
#7014=CARTESIAN_POINT('Ctrl Pts',(17.6312666190239,-12.6315578315245,-3.7368173823672));
#7015=CARTESIAN_POINT('Ctrl Pts',(7.70476086967086,-2.1949106665509,-3.40277551841384));
#7016=CARTESIAN_POINT('Ctrl Pts',(10.1088026066071,-2.68647272293687,-3.41957353067401));
#7017=CARTESIAN_POINT('Ctrl Pts',(14.9397783416024,-4.76549206037128,-3.46411205241275));
#7018=CARTESIAN_POINT('Ctrl Pts',(17.4290013258246,-9.30530314165628,-3.52262315489137));
#7019=CARTESIAN_POINT('Ctrl Pts',(17.8365213440909,-11.7322781232418,-3.55752165349753));
#7020=CARTESIAN_POINT('Ctrl Pts',(7.80696875534343,-1.74710866061987,-3.08688128865874));
#7021=CARTESIAN_POINT('Ctrl Pts',(10.1922036091308,-2.16643732884714,-3.11920211938086));
#7022=CARTESIAN_POINT('Ctrl Pts',(15.011030578653,-4.09232573547413,-3.19752796248194));
#7023=CARTESIAN_POINT('Ctrl Pts',(17.5780908841271,-8.46683748806234,-3.29284229742842));
#7024=CARTESIAN_POINT('Ctrl Pts',(18.0410397415029,-10.8362244772024,-3.34755031480491));
#7025=CARTESIAN_POINT('Ctrl Pts',(7.93456446087572,-1.18807534817481,-2.61652232356079));
#7026=CARTESIAN_POINT('Ctrl Pts',(10.2844239782964,-1.50663752660287,-2.67098193942359));
#7027=CARTESIAN_POINT('Ctrl Pts',(15.074509255939,-3.21714168700604,-2.7961202903368));
#7028=CARTESIAN_POINT('Ctrl Pts',(17.7616135404892,-7.35635535997718,-2.94070185086355));
#7029=CARTESIAN_POINT('Ctrl Pts',(18.3117685050491,-9.65008426325073,-3.0213411140208));
#7030=CARTESIAN_POINT('Ctrl Pts',(8.07628985258404,-0.567135835722159,-1.94224578987928));
#7031=CARTESIAN_POINT('Ctrl Pts',(10.3665349106975,-0.751502196085229,-2.02425993968963));
#7032=CARTESIAN_POINT('Ctrl Pts',(15.1022127006954,-2.17273601765308,-2.20574682800892));
#7033=CARTESIAN_POINT('Ctrl Pts',(17.964860137966,-5.99217125036623,-2.40716005840864));
#7034=CARTESIAN_POINT('Ctrl Pts',(18.6446611548575,-8.19158626808162,-2.51684082812072));
#7035=CARTESIAN_POINT('Ctrl Pts',(8.2171124285621,0.0498481825693992,-1.0263211443019));
#7036=CARTESIAN_POINT('Ctrl Pts',(10.4229761256532,0.0360681372611861,-1.1326207273051));
#7037=CARTESIAN_POINT('Ctrl Pts',(15.0784082778418,-1.01572680425227,-1.36164360600593));
#7038=CARTESIAN_POINT('Ctrl Pts',(18.174974561825,-4.42429336597898,-1.60816229721504));
#7039=CARTESIAN_POINT('Ctrl Pts',(19.0288420050472,-6.50837998489576,-1.7398484923413));
#7040=CARTESIAN_POINT('Ctrl Pts',(8.32980841401079,0.543601556022044,-0.0304519010345187));
#7041=CARTESIAN_POINT('Ctrl Pts',(10.4492586389921,0.702051602608262,-0.14184058084426));
#7042=CARTESIAN_POINT('Ctrl Pts',(15.0221161619922,0.023566728346254,-0.377990708581685));
#7043=CARTESIAN_POINT('Ctrl Pts',(18.3563700508034,-2.96960513223707,-0.627321965779642));
#7044=CARTESIAN_POINT('Ctrl Pts',(19.3872570490183,-4.93806107466728,-0.758835951645795));
#7045=CARTESIAN_POINT('Ctrl Pts',(8.41674389175198,0.924490770811088,1.02532254192452));
#7046=CARTESIAN_POINT('Ctrl Pts',(10.4576005940511,1.24470180344541,0.936752663323019));
#7047=CARTESIAN_POINT('Ctrl Pts',(14.956231839354,0.91640999421618,0.750746557304614));
#7048=CARTESIAN_POINT('Ctrl Pts',(18.5104934673907,-1.68799455074743,0.556632023292179));
#7049=CARTESIAN_POINT('Ctrl Pts',(19.7048246342548,-3.54670657445615,0.45504194336816));
#7050=CARTESIAN_POINT('Ctrl Pts',(8.4689459317023,1.15320285158276,1.9439043012871));
#7051=CARTESIAN_POINT('Ctrl Pts',(10.4580705545545,1.58517215551132,1.90254822822866));
#7052=CARTESIAN_POINT('Ctrl Pts',(14.908742229816,1.49837026659997,1.81539681442617));
#7053=CARTESIAN_POINT('Ctrl Pts',(18.611777482178,-0.838795490531617,1.72405745998669));
#7054=CARTESIAN_POINT('Ctrl Pts',(19.9162306066942,-2.62047649053261,1.67611668640063));
#7055=CARTESIAN_POINT('Ctrl Pts',(8.50583731742068,1.31483457322105,2.69248992192951));
#7056=CARTESIAN_POINT('Ctrl Pts',(10.4651555908221,1.80929993249775,2.7038083073266));
#7057=CARTESIAN_POINT('Ctrl Pts',(14.8878760052172,1.85771174385061,2.7254668216252));
#7058=CARTESIAN_POINT('Ctrl Pts',(18.6752064770701,-0.329561636922896,2.74532665932498));
#7059=CARTESIAN_POINT('Ctrl Pts',(20.0421885572033,-2.0686186516801,2.75474534731271));
#7060=CARTESIAN_POINT('Ctrl Pts',(8.5248534555873,1.39814971823199,3.06963475126451));
#7061=CARTESIAN_POINT('Ctrl Pts',(10.4757323520502,1.92169543812862,3.10697081328318));
#7062=CARTESIAN_POINT('Ctrl Pts',(14.8924620102448,2.03201224731471,3.18212961639808));
#7063=CARTESIAN_POINT('Ctrl Pts',(18.7122011104817,-0.0883373724065335,
3.25634148839603));
#7064=CARTESIAN_POINT('Ctrl Pts',(20.1023873645675,-1.80487044365337,3.29367912779346));
#7065=CARTESIAN_POINT('Ctrl Pts',(8.53667871757004,1.44995957616696,3.28860022205834));
#7066=CARTESIAN_POINT('Ctrl Pts',(10.4851404932245,1.99103658138324,3.34018142615239));
#7067=CARTESIAN_POINT('Ctrl Pts',(14.9017087560692,2.13817464145337,3.44455873809153));
#7068=CARTESIAN_POINT('Ctrl Pts',(18.7376338504377,0.0567824890356453,3.54835630052243));
#7069=CARTESIAN_POINT('Ctrl Pts',(20.1389117657784,-1.644846586198,3.60085540949791));
#7070=CARTESIAN_POINT('Ctrl Pts',(8.53905218383594,1.46035841132421,3.35305373030749));
#7071=CARTESIAN_POINT('Ctrl Pts',(10.4860186152556,2.00217186773231,3.40544587289446));
#7072=CARTESIAN_POINT('Ctrl Pts',(14.9007794753994,2.15111709108612,3.5115420246657));
#7073=CARTESIAN_POINT('Ctrl Pts',(18.7391337772267,0.0720857042977013,3.61715385943849));
#7074=CARTESIAN_POINT('Ctrl Pts',(20.142389559235,-1.62960937748528,3.670609758708));
#7075=CARTESIAN_POINT('Ctrl Pts',(8.53880626237759,1.45928095901584,3.46232937572987));
#7076=CARTESIAN_POINT('Ctrl Pts',(10.4834497388222,2.0004827403784,3.51112620463669));
#7077=CARTESIAN_POINT('Ctrl Pts',(14.8951063199475,2.14859299366604,3.61001073696237));
#7078=CARTESIAN_POINT('Ctrl Pts',(18.7359171010865,0.0694532128756205,3.70853687818833));
#7079=CARTESIAN_POINT('Ctrl Pts',(20.1413971804487,-1.6339572730341,3.75844098205259));
#7080=CARTESIAN_POINT('Ctrl Pts',(8.5335843987605,1.43640247965934,3.58409764879484));
#7081=CARTESIAN_POINT('Ctrl Pts',(10.4762766859946,1.97722727670988,3.62478000761513));
#7082=CARTESIAN_POINT('Ctrl Pts',(14.8853489098156,2.12492001162317,3.70725708628854));
#7083=CARTESIAN_POINT('Ctrl Pts',(18.7283256600336,0.0459833509617079,3.78948390639421));
#7084=CARTESIAN_POINT('Ctrl Pts',(20.1357401349506,-1.65874240878961,3.83115042171991));
#7085=CARTESIAN_POINT('Ctrl Pts',(8.51722043421809,1.36470726652729,3.75193687947167));
#7086=CARTESIAN_POINT('Ctrl Pts',(10.4586594522457,1.90904061110096,3.77816413275224));
#7087=CARTESIAN_POINT('Ctrl Pts',(14.8667052623066,2.06424626063543,3.83135867708436));
#7088=CARTESIAN_POINT('Ctrl Pts',(18.7138870912964,-0.00649403095705041,
3.88442265440126));
#7089=CARTESIAN_POINT('Ctrl Pts',(20.1243560409312,-1.70861938358529,3.91132305750314));
#7090=CARTESIAN_POINT('Ctrl Pts',(8.47394978498838,1.17512616526985,3.95106009842449));
#7091=CARTESIAN_POINT('Ctrl Pts',(10.4174560529539,1.73614074989808,3.95580672997891));
#7092=CARTESIAN_POINT('Ctrl Pts',(14.8309901686255,1.92556660457295,3.96543045641244));
#7093=CARTESIAN_POINT('Ctrl Pts',(18.6880922138357,-0.11037455825445,3.9750258943504));
#7094=CARTESIAN_POINT('Ctrl Pts',(20.1043776416296,-1.79615047009244,3.9798884973652));
#7095=CARTESIAN_POINT('Ctrl Pts',(8.42636606775949,0.966648278416613,4.));
#7096=CARTESIAN_POINT('Ctrl Pts',(10.3740250894846,1.54794012402803,4.));
#7097=CARTESIAN_POINT('Ctrl Pts',(14.7963491144293,1.77865668987428,4.));
#7098=CARTESIAN_POINT('Ctrl Pts',(18.6634518451419,-0.215835630847902,4.));
#7099=CARTESIAN_POINT('Ctrl Pts',(20.0850288370167,-1.88092312203643,4.));
#7100=CARTESIAN_POINT('Ctrl Pts',(8.40530651013505,0.874380327796281,4.));
#7101=CARTESIAN_POINT('Ctrl Pts',(10.3547769703213,1.4636086038622,4.));
#7102=CARTESIAN_POINT('Ctrl Pts',(14.7807817005635,1.71045139328285,4.));
#7103=CARTESIAN_POINT('Ctrl Pts',(18.6515651365735,-0.267914703864938,4.));
#7104=CARTESIAN_POINT('Ctrl Pts',(20.0750113952845,-1.92481240193358,4.));
#7105=CARTESIAN_POINT('Ctrl Pts',(18.493560754293,-0.488068260878056,4.));
#7106=CARTESIAN_POINT('Ctrl Pts',(18.494516243632,-0.451863488803095,4.));
#7107=CARTESIAN_POINT('Ctrl Pts',(18.4957976303512,-0.399503713248474,3.99645766141331));
#7108=CARTESIAN_POINT('Ctrl Pts',(18.498115576431,-0.271604388435758,3.94800852871588));
#7109=CARTESIAN_POINT('Ctrl Pts',(18.4985918206598,-0.229477834589934,3.91441422822163));
#7110=CARTESIAN_POINT('Ctrl Pts',(18.4992351061163,-0.171662118232891,3.86164286096819));
#7111=CARTESIAN_POINT('Ctrl Pts',(18.4994515552312,-0.143876011191362,3.82512811600005));
#7112=CARTESIAN_POINT('Ctrl Pts',(18.499699939355,-0.106721766061356,3.74902405077319));
#7113=CARTESIAN_POINT('Ctrl Pts',(18.4997515352765,-0.0959493572609944,
3.71250909130838));
#7114=CARTESIAN_POINT('Ctrl Pts',(18.4997856975476,-0.0891039375363874,
3.63982019219539));
#7115=CARTESIAN_POINT('Ctrl Pts',(18.4997729321855,-0.0918210377326102,
3.60732671501693));
#7116=CARTESIAN_POINT('Ctrl Pts',(18.4996942566819,-0.106784960160525,3.53631127882738));
#7117=CARTESIAN_POINT('Ctrl Pts',(18.4998974483816,-0.124661353053278,3.51140255196014));
#7118=CARTESIAN_POINT('Ctrl Pts',(18.4964964069905,-0.394642655865213,3.00916779661664));
#7119=CARTESIAN_POINT('Ctrl Pts',(18.4924917717785,-0.547750894692073,2.70628828345863));
#7120=CARTESIAN_POINT('Ctrl Pts',(18.4781630280402,-0.927842859355661,1.99962447944952));
#7121=CARTESIAN_POINT('Ctrl Pts',(18.4669072327071,-1.31946460560288,1.31913055194844));
#7122=CARTESIAN_POINT('Ctrl Pts',(18.3040197472594,-2.79158211990506,-0.293892579605609));
#7123=CARTESIAN_POINT('Ctrl Pts',(18.1523890707901,-3.72804428265298,-1.04496243187849));
#7124=CARTESIAN_POINT('Ctrl Pts',(17.658595328837,-5.57942280764891,-2.24616457382096));
#7125=CARTESIAN_POINT('Ctrl Pts',(17.3641759059179,-6.44911878570248,-2.72497446956662));
#7126=CARTESIAN_POINT('Ctrl Pts',(16.836895566589,-7.67711933063983,-3.29164664656312));
#7127=CARTESIAN_POINT('Ctrl Pts',(16.6697129052456,-8.03579780395708,-3.44271397911994));
#7128=CARTESIAN_POINT('Ctrl Pts',(16.3698151756775,-8.62101149353307,-3.66487524623469));
#7129=CARTESIAN_POINT('Ctrl Pts',(16.2727708225676,-8.80271509977859,-3.73104925655335));
#7130=CARTESIAN_POINT('Ctrl Pts',(16.1250338676482,-9.06883309123725,-3.82945181161286));
#7131=CARTESIAN_POINT('Ctrl Pts',(16.0747452671363,-9.15767107940206,-3.86260960886375));
#7132=CARTESIAN_POINT('Ctrl Pts',(16.0019591756737,-9.28381490259016,-3.91103441951196));
#7133=CARTESIAN_POINT('Ctrl Pts',(15.9998729158749,-9.28735424602295,-3.91268502508059));
#7134=CARTESIAN_POINT('Ctrl Pts',(15.9516303750493,-9.37015803315632,-3.94271067975298));
#7135=CARTESIAN_POINT('Ctrl Pts',(15.8981451090015,-9.4606145771448,-3.97258305501436));
#7136=CARTESIAN_POINT('Ctrl Pts',(15.8646254531532,-9.516494061952,-3.98745847361172));
#7137=CARTESIAN_POINT('Ctrl Pts',(4.55700482264415,7.11670046674396,4.));
#7138=CARTESIAN_POINT('Ctrl Pts',(5.31180255700645,9.00823566775293,4.));
#7139=CARTESIAN_POINT('Ctrl Pts',(7.87838190530163,12.6225294692748,4.));
#7140=CARTESIAN_POINT('Ctrl Pts',(11.8385248014551,14.4153387354485,4.));
#7141=CARTESIAN_POINT('Ctrl Pts',(14.0214438108343,14.4951750166411,4.));
#7142=CARTESIAN_POINT('Ctrl Pts',(4.59484268615803,7.06925328663566,4.));
#7143=CARTESIAN_POINT('Ctrl Pts',(5.34638579559036,8.96486965822077,4.));
#7144=CARTESIAN_POINT('Ctrl Pts',(7.90635199335495,12.587456088215,4.));
#7145=CARTESIAN_POINT('Ctrl Pts',(11.8598817389778,14.3885579828611,4.));
#7146=CARTESIAN_POINT('Ctrl Pts',(14.0394422227564,14.4726057219499,4.));
#7147=CARTESIAN_POINT('Ctrl Pts',(4.6651518616604,6.98108836918193,3.98582916571573));
#7148=CARTESIAN_POINT('Ctrl Pts',(5.4081548919268,8.88764732434703,3.98737278297858));
#7149=CARTESIAN_POINT('Ctrl Pts',(7.95072065452986,12.5323650363883,3.99051585545546));
#7150=CARTESIAN_POINT('Ctrl Pts',(11.8866524835559,14.3552684786122,3.99366773545514));
#7151=CARTESIAN_POINT('Ctrl Pts',(14.0571462966805,14.4504055154339,3.99527170265974));
#7152=CARTESIAN_POINT('Ctrl Pts',(4.76434526086698,6.85670378081892,3.90526603799146));
#7153=CARTESIAN_POINT('Ctrl Pts',(5.49517268409144,8.77929849410235,3.91835481359676));
#7154=CARTESIAN_POINT('Ctrl Pts',(8.01284194527544,12.4562603777209,3.94497817873574));
#7155=CARTESIAN_POINT('Ctrl Pts',(11.9232281578284,14.3103241970786,3.9716390965213));
#7156=CARTESIAN_POINT('Ctrl Pts',(14.0803229174785,14.4213429521922,3.98519292383518));
#7157=CARTESIAN_POINT('Ctrl Pts',(4.82176607964867,6.78470035151058,3.82831592544061));
#7158=CARTESIAN_POINT('Ctrl Pts',(5.54594178949587,8.71643759970956,3.85255740954494));
#7159=CARTESIAN_POINT('Ctrl Pts',(8.04993184974819,12.4116223383794,3.90186450396214));
#7160=CARTESIAN_POINT('Ctrl Pts',(11.9459614109414,14.2827779228272,3.95123905742743));
#7161=CARTESIAN_POINT('Ctrl Pts',(14.0953209163785,14.4025360564273,3.97633922621907));
#7162=CARTESIAN_POINT('Ctrl Pts',(4.86188628749678,6.73439120213026,3.75176814305313));
#7163=CARTESIAN_POINT('Ctrl Pts',(5.58254737734358,8.67156001064945,3.78630030653605));
#7164=CARTESIAN_POINT('Ctrl Pts',(8.07918714649521,12.3773287535546,3.85654565531728));
#7165=CARTESIAN_POINT('Ctrl Pts',(11.9670006411211,14.2576228382614,3.92689656378537));
#7166=CARTESIAN_POINT('Ctrl Pts',(14.1116199505716,14.3820977140069,3.96266382607261));
#7167=CARTESIAN_POINT('Ctrl Pts',(4.88843436199435,6.70110096966899,3.68135501348671));
#7168=CARTESIAN_POINT('Ctrl Pts',(5.6075311166246,8.64147586307939,3.72546992994674));
#7169=CARTESIAN_POINT('Ctrl Pts',(8.10073855407487,12.3532093767704,3.81522106900423));
#7170=CARTESIAN_POINT('Ctrl Pts',(11.9840679055937,14.2377121443849,3.90512390930326));
#7171=CARTESIAN_POINT('Ctrl Pts',(14.1257203245528,14.3644164042883,3.95083784666669));
#7172=CARTESIAN_POINT('Ctrl Pts',(4.9063678764213,6.6786130538627,3.61798966580093));
#7173=CARTESIAN_POINT('Ctrl Pts',(5.62623502052943,8.61948377259755,3.66816676676913));
#7174=CARTESIAN_POINT('Ctrl Pts',(8.12070979280224,12.3315789750442,3.77027604288589));
#7175=CARTESIAN_POINT('Ctrl Pts',(12.0040709208979,14.2143805897479,3.8725910493934));
#7176=CARTESIAN_POINT('Ctrl Pts',(14.1449294111825,14.340328971532,3.92462861780709));
#7177=CARTESIAN_POINT('Ctrl Pts',(4.91407095565619,6.66895369802427,3.57994406107032));
#7178=CARTESIAN_POINT('Ctrl Pts',(5.634690020221,8.60999923435342,3.63445585727622));
#7179=CARTESIAN_POINT('Ctrl Pts',(8.13046477089104,12.3219558960485,3.74540357071604));
#7180=CARTESIAN_POINT('Ctrl Pts',(12.0141812000597,14.2030417931067,3.85659819016151));
#7181=CARTESIAN_POINT('Ctrl Pts',(14.1546007716686,14.3282014690711,3.91316059444491));
#7182=CARTESIAN_POINT('Ctrl Pts',(4.94622525588434,6.62863348085288,3.39584318430242));
#7183=CARTESIAN_POINT('Ctrl Pts',(5.68499171599992,8.55296699515537,3.43830265649789));
#7184=CARTESIAN_POINT('Ctrl Pts',(8.21640838622561,12.2282960269348,3.52492650619726));
#7185=CARTESIAN_POINT('Ctrl Pts',(12.130658244004,14.0642255229507,3.6120195381716));
#7186=CARTESIAN_POINT('Ctrl Pts',(14.2832350906037,14.1668991350643,3.65642427224954));
#7187=CARTESIAN_POINT('Ctrl Pts',(5.0007516593253,6.56025953358251,3.06564523200938));
#7188=CARTESIAN_POINT('Ctrl Pts',(5.77412370361895,8.4580431464856,3.08380274468691));
#7189=CARTESIAN_POINT('Ctrl Pts',(8.37242245781376,12.0719834172018,3.12150372893292));
#7190=CARTESIAN_POINT('Ctrl Pts',(12.3393173524224,13.8227559384117,3.16028733968445));
#7191=CARTESIAN_POINT('Ctrl Pts',(14.5092958369998,13.8834279251812,3.18038542810812));
#7192=CARTESIAN_POINT('Ctrl Pts',(5.08063168936105,6.46009314414638,2.57766539805642));
#7193=CARTESIAN_POINT('Ctrl Pts',(5.91156751129781,8.32670061728795,2.55461294298125));
#7194=CARTESIAN_POINT('Ctrl Pts',(8.61847352139827,11.8591755030726,2.50965059097152));
#7195=CARTESIAN_POINT('Ctrl Pts',(12.6593131017515,13.4706232096839,2.46721050334088));
#7196=CARTESIAN_POINT('Ctrl Pts',(14.8441171178496,13.4635753187901,2.44659273285137));
#7197=CARTESIAN_POINT('Ctrl Pts',(5.16707315356526,6.35169897650481,2.09889906424108));
#7198=CARTESIAN_POINT('Ctrl Pts',(6.06158277043396,8.19324181958386,2.0329562719169));
#7199=CARTESIAN_POINT('Ctrl Pts',(8.88652855646821,11.6506365338522,1.90221496910865));
#7200=CARTESIAN_POINT('Ctrl Pts',(12.9992047400445,13.1098930598861,1.7758367287364));
#7201=CARTESIAN_POINT('Ctrl Pts',(15.1901947053598,13.0296077502983,1.71327336394201));
#7202=CARTESIAN_POINT('Ctrl Pts',(5.26463086945151,6.22936547015049,1.63124143385601));
#7203=CARTESIAN_POINT('Ctrl Pts',(6.2295623160901,8.04881182374834,1.5238352257022));
#7204=CARTESIAN_POINT('Ctrl Pts',(9.18411102355248,11.4320473524464,1.3104250228523));
#7205=CARTESIAN_POINT('Ctrl Pts',(13.3704127501994,12.7237376341136,1.10350152933418));
#7206=CARTESIAN_POINT('Ctrl Pts',(15.5620852593248,12.5632717456748,1.00082059971366));
#7207=CARTESIAN_POINT('Ctrl Pts',(5.37785965453337,6.0873810645761,1.17658771019385));
#7208=CARTESIAN_POINT('Ctrl Pts',(6.42149033754317,7.88381416542622,1.0344338493298));
#7209=CARTESIAN_POINT('Ctrl Pts',(9.52053732421906,11.1868405248098,0.752123207906951));
#7210=CARTESIAN_POINT('Ctrl Pts',(13.7873521429784,12.2915740582901,0.478587460206149));
#7211=CARTESIAN_POINT('Ctrl Pts',(15.9779502000133,12.0417936042271,0.34292595473666));
#7212=CARTESIAN_POINT('Ctrl Pts',(5.50484971433498,5.92814056630746,0.734097742180511));
#7213=CARTESIAN_POINT('Ctrl Pts',(6.63540388558457,7.69861777672113,0.567825918081398));
#7214=CARTESIAN_POINT('Ctrl Pts',(9.89416434037125,10.9121914198768,0.238247986769986));
#7215=CARTESIAN_POINT('Ctrl Pts',(14.2504660282998,11.8103396678394,-0.0802206402790916));
#7216=CARTESIAN_POINT('Ctrl Pts',(16.4404491921672,11.4618382118571,-0.237835581274001));
#7217=CARTESIAN_POINT('Ctrl Pts',(5.64369125438048,5.75403878187041,0.302931378741896));
#7218=CARTESIAN_POINT('Ctrl Pts',(6.86664919572427,7.49696576537557,0.122306330576946));
#7219=CARTESIAN_POINT('Ctrl Pts',(10.2951906064608,10.6155056507066,-0.23475136894094));
#7220=CARTESIAN_POINT('Ctrl Pts',(14.7465716364601,11.2940581107964,-0.578437438850599));
#7221=CARTESIAN_POINT('Ctrl Pts',(16.9358393040181,10.8406386599258,-0.748019961257144));
#7222=CARTESIAN_POINT('Ctrl Pts',(5.84564226998616,5.5008002181502,-0.256194290511297));
#7223=CARTESIAN_POINT('Ctrl Pts',(7.1961518404488,7.20579002054123,-0.443908499800873));
#7224=CARTESIAN_POINT('Ctrl Pts',(10.8590462368178,10.1932812345296,-0.813313379487819));
#7225=CARTESIAN_POINT('Ctrl Pts',(15.4415666098982,10.5687370750801,-1.16658405782379));
#7226=CARTESIAN_POINT('Ctrl Pts',(17.6297197375531,9.97054011719261,-1.34000936618616));
#7227=CARTESIAN_POINT('Ctrl Pts',(6.13156094717736,5.14226953715543,-0.92429983102101));
#7228=CARTESIAN_POINT('Ctrl Pts',(7.64366865225884,6.79986272388811,-1.1020452753663));
#7229=CARTESIAN_POINT('Ctrl Pts',(11.60335950459,9.62235423473956,-1.44919734580493));
#7230=CARTESIAN_POINT('Ctrl Pts',(16.3513037276147,9.61395443330603,-1.7775337699223));
#7231=CARTESIAN_POINT('Ctrl Pts',(18.5372586281709,8.83252234347167,-1.93730136118489));
#7232=CARTESIAN_POINT('Ctrl Pts',(6.46551639284392,4.7235026537431,-1.54366746117805));
#7233=CARTESIAN_POINT('Ctrl Pts',(8.13015879086596,6.3347564419291,-1.69671245775891));
#7234=CARTESIAN_POINT('Ctrl Pts',(12.3703742795191,8.99889632706726,-1.99303186263598));
#7235=CARTESIAN_POINT('Ctrl Pts',(17.2761057750971,8.6279311539978,-2.26967194479525));
#7236=CARTESIAN_POINT('Ctrl Pts',(19.4616089598914,7.67342368938864,-2.40286486697471));
#7237=CARTESIAN_POINT('Ctrl Pts',(6.7679958528563,4.34420540792997,-1.99797533233841));
#7238=CARTESIAN_POINT('Ctrl Pts',(8.54266998139313,5.91887531442014,-2.12959825924386));
#7239=CARTESIAN_POINT('Ctrl Pts',(12.9859281632892,8.46371611497945,-2.38303979730378));
#7240=CARTESIAN_POINT('Ctrl Pts',(18.0087591940569,7.83068829498347,-2.61767497805066));
#7241=CARTESIAN_POINT('Ctrl Pts',(20.1972672237602,6.75093740442345,-2.72985931301925));
#7242=CARTESIAN_POINT('Ctrl Pts',(7.0144048207291,4.03521833537306,-2.31139080604438));
#7243=CARTESIAN_POINT('Ctrl Pts',(8.86410263829178,5.58248519080116,-2.42843792719581));
#7244=CARTESIAN_POINT('Ctrl Pts',(13.4463300228654,8.04204105811731,-2.65342063098534));
#7245=CARTESIAN_POINT('Ctrl Pts',(18.5515626511545,7.22991487997155,-2.86115196612081));
#7246=CARTESIAN_POINT('Ctrl Pts',(20.7447287798717,6.06444232666454,-2.96024987501445));
#7247=CARTESIAN_POINT('Ctrl Pts',(7.27327095777542,3.71061046675303,-2.61097129360717));
#7248=CARTESIAN_POINT('Ctrl Pts',(9.19046407103111,5.22845207058683,-2.71394073328766));
#7249=CARTESIAN_POINT('Ctrl Pts',(13.898718206618,7.60365545344941,-2.91223534944141));
#7250=CARTESIAN_POINT('Ctrl Pts',(19.0830661410513,6.6295781424565,-3.09585216154992));
#7251=CARTESIAN_POINT('Ctrl Pts',(21.285537053157,5.386290201685,-3.1836580712269));
#7252=CARTESIAN_POINT('Ctrl Pts',(7.44874226737984,3.49057640411135,-2.81500618514802));
#7253=CARTESIAN_POINT('Ctrl Pts',(9.40603314320416,4.98590776182629,-2.90760950657201));
#7254=CARTESIAN_POINT('Ctrl Pts',(14.1902055173863,7.30297313984652,-3.08668322548935));
#7255=CARTESIAN_POINT('Ctrl Pts',(19.426812431962,6.23180559586356,-3.25355277496354));
#7256=CARTESIAN_POINT('Ctrl Pts',(21.6402222465963,4.94152903675592,-3.33377111963954));
#7257=CARTESIAN_POINT('Ctrl Pts',(7.55722582142911,3.35454233004488,-2.94604532947562));
#7258=CARTESIAN_POINT('Ctrl Pts',(9.53780410950565,4.83465136698152,-3.03166897488162));
#7259=CARTESIAN_POINT('Ctrl Pts',(14.3665136080301,7.11452435141353,-3.19789546009476));
#7260=CARTESIAN_POINT('Ctrl Pts',(19.6357187825796,5.98659352230437,-3.35371021267292));
#7261=CARTESIAN_POINT('Ctrl Pts',(21.857797344763,4.66869849319177,-3.42897924400571));
#7262=CARTESIAN_POINT('Ctrl Pts',(7.59869347835889,3.30254353295913,-3.00693022026353));
#7263=CARTESIAN_POINT('Ctrl Pts',(9.58237706823202,4.7838627293803,-3.09215872606415));
#7264=CARTESIAN_POINT('Ctrl Pts',(14.4163827180473,7.06390602094267,-3.25811620173175));
#7265=CARTESIAN_POINT('Ctrl Pts',(19.6865215731508,5.92900395428316,-3.41437879740879));
#7266=CARTESIAN_POINT('Ctrl Pts',(21.9061910127465,4.60801475294643,-3.49014119399905));
#7267=CARTESIAN_POINT('Ctrl Pts',(7.65142284798571,3.23642299481715,-3.13398839628928));
#7268=CARTESIAN_POINT('Ctrl Pts',(9.63566971470266,4.7237651607559,-3.21446277149956));
#7269=CARTESIAN_POINT('Ctrl Pts',(14.4694896550445,7.01302166243802,-3.37161590501777));
#7270=CARTESIAN_POINT('Ctrl Pts',(19.7336803344176,5.87793099257156,-3.5202231037656));
#7271=CARTESIAN_POINT('Ctrl Pts',(21.9465152089346,4.55744981027841,-3.59252387995055));
#7272=CARTESIAN_POINT('Ctrl Pts',(7.68660343704089,3.19230793148633,-3.30180764944076));
#7273=CARTESIAN_POINT('Ctrl Pts',(9.66901361365774,4.68772692821488,-3.37155959662241));
#7274=CARTESIAN_POINT('Ctrl Pts',(14.4979673103916,6.99079058015316,-3.50783733643841));
#7275=CARTESIAN_POINT('Ctrl Pts',(19.7523348068617,5.86145638803141,-3.63679337968226));
#7276=CARTESIAN_POINT('Ctrl Pts',(21.9568942766639,4.54443487100402,-3.69956835305649));
#7277=CARTESIAN_POINT('Ctrl Pts',(7.68748042976503,3.19120821739385,-3.50421118102382));
#7278=CARTESIAN_POINT('Ctrl Pts',(9.66994106963431,4.69135325610475,-3.55624030166427));
#7279=CARTESIAN_POINT('Ctrl Pts',(14.4980649738401,7.0018488490667,-3.65747565679561));
#7280=CARTESIAN_POINT('Ctrl Pts',(19.7474755525625,5.87328770339326,-3.75269047325554));
#7281=CARTESIAN_POINT('Ctrl Pts',(21.9467739911245,4.55712530767621,-3.7988124564102));
#7282=CARTESIAN_POINT('Ctrl Pts',(7.6400186317599,3.25072342964644,-3.71573697375172));
#7283=CARTESIAN_POINT('Ctrl Pts',(9.62685153970384,4.74916199388806,-3.74680820436839));
#7284=CARTESIAN_POINT('Ctrl Pts',(14.4631350117937,7.05446517113645,-3.80648626999786));
#7285=CARTESIAN_POINT('Ctrl Pts',(19.7174321343697,5.91548513023103,-3.86152350128362));
#7286=CARTESIAN_POINT('Ctrl Pts',(21.9170275212215,4.59442620112002,-3.88775289129689));
#7287=CARTESIAN_POINT('Ctrl Pts',(7.54416053956353,3.37092567530471,-3.88689035848372));
#7288=CARTESIAN_POINT('Ctrl Pts',(9.54015773050373,4.86060685254535,-3.90009217359257));
#7289=CARTESIAN_POINT('Ctrl Pts',(14.3945514446405,7.14684941238172,-3.92454820509592));
#7290=CARTESIAN_POINT('Ctrl Pts',(19.6645641735354,5.98505532672368,-3.9458232797347));
#7291=CARTESIAN_POINT('Ctrl Pts',(21.8705309400508,4.65273106974496,-3.95544792923107));
#7292=CARTESIAN_POINT('Ctrl Pts',(7.4250274212327,3.52031388059362,-3.98316746479918));
#7293=CARTESIAN_POINT('Ctrl Pts',(9.43110865857474,4.99901363685497,-3.98701867217829));
#7294=CARTESIAN_POINT('Ctrl Pts',(14.3057010506638,7.26214791687493,-3.99362316097675));
#7295=CARTESIAN_POINT('Ctrl Pts',(19.5944204971991,6.07500581335854,-3.99858837026567));
#7296=CARTESIAN_POINT('Ctrl Pts',(21.8088684362034,4.73005340389063,-4.00050186800484));
#7297=CARTESIAN_POINT('Ctrl Pts',(7.34740199718514,3.61765308354352,-4.));
#7298=CARTESIAN_POINT('Ctrl Pts',(9.35805892673507,5.09099117981814,-4.00084671657599));
#7299=CARTESIAN_POINT('Ctrl Pts',(14.2419048384036,7.34302379260274,-4.00215318473388));
#7300=CARTESIAN_POINT('Ctrl Pts',(19.5395011393303,6.14432308076935,-4.00290377601918));
#7301=CARTESIAN_POINT('Ctrl Pts',(21.7581822453439,4.79361187689565,-4.0030787583785));
#7302=CARTESIAN_POINT('Ctrl Pts',(7.29057135247102,3.68891645797883,-4.));
#7303=CARTESIAN_POINT('Ctrl Pts',(9.30345075205993,5.15946766497291,-3.9980777931353));
#7304=CARTESIAN_POINT('Ctrl Pts',(14.1918385895811,7.40580488288166,-3.99440802712935));
#7305=CARTESIAN_POINT('Ctrl Pts',(19.4939300420077,6.2014674293556,-3.99105515765239));
#7306=CARTESIAN_POINT('Ctrl Pts',(21.7148410660312,4.84795999674136,-3.98946994086053));
#7307=CARTESIAN_POINT('Ctrl Pts',(7.25749695733643,3.73039043766976,-3.99516908743865));
#7308=CARTESIAN_POINT('Ctrl Pts',(9.27001733572926,5.20127193056824,-3.99185980123933));
#7309=CARTESIAN_POINT('Ctrl Pts',(14.1577186188342,7.44831003570233,-3.98583682293003));
#7310=CARTESIAN_POINT('Ctrl Pts',(19.4591916260341,6.24488436014763,-3.98075540773631));
#7311=CARTESIAN_POINT('Ctrl Pts',(21.679817373657,4.89187831785707,-3.97852406733781));
#7312=CARTESIAN_POINT('Ctrl Pts',(7.21441474183532,3.78441382716683,-3.98096472332456));
#7313=CARTESIAN_POINT('Ctrl Pts',(9.22264832100585,5.26013637043707,-3.97597604390748));
#7314=CARTESIAN_POINT('Ctrl Pts',(14.1017746645863,7.51721391107073,-3.967218336539));
#7315=CARTESIAN_POINT('Ctrl Pts',(19.395076719484,6.32464162359841,-3.9603121084446));
#7316=CARTESIAN_POINT('Ctrl Pts',(21.611794920733,4.97717577589426,-3.95749157157516));
#7317=CARTESIAN_POINT('Ctrl Pts',(7.17493221001654,3.83392335609805,-3.9600378772784));
#7318=CARTESIAN_POINT('Ctrl Pts',(9.17474569054038,5.31932056624006,-3.95349691703708));
#7319=CARTESIAN_POINT('Ctrl Pts',(14.0369685893692,7.59641490916944,-3.94224281264662));
#7320=CARTESIAN_POINT('Ctrl Pts',(19.31406860585,6.42516371606846,-3.93372331566021));
#7321=CARTESIAN_POINT('Ctrl Pts',(21.5229966394151,5.08852529871954,-3.93041107877087));
#7322=CARTESIAN_POINT('Ctrl Pts',(7.14903163636561,3.86640164817905,-3.94122044468673));
#7323=CARTESIAN_POINT('Ctrl Pts',(9.14354706919255,5.35762373348044,-3.93463165537962));
#7324=CARTESIAN_POINT('Ctrl Pts',(13.9951877772916,7.64689520222701,-3.92370569208541));
#7325=CARTESIAN_POINT('Ctrl Pts',(19.262368550457,6.48901270467491,-3.91608542672481));
#7326=CARTESIAN_POINT('Ctrl Pts',(21.4666798667936,5.15914429793204,-3.91344172297428));
#7327=CARTESIAN_POINT('Ctrl Pts',(7.03265822182601,4.01232929437009,-3.84215159555475));
#7328=CARTESIAN_POINT('Ctrl Pts',(9.00941177455663,5.52172087650994,-3.8396859291897));
#7329=CARTESIAN_POINT('Ctrl Pts',(13.8258675913387,7.8496370319573,-3.8389823840971));
#7330=CARTESIAN_POINT('Ctrl Pts',(19.0612068652987,6.73634551020208,-3.84406123077026));
#7331=CARTESIAN_POINT('Ctrl Pts',(21.2514799036954,5.4289965163237,-3.84878560346652));
#7332=CARTESIAN_POINT('Ctrl Pts',(6.82401695122319,4.27395717250556,-3.67563274641664));
#7333=CARTESIAN_POINT('Ctrl Pts',(8.76679702240718,5.8117856363539,-3.67974441946432));
#7334=CARTESIAN_POINT('Ctrl Pts',(13.5172085939924,8.20361591497766,-3.69527929262423));
#7335=CARTESIAN_POINT('Ctrl Pts',(18.6982966508983,7.1744502607727,-3.72045519575701));
#7336=CARTESIAN_POINT('Ctrl Pts',(20.8686645161151,5.90903182899626,-3.7368173823672));
#7337=CARTESIAN_POINT('Ctrl Pts',(6.51989008831438,4.65532019621101,-3.40277551841384));
#7338=CARTESIAN_POINT('Ctrl Pts',(8.40310428580613,6.22839178217751,-3.41957353067401));
#7339=CARTESIAN_POINT('Ctrl Pts',(13.0406111602688,8.70915334807856,-3.46411205241275));
#7340=CARTESIAN_POINT('Ctrl Pts',(18.1419835332895,7.82478033248004,-3.52262315489137));
#7341=CARTESIAN_POINT('Ctrl Pts',(20.2935535564977,6.63019816211173,-3.55752165349753));
#7342=CARTESIAN_POINT('Ctrl Pts',(6.23350995655156,5.0144295229362,-3.08688128865874));
#7343=CARTESIAN_POINT('Ctrl Pts',(8.04852391724744,6.61783407644047,-3.11920211938086));
#7344=CARTESIAN_POINT('Ctrl Pts',(12.5587335776875,9.18457292872908,-3.19752796248194));
#7345=CARTESIAN_POINT('Ctrl Pts',(17.5794005075069,8.46411802709283,-3.29284229742842));
#7346=CARTESIAN_POINT('Ctrl Pts',(19.7205057411226,7.34877739417625,-3.34755031480491));
#7347=CARTESIAN_POINT('Ctrl Pts',(5.87599473429397,5.46273943175787,-2.61652232356079));
#7348=CARTESIAN_POINT('Ctrl Pts',(7.59017011942512,7.10131331234671,-2.67098193942359));
#7349=CARTESIAN_POINT('Ctrl Pts',(11.9140654435647,9.77987088606599,-2.7961202903368));
#7350=CARTESIAN_POINT('Ctrl Pts',(16.8256151237036,9.29997609959033,-2.94070185086355));
#7351=CARTESIAN_POINT('Ctrl Pts',(18.9619406023748,8.29998799169967,-3.0213411140208));
#7352=CARTESIAN_POINT('Ctrl Pts',(5.47888901114471,5.96069425844591,-1.94224578987928));
#7353=CARTESIAN_POINT('Ctrl Pts',(7.05097687347568,7.63632940195362,-2.02425993968963));
#7354=CARTESIAN_POINT('Ctrl Pts',(11.1147890260784,10.4527065951944,-2.20574682800892));
#7355=CARTESIAN_POINT('Ctrl Pts',(15.8857752197164,10.3094355684024,-2.40716005840864));
#7356=CARTESIAN_POINT('Ctrl Pts',(18.0291961249043,9.46961257162145,-2.51684082812072));
#7357=CARTESIAN_POINT('Ctrl Pts',(5.08431292145853,6.45547702510241,-1.0263211443019));
#7358=CARTESIAN_POINT('Ctrl Pts',(6.47042011413703,8.17149899180274,-1.1326207273051));
#7359=CARTESIAN_POINT('Ctrl Pts',(10.1953609826477,11.1554789931975,-1.36164360600593));
#7360=CARTESIAN_POINT('Ctrl Pts',(14.7909631295366,11.4512655113712,-1.60816229721504));
#7361=CARTESIAN_POINT('Ctrl Pts',(16.9527453033843,10.819439207252,-1.7398484923413));
#7362=CARTESIAN_POINT('Ctrl Pts',(4.76854578715614,6.85143648745502,-0.0304519010345187));
#7363=CARTESIAN_POINT('Ctrl Pts',(5.96612015315957,8.60728138701994,-0.14184058084426));
#7364=CARTESIAN_POINT('Ctrl Pts',(9.34771101917947,11.7594569635244,-0.377990708581685));
#7365=CARTESIAN_POINT('Ctrl Pts',(13.7667403087026,12.5000694940543,-0.627321965779642));
#7366=CARTESIAN_POINT('Ctrl Pts',(15.9484886666015,12.0787371986121,-0.758835951645795));
#7367=CARTESIAN_POINT('Ctrl Pts',(4.52495799149288,7.15688592195543,1.02532254192452));
#7368=CARTESIAN_POINT('Ctrl Pts',(5.54706026608434,8.95214025630895,0.936752663323019));
#7369=CARTESIAN_POINT('Ctrl Pts',(8.60857984174549,12.2646251968129,0.750746557304614));
#7370=CARTESIAN_POINT('Ctrl Pts',(12.8608311862996,13.4196391608408,0.556632023292179));
#7371=CARTESIAN_POINT('Ctrl Pts',(15.0586840658587,13.1945168762133,0.45504194336816));
#7372=CARTESIAN_POINT('Ctrl Pts',(4.37869112587007,7.34029877016067,1.9439043012871));
#7373=CARTESIAN_POINT('Ctrl Pts',(5.28116284157338,9.16478747857437,1.90254822822866));
#7374=CARTESIAN_POINT('Ctrl Pts',(8.123975692009,12.5903426199042,1.81539681442617));
#7375=CARTESIAN_POINT('Ctrl Pts',(12.2600501764518,14.0282931460648,1.72405745998669));
#7376=CARTESIAN_POINT('Ctrl Pts',(14.4663376941063,13.9372957325492,1.67611668640063));
#7377=CARTESIAN_POINT('Ctrl Pts',(4.27532376009959,7.46991734704552,2.69248992192951));
#7378=CARTESIAN_POINT('Ctrl Pts',(5.11035013728843,9.31006816624707,2.7038083073266));
#7379=CARTESIAN_POINT('Ctrl Pts',(7.83002133389722,12.7980744950432,2.7254668216252));
#7380=CARTESIAN_POINT('Ctrl Pts',(11.9014624492194,14.395386045659,2.74532665932498));
#7381=CARTESIAN_POINT('Ctrl Pts',(14.1134113594501,14.3798513583248,2.75474534731271));
#7382=CARTESIAN_POINT('Ctrl Pts',(4.22204172498127,7.53673090579385,3.06963475126451));
#7383=CARTESIAN_POINT('Ctrl Pts',(5.02907029526072,9.38841486269336,3.10697081328318));
#7384=CARTESIAN_POINT('Ctrl Pts',(7.69660704024497,12.9103345645213,3.18212961639808));
#7385=CARTESIAN_POINT('Ctrl Pts',(11.7359315015409,14.5747104836294,3.25634148839603));
#7386=CARTESIAN_POINT('Ctrl Pts',(13.9447380494459,14.5913609990923,3.29367912779346));
#7387=CARTESIAN_POINT('Ctrl Pts',(4.18890807719606,7.57827918595859,3.28860022205834));
#7388=CARTESIAN_POINT('Ctrl Pts',(4.98072308651059,9.43900393932345,3.34018142615239));
#7389=CARTESIAN_POINT('Ctrl Pts',(7.61937118997509,12.9837551316036,3.44455873809153));
#7390=CARTESIAN_POINT('Ctrl Pts',(11.6383292791299,14.6850753540687,3.54835630052243));
#7391=CARTESIAN_POINT('Ctrl Pts',(13.8423989514153,14.7196901690148,3.60085540949791));
#7392=CARTESIAN_POINT('Ctrl Pts',(4.18225777250098,7.5866184042796,3.35305373030749));
#7393=CARTESIAN_POINT('Ctrl Pts',(4.97256466920772,9.44663322025218,3.40544587289446));
#7394=CARTESIAN_POINT('Ctrl Pts',(7.60867297837124,12.9910980760769,3.5115420246657));
#7395=CARTESIAN_POINT('Ctrl Pts',(11.6272999327115,14.6957894427054,3.61715385943849));
#7396=CARTESIAN_POINT('Ctrl Pts',(13.832654390692,14.7319094616699,3.670609758708));
#7397=CARTESIAN_POINT('Ctrl Pts',(4.18294682911518,7.58575435461499,3.46232937572987));
#7398=CARTESIAN_POINT('Ctrl Pts',(4.9722836138925,9.44357163810284,3.51112620463669));
#7399=CARTESIAN_POINT('Ctrl Pts',(7.60710924263046,12.9850888755394,3.61001073696237));
#7400=CARTESIAN_POINT('Ctrl Pts',(11.6273525326133,14.6916332124749,3.70853687818833));
#7401=CARTESIAN_POINT('Ctrl Pts',(13.8354349742616,14.728422720158,3.75844098205259));
#7402=CARTESIAN_POINT('Ctrl Pts',(4.19757816583512,7.56740723868118,3.58409764879484));
#7403=CARTESIAN_POINT('Ctrl Pts',(4.9859931422417,9.42346397514195,3.62478000761513));
#7404=CARTESIAN_POINT('Ctrl Pts',(7.61953387956567,12.9627003622276,3.70725708628854));
#7405=CARTESIAN_POINT('Ctrl Pts',(11.6409688234689,14.6710647653081,3.78948390639421));
#7406=CARTESIAN_POINT('Ctrl Pts',(13.8512856635158,14.7085465845086,3.83115042171991));
#7407=CARTESIAN_POINT('Ctrl Pts',(4.24342897559385,7.50991214179401,3.75193687947167));
#7408=CARTESIAN_POINT('Ctrl Pts',(5.02831945851987,9.36717657653315,3.77816413275224));
#7409=CARTESIAN_POINT('Ctrl Pts',(7.65534640415604,12.9102947066757,3.83135867708436));
#7410=CARTESIAN_POINT('Ctrl Pts',(11.6729949924094,14.6270571252529,3.88442265440126));
#7411=CARTESIAN_POINT('Ctrl Pts',(13.8831831861369,14.6685483562722,3.91132305750314));
#7412=CARTESIAN_POINT('Ctrl Pts',(4.36467064052335,7.35787990270023,3.95106009842449));
#7413=CARTESIAN_POINT('Ctrl Pts',(5.13780811406232,9.22716116157938,3.95580672997891));
#7414=CARTESIAN_POINT('Ctrl Pts',(7.7415025285609,12.7959061707563,3.96543045641244));
#7415=CARTESIAN_POINT('Ctrl Pts',(11.7381292160289,14.5421214285861,3.9750258943504));
#7416=CARTESIAN_POINT('Ctrl Pts',(13.9391614170408,14.598353874946,3.9798884973652));
#7417=CARTESIAN_POINT('Ctrl Pts',(4.49799725343687,7.19069361815178,4.));
#7418=CARTESIAN_POINT('Ctrl Pts',(5.25787052557966,9.07586429609169,4.));
#7419=CARTESIAN_POINT('Ctrl Pts',(7.83476298094205,12.6772258703932,4.));
#7420=CARTESIAN_POINT('Ctrl Pts',(11.8052189841627,14.4571029093466,4.));
#7421=CARTESIAN_POINT('Ctrl Pts',(13.9933755628286,14.5303714863879,4.));
#7422=CARTESIAN_POINT('Ctrl Pts',(4.55700482264415,7.11670046674396,4.));
#7423=CARTESIAN_POINT('Ctrl Pts',(5.31180255700645,9.00823566775293,4.));
#7424=CARTESIAN_POINT('Ctrl Pts',(7.87838190530163,12.6225294692748,4.));
#7425=CARTESIAN_POINT('Ctrl Pts',(11.8385248014551,14.4153387354485,4.));
#7426=CARTESIAN_POINT('Ctrl Pts',(14.0214438108343,14.4951750166411,4.));
#7427=CARTESIAN_POINT('Ctrl Pts',(11.9121336623044,14.1545424373731,4.));
#7428=CARTESIAN_POINT('Ctrl Pts',(11.9020405859163,14.1630365356833,4.));
#7429=CARTESIAN_POINT('Ctrl Pts',(11.8792734086582,14.1821827330684,3.99955806326669));
#7430=CARTESIAN_POINT('Ctrl Pts',(11.8295266341202,14.2236780402024,3.98725422870426));
#7431=CARTESIAN_POINT('Ctrl Pts',(11.8092170718254,14.2405418972246,3.97964596572636));
#7432=CARTESIAN_POINT('Ctrl Pts',(11.7412805487795,14.2967226621766,3.9445340503269));
#7433=CARTESIAN_POINT('Ctrl Pts',(11.7091102278955,14.3229628773031,3.91032163060682));
#7434=CARTESIAN_POINT('Ctrl Pts',(11.6578441618927,14.364767086368,3.84801466730419));
#7435=CARTESIAN_POINT('Ctrl Pts',(11.6397526622098,14.3793716969885,3.80761141651977));
#7436=CARTESIAN_POINT('Ctrl Pts',(11.616669852894,14.3980295664637,3.74487125799162));
#7437=CARTESIAN_POINT('Ctrl Pts',(11.6086904903325,14.4044546768425,3.7081700919738));
#7438=CARTESIAN_POINT('Ctrl Pts',(11.6043641668026,14.4079401183029,3.63834315444475));
#7439=CARTESIAN_POINT('Ctrl Pts',(11.6060995004407,14.4065434370736,3.60632342091214));
#7440=CARTESIAN_POINT('Ctrl Pts',(11.6242768937848,14.3918893162364,3.50209202106373));
#7441=CARTESIAN_POINT('Ctrl Pts',(11.6637965010747,14.3629415976847,3.44695329280951));
#7442=CARTESIAN_POINT('Ctrl Pts',(12.0372506839054,14.0495860296914,2.51225957502405));
#7443=CARTESIAN_POINT('Ctrl Pts',(12.1921151747675,13.9178368539916,2.10415163813069));
#7444=CARTESIAN_POINT('Ctrl Pts',(12.8861409518392,13.2881673698125,0.71039456268537));
#7445=CARTESIAN_POINT('Ctrl Pts',(13.4420126675,12.7401593122634,-0.0665015525398578));
#7446=CARTESIAN_POINT('Ctrl Pts',(14.6721602049843,11.3142861640158,-1.54961029900623));
#7447=CARTESIAN_POINT('Ctrl Pts',(15.3598043253042,10.3763873911981,-2.23591213322574));
#7448=CARTESIAN_POINT('Ctrl Pts',(16.2213364718821,8.91126682741077,-3.04542026841324));
#7449=CARTESIAN_POINT('Ctrl Pts',(16.4786564177911,8.42706755122584,-3.2750868460716));
#7450=CARTESIAN_POINT('Ctrl Pts',(16.8314486294462,7.68263497549017,-3.57130755188726));
#7451=CARTESIAN_POINT('Ctrl Pts',(16.9382244084431,7.44409959628097,-3.65723449223429));
#7452=CARTESIAN_POINT('Ctrl Pts',(17.0907072684357,7.0834177339974,-3.78386991709905));
#7453=CARTESIAN_POINT('Ctrl Pts',(17.1401813668405,6.96283836287017,-3.82572498349767));
#7454=CARTESIAN_POINT('Ctrl Pts',(17.2255343646803,6.74841437336839,-3.90158761623481));
#7455=CARTESIAN_POINT('Ctrl Pts',(17.2362145249082,6.72068608194772,-3.91269656675));
#7456=CARTESIAN_POINT('Ctrl Pts',(17.27313500007,6.62494985585037,-3.94340121904587));
#7457=CARTESIAN_POINT('Ctrl Pts',(17.2866705587284,6.58955080981559,-3.9542075651354));
#7458=CARTESIAN_POINT('Ctrl Pts',(17.3095401317229,6.52922270706876,-3.97185189389532));
#7459=CARTESIAN_POINT('Ctrl Pts',(17.3214468135336,6.49756448971954,-3.98074828358322));
#7460=CARTESIAN_POINT('Ctrl Pts',(17.3317268407035,6.47002663976255,-3.98745847361172));
#7461=CARTESIAN_POINT('Origin',(0.,-20.1994788109927,5.25));
#7462=CARTESIAN_POINT('',(18.2863095708111,-7.99999999999998,5.25));
#7463=CARTESIAN_POINT('',(13.8954488933955,-5.46493540591995,5.25));
#7464=CARTESIAN_POINT('',(18.2863095708111,-7.99999999999998,5.25));
#7465=CARTESIAN_POINT('',(20.,-7.99999999999998,5.25));
#7466=CARTESIAN_POINT('',(16.,20.,5.25));
#7467=CARTESIAN_POINT('Origin',(16.,16.,5.25));
#7468=CARTESIAN_POINT('',(-16.,20.,5.25));
#7469=CARTESIAN_POINT('',(16.,20.,5.25));
#7470=CARTESIAN_POINT('',(-20.,16.,5.25));
#7471=CARTESIAN_POINT('Origin',(-16.,16.,5.25));
#7472=CARTESIAN_POINT('',(-20.,-16.,5.25));
#7473=CARTESIAN_POINT('',(-20.,16.,5.25));
#7474=CARTESIAN_POINT('',(-16.,-20.,5.25));
#7475=CARTESIAN_POINT('Origin',(-16.,-16.,5.25));
#7476=CARTESIAN_POINT('',(16.,-20.,5.25));
#7477=CARTESIAN_POINT('',(-16.,-20.,5.25));
#7478=CARTESIAN_POINT('Origin',(16.,-16.,5.25));
#7479=CARTESIAN_POINT('',(20.,-9.15999999999998,5.25));
#7480=CARTESIAN_POINT('',(17.3647680350736,-13.,5.25));
#7481=CARTESIAN_POINT('Origin',(17.3647680350736,-12.2911859692882,5.25));
#7482=CARTESIAN_POINT('',(11.5,-9.61397459621555,5.25));
#7483=CARTESIAN_POINT('',(11.,-10.48,5.25));
#7484=CARTESIAN_POINT('',(-15.8350876221132,-9.99999999999994,5.25));
#7485=CARTESIAN_POINT('Origin',(-15.8350876221132,-10.4999999999999,5.25));
#7486=CARTESIAN_POINT('',(-15.8350876221132,-9.99999999999994,5.25));
#7487=CARTESIAN_POINT('',(9.96908755423228,-0.785680174149124,5.25));
#7488=CARTESIAN_POINT('',(-17.7834192437788,-7.99999999999994,5.25));
#7489=CARTESIAN_POINT('',(-7.34846922834956,-7.99999999999998,5.25));
#7490=CARTESIAN_POINT('Origin',(-3.77475828372553E-14,4.44089209850063E-14,
5.24999999999998));
#7491=CARTESIAN_POINT('',(-0.742710226787729,18.7135881519025,5.25));
#7492=CARTESIAN_POINT('',(14.8,-3.89820693123827,5.25));
#7493=CARTESIAN_POINT('',(14.8,-3.89820693123827,5.25));
#7494=CARTESIAN_POINT('',(-3.2539686161007,10.3639610306789,5.25));
#7495=CARTESIAN_POINT('Origin',(-2.82095591420849,10.1139610306789,5.25));
#7496=CARTESIAN_POINT('',(-3.2539686161007,10.3639610306789,5.25));
#7497=CARTESIAN_POINT('',(17.8824741072516,-5.67787418683001,5.25));
#7498=CARTESIAN_POINT('Origin',(18.1824741072516,-5.1582589445593,5.25));
#7499=CARTESIAN_POINT('',(17.8824741072516,-5.67787418683001,5.25));
#7500=CARTESIAN_POINT('Origin',(0.,-9.501,-5.25));
#7501=CARTESIAN_POINT('Origin',(3.88578058618805E-13,3.65263375101677E-13,
0.00012631325848389));
#7502=CARTESIAN_POINT('Origin',(-7.32747196252603E-14,-6.99440505513849E-14,
0.000126313258455579));
#7503=CARTESIAN_POINT('Origin',(2.86715096109447E-13,-6.86117829218347E-13,
0.000126313258518862));
#7504=CARTESIAN_POINT('Origin',(1.55431223447522E-14,-1.19904086659517E-13,
0.000126313258614896));
#7505=CARTESIAN_POINT('Origin',(3.86357612569554E-13,1.08524300657109E-13,
0.000126313258594912));
#7506=CARTESIAN_POINT('Origin',(-5.19584375524573E-13,4.37427871702312E-13,
0.00012631325855883));
#7507=CARTESIAN_POINT('Origin',(1.48769885299771E-13,2.59792187762287E-13,
0.000126313258599908));
#7508=CARTESIAN_POINT('Origin',(-4.70148213231604,11.8567940759513,4.749));
#7509=CARTESIAN_POINT('Origin',(-0.64523111224337,14.8824269309702,4.749));
#7510=CARTESIAN_POINT('',(-3.2539686161007,10.3639610306789,4.75));
#7511=CARTESIAN_POINT('Origin',(-2.82095591420852,10.1139610306789,5.));
#7512=CARTESIAN_POINT('Origin',(0.,-20.001,-5.25));
#7513=CARTESIAN_POINT('',(-20.,-16.,-5.25));
#7514=CARTESIAN_POINT('',(-16.,-20.,-5.25));
#7515=CARTESIAN_POINT('Origin',(-16.,-16.,-5.25));
#7516=CARTESIAN_POINT('',(-20.,16.,-5.25));
#7517=CARTESIAN_POINT('',(-20.,16.,-5.25));
#7518=CARTESIAN_POINT('',(-16.,20.,-5.25));
#7519=CARTESIAN_POINT('Origin',(-16.,16.,-5.25));
#7520=CARTESIAN_POINT('',(16.,20.,-5.25));
#7521=CARTESIAN_POINT('',(16.,20.,-5.25));
#7522=CARTESIAN_POINT('Origin',(16.,16.,-5.25));
#7523=CARTESIAN_POINT('',(16.,-20.,-5.25));
#7524=CARTESIAN_POINT('Origin',(16.,-16.,-5.25));
#7525=CARTESIAN_POINT('',(-16.,-20.,-5.25));
#7526=CARTESIAN_POINT('Origin',(-16.,-16.,0.));
#7527=CARTESIAN_POINT('',(-16.,-20.,5.25));
#7528=CARTESIAN_POINT('',(-20.,-16.,5.25));
#7529=CARTESIAN_POINT('Origin',(0.,-20.,-5.251));
#7530=CARTESIAN_POINT('',(16.,-20.,5.25));
#7531=CARTESIAN_POINT('Origin',(16.,-16.,-1.11022302462516E-15));
#7532=CARTESIAN_POINT('Origin',(16.,16.,-1.11022302462516E-15));
#7533=CARTESIAN_POINT('',(16.,20.,5.25));
#7534=CARTESIAN_POINT('Origin',(0.,20.,-5.251));
#7535=CARTESIAN_POINT('',(-16.,20.,5.25));
#7536=CARTESIAN_POINT('Origin',(-16.,16.,-1.11022302462516E-15));
#7537=CARTESIAN_POINT('',(-20.,16.,5.25));
#7538=CARTESIAN_POINT('Origin',(-20.,-16.001,0.));
#7539=CARTESIAN_POINT('Origin',(6.66133814775094E-15,-1.47881706880071E-12,
4.80000000000141));
#7540=CARTESIAN_POINT('Origin',(167.625197359357,-8.32066303661917,208.547636710662));
#7541=CARTESIAN_POINT('Origin',(-8.61684396980707,-10.0806875081152,4.75));
#7542=CARTESIAN_POINT('',(-7.34846922834956,-7.99999999999998,4.75));
#7543=CARTESIAN_POINT('',(-15.8350876221132,-9.99999999999994,4.75));
#7544=CARTESIAN_POINT('',(-15.8350876221132,-9.99999999999994,4.75));
#7545=CARTESIAN_POINT('Origin',(-15.8350876221131,-10.5000000000001,4.75));
#7546=CARTESIAN_POINT('Origin',(-7.91754381105662,-9.99999999999997,4.749));
#7547=CARTESIAN_POINT('',(-15.8350876221132,-9.99999999999994,4.75));
#7548=CARTESIAN_POINT('Origin',(-15.8350876221132,-10.4999999999999,5.));
#7549=CARTESIAN_POINT('Origin',(-12.5659442360642,-7.99999999999996,4.749));
#7550=CARTESIAN_POINT('Origin',(0.,-9.601,5.15));
#7551=CARTESIAN_POINT('Origin',(0.,-9.401,5.25));
#7552=CARTESIAN_POINT('Origin',(12.2902361713657,-0.907186871900265,4.249));
#7553=CARTESIAN_POINT('',(14.8,-3.89820693123827,4.25));
#7554=CARTESIAN_POINT('Origin',(16.3412370536258,-4.78804055903414,4.249));
#7555=CARTESIAN_POINT('',(17.8824741072516,-5.67787418683001,4.25));
#7556=CARTESIAN_POINT('Origin',(18.1824741072515,-5.15825894455956,4.75));
#7557=CARTESIAN_POINT('Origin',(12.5876894064846,-11.3966529062234,4.249));
#7558=CARTESIAN_POINT('Origin',(11.9322682238139,-3.12530779003454,4.249));
#7559=CARTESIAN_POINT('',(13.8954488933955,-5.46493540591995,4.65));
#7560=CARTESIAN_POINT('Origin',(16.0908792321033,-6.73246770295997,4.649));
#7561=CARTESIAN_POINT('',(18.2863095708111,-7.99999999999998,4.65));
#7562=CARTESIAN_POINT('Origin',(18.2853095708111,-7.99999999999998,4.95));
#7563=CARTESIAN_POINT('Origin',(14.4323840175368,-11.3069872981078,4.649));
#7564=CARTESIAN_POINT('',(17.3647680350736,-13.,5.05));
#7565=CARTESIAN_POINT('Origin',(17.3647680350736,-12.2911859692881,5.15));
#7566=CARTESIAN_POINT('Origin',(18.999,-9.15999999999998,5.15));
#7567=UNCERTAINTY_MEASURE_WITH_UNIT(LENGTH_MEASURE(0.01),#7571,
'DISTANCE_ACCURACY_VALUE',
'Maximum model space distance between geometric entities at asserted c
onnectivities');
#7568=UNCERTAINTY_MEASURE_WITH_UNIT(LENGTH_MEASURE(0.01),#7571,
'DISTANCE_ACCURACY_VALUE',
'Maximum model space distance between geometric entities at asserted c
onnectivities');
#7569=(
GEOMETRIC_REPRESENTATION_CONTEXT(3)
GLOBAL_UNCERTAINTY_ASSIGNED_CONTEXT((#7567))
GLOBAL_UNIT_ASSIGNED_CONTEXT((#7571,#7573,#7574))
REPRESENTATION_CONTEXT('','3D')
);
#7570=(
GEOMETRIC_REPRESENTATION_CONTEXT(3)
GLOBAL_UNCERTAINTY_ASSIGNED_CONTEXT((#7568))
GLOBAL_UNIT_ASSIGNED_CONTEXT((#7571,#7573,#7574))
REPRESENTATION_CONTEXT('','3D')
);
#7571=(
LENGTH_UNIT()
NAMED_UNIT(*)
SI_UNIT(.MILLI.,.METRE.)
);
#7572=(
LENGTH_UNIT()
NAMED_UNIT(*)
SI_UNIT(.CENTI.,.METRE.)
);
#7573=(
NAMED_UNIT(*)
PLANE_ANGLE_UNIT()
SI_UNIT($,.RADIAN.)
);
#7574=(
NAMED_UNIT(*)
SI_UNIT($,.STERADIAN.)
SOLID_ANGLE_UNIT()
);
#7575=SHAPE_DEFINITION_REPRESENTATION(#7576,#7577);
#7576=PRODUCT_DEFINITION_SHAPE('',$,#7579);
#7577=SHAPE_REPRESENTATION('',(#1362),#7569);
#7578=PRODUCT_DEFINITION_CONTEXT('part definition',#7583,'design');
#7579=PRODUCT_DEFINITION('4010 Axial Fan','4010 Axial Fan',#7580,#7578);
#7580=PRODUCT_DEFINITION_FORMATION('',$,#7585);
#7581=PRODUCT_RELATED_PRODUCT_CATEGORY('4010 Axial Fan',
'4010 Axial Fan',(#7585));
#7582=APPLICATION_PROTOCOL_DEFINITION('international standard',
'automotive_design',2009,#7583);
#7583=APPLICATION_CONTEXT(
'Core Data for Automotive Mechanical Design Process');
#7584=PRODUCT_CONTEXT('part definition',#7583,'mechanical');
#7585=PRODUCT('4010 Axial Fan','4010 Axial Fan',$,(#7584));
#7586=PRESENTATION_STYLE_ASSIGNMENT((#7588));
#7587=PRESENTATION_STYLE_ASSIGNMENT((#7589));
#7588=SURFACE_STYLE_USAGE(.BOTH.,#7594);
#7589=SURFACE_STYLE_USAGE(.BOTH.,#7595);
#7590=SURFACE_STYLE_RENDERING_WITH_PROPERTIES($,#7602,(#7592));
#7591=SURFACE_STYLE_RENDERING_WITH_PROPERTIES($,#7603,(#7593));
#7592=SURFACE_STYLE_TRANSPARENT(0.);
#7593=SURFACE_STYLE_TRANSPARENT(0.);
#7594=SURFACE_SIDE_STYLE('',(#7596,#7590));
#7595=SURFACE_SIDE_STYLE('',(#7597,#7591));
#7596=SURFACE_STYLE_FILL_AREA(#7598);
#7597=SURFACE_STYLE_FILL_AREA(#7599);
#7598=FILL_AREA_STYLE('',(#7600));
#7599=FILL_AREA_STYLE('',(#7601));
#7600=FILL_AREA_STYLE_COLOUR('',#7602);
#7601=FILL_AREA_STYLE_COLOUR('',#7603);
#7602=COLOUR_RGB('',0.749019607843137,0.749019607843137,0.749019607843137);
#7603=COLOUR_RGB('',0.0980392156862745,0.0980392156862745,0.0980392156862745);
ENDSEC;
END-ISO-10303-21;
